time,balance,equity
2025-09-01 01:00:00,10000.0,10000.0
2025-09-01 02:00:00,10000.0,10000.0
2025-09-01 03:00:00,10000.0,10000.0
2025-09-01 04:00:00,10000.0,10000.0
2025-09-01 05:00:00,10000.0,10000.0
2025-09-01 06:00:00,10000.0,10000.0
2025-09-01 07:00:00,10000.0,10000.0
2025-09-01 08:00:00,10000.0,10000.0
2025-09-01 09:00:00,10000.0,10000.0
2025-09-01 10:00:00,10000.0,10000.0
2025-09-01 11:00:00,10000.0,10000.0
2025-09-01 12:00:00,10000.0,10000.0
2025-09-01 13:00:00,10000.0,10000.0
2025-09-01 14:00:00,10000.0,10000.0
2025-09-01 15:00:00,10000.0,10000.0
2025-09-01 16:00:00,10000.0,10000.0
2025-09-01 17:00:00,10000.0,10000.0
2025-09-01 18:00:00,10039.339999999998,10113.74
2025-09-01 19:00:00,10039.339999999998,10147.819999999994
2025-09-01 20:00:00,10094.64,10125.689999999999
2025-09-01 21:00:00,10094.64,10118.669999999996
2025-09-02 01:29:00,10095.99,10112.91
2025-09-02 02:29:00,10095.09,10095.09
2025-09-02 03:29:00,10095.09,10095.09
2025-09-02 04:29:00,10095.09,10095.09
2025-09-02 05:29:00,10095.09,10095.09
2025-09-02 06:29:00,10095.09,10095.09
2025-09-02 07:29:00,10095.09,10095.09
2025-09-02 08:29:00,10095.09,10095.09
2025-09-02 09:29:00,10095.09,10095.09
2025-09-02 10:29:00,10095.09,10095.09
2025-09-02 11:29:00,10095.09,10095.09
2025-09-02 12:29:00,10095.09,10095.09
2025-09-02 13:29:00,10095.09,10095.09
2025-09-02 14:29:00,10095.09,10095.09
2025-09-02 15:29:00,10095.09,10095.09
2025-09-02 16:29:00,10095.09,10095.09
2025-09-02 17:29:00,10095.09,10095.09
2025-09-02 18:29:00,10095.09,10095.09
2025-09-02 19:29:00,10095.09,10095.09
2025-09-02 20:29:00,10095.09,10095.09
2025-09-02 21:29:00,10095.09,10095.09
2025-09-02 22:29:00,10095.09,10095.09
2025-09-02 23:29:00,10095.09,10095.09
2025-09-03 01:30:00,10095.09,10095.09
2025-09-03 02:30:00,10093.76,10028.969999999994
2025-09-03 03:30:00,10182.959999999997,10213.829999999996
2025-09-03 04:30:00,10182.959999999997,10239.869999999995
2025-09-03 05:30:00,10182.959999999997,10246.869999999995
2025-09-03 06:30:00,10182.259999999995,10182.259999999995
2025-09-03 07:30:00,10182.259999999995,10182.259999999995
2025-09-03 08:30:00,10182.259999999995,10182.259999999995
2025-09-03 09:30:00,10182.259999999995,10182.259999999995
2025-09-03 10:30:00,10182.259999999995,10182.259999999995
2025-09-03 11:30:00,10182.259999999995,10182.259999999995
2025-09-03 12:30:00,10182.259999999995,10182.259999999995
2025-09-03 13:30:00,10182.259999999995,10182.259999999995
2025-09-03 14:30:00,10182.259999999995,10182.259999999995
2025-09-03 15:30:00,10182.259999999995,10182.259999999995
2025-09-03 16:30:00,10182.259999999995,10182.259999999995
2025-09-03 17:30:00,10182.259999999995,10182.259999999995
2025-09-03 18:30:00,10182.259999999995,10182.259999999995
2025-09-03 19:30:00,10182.259999999995,10182.259999999995
2025-09-03 20:30:00,10182.259999999995,10182.259999999995
2025-09-03 21:30:00,10182.259999999995,10182.259999999995
2025-09-03 22:30:00,10182.259999999995,10182.259999999995
2025-09-03 23:30:00,10182.259999999995,10182.259999999995
2025-09-04 01:31:00,10182.259999999995,10182.259999999995
2025-09-04 02:31:00,10182.259999999995,10182.259999999995
2025-09-04 03:31:00,10182.259999999995,10182.259999999995
2025-09-04 04:31:00,10182.259999999995,10182.259999999995
2025-09-04 05:31:00,10182.259999999995,10182.259999999995
2025-09-04 06:31:00,10182.259999999995,10182.259999999995
2025-09-04 07:31:00,10182.259999999995,10182.259999999995
2025-09-04 08:31:00,10182.259999999995,10182.259999999995
2025-09-04 09:31:00,10182.259999999995,10182.259999999995
2025-09-04 10:31:00,10182.259999999995,10182.259999999995
2025-09-04 11:31:00,10182.259999999995,10182.259999999995
2025-09-04 12:31:00,10182.259999999995,10182.259999999995
2025-09-04 13:31:00,10182.259999999995,10182.259999999995
2025-09-04 14:31:00,10182.259999999995,10182.259999999995
2025-09-04 15:31:00,10182.259999999995,10182.259999999995
2025-09-04 16:31:00,10182.259999999995,10182.259999999995
2025-09-04 17:31:00,10182.259999999995,10182.259999999995
2025-09-04 18:31:00,10182.259999999995,10182.259999999995
2025-09-04 19:31:00,10182.259999999995,10182.259999999995
2025-09-04 20:31:00,10182.259999999995,10182.259999999995
2025-09-04 21:31:00,10182.259999999995,10182.259999999995
2025-09-04 22:31:00,10182.259999999995,10182.259999999995
2025-09-04 23:31:00,10182.259999999995,10182.259999999995
2025-09-05 01:32:00,10182.259999999995,10182.259999999995
2025-09-05 02:32:00,10182.259999999995,10182.259999999995
2025-09-05 03:32:00,10182.259999999995,10182.259999999995
2025-09-05 04:32:00,10182.259999999995,10182.259999999995
2025-09-05 05:32:00,10182.259999999995,10182.259999999995
2025-09-05 06:32:00,10182.259999999995,10182.259999999995
2025-09-05 07:32:00,10182.259999999995,10182.259999999995
2025-09-05 08:32:00,10182.259999999995,10182.259999999995
2025-09-05 09:32:00,10182.259999999995,10182.259999999995
2025-09-05 10:32:00,10182.259999999995,10182.259999999995
2025-09-05 11:32:00,10182.259999999995,10182.259999999995
2025-09-05 12:32:00,10182.259999999995,10182.259999999995
2025-09-05 13:32:00,10182.259999999995,10182.259999999995
2025-09-05 14:32:00,10182.259999999995,10182.259999999995
2025-09-05 15:32:00,10182.259999999995,10182.259999999995
2025-09-05 16:32:00,10182.259999999995,10182.259999999995
2025-09-05 17:32:00,10182.259999999995,10182.259999999995
2025-09-05 18:32:00,10182.259999999995,10182.259999999995
2025-09-05 19:32:00,10182.259999999995,10182.259999999995
2025-09-05 20:32:00,10182.259999999995,10182.259999999995
2025-09-05 21:32:00,10182.259999999995,10182.259999999995
2025-09-05 22:32:00,10182.259999999995,10182.259999999995
2025-09-05 23:32:00,10182.259999999995,10182.259999999995
2025-09-08 01:33:00,10182.259999999995,10182.259999999995
2025-09-08 02:33:00,10193.39,10193.39
2025-09-08 03:33:00,10193.39,10193.39
2025-09-08 04:33:00,10193.39,10193.39
2025-09-08 05:33:00,10193.39,10193.39
2025-09-08 06:33:00,10193.39,10193.39
2025-09-08 07:33:00,10193.39,10193.39
2025-09-08 08:33:00,10193.39,10193.39
2025-09-08 09:33:00,10193.39,10193.39
2025-09-08 10:33:00,10193.39,10193.39
2025-09-08 11:33:00,10193.39,10193.39
2025-09-08 12:33:00,10193.39,10193.39
2025-09-08 13:33:00,10193.39,10193.39
2025-09-08 14:33:00,10193.39,10193.39
2025-09-08 15:33:00,10193.39,10193.39
2025-09-08 16:33:00,10193.39,10193.39
2025-09-08 17:33:00,10193.39,10193.39
2025-09-08 18:33:00,10193.39,10193.39
2025-09-08 19:33:00,10193.39,10193.39
2025-09-08 20:33:00,10193.39,10193.39
2025-09-08 21:33:00,10193.39,10193.39
2025-09-08 22:33:00,10193.39,10193.39
2025-09-08 23:33:00,10193.39,10193.39
2025-09-09 01:34:00,10193.39,10193.39
2025-09-09 02:34:00,10193.39,10193.39
2025-09-09 03:34:00,10193.39,10193.39
2025-09-09 04:34:00,10193.39,10193.39
2025-09-09 05:34:00,10193.39,10193.39
2025-09-09 06:34:00,10193.39,10193.39
2025-09-09 07:34:00,10193.39,10193.39
2025-09-09 08:34:00,10193.39,10193.39
2025-09-09 09:34:00,10193.39,10193.39
2025-09-09 10:34:00,10193.39,10193.39
2025-09-09 11:34:00,10193.39,10193.39
2025-09-09 12:34:00,10193.39,10193.39
2025-09-09 13:34:00,10193.39,10193.39
2025-09-09 14:34:00,10193.39,10193.39
2025-09-09 15:34:00,10193.39,10193.39
2025-09-09 16:34:00,10193.39,10193.39
2025-09-09 17:34:00,10193.39,10193.39
2025-09-09 18:34:00,10193.39,10193.39
2025-09-09 19:34:00,10193.39,10193.39
2025-09-09 20:34:00,10193.39,10193.39
2025-09-09 21:34:00,10193.39,10193.39
2025-09-09 22:34:00,10193.39,10193.39
2025-09-09 23:34:00,10193.39,10193.39
2025-09-10 01:35:00,10193.39,10193.39
2025-09-10 02:35:00,10193.39,10193.39
2025-09-10 03:35:00,10193.39,10193.39
2025-09-10 04:35:00,10193.39,10193.39
2025-09-10 05:35:00,10193.39,10193.39
2025-09-10 06:35:00,10193.39,10193.39
2025-09-10 07:35:00,10193.39,10193.39
2025-09-10 08:35:00,10193.39,10193.39
2025-09-10 09:35:00,10193.39,10193.39
2025-09-10 10:35:00,10193.39,10193.39
2025-09-10 11:35:00,10193.39,10193.39
2025-09-10 12:35:00,10193.39,10193.39
2025-09-10 13:35:00,10193.39,10193.39
2025-09-10 14:35:00,10204.43,10259.63
2025-09-10 15:35:00,10228.61,10290.890000000001
2025-09-10 16:35:00,10277.0,10312.22
2025-09-10 17:35:00,10277.0,10290.02
2025-09-10 18:35:00,10277.0,10347.26
2025-09-10 19:35:00,10277.0,10377.560000000001
2025-09-10 20:35:00,10277.0,10346.54
2025-09-10 21:35:00,10277.0,10334.78
2025-09-10 22:35:00,10277.0,10399.64
2025-09-10 23:35:00,10277.0,10382.300000000001
2025-09-11 01:36:00,10277.9,10377.080000000002
2025-09-11 02:36:00,10277.9,10364.48
2025-09-11 03:36:00,10277.9,10356.319999999998
2025-09-11 04:36:00,10277.9,10359.859999999999
2025-09-11 05:36:00,10277.9,10394.0
2025-09-11 06:36:00,10277.9,10427.96
2025-09-11 07:36:00,10277.9,10428.319999999998
2025-09-11 08:36:00,10277.9,10431.859999999999
2025-09-11 09:36:00,10471.460000000001,10471.460000000001
2025-09-11 10:36:00,10471.460000000001,10471.460000000001
2025-09-11 11:36:00,10471.460000000001,10471.460000000001
2025-09-11 12:36:00,10471.460000000001,10471.460000000001
2025-09-11 13:36:00,10471.460000000001,10471.460000000001
2025-09-11 14:36:00,10471.460000000001,10471.460000000001
2025-09-11 15:36:00,10471.460000000001,10471.460000000001
2025-09-11 16:36:00,10471.460000000001,10471.460000000001
2025-09-11 17:36:00,10471.460000000001,10471.460000000001
2025-09-11 18:36:00,10471.460000000001,10471.460000000001
2025-09-11 19:36:00,10471.460000000001,10471.460000000001
2025-09-11 20:36:00,10471.460000000001,10471.460000000001
2025-09-11 21:36:00,10471.460000000001,10471.460000000001
2025-09-11 22:36:00,10471.460000000001,10471.460000000001
2025-09-11 23:36:00,10471.460000000001,10471.460000000001
2025-09-12 01:37:00,10471.460000000001,10471.460000000001
2025-09-12 02:37:00,10471.460000000001,10471.460000000001
2025-09-12 03:37:00,10471.460000000001,10471.460000000001
2025-09-12 04:37:00,10471.460000000001,10471.460000000001
2025-09-12 05:37:00,10471.460000000001,10471.460000000001
2025-09-12 06:37:00,10481.450000000006,10481.450000000006
2025-09-12 07:37:00,10481.450000000006,10481.450000000006
2025-09-12 08:37:00,10481.450000000006,10481.450000000006
2025-09-12 09:37:00,10481.450000000006,10481.450000000006
2025-09-12 10:37:00,10481.450000000006,10481.450000000006
2025-09-12 11:37:00,10481.450000000006,10481.450000000006
2025-09-12 12:37:00,10481.450000000006,10481.450000000006
2025-09-12 13:37:00,10481.450000000006,10481.450000000006
2025-09-12 14:37:00,10481.450000000006,10481.450000000006
2025-09-12 15:37:00,10481.450000000006,10481.450000000006
2025-09-12 16:37:00,10481.450000000006,10481.450000000006
2025-09-12 17:37:00,10481.450000000006,10481.450000000006
2025-09-12 18:37:00,10480.540000000006,10488.470000000008
2025-09-12 19:37:00,10480.540000000006,10491.720000000008
2025-09-12 20:37:00,10480.540000000006,10530.200000000008
2025-09-12 21:37:00,10480.540000000006,10510.18000000001
2025-09-12 22:37:00,10480.540000000006,10462.730000000007
2025-09-12 23:37:00,10480.540000000006,10429.060000000005
2025-09-15 01:38:00,10474.040000000006,10412.94000000001
2025-09-15 02:38:00,10373.030000000008,10373.030000000008
2025-09-15 03:38:00,10373.030000000008,10373.030000000008
2025-09-15 04:38:00,10373.030000000008,10373.030000000008
2025-09-15 05:38:00,10373.030000000008,10373.030000000008
2025-09-15 06:38:00,10373.030000000008,10373.030000000008
2025-09-15 07:38:00,10373.030000000008,10373.030000000008
2025-09-15 08:38:00,10373.030000000008,10373.030000000008
2025-09-15 09:38:00,10373.030000000008,10373.030000000008
2025-09-15 10:38:00,10373.030000000008,10373.030000000008
2025-09-15 11:38:00,10373.030000000008,10373.030000000008
2025-09-15 12:38:00,10373.030000000008,10373.030000000008
2025-09-15 13:38:00,10373.030000000008,10373.030000000008
2025-09-15 14:38:00,10373.030000000008,10373.030000000008
2025-09-15 15:38:00,10373.030000000008,10373.030000000008
2025-09-15 16:38:00,10373.030000000008,10373.030000000008
2025-09-15 17:38:00,10373.030000000008,10373.030000000008
2025-09-15 18:38:00,10373.030000000008,10373.030000000008
2025-09-15 19:38:00,10373.030000000008,10373.030000000008
2025-09-15 20:38:00,10373.030000000008,10373.030000000008
2025-09-15 21:38:00,10373.030000000008,10373.030000000008
2025-09-15 22:38:00,10373.030000000008,10373.030000000008
2025-09-15 23:38:00,10373.030000000008,10373.030000000008
2025-09-16 01:39:00,10414.920000000006,10498.100000000004
2025-09-16 02:39:00,10414.920000000006,10493.140000000005
2025-09-16 03:39:00,10475.870000000006,10569.410000000007
2025-09-16 04:39:00,10488.940000000006,10546.090000000004
2025-09-16 05:39:00,10488.940000000006,10544.090000000004
2025-09-16 06:39:00,10488.440000000006,10538.340000000006
2025-09-16 07:39:00,10488.440000000006,10526.740000000005
2025-09-16 08:39:00,10488.440000000006,10538.640000000007
2025-09-16 09:39:00,10488.440000000006,10562.790000000005
2025-09-16 10:39:00,10488.440000000006,10566.040000000006
2025-09-16 11:39:00,10488.440000000006,10592.790000000005
2025-09-16 12:39:00,10610.340000000007,10610.340000000007
2025-09-16 13:39:00,10610.340000000007,10610.340000000007
2025-09-16 14:39:00,10610.340000000007,10610.340000000007
2025-09-16 15:39:00,10610.340000000007,10610.340000000007
2025-09-16 16:39:00,10610.340000000007,10610.340000000007
2025-09-16 17:39:00,10610.340000000007,10610.340000000007
2025-09-16 18:39:00,10610.340000000007,10610.340000000007
2025-09-16 19:39:00,10610.340000000007,10610.340000000007
2025-09-16 20:39:00,10610.340000000007,10610.340000000007
2025-09-16 21:39:00,10610.340000000007,10610.340000000007
2025-09-16 22:39:00,10610.340000000007,10610.340000000007
2025-09-16 23:39:00,10610.340000000007,10610.340000000007
2025-09-17 01:40:00,10610.340000000007,10610.340000000007
2025-09-17 02:40:00,10610.340000000007,10610.340000000007
2025-09-17 03:40:00,10610.340000000007,10610.340000000007
2025-09-17 04:40:00,10610.340000000007,10610.340000000007
2025-09-17 05:40:00,10610.340000000007,10610.340000000007
2025-09-17 06:40:00,10628.510000000004,10628.510000000004
2025-09-17 07:40:00,10628.510000000004,10628.510000000004
2025-09-17 08:40:00,10628.510000000004,10628.510000000004
2025-09-17 09:40:00,10628.510000000004,10628.510000000004
2025-09-17 10:40:00,10628.510000000004,10628.510000000004
2025-09-17 11:40:00,10628.510000000004,10628.510000000004
2025-09-17 12:40:00,10628.510000000004,10628.510000000004
2025-09-17 13:40:00,10628.510000000004,10628.510000000004
2025-09-17 14:40:00,10628.510000000004,10628.510000000004
2025-09-17 15:40:00,10628.510000000004,10628.510000000004
2025-09-17 16:40:00,10628.510000000004,10628.510000000004
2025-09-17 17:40:00,10628.510000000004,10628.510000000004
2025-09-17 18:40:00,10628.510000000004,10628.510000000004
2025-09-17 19:40:00,10628.510000000004,10628.510000000004
2025-09-17 20:40:00,10628.510000000004,10628.510000000004
2025-09-17 21:40:00,10628.510000000004,10628.510000000004
2025-09-17 22:40:00,10628.510000000004,10628.510000000004
2025-09-17 23:40:00,10628.510000000004,10628.510000000004
2025-09-18 01:41:00,10628.510000000004,10628.510000000004
2025-09-18 02:41:00,10628.510000000004,10628.510000000004
2025-09-18 03:41:00,10628.510000000004,10628.510000000004
2025-09-18 04:41:00,10628.510000000004,10628.510000000004
2025-09-18 05:41:00,10628.510000000004,10628.510000000004
2025-09-18 06:41:00,10628.510000000004,10628.510000000004
2025-09-18 07:41:00,10628.510000000004,10628.510000000004
2025-09-18 08:41:00,10628.510000000004,10628.510000000004
2025-09-18 09:41:00,10628.510000000004,10628.510000000004
2025-09-18 10:41:00,10551.910000000002,10551.910000000002
2025-09-18 11:41:00,10551.910000000002,10551.910000000002
2025-09-18 12:41:00,10551.910000000002,10551.910000000002
2025-09-18 13:41:00,10551.910000000002,10551.910000000002
2025-09-18 14:41:00,10551.910000000002,10551.910000000002
2025-09-18 15:41:00,10551.910000000002,10551.910000000002
2025-09-18 16:41:00,10551.910000000002,10551.910000000002
2025-09-18 17:41:00,10551.910000000002,10551.910000000002
2025-09-18 18:41:00,10551.910000000002,10551.910000000002
2025-09-18 19:41:00,10551.910000000002,10551.910000000002
2025-09-18 20:41:00,10551.910000000002,10551.910000000002
2025-09-18 21:41:00,10551.910000000002,10551.910000000002
2025-09-18 22:41:00,10551.910000000002,10551.910000000002
2025-09-18 23:41:00,10551.910000000002,10551.910000000002
2025-09-19 01:42:00,10551.910000000002,10551.910000000002
2025-09-19 02:42:00,10551.910000000002,10551.910000000002
2025-09-19 03:42:00,10551.910000000002,10551.910000000002
2025-09-19 04:42:00,10551.910000000002,10551.910000000002
2025-09-19 05:42:00,10551.910000000002,10551.910000000002
2025-09-19 06:42:00,10551.910000000002,10551.910000000002
2025-09-19 07:42:00,10551.910000000002,10551.910000000002
2025-09-19 08:42:00,10551.910000000002,10551.910000000002
2025-09-19 09:42:00,10551.910000000002,10551.910000000002
2025-09-19 10:42:00,10551.910000000002,10551.910000000002
2025-09-19 11:42:00,10551.910000000002,10551.910000000002
2025-09-19 12:42:00,10551.910000000002,10551.910000000002
2025-09-19 13:42:00,10551.910000000002,10551.910000000002
2025-09-19 14:42:00,10551.910000000002,10551.910000000002
2025-09-19 15:42:00,10551.910000000002,10551.910000000002
2025-09-19 16:42:00,10551.910000000002,10551.910000000002
2025-09-19 17:42:00,10551.910000000002,10551.910000000002
2025-09-19 18:42:00,10551.910000000002,10551.910000000002
2025-09-19 19:42:00,10551.910000000002,10551.910000000002
2025-09-19 20:42:00,10551.910000000002,10551.910000000002
2025-09-19 21:42:00,10551.910000000002,10551.910000000002
2025-09-19 22:42:00,10551.910000000002,10551.910000000002
2025-09-19 23:42:00,10551.910000000002,10551.910000000002
2025-09-22 01:43:00,10551.910000000002,10551.910000000002
2025-09-22 02:43:00,10551.910000000002,10551.910000000002
2025-09-22 03:43:00,10551.910000000002,10551.910000000002
2025-09-22 04:43:00,10551.910000000002,10551.910000000002
2025-09-22 05:43:00,10551.910000000002,10551.910000000002
2025-09-22 06:43:00,10551.910000000002,10551.910000000002
2025-09-22 07:43:00,10551.910000000002,10551.910000000002
2025-09-22 08:43:00,10551.910000000002,10551.910000000002
2025-09-22 09:43:00,10551.910000000002,10551.910000000002
2025-09-22 10:43:00,10551.910000000002,10551.910000000002
2025-09-22 11:43:00,10551.910000000002,10551.910000000002
2025-09-22 12:43:00,10551.910000000002,10551.910000000002
2025-09-22 13:43:00,10551.910000000002,10551.910000000002
2025-09-22 14:43:00,10551.910000000002,10551.910000000002
2025-09-22 15:43:00,10551.910000000002,10551.910000000002
2025-09-22 16:43:00,10551.910000000002,10551.910000000002
2025-09-22 17:43:00,10551.910000000002,10551.910000000002
2025-09-22 18:43:00,10551.910000000002,10551.910000000002
2025-09-22 19:43:00,10551.910000000002,10551.910000000002
2025-09-22 20:43:00,10551.910000000002,10551.910000000002
2025-09-22 21:43:00,10551.910000000002,10551.910000000002
2025-09-22 22:43:00,10573.45,10637.769999999986
2025-09-22 23:43:00,10625.499999999996,10734.069999999996
2025-09-23 01:44:00,10527.489999999987,10527.489999999987
2025-09-23 02:44:00,10527.489999999987,10527.489999999987
2025-09-23 03:44:00,10527.489999999987,10527.489999999987
2025-09-23 04:44:00,10527.489999999987,10527.489999999987
2025-09-23 05:44:00,10527.489999999987,10527.489999999987
2025-09-23 06:44:00,10527.489999999987,10527.489999999987
2025-09-23 07:44:00,10527.489999999987,10527.489999999987
2025-09-23 08:44:00,10527.489999999987,10527.489999999987
2025-09-23 09:44:00,10527.489999999987,10527.489999999987
2025-09-23 10:44:00,10527.489999999987,10527.489999999987
2025-09-23 11:44:00,10527.489999999987,10527.489999999987
2025-09-23 12:44:00,10527.489999999987,10527.489999999987
2025-09-23 13:44:00,10527.489999999987,10527.489999999987
2025-09-23 14:44:00,10527.489999999987,10527.489999999987
2025-09-23 15:44:00,10527.489999999987,10527.489999999987
2025-09-23 16:44:00,10527.489999999987,10527.489999999987
2025-09-23 17:44:00,10527.489999999987,10527.489999999987
2025-09-23 18:44:00,10527.489999999987,10527.489999999987
2025-09-23 19:44:00,10535.259999999987,10598.979999999987
2025-09-23 20:44:00,10586.439999999988,10643.239999999989
2025-09-23 21:44:00,10586.439999999988,10655.089999999987
2025-09-23 22:44:00,10479.739999999985,10479.739999999985
2025-09-23 23:44:00,10479.739999999985,10479.739999999985
2025-09-24 01:45:00,10479.739999999985,10479.739999999985
2025-09-24 02:45:00,10479.739999999985,10479.739999999985
2025-09-24 03:45:00,10479.739999999985,10479.739999999985
2025-09-24 04:45:00,10479.739999999985,10479.739999999985
2025-09-24 05:45:00,10479.739999999985,10479.739999999985
2025-09-24 06:45:00,10479.739999999985,10479.739999999985
2025-09-24 07:45:00,10479.739999999985,10479.739999999985
2025-09-24 08:45:00,10479.739999999985,10479.739999999985
2025-09-24 09:45:00,10479.739999999985,10479.739999999985
2025-09-24 10:45:00,10479.739999999985,10479.739999999985
2025-09-24 11:45:00,10479.739999999985,10479.739999999985
2025-09-24 12:45:00,10479.739999999985,10479.739999999985
2025-09-24 13:45:00,10479.739999999985,10479.739999999985
2025-09-24 14:45:00,10479.739999999985,10479.739999999985
2025-09-24 15:45:00,10479.739999999985,10479.739999999985
2025-09-24 16:45:00,10479.739999999985,10479.739999999985
2025-09-24 17:45:00,10479.739999999985,10479.739999999985
2025-09-24 18:45:00,10479.739999999985,10479.739999999985
2025-09-24 19:45:00,10479.739999999985,10479.739999999985
2025-09-24 20:45:00,10479.739999999985,10479.739999999985
2025-09-24 21:45:00,10479.739999999985,10479.739999999985
2025-09-24 22:45:00,10479.739999999985,10479.739999999985
2025-09-24 23:45:00,10479.739999999985,10479.739999999985
2025-09-25 01:46:00,10479.739999999985,10479.739999999985
2025-09-25 02:46:00,10479.739999999985,10479.739999999985
2025-09-25 03:46:00,10479.739999999985,10479.739999999985
2025-09-25 04:46:00,10479.739999999985,10479.739999999985
2025-09-25 05:46:00,10479.739999999985,10479.739999999985
2025-09-25 06:46:00,10479.739999999985,10479.739999999985
2025-09-25 07:46:00,10479.739999999985,10479.739999999985
2025-09-25 08:46:00,10479.739999999985,10479.739999999985
2025-09-25 09:46:00,10479.739999999985,10479.739999999985
2025-09-25 10:46:00,10479.739999999985,10479.739999999985
2025-09-25 11:46:00,10479.739999999985,10479.739999999985
2025-09-25 12:46:00,10479.739999999985,10479.739999999985
2025-09-25 13:46:00,10479.739999999985,10479.739999999985
2025-09-25 14:46:00,10479.739999999985,10479.739999999985
2025-09-25 15:46:00,10479.739999999985,10479.739999999985
2025-09-25 16:46:00,10479.739999999985,10479.739999999985
2025-09-25 17:46:00,10517.909999999983,10573.509999999982
2025-09-25 18:46:00,10517.109999999984,10517.109999999984
2025-09-25 19:46:00,10517.109999999984,10517.109999999984
2025-09-25 20:46:00,10517.109999999984,10517.109999999984
2025-09-25 21:46:00,10413.179999999991,10413.179999999991
2025-09-25 22:46:00,10413.179999999991,10413.179999999991
2025-09-25 23:46:00,10413.179999999991,10413.179999999991
2025-09-26 01:47:00,10413.179999999991,10413.179999999991
2025-09-26 02:47:00,10413.179999999991,10413.179999999991
2025-09-26 03:47:00,10413.179999999991,10413.179999999991
2025-09-26 04:47:00,10413.179999999991,10413.179999999991
2025-09-26 05:47:00,10413.179999999991,10413.179999999991
2025-09-26 06:47:00,10411.429999999991,10385.929999999991
2025-09-26 07:47:00,10411.429999999991,10372.429999999993
2025-09-26 08:47:00,10319.959999999988,10365.159999999993
2025-09-26 09:47:00,10346.759999999991,10346.759999999991
2025-09-26 10:47:00,10346.759999999991,10346.759999999991
2025-09-26 11:47:00,10346.759999999991,10346.759999999991
2025-09-26 12:47:00,10346.759999999991,10346.759999999991
2025-09-26 13:47:00,10346.759999999991,10346.759999999991
2025-09-26 14:47:00,10346.759999999991,10346.759999999991
2025-09-26 15:47:00,10346.759999999991,10346.759999999991
2025-09-26 16:47:00,10346.759999999991,10346.759999999991
2025-09-26 17:47:00,10346.759999999991,10346.759999999991
2025-09-26 18:47:00,10346.759999999991,10346.759999999991
2025-09-26 19:47:00,10346.759999999991,10346.759999999991
2025-09-26 20:47:00,10346.759999999991,10346.759999999991
2025-09-26 21:47:00,10346.759999999991,10346.759999999991
2025-09-26 22:47:00,10346.759999999991,10346.759999999991
2025-09-26 23:47:00,10346.759999999991,10346.759999999991
2025-09-29 01:48:00,10346.759999999991,10346.759999999991
2025-09-29 02:48:00,10346.759999999991,10346.759999999991
2025-09-29 03:48:00,10346.759999999991,10346.759999999991
2025-09-29 04:48:00,10346.759999999991,10346.759999999991
2025-09-29 05:48:00,10346.759999999991,10346.759999999991
2025-09-29 06:48:00,10346.759999999991,10346.759999999991
2025-09-29 07:48:00,10346.759999999991,10346.759999999991
2025-09-29 08:48:00,10346.759999999991,10346.759999999991
2025-09-29 09:48:00,10346.759999999991,10346.759999999991
2025-09-29 10:48:00,10346.759999999991,10346.759999999991
2025-09-29 11:48:00,10346.759999999991,10346.759999999991
2025-09-29 12:48:00,10346.759999999991,10346.759999999991
2025-09-29 13:48:00,10346.759999999991,10346.759999999991
2025-09-29 14:48:00,10346.759999999991,10346.759999999991
2025-09-29 15:48:00,10346.759999999991,10346.759999999991
2025-09-29 16:48:00,10346.759999999991,10346.759999999991
2025-09-29 17:48:00,10346.759999999991,10346.759999999991
2025-09-29 18:48:00,10346.759999999991,10346.759999999991
2025-09-29 19:48:00,10346.759999999991,10346.759999999991
2025-09-29 20:48:00,10346.759999999991,10346.759999999991
2025-09-29 21:48:00,10346.759999999991,10346.759999999991
2025-09-29 22:48:00,10346.759999999991,10346.759999999991
2025-09-29 23:48:00,10346.759999999991,10346.759999999991
2025-09-30 01:49:00,10346.759999999991,10346.759999999991
2025-09-30 02:49:00,10346.759999999991,10346.759999999991
2025-09-30 03:49:00,10346.759999999991,10346.759999999991
2025-09-30 04:49:00,10346.759999999991,10346.759999999991
2025-09-30 05:49:00,10346.759999999991,10346.759999999991
2025-09-30 06:49:00,10346.759999999991,10346.759999999991
2025-09-30 07:49:00,10346.759999999991,10346.759999999991
2025-09-30 08:49:00,10346.759999999991,10346.759999999991
2025-09-30 09:49:00,10346.759999999991,10346.759999999991
2025-09-30 10:49:00,10346.759999999991,10346.759999999991
2025-09-30 11:49:00,10346.759999999991,10346.759999999991
2025-09-30 12:49:00,10346.759999999991,10346.759999999991
2025-09-30 13:49:00,10346.759999999991,10346.759999999991
2025-09-30 14:49:00,10346.759999999991,10346.759999999991
2025-09-30 15:49:00,10346.759999999991,10346.759999999991
2025-09-30 16:49:00,10346.47999999999,10324.039999999992
2025-09-30 17:49:00,10283.919999999993,10283.919999999993
2025-09-30 18:49:00,10291.32999999999,10308.12999999999
2025-09-30 19:49:00,10302.869999999992,10381.58999999999
2025-09-30 20:49:00,10302.869999999992,10343.58999999999
2025-09-30 21:49:00,10302.869999999992,10381.58999999999
2025-09-30 22:49:00,10325.929999999991,10429.96999999999
2025-09-30 23:49:00,10325.929999999991,10449.169999999991
2025-10-01 01:50:00,10363.049999999992,10454.969999999992
2025-10-01 02:50:00,10363.049999999992,10461.129999999992
2025-10-01 03:50:00,10363.049999999992,10466.209999999992
2025-10-01 04:50:00,10363.049999999992,10485.609999999991
2025-10-01 05:50:00,10363.049999999992,10477.809999999992
2025-10-01 06:50:00,10363.049999999992,10462.369999999992
2025-10-01 07:50:00,10363.049999999992,10458.009999999991
2025-10-01 08:50:00,10363.049999999992,10465.809999999992
2025-10-01 09:50:00,10257.209999999997,10357.529999999997
2025-10-01 10:50:00,10257.209999999997,10404.529999999997
2025-10-01 11:50:00,10441.729999999998,10441.729999999998
2025-10-01 12:50:00,10441.729999999998,10441.729999999998
2025-10-01 13:50:00,10441.729999999998,10441.729999999998
2025-10-01 14:50:00,10450.660000000002,10450.660000000002
2025-10-01 15:50:00,10450.660000000002,10450.660000000002
2025-10-01 16:50:00,10450.660000000002,10450.660000000002
2025-10-01 17:50:00,10450.660000000002,10450.660000000002
2025-10-01 18:50:00,10450.660000000002,10450.660000000002
2025-10-01 19:50:00,10450.660000000002,10450.660000000002
2025-10-01 20:50:00,10450.660000000002,10450.660000000002
2025-10-01 21:50:00,10450.660000000002,10450.660000000002
2025-10-01 22:50:00,10450.660000000002,10450.660000000002
2025-10-01 23:50:00,10450.660000000002,10450.660000000002
2025-10-02 01:51:00,10450.660000000002,10450.660000000002
2025-10-02 02:51:00,10450.660000000002,10450.660000000002
2025-10-02 03:51:00,10450.660000000002,10450.660000000002
2025-10-02 04:51:00,10450.660000000002,10450.660000000002
2025-10-02 05:51:00,10450.660000000002,10450.660000000002
2025-10-02 06:51:00,10450.660000000002,10450.660000000002
2025-10-02 07:51:00,10450.660000000002,10450.660000000002
2025-10-02 08:51:00,10450.660000000002,10450.660000000002
2025-10-02 09:51:00,10450.660000000002,10450.660000000002
2025-10-02 10:51:00,10450.660000000002,10450.660000000002
2025-10-02 11:51:00,10450.660000000002,10450.660000000002
2025-10-02 12:51:00,10450.660000000002,10450.660000000002
2025-10-02 13:51:00,10460.470000000005,10460.470000000005
2025-10-02 14:51:00,10460.470000000005,10460.470000000005
2025-10-02 15:51:00,10460.470000000005,10460.470000000005
2025-10-02 16:51:00,10460.470000000005,10460.470000000005
2025-10-02 17:51:00,10460.470000000005,10460.470000000005
2025-10-02 18:51:00,10460.470000000005,10460.470000000005
2025-10-02 19:51:00,10460.470000000005,10460.470000000005
2025-10-02 20:51:00,10460.470000000005,10460.470000000005
2025-10-02 21:51:00,10460.470000000005,10460.470000000005
2025-10-02 22:51:00,10460.470000000005,10460.470000000005
2025-10-02 23:51:00,10460.470000000005,10460.470000000005
2025-10-03 01:52:00,10460.470000000005,10460.470000000005
2025-10-03 02:52:00,10460.470000000005,10460.470000000005
2025-10-03 03:52:00,10460.470000000005,10460.470000000005
2025-10-03 04:52:00,10460.470000000005,10460.470000000005
2025-10-03 05:52:00,10460.470000000005,10460.470000000005
2025-10-03 06:52:00,10460.470000000005,10460.470000000005
2025-10-03 07:52:00,10460.470000000005,10460.470000000005
2025-10-03 08:52:00,10460.470000000005,10460.470000000005
2025-10-03 09:52:00,10458.650000000005,10484.91000000001
2025-10-03 10:52:00,10501.670000000006,10600.930000000008
2025-10-03 11:52:00,10501.670000000006,10569.990000000007
2025-10-03 12:52:00,10501.670000000006,10574.890000000007
2025-10-03 13:52:00,10568.22000000001,10652.460000000012
2025-10-03 14:52:00,10567.420000000011,10567.420000000011
2025-10-03 15:52:00,10567.420000000011,10567.420000000011
2025-10-03 16:52:00,10567.420000000011,10567.420000000011
2025-10-03 17:52:00,10567.420000000011,10567.420000000011
2025-10-03 18:52:00,10567.420000000011,10567.420000000011
2025-10-03 19:52:00,10567.420000000011,10567.420000000011
2025-10-03 20:52:00,10567.420000000011,10567.420000000011
2025-10-03 21:52:00,10567.420000000011,10567.420000000011
2025-10-03 22:52:00,10567.420000000011,10567.420000000011
2025-10-03 23:52:00,10567.420000000011,10567.420000000011
2025-10-06 01:53:00,10567.420000000011,10567.420000000011
2025-10-06 02:53:00,10567.420000000011,10567.420000000011
2025-10-06 03:53:00,10567.420000000011,10567.420000000011
2025-10-06 04:53:00,10567.420000000011,10567.420000000011
2025-10-06 05:53:00,10567.420000000011,10567.420000000011
2025-10-06 06:53:00,10567.420000000011,10567.420000000011
2025-10-06 07:53:00,10567.420000000011,10567.420000000011
2025-10-06 08:53:00,10567.420000000011,10567.420000000011
2025-10-06 09:53:00,10567.420000000011,10567.420000000011
2025-10-06 10:53:00,10567.420000000011,10567.420000000011
2025-10-06 11:53:00,10567.420000000011,10567.420000000011
2025-10-06 12:53:00,10567.420000000011,10567.420000000011
2025-10-06 13:53:00,10567.420000000011,10567.420000000011
2025-10-06 14:53:00,10567.420000000011,10567.420000000011
2025-10-06 15:53:00,10567.420000000011,10567.420000000011
2025-10-06 16:53:00,10567.420000000011,10567.420000000011
2025-10-06 17:53:00,10567.420000000011,10567.420000000011
2025-10-06 18:53:00,10567.420000000011,10567.420000000011
2025-10-06 19:53:00,10567.420000000011,10567.420000000011
2025-10-06 20:53:00,10567.420000000011,10567.420000000011
2025-10-06 21:53:00,10567.420000000011,10567.420000000011
2025-10-06 22:53:00,10567.420000000011,10567.420000000011
2025-10-06 23:53:00,10567.420000000011,10567.420000000011
2025-10-07 01:54:00,10567.420000000011,10567.420000000011
2025-10-07 02:54:00,10567.420000000011,10567.420000000011
2025-10-07 03:54:00,10567.420000000011,10567.420000000011
2025-10-07 04:54:00,10567.420000000011,10567.420000000011
2025-10-07 05:54:00,10567.420000000011,10567.420000000011
2025-10-07 06:54:00,10608.480000000005,10608.480000000005
2025-10-07 07:54:00,10608.480000000005,10608.480000000005
2025-10-07 08:54:00,10608.480000000005,10608.480000000005
2025-10-07 09:54:00,10608.480000000005,10608.480000000005
2025-10-07 10:54:00,10608.480000000005,10608.480000000005
2025-10-07 11:54:00,10608.480000000005,10608.480000000005
2025-10-07 12:54:00,10608.480000000005,10608.480000000005
2025-10-07 13:54:00,10608.480000000005,10608.480000000005
2025-10-07 14:54:00,10608.480000000005,10608.480000000005
2025-10-07 15:54:00,10608.480000000005,10608.480000000005
2025-10-07 16:54:00,10608.480000000005,10608.480000000005
2025-10-07 17:54:00,10608.480000000005,10608.480000000005
2025-10-07 18:54:00,10608.480000000005,10608.480000000005
2025-10-07 19:54:00,10608.480000000005,10608.480000000005
2025-10-07 20:54:00,10608.480000000005,10608.480000000005
2025-10-07 21:54:00,10608.480000000005,10608.480000000005
2025-10-07 22:54:00,10608.480000000005,10608.480000000005
2025-10-07 23:54:00,10608.480000000005,10608.480000000005
2025-10-08 01:55:00,10608.480000000005,10608.480000000005
2025-10-08 02:55:00,10608.480000000005,10608.480000000005
2025-10-08 03:55:00,10608.480000000005,10608.480000000005
2025-10-08 04:55:00,10608.480000000005,10608.480000000005
2025-10-08 05:55:00,10608.480000000005,10608.480000000005
2025-10-08 06:55:00,10608.480000000005,10608.480000000005
2025-10-08 07:55:00,10608.480000000005,10608.480000000005
2025-10-08 08:55:00,10608.480000000005,10608.480000000005
2025-10-08 09:55:00,10608.480000000005,10608.480000000005
2025-10-08 10:55:00,10608.480000000005,10608.480000000005
2025-10-08 11:55:00,10608.480000000005,10608.480000000005
2025-10-08 12:55:00,10608.480000000005,10608.480000000005
2025-10-08 13:55:00,10608.480000000005,10608.480000000005
2025-10-08 14:55:00,10608.480000000005,10608.480000000005
2025-10-08 15:55:00,10608.480000000005,10608.480000000005
2025-10-08 16:55:00,10608.480000000005,10608.480000000005
2025-10-08 17:55:00,10608.480000000005,10608.480000000005
2025-10-08 18:55:00,10608.480000000005,10608.480000000005
2025-10-08 19:55:00,10608.480000000005,10608.480000000005
2025-10-08 20:55:00,10608.480000000005,10608.480000000005
2025-10-08 21:55:00,10608.480000000005,10608.480000000005
2025-10-08 22:55:00,10608.480000000005,10608.480000000005
2025-10-08 23:55:00,10608.480000000005,10608.480000000005
2025-10-09 01:56:00,10608.480000000005,10608.480000000005
2025-10-09 02:56:00,10608.480000000005,10608.480000000005
2025-10-09 03:56:00,10608.480000000005,10608.480000000005
2025-10-09 04:56:00,10640.970000000005,10666.660000000002
2025-10-09 05:56:00,10640.270000000002,10640.270000000002
2025-10-09 06:56:00,10640.270000000002,10640.270000000002
2025-10-09 07:56:00,10640.270000000002,10640.270000000002
2025-10-09 08:56:00,10640.270000000002,10640.270000000002
2025-10-09 09:56:00,10640.270000000002,10640.270000000002
2025-10-09 10:56:00,10640.270000000002,10640.270000000002
2025-10-09 11:56:00,10640.270000000002,10640.270000000002
2025-10-09 12:56:00,10640.270000000002,10640.270000000002
2025-10-09 13:56:00,10640.270000000002,10640.270000000002
2025-10-09 14:56:00,10640.270000000002,10640.270000000002
2025-10-09 15:56:00,10638.870000000003,10606.67000000001
2025-10-09 16:56:00,10531.070000000007,10531.070000000007
2025-10-09 17:56:00,10531.070000000007,10531.070000000007
2025-10-09 18:56:00,10531.070000000007,10531.070000000007
2025-10-09 19:56:00,10531.070000000007,10531.070000000007
2025-10-09 20:56:00,10531.070000000007,10531.070000000007
2025-10-09 21:56:00,10531.070000000007,10531.070000000007
2025-10-09 22:56:00,10530.930000000008,10527.610000000008
2025-10-09 23:56:00,10530.930000000008,10527.730000000007
2025-10-10 01:57:00,10543.34000000001,10588.640000000012
2025-10-10 02:57:00,10568.190000000011,10650.840000000013
2025-10-10 03:57:00,10619.170000000013,10641.830000000016
2025-10-10 04:57:00,10648.990000000013,10718.370000000014
2025-10-10 05:57:00,10648.990000000013,10729.010000000015
2025-10-10 06:57:00,10688.430000000015,10775.220000000016
2025-10-10 07:57:00,10807.650000000016,10825.450000000015
2025-10-10 08:57:00,10807.650000000016,10810.830000000016
2025-10-10 09:57:00,10807.650000000016,10818.370000000017
2025-10-10 10:57:00,10807.650000000016,10803.690000000017
2025-10-10 11:57:00,10807.650000000016,10770.390000000016
2025-10-10 12:57:00,10807.650000000016,10761.810000000016
2025-10-10 13:57:00,10807.650000000016,10765.950000000015
2025-10-10 14:57:00,10807.650000000016,10778.330000000016
2025-10-10 15:57:00,10807.650000000016,10784.870000000017
2025-10-10 16:57:00,10807.650000000016,10802.370000000017
2025-10-10 17:57:00,10814.760000000013,10792.540000000014
2025-10-10 18:57:00,10743.500000000011,10743.500000000011
2025-10-10 19:57:00,10743.500000000011,10743.500000000011
2025-10-10 20:57:00,10743.500000000011,10743.500000000011
2025-10-10 21:57:00,10743.500000000011,10743.500000000011
2025-10-10 22:57:00,10743.500000000011,10743.500000000011
2025-10-10 23:57:00,10743.500000000011,10743.500000000011
2025-10-13 01:58:00,10754.12000000001,10751.320000000012
2025-10-13 02:58:00,10648.42000000001,10648.42000000001
2025-10-13 03:58:00,10648.42000000001,10648.42000000001
2025-10-13 04:58:00,10648.42000000001,10648.42000000001
2025-10-13 05:58:00,10648.42000000001,10648.42000000001
2025-10-13 06:58:00,10648.42000000001,10648.42000000001
2025-10-13 07:58:00,10648.42000000001,10648.42000000001
2025-10-13 08:58:00,10648.42000000001,10648.42000000001
2025-10-13 09:58:00,10648.42000000001,10648.42000000001
2025-10-13 10:58:00,10648.42000000001,10648.42000000001
2025-10-13 11:58:00,10648.42000000001,10648.42000000001
2025-10-13 12:58:00,10648.42000000001,10648.42000000001
2025-10-13 13:58:00,10648.42000000001,10648.42000000001
2025-10-13 14:58:00,10648.42000000001,10648.42000000001
2025-10-13 15:58:00,10648.42000000001,10648.42000000001
2025-10-13 16:58:00,10648.42000000001,10648.42000000001
2025-10-13 17:58:00,10648.42000000001,10648.42000000001
2025-10-13 18:58:00,10648.42000000001,10648.42000000001
2025-10-13 19:58:00,10648.42000000001,10648.42000000001
2025-10-13 20:58:00,10648.42000000001,10648.42000000001
2025-10-13 21:58:00,10648.42000000001,10648.42000000001
2025-10-13 22:58:00,10648.42000000001,10648.42000000001
2025-10-13 23:58:00,10648.42000000001,10648.42000000001
2025-10-14 01:59:00,10648.42000000001,10648.42000000001
2025-10-14 02:59:00,10648.42000000001,10648.42000000001
2025-10-14 03:59:00,10648.42000000001,10648.42000000001
2025-10-14 04:59:00,10540.270000000019,10540.270000000019
2025-10-14 05:59:00,10540.270000000019,10540.270000000019
2025-10-14 06:59:00,10540.270000000019,10540.270000000019
2025-10-14 07:59:00,10540.270000000019,10540.270000000019
2025-10-14 08:59:00,10540.270000000019,10540.270000000019
2025-10-14 09:59:00,10540.270000000019,10540.270000000019
2025-10-14 10:59:00,10540.270000000019,10540.270000000019
2025-10-14 11:59:00,10540.06000000002,10518.92000000002
2025-10-14 12:59:00,10540.06000000002,10569.17000000002
2025-10-14 13:59:00,10540.06000000002,10556.15000000002
2025-10-14 14:59:00,10540.06000000002,10559.750000000018
2025-10-14 15:59:00,10540.06000000002,10631.570000000018
2025-10-14 16:59:00,10640.970000000016,10781.590000000015
2025-10-14 17:59:00,10796.090000000015,10819.500000000015
2025-10-14 18:59:00,10796.090000000015,10793.220000000012
2025-10-14 19:59:00,10796.090000000015,10786.320000000014
2025-10-14 20:59:00,10796.090000000015,10762.680000000015
2025-10-14 21:59:00,10796.090000000015,10762.560000000016
2025-10-14 22:59:00,10796.090000000015,10782.840000000015
2025-10-15 01:00:00,10797.440000000015,10777.140000000014
2025-10-15 02:00:00,10797.160000000014,10742.940000000019
2025-10-15 03:00:00,10797.160000000014,10729.990000000016
2025-10-15 04:00:00,10797.160000000014,10676.580000000016
2025-10-15 05:00:00,10599.920000000016,10599.920000000016
2025-10-15 06:00:00,10599.290000000017,10634.300000000012
2025-10-15 07:00:00,10638.770000000017,10701.970000000014
2025-10-15 08:00:00,10638.270000000015,10638.270000000015
2025-10-15 09:00:00,10638.270000000015,10638.270000000015
2025-10-15 10:00:00,10638.270000000015,10638.270000000015
2025-10-15 11:00:00,10638.270000000015,10638.270000000015
2025-10-15 12:00:00,10638.270000000015,10638.270000000015
2025-10-15 13:00:00,10638.270000000015,10638.270000000015
2025-10-15 14:00:00,10638.270000000015,10638.270000000015
2025-10-15 15:00:00,10638.270000000015,10638.270000000015
2025-10-15 16:00:00,10638.270000000015,10638.270000000015
2025-10-15 17:00:00,10638.270000000015,10638.270000000015
2025-10-15 18:00:00,10638.270000000015,10638.270000000015
2025-10-15 19:00:00,10737.330000000013,10807.190000000017
2025-10-15 20:00:00,10737.330000000013,10844.780000000015
2025-10-15 21:00:00,10737.330000000013,10861.650000000014
2025-10-15 22:00:00,10898.260000000018,10898.260000000018
2025-10-15 23:00:00,10898.260000000018,10898.260000000018
2025-10-16 01:01:00,10898.260000000018,10898.260000000018
2025-10-16 02:01:00,10898.260000000018,10898.260000000018
2025-10-16 03:01:00,10898.260000000018,10898.260000000018
2025-10-16 04:01:00,10898.260000000018,10898.260000000018
2025-10-16 05:01:00,10898.260000000018,10898.260000000018
2025-10-16 06:01:00,10898.260000000018,10898.260000000018
2025-10-16 07:01:00,10898.260000000018,10898.260000000018
2025-10-16 08:01:00,10898.260000000018,10898.260000000018
2025-10-16 09:01:00,10898.260000000018,10898.260000000018
2025-10-16 10:01:00,10898.260000000018,10898.260000000018
2025-10-16 11:01:00,10898.260000000018,10898.260000000018
2025-10-16 12:01:00,10898.260000000018,10898.260000000018
2025-10-16 13:01:00,10898.260000000018,10898.260000000018
2025-10-16 14:01:00,10898.260000000018,10898.260000000018
2025-10-16 15:01:00,10898.260000000018,10898.260000000018
2025-10-16 16:01:00,10909.420000000018,10975.660000000018
2025-10-16 17:01:00,10979.680000000018,11024.940000000019
2025-10-16 18:01:00,10994.380000000016,11116.410000000018
2025-10-16 19:01:00,11025.460000000014,11225.260000000011
2025-10-16 20:01:00,11181.290000000014,11267.150000000012
2025-10-16 21:01:00,11305.550000000014,11305.550000000014
2025-10-16 22:01:00,11305.550000000014,11305.550000000014
2025-10-16 23:01:00,11305.550000000014,11305.550000000014
2025-10-17 01:02:00,11305.550000000014,11305.550000000014
2025-10-17 02:02:00,11305.550000000014,11305.550000000014
2025-10-17 03:02:00,11305.550000000014,11305.550000000014
2025-10-17 04:02:00,11305.550000000014,11305.550000000014
2025-10-17 05:02:00,11305.550000000014,11305.550000000014
2025-10-17 06:02:00,11305.550000000014,11305.550000000014
2025-10-17 07:02:00,11305.550000000014,11305.550000000014
2025-10-17 08:02:00,11305.550000000014,11305.550000000014
2025-10-17 09:02:00,11305.550000000014,11305.550000000014
2025-10-17 10:02:00,11305.550000000014,11305.550000000014
2025-10-17 11:02:00,11305.550000000014,11305.550000000014
2025-10-17 12:02:00,11305.550000000014,11305.550000000014
2025-10-17 13:02:00,11305.550000000014,11305.550000000014
2025-10-17 14:02:00,11305.550000000014,11305.550000000014
2025-10-17 15:02:00,11305.550000000014,11305.550000000014
2025-10-17 16:02:00,11305.550000000014,11305.550000000014
2025-10-17 17:02:00,11305.550000000014,11305.550000000014
2025-10-17 18:02:00,11305.550000000014,11305.550000000014
2025-10-17 19:02:00,11305.550000000014,11305.550000000014
2025-10-17 20:02:00,11305.550000000014,11305.550000000014
2025-10-17 21:02:00,11305.550000000014,11305.550000000014
2025-10-17 22:02:00,11305.550000000014,11305.550000000014
2025-10-17 23:02:00,11305.550000000014,11305.550000000014
2025-10-20 01:03:00,11305.550000000014,11305.550000000014
2025-10-20 02:03:00,11305.550000000014,11305.550000000014
2025-10-20 03:03:00,11305.550000000014,11305.550000000014
2025-10-20 04:03:00,11305.550000000014,11305.550000000014
2025-10-20 05:03:00,11305.550000000014,11305.550000000014
2025-10-20 06:03:00,11305.550000000014,11305.550000000014
2025-10-20 07:03:00,11305.550000000014,11305.550000000014
2025-10-20 08:03:00,11305.550000000014,11305.550000000014
2025-10-20 09:03:00,11305.550000000014,11305.550000000014
2025-10-20 10:03:00,11305.550000000014,11305.550000000014
2025-10-20 11:03:00,11305.550000000014,11305.550000000014
2025-10-20 12:03:00,11305.550000000014,11305.550000000014
2025-10-20 13:03:00,11305.550000000014,11305.550000000014
2025-10-20 14:03:00,11383.780000000012,11466.70000000001
2025-10-20 15:03:00,11490.160000000009,11703.030000000008
2025-10-20 16:03:00,11780.070000000003,11780.070000000003
2025-10-20 17:03:00,11780.070000000003,11780.070000000003
2025-10-20 18:03:00,11780.070000000003,11780.070000000003
2025-10-20 19:03:00,11780.070000000003,11780.070000000003
2025-10-20 20:03:00,11780.070000000003,11780.070000000003
2025-10-20 21:03:00,11780.070000000003,11780.070000000003
2025-10-20 22:03:00,11780.070000000003,11780.070000000003
2025-10-20 23:03:00,11780.070000000003,11780.070000000003
2025-10-21 01:04:00,11779.370000000003,11777.770000000004
2025-10-21 02:04:00,11792.63,11792.63
2025-10-21 03:04:00,11792.63,11792.63
2025-10-21 04:04:00,11792.63,11792.63
2025-10-21 05:04:00,11792.63,11792.63
2025-10-21 06:04:00,11792.63,11792.63
2025-10-21 07:04:00,11792.63,11792.63
2025-10-21 08:04:00,11792.63,11792.63
2025-10-21 09:04:00,11792.63,11792.63
2025-10-21 10:04:00,11792.63,11792.63
2025-10-21 11:04:00,11692.679999999998,11692.679999999998
2025-10-21 12:04:00,11692.679999999998,11692.679999999998
2025-10-21 13:04:00,11692.679999999998,11692.679999999998
2025-10-21 14:04:00,11692.679999999998,11692.679999999998
2025-10-21 15:04:00,11692.679999999998,11692.679999999998
2025-10-21 16:04:00,11692.679999999998,11692.679999999998
2025-10-21 17:04:00,11692.679999999998,11692.679999999998
2025-10-21 18:04:00,11692.679999999998,11692.679999999998
2025-10-21 19:04:00,11692.679999999998,11692.679999999998
2025-10-21 20:04:00,11692.679999999998,11692.679999999998
2025-10-21 21:04:00,11692.679999999998,11692.679999999998
2025-10-21 22:04:00,11692.679999999998,11692.679999999998
2025-10-21 23:04:00,11692.679999999998,11692.679999999998
2025-10-22 01:05:00,11692.679999999998,11692.679999999998
2025-10-22 02:05:00,11692.679999999998,11692.679999999998
2025-10-22 03:05:00,11692.679999999998,11692.679999999998
2025-10-22 04:05:00,11692.679999999998,11692.679999999998
2025-10-22 05:05:00,11692.679999999998,11692.679999999998
2025-10-22 06:05:00,11692.679999999998,11692.679999999998
2025-10-22 07:05:00,11692.679999999998,11692.679999999998
2025-10-22 08:05:00,11692.679999999998,11692.679999999998
2025-10-22 09:05:00,11692.679999999998,11692.679999999998
2025-10-22 10:05:00,11692.679999999998,11692.679999999998
2025-10-22 11:05:00,11692.679999999998,11692.679999999998
2025-10-22 12:05:00,11692.679999999998,11692.679999999998
2025-10-22 13:05:00,11692.679999999998,11692.679999999998
2025-10-22 14:05:00,11692.679999999998,11692.679999999998
2025-10-22 15:05:00,11692.679999999998,11692.679999999998
2025-10-22 16:05:00,11692.679999999998,11692.679999999998
2025-10-22 17:05:00,11617.629999999997,11617.629999999997
2025-10-22 18:05:00,11617.629999999997,11617.629999999997
2025-10-22 19:05:00,11617.629999999997,11617.629999999997
2025-10-22 20:05:00,11617.629999999997,11617.629999999997
2025-10-22 21:05:00,11617.629999999997,11617.629999999997
2025-10-22 22:05:00,11617.629999999997,11617.629999999997
2025-10-22 23:05:00,11617.629999999997,11617.629999999997
2025-10-23 01:06:00,11617.629999999997,11617.629999999997
2025-10-23 02:06:00,11617.629999999997,11617.629999999997
2025-10-23 03:06:00,11617.629999999997,11617.629999999997
2025-10-23 04:06:00,11617.629999999997,11617.629999999997
2025-10-23 05:06:00,11522.829999999993,11522.829999999993
2025-10-23 06:06:00,11522.829999999993,11522.829999999993
2025-10-23 07:06:00,11522.829999999993,11522.829999999993
2025-10-23 08:06:00,11522.829999999993,11522.829999999993
2025-10-23 09:06:00,11522.129999999992,11469.029999999988
2025-10-23 10:06:00,11418.769999999993,11486.08999999999
2025-10-23 11:06:00,11444.149999999992,11509.75999999999
2025-10-23 12:06:00,11444.149999999992,11502.169999999991
2025-10-23 13:06:00,11444.149999999992,11484.649999999992
2025-10-23 14:06:00,11489.139999999998,11542.359999999993
2025-10-23 15:06:00,11489.139999999998,11552.109999999993
2025-10-23 16:06:00,11488.839999999997,11488.839999999997
2025-10-23 17:06:00,11488.839999999997,11488.839999999997
2025-10-23 18:06:00,11488.839999999997,11488.839999999997
2025-10-23 19:06:00,11488.839999999997,11488.839999999997
2025-10-23 20:06:00,11488.839999999997,11488.839999999997
2025-10-23 21:06:00,11488.839999999997,11488.839999999997
2025-10-23 22:06:00,11488.839999999997,11488.839999999997
2025-10-23 23:06:00,11488.839999999997,11488.839999999997
2025-10-24 01:07:00,11488.839999999997,11488.839999999997
2025-10-24 02:07:00,11488.839999999997,11488.839999999997
2025-10-24 03:07:00,11488.839999999997,11488.839999999997
2025-10-24 04:07:00,11488.839999999997,11488.839999999997
2025-10-24 05:07:00,11488.839999999997,11488.839999999997
2025-10-24 06:07:00,11488.839999999997,11488.839999999997
2025-10-24 07:07:00,11488.839999999997,11488.839999999997
2025-10-24 08:07:00,11488.839999999997,11488.839999999997
2025-10-24 09:07:00,11488.839999999997,11488.839999999997
2025-10-24 10:07:00,11488.839999999997,11488.839999999997
2025-10-24 11:07:00,11488.839999999997,11488.839999999997
2025-10-24 12:07:00,11488.839999999997,11488.839999999997
2025-10-24 13:07:00,11488.839999999997,11488.839999999997
2025-10-24 14:07:00,11488.839999999997,11488.839999999997
2025-10-24 15:07:00,11488.839999999997,11488.839999999997
2025-10-24 16:07:00,11488.839999999997,11488.839999999997
2025-10-24 17:07:00,11497.089999999997,11544.789999999995
2025-10-24 18:07:00,11514.569999999996,11585.119999999995
2025-10-24 19:07:00,11514.569999999996,11651.269999999997
2025-10-24 20:07:00,11514.569999999996,11632.569999999998
2025-10-24 21:07:00,11514.069999999994,11514.069999999994
2025-10-24 22:07:00,11514.069999999994,11514.069999999994
2025-10-24 23:07:00,11514.069999999994,11514.069999999994
2025-10-27 00:08:00,11514.069999999994,11514.069999999994
2025-10-27 01:08:00,11405.169999999991,11405.169999999991
2025-10-27 02:08:00,11405.169999999991,11405.169999999991
2025-10-27 03:08:00,11405.169999999991,11405.169999999991
2025-10-27 04:08:00,11405.169999999991,11405.169999999991
2025-10-27 05:08:00,11405.169999999991,11405.169999999991
2025-10-27 06:08:00,11405.169999999991,11405.169999999991
2025-10-27 07:08:00,11405.169999999991,11405.169999999991
2025-10-27 08:08:00,11405.169999999991,11405.169999999991
2025-10-27 09:08:00,11405.169999999991,11405.169999999991
2025-10-27 10:08:00,11405.169999999991,11405.169999999991
2025-10-27 11:08:00,11405.169999999991,11405.169999999991
2025-10-27 12:08:00,11405.169999999991,11405.169999999991
2025-10-27 13:08:00,11405.169999999991,11405.169999999991
2025-10-27 14:08:00,11405.169999999991,11405.169999999991
2025-10-27 15:08:00,11405.169999999991,11405.169999999991
2025-10-27 16:08:00,11405.169999999991,11405.169999999991
2025-10-27 17:08:00,11405.169999999991,11405.169999999991
2025-10-27 18:08:00,11405.169999999991,11405.169999999991
2025-10-27 19:08:00,11405.169999999991,11405.169999999991
2025-10-27 20:08:00,11405.169999999991,11405.169999999991
2025-10-27 21:08:00,11405.169999999991,11405.169999999991
2025-10-27 22:08:00,11405.169999999991,11405.169999999991
2025-10-28 00:09:00,11405.169999999991,11405.169999999991
2025-10-28 01:09:00,11405.169999999991,11405.169999999991
2025-10-28 02:09:00,11405.169999999991,11405.169999999991
2025-10-28 03:09:00,11405.169999999991,11405.169999999991
2025-10-28 04:09:00,11405.169999999991,11405.169999999991
2025-10-28 05:09:00,11405.169999999991,11405.169999999991
2025-10-28 06:09:00,11405.169999999991,11405.169999999991
2025-10-28 07:09:00,11405.169999999991,11405.169999999991
2025-10-28 08:09:00,11405.169999999991,11405.169999999991
2025-10-28 09:09:00,11405.169999999991,11405.169999999991
2025-10-28 10:09:00,11405.169999999991,11405.169999999991
2025-10-28 11:09:00,11405.169999999991,11405.169999999991
2025-10-28 12:09:00,11405.169999999991,11405.169999999991
2025-10-28 13:09:00,11405.169999999991,11405.169999999991
2025-10-28 14:09:00,11405.169999999991,11405.169999999991
2025-10-28 15:09:00,11405.169999999991,11405.169999999991
2025-10-28 16:09:00,11405.169999999991,11405.169999999991
2025-10-28 17:09:00,11405.169999999991,11405.169999999991
2025-10-28 18:09:00,11405.169999999991,11405.169999999991
2025-10-28 19:09:00,11405.169999999991,11405.169999999991
2025-10-28 20:09:00,11405.169999999991,11405.169999999991
2025-10-28 21:09:00,11405.169999999991,11405.169999999991
2025-10-28 22:09:00,11405.169999999991,11405.169999999991
2025-10-29 00:10:00,11404.74999999999,11459.889999999992
2025-10-29 01:10:00,11415.12999999999,11415.12999999999
2025-10-29 02:10:00,11415.12999999999,11415.12999999999
2025-10-29 03:10:00,11415.12999999999,11415.12999999999
2025-10-29 04:10:00,11415.12999999999,11415.12999999999
2025-10-29 05:10:00,11427.799999999997,11427.799999999997
2025-10-29 06:10:00,11427.799999999997,11427.799999999997
2025-10-29 07:10:00,11427.799999999997,11427.799999999997
2025-10-29 08:10:00,11427.799999999997,11427.799999999997
2025-10-29 09:10:00,11427.799999999997,11427.799999999997
2025-10-29 10:10:00,11427.799999999997,11427.799999999997
2025-10-29 11:10:00,11427.799999999997,11427.799999999997
2025-10-29 12:10:00,11427.799999999997,11427.799999999997
2025-10-29 13:10:00,11427.799999999997,11427.799999999997
2025-10-29 14:10:00,11427.799999999997,11427.799999999997
2025-10-29 15:10:00,11427.799999999997,11427.799999999997
2025-10-29 16:10:00,11427.799999999997,11427.799999999997
2025-10-29 17:10:00,11427.799999999997,11427.799999999997
2025-10-29 18:10:00,11311.999999999989,11311.999999999989
2025-10-29 19:10:00,11311.999999999989,11311.999999999989
2025-10-29 20:10:00,11311.999999999989,11311.999999999989
2025-10-29 21:10:00,11311.999999999989,11311.999999999989
2025-10-29 22:10:00,11311.999999999989,11311.999999999989
2025-10-30 00:11:00,11311.999999999989,11311.999999999989
2025-10-30 01:11:00,11311.999999999989,11311.999999999989
2025-10-30 02:11:00,11311.999999999989,11311.999999999989
2025-10-30 03:11:00,11311.999999999989,11311.999999999989
2025-10-30 04:11:00,11311.999999999989,11311.999999999989
2025-10-30 05:11:00,11311.999999999989,11311.999999999989
2025-10-30 06:11:00,11311.999999999989,11311.999999999989
2025-10-30 07:11:00,11311.999999999989,11311.999999999989
2025-10-30 08:11:00,11311.999999999989,11311.999999999989
2025-10-30 09:11:00,11311.999999999989,11311.999999999989
2025-10-30 10:11:00,11311.999999999989,11311.999999999989
2025-10-30 11:11:00,11311.999999999989,11311.999999999989
2025-10-30 12:11:00,11311.999999999989,11311.999999999989
2025-10-30 13:11:00,11200.759999999991,11200.759999999991
2025-10-30 14:11:00,11200.759999999991,11200.759999999991
2025-10-30 15:11:00,11200.759999999991,11200.759999999991
2025-10-30 16:11:00,11200.759999999991,11200.759999999991
2025-10-30 17:11:00,11200.759999999991,11200.759999999991
2025-10-30 18:11:00,11200.759999999991,11200.759999999991
2025-10-30 19:11:00,11200.759999999991,11200.759999999991
2025-10-30 20:11:00,11200.759999999991,11200.759999999991
2025-10-30 21:11:00,11200.759999999991,11200.759999999991
2025-10-30 22:11:00,11200.759999999991,11200.759999999991
2025-10-31 00:12:00,11200.759999999991,11200.759999999991
2025-10-31 01:12:00,11200.759999999991,11200.759999999991
2025-10-31 02:12:00,11241.179999999991,11303.579999999989
2025-10-31 03:12:00,11295.90999999999,11295.90999999999
2025-10-31 04:12:00,11295.90999999999,11295.90999999999
2025-10-31 05:12:00,11295.90999999999,11295.90999999999
2025-10-31 06:12:00,11295.90999999999,11295.90999999999
2025-10-31 07:12:00,11295.90999999999,11295.90999999999
2025-10-31 08:12:00,11295.90999999999,11295.90999999999
2025-10-31 09:12:00,11295.90999999999,11295.90999999999
2025-10-31 10:12:00,11295.90999999999,11295.90999999999
2025-10-31 11:12:00,11295.90999999999,11295.90999999999
2025-10-31 12:12:00,11295.90999999999,11295.90999999999
2025-10-31 13:12:00,11295.90999999999,11295.90999999999
2025-10-31 14:12:00,11295.90999999999,11295.90999999999
2025-10-31 15:12:00,11295.90999999999,11295.90999999999
2025-10-31 16:12:00,11295.90999999999,11295.90999999999
2025-10-31 17:12:00,11295.90999999999,11295.90999999999
2025-10-31 18:12:00,11295.90999999999,11295.90999999999
2025-10-31 19:12:00,11295.90999999999,11295.90999999999
2025-10-31 20:12:00,11182.989999999994,11147.409999999996
2025-10-31 21:12:00,11182.989999999994,11155.869999999995
2025-10-31 22:12:00,11190.039999999994,11190.039999999994
2025-11-03 01:13:00,11190.039999999994,11190.039999999994
2025-11-03 02:13:00,11190.039999999994,11190.039999999994
2025-11-03 03:13:00,11190.039999999994,11190.039999999994
2025-11-03 04:13:00,11190.039999999994,11190.039999999994
2025-11-03 05:13:00,11190.039999999994,11190.039999999994
2025-11-03 06:13:00,11190.039999999994,11190.039999999994
2025-11-03 07:13:00,11190.039999999994,11190.039999999994
2025-11-03 08:13:00,11190.039999999994,11190.039999999994
2025-11-03 09:13:00,11190.039999999994,11190.039999999994
2025-11-03 10:13:00,11190.039999999994,11190.039999999994
2025-11-03 11:13:00,11190.039999999994,11190.039999999994
2025-11-03 12:13:00,11190.039999999994,11190.039999999994
2025-11-03 13:13:00,11190.039999999994,11190.039999999994
2025-11-03 14:13:00,11188.849999999993,11185.10999999999
2025-11-03 15:13:00,11202.989999999987,11202.989999999987
2025-11-03 16:13:00,11202.989999999987,11202.989999999987
2025-11-03 17:13:00,11202.989999999987,11202.989999999987
2025-11-03 18:13:00,11202.989999999987,11202.989999999987
2025-11-03 19:13:00,11202.989999999987,11202.989999999987
2025-11-03 20:13:00,11202.989999999987,11202.989999999987
2025-11-03 21:13:00,11202.989999999987,11202.989999999987
2025-11-03 22:13:00,11202.989999999987,11202.989999999987
2025-11-03 23:13:00,11202.989999999987,11202.989999999987
2025-11-04 01:14:00,11202.989999999987,11202.989999999987
2025-11-04 02:14:00,11202.989999999987,11202.989999999987
2025-11-04 03:14:00,11246.68999999999,11301.21999999999
2025-11-04 04:14:00,11245.98999999999,11245.98999999999
2025-11-04 05:14:00,11245.98999999999,11245.98999999999
2025-11-04 06:14:00,11245.98999999999,11245.98999999999
2025-11-04 07:14:00,11245.98999999999,11245.98999999999
2025-11-04 08:14:00,11245.98999999999,11245.98999999999
2025-11-04 09:14:00,11245.98999999999,11245.98999999999
2025-11-04 10:14:00,11245.98999999999,11245.98999999999
2025-11-04 11:14:00,11245.98999999999,11245.98999999999
2025-11-04 12:14:00,11245.98999999999,11245.98999999999
2025-11-04 13:14:00,11245.98999999999,11245.98999999999
2025-11-04 14:14:00,11245.98999999999,11245.98999999999
2025-11-04 15:14:00,11245.98999999999,11245.98999999999
2025-11-04 16:14:00,11245.98999999999,11245.98999999999
2025-11-04 17:14:00,11245.98999999999,11245.98999999999
2025-11-04 18:14:00,11245.98999999999,11245.98999999999
2025-11-04 19:14:00,11245.98999999999,11245.98999999999
2025-11-04 20:14:00,11245.98999999999,11245.98999999999
2025-11-04 21:14:00,11245.98999999999,11245.98999999999
2025-11-04 22:14:00,11245.98999999999,11245.98999999999
2025-11-04 23:14:00,11245.98999999999,11245.98999999999
2025-11-05 01:15:00,11245.98999999999,11245.98999999999
2025-11-05 02:15:00,11245.98999999999,11245.98999999999
2025-11-05 03:15:00,11245.98999999999,11245.98999999999
2025-11-05 04:15:00,11245.98999999999,11245.98999999999
2025-11-05 05:15:00,11245.98999999999,11245.98999999999
2025-11-05 06:15:00,11245.98999999999,11245.98999999999
2025-11-05 07:15:00,11245.98999999999,11245.98999999999
2025-11-05 08:15:00,11245.98999999999,11245.98999999999
2025-11-05 09:15:00,11245.98999999999,11245.98999999999
2025-11-05 10:15:00,11245.98999999999,11245.98999999999
2025-11-05 11:15:00,11245.98999999999,11245.98999999999
2025-11-05 12:15:00,11245.98999999999,11245.98999999999
2025-11-05 13:15:00,11245.98999999999,11245.98999999999
2025-11-05 14:15:00,11245.98999999999,11245.98999999999
2025-11-05 15:15:00,11245.98999999999,11245.98999999999
2025-11-05 16:15:00,11245.98999999999,11245.98999999999
2025-11-05 17:15:00,11245.98999999999,11245.98999999999
2025-11-05 18:15:00,11245.98999999999,11245.98999999999
2025-11-05 19:15:00,11245.98999999999,11245.98999999999
2025-11-05 20:15:00,11245.98999999999,11245.98999999999
2025-11-05 21:15:00,11245.98999999999,11245.98999999999
2025-11-05 22:15:00,11245.98999999999,11245.98999999999
2025-11-05 23:15:00,11245.98999999999,11245.98999999999
2025-11-06 01:16:00,11245.98999999999,11245.98999999999
2025-11-06 02:16:00,11131.389999999994,11131.389999999994
2025-11-06 03:16:00,11131.389999999994,11131.389999999994
2025-11-06 04:16:00,11131.389999999994,11131.389999999994
2025-11-06 05:16:00,11131.389999999994,11131.389999999994
2025-11-06 06:16:00,11131.389999999994,11131.389999999994
2025-11-06 07:16:00,11131.389999999994,11131.389999999994
2025-11-06 08:16:00,11131.389999999994,11131.389999999994
2025-11-06 09:16:00,11131.389999999994,11131.389999999994
2025-11-06 10:16:00,11131.389999999994,11131.389999999994
2025-11-06 11:16:00,11131.389999999994,11131.389999999994
2025-11-06 12:16:00,11131.389999999994,11131.389999999994
2025-11-06 13:16:00,11131.389999999994,11131.389999999994
2025-11-06 14:16:00,11131.389999999994,11131.389999999994
2025-11-06 15:16:00,11143.849999999993,11200.24999999999
2025-11-06 16:16:00,11143.849999999993,11155.449999999992
2025-11-06 17:16:00,11143.04999999999,11143.04999999999
2025-11-06 18:16:00,11143.04999999999,11143.04999999999
2025-11-06 19:16:00,11143.04999999999,11143.04999999999
2025-11-06 20:16:00,11143.04999999999,11143.04999999999
2025-11-06 21:16:00,11143.04999999999,11143.04999999999
2025-11-06 22:16:00,11143.04999999999,11143.04999999999
2025-11-06 23:16:00,11143.04999999999,11143.04999999999
2025-11-07 01:17:00,11143.04999999999,11143.04999999999
2025-11-07 02:17:00,11143.04999999999,11143.04999999999
2025-11-07 03:17:00,11143.04999999999,11143.04999999999
2025-11-07 04:17:00,11143.04999999999,11143.04999999999
2025-11-07 05:17:00,11143.04999999999,11143.04999999999
2025-11-07 06:17:00,11143.04999999999,11143.04999999999
2025-11-07 07:17:00,11143.04999999999,11143.04999999999
2025-11-07 08:17:00,11143.04999999999,11143.04999999999
2025-11-07 09:17:00,11143.04999999999,11143.04999999999
2025-11-07 10:17:00,11143.04999999999,11143.04999999999
2025-11-07 11:17:00,11143.04999999999,11143.04999999999
2025-11-07 12:17:00,11143.04999999999,11143.04999999999
2025-11-07 13:17:00,11143.04999999999,11143.04999999999
2025-11-07 14:17:00,11143.04999999999,11143.04999999999
2025-11-07 15:17:00,11143.04999999999,11143.04999999999
2025-11-07 16:17:00,11143.04999999999,11143.04999999999
2025-11-07 17:17:00,11143.04999999999,11143.04999999999
2025-11-07 18:17:00,11143.04999999999,11143.04999999999
2025-11-07 19:17:00,11143.04999999999,11143.04999999999
2025-11-07 20:17:00,11143.04999999999,11143.04999999999
2025-11-07 21:17:00,11143.04999999999,11143.04999999999
2025-11-07 22:17:00,11143.04999999999,11143.04999999999
2025-11-07 23:17:00,11143.04999999999,11143.04999999999
2025-11-10 01:18:00,11143.04999999999,11143.04999999999
2025-11-10 02:18:00,11143.04999999999,11143.04999999999
2025-11-10 03:18:00,11143.04999999999,11143.04999999999
2025-11-10 04:18:00,11142.20999999999,11191.529999999992
2025-11-10 05:18:00,11142.20999999999,11174.48999999999
2025-11-10 06:18:00,11189.399999999992,11252.579999999994
2025-11-10 07:18:00,11189.399999999992,11246.039999999992
2025-11-10 08:18:00,11252.339999999993,11333.039999999994
2025-11-10 09:18:00,11252.339999999993,11350.259999999993
2025-11-10 10:18:00,11252.339999999993,11353.079999999993
2025-11-10 11:18:00,11252.339999999993,11351.279999999993
2025-11-10 12:18:00,11378.189999999993,11378.189999999993
2025-11-10 13:18:00,11378.189999999993,11378.189999999993
2025-11-10 14:18:00,11378.189999999993,11378.189999999993
2025-11-10 15:18:00,11378.189999999993,11378.189999999993
2025-11-10 16:18:00,11378.189999999993,11378.189999999993
2025-11-10 17:18:00,11378.189999999993,11378.189999999993
2025-11-10 18:18:00,11378.189999999993,11378.189999999993
2025-11-10 19:18:00,11378.189999999993,11378.189999999993
2025-11-10 20:18:00,11378.189999999993,11378.189999999993
2025-11-10 21:18:00,11378.189999999993,11378.189999999993
2025-11-10 22:18:00,11378.189999999993,11378.189999999993
2025-11-10 23:18:00,11378.189999999993,11378.189999999993
2025-11-11 01:19:00,11378.189999999993,11378.189999999993
2025-11-11 02:19:00,11378.189999999993,11378.189999999993
2025-11-11 03:19:00,11378.189999999993,11378.189999999993
2025-11-11 04:19:00,11378.189999999993,11378.189999999993
2025-11-11 05:19:00,11378.189999999993,11378.189999999993
2025-11-11 06:19:00,11378.189999999993,11378.189999999993
2025-11-11 07:19:00,11378.189999999993,11378.189999999993
2025-11-11 08:19:00,11378.189999999993,11378.189999999993
2025-11-11 09:19:00,11378.189999999993,11378.189999999993
2025-11-11 10:19:00,11378.189999999993,11378.189999999993
2025-11-11 11:19:00,11378.189999999993,11378.189999999993
2025-11-11 12:19:00,11378.189999999993,11378.189999999993
2025-11-11 13:19:00,11378.189999999993,11378.189999999993
2025-11-11 14:19:00,11378.189999999993,11378.189999999993
2025-11-11 15:19:00,11378.189999999993,11378.189999999993
2025-11-11 16:19:00,11378.189999999993,11378.189999999993
2025-11-11 17:19:00,11378.189999999993,11378.189999999993
2025-11-11 18:19:00,11378.189999999993,11378.189999999993
2025-11-11 19:19:00,11378.189999999993,11378.189999999993
2025-11-11 20:19:00,11378.189999999993,11378.189999999993
2025-11-11 21:19:00,11378.189999999993,11378.189999999993
2025-11-11 22:19:00,11378.189999999993,11378.189999999993
2025-11-11 23:19:00,11378.189999999993,11378.189999999993
2025-11-12 01:20:00,11378.189999999993,11378.189999999993
2025-11-12 02:20:00,11378.189999999993,11378.189999999993
2025-11-12 03:20:00,11378.189999999993,11378.189999999993
2025-11-12 04:20:00,11378.189999999993,11378.189999999993
2025-11-12 05:20:00,11378.189999999993,11378.189999999993
2025-11-12 06:20:00,11378.189999999993,11378.189999999993
2025-11-12 07:20:00,11378.189999999993,11378.189999999993
2025-11-12 08:20:00,11378.189999999993,11378.189999999993
2025-11-12 09:20:00,11378.189999999993,11378.189999999993
2025-11-12 10:20:00,11378.189999999993,11378.189999999993
2025-11-12 11:20:00,11378.189999999993,11378.189999999993
2025-11-12 12:20:00,11378.189999999993,11378.189999999993
2025-11-12 13:20:00,11378.189999999993,11378.189999999993
2025-11-12 14:20:00,11378.189999999993,11378.189999999993
2025-11-12 15:20:00,11378.189999999993,11378.189999999993
2025-11-12 16:20:00,11378.189999999993,11378.189999999993
2025-11-12 17:20:00,11378.189999999993,11378.189999999993
2025-11-12 18:20:00,11378.189999999993,11378.189999999993
2025-11-12 19:20:00,11378.189999999993,11378.189999999993
2025-11-12 20:20:00,11378.189999999993,11378.189999999993
2025-11-12 21:20:00,11378.189999999993,11378.189999999993
2025-11-12 22:20:00,11378.189999999993,11378.189999999993
2025-11-12 23:20:00,11378.189999999993,11378.189999999993
2025-11-13 01:21:00,11378.189999999993,11378.189999999993
2025-11-13 02:21:00,11378.189999999993,11378.189999999993
2025-11-13 03:21:00,11378.189999999993,11378.189999999993
2025-11-13 04:21:00,11378.189999999993,11378.189999999993
2025-11-13 05:21:00,11378.189999999993,11378.189999999993
2025-11-13 06:21:00,11378.189999999993,11378.189999999993
2025-11-13 07:21:00,11378.189999999993,11378.189999999993
2025-11-13 08:21:00,11378.189999999993,11378.189999999993
2025-11-13 09:21:00,11378.189999999993,11378.189999999993
2025-11-13 10:21:00,11378.189999999993,11378.189999999993
2025-11-13 11:21:00,11378.189999999993,11378.189999999993
2025-11-13 12:21:00,11378.189999999993,11378.189999999993
2025-11-13 13:21:00,11378.189999999993,11378.189999999993
2025-11-13 14:21:00,11378.189999999993,11378.189999999993
2025-11-13 15:21:00,11392.30999999999,11392.30999999999
2025-11-13 16:21:00,11392.30999999999,11392.30999999999
2025-11-13 17:21:00,11392.30999999999,11392.30999999999
2025-11-13 18:21:00,11392.30999999999,11392.30999999999
2025-11-13 19:21:00,11392.30999999999,11392.30999999999
2025-11-13 20:21:00,11392.30999999999,11392.30999999999
2025-11-13 21:21:00,11391.46999999999,11332.809999999987
2025-11-13 22:21:00,11400.87999999999,11414.439999999993
2025-11-13 23:21:00,11431.31999999999,11560.169999999995
2025-11-14 01:22:00,11426.81999999999,11594.099999999991
2025-11-14 02:22:00,11450.049999999992,11659.309999999994
2025-11-14 03:22:00,11450.049999999992,11597.709999999988
2025-11-14 04:22:00,11450.049999999992,11718.589999999993
2025-11-14 05:22:00,11565.529999999992,11787.909999999989
2025-11-14 06:22:00,11565.529999999992,11753.509999999995
2025-11-14 07:22:00,11565.529999999992,11688.709999999994
2025-11-14 08:22:00,11565.529999999992,11663.80999999999
2025-11-14 09:22:00,11565.329999999993,11574.169999999993
2025-11-14 10:22:00,11565.029999999992,11565.029999999992
2025-11-14 11:22:00,11565.029999999992,11565.029999999992
2025-11-14 12:22:00,11565.029999999992,11565.029999999992
2025-11-14 13:22:00,11565.029999999992,11565.029999999992
2025-11-14 14:22:00,11565.029999999992,11565.029999999992
2025-11-14 15:22:00,11565.029999999992,11565.029999999992
2025-11-14 16:22:00,11565.029999999992,11565.029999999992
2025-11-14 17:22:00,11565.029999999992,11565.029999999992
2025-11-14 18:22:00,11580.10999999999,11580.10999999999
2025-11-14 19:22:00,11580.10999999999,11580.10999999999
2025-11-14 20:22:00,11580.10999999999,11580.10999999999
2025-11-14 21:22:00,11580.10999999999,11580.10999999999
2025-11-14 22:22:00,11580.10999999999,11580.10999999999
2025-11-14 23:22:00,11580.10999999999,11580.10999999999
2025-11-17 01:23:00,11580.10999999999,11580.10999999999
2025-11-17 02:23:00,11580.10999999999,11580.10999999999
2025-11-17 03:23:00,11580.10999999999,11580.10999999999
2025-11-17 04:23:00,11580.10999999999,11580.10999999999
2025-11-17 05:23:00,11580.10999999999,11580.10999999999
2025-11-17 06:23:00,11580.10999999999,11580.10999999999
2025-11-17 07:23:00,11580.10999999999,11580.10999999999
2025-11-17 08:23:00,11579.89999999999,11591.89999999999
2025-11-17 09:23:00,11579.89999999999,11640.73999999999
2025-11-17 10:23:00,11608.55999999999,11664.819999999989
2025-11-17 11:23:00,11608.55999999999,11665.57999999999
2025-11-17 12:23:00,11608.55999999999,11670.69999999999
2025-11-17 13:23:00,11608.55999999999,11636.69999999999
2025-11-17 14:23:00,11608.55999999999,11654.85999999999
2025-11-17 15:23:00,11608.55999999999,11660.21999999999
2025-11-17 16:23:00,11608.55999999999,11630.11999999999
2025-11-17 17:23:00,11608.55999999999,11639.57999999999
2025-11-17 18:23:00,11608.35999999999,11608.35999999999
2025-11-17 19:23:00,11608.35999999999,11608.35999999999
2025-11-17 20:23:00,11608.35999999999,11608.35999999999
2025-11-17 21:23:00,11608.35999999999,11608.35999999999
2025-11-17 22:23:00,11608.35999999999,11608.35999999999
2025-11-17 23:23:00,11608.35999999999,11608.35999999999
2025-11-18 01:24:00,11608.35999999999,11608.35999999999
2025-11-18 02:24:00,11608.35999999999,11608.35999999999
2025-11-18 03:24:00,11608.35999999999,11608.35999999999
2025-11-18 04:24:00,11608.35999999999,11608.35999999999
2025-11-18 05:24:00,11608.35999999999,11608.35999999999
2025-11-18 06:24:00,11608.35999999999,11608.35999999999
2025-11-18 07:24:00,11608.35999999999,11608.35999999999
2025-11-18 08:24:00,11608.35999999999,11608.35999999999
2025-11-18 09:24:00,11608.35999999999,11608.35999999999
2025-11-18 10:24:00,11608.35999999999,11608.35999999999
2025-11-18 11:24:00,11489.37999999999,11489.37999999999
2025-11-18 12:24:00,11489.37999999999,11489.37999999999
2025-11-18 13:24:00,11489.37999999999,11489.37999999999
2025-11-18 14:24:00,11489.37999999999,11489.37999999999
2025-11-18 15:24:00,11489.37999999999,11489.37999999999
2025-11-18 16:24:00,11489.37999999999,11489.37999999999
2025-11-18 17:24:00,11489.37999999999,11489.37999999999
2025-11-18 18:24:00,11489.37999999999,11489.37999999999
2025-11-18 19:24:00,11489.37999999999,11489.37999999999
2025-11-18 20:24:00,11489.37999999999,11489.37999999999
2025-11-18 21:24:00,11489.37999999999,11489.37999999999
2025-11-18 22:24:00,11489.37999999999,11489.37999999999
2025-11-18 23:24:00,11489.37999999999,11489.37999999999
2025-11-19 01:25:00,11489.37999999999,11489.37999999999
2025-11-19 02:25:00,11489.37999999999,11489.37999999999
2025-11-19 03:25:00,11489.37999999999,11489.37999999999
2025-11-19 04:25:00,11489.37999999999,11489.37999999999
2025-11-19 05:25:00,11489.37999999999,11489.37999999999
2025-11-19 06:25:00,11370.479999999985,11370.479999999985
2025-11-19 07:25:00,11370.479999999985,11370.479999999985
2025-11-19 08:25:00,11370.479999999985,11370.479999999985
2025-11-19 09:25:00,11382.359999999986,11425.199999999988
2025-11-19 10:25:00,11407.319999999989,11407.319999999989
2025-11-19 11:25:00,11407.319999999989,11407.319999999989
2025-11-19 12:25:00,11407.319999999989,11407.319999999989
2025-11-19 13:25:00,11407.319999999989,11407.319999999989
2025-11-19 14:25:00,11407.319999999989,11407.319999999989
2025-11-19 15:25:00,11419.39999999999,11439.979999999992
2025-11-19 16:25:00,11444.679999999991,11470.559999999992
2025-11-19 17:25:00,11444.279999999993,11444.279999999993
2025-11-19 18:25:00,11362.44,11362.44
2025-11-19 19:25:00,11362.44,11362.44
2025-11-19 20:25:00,11362.44,11362.44
2025-11-19 21:25:00,11362.44,11362.44
2025-11-19 22:25:00,11362.44,11362.44
2025-11-19 23:25:00,11362.44,11362.44
2025-11-20 01:26:00,11362.44,11362.44
2025-11-20 02:26:00,11362.16,11358.64
2025-11-20 03:26:00,11374.710000000001,11404.050000000003
2025-11-20 04:26:00,11450.02,11501.74
2025-11-20 05:26:00,11450.02,11482.26
2025-11-20 06:26:00,11450.02,11477.84
2025-11-20 07:26:00,11450.02,11485.5
2025-11-20 08:26:00,11450.02,11494.900000000001
2025-11-20 09:26:00,11450.02,11494.550000000001
2025-11-20 10:26:00,11337.599999999999,11402.059999999998
2025-11-20 11:26:00,11337.599999999999,11380.929999999998
2025-11-20 12:26:00,11337.599999999999,11380.899999999998
2025-11-20 13:26:00,11337.599999999999,11391.089999999998
2025-11-20 14:26:00,11337.599999999999,11370.999999999998
2025-11-20 15:26:00,11337.599999999999,11354.359999999999
2025-11-20 16:26:00,11337.599999999999,11360.589999999998
2025-11-20 17:26:00,11337.499999999998,11337.499999999998
2025-11-20 18:26:00,11337.499999999998,11337.499999999998
2025-11-20 19:26:00,11377.039999999997,11452.639999999994
2025-11-20 20:26:00,11376.139999999994,11376.139999999994
2025-11-20 21:26:00,11376.139999999994,11376.139999999994
2025-11-20 22:26:00,11376.139999999994,11376.139999999994
2025-11-20 23:26:00,11376.139999999994,11376.139999999994
2025-11-21 01:27:00,11376.139999999994,11376.139999999994
2025-11-21 02:27:00,11375.229999999994,11416.699999999995
2025-11-21 03:27:00,11389.40999999999,11389.40999999999
2025-11-21 04:27:00,11389.40999999999,11389.40999999999
2025-11-21 05:27:00,11389.40999999999,11389.40999999999
2025-11-21 06:27:00,11389.40999999999,11389.40999999999
2025-11-21 07:27:00,11389.40999999999,11389.40999999999
2025-11-21 08:27:00,11389.40999999999,11389.40999999999
2025-11-21 09:27:00,11389.40999999999,11389.40999999999
2025-11-21 10:27:00,11389.40999999999,11389.40999999999
2025-11-21 11:27:00,11389.40999999999,11389.40999999999
2025-11-21 12:27:00,11389.40999999999,11389.40999999999
2025-11-21 13:27:00,11389.40999999999,11389.40999999999
2025-11-21 14:27:00,11389.40999999999,11389.40999999999
2025-11-21 15:27:00,11389.40999999999,11389.40999999999
2025-11-21 16:27:00,11389.40999999999,11389.40999999999
2025-11-21 17:27:00,11389.40999999999,11389.40999999999
2025-11-21 18:27:00,11403.059999999985,11403.059999999985
2025-11-21 19:27:00,11403.059999999985,11403.059999999985
2025-11-21 20:27:00,11403.059999999985,11403.059999999985
2025-11-21 21:27:00,11403.059999999985,11403.059999999985
2025-11-21 22:27:00,11403.059999999985,11403.059999999985
2025-11-21 23:27:00,11414.999999999985,11414.999999999985
2025-11-24 01:28:00,11414.999999999985,11414.999999999985
2025-11-24 02:28:00,11414.999999999985,11414.999999999985
2025-11-24 03:28:00,11414.999999999985,11414.999999999985
2025-11-24 04:28:00,11414.999999999985,11414.999999999985
2025-11-24 05:28:00,11414.999999999985,11414.999999999985
2025-11-24 06:28:00,11414.999999999985,11414.999999999985
2025-11-24 07:28:00,11414.999999999985,11414.999999999985
2025-11-24 08:28:00,11414.999999999985,11414.999999999985
2025-11-24 09:28:00,11414.999999999985,11414.999999999985
2025-11-24 10:28:00,11414.999999999985,11414.999999999985
2025-11-24 11:28:00,11414.999999999985,11414.999999999985
2025-11-24 12:28:00,11414.999999999985,11414.999999999985
2025-11-24 13:28:00,11414.999999999985,11414.999999999985
2025-11-24 14:28:00,11414.999999999985,11414.999999999985
2025-11-24 15:28:00,11414.999999999985,11414.999999999985
2025-11-24 16:28:00,11414.999999999985,11414.999999999985
2025-11-24 17:28:00,11414.999999999985,11414.999999999985
2025-11-24 18:28:00,11414.999999999985,11414.999999999985
2025-11-24 19:28:00,11414.999999999985,11414.999999999985
2025-11-24 20:28:00,11414.999999999985,11414.999999999985
2025-11-24 21:28:00,11414.999999999985,11414.999999999985
2025-11-24 22:28:00,11414.999999999985,11414.999999999985
2025-11-24 23:28:00,11414.999999999985,11414.999999999985
2025-11-25 01:29:00,11414.999999999985,11414.999999999985
2025-11-25 02:29:00,11414.999999999985,11414.999999999985
2025-11-25 03:29:00,11414.999999999985,11414.999999999985
2025-11-25 04:29:00,11414.999999999985,11414.999999999985
2025-11-25 05:29:00,11414.999999999985,11414.999999999985
2025-11-25 06:29:00,11414.999999999985,11414.999999999985
2025-11-25 07:29:00,11414.999999999985,11414.999999999985
2025-11-25 08:29:00,11414.999999999985,11414.999999999985
2025-11-25 09:29:00,11414.999999999985,11414.999999999985
2025-11-25 10:29:00,11414.999999999985,11414.999999999985
2025-11-25 11:29:00,11466.619999999988,11553.49999999999
2025-11-25 12:29:00,11466.619999999988,11591.299999999992
2025-11-25 13:29:00,11466.619999999988,11600.299999999992
2025-11-25 14:29:00,11466.619999999988,11601.799999999992
2025-11-25 15:29:00,11582.48999999999,11753.99999999999
2025-11-25 16:29:00,11581.389999999996,11678.069999999996
2025-11-25 17:29:00,11581.389999999996,11651.789999999997
2025-11-25 18:29:00,11581.389999999996,11702.189999999995
2025-11-25 19:29:00,11581.389999999996,11739.669999999998
2025-11-25 20:29:00,11581.389999999996,11711.469999999998
2025-11-25 21:29:00,11581.389999999996,11660.709999999995
2025-11-25 22:29:00,11581.389999999996,11669.429999999997
2025-11-25 23:29:00,11581.389999999996,11661.029999999995
2025-11-26 01:30:00,11575.389999999996,11662.109999999997
2025-11-26 02:30:00,11575.389999999996,11700.989999999998
2025-11-26 03:30:00,11575.389999999996,11718.789999999997
2025-11-26 04:30:00,11575.389999999996,11790.309999999998
2025-11-26 05:30:00,11575.389999999996,11789.309999999998
2025-11-26 06:30:00,11575.389999999996,11763.429999999997
2025-11-26 07:30:00,11575.389999999996,11797.909999999996
2025-11-26 08:30:00,11575.389999999996,11759.589999999997
2025-11-26 09:30:00,11575.389999999996,11743.749999999996
2025-11-26 10:30:00,11575.389999999996,11798.909999999996
2025-11-26 11:30:00,11575.389999999996,11782.389999999996
2025-11-26 12:30:00,11575.389999999996,11773.069999999996
2025-11-26 13:30:00,11575.389999999996,11800.629999999997
2025-11-26 14:30:00,11575.389999999996,11785.589999999997
2025-11-26 15:30:00,11575.389999999996,11776.069999999996
2025-11-26 16:30:00,11575.389999999996,11712.789999999997
2025-11-26 17:30:00,11575.389999999996,11775.469999999998
2025-11-26 18:30:00,11575.389999999996,11786.549999999996
2025-11-26 19:30:00,11575.389999999996,11805.589999999997
2025-11-26 20:30:00,11575.389999999996,11796.349999999995
2025-11-26 21:30:00,11575.389999999996,11803.749999999996
2025-11-26 22:30:00,11575.389999999996,11798.949999999997
2025-11-26 23:30:00,11575.389999999996,11788.149999999998
2025-11-27 01:31:00,11573.389999999996,11788.469999999998
2025-11-27 02:31:00,11573.389999999996,11798.589999999997
2025-11-27 03:31:00,11573.389999999996,11754.229999999996
2025-11-27 04:31:00,11573.389999999996,11731.069999999996
2025-11-27 05:31:00,11573.389999999996,11726.949999999997
2025-11-27 06:31:00,11573.389999999996,11739.149999999998
2025-11-27 07:31:00,11573.389999999996,11740.709999999995
2025-11-27 08:31:00,11573.389999999996,11753.229999999996
2025-11-27 09:31:00,11573.389999999996,11766.229999999996
2025-11-27 10:31:00,11573.389999999996,11787.469999999998
2025-11-27 11:31:00,11573.389999999996,11746.949999999997
2025-11-27 12:31:00,11573.389999999996,11750.229999999996
2025-11-27 13:31:00,11573.389999999996,11768.029999999995
2025-11-27 14:31:00,11573.389999999996,11761.029999999995
2025-11-27 15:31:00,11573.389999999996,11752.149999999998
2025-11-27 16:31:00,11573.389999999996,11761.949999999997
2025-11-27 17:31:00,11573.389999999996,11773.749999999996
2025-11-27 18:31:00,11573.389999999996,11754.949999999997
2025-11-27 19:31:00,11573.389999999996,11760.869999999995
2025-11-27 20:31:00,11573.389999999996,11757.629999999997
2025-11-28 01:00:00,11571.389999999996,11772.109999999997
2025-11-28 02:00:00,11571.389999999996,11784.589999999997
2025-11-28 03:00:00,11850.349999999995,11850.349999999995
2025-11-28 04:00:00,11850.349999999995,11850.349999999995
2025-11-28 05:00:00,11850.349999999995,11850.349999999995
2025-11-28 06:00:00,11850.349999999995,11850.349999999995
2025-11-28 07:00:00,11850.349999999995,11850.349999999995
2025-11-28 08:00:00,12048.830000000002,12048.830000000002
2025-11-28 09:00:00,12048.830000000002,12048.830000000002
2025-11-28 10:00:00,12048.830000000002,12048.830000000002
2025-11-28 11:00:00,12048.830000000002,12048.830000000002
2025-11-28 12:00:00,12048.830000000002,12048.830000000002
2025-11-28 13:00:00,12048.830000000002,12048.830000000002
2025-11-28 14:00:00,12047.220000000001,12063.089999999993
2025-11-28 15:00:00,12094.17,12197.389999999996
2025-11-28 16:00:00,12092.869999999995,12092.869999999995
2025-11-28 17:00:00,12092.869999999995,12092.869999999995
2025-11-28 18:00:00,12091.469999999996,12067.86999999999
2025-11-28 19:00:00,12107.66999999999,12107.66999999999
2025-11-28 20:00:00,12107.66999999999,12107.66999999999
2025-11-28 21:00:00,12107.66999999999,12107.66999999999
2025-12-01 01:14:00,12107.66999999999,12107.66999999999
2025-12-01 02:14:00,12107.66999999999,12107.66999999999
2025-12-01 03:14:00,12107.66999999999,12107.66999999999
2025-12-01 04:14:00,12107.66999999999,12107.66999999999
2025-12-01 05:14:00,12107.66999999999,12107.66999999999
2025-12-01 06:14:00,12118.019999999982,12118.019999999982
2025-12-01 07:14:00,12118.019999999982,12118.019999999982
2025-12-01 08:14:00,12116.619999999983,12123.219999999981
2025-12-01 09:14:00,12133.069999999978,12133.069999999978
2025-12-01 10:14:00,12133.069999999978,12133.069999999978
2025-12-01 11:14:00,12133.069999999978,12133.069999999978
2025-12-01 12:14:00,12133.069999999978,12133.069999999978
2025-12-01 13:14:00,12133.069999999978,12133.069999999978
2025-12-01 14:14:00,12133.069999999978,12133.069999999978
2025-12-01 15:14:00,12133.069999999978,12133.069999999978
2025-12-01 16:14:00,12133.069999999978,12133.069999999978
2025-12-01 17:14:00,12133.069999999978,12133.069999999978
2025-12-01 18:14:00,12133.069999999978,12133.069999999978
2025-12-01 19:14:00,12133.069999999978,12133.069999999978
2025-12-01 20:14:00,12133.069999999978,12133.069999999978
2025-12-01 21:14:00,12133.069999999978,12133.069999999978
2025-12-01 22:14:00,12133.069999999978,12133.069999999978
2025-12-01 23:14:00,12148.89999999998,12200.739999999976
2025-12-02 01:15:00,12147.299999999974,12147.299999999974
2025-12-02 02:15:00,12147.299999999974,12147.299999999974
2025-12-02 03:15:00,12147.299999999974,12147.299999999974
2025-12-02 04:15:00,12147.299999999974,12147.299999999974
2025-12-02 05:15:00,12147.299999999974,12147.299999999974
2025-12-02 06:15:00,12147.299999999974,12147.299999999974
2025-12-02 07:15:00,12147.299999999974,12147.299999999974
2025-12-02 08:15:00,12147.299999999974,12147.299999999974
2025-12-02 09:15:00,12147.299999999974,12147.299999999974
2025-12-02 10:15:00,12147.299999999974,12147.299999999974
2025-12-02 11:15:00,12147.299999999974,12147.299999999974
2025-12-02 12:15:00,12271.13999999998,12290.87999999998
2025-12-02 13:15:00,12271.13999999998,12307.739999999982
2025-12-02 14:15:00,12412.559999999983,12412.559999999983
2025-12-02 15:15:00,12412.559999999983,12412.559999999983
2025-12-02 16:15:00,12412.559999999983,12412.559999999983
2025-12-02 17:15:00,12412.559999999983,12412.559999999983
2025-12-02 18:15:00,12412.559999999983,12412.559999999983
2025-12-02 19:15:00,12412.559999999983,12412.559999999983
2025-12-02 20:15:00,12412.559999999983,12412.559999999983
2025-12-02 21:15:00,12412.559999999983,12412.559999999983
2025-12-02 22:15:00,12412.559999999983,12412.559999999983
2025-12-02 23:15:00,12412.559999999983,12412.559999999983
2025-12-03 01:16:00,12412.559999999983,12412.559999999983
2025-12-03 02:16:00,12412.559999999983,12412.559999999983
2025-12-03 03:16:00,12412.559999999983,12412.559999999983
2025-12-03 04:16:00,12412.559999999983,12412.559999999983
2025-12-03 05:16:00,12412.559999999983,12412.559999999983
2025-12-03 06:16:00,12412.559999999983,12412.559999999983
2025-12-03 07:16:00,12412.559999999983,12412.559999999983
2025-12-03 08:16:00,12412.559999999983,12412.559999999983
2025-12-03 09:16:00,12412.559999999983,12412.559999999983
2025-12-03 10:16:00,12412.559999999983,12412.559999999983
2025-12-03 11:16:00,12412.559999999983,12412.559999999983
2025-12-03 12:16:00,12412.559999999983,12412.559999999983
2025-12-03 13:16:00,12412.559999999983,12412.559999999983
2025-12-03 14:16:00,12412.559999999983,12412.559999999983
2025-12-03 15:16:00,12412.559999999983,12412.559999999983
2025-12-03 16:16:00,12412.559999999983,12412.559999999983
2025-12-03 17:16:00,12412.559999999983,12412.559999999983
2025-12-03 18:16:00,12412.559999999983,12412.559999999983
2025-12-03 19:16:00,12287.359999999973,12287.359999999973
2025-12-03 20:16:00,12287.359999999973,12287.359999999973
2025-12-03 21:16:00,12287.359999999973,12287.359999999973
2025-12-03 22:16:00,12287.359999999973,12287.359999999973
2025-12-03 23:16:00,12287.359999999973,12287.359999999973
2025-12-04 01:17:00,12287.359999999973,12287.359999999973
2025-12-04 02:17:00,12287.359999999973,12287.359999999973
2025-12-04 03:17:00,12287.359999999973,12287.359999999973
2025-12-04 04:17:00,12287.359999999973,12287.359999999973
2025-12-04 05:17:00,12161.219999999963,12161.219999999963
2025-12-04 06:17:00,12161.219999999963,12161.219999999963
2025-12-04 07:17:00,12161.219999999963,12161.219999999963
2025-12-04 08:17:00,12161.219999999963,12161.219999999963
2025-12-04 09:17:00,12161.219999999963,12161.219999999963
2025-12-04 10:17:00,12161.219999999963,12161.219999999963
2025-12-04 11:17:00,12161.219999999963,12161.219999999963
2025-12-04 12:17:00,12161.219999999963,12161.219999999963
2025-12-04 13:17:00,12161.219999999963,12161.219999999963
2025-12-04 14:17:00,12161.219999999963,12161.219999999963
2025-12-04 15:17:00,12161.219999999963,12161.219999999963
2025-12-04 16:17:00,12161.219999999963,12161.219999999963
2025-12-04 17:17:00,12161.219999999963,12161.219999999963
2025-12-04 18:17:00,12161.219999999963,12161.219999999963
2025-12-04 19:17:00,12161.219999999963,12161.219999999963
2025-12-04 20:17:00,12161.219999999963,12161.219999999963
2025-12-04 21:17:00,12161.219999999963,12161.219999999963
2025-12-04 22:17:00,12161.219999999963,12161.219999999963
2025-12-04 23:17:00,12161.219999999963,12161.219999999963
2025-12-05 01:18:00,12161.219999999963,12161.219999999963
2025-12-05 02:18:00,12161.219999999963,12161.219999999963
2025-12-05 03:18:00,12161.219999999963,12161.219999999963
2025-12-05 04:18:00,12161.219999999963,12161.219999999963
2025-12-05 05:18:00,12161.219999999963,12161.219999999963
2025-12-05 06:18:00,12161.219999999963,12161.219999999963
2025-12-05 07:18:00,12161.219999999963,12161.219999999963
2025-12-05 08:18:00,12161.219999999963,12161.219999999963
2025-12-05 09:18:00,12161.219999999963,12161.219999999963
2025-12-05 10:18:00,12161.219999999963,12161.219999999963
2025-12-05 11:18:00,12161.219999999963,12161.219999999963
2025-12-05 12:18:00,12161.219999999963,12161.219999999963
2025-12-05 13:18:00,12161.219999999963,12161.219999999963
2025-12-05 14:18:00,12161.219999999963,12161.219999999963
2025-12-05 15:18:00,12161.219999999963,12161.219999999963
2025-12-05 16:18:00,12161.219999999963,12161.219999999963
2025-12-05 17:18:00,12161.219999999963,12161.219999999963
2025-12-05 18:18:00,12448.419999999964,12448.419999999964
2025-12-05 19:18:00,12448.419999999964,12448.419999999964
2025-12-05 20:18:00,12448.419999999964,12448.419999999964
2025-12-05 21:18:00,12448.419999999964,12448.419999999964
2025-12-05 22:18:00,12448.419999999964,12448.419999999964
2025-12-05 23:18:00,12448.419999999964,12448.419999999964
2025-12-08 01:19:00,12448.419999999964,12448.419999999964
2025-12-08 02:19:00,12448.419999999964,12448.419999999964
2025-12-08 03:19:00,12448.419999999964,12448.419999999964
2025-12-08 04:19:00,12448.419999999964,12448.419999999964
2025-12-08 05:19:00,12448.419999999964,12448.419999999964
2025-12-08 06:19:00,12448.419999999964,12448.419999999964
2025-12-08 07:19:00,12448.419999999964,12448.419999999964
2025-12-08 08:19:00,12448.419999999964,12448.419999999964
2025-12-08 09:19:00,12448.419999999964,12448.419999999964
2025-12-08 10:19:00,12448.419999999964,12448.419999999964
2025-12-08 11:19:00,12448.419999999964,12448.419999999964
2025-12-08 12:19:00,12448.419999999964,12448.419999999964
2025-12-08 13:19:00,12448.419999999964,12448.419999999964
2025-12-08 14:19:00,12448.419999999964,12448.419999999964
2025-12-08 15:19:00,12448.419999999964,12448.419999999964
2025-12-08 16:19:00,12448.419999999964,12448.419999999964
2025-12-08 17:19:00,12448.419999999964,12448.419999999964
2025-12-08 18:19:00,12448.419999999964,12448.419999999964
2025-12-08 19:19:00,12448.419999999964,12448.419999999964
2025-12-08 20:19:00,12448.419999999964,12448.419999999964
2025-12-08 21:19:00,12448.419999999964,12448.419999999964
2025-12-08 22:19:00,12448.419999999964,12448.419999999964
2025-12-08 23:19:00,12448.419999999964,12448.419999999964
2025-12-09 01:20:00,12448.419999999964,12448.419999999964
2025-12-09 02:20:00,12448.419999999964,12448.419999999964
2025-12-09 03:20:00,12448.419999999964,12448.419999999964
2025-12-09 04:20:00,12448.419999999964,12448.419999999964
2025-12-09 05:20:00,12448.419999999964,12448.419999999964
2025-12-09 06:20:00,12448.419999999964,12448.419999999964
2025-12-09 07:20:00,12448.419999999964,12448.419999999964
2025-12-09 08:20:00,12448.419999999964,12448.419999999964
2025-12-09 09:20:00,12448.419999999964,12448.419999999964
2025-12-09 10:20:00,12448.419999999964,12448.419999999964
2025-12-09 11:20:00,12267.219999999958,12267.219999999958
2025-12-09 12:20:00,12267.219999999958,12267.219999999958
2025-12-09 13:20:00,12267.219999999958,12267.219999999958
2025-12-09 14:20:00,12266.519999999957,12252.219999999954
2025-12-09 15:20:00,12277.099999999957,12292.299999999954
2025-12-09 16:20:00,12276.299999999954,12276.299999999954
2025-12-09 17:20:00,12276.299999999954,12276.299999999954
2025-12-09 18:20:00,12276.299999999954,12276.299999999954
2025-12-09 19:20:00,12276.299999999954,12276.299999999954
2025-12-09 20:20:00,12276.299999999954,12276.299999999954
2025-12-09 21:20:00,12276.299999999954,12276.299999999954
2025-12-09 22:20:00,12276.299999999954,12276.299999999954
2025-12-09 23:20:00,12276.299999999954,12276.299999999954
2025-12-10 01:21:00,12276.299999999954,12276.299999999954
2025-12-10 02:21:00,12276.299999999954,12276.299999999954
2025-12-10 03:21:00,12276.299999999954,12276.299999999954
2025-12-10 04:21:00,12276.299999999954,12276.299999999954
2025-12-10 05:21:00,12276.299999999954,12276.299999999954
2025-12-10 06:21:00,12276.299999999954,12276.299999999954
2025-12-10 07:21:00,12276.299999999954,12276.299999999954
2025-12-10 08:21:00,12149.47999999996,12149.47999999996
2025-12-10 09:21:00,12149.47999999996,12149.47999999996
2025-12-10 10:21:00,12149.47999999996,12149.47999999996
2025-12-10 11:21:00,12149.47999999996,12149.47999999996
2025-12-10 12:21:00,12149.47999999996,12149.47999999996
2025-12-10 13:21:00,12149.47999999996,12149.47999999996
2025-12-10 14:21:00,12149.47999999996,12149.47999999996
2025-12-10 15:21:00,12149.47999999996,12149.47999999996
2025-12-10 16:21:00,12149.47999999996,12149.47999999996
2025-12-10 17:21:00,12149.47999999996,12149.47999999996
2025-12-10 18:21:00,12149.47999999996,12149.47999999996
2025-12-10 19:21:00,12149.47999999996,12149.47999999996
2025-12-10 20:21:00,12149.47999999996,12149.47999999996
2025-12-10 21:21:00,12149.47999999996,12149.47999999996
2025-12-10 22:21:00,12149.12999999996,12127.429999999958
2025-12-10 23:21:00,12159.099999999959,12185.899999999958
2025-12-11 01:22:00,12159.699999999959,12180.619999999957
2025-12-11 02:22:00,12158.879999999957,12136.73999999996
2025-12-11 03:22:00,12158.879999999957,12164.099999999957
2025-12-11 04:22:00,12158.879999999957,12192.47999999996
2025-12-11 05:22:00,12184.089999999958,12293.19999999996
2025-12-11 06:22:00,12184.089999999958,12290.649999999961
2025-12-11 07:22:00,12184.089999999958,12294.83999999996
2025-12-11 08:22:00,12217.759999999958,12300.259999999958
2025-12-11 09:22:00,12217.759999999958,12300.259999999958
2025-12-11 10:22:00,12217.759999999958,12300.259999999958
2025-12-11 11:22:00,12217.759999999958,12300.259999999958
2025-12-11 12:22:00,12217.759999999958,12300.259999999958
2025-12-11 13:22:00,12217.759999999958,12300.22999999996
2025-12-11 14:22:00,12217.759999999958,12300.259999999958
2025-12-11 15:22:00,12217.759999999958,12300.259999999958
2025-12-11 16:22:00,12217.759999999958,12300.259999999958
2025-12-11 17:22:00,12247.569999999958,12308.229999999958
2025-12-11 18:22:00,12247.569999999958,12345.109999999959
2025-12-11 19:22:00,12247.569999999958,12376.749999999958
2025-12-11 20:22:00,12247.569999999958,12387.089999999958
2025-12-11 21:22:00,12246.029999999957,12404.989999999969
2025-12-11 22:22:00,12263.009999999958,12332.569999999962
2025-12-11 23:22:00,12263.009999999958,12444.049999999961
2025-12-12 01:23:00,12292.089999999958,12467.969999999958
2025-12-12 02:23:00,12292.089999999958,12466.76999999996
2025-12-12 03:23:00,12291.489999999956,12402.649999999956
2025-12-12 04:23:00,12291.489999999956,12416.509999999957
2025-12-12 05:23:00,12291.489999999956,12408.869999999957
2025-12-12 06:23:00,12291.489999999956,12403.349999999957
2025-12-12 07:23:00,12291.489999999956,12410.349999999957
2025-12-12 08:23:00,12291.489999999956,12426.309999999958
2025-12-12 09:23:00,12291.489999999956,12436.869999999957
2025-12-12 10:23:00,12291.489999999956,12452.929999999957
2025-12-12 11:23:00,12291.489999999956,12498.169999999956
2025-12-12 12:23:00,12291.489999999956,12509.729999999958
2025-12-12 13:23:00,12528.989999999956,12528.989999999956
2025-12-12 14:23:00,12528.989999999956,12528.989999999956
2025-12-12 15:23:00,12528.989999999956,12528.989999999956
2025-12-12 16:23:00,12528.989999999956,12528.989999999956
2025-12-12 17:23:00,12528.989999999956,12528.989999999956
2025-12-12 18:23:00,12528.989999999956,12528.989999999956
2025-12-12 19:23:00,12528.989999999956,12528.989999999956
2025-12-12 20:23:00,12528.989999999956,12528.989999999956
2025-12-12 21:23:00,12528.989999999956,12528.989999999956
2025-12-12 22:23:00,12528.989999999956,12528.989999999956
2025-12-12 23:23:00,12528.989999999956,12528.989999999956
2025-12-15 01:24:00,12528.989999999956,12528.989999999956
2025-12-15 02:24:00,12528.989999999956,12528.989999999956
2025-12-15 03:24:00,12528.989999999956,12528.989999999956
2025-12-15 04:24:00,12528.989999999956,12528.989999999956
2025-12-15 05:24:00,12535.729999999956,12598.02999999994
2025-12-15 06:24:00,12535.129999999954,12525.849999999955
2025-12-15 07:24:00,12535.129999999954,12530.64999999995
2025-12-15 08:24:00,12411.92999999995,12411.92999999995
2025-12-15 09:24:00,12411.92999999995,12411.92999999995
2025-12-15 10:24:00,12495.84999999995,12656.889999999958
2025-12-15 11:24:00,12611.88999999995,12742.029999999944
2025-12-15 12:24:00,12611.88999999995,12756.029999999944
2025-12-15 13:24:00,12610.489999999952,12610.489999999952
2025-12-15 14:24:00,12610.489999999952,12610.489999999952
2025-12-15 15:24:00,12610.489999999952,12610.489999999952
2025-12-15 16:24:00,12610.489999999952,12610.489999999952
2025-12-15 17:24:00,12610.489999999952,12610.489999999952
2025-12-15 18:24:00,12610.489999999952,12610.489999999952
2025-12-15 19:24:00,12610.489999999952,12610.489999999952
2025-12-15 20:24:00,12610.489999999952,12610.489999999952
2025-12-15 21:24:00,12610.489999999952,12610.489999999952
2025-12-15 22:24:00,12610.489999999952,12610.489999999952
2025-12-15 23:24:00,12610.489999999952,12610.489999999952
2025-12-16 01:25:00,12610.489999999952,12610.489999999952
2025-12-16 02:25:00,12610.489999999952,12610.489999999952
2025-12-16 03:25:00,12610.489999999952,12610.489999999952
2025-12-16 04:25:00,12610.489999999952,12610.489999999952
2025-12-16 05:25:00,12610.489999999952,12610.489999999952
2025-12-16 06:25:00,12610.489999999952,12610.489999999952
2025-12-16 07:25:00,12610.489999999952,12610.489999999952
2025-12-16 08:25:00,12610.489999999952,12610.489999999952
2025-12-16 09:25:00,12610.489999999952,12610.489999999952
2025-12-16 10:25:00,12610.489999999952,12610.489999999952
2025-12-16 11:25:00,12610.489999999952,12610.489999999952
2025-12-16 12:25:00,12610.489999999952,12610.489999999952
2025-12-16 13:25:00,12610.489999999952,12610.489999999952
2025-12-16 14:25:00,12610.489999999952,12610.489999999952
2025-12-16 15:25:00,12610.489999999952,12610.489999999952
2025-12-16 16:25:00,12481.969999999958,12481.969999999958
2025-12-16 17:25:00,12481.969999999958,12481.969999999958
2025-12-16 18:25:00,12481.969999999958,12481.969999999958
2025-12-16 19:25:00,12481.969999999958,12481.969999999958
2025-12-16 20:25:00,12481.969999999958,12481.969999999958
2025-12-16 21:25:00,12481.969999999958,12481.969999999958
2025-12-16 22:25:00,12481.969999999958,12481.969999999958
2025-12-16 23:25:00,12481.969999999958,12481.969999999958
2025-12-17 01:26:00,12481.969999999958,12481.969999999958
2025-12-17 02:26:00,12481.969999999958,12481.969999999958
2025-12-17 03:26:00,12481.969999999958,12481.969999999958
2025-12-17 04:26:00,12481.969999999958,12481.969999999958
2025-12-17 05:26:00,12481.969999999958,12481.969999999958
2025-12-17 06:26:00,12481.969999999958,12481.969999999958
2025-12-17 07:26:00,12481.969999999958,12481.969999999958
2025-12-17 08:26:00,12481.969999999958,12481.969999999958
2025-12-17 09:26:00,12481.969999999958,12481.969999999958
2025-12-17 10:26:00,12481.969999999958,12481.969999999958
2025-12-17 11:26:00,12481.969999999958,12481.969999999958
2025-12-17 12:26:00,12481.969999999958,12481.969999999958
2025-12-17 13:26:00,12481.969999999958,12481.969999999958
2025-12-17 14:26:00,12481.969999999958,12481.969999999958
2025-12-17 15:26:00,12481.969999999958,12481.969999999958
2025-12-17 16:26:00,12481.969999999958,12481.969999999958
2025-12-17 17:26:00,12481.969999999958,12481.969999999958
2025-12-17 18:26:00,12481.969999999958,12481.969999999958
2025-12-17 19:26:00,12481.969999999958,12481.969999999958
2025-12-17 20:26:00,12481.969999999958,12481.969999999958
2025-12-17 21:26:00,12481.969999999958,12481.969999999958
2025-12-17 22:26:00,12481.969999999958,12481.969999999958
2025-12-17 23:26:00,12481.969999999958,12481.969999999958
2025-12-18 01:27:00,12481.969999999958,12481.969999999958
2025-12-18 02:27:00,12481.969999999958,12481.969999999958
2025-12-18 03:27:00,12481.969999999958,12481.969999999958
2025-12-18 04:27:00,12481.969999999958,12481.969999999958
2025-12-18 05:27:00,12481.969999999958,12481.969999999958
2025-12-18 06:27:00,12481.969999999958,12481.969999999958
2025-12-18 07:27:00,12481.969999999958,12481.969999999958
2025-12-18 08:27:00,12481.969999999958,12481.969999999958
2025-12-18 09:27:00,12481.969999999958,12481.969999999958
2025-12-18 10:27:00,12481.969999999958,12481.969999999958
2025-12-18 11:27:00,12481.969999999958,12481.969999999958
2025-12-18 12:27:00,12481.969999999958,12481.969999999958
2025-12-18 13:27:00,12481.969999999958,12481.969999999958
2025-12-18 14:27:00,12481.969999999958,12481.969999999958
2025-12-18 15:27:00,12481.969999999958,12481.969999999958
2025-12-18 16:27:00,12481.969999999958,12481.969999999958
2025-12-18 17:27:00,12491.469999999961,12491.469999999961
2025-12-18 18:27:00,12491.469999999961,12491.469999999961
2025-12-18 19:27:00,12491.469999999961,12491.469999999961
2025-12-18 20:27:00,12491.469999999961,12491.469999999961
2025-12-18 21:27:00,12491.469999999961,12491.469999999961
2025-12-18 22:27:00,12491.469999999961,12491.469999999961
2025-12-18 23:27:00,12491.469999999961,12491.469999999961
2025-12-19 01:28:00,12491.469999999961,12491.469999999961
2025-12-19 02:28:00,12491.469999999961,12491.469999999961
2025-12-19 03:28:00,12491.469999999961,12491.469999999961
2025-12-19 04:28:00,12491.469999999961,12491.469999999961
2025-12-19 05:28:00,12491.469999999961,12491.469999999961
2025-12-19 06:28:00,12491.469999999961,12491.469999999961
2025-12-19 07:28:00,12491.469999999961,12491.469999999961
2025-12-19 08:28:00,12491.469999999961,12491.469999999961
2025-12-19 09:28:00,12491.469999999961,12491.469999999961
2025-12-19 10:28:00,12491.469999999961,12491.469999999961
2025-12-19 11:28:00,12491.469999999961,12491.469999999961
2025-12-19 12:28:00,12491.469999999961,12491.469999999961
2025-12-19 13:28:00,12491.469999999961,12491.469999999961
2025-12-19 14:28:00,12491.469999999961,12491.469999999961
2025-12-19 15:28:00,12491.469999999961,12491.469999999961
2025-12-19 16:28:00,12491.469999999961,12491.469999999961
2025-12-19 17:28:00,12490.909999999962,12519.46999999996
2025-12-19 18:28:00,12490.909999999962,12452.909999999962
2025-12-19 19:28:00,12490.909999999962,12408.989999999963
2025-12-19 20:28:00,12374.749999999958,12374.749999999958
2025-12-19 21:28:00,12374.749999999958,12374.749999999958
2025-12-19 22:28:00,12374.749999999958,12374.749999999958
2025-12-19 23:28:00,12374.749999999958,12374.749999999958
2025-12-22 01:29:00,12374.749999999958,12374.749999999958
2025-12-22 02:29:00,12374.749999999958,12374.749999999958
2025-12-22 03:29:00,12374.749999999958,12374.749999999958
2025-12-22 04:29:00,12374.749999999958,12374.749999999958
2025-12-22 05:29:00,12374.749999999958,12374.749999999958
2025-12-22 06:29:00,12374.749999999958,12374.749999999958
2025-12-22 07:29:00,12374.749999999958,12374.749999999958
2025-12-22 08:29:00,12374.749999999958,12374.749999999958
2025-12-22 09:29:00,12374.749999999958,12374.749999999958
2025-12-22 10:29:00,12374.749999999958,12374.749999999958
2025-12-22 11:29:00,12374.749999999958,12374.749999999958
2025-12-22 12:29:00,12374.749999999958,12374.749999999958
2025-12-22 13:29:00,12374.749999999958,12374.749999999958
2025-12-22 14:29:00,12374.749999999958,12374.749999999958
2025-12-22 15:29:00,12374.749999999958,12374.749999999958
2025-12-22 16:29:00,12374.749999999958,12374.749999999958
2025-12-22 17:29:00,12374.749999999958,12374.749999999958
2025-12-22 18:29:00,12374.749999999958,12374.749999999958
2025-12-22 19:29:00,12374.749999999958,12374.749999999958
2025-12-22 20:29:00,12374.749999999958,12374.749999999958
2025-12-22 21:29:00,12374.749999999958,12374.749999999958
2025-12-22 22:29:00,12374.749999999958,12374.749999999958
2025-12-22 23:29:00,12374.749999999958,12374.749999999958
2025-12-23 01:30:00,12374.749999999958,12374.749999999958
2025-12-23 02:30:00,12374.749999999958,12374.749999999958
2025-12-23 03:30:00,12374.749999999958,12374.749999999958
2025-12-23 04:30:00,12374.749999999958,12374.749999999958
2025-12-23 05:30:00,12374.749999999958,12374.749999999958
2025-12-23 06:30:00,12374.749999999958,12374.749999999958
2025-12-23 07:30:00,12374.749999999958,12374.749999999958
2025-12-23 08:30:00,12374.749999999958,12374.749999999958
2025-12-23 09:30:00,12374.749999999958,12374.749999999958
2025-12-23 10:30:00,12374.749999999958,12374.749999999958
2025-12-23 11:30:00,12374.749999999958,12374.749999999958
2025-12-23 12:30:00,12374.749999999958,12374.749999999958
2025-12-23 13:30:00,12374.749999999958,12374.749999999958
2025-12-23 14:30:00,12374.749999999958,12374.749999999958
2025-12-23 15:30:00,12374.749999999958,12374.749999999958
2025-12-23 16:30:00,12374.749999999958,12374.749999999958
2025-12-23 17:30:00,12374.749999999958,12374.749999999958
2025-12-23 18:30:00,12374.749999999958,12374.749999999958
2025-12-23 19:30:00,12374.749999999958,12374.749999999958
2025-12-23 20:30:00,12374.749999999958,12374.749999999958
2025-12-23 21:30:00,12374.749999999958,12374.749999999958
2025-12-23 22:30:00,12374.749999999958,12374.749999999958
2025-12-23 23:30:00,12374.749999999958,12374.749999999958
2025-12-24 01:31:00,12401.82999999996,12511.609999999964
2025-12-24 02:31:00,12640.109999999966,12640.109999999966
2025-12-24 03:31:00,12640.109999999966,12640.109999999966
2025-12-24 04:31:00,12640.109999999966,12640.109999999966
2025-12-24 05:31:00,12640.109999999966,12640.109999999966
2025-12-24 06:31:00,12640.109999999966,12640.109999999966
2025-12-24 07:31:00,12640.109999999966,12640.109999999966
2025-12-24 08:31:00,12640.109999999966,12640.109999999966
2025-12-24 09:31:00,12640.109999999966,12640.109999999966
2025-12-24 10:31:00,12640.109999999966,12640.109999999966
2025-12-24 11:31:00,12640.109999999966,12640.109999999966
2025-12-24 12:31:00,12640.109999999966,12640.109999999966
2025-12-24 13:31:00,12640.109999999966,12640.109999999966
2025-12-24 14:31:00,12640.109999999966,12640.109999999966
2025-12-24 15:31:00,12690.25999999998,12690.25999999998
2025-12-24 16:31:00,12690.25999999998,12690.25999999998
2025-12-24 17:31:00,12690.25999999998,12690.25999999998
2025-12-24 18:31:00,12690.25999999998,12690.25999999998
2025-12-24 19:31:00,12690.25999999998,12690.25999999998
2025-12-24 20:31:00,12690.25999999998,12690.25999999998
2025-12-26 01:45:00,12690.25999999998,12690.25999999998
2025-12-26 02:45:00,12690.25999999998,12690.25999999998
2025-12-26 03:45:00,12690.25999999998,12690.25999999998
2025-12-26 04:45:00,12690.25999999998,12690.25999999998
2025-12-26 05:45:00,12690.25999999998,12690.25999999998
2025-12-26 06:45:00,12690.25999999998,12690.25999999998
2025-12-26 07:45:00,12690.25999999998,12690.25999999998
2025-12-26 08:45:00,12690.25999999998,12690.25999999998
2025-12-26 09:45:00,12690.25999999998,12690.25999999998
2025-12-26 10:45:00,12690.25999999998,12690.25999999998
2025-12-26 11:45:00,12690.25999999998,12690.25999999998
2025-12-26 12:45:00,12690.25999999998,12690.25999999998
2025-12-26 13:45:00,12690.25999999998,12690.25999999998
2025-12-26 14:45:00,12690.25999999998,12690.25999999998
2025-12-26 15:45:00,12690.25999999998,12690.25999999998
2025-12-26 16:45:00,12690.25999999998,12690.25999999998
2025-12-26 17:45:00,12690.25999999998,12690.25999999998
2025-12-26 18:45:00,12690.25999999998,12690.25999999998
2025-12-26 19:45:00,12690.25999999998,12690.25999999998
2025-12-26 20:45:00,12690.25999999998,12690.25999999998
2025-12-26 21:45:00,12690.25999999998,12690.25999999998
2025-12-26 22:45:00,12690.25999999998,12690.25999999998
2025-12-26 23:45:00,12690.25999999998,12690.25999999998
2025-12-29 01:46:00,12690.25999999998,12690.25999999998
2025-12-29 02:46:00,12690.25999999998,12690.25999999998
2025-12-29 03:46:00,12690.25999999998,12690.25999999998
2025-12-29 04:46:00,12690.25999999998,12690.25999999998
2025-12-29 05:46:00,12690.25999999998,12690.25999999998
2025-12-29 06:46:00,12690.25999999998,12690.25999999998
2025-12-29 07:46:00,12690.25999999998,12690.25999999998
2025-12-29 08:46:00,12690.25999999998,12690.25999999998
2025-12-29 09:46:00,12690.25999999998,12690.25999999998
2025-12-29 10:46:00,12690.25999999998,12690.25999999998
2025-12-29 11:46:00,12690.25999999998,12690.25999999998
2025-12-29 12:46:00,12690.25999999998,12690.25999999998
2025-12-29 13:46:00,12690.25999999998,12690.25999999998
2025-12-29 14:46:00,12690.25999999998,12690.25999999998
2025-12-29 15:46:00,12690.25999999998,12690.25999999998
2025-12-29 16:46:00,12690.25999999998,12690.25999999998
2025-12-29 17:46:00,12690.25999999998,12690.25999999998
2025-12-29 18:46:00,12690.25999999998,12690.25999999998
2025-12-29 19:46:00,12741.949999999979,12907.639999999976
2025-12-29 20:46:00,12741.949999999979,12843.959999999983
2025-12-29 21:46:00,12741.949999999979,12828.51999999998
2025-12-29 22:46:00,12741.649999999978,12802.449999999977
2025-12-29 23:46:00,12741.649999999978,12812.849999999977
2025-12-30 01:47:00,12741.899999999976,12741.899999999976
2025-12-30 02:47:00,12741.899999999976,12741.899999999976
2025-12-30 03:47:00,12741.899999999976,12741.899999999976
2025-12-30 04:47:00,12741.899999999976,12741.899999999976
2025-12-30 05:47:00,12741.899999999976,12741.899999999976
2025-12-30 06:47:00,12741.899999999976,12741.899999999976
2025-12-30 07:47:00,12741.899999999976,12741.899999999976
2025-12-30 08:47:00,12741.899999999976,12741.899999999976
2025-12-30 09:47:00,12741.899999999976,12741.899999999976
2025-12-30 10:47:00,12741.899999999976,12741.899999999976
2025-12-30 11:47:00,12741.899999999976,12741.899999999976
2025-12-30 12:47:00,12741.899999999976,12741.899999999976
2025-12-30 13:47:00,12741.899999999976,12741.899999999976
2025-12-30 14:47:00,12741.899999999976,12741.899999999976
2025-12-30 15:47:00,12741.899999999976,12741.899999999976
2025-12-30 16:47:00,12741.899999999976,12741.899999999976
2025-12-30 17:47:00,12741.899999999976,12741.899999999976
2025-12-30 18:47:00,12741.899999999976,12741.899999999976
2025-12-30 19:47:00,12741.899999999976,12741.899999999976
2025-12-30 20:47:00,12741.899999999976,12741.899999999976
2025-12-30 21:47:00,12741.899999999976,12741.899999999976
2025-12-30 22:47:00,12741.899999999976,12741.899999999976
2025-12-30 23:47:00,12741.899999999976,12741.899999999976
2025-12-31 01:48:00,12741.899999999976,12741.899999999976
2025-12-31 02:48:00,12741.899999999976,12741.899999999976
2025-12-31 03:48:00,12741.899999999976,12741.899999999976
2025-12-31 04:48:00,12741.899999999976,12741.899999999976
2025-12-31 05:48:00,12741.899999999976,12741.899999999976
2025-12-31 06:48:00,12741.899999999976,12741.899999999976
2025-12-31 07:48:00,12741.899999999976,12741.899999999976
2025-12-31 08:48:00,12741.899999999976,12741.899999999976
2025-12-31 09:48:00,12741.899999999976,12741.899999999976
2025-12-31 10:48:00,12741.899999999976,12741.899999999976
2025-12-31 11:48:00,12741.899999999976,12741.899999999976
2025-12-31 12:48:00,12741.899999999976,12741.899999999976
2025-12-31 13:48:00,12740.709999999975,12730.339999999982
2025-12-31 14:48:00,12792.489999999969,12792.489999999969
2025-12-31 15:48:00,12792.489999999969,12792.489999999969
2025-12-31 16:48:00,12792.489999999969,12792.489999999969
2025-12-31 17:48:00,12792.489999999969,12792.489999999969
2025-12-31 18:48:00,12792.489999999969,12792.489999999969
2025-12-31 19:48:00,12792.489999999969,12792.489999999969
2025-12-31 20:48:00,12792.489999999969,12792.489999999969
2025-12-31 21:48:00,12792.489999999969,12792.489999999969
2025-12-31 22:48:00,12792.489999999969,12792.489999999969
2025-12-31 23:48:00,12792.489999999969,12792.489999999969
2026-01-02 01:49:00,12792.489999999969,12792.489999999969
2026-01-02 02:49:00,12792.489999999969,12792.489999999969
2026-01-02 03:49:00,12792.489999999969,12792.489999999969
2026-01-02 04:49:00,12792.489999999969,12792.489999999969
2026-01-02 05:49:00,12792.489999999969,12792.489999999969
2026-01-02 06:49:00,12792.489999999969,12792.489999999969
2026-01-02 07:49:00,12792.489999999969,12792.489999999969
2026-01-02 08:49:00,12792.489999999969,12792.489999999969
2026-01-02 09:49:00,12792.489999999969,12792.489999999969
2026-01-02 10:49:00,12792.489999999969,12792.489999999969
2026-01-02 11:49:00,12792.489999999969,12792.489999999969
2026-01-02 12:49:00,12792.489999999969,12792.489999999969
2026-01-02 13:49:00,12808.099999999966,12836.849999999966
2026-01-02 14:49:00,12805.799999999957,12805.799999999957
2026-01-02 15:49:00,12805.799999999957,12805.799999999957
2026-01-02 16:49:00,12805.799999999957,12805.799999999957
2026-01-02 17:49:00,12805.799999999957,12805.799999999957
2026-01-02 18:49:00,12679.199999999959,12679.199999999959
2026-01-02 19:49:00,12679.199999999959,12679.199999999959
2026-01-02 20:49:00,12679.199999999959,12679.199999999959
2026-01-02 21:49:00,12679.199999999959,12679.199999999959
2026-01-02 22:49:00,12679.199999999959,12679.199999999959
2026-01-02 23:49:00,12679.199999999959,12679.199999999959
2026-01-05 01:50:00,12679.199999999959,12679.199999999959
2026-01-05 02:50:00,12679.199999999959,12679.199999999959
2026-01-05 03:50:00,12679.199999999959,12679.199999999959
2026-01-05 04:50:00,12679.199999999959,12679.199999999959
2026-01-05 05:50:00,12679.199999999959,12679.199999999959
2026-01-05 06:50:00,12679.199999999959,12679.199999999959
2026-01-05 07:50:00,12679.199999999959,12679.199999999959
2026-01-05 08:50:00,12678.77999999996,12692.339999999962
2026-01-05 09:50:00,12678.77999999996,12682.439999999964
2026-01-05 10:50:00,12678.35999999996,12591.899999999967
2026-01-05 11:50:00,12678.35999999996,12562.019999999959
2026-01-05 12:50:00,12678.35999999996,12540.899999999967
2026-01-05 13:50:00,12687.81999999996,12683.719999999961
2026-01-05 14:50:00,12706.72999999996,12886.909999999958
2026-01-05 15:50:00,12706.72999999996,12806.209999999952
2026-01-05 16:50:00,12706.329999999958,12628.089999999953
2026-01-05 17:50:00,12561.849999999957,12561.849999999957
2026-01-05 18:50:00,12561.849999999957,12561.849999999957
2026-01-05 19:50:00,12561.849999999957,12561.849999999957
2026-01-05 20:50:00,12561.849999999957,12561.849999999957
2026-01-05 21:50:00,12561.849999999957,12561.849999999957
2026-01-05 22:50:00,12561.849999999957,12561.849999999957
2026-01-05 23:50:00,12561.849999999957,12561.849999999957
2026-01-06 01:51:00,12561.849999999957,12561.849999999957
2026-01-06 02:51:00,12561.849999999957,12561.849999999957
2026-01-06 03:51:00,12561.849999999957,12561.849999999957
2026-01-06 04:51:00,12561.849999999957,12561.849999999957
2026-01-06 05:51:00,12561.849999999957,12561.849999999957
2026-01-06 06:51:00,12561.849999999957,12561.849999999957
2026-01-06 07:51:00,12430.419999999951,12430.419999999951
2026-01-06 08:51:00,12430.419999999951,12430.419999999951
2026-01-06 09:51:00,12430.419999999951,12430.419999999951
2026-01-06 10:51:00,12430.419999999951,12430.419999999951
2026-01-06 11:51:00,12430.419999999951,12430.419999999951
2026-01-06 12:51:00,12430.419999999951,12430.419999999951
2026-01-06 13:51:00,12430.419999999951,12430.419999999951
2026-01-06 14:51:00,12430.419999999951,12430.419999999951
2026-01-06 15:51:00,12430.419999999951,12430.419999999951
2026-01-06 16:51:00,12430.419999999951,12430.419999999951
2026-01-06 17:51:00,12306.559999999961,12306.559999999961
2026-01-06 18:51:00,12306.559999999961,12306.559999999961
2026-01-06 19:51:00,12306.559999999961,12306.559999999961
2026-01-06 20:51:00,12306.559999999961,12306.559999999961
2026-01-06 21:51:00,12306.559999999961,12306.559999999961
2026-01-06 22:51:00,12306.559999999961,12306.559999999961
2026-01-06 23:51:00,12306.559999999961,12306.559999999961
2026-01-07 01:52:00,12306.559999999961,12306.559999999961
2026-01-07 02:52:00,12306.559999999961,12306.559999999961
2026-01-07 03:52:00,12306.559999999961,12306.559999999961
2026-01-07 04:52:00,12306.559999999961,12306.559999999961
2026-01-07 05:52:00,12306.559999999961,12306.559999999961
2026-01-07 06:52:00,12306.559999999961,12306.559999999961
2026-01-07 07:52:00,12306.559999999961,12306.559999999961
2026-01-07 08:52:00,12306.559999999961,12306.559999999961
2026-01-07 09:52:00,12306.559999999961,12306.559999999961
2026-01-07 10:52:00,12306.559999999961,12306.559999999961
2026-01-07 11:52:00,12306.559999999961,12306.559999999961
2026-01-07 12:52:00,12306.559999999961,12306.559999999961
2026-01-07 13:52:00,12306.559999999961,12306.559999999961
2026-01-07 14:52:00,12306.559999999961,12306.559999999961
2026-01-07 15:52:00,12306.559999999961,12306.559999999961
2026-01-07 16:52:00,12306.559999999961,12306.559999999961
2026-01-07 17:52:00,12306.559999999961,12306.559999999961
2026-01-07 18:52:00,12306.559999999961,12306.559999999961
2026-01-07 19:52:00,12306.559999999961,12306.559999999961
2026-01-07 20:52:00,12306.559999999961,12306.559999999961
2026-01-07 21:52:00,12306.559999999961,12306.559999999961
2026-01-07 22:52:00,12306.559999999961,12306.559999999961
2026-01-07 23:52:00,12306.559999999961,12306.559999999961
2026-01-08 01:53:00,12306.559999999961,12306.559999999961
2026-01-08 02:53:00,12306.559999999961,12306.559999999961
2026-01-08 03:53:00,12306.559999999961,12306.559999999961
2026-01-08 04:53:00,12306.559999999961,12306.559999999961
2026-01-08 05:53:00,12306.559999999961,12306.559999999961
2026-01-08 06:53:00,12306.559999999961,12306.559999999961
2026-01-08 07:53:00,12306.559999999961,12306.559999999961
2026-01-08 08:53:00,12306.559999999961,12306.559999999961
2026-01-08 09:53:00,12306.559999999961,12306.559999999961
2026-01-08 10:53:00,12306.559999999961,12306.559999999961
2026-01-08 11:53:00,12306.559999999961,12306.559999999961
2026-01-08 12:53:00,12306.559999999961,12306.559999999961
2026-01-08 13:53:00,12306.559999999961,12306.559999999961
2026-01-08 14:53:00,12306.559999999961,12306.559999999961
2026-01-08 15:53:00,12306.559999999961,12306.559999999961
2026-01-08 16:53:00,12306.559999999961,12306.559999999961
2026-01-08 17:53:00,12306.559999999961,12306.559999999961
2026-01-08 18:53:00,12306.559999999961,12306.559999999961
2026-01-08 19:53:00,12306.559999999961,12306.559999999961
2026-01-08 20:53:00,12306.559999999961,12306.559999999961
2026-01-08 21:53:00,12306.559999999961,12306.559999999961
2026-01-08 22:53:00,12306.559999999961,12306.559999999961
2026-01-08 23:53:00,12306.559999999961,12306.559999999961
2026-01-09 01:54:00,12306.559999999961,12306.559999999961
2026-01-09 02:54:00,12306.559999999961,12306.559999999961
2026-01-09 03:54:00,12306.559999999961,12306.559999999961
2026-01-09 04:54:00,12306.559999999961,12306.559999999961
2026-01-09 05:54:00,12306.559999999961,12306.559999999961
2026-01-09 06:54:00,12306.559999999961,12306.559999999961
2026-01-09 07:54:00,12306.559999999961,12306.559999999961
2026-01-09 08:54:00,12306.559999999961,12306.559999999961
2026-01-09 09:54:00,12306.559999999961,12306.559999999961
2026-01-09 10:54:00,12306.559999999961,12306.559999999961
2026-01-09 11:54:00,12306.559999999961,12306.559999999961
2026-01-09 12:54:00,12306.559999999961,12306.559999999961
2026-01-09 13:54:00,12306.559999999961,12306.559999999961
2026-01-09 14:54:00,12306.559999999961,12306.559999999961
2026-01-09 15:54:00,12319.779999999957,12319.779999999957
2026-01-09 16:54:00,12319.779999999957,12319.779999999957
2026-01-09 17:54:00,12319.779999999957,12319.779999999957
2026-01-09 18:54:00,12319.779999999957,12319.779999999957
2026-01-09 19:54:00,12319.009999999957,12311.749999999958
2026-01-09 20:54:00,12348.489999999956,12409.669999999955
2026-01-09 21:54:00,12348.489999999956,12437.529999999959
2026-01-09 22:54:00,12387.809999999956,12479.809999999954
2026-01-09 23:54:00,12387.809999999956,12498.309999999958
2026-01-12 01:55:00,12581.859999999957,12581.859999999957
2026-01-12 02:55:00,12581.859999999957,12581.859999999957
2026-01-12 03:55:00,12581.859999999957,12581.859999999957
2026-01-12 04:55:00,12581.859999999957,12581.859999999957
2026-01-12 05:55:00,12581.859999999957,12581.859999999957
2026-01-12 06:55:00,12581.859999999957,12581.859999999957
2026-01-12 07:55:00,12581.859999999957,12581.859999999957
2026-01-12 08:55:00,12581.859999999957,12581.859999999957
2026-01-12 09:55:00,12581.859999999957,12581.859999999957
2026-01-12 10:55:00,12581.859999999957,12581.859999999957
2026-01-12 11:55:00,12581.859999999957,12581.859999999957
2026-01-12 12:55:00,12581.859999999957,12581.859999999957
2026-01-12 13:55:00,12581.859999999957,12581.859999999957
2026-01-12 14:55:00,12581.859999999957,12581.859999999957
2026-01-12 15:55:00,12581.859999999957,12581.859999999957
2026-01-12 16:55:00,12596.55999999997,12596.55999999997
2026-01-12 17:55:00,12596.55999999997,12596.55999999997
2026-01-12 18:55:00,12596.55999999997,12596.55999999997
2026-01-12 19:55:00,12596.55999999997,12596.55999999997
2026-01-12 20:55:00,12596.55999999997,12596.55999999997
2026-01-12 21:55:00,12596.55999999997,12596.55999999997
2026-01-12 22:55:00,12596.55999999997,12596.55999999997
2026-01-12 23:55:00,12596.55999999997,12596.55999999997
2026-01-13 01:56:00,12596.55999999997,12596.55999999997
2026-01-13 02:56:00,12608.709999999968,12666.84999999997
2026-01-13 03:56:00,12634.529999999968,12745.199999999964
2026-01-13 04:56:00,12634.529999999968,12659.659999999969
2026-01-13 05:56:00,12633.829999999965,12633.829999999965
2026-01-13 06:56:00,12633.829999999965,12633.829999999965
2026-01-13 07:56:00,12633.829999999965,12633.829999999965
2026-01-13 08:56:00,12633.829999999965,12633.829999999965
2026-01-13 09:56:00,12633.829999999965,12633.829999999965
2026-01-13 10:56:00,12633.829999999965,12633.829999999965
2026-01-13 11:56:00,12633.829999999965,12633.829999999965
2026-01-13 12:56:00,12633.829999999965,12633.829999999965
2026-01-13 13:56:00,12633.829999999965,12633.829999999965
2026-01-13 14:56:00,12633.829999999965,12633.829999999965
2026-01-13 15:56:00,12633.829999999965,12633.829999999965
2026-01-13 16:56:00,12633.829999999965,12633.829999999965
2026-01-13 17:56:00,12633.829999999965,12633.829999999965
2026-01-13 18:56:00,12633.829999999965,12633.829999999965
2026-01-13 19:56:00,12633.829999999965,12633.829999999965
2026-01-13 20:56:00,12633.829999999965,12633.829999999965
2026-01-13 21:56:00,12633.829999999965,12633.829999999965
2026-01-13 22:56:00,12633.829999999965,12633.829999999965
2026-01-13 23:56:00,12633.829999999965,12633.829999999965
2026-01-14 01:57:00,12633.829999999965,12633.829999999965
2026-01-14 02:57:00,12633.829999999965,12633.829999999965
2026-01-14 03:57:00,12633.829999999965,12633.829999999965
2026-01-14 04:57:00,12633.829999999965,12633.829999999965
2026-01-14 05:57:00,12633.829999999965,12633.829999999965
2026-01-14 06:57:00,12633.829999999965,12633.829999999965
2026-01-14 07:57:00,12632.289999999964,12585.649999999967
2026-01-14 08:57:00,12647.73999999996,12647.73999999996
2026-01-14 09:57:00,12647.73999999996,12647.73999999996
2026-01-14 10:57:00,12647.73999999996,12647.73999999996
2026-01-14 11:57:00,12647.73999999996,12647.73999999996
2026-01-14 12:57:00,12645.84999999996,12702.819999999976
2026-01-14 13:57:00,12660.369999999974,12660.369999999974
2026-01-14 14:57:00,12660.369999999974,12660.369999999974
2026-01-14 15:57:00,12660.369999999974,12660.369999999974
2026-01-14 16:57:00,12660.369999999974,12660.369999999974
2026-01-14 17:57:00,12660.369999999974,12660.369999999974
2026-01-14 18:57:00,12660.369999999974,12660.369999999974
2026-01-14 19:57:00,12660.369999999974,12660.369999999974
2026-01-14 20:57:00,12660.369999999974,12660.369999999974
2026-01-14 21:57:00,12660.369999999974,12660.369999999974
2026-01-14 22:57:00,12660.369999999974,12660.369999999974
2026-01-14 23:57:00,12660.369999999974,12660.369999999974
2026-01-15 01:58:00,12660.369999999974,12660.369999999974
2026-01-15 02:58:00,12660.369999999974,12660.369999999974
2026-01-15 03:58:00,12660.369999999974,12660.369999999974
2026-01-15 04:58:00,12660.369999999974,12660.369999999974
2026-01-15 05:58:00,12660.369999999974,12660.369999999974
2026-01-15 06:58:00,12660.369999999974,12660.369999999974
2026-01-15 07:58:00,12660.369999999974,12660.369999999974
2026-01-15 08:58:00,12660.369999999974,12660.369999999974
2026-01-15 09:58:00,12660.369999999974,12660.369999999974
2026-01-15 10:58:00,12660.369999999974,12660.369999999974
2026-01-15 11:58:00,12660.369999999974,12660.369999999974
2026-01-15 12:58:00,12660.369999999974,12660.369999999974
2026-01-15 13:58:00,12660.369999999974,12660.369999999974
2026-01-15 14:58:00,12660.369999999974,12660.369999999974
2026-01-15 15:58:00,12660.369999999974,12660.369999999974
2026-01-15 16:58:00,12660.369999999974,12660.369999999974
2026-01-15 17:58:00,12660.369999999974,12660.369999999974
2026-01-15 18:58:00,12660.369999999974,12660.369999999974
2026-01-15 19:58:00,12660.369999999974,12660.369999999974
2026-01-15 20:58:00,12660.369999999974,12660.369999999974
2026-01-15 21:58:00,12660.369999999974,12660.369999999974
2026-01-15 22:58:00,12660.369999999974,12660.369999999974
2026-01-15 23:58:00,12660.369999999974,12660.369999999974
2026-01-16 01:59:00,12660.369999999974,12660.369999999974
2026-01-16 02:59:00,12660.369999999974,12660.369999999974
2026-01-16 03:59:00,12660.369999999974,12660.369999999974
2026-01-16 04:59:00,12660.369999999974,12660.369999999974
2026-01-16 05:59:00,12660.369999999974,12660.369999999974
2026-01-16 06:59:00,12660.369999999974,12660.369999999974
2026-01-16 07:59:00,12660.369999999974,12660.369999999974
2026-01-16 08:59:00,12660.369999999974,12660.369999999974
2026-01-16 09:59:00,12660.369999999974,12660.369999999974
2026-01-16 10:59:00,12660.369999999974,12660.369999999974
2026-01-16 11:59:00,12660.369999999974,12660.369999999974
2026-01-16 12:59:00,12660.369999999974,12660.369999999974
2026-01-16 13:59:00,12660.369999999974,12660.369999999974
2026-01-16 14:59:00,12660.369999999974,12660.369999999974
2026-01-16 15:59:00,12660.369999999974,12660.369999999974
2026-01-16 16:59:00,12660.369999999974,12660.369999999974
2026-01-16 17:59:00,12660.369999999974,12660.369999999974
2026-01-16 18:59:00,12660.369999999974,12660.369999999974
2026-01-16 19:59:00,12660.369999999974,12660.369999999974
2026-01-16 20:59:00,12660.369999999974,12660.369999999974
2026-01-16 21:59:00,12660.369999999974,12660.369999999974
2026-01-16 22:59:00,12660.369999999974,12660.369999999974
2026-01-19 01:00:00,12660.369999999974,12660.369999999974
2026-01-19 02:00:00,12660.369999999974,12660.369999999974
2026-01-19 03:00:00,12660.369999999974,12660.369999999974
2026-01-19 04:00:00,12660.369999999974,12660.369999999974
2026-01-19 05:00:00,12660.229999999974,12683.729999999974
2026-01-19 06:00:00,12660.229999999974,12669.969999999974
2026-01-19 07:00:00,12660.229999999974,12681.989999999974
2026-01-19 08:00:00,12660.229999999974,12692.769999999973
2026-01-19 09:00:00,12660.229999999974,12703.489999999974
2026-01-19 10:00:00,12660.229999999974,12687.009999999973
2026-01-19 11:00:00,12660.229999999974,12679.209999999974
2026-01-19 12:00:00,12660.229999999974,12689.789999999974
2026-01-19 13:00:00,12660.229999999974,12680.929999999973
2026-01-19 14:00:00,12660.229999999974,12677.309999999974
2026-01-19 15:00:00,12660.229999999974,12698.469999999974
2026-01-19 16:00:00,12660.229999999974,12687.249999999975
2026-01-19 17:00:00,12660.229999999974,12688.709999999974
2026-01-19 18:00:00,12660.229999999974,12703.569999999974
2026-01-19 19:00:00,12660.229999999974,12698.429999999973
2026-01-19 20:00:00,12660.229999999974,12704.029999999973
2026-01-19 21:00:00,12660.229999999974,12704.489999999974
2026-01-20 01:06:00,12659.229999999974,12689.789999999974
2026-01-20 02:06:00,12659.229999999974,12683.989999999974
2026-01-20 03:06:00,12659.229999999974,12692.049999999974
2026-01-20 04:06:00,12659.229999999974,12693.809999999974
2026-01-20 05:06:00,12659.229999999974,12686.569999999974
2026-01-20 06:06:00,12659.229999999974,12715.529999999973
2026-01-20 07:06:00,12659.229999999974,12753.349999999973
2026-01-20 08:06:00,12659.229999999974,12785.569999999974
2026-01-20 09:06:00,12659.229999999974,12779.269999999973
2026-01-20 10:06:00,12659.229999999974,12791.189999999973
2026-01-20 11:06:00,12659.229999999974,12814.329999999974
2026-01-20 12:06:00,12659.229999999974,12815.989999999974
2026-01-20 13:06:00,12657.899999999974,12684.859999999971
2026-01-20 14:06:00,12529.459999999986,12687.379999999986
2026-01-20 15:06:00,12529.459999999986,12672.519999999986
2026-01-20 16:06:00,12529.459999999986,12692.539999999986
2026-01-20 17:06:00,12529.459999999986,12710.959999999986
2026-01-20 18:06:00,12529.459999999986,12687.359999999986
2026-01-20 19:06:00,12529.459999999986,12720.579999999985
2026-01-20 20:06:00,12529.459999999986,12746.079999999985
2026-01-20 21:06:00,12529.459999999986,12741.099999999986
2026-01-20 22:06:00,12529.459999999986,12735.659999999985
2026-01-20 23:06:00,12529.459999999986,12741.719999999987
2026-01-21 01:07:00,12526.459999999986,12742.579999999985
2026-01-21 02:07:00,12526.459999999986,12768.699999999986
2026-01-21 03:07:00,12526.459999999986,12814.139999999987
2026-01-21 04:07:00,12526.459999999986,12892.399999999987
2026-01-21 05:07:00,12526.459999999986,12910.439999999986
2026-01-21 06:07:00,12526.459999999986,12902.259999999986
2026-01-21 07:07:00,12526.459999999986,12940.719999999987
2026-01-21 08:07:00,12526.459999999986,12955.459999999986
2026-01-21 09:07:00,12394.459999999985,12768.039999999985
2026-01-21 10:07:00,12394.459999999985,12812.119999999984
2026-01-21 11:07:00,12394.459999999985,12804.099999999984
2026-01-21 12:07:00,12394.459999999985,12819.499999999984
2026-01-21 13:07:00,12394.459999999985,12814.119999999984
2026-01-21 14:07:00,12394.459999999985,12815.659999999983
2026-01-21 15:07:00,12394.459999999985,12818.079999999984
2026-01-21 16:07:00,12394.459999999985,12816.839999999984
2026-01-21 17:07:00,12394.459999999985,12819.099999999984
2026-01-21 18:07:00,12462.779999999986,13018.079999999987
2026-01-21 19:07:00,12462.779999999986,12866.639999999983
2026-01-21 20:07:00,12493.549999999987,12902.429999999986
2026-01-21 21:07:00,12535.569999999987,13015.089999999987
2026-01-21 22:07:00,12535.369999999986,12791.929999999986
2026-01-21 23:07:00,12535.369999999986,12860.729999999985
2026-01-22 01:08:00,12534.369999999986,12845.289999999986
2026-01-22 02:08:00,12534.369999999986,12807.069999999985
2026-01-22 03:08:00,12534.369999999986,12796.149999999985
2026-01-22 04:08:00,12534.369999999986,12808.029999999986
2026-01-22 05:08:00,12534.369999999986,12798.309999999987
2026-01-22 06:08:00,12534.369999999986,12825.409999999985
2026-01-22 07:08:00,12534.369999999986,12824.689999999986
2026-01-22 08:08:00,12534.369999999986,12871.609999999986
2026-01-22 09:08:00,12534.369999999986,12892.109999999986
2026-01-22 10:08:00,12534.369999999986,12892.449999999986
2026-01-22 11:08:00,12534.369999999986,12893.629999999986
2026-01-22 12:08:00,12596.049999999985,13010.189999999984
2026-01-22 13:08:00,12596.049999999985,13136.109999999982
2026-01-22 14:08:00,12685.909999999983,13113.329999999984
2026-01-22 15:08:00,12685.409999999985,13054.389999999983
2026-01-22 16:08:00,12685.009999999984,13026.309999999983
2026-01-22 17:08:00,12685.009999999984,13045.249999999984
2026-01-22 18:08:00,12685.009999999984,13121.929999999984
2026-01-22 19:08:00,12685.009999999984,13121.789999999983
2026-01-22 20:08:00,12685.009999999984,13205.009999999984
2026-01-22 21:08:00,12685.009999999984,13223.869999999983
2026-01-22 22:08:00,12685.009999999984,13223.709999999983
2026-01-22 23:08:00,13246.369999999979,13311.289999999977
2026-01-23 01:09:00,13509.129999999977,13509.129999999977
2026-01-23 02:09:00,13509.129999999977,13509.129999999977
2026-01-23 03:09:00,13508.219999999978,13523.949999999977
2026-01-23 04:09:00,13524.649999999983,13524.649999999983
2026-01-23 05:09:00,13524.649999999983,13524.649999999983
2026-01-23 06:09:00,13524.649999999983,13524.649999999983
2026-01-23 07:09:00,13524.649999999983,13524.649999999983
2026-01-23 08:09:00,13524.649999999983,13524.649999999983
2026-01-23 09:09:00,13524.649999999983,13524.649999999983
2026-01-23 10:09:00,13524.649999999983,13524.649999999983
2026-01-23 11:09:00,13524.649999999983,13524.649999999983
2026-01-23 12:09:00,13524.649999999983,13524.649999999983
2026-01-23 13:09:00,13524.649999999983,13524.649999999983
2026-01-23 14:09:00,13524.649999999983,13524.649999999983
2026-01-23 15:09:00,13524.649999999983,13524.649999999983
2026-01-23 16:09:00,13524.649999999983,13524.649999999983
2026-01-23 17:09:00,13524.649999999983,13524.649999999983
2026-01-23 18:09:00,13524.649999999983,13524.649999999983
2026-01-23 19:09:00,13524.649999999983,13524.649999999983
2026-01-23 20:09:00,13539.989999999983,13606.539999999986
2026-01-23 21:09:00,13571.82999999998,13571.82999999998
2026-01-23 22:09:00,13571.82999999998,13571.82999999998
2026-01-23 23:09:00,13571.82999999998,13571.82999999998
2026-01-26 01:10:00,13571.82999999998,13571.82999999998
2026-01-26 02:10:00,13571.82999999998,13571.82999999998
2026-01-26 03:10:00,13571.82999999998,13571.82999999998
2026-01-26 04:10:00,13571.82999999998,13571.82999999998
2026-01-26 05:10:00,13571.82999999998,13571.82999999998
2026-01-26 06:10:00,13571.82999999998,13571.82999999998
2026-01-26 07:10:00,13571.82999999998,13571.82999999998
2026-01-26 08:10:00,13571.82999999998,13571.82999999998
2026-01-26 09:10:00,13571.82999999998,13571.82999999998
2026-01-26 10:10:00,13571.82999999998,13571.82999999998
2026-01-26 11:10:00,13571.82999999998,13571.82999999998
2026-01-26 12:10:00,13571.82999999998,13571.82999999998
2026-01-26 13:10:00,13570.63999999998,13571.319999999978
2026-01-26 14:10:00,13625.179999999975,13625.179999999975
2026-01-26 15:10:00,13625.179999999975,13625.179999999975
2026-01-26 16:10:00,13625.179999999975,13625.179999999975
2026-01-26 17:10:00,13625.179999999975,13625.179999999975
2026-01-26 18:10:00,13625.179999999975,13625.179999999975
2026-01-26 19:10:00,13625.179999999975,13625.179999999975
2026-01-26 20:10:00,13625.179999999975,13625.179999999975
2026-01-26 21:10:00,13715.019999999975,13843.659999999974
2026-01-26 22:10:00,13714.219999999972,13714.219999999972
2026-01-26 23:10:00,13714.219999999972,13714.219999999972
2026-01-27 01:11:00,13714.219999999972,13714.219999999972
2026-01-27 02:11:00,13714.219999999972,13714.219999999972
2026-01-27 03:11:00,13714.219999999972,13714.219999999972
2026-01-27 04:11:00,13714.009999999973,13758.499999999973
2026-01-27 05:11:00,13714.009999999973,13762.009999999973
2026-01-27 06:11:00,13714.009999999973,13778.239999999972
2026-01-27 07:11:00,13714.009999999973,13737.229999999972
2026-01-27 08:11:00,13747.269999999973,13802.129999999974
2026-01-27 09:11:00,13747.269999999973,13827.089999999973
2026-01-27 10:11:00,13747.269999999973,13809.329999999973
2026-01-27 11:11:00,13747.269999999973,13812.729999999972
2026-01-27 12:11:00,13747.269999999973,13827.989999999972
2026-01-27 13:11:00,13747.269999999973,13816.949999999973
2026-01-27 14:11:00,13747.269999999973,13804.149999999972
2026-01-27 15:11:00,13747.269999999973,13814.389999999972
2026-01-27 16:11:00,13747.269999999973,13772.389999999972
2026-01-27 17:11:00,13747.069999999972,13747.069999999972
2026-01-27 18:11:00,13747.069999999972,13747.069999999972
2026-01-27 19:11:00,13747.069999999972,13747.069999999972
2026-01-27 20:11:00,13747.069999999972,13747.069999999972
2026-01-27 21:11:00,13747.069999999972,13747.069999999972
2026-01-27 22:11:00,13747.069999999972,13747.069999999972
2026-01-27 23:11:00,13747.069999999972,13747.069999999972
2026-01-28 01:12:00,13747.069999999972,13747.069999999972
2026-01-28 02:12:00,13747.069999999972,13747.069999999972
2026-01-28 03:12:00,13747.069999999972,13747.069999999972
2026-01-28 04:12:00,13747.069999999972,13747.069999999972
2026-01-28 05:12:00,13747.069999999972,13747.069999999972
2026-01-28 06:12:00,13747.069999999972,13747.069999999972
2026-01-28 07:12:00,13747.069999999972,13747.069999999972
2026-01-28 08:12:00,13747.069999999972,13747.069999999972
2026-01-28 09:12:00,13747.069999999972,13747.069999999972
2026-01-28 10:12:00,13747.069999999972,13747.069999999972
2026-01-28 11:12:00,13747.069999999972,13747.069999999972
2026-01-28 12:12:00,13747.069999999972,13747.069999999972
2026-01-28 13:12:00,13747.069999999972,13747.069999999972
2026-01-28 14:12:00,13747.069999999972,13747.069999999972
2026-01-28 15:12:00,13747.069999999972,13747.069999999972
2026-01-28 16:12:00,13747.069999999972,13747.069999999972
2026-01-28 17:12:00,13607.719999999972,13607.719999999972
2026-01-28 18:12:00,13607.719999999972,13607.719999999972
2026-01-28 19:12:00,13607.719999999972,13607.719999999972
2026-01-28 20:12:00,13607.719999999972,13607.719999999972
2026-01-28 21:12:00,13607.719999999972,13607.719999999972
2026-01-28 22:12:00,13607.719999999972,13607.719999999972
2026-01-28 23:12:00,13607.719999999972,13607.719999999972
2026-01-29 01:13:00,13607.719999999972,13607.719999999972
2026-01-29 02:13:00,13607.719999999972,13607.719999999972
2026-01-29 03:13:00,13607.719999999972,13607.719999999972
2026-01-29 04:13:00,13607.719999999972,13607.719999999972
2026-01-29 05:13:00,13607.719999999972,13607.719999999972
2026-01-29 06:13:00,13607.719999999972,13607.719999999972
2026-01-29 07:13:00,13607.719999999972,13607.719999999972
2026-01-29 08:13:00,13607.719999999972,13607.719999999972
2026-01-29 09:13:00,13607.719999999972,13607.719999999972
2026-01-29 10:13:00,13607.719999999972,13607.719999999972
2026-01-29 11:13:00,13474.41999999997,13474.41999999997
2026-01-29 12:13:00,13474.41999999997,13474.41999999997
2026-01-29 13:13:00,13474.41999999997,13474.41999999997
2026-01-29 14:13:00,13474.41999999997,13474.41999999997
2026-01-29 15:13:00,13474.41999999997,13474.41999999997
2026-01-29 16:13:00,13474.41999999997,13474.41999999997
2026-01-29 17:13:00,13474.41999999997,13474.41999999997
2026-01-29 18:13:00,13474.41999999997,13474.41999999997
2026-01-29 19:13:00,13474.41999999997,13474.41999999997
2026-01-29 20:13:00,13355.85999999997,13355.85999999997
2026-01-29 21:13:00,13355.85999999997,13355.85999999997
2026-01-29 22:13:00,13355.85999999997,13355.85999999997
2026-01-29 23:13:00,13355.85999999997,13355.85999999997
2026-01-30 01:14:00,13355.71999999997,13368.57999999997
2026-01-30 02:14:00,13355.71999999997,13321.779999999972
2026-01-30 03:14:00,13435.09999999997,13553.399999999969
2026-01-30 04:14:00,13435.09999999997,13649.909999999969
2026-01-30 05:14:00,13434.95999999997,13745.11999999997
2026-01-30 06:14:00,13434.95999999997,13646.929999999968
2026-01-30 07:14:00,13434.95999999997,13616.59999999997
2026-01-30 08:14:00,13434.95999999997,13716.109999999968
2026-01-30 09:14:00,13503.25999999997,13798.229999999967
2026-01-30 10:14:00,13503.25999999997,13852.769999999968
2026-01-30 11:14:00,13820.77999999997,14005.289999999968
2026-01-30 12:14:00,13820.77999999997,13995.329999999969
2026-01-30 13:14:00,13820.77999999997,13913.86999999997
2026-01-30 14:14:00,13820.77999999997,13905.18999999997
2026-01-30 15:14:00,13820.77999999997,13958.11999999997
2026-01-30 16:14:00,13820.77999999997,13980.829999999969
2026-01-30 17:14:00,13820.77999999997,14006.16999999997
2026-01-30 18:14:00,13820.77999999997,14003.50999999997
2026-01-30 19:14:00,14093.999999999969,14093.999999999969
2026-01-30 20:14:00,14093.999999999969,14093.999999999969
2026-01-30 21:14:00,14093.999999999969,14093.999999999969
2026-01-30 22:14:00,14093.999999999969,14093.999999999969
2026-01-30 23:14:00,14093.999999999969,14093.999999999969
2026-02-02 01:15:00,14093.85999999997,14059.77999999997
2026-02-02 02:15:00,14161.53999999997,14219.70999999997
2026-02-02 03:15:00,14161.43999999997,14301.36999999997
2026-02-02 04:15:00,14161.43999999997,14237.289999999968
2026-02-02 05:15:00,14161.43999999997,14297.75999999997
2026-02-02 06:15:00,14161.43999999997,14299.61999999997
2026-02-02 07:15:00,14161.43999999997,14313.27999999997
2026-02-02 08:15:00,14161.43999999997,14427.68999999997
2026-02-02 09:15:00,14554.26999999997,14554.26999999997
2026-02-02 10:15:00,14554.26999999997,14554.26999999997
2026-02-02 11:15:00,14554.26999999997,14554.26999999997
2026-02-02 12:15:00,14554.26999999997,14554.26999999997
2026-02-02 13:15:00,14554.26999999997,14554.26999999997
2026-02-02 14:15:00,14554.26999999997,14554.26999999997
2026-02-02 15:15:00,14554.26999999997,14554.26999999997
2026-02-02 16:15:00,14554.26999999997,14554.26999999997
2026-02-02 17:15:00,14554.26999999997,14554.26999999997
2026-02-02 18:15:00,14554.26999999997,14554.26999999997
2026-02-02 19:15:00,14554.26999999997,14554.26999999997
2026-02-02 20:15:00,14554.26999999997,14554.26999999997
2026-02-02 21:15:00,14554.26999999997,14554.26999999997
2026-02-02 22:15:00,14554.26999999997,14554.26999999997
2026-02-02 23:15:00,14554.26999999997,14554.26999999997
2026-02-03 01:16:00,14554.26999999997,14554.26999999997
2026-02-03 02:16:00,14554.26999999997,14554.26999999997
2026-02-03 03:16:00,14554.26999999997,14554.26999999997
2026-02-03 04:16:00,14554.26999999997,14554.26999999997
2026-02-03 05:16:00,14554.26999999997,14554.26999999997
2026-02-03 06:16:00,14554.26999999997,14554.26999999997
2026-02-03 07:16:00,14554.26999999997,14554.26999999997
2026-02-03 08:16:00,14554.26999999997,14554.26999999997
2026-02-03 09:16:00,14554.26999999997,14554.26999999997
2026-02-03 10:16:00,14554.26999999997,14554.26999999997
2026-02-03 11:16:00,14554.26999999997,14554.26999999997
2026-02-03 12:16:00,14554.26999999997,14554.26999999997
2026-02-03 13:16:00,14554.26999999997,14554.26999999997
2026-02-03 14:16:00,14554.26999999997,14554.26999999997
2026-02-03 15:16:00,14554.26999999997,14554.26999999997
2026-02-03 16:16:00,14554.26999999997,14554.26999999997
2026-02-03 17:16:00,14554.26999999997,14554.26999999997
2026-02-03 18:16:00,14554.26999999997,14554.26999999997
2026-02-03 19:16:00,14554.26999999997,14554.26999999997
2026-02-03 20:16:00,14554.26999999997,14554.26999999997
2026-02-03 21:16:00,14554.26999999997,14554.26999999997
2026-02-03 22:16:00,14554.26999999997,14554.26999999997
2026-02-03 23:16:00,14554.26999999997,14554.26999999997
2026-02-04 01:17:00,14554.26999999997,14554.26999999997
2026-02-04 02:17:00,14554.26999999997,14554.26999999997
2026-02-04 03:17:00,14554.26999999997,14554.26999999997
2026-02-04 04:17:00,14554.26999999997,14554.26999999997
2026-02-04 05:17:00,14554.26999999997,14554.26999999997
2026-02-04 06:17:00,14554.26999999997,14554.26999999997
2026-02-04 07:17:00,14554.26999999997,14554.26999999997
2026-02-04 08:17:00,14554.26999999997,14554.26999999997
2026-02-04 09:17:00,14554.26999999997,14554.26999999997
2026-02-04 10:17:00,14554.26999999997,14554.26999999997
2026-02-04 11:17:00,14554.26999999997,14554.26999999997
2026-02-04 12:17:00,14554.26999999997,14554.26999999997
2026-02-04 13:17:00,14554.26999999997,14554.26999999997
2026-02-04 14:17:00,14554.26999999997,14554.26999999997
2026-02-04 15:17:00,14554.26999999997,14554.26999999997
2026-02-04 16:17:00,14554.26999999997,14554.26999999997
2026-02-04 17:17:00,14554.26999999997,14554.26999999997
2026-02-04 18:17:00,14554.26999999997,14554.26999999997
2026-02-04 19:17:00,14554.26999999997,14554.26999999997
2026-02-04 20:17:00,14554.26999999997,14554.26999999997
2026-02-04 21:17:00,14554.26999999997,14554.26999999997
2026-02-04 22:17:00,14554.26999999997,14554.26999999997
2026-02-04 23:17:00,14554.26999999997,14554.26999999997
2026-02-05 01:18:00,14554.26999999997,14554.26999999997
2026-02-05 02:18:00,14554.26999999997,14554.26999999997
2026-02-05 03:18:00,14554.26999999997,14554.26999999997
2026-02-05 04:18:00,14554.26999999997,14554.26999999997
2026-02-05 05:18:00,14554.26999999997,14554.26999999997
2026-02-05 06:18:00,14554.26999999997,14554.26999999997
2026-02-05 07:18:00,14554.26999999997,14554.26999999997
2026-02-05 08:18:00,14554.26999999997,14554.26999999997
2026-02-05 09:18:00,14554.26999999997,14554.26999999997
2026-02-05 10:18:00,14554.26999999997,14554.26999999997
2026-02-05 11:18:00,14554.26999999997,14554.26999999997
2026-02-05 12:18:00,14554.26999999997,14554.26999999997
2026-02-05 13:18:00,14554.26999999997,14554.26999999997
2026-02-05 14:18:00,14554.26999999997,14554.26999999997
2026-02-05 15:18:00,14554.26999999997,14554.26999999997
2026-02-05 16:18:00,14554.26999999997,14554.26999999997
2026-02-05 17:18:00,14554.26999999997,14554.26999999997
2026-02-05 18:18:00,14554.26999999997,14554.26999999997
2026-02-05 19:18:00,14554.26999999997,14554.26999999997
2026-02-05 20:18:00,14554.26999999997,14554.26999999997
2026-02-05 21:18:00,14554.26999999997,14554.26999999997
2026-02-05 22:18:00,14554.26999999997,14554.26999999997
2026-02-05 23:18:00,14554.26999999997,14554.26999999997
2026-02-06 01:19:00,14554.26999999997,14554.26999999997
2026-02-06 02:19:00,14554.26999999997,14554.26999999997
2026-02-06 03:19:00,14554.26999999997,14554.26999999997
2026-02-06 04:19:00,14554.26999999997,14554.26999999997
2026-02-06 05:19:00,14554.26999999997,14554.26999999997
2026-02-06 06:19:00,14554.26999999997,14554.26999999997
2026-02-06 07:19:00,14554.26999999997,14554.26999999997
2026-02-06 08:19:00,14554.26999999997,14554.26999999997
2026-02-06 09:19:00,14554.26999999997,14554.26999999997
2026-02-06 10:19:00,14554.26999999997,14554.26999999997
2026-02-06 11:19:00,14554.26999999997,14554.26999999997
2026-02-06 12:19:00,14554.26999999997,14554.26999999997
2026-02-06 13:19:00,14554.26999999997,14554.26999999997
2026-02-06 14:19:00,14554.26999999997,14554.26999999997
2026-02-06 15:19:00,14554.26999999997,14554.26999999997
2026-02-06 16:19:00,14554.26999999997,14554.26999999997
2026-02-06 17:19:00,14553.989999999969,14547.509999999966
2026-02-06 18:19:00,14553.989999999969,14561.949999999968
2026-02-06 19:19:00,14575.239999999967,14575.239999999967
2026-02-06 20:19:00,14575.239999999967,14575.239999999967
2026-02-06 21:19:00,14575.239999999967,14575.239999999967
2026-02-06 22:19:00,14575.239999999967,14575.239999999967
2026-02-06 23:19:00,14575.239999999967,14575.239999999967
2026-02-09 01:20:00,14575.239999999967,14575.239999999967
2026-02-09 02:20:00,14575.239999999967,14575.239999999967
2026-02-09 03:20:00,14587.659999999965,14597.799999999967
2026-02-09 04:20:00,14496.879999999965,14496.879999999965
2026-02-09 05:20:00,14496.879999999965,14496.879999999965
2026-02-09 06:20:00,14496.879999999965,14496.879999999965
2026-02-09 07:20:00,14496.879999999965,14496.879999999965
2026-02-09 08:20:00,14496.879999999965,14496.879999999965
2026-02-09 09:20:00,14496.879999999965,14496.879999999965
2026-02-09 10:20:00,14496.879999999965,14496.879999999965
2026-02-09 11:20:00,14496.879999999965,14496.879999999965
2026-02-09 12:20:00,14496.879999999965,14496.879999999965
2026-02-09 13:20:00,14496.879999999965,14496.879999999965
2026-02-09 14:20:00,14496.879999999965,14496.879999999965
2026-02-09 15:20:00,14496.879999999965,14496.879999999965
2026-02-09 16:20:00,14496.879999999965,14496.879999999965
2026-02-09 17:20:00,14496.879999999965,14496.879999999965
2026-02-09 18:20:00,14496.879999999965,14496.879999999965
2026-02-09 19:20:00,14496.879999999965,14496.879999999965
2026-02-09 20:20:00,14496.459999999965,14494.119999999968
2026-02-09 21:20:00,14506.509999999966,14581.659999999963
2026-02-09 22:20:00,14526.609999999966,14640.569999999965
2026-02-09 23:20:00,14526.609999999966,14573.569999999965
2026-02-10 01:21:00,14526.209999999966,14526.209999999966
2026-02-10 02:21:00,14525.649999999967,14555.80999999997
2026-02-10 03:21:00,14589.369999999966,14656.849999999966
2026-02-10 04:21:00,14588.969999999965,14588.969999999965
2026-02-10 05:21:00,14588.969999999965,14588.969999999965
2026-02-10 06:21:00,14588.969999999965,14588.969999999965
2026-02-10 07:21:00,14588.969999999965,14588.969999999965
2026-02-10 08:21:00,14588.969999999965,14588.969999999965
2026-02-10 09:21:00,14588.969999999965,14588.969999999965
2026-02-10 10:21:00,14588.969999999965,14588.969999999965
2026-02-10 11:21:00,14588.969999999965,14588.969999999965
2026-02-10 12:21:00,14588.969999999965,14588.969999999965
2026-02-10 13:21:00,14588.969999999965,14588.969999999965
2026-02-10 14:21:00,14588.969999999965,14588.969999999965
2026-02-10 15:21:00,14588.969999999965,14588.969999999965
2026-02-10 16:21:00,14588.969999999965,14588.969999999965
2026-02-10 17:21:00,14588.969999999965,14588.969999999965
2026-02-10 18:21:00,14588.969999999965,14588.969999999965
2026-02-10 19:21:00,14588.969999999965,14588.969999999965
2026-02-10 20:21:00,14588.969999999965,14588.969999999965
2026-02-10 21:21:00,14588.969999999965,14588.969999999965
2026-02-10 22:21:00,14588.969999999965,14588.969999999965
2026-02-10 23:21:00,14588.969999999965,14588.969999999965
2026-02-11 01:22:00,14588.969999999965,14588.969999999965
2026-02-11 02:22:00,14588.969999999965,14588.969999999965
2026-02-11 03:22:00,14588.969999999965,14588.969999999965
2026-02-11 04:22:00,14588.969999999965,14588.969999999965
2026-02-11 05:22:00,14588.969999999965,14588.969999999965
2026-02-11 06:22:00,14588.969999999965,14588.969999999965
2026-02-11 07:22:00,14588.969999999965,14588.969999999965
2026-02-11 08:22:00,14588.969999999965,14588.969999999965
2026-02-11 09:22:00,14588.969999999965,14588.969999999965
2026-02-11 10:22:00,14588.969999999965,14588.969999999965
2026-02-11 11:22:00,14588.969999999965,14588.969999999965
2026-02-11 12:22:00,14588.969999999965,14588.969999999965
2026-02-11 13:22:00,14588.969999999965,14588.969999999965
2026-02-11 14:22:00,14588.969999999965,14588.969999999965
2026-02-11 15:22:00,14588.969999999965,14588.969999999965
2026-02-11 16:22:00,14588.969999999965,14588.969999999965
2026-02-11 17:22:00,14588.969999999965,14588.969999999965
2026-02-11 18:22:00,14588.969999999965,14588.969999999965
2026-02-11 19:22:00,14588.969999999965,14588.969999999965
2026-02-11 20:22:00,14588.969999999965,14588.969999999965
2026-02-11 21:22:00,14588.969999999965,14588.969999999965
2026-02-11 22:22:00,14588.969999999965,14588.969999999965
2026-02-11 23:22:00,14588.969999999965,14588.969999999965
2026-02-12 01:23:00,14588.969999999965,14588.969999999965
2026-02-12 02:23:00,14588.969999999965,14588.969999999965
2026-02-12 03:23:00,14588.969999999965,14588.969999999965
2026-02-12 04:23:00,14588.969999999965,14588.969999999965
2026-02-12 05:23:00,14588.969999999965,14588.969999999965
2026-02-12 06:23:00,14588.969999999965,14588.969999999965
2026-02-12 07:23:00,14588.969999999965,14588.969999999965
2026-02-12 08:23:00,14588.969999999965,14588.969999999965
2026-02-12 09:23:00,14588.969999999965,14588.969999999965
2026-02-12 10:23:00,14588.969999999965,14588.969999999965
2026-02-12 11:23:00,14588.969999999965,14588.969999999965
2026-02-12 12:23:00,14608.169999999966,14686.109999999964
2026-02-12 13:23:00,14647.689999999966,14713.769999999968
2026-02-12 14:23:00,14647.689999999966,14714.289999999964
2026-02-12 15:23:00,14647.689999999966,14671.809999999965
2026-02-12 16:23:00,14647.289999999968,14647.289999999968
2026-02-12 17:23:00,14647.289999999968,14647.289999999968
2026-02-12 18:23:00,14647.289999999968,14647.289999999968
2026-02-12 19:23:00,14647.289999999968,14647.289999999968
2026-02-12 20:23:00,14647.289999999968,14647.289999999968
2026-02-12 21:23:00,14647.289999999968,14647.289999999968
2026-02-12 22:23:00,14647.289999999968,14647.289999999968
2026-02-12 23:23:00,14647.289999999968,14647.289999999968
2026-02-13 01:24:00,14647.289999999968,14647.289999999968
2026-02-13 02:24:00,14647.289999999968,14647.289999999968
2026-02-13 03:24:00,14647.289999999968,14647.289999999968
2026-02-13 04:24:00,14647.149999999969,14645.189999999968
2026-02-13 05:24:00,14647.149999999969,14660.249999999967
2026-02-13 06:24:00,14647.149999999969,14633.689999999968
2026-02-13 07:24:00,14647.149999999969,14647.169999999967
2026-02-13 08:24:00,14647.149999999969,14701.189999999968
2026-02-13 09:24:00,14647.149999999969,14679.229999999969
2026-02-13 10:24:00,14647.149999999969,14655.229999999969
2026-02-13 11:24:00,14647.149999999969,14655.629999999968
2026-02-13 12:24:00,14647.149999999969,14670.889999999968
2026-02-13 13:24:00,14647.149999999969,14733.109999999968
2026-02-13 14:24:00,14647.149999999969,14669.329999999967
2026-02-13 15:24:00,14647.149999999969,14672.669999999967
2026-02-13 16:24:00,14647.149999999969,14608.969999999968
2026-02-13 17:24:00,14647.149999999969,14607.329999999967
2026-02-13 18:24:00,14660.749999999969,14714.73999999997
2026-02-13 19:24:00,14688.789999999968,14727.749999999969
2026-02-13 20:24:00,14688.789999999968,14756.709999999968
2026-02-13 21:24:00,14629.119999999966,14798.199999999964
2026-02-13 22:24:00,14629.119999999966,14759.559999999969
2026-02-13 23:24:00,14629.119999999966,14761.059999999969
2026-02-16 01:25:00,14784.029999999966,14900.939999999966
2026-02-16 02:25:00,14784.029999999966,14847.779999999966
2026-02-16 03:25:00,14784.029999999966,14909.129999999965
2026-02-16 04:25:00,14784.029999999966,14885.489999999965
2026-02-16 05:25:00,14784.029999999966,14811.839999999967
2026-02-16 06:25:00,14783.729999999965,14783.729999999965
2026-02-16 07:25:00,14783.729999999965,14783.729999999965
2026-02-16 08:25:00,14783.729999999965,14783.729999999965
2026-02-16 09:25:00,14783.729999999965,14783.729999999965
2026-02-16 10:25:00,14845.529999999962,14882.249999999964
2026-02-16 11:25:00,14844.72999999996,14844.72999999996
2026-02-16 12:25:00,14844.72999999996,14844.72999999996
2026-02-16 13:25:00,14844.72999999996,14844.72999999996
2026-02-16 14:25:00,14844.72999999996,14844.72999999996
2026-02-16 15:25:00,14844.72999999996,14844.72999999996
2026-02-16 16:25:00,14844.72999999996,14844.72999999996
2026-02-16 17:25:00,14843.88999999996,14878.92999999995
2026-02-16 18:25:00,14843.88999999996,14913.249999999956
2026-02-16 19:25:00,14905.71999999996,15001.839999999956
2026-02-16 20:25:00,14905.71999999996,15014.259999999955
2026-02-16 21:25:00,14905.71999999996,14988.579999999956
2026-02-17 01:54:00,14902.71999999996,15002.319999999956
2026-02-17 02:54:00,14902.119999999957,14902.119999999957
2026-02-17 03:54:00,14902.119999999957,14902.119999999957
2026-02-17 04:54:00,14902.119999999957,14902.119999999957
2026-02-17 05:54:00,14902.119999999957,14902.119999999957
2026-02-17 06:54:00,14902.119999999957,14902.119999999957
2026-02-17 07:54:00,14902.119999999957,14902.119999999957
2026-02-17 08:54:00,14902.119999999957,14902.119999999957
2026-02-17 09:54:00,14902.119999999957,14902.119999999957
2026-02-17 10:54:00,14902.119999999957,14902.119999999957
2026-02-17 11:54:00,14902.119999999957,14902.119999999957
2026-02-17 12:54:00,14902.119999999957,14902.119999999957
2026-02-17 13:54:00,14902.119999999957,14902.119999999957
2026-02-17 14:54:00,14902.119999999957,14902.119999999957
2026-02-17 15:54:00,14902.119999999957,14902.119999999957
2026-02-17 16:54:00,14902.119999999957,14902.119999999957
2026-02-17 17:54:00,14902.119999999957,14902.119999999957
2026-02-17 18:54:00,14902.119999999957,14902.119999999957
2026-02-17 19:54:00,14902.119999999957,14902.119999999957
2026-02-17 20:54:00,14902.119999999957,14902.119999999957
2026-02-17 21:54:00,14902.119999999957,14902.119999999957
2026-02-17 22:54:00,14902.119999999957,14902.119999999957
2026-02-17 23:54:00,14902.119999999957,14902.119999999957
2026-02-18 01:55:00,14902.119999999957,14902.119999999957
2026-02-18 02:55:00,14902.119999999957,14902.119999999957
2026-02-18 03:55:00,14902.119999999957,14902.119999999957
2026-02-18 04:55:00,14902.119999999957,14902.119999999957
2026-02-18 05:55:00,14902.119999999957,14902.119999999957
2026-02-18 06:55:00,14902.119999999957,14902.119999999957
2026-02-18 07:55:00,14902.119999999957,14902.119999999957
2026-02-18 08:55:00,14902.119999999957,14902.119999999957
2026-02-18 09:55:00,14902.119999999957,14902.119999999957
2026-02-18 10:55:00,14902.119999999957,14902.119999999957
2026-02-18 11:55:00,14902.119999999957,14902.119999999957
2026-02-18 12:55:00,14902.119999999957,14902.119999999957
2026-02-18 13:55:00,14902.119999999957,14902.119999999957
2026-02-18 14:55:00,14902.119999999957,14902.119999999957
2026-02-18 15:55:00,14902.119999999957,14902.119999999957
2026-02-18 16:55:00,14902.119999999957,14902.119999999957
2026-02-18 17:55:00,14902.119999999957,14902.119999999957
2026-02-18 18:55:00,14902.119999999957,14902.119999999957
2026-02-18 19:55:00,14902.119999999957,14902.119999999957
2026-02-18 20:55:00,14902.119999999957,14902.119999999957
2026-02-18 21:55:00,14901.489999999958,14918.949999999963
2026-02-18 22:55:00,14901.489999999958,14922.459999999957
2026-02-18 23:55:00,14901.489999999958,14885.10999999996
2026-02-19 01:56:00,14759.10999999996,14759.10999999996
2026-02-19 02:56:00,14759.10999999996,14759.10999999996
2026-02-19 03:56:00,14759.10999999996,14759.10999999996
2026-02-19 04:56:00,14759.10999999996,14759.10999999996
2026-02-19 05:56:00,14759.10999999996,14759.10999999996
2026-02-19 06:56:00,14759.10999999996,14759.10999999996
2026-02-19 07:56:00,14759.10999999996,14759.10999999996
2026-02-19 08:56:00,14759.10999999996,14759.10999999996
2026-02-19 09:56:00,14759.10999999996,14759.10999999996
2026-02-19 10:56:00,14759.10999999996,14759.10999999996
2026-02-19 11:56:00,14759.10999999996,14759.10999999996
2026-02-19 12:56:00,14759.10999999996,14759.10999999996
2026-02-19 13:56:00,14759.10999999996,14759.10999999996
2026-02-19 14:56:00,14759.10999999996,14759.10999999996
2026-02-19 15:56:00,14759.10999999996,14759.10999999996
2026-02-19 16:56:00,14759.10999999996,14759.10999999996
2026-02-19 17:56:00,14759.10999999996,14759.10999999996
2026-02-19 18:56:00,14906.039999999959,14934.179999999962
2026-02-19 19:56:00,14905.339999999964,14905.339999999964
2026-02-19 20:56:00,14905.339999999964,14905.339999999964
2026-02-19 21:56:00,14905.339999999964,14905.339999999964
2026-02-19 22:56:00,14905.339999999964,14905.339999999964
2026-02-19 23:56:00,14905.339999999964,14905.339999999964
2026-02-20 01:57:00,14905.339999999964,14905.339999999964
2026-02-20 02:57:00,14905.339999999964,14905.339999999964
2026-02-20 03:57:00,14905.339999999964,14905.339999999964
2026-02-20 04:57:00,14905.339999999964,14905.339999999964
2026-02-20 05:57:00,14905.339999999964,14905.339999999964
2026-02-20 06:57:00,14905.339999999964,14905.339999999964
2026-02-20 07:57:00,14905.339999999964,14905.339999999964
2026-02-20 08:57:00,14905.339999999964,14905.339999999964
2026-02-20 09:57:00,14905.339999999964,14905.339999999964
2026-02-20 10:57:00,14905.339999999964,14905.339999999964
2026-02-20 11:57:00,14905.339999999964,14905.339999999964
2026-02-20 12:57:00,14905.339999999964,14905.339999999964
2026-02-20 13:57:00,14905.339999999964,14905.339999999964
2026-02-20 14:57:00,14905.339999999964,14905.339999999964
2026-02-20 15:57:00,14905.339999999964,14905.339999999964
2026-02-20 16:57:00,14905.339999999964,14905.339999999964
2026-02-20 17:57:00,14759.989999999965,14759.989999999965
2026-02-20 18:57:00,14759.989999999965,14759.989999999965
2026-02-20 19:57:00,14759.989999999965,14759.989999999965
2026-02-20 20:57:00,14759.989999999965,14759.989999999965
2026-02-20 21:57:00,14759.989999999965,14759.989999999965
2026-02-20 22:57:00,14759.989999999965,14759.989999999965
2026-02-20 23:57:00,14759.989999999965,14759.989999999965
2026-02-23 01:58:00,14759.989999999965,14759.989999999965
2026-02-23 02:58:00,14759.989999999965,14759.989999999965
2026-02-23 03:58:00,14759.989999999965,14759.989999999965
2026-02-23 04:58:00,14759.989999999965,14759.989999999965
2026-02-23 05:58:00,14759.989999999965,14759.989999999965
2026-02-23 06:58:00,14759.989999999965,14759.989999999965
2026-02-23 07:58:00,14759.989999999965,14759.989999999965
2026-02-23 08:58:00,14759.989999999965,14759.989999999965
2026-02-23 09:58:00,14759.989999999965,14759.989999999965
2026-02-23 10:58:00,14759.989999999965,14759.989999999965
2026-02-23 11:58:00,14759.989999999965,14759.989999999965
2026-02-23 12:58:00,14759.989999999965,14759.989999999965
2026-02-23 13:58:00,14759.989999999965,14759.989999999965
2026-02-23 14:58:00,14759.989999999965,14759.989999999965
2026-02-23 15:58:00,14607.05999999997,14607.05999999997
2026-02-23 16:58:00,14607.05999999997,14607.05999999997
2026-02-23 17:58:00,14607.05999999997,14607.05999999997
2026-02-23 18:58:00,14607.05999999997,14607.05999999997
2026-02-23 19:58:00,14606.21999999997,14740.019999999966
2026-02-23 20:58:00,14630.45999999997,14763.559999999974
2026-02-23 21:58:00,14630.45999999997,14826.759999999971
2026-02-23 22:58:00,14678.859999999971,15006.059999999969
2026-02-23 23:58:00,14693.559999999958,14946.519999999957
2026-02-24 01:59:00,14786.379999999957,15025.599999999957
2026-02-24 02:59:00,14786.379999999957,14954.439999999959
2026-02-24 03:59:00,14649.219999999956,14649.219999999956
2026-02-24 04:59:00,14649.219999999956,14649.219999999956
2026-02-24 05:59:00,14649.219999999956,14649.219999999956
2026-02-24 06:59:00,14649.219999999956,14649.219999999956
2026-02-24 07:59:00,14649.219999999956,14649.219999999956
2026-02-24 08:59:00,14649.219999999956,14649.219999999956
2026-02-24 09:59:00,14664.98999999995,14664.98999999995
2026-02-24 10:59:00,14664.98999999995,14664.98999999995
2026-02-24 11:59:00,14664.98999999995,14664.98999999995
2026-02-24 12:59:00,14664.98999999995,14664.98999999995
2026-02-24 13:59:00,14664.98999999995,14664.98999999995
2026-02-24 14:59:00,14664.98999999995,14664.98999999995
2026-02-24 15:59:00,14664.98999999995,14664.98999999995
2026-02-24 16:59:00,14664.98999999995,14664.98999999995
2026-02-24 17:59:00,14664.98999999995,14664.98999999995
2026-02-24 18:59:00,14664.98999999995,14664.98999999995
2026-02-24 19:59:00,14664.98999999995,14664.98999999995
2026-02-24 20:59:00,14664.98999999995,14664.98999999995
2026-02-24 21:59:00,14664.98999999995,14664.98999999995
2026-02-24 22:59:00,14664.98999999995,14664.98999999995
2026-02-25 01:00:00,14664.98999999995,14664.98999999995
2026-02-25 02:00:00,14513.789999999954,14513.789999999954
2026-02-25 03:00:00,14513.789999999954,14513.789999999954
2026-02-25 04:00:00,14513.789999999954,14513.789999999954
2026-02-25 05:00:00,14534.189999999955,14624.909999999954
2026-02-25 06:00:00,14534.189999999955,14590.589999999958
2026-02-25 07:00:00,14533.589999999958,14533.589999999958
2026-02-25 08:00:00,14533.589999999958,14533.589999999958
2026-02-25 09:00:00,14533.589999999958,14533.589999999958
2026-02-25 10:00:00,14533.589999999958,14533.589999999958
2026-02-25 11:00:00,14533.589999999958,14533.589999999958
2026-02-25 12:00:00,14533.589999999958,14533.589999999958
2026-02-25 13:00:00,14533.589999999958,14533.589999999958
2026-02-25 14:00:00,14533.589999999958,14533.589999999958
2026-02-25 15:00:00,14533.589999999958,14533.589999999958
2026-02-25 16:00:00,14533.589999999958,14533.589999999958
2026-02-25 17:00:00,14533.589999999958,14533.589999999958
2026-02-25 18:00:00,14533.589999999958,14533.589999999958
2026-02-25 19:00:00,14533.589999999958,14533.589999999958
2026-02-25 20:00:00,14597.139999999968,14659.639999999968
2026-02-25 21:00:00,14597.139999999968,14707.839999999966
2026-02-25 22:00:00,14683.789999999972,14734.339999999975
2026-02-25 23:00:00,14857.089999999975,14857.089999999975
2026-02-26 01:01:00,14857.089999999975,14857.089999999975
2026-02-26 02:01:00,14857.089999999975,14857.089999999975
2026-02-26 03:01:00,14857.089999999975,14857.089999999975
2026-02-26 04:01:00,14876.969999999976,14964.569999999978
2026-02-26 05:01:00,14876.369999999979,14876.369999999979
2026-02-26 06:01:00,14876.369999999979,14876.369999999979
2026-02-26 07:01:00,14876.369999999979,14876.369999999979
2026-02-26 08:01:00,14876.369999999979,14876.369999999979
2026-02-26 09:01:00,14876.369999999979,14876.369999999979
2026-02-26 10:01:00,14876.369999999979,14876.369999999979
2026-02-26 11:01:00,14876.369999999979,14876.369999999979
2026-02-26 12:01:00,14876.369999999979,14876.369999999979
2026-02-26 13:01:00,14876.369999999979,14876.369999999979
2026-02-26 14:01:00,14876.369999999979,14876.369999999979
2026-02-26 15:01:00,14876.369999999979,14876.369999999979
2026-02-26 16:01:00,14876.369999999979,14876.369999999979
2026-02-26 17:01:00,14876.369999999979,14876.369999999979
2026-02-26 18:01:00,14876.369999999979,14876.369999999979
2026-02-26 19:01:00,14876.369999999979,14876.369999999979
2026-02-26 20:01:00,14876.15999999998,14865.749999999978
2026-02-26 21:01:00,14876.15999999998,14909.57999999998
2026-02-26 22:01:00,14876.15999999998,14926.289999999979
2026-02-26 23:01:00,14876.15999999998,14950.67999999998
2026-02-27 01:02:00,14874.65999999998,14893.82999999998
2026-02-27 02:02:00,14874.65999999998,14902.40999999998
2026-02-27 03:02:00,14874.65999999998,14869.319999999982
2026-02-27 04:02:00,14612.499999999989,14673.639999999989
2026-02-27 05:02:00,14612.499999999989,14645.64999999999
2026-02-27 06:02:00,14612.499999999989,14650.11999999999
2026-02-27 07:02:00,14612.499999999989,14644.419999999991
2026-02-27 08:02:00,14612.499999999989,14680.77999999999
2026-02-27 09:02:00,14612.499999999989,14655.639999999989
2026-02-27 10:02:00,14612.499999999989,14635.50999999999
2026-02-27 11:02:00,14612.499999999989,14635.659999999989
2026-02-27 12:02:00,14612.499999999989,14620.89999999999
2026-02-27 13:02:00,14612.499999999989,14623.929999999991
2026-02-27 14:02:00,14612.499999999989,14652.489999999989
2026-02-27 15:02:00,14612.499999999989,14671.989999999989
2026-02-27 16:02:00,14649.75999999999,14759.739999999989
2026-02-27 17:02:00,14649.75999999999,14745.95999999999
2026-02-27 18:02:00,14649.75999999999,14786.579999999989
2026-02-27 19:02:00,14649.75999999999,14765.93999999999
2026-02-27 20:02:00,14649.75999999999,14776.95999999999
2026-02-27 21:02:00,14649.75999999999,14802.67999999999
2026-02-27 22:02:00,14649.75999999999,14807.21999999999
2026-02-27 23:02:00,14649.75999999999,14822.45999999999
2026-03-02 01:03:00,14947.83999999999,14947.83999999999
2026-03-02 02:03:00,14947.83999999999,14947.83999999999
2026-03-02 03:03:00,14947.69999999999,14897.32999999999
2026-03-02 04:03:00,14947.69999999999,14912.06999999999
2026-03-02 05:03:00,14947.69999999999,14970.08999999999
2026-03-02 06:03:00,14947.69999999999,14990.48999999999
2026-03-02 07:03:00,14947.69999999999,14967.26999999999
2026-03-02 08:03:00,14947.69999999999,14992.04999999999
2026-03-02 09:03:00,14947.69999999999,15040.36999999999
2026-03-02 10:03:00,14947.69999999999,15069.76999999999
2026-03-02 11:03:00,14947.69999999999,15055.48999999999
2026-03-02 12:03:00,14947.69999999999,15031.84999999999
2026-03-02 13:03:00,14947.69999999999,15041.22999999999
2026-03-02 14:03:00,14947.69999999999,15033.32999999999
2026-03-02 15:03:00,14947.69999999999,15061.56999999999
2026-03-02 16:03:00,14947.69999999999,15033.10999999999
2026-03-02 17:03:00,14947.69999999999,14909.52999999999
2026-03-02 18:03:00,14824.58999999999,14824.58999999999
2026-03-02 19:03:00,14824.58999999999,14824.58999999999
2026-03-02 20:03:00,14824.58999999999,14824.58999999999
2026-03-02 21:03:00,14824.58999999999,14824.58999999999
2026-03-02 22:03:00,14824.58999999999,14824.58999999999
2026-03-02 23:03:00,14824.58999999999,14824.58999999999
2026-03-03 01:04:00,14824.58999999999,14824.58999999999
2026-03-03 02:04:00,14824.58999999999,14824.58999999999
2026-03-03 03:04:00,14824.309999999989,14794.02999999999
2026-03-03 04:04:00,14844.459999999988,14867.439999999988
2026-03-03 05:04:00,14844.159999999987,14844.159999999987
2026-03-03 06:04:00,14844.159999999987,14844.159999999987
2026-03-03 07:04:00,14844.159999999987,14844.159999999987
2026-03-03 08:04:00,14844.159999999987,14844.159999999987
2026-03-03 09:04:00,14844.159999999987,14844.159999999987
2026-03-03 10:04:00,14844.159999999987,14844.159999999987
2026-03-03 11:04:00,14844.159999999987,14844.159999999987
2026-03-03 12:04:00,14844.159999999987,14844.159999999987
2026-03-03 13:04:00,14844.159999999987,14844.159999999987
2026-03-03 14:04:00,14844.159999999987,14844.159999999987
2026-03-03 15:04:00,14843.739999999987,14827.539999999988
2026-03-03 16:04:00,14705.079999999987,14705.079999999987
2026-03-03 17:04:00,14705.079999999987,14705.079999999987
2026-03-03 18:04:00,14573.879999999986,14573.879999999986
2026-03-03 19:04:00,14573.879999999986,14573.879999999986
2026-03-03 20:04:00,14573.879999999986,14573.879999999986
2026-03-03 21:04:00,14573.879999999986,14573.879999999986
2026-03-03 22:04:00,14573.879999999986,14573.879999999986
2026-03-03 23:04:00,14573.879999999986,14573.879999999986
2026-03-04 01:05:00,14573.879999999986,14573.879999999986
2026-03-04 02:05:00,14573.879999999986,14573.879999999986
2026-03-04 03:05:00,14573.879999999986,14573.879999999986
2026-03-04 04:05:00,14573.879999999986,14573.879999999986
2026-03-04 05:05:00,14573.879999999986,14573.879999999986
2026-03-04 06:05:00,14573.879999999986,14573.879999999986
2026-03-04 07:05:00,14573.879999999986,14573.879999999986
2026-03-04 08:05:00,14573.879999999986,14573.879999999986
2026-03-04 09:05:00,14573.879999999986,14573.879999999986
2026-03-04 10:05:00,14573.879999999986,14573.879999999986
2026-03-04 11:05:00,14573.879999999986,14573.879999999986
2026-03-04 12:05:00,14573.879999999986,14573.879999999986
2026-03-04 13:05:00,14573.879999999986,14573.879999999986
2026-03-04 14:05:00,14573.879999999986,14573.879999999986
2026-03-04 15:05:00,14573.879999999986,14573.879999999986
2026-03-04 16:05:00,14636.039999999985,14716.279999999982
2026-03-04 17:05:00,14635.239999999982,14635.239999999982
2026-03-04 18:05:00,14692.149999999983,14738.199999999983
2026-03-04 19:05:00,14692.149999999983,14764.549999999981
2026-03-04 20:05:00,14768.849999999984,14858.279999999982
2026-03-04 21:05:00,14768.849999999984,14867.249999999985
2026-03-04 22:05:00,14768.849999999984,14854.649999999985
2026-03-04 23:05:00,14768.849999999984,14839.499999999985
2026-03-05 01:06:00,14769.299999999985,14801.729999999985
2026-03-05 02:06:00,14768.999999999985,14768.999999999985
2026-03-05 03:06:00,14768.999999999985,14768.999999999985
2026-03-05 04:06:00,14768.999999999985,14768.999999999985
2026-03-05 05:06:00,14768.999999999985,14768.999999999985
2026-03-05 06:06:00,14768.999999999985,14768.999999999985
2026-03-05 07:06:00,14768.999999999985,14768.999999999985
2026-03-05 08:06:00,14768.999999999985,14768.999999999985
2026-03-05 09:06:00,14768.999999999985,14768.999999999985
2026-03-05 10:06:00,14768.999999999985,14768.999999999985
2026-03-05 11:06:00,14768.999999999985,14768.999999999985
2026-03-05 12:06:00,14768.999999999985,14768.999999999985
2026-03-05 13:06:00,14768.999999999985,14768.999999999985
2026-03-05 14:06:00,14768.999999999985,14768.999999999985
2026-03-05 15:06:00,14786.349999999979,14786.349999999979
2026-03-05 16:06:00,14786.349999999979,14786.349999999979
2026-03-05 17:06:00,14786.349999999979,14786.349999999979
2026-03-05 18:06:00,14786.349999999979,14786.349999999979
2026-03-05 19:06:00,14786.349999999979,14786.349999999979
2026-03-05 20:06:00,14786.349999999979,14786.349999999979
2026-03-05 21:06:00,14786.349999999979,14786.349999999979
2026-03-05 22:06:00,14786.349999999979,14786.349999999979
2026-03-05 23:06:00,14786.349999999979,14786.349999999979
2026-03-06 01:07:00,14786.349999999979,14786.349999999979
2026-03-06 02:07:00,14786.349999999979,14786.349999999979
2026-03-06 03:07:00,14786.349999999979,14786.349999999979
2026-03-06 04:07:00,14786.349999999979,14786.349999999979
2026-03-06 05:07:00,14786.349999999979,14786.349999999979
2026-03-06 06:07:00,14786.349999999979,14786.349999999979
2026-03-06 07:07:00,14786.349999999979,14786.349999999979
2026-03-06 08:07:00,14682.309999999981,14682.309999999981
2026-03-06 09:07:00,14682.309999999981,14682.309999999981
2026-03-06 10:07:00,14744.949999999986,14744.949999999986
2026-03-06 11:07:00,14744.949999999986,14744.949999999986
2026-03-06 12:07:00,14744.949999999986,14744.949999999986
2026-03-06 13:07:00,14744.949999999986,14744.949999999986
2026-03-06 14:07:00,14744.949999999986,14744.949999999986
2026-03-06 15:07:00,14744.949999999986,14744.949999999986
2026-03-06 16:07:00,14744.949999999986,14744.949999999986
2026-03-06 17:07:00,14744.949999999986,14744.949999999986
2026-03-06 18:07:00,14744.949999999986,14744.949999999986
2026-03-06 19:07:00,14744.949999999986,14744.949999999986
2026-03-06 20:07:00,14744.949999999986,14744.949999999986
2026-03-06 21:07:00,14744.949999999986,14744.949999999986
2026-03-06 22:07:00,14744.949999999986,14744.949999999986
2026-03-06 23:07:00,14744.949999999986,14744.949999999986
2026-03-09 00:08:00,14744.949999999986,14744.949999999986
2026-03-09 01:08:00,14744.949999999986,14744.949999999986
2026-03-09 02:08:00,14744.949999999986,14744.949999999986
2026-03-09 03:08:00,14744.949999999986,14744.949999999986
2026-03-09 04:08:00,14744.949999999986,14744.949999999986
2026-03-09 05:08:00,14744.949999999986,14744.949999999986
2026-03-09 06:08:00,14744.949999999986,14744.949999999986
2026-03-09 07:08:00,14744.949999999986,14744.949999999986
2026-03-09 08:08:00,14744.949999999986,14744.949999999986
2026-03-09 09:08:00,14744.949999999986,14744.949999999986
2026-03-09 10:08:00,14744.949999999986,14744.949999999986
2026-03-09 11:08:00,14744.949999999986,14744.949999999986
2026-03-09 12:08:00,14744.949999999986,14744.949999999986
2026-03-09 13:08:00,14744.949999999986,14744.949999999986
2026-03-09 14:08:00,14744.949999999986,14744.949999999986
2026-03-09 15:08:00,14744.949999999986,14744.949999999986
2026-03-09 16:08:00,14744.949999999986,14744.949999999986
2026-03-09 17:08:00,14744.949999999986,14744.949999999986
2026-03-09 18:08:00,14744.949999999986,14744.949999999986
2026-03-09 19:08:00,14744.949999999986,14744.949999999986
2026-03-09 20:08:00,14744.949999999986,14744.949999999986
2026-03-09 21:08:00,14744.949999999986,14744.949999999986
2026-03-09 22:08:00,14744.949999999986,14744.949999999986
2026-03-10 00:09:00,14744.949999999986,14744.949999999986
2026-03-10 01:09:00,14744.949999999986,14744.949999999986
2026-03-10 02:09:00,14744.949999999986,14744.949999999986
2026-03-10 03:09:00,14744.949999999986,14744.949999999986
2026-03-10 04:09:00,14744.949999999986,14744.949999999986
2026-03-10 05:09:00,14744.949999999986,14744.949999999986
2026-03-10 06:09:00,14742.849999999986,14729.949999999977
2026-03-10 07:09:00,14886.629999999981,14971.679999999978
2026-03-10 08:09:00,14886.629999999981,15045.119999999977
2026-03-10 09:09:00,14886.629999999981,15018.929999999978
2026-03-10 10:09:00,15097.859999999975,15097.859999999975
2026-03-10 11:09:00,15097.859999999975,15097.859999999975
2026-03-10 12:09:00,15097.859999999975,15097.859999999975
2026-03-10 13:09:00,15097.859999999975,15097.859999999975
2026-03-10 14:09:00,15097.859999999975,15097.859999999975
2026-03-10 15:09:00,15097.859999999975,15097.859999999975
2026-03-10 16:09:00,15097.859999999975,15097.859999999975
2026-03-10 17:09:00,15097.859999999975,15097.859999999975
2026-03-10 18:09:00,15097.859999999975,15097.859999999975
2026-03-10 19:09:00,15097.859999999975,15097.859999999975
2026-03-10 20:09:00,15113.029999999964,15113.029999999964
2026-03-10 21:09:00,15113.029999999964,15113.029999999964
2026-03-10 22:09:00,15113.029999999964,15113.029999999964
2026-03-11 00:10:00,15113.029999999964,15113.029999999964
2026-03-11 01:10:00,15113.029999999964,15113.029999999964
2026-03-11 02:10:00,15113.029999999964,15113.029999999964
2026-03-11 03:10:00,15113.029999999964,15113.029999999964
2026-03-11 04:10:00,15111.909999999963,15046.789999999968
2026-03-11 05:10:00,15178.589999999967,15266.109999999971
2026-03-11 06:10:00,15177.789999999972,15177.789999999972
2026-03-11 07:10:00,15177.789999999972,15177.789999999972
2026-03-11 08:10:00,15177.789999999972,15177.789999999972
2026-03-11 09:10:00,15177.789999999972,15177.789999999972
2026-03-11 10:10:00,15177.789999999972,15177.789999999972
2026-03-11 11:10:00,15177.789999999972,15177.789999999972
2026-03-11 12:10:00,15177.789999999972,15177.789999999972
2026-03-11 13:10:00,15177.789999999972,15177.789999999972
2026-03-11 14:10:00,15177.789999999972,15177.789999999972
2026-03-11 15:10:00,15177.789999999972,15177.789999999972
2026-03-11 16:10:00,15177.789999999972,15177.789999999972
2026-03-11 17:10:00,15177.789999999972,15177.789999999972
2026-03-11 18:10:00,15177.789999999972,15177.789999999972
2026-03-11 19:10:00,15177.789999999972,15177.789999999972
2026-03-11 20:10:00,15232.429999999968,15334.749999999967
2026-03-11 21:10:00,15232.429999999968,15343.789999999968
2026-03-11 22:10:00,15232.429999999968,15380.109999999968
2026-03-12 00:11:00,15228.429999999968,15330.029999999966
2026-03-12 01:11:00,15227.629999999965,15227.629999999965
2026-03-12 02:11:00,15227.629999999965,15227.629999999965
2026-03-12 03:11:00,15227.629999999965,15227.629999999965
2026-03-12 04:11:00,15227.629999999965,15227.629999999965
2026-03-12 05:11:00,15227.629999999965,15227.629999999965
2026-03-12 06:11:00,15227.629999999965,15227.629999999965
2026-03-12 07:11:00,15227.629999999965,15227.629999999965
2026-03-12 08:11:00,15227.629999999965,15227.629999999965
2026-03-12 09:11:00,15227.629999999965,15227.629999999965
2026-03-12 10:11:00,15227.629999999965,15227.629999999965
2026-03-12 11:11:00,15227.629999999965,15227.629999999965
2026-03-12 12:11:00,15227.629999999965,15227.629999999965
2026-03-12 13:11:00,15227.629999999965,15227.629999999965
2026-03-12 14:11:00,15227.629999999965,15227.629999999965
2026-03-12 15:11:00,15227.629999999965,15227.629999999965
2026-03-12 16:11:00,15227.629999999965,15227.629999999965
2026-03-12 17:11:00,15227.629999999965,15227.629999999965
2026-03-12 18:11:00,15227.629999999965,15227.629999999965
2026-03-12 19:11:00,15227.629999999965,15227.629999999965
2026-03-12 20:11:00,15227.629999999965,15227.629999999965
2026-03-12 21:11:00,15227.629999999965,15227.629999999965
2026-03-12 22:11:00,15227.629999999965,15227.629999999965
2026-03-13 00:12:00,15227.629999999965,15227.629999999965
2026-03-13 01:12:00,15227.629999999965,15227.629999999965
2026-03-13 02:12:00,15227.629999999965,15227.629999999965
2026-03-13 03:12:00,15227.629999999965,15227.629999999965
2026-03-13 04:12:00,15227.629999999965,15227.629999999965
2026-03-13 05:12:00,15078.989999999974,15078.989999999974
2026-03-13 06:12:00,15078.989999999974,15078.989999999974
2026-03-13 07:12:00,15078.989999999974,15078.989999999974
2026-03-13 08:12:00,15078.989999999974,15078.989999999974
2026-03-13 09:12:00,15078.989999999974,15078.989999999974
2026-03-13 10:12:00,15078.989999999974,15078.989999999974
2026-03-13 11:12:00,15078.989999999974,15078.989999999974
2026-03-13 12:12:00,15078.989999999974,15078.989999999974
2026-03-13 13:12:00,15078.989999999974,15078.989999999974
2026-03-13 14:12:00,15078.989999999974,15078.989999999974
2026-03-13 15:12:00,15078.989999999974,15078.989999999974
2026-03-13 16:12:00,15078.989999999974,15078.989999999974
2026-03-13 17:12:00,15078.499999999975,15222.769999999971
2026-03-13 18:12:00,15098.999999999973,15063.719999999972
2026-03-13 19:12:00,15098.999999999973,15111.539999999972
2026-03-13 20:12:00,15098.999999999973,15078.119999999972
2026-03-13 21:12:00,15098.999999999973,15056.519999999971
2026-03-13 22:12:00,14994.689999999971,14994.689999999971
2026-03-16 00:13:00,14994.689999999971,14994.689999999971
2026-03-16 01:13:00,14994.689999999971,14994.689999999971
2026-03-16 02:13:00,14994.689999999971,14994.689999999971
2026-03-16 03:13:00,14994.689999999971,14994.689999999971
2026-03-16 04:13:00,14994.689999999971,14994.689999999971
2026-03-16 05:13:00,14994.689999999971,14994.689999999971
2026-03-16 06:13:00,14994.689999999971,14994.689999999971
2026-03-16 07:13:00,14994.689999999971,14994.689999999971
2026-03-16 08:13:00,14994.689999999971,14994.689999999971
2026-03-16 09:13:00,14993.429999999971,14991.08999999997
2026-03-16 10:13:00,14842.049999999974,14842.049999999974
2026-03-16 11:13:00,14842.049999999974,14842.049999999974
2026-03-16 12:13:00,14842.049999999974,14842.049999999974
2026-03-16 13:13:00,14842.049999999974,14842.049999999974
2026-03-16 14:13:00,14842.049999999974,14842.049999999974
2026-03-16 15:13:00,14842.049999999974,14842.049999999974
2026-03-16 16:13:00,14842.049999999974,14842.049999999974
2026-03-16 17:13:00,14842.049999999974,14842.049999999974
2026-03-16 18:13:00,14842.049999999974,14842.049999999974
2026-03-16 19:13:00,14842.049999999974,14842.049999999974
2026-03-16 20:13:00,14842.049999999974,14842.049999999974
2026-03-16 21:13:00,14842.049999999974,14842.049999999974
2026-03-16 22:13:00,14842.049999999974,14842.049999999974
2026-03-17 00:14:00,14842.049999999974,14842.049999999974
2026-03-17 01:14:00,14842.049999999974,14842.049999999974
2026-03-17 02:14:00,14842.049999999974,14842.049999999974
2026-03-17 03:14:00,14842.049999999974,14842.049999999974
2026-03-17 04:14:00,14842.049999999974,14842.049999999974
2026-03-17 05:14:00,14842.049999999974,14842.049999999974
2026-03-17 06:14:00,14842.049999999974,14842.049999999974
2026-03-17 07:14:00,14842.049999999974,14842.049999999974
2026-03-17 08:14:00,15208.82999999998,15208.82999999998
2026-03-17 09:14:00,15208.82999999998,15208.82999999998
2026-03-17 10:14:00,15208.82999999998,15208.82999999998
2026-03-17 11:14:00,15208.82999999998,15208.82999999998
2026-03-17 12:14:00,15208.82999999998,15208.82999999998
2026-03-17 13:14:00,15208.82999999998,15208.82999999998
2026-03-17 14:14:00,15208.82999999998,15208.82999999998
2026-03-17 15:14:00,15208.82999999998,15208.82999999998
2026-03-17 16:14:00,15208.82999999998,15208.82999999998
2026-03-17 17:14:00,15208.82999999998,15208.82999999998
2026-03-17 18:14:00,15208.82999999998,15208.82999999998
2026-03-17 19:14:00,15208.82999999998,15208.82999999998
2026-03-17 20:14:00,15208.82999999998,15208.82999999998
2026-03-17 21:14:00,15208.82999999998,15208.82999999998
2026-03-17 22:14:00,15208.82999999998,15208.82999999998
2026-03-18 00:15:00,15208.82999999998,15208.82999999998
2026-03-18 01:15:00,15208.82999999998,15208.82999999998
2026-03-18 02:15:00,15208.82999999998,15208.82999999998
2026-03-18 03:15:00,15208.82999999998,15208.82999999998
2026-03-18 04:15:00,15208.82999999998,15208.82999999998
2026-03-18 05:15:00,15208.82999999998,15208.82999999998
2026-03-18 06:15:00,15208.82999999998,15208.82999999998
2026-03-18 07:15:00,15208.82999999998,15208.82999999998
2026-03-18 08:15:00,15208.82999999998,15208.82999999998
2026-03-18 09:15:00,15208.82999999998,15208.82999999998
2026-03-18 10:15:00,15208.82999999998,15208.82999999998
2026-03-18 11:15:00,15208.82999999998,15208.82999999998
2026-03-18 12:15:00,15266.169999999982,15289.369999999988
2026-03-18 13:15:00,15265.169999999987,15265.169999999987
2026-03-18 14:15:00,15265.169999999987,15265.169999999987
2026-03-18 15:15:00,15265.169999999987,15265.169999999987
2026-03-18 16:15:00,15265.169999999987,15265.169999999987
2026-03-18 17:15:00,15265.169999999987,15265.169999999987
2026-03-18 18:15:00,15265.169999999987,15265.169999999987
2026-03-18 19:15:00,15265.169999999987,15265.169999999987
2026-03-18 20:15:00,15265.169999999987,15265.169999999987
2026-03-18 21:15:00,15265.169999999987,15265.169999999987
2026-03-18 22:15:00,15265.169999999987,15265.169999999987
2026-03-19 00:16:00,15265.169999999987,15265.169999999987
2026-03-19 01:16:00,15265.169999999987,15265.169999999987
2026-03-19 02:16:00,15265.169999999987,15265.169999999987
2026-03-19 03:16:00,15265.169999999987,15265.169999999987
2026-03-19 04:16:00,15265.169999999987,15265.169999999987
2026-03-19 05:16:00,15265.169999999987,15265.169999999987
2026-03-19 06:16:00,15265.169999999987,15265.169999999987
2026-03-19 07:16:00,15265.169999999987,15265.169999999987
2026-03-19 08:16:00,15265.169999999987,15265.169999999987
2026-03-19 09:16:00,15265.169999999987,15265.169999999987
2026-03-19 10:16:00,15265.169999999987,15265.169999999987
2026-03-19 11:16:00,15265.169999999987,15265.169999999987
2026-03-19 12:16:00,15265.169999999987,15265.169999999987
2026-03-19 13:16:00,15265.169999999987,15265.169999999987
2026-03-19 14:16:00,15265.169999999987,15265.169999999987
2026-03-19 15:16:00,15265.169999999987,15265.169999999987
2026-03-19 16:16:00,15265.169999999987,15265.169999999987
2026-03-19 17:16:00,15265.169999999987,15265.169999999987
2026-03-19 18:16:00,15265.169999999987,15265.169999999987
2026-03-19 19:16:00,15265.169999999987,15265.169999999987
2026-03-19 20:16:00,15265.169999999987,15265.169999999987
2026-03-19 21:16:00,15265.169999999987,15265.169999999987
2026-03-19 22:16:00,15265.169999999987,15265.169999999987
2026-03-20 00:17:00,15265.169999999987,15265.169999999987
2026-03-20 01:17:00,15265.169999999987,15265.169999999987
2026-03-20 02:17:00,15264.609999999988,15180.36999999999
2026-03-20 03:17:00,15284.909999999985,15284.909999999985
2026-03-20 04:17:00,15284.909999999985,15284.909999999985
2026-03-20 05:17:00,15284.909999999985,15284.909999999985
2026-03-20 06:17:00,15284.909999999985,15284.909999999985
2026-03-20 07:17:00,15304.789999999988,15381.749999999995
2026-03-20 08:17:00,15346.389999999992,15346.389999999992
2026-03-20 09:17:00,15346.389999999992,15346.389999999992
2026-03-20 10:17:00,15346.389999999992,15346.389999999992
2026-03-20 11:17:00,15346.389999999992,15346.389999999992
2026-03-20 12:17:00,15346.389999999992,15346.389999999992
2026-03-20 13:17:00,15346.389999999992,15346.389999999992
2026-03-20 14:17:00,15346.389999999992,15346.389999999992
2026-03-20 15:17:00,15346.389999999992,15346.389999999992
2026-03-20 16:17:00,15346.389999999992,15346.389999999992
2026-03-20 17:17:00,15346.389999999992,15346.389999999992
2026-03-20 18:17:00,15346.389999999992,15346.389999999992
2026-03-20 19:17:00,15346.389999999992,15346.389999999992
2026-03-20 20:17:00,15346.389999999992,15346.389999999992
2026-03-20 21:17:00,15346.389999999992,15346.389999999992
2026-03-20 22:17:00,15346.389999999992,15346.389999999992
2026-03-23 00:18:00,15346.389999999992,15346.389999999992
2026-03-23 01:18:00,15346.389999999992,15346.389999999992
2026-03-23 02:18:00,15346.389999999992,15346.389999999992
2026-03-23 03:18:00,15346.389999999992,15346.389999999992
2026-03-23 04:18:00,15346.389999999992,15346.389999999992
2026-03-23 05:18:00,15346.389999999992,15346.389999999992
2026-03-23 06:18:00,15346.389999999992,15346.389999999992
2026-03-23 07:18:00,15346.389999999992,15346.389999999992
2026-03-23 08:18:00,15346.389999999992,15346.389999999992
2026-03-23 09:18:00,15346.389999999992,15346.389999999992
2026-03-23 10:18:00,15346.389999999992,15346.389999999992
2026-03-23 11:18:00,15346.389999999992,15346.389999999992
2026-03-23 12:18:00,15346.389999999992,15346.389999999992
2026-03-23 13:18:00,15346.389999999992,15346.389999999992
2026-03-23 14:18:00,15346.389999999992,15346.389999999992
2026-03-23 15:18:00,15346.389999999992,15346.389999999992
2026-03-23 16:18:00,15346.389999999992,15346.389999999992
2026-03-23 17:18:00,15346.389999999992,15346.389999999992
2026-03-23 18:18:00,15346.389999999992,15346.389999999992
2026-03-23 19:18:00,15346.389999999992,15346.389999999992
2026-03-23 20:18:00,15346.389999999992,15346.389999999992
2026-03-23 21:18:00,15346.389999999992,15346.389999999992
2026-03-23 22:18:00,15346.389999999992,15346.389999999992
2026-03-24 00:19:00,15346.389999999992,15346.389999999992
2026-03-24 01:19:00,15346.389999999992,15346.389999999992
2026-03-24 02:19:00,15346.389999999992,15346.389999999992
2026-03-24 03:19:00,15346.389999999992,15346.389999999992
2026-03-24 04:19:00,15346.389999999992,15346.389999999992
2026-03-24 05:19:00,15346.389999999992,15346.389999999992
2026-03-24 06:19:00,15345.899999999992,15326.159999999994
2026-03-24 07:19:00,15357.519999999997,15357.519999999997
2026-03-24 08:19:00,15357.519999999997,15357.519999999997
2026-03-24 09:19:00,15357.519999999997,15357.519999999997
2026-03-24 10:19:00,15357.519999999997,15357.519999999997
2026-03-24 11:19:00,15357.519999999997,15357.519999999997
2026-03-24 12:19:00,15357.519999999997,15357.519999999997
2026-03-24 13:19:00,15357.519999999997,15357.519999999997
2026-03-24 14:19:00,15357.519999999997,15357.519999999997
2026-03-24 15:19:00,15357.519999999997,15357.519999999997
2026-03-24 16:19:00,15357.519999999997,15357.519999999997
2026-03-24 17:19:00,15357.519999999997,15357.519999999997
2026-03-24 18:19:00,15357.519999999997,15357.519999999997
2026-03-24 19:19:00,15357.519999999997,15357.519999999997
2026-03-24 20:19:00,15370.709999999995,15464.109999999993
2026-03-24 21:19:00,15397.939999999995,15511.819999999992
2026-03-24 22:19:00,15397.939999999995,15518.899999999994
2026-03-25 00:20:00,15447.899999999996,15763.049999999994
2026-03-25 01:20:00,15774.629999999996,15774.629999999996
2026-03-25 02:20:00,15774.629999999996,15774.629999999996
2026-03-25 03:20:00,15921.989999999998,16092.579999999998
2026-03-25 04:20:00,16160.200000000003,16160.200000000003
2026-03-25 05:20:00,16160.200000000003,16160.200000000003
2026-03-25 06:20:00,16160.200000000003,16160.200000000003
2026-03-25 07:20:00,16160.200000000003,16160.200000000003
2026-03-25 08:20:00,16160.200000000003,16160.200000000003
2026-03-25 09:20:00,16160.200000000003,16160.200000000003
2026-03-25 10:20:00,16160.200000000003,16160.200000000003
2026-03-25 11:20:00,16160.200000000003,16160.200000000003
2026-03-25 12:20:00,16160.200000000003,16160.200000000003
2026-03-25 13:20:00,16160.200000000003,16160.200000000003
2026-03-25 14:20:00,16160.200000000003,16160.200000000003
2026-03-25 15:20:00,15999.340000000004,15999.340000000004
2026-03-25 16:20:00,15999.340000000004,15999.340000000004
2026-03-25 17:20:00,15999.340000000004,15999.340000000004
2026-03-25 18:20:00,15999.340000000004,15999.340000000004
2026-03-25 19:20:00,15999.340000000004,15999.340000000004
2026-03-25 20:20:00,15999.340000000004,15999.340000000004
2026-03-25 21:20:00,15999.340000000004,15999.340000000004
2026-03-25 22:20:00,15999.340000000004,15999.340000000004
2026-03-26 00:21:00,15999.340000000004,15999.340000000004
2026-03-26 01:21:00,15999.340000000004,15999.340000000004
2026-03-26 02:21:00,15999.340000000004,15999.340000000004
2026-03-26 03:21:00,15999.340000000004,15999.340000000004
2026-03-26 04:21:00,15999.340000000004,15999.340000000004
2026-03-26 05:21:00,15999.340000000004,15999.340000000004
2026-03-26 06:21:00,15999.340000000004,15999.340000000004
2026-03-26 07:21:00,15999.340000000004,15999.340000000004
2026-03-26 08:21:00,15999.340000000004,15999.340000000004
2026-03-26 09:21:00,15999.340000000004,15999.340000000004
2026-03-26 10:21:00,15999.340000000004,15999.340000000004
2026-03-26 11:21:00,15999.340000000004,15999.340000000004
2026-03-26 12:21:00,15999.340000000004,15999.340000000004
2026-03-26 13:21:00,15999.340000000004,15999.340000000004
2026-03-26 14:21:00,15999.340000000004,15999.340000000004
2026-03-26 15:21:00,15999.340000000004,15999.340000000004
2026-03-26 16:21:00,15999.340000000004,15999.340000000004
2026-03-26 17:21:00,15999.340000000004,15999.340000000004
2026-03-26 18:21:00,15999.340000000004,15999.340000000004
2026-03-26 19:21:00,15999.340000000004,15999.340000000004
2026-03-26 20:21:00,15999.340000000004,15999.340000000004
2026-03-26 21:21:00,15999.340000000004,15999.340000000004
2026-03-26 22:21:00,15999.340000000004,15999.340000000004
2026-03-27 00:22:00,15999.340000000004,15999.340000000004
2026-03-27 01:22:00,15999.340000000004,15999.340000000004
2026-03-27 02:22:00,15999.340000000004,15999.340000000004
2026-03-27 03:22:00,15999.340000000004,15999.340000000004
2026-03-27 04:22:00,15999.340000000004,15999.340000000004
2026-03-27 05:22:00,15999.340000000004,15999.340000000004
2026-03-27 06:22:00,15999.340000000004,15999.340000000004
2026-03-27 07:22:00,15999.340000000004,15999.340000000004
2026-03-27 08:22:00,15999.340000000004,15999.340000000004
2026-03-27 09:22:00,15999.340000000004,15999.340000000004
2026-03-27 10:22:00,15999.340000000004,15999.340000000004
2026-03-27 11:22:00,15999.340000000004,15999.340000000004
2026-03-27 12:22:00,15999.340000000004,15999.340000000004
2026-03-27 13:22:00,15999.340000000004,15999.340000000004
2026-03-27 14:22:00,15999.340000000004,15999.340000000004
2026-03-27 15:22:00,15999.340000000004,15999.340000000004
2026-03-27 16:22:00,15999.340000000004,15999.340000000004
2026-03-27 17:22:00,15999.340000000004,15999.340000000004
2026-03-27 18:22:00,15999.340000000004,15999.340000000004
2026-03-27 19:22:00,15998.850000000004,15966.930000000008
2026-03-27 20:22:00,15998.850000000004,16037.280000000002
2026-03-27 21:22:00,16014.350000000004,16135.790000000003
2026-03-27 22:22:00,16014.050000000007,16031.180000000008
2026-03-30 01:23:00,16012.550000000007,16024.490000000009
2026-03-30 02:23:00,16012.550000000007,15929.570000000007
2026-03-30 03:23:00,15898.630000000006,15917.610000000008
2026-03-30 04:23:00,16049.820000000009,16049.820000000009
2026-03-30 05:23:00,16049.820000000009,16049.820000000009
2026-03-30 06:23:00,16049.820000000009,16049.820000000009
2026-03-30 07:23:00,16049.820000000009,16049.820000000009
2026-03-30 08:23:00,16049.820000000009,16049.820000000009
2026-03-30 09:23:00,16049.820000000009,16049.820000000009
2026-03-30 10:23:00,16049.820000000009,16049.820000000009
2026-03-30 11:23:00,16049.820000000009,16049.820000000009
2026-03-30 12:23:00,16049.820000000009,16049.820000000009
2026-03-30 13:23:00,16049.820000000009,16049.820000000009
2026-03-30 14:23:00,16049.820000000009,16049.820000000009
2026-03-30 15:23:00,16049.820000000009,16049.820000000009
2026-03-30 16:23:00,16049.820000000009,16049.820000000009
2026-03-30 17:23:00,16049.820000000009,16049.820000000009
2026-03-30 18:23:00,16049.820000000009,16049.820000000009
2026-03-30 19:23:00,16049.820000000009,16049.820000000009
2026-03-30 20:23:00,16049.820000000009,16049.820000000009
2026-03-30 21:23:00,16049.820000000009,16049.820000000009
2026-03-30 22:23:00,16049.820000000009,16049.820000000009
2026-03-30 23:23:00,16049.820000000009,16049.820000000009
2026-03-31 01:24:00,16049.820000000009,16049.820000000009
2026-03-31 02:24:00,16049.820000000009,16049.820000000009
2026-03-31 03:24:00,16049.820000000009,16049.820000000009
2026-03-31 04:24:00,16049.820000000009,16049.820000000009
2026-03-31 05:24:00,16049.820000000009,16049.820000000009
2026-03-31 06:24:00,16049.120000000008,15922.02000000001
2026-03-31 07:24:00,15939.920000000004,15905.660000000003
2026-03-31 08:24:00,15939.920000000004,15930.620000000008
2026-03-31 09:24:00,15951.180000000008,15951.180000000008
2026-03-31 10:24:00,15969.850000000008,16020.850000000002
2026-03-31 11:24:00,16089.810000000007,16236.390000000005
2026-03-31 12:24:00,16089.810000000007,16229.180000000006
2026-03-31 13:24:00,16089.810000000007,16167.300000000005
2026-03-31 14:24:00,16089.110000000004,16089.110000000004
2026-03-31 15:24:00,16089.110000000004,16089.110000000004
2026-03-31 16:24:00,16089.110000000004,16089.110000000004
2026-03-31 17:24:00,16089.110000000004,16089.110000000004
2026-03-31 18:24:00,16089.110000000004,16089.110000000004
2026-03-31 19:24:00,16089.110000000004,16089.110000000004
2026-03-31 20:24:00,16089.110000000004,16089.110000000004
2026-03-31 21:24:00,16089.110000000004,16089.110000000004
2026-03-31 22:24:00,16089.110000000004,16089.110000000004
2026-03-31 23:24:00,16089.110000000004,16089.110000000004
2026-04-01 01:25:00,16089.110000000004,16089.110000000004
2026-04-01 02:25:00,16089.110000000004,16089.110000000004
2026-04-01 03:25:00,16089.110000000004,16089.110000000004
2026-04-01 04:25:00,16089.110000000004,16089.110000000004
2026-04-01 05:25:00,16089.110000000004,16089.110000000004
2026-04-01 06:25:00,16089.110000000004,16089.110000000004
2026-04-01 07:25:00,16089.110000000004,16089.110000000004
2026-04-01 08:25:00,16089.110000000004,16089.110000000004
2026-04-01 09:25:00,16089.110000000004,16089.110000000004
2026-04-01 10:25:00,16111.039999999999,16111.039999999999
2026-04-01 11:25:00,16111.039999999999,16111.039999999999
2026-04-01 12:25:00,16111.039999999999,16111.039999999999
2026-04-01 13:25:00,16111.039999999999,16111.039999999999
2026-04-01 14:25:00,16111.039999999999,16111.039999999999
2026-04-01 15:25:00,16111.039999999999,16111.039999999999
2026-04-01 16:25:00,16111.039999999999,16111.039999999999
2026-04-01 17:25:00,16111.039999999999,16111.039999999999
2026-04-01 18:25:00,16111.039999999999,16111.039999999999
2026-04-01 19:25:00,16111.039999999999,16111.039999999999
2026-04-01 20:25:00,16111.039999999999,16111.039999999999
2026-04-01 21:25:00,16111.039999999999,16111.039999999999
2026-04-01 22:25:00,16111.039999999999,16111.039999999999
2026-04-01 23:25:00,16111.039999999999,16111.039999999999
2026-04-02 01:26:00,16111.039999999999,16111.039999999999
2026-04-02 02:26:00,16111.039999999999,16111.039999999999
2026-04-02 03:26:00,15953.539999999994,15953.539999999994
2026-04-02 04:26:00,15953.539999999994,15953.539999999994
2026-04-02 05:26:00,15953.539999999994,15953.539999999994
2026-04-02 06:26:00,15953.539999999994,15953.539999999994
2026-04-02 07:26:00,15953.539999999994,15953.539999999994
2026-04-02 08:26:00,15953.539999999994,15953.539999999994
2026-04-02 09:26:00,15953.539999999994,15953.539999999994
2026-04-02 10:26:00,15953.539999999994,15953.539999999994
2026-04-02 11:26:00,15953.539999999994,15953.539999999994
2026-04-02 12:26:00,15953.539999999994,15953.539999999994
2026-04-02 13:26:00,15953.539999999994,15953.539999999994
2026-04-02 14:26:00,15953.539999999994,15953.539999999994
2026-04-02 15:26:00,15953.539999999994,15953.539999999994
2026-04-02 16:26:00,15953.539999999994,15953.539999999994
2026-04-02 17:26:00,15953.539999999994,15953.539999999994
2026-04-02 18:26:00,15953.539999999994,15953.539999999994
2026-04-02 19:26:00,15953.539999999994,15953.539999999994
2026-04-02 20:26:00,15953.539999999994,15953.539999999994
2026-04-02 21:26:00,15953.539999999994,15953.539999999994
2026-04-02 22:26:00,15953.539999999994,15953.539999999994
2026-04-02 23:26:00,15953.539999999994,15953.539999999994
2026-04-06 01:27:00,15953.329999999994,15982.009999999993
2026-04-06 02:27:00,15953.329999999994,15916.399999999994
2026-04-06 03:27:00,15953.329999999994,15889.429999999993
2026-04-06 04:27:00,15953.329999999994,15989.719999999994
2026-04-06 05:27:00,15999.039999999994,16073.359999999993
2026-04-06 06:27:00,15998.839999999993,15998.839999999993
2026-04-06 07:27:00,15998.839999999993,15998.839999999993
2026-04-06 08:27:00,15998.839999999993,15998.839999999993
2026-04-06 09:27:00,15998.839999999993,15998.839999999993
2026-04-06 10:27:00,16063.469999999987,16063.469999999987
2026-04-06 11:27:00,16063.469999999987,16063.469999999987
2026-04-06 12:27:00,16063.469999999987,16063.469999999987
2026-04-06 13:27:00,16063.399999999987,16079.639999999987
2026-04-06 14:27:00,16063.399999999987,16078.009999999987
2026-04-06 15:27:00,16063.399999999987,16101.289999999986
2026-04-06 16:27:00,16063.399999999987,16095.109999999986
2026-04-06 17:27:00,16063.399999999987,16081.819999999985
2026-04-06 18:27:00,16063.399999999987,16100.439999999986
2026-04-06 19:27:00,16063.399999999987,16100.069999999985
2026-04-06 20:27:00,16063.399999999987,16108.119999999986
2026-04-06 21:27:00,16063.399999999987,16103.639999999985
2026-04-06 22:27:00,16063.399999999987,16118.119999999988
2026-04-06 23:27:00,16063.399999999987,16110.189999999988
2026-04-07 01:28:00,16063.549999999987,16106.579999999985
2026-04-07 02:28:00,16063.549999999987,16111.869999999986
2026-04-07 03:28:00,16063.549999999987,16108.949999999986
2026-04-07 04:28:00,16063.549999999987,16114.679999999986
2026-04-07 05:28:00,16063.549999999987,16134.039999999986
2026-04-07 06:28:00,16063.549999999987,16123.919999999986
2026-04-07 07:28:00,16063.549999999987,16117.479999999985
2026-04-07 08:28:00,16063.549999999987,16135.059999999987
2026-04-07 09:28:00,16063.549999999987,16125.729999999985
2026-04-07 10:28:00,16063.549999999987,16126.099999999986
2026-04-07 11:28:00,16063.549999999987,16088.139999999985
2026-04-07 12:28:00,16063.549999999987,16078.149999999987
2026-04-07 13:28:00,16063.549999999987,16100.249999999985
2026-04-07 14:28:00,16063.549999999987,16116.439999999986
2026-04-07 15:28:00,16063.549999999987,16101.609999999986
2026-04-07 16:28:00,16063.549999999987,16108.299999999985
2026-04-07 17:28:00,16063.549999999987,16126.489999999987
2026-04-07 18:28:00,16063.549999999987,16117.509999999986
2026-04-07 19:28:00,16063.549999999987,16106.129999999986
2026-04-07 20:28:00,16063.549999999987,16109.699999999986
2026-04-07 21:28:00,16063.549999999987,16087.899999999987
2026-04-07 22:28:00,16063.549999999987,16076.789999999986
2026-04-07 23:28:00,16063.479999999987,16055.259999999987
2026-04-08 01:29:00,16064.379999999988,16009.059999999987
2026-04-08 02:29:00,15920.71999999999,15920.71999999999
2026-04-08 03:29:00,15920.71999999999,15920.71999999999
2026-04-08 04:29:00,15920.71999999999,15920.71999999999
2026-04-08 05:29:00,15920.71999999999,15920.71999999999
2026-04-08 06:29:00,15920.71999999999,15920.71999999999
2026-04-08 07:29:00,15920.71999999999,15920.71999999999
2026-04-08 08:29:00,15920.71999999999,15920.71999999999
2026-04-08 09:29:00,15920.71999999999,15920.71999999999
2026-04-08 10:29:00,15920.71999999999,15920.71999999999
2026-04-08 11:29:00,15920.71999999999,15920.71999999999
2026-04-08 12:29:00,15920.71999999999,15920.71999999999
2026-04-08 13:29:00,15920.71999999999,15920.71999999999
2026-04-08 14:29:00,15920.71999999999,15920.71999999999
2026-04-08 15:29:00,15920.71999999999,15920.71999999999
2026-04-08 16:29:00,15920.71999999999,15920.71999999999
2026-04-08 17:29:00,15920.71999999999,15920.71999999999
2026-04-08 18:29:00,15929.209999999992,15929.209999999992
2026-04-08 19:29:00,15929.209999999992,15929.209999999992
2026-04-08 20:29:00,15929.209999999992,15929.209999999992
2026-04-08 21:29:00,15929.209999999992,15929.209999999992
2026-04-08 22:29:00,15929.209999999992,15929.209999999992
2026-04-08 23:29:00,15929.209999999992,15929.209999999992
2026-04-09 01:30:00,15929.209999999992,15929.209999999992
2026-04-09 02:30:00,15929.209999999992,15929.209999999992
2026-04-09 03:30:00,15929.209999999992,15929.209999999992
2026-04-09 04:30:00,15929.209999999992,15929.209999999992
2026-04-09 05:30:00,15929.209999999992,15929.209999999992
2026-04-09 06:30:00,15929.209999999992,15929.209999999992
2026-04-09 07:30:00,15929.209999999992,15929.209999999992
2026-04-09 08:30:00,15929.209999999992,15929.209999999992
2026-04-09 09:30:00,15929.209999999992,15929.209999999992
2026-04-09 10:30:00,15929.209999999992,15929.209999999992
2026-04-09 11:30:00,15929.209999999992,15929.209999999992
2026-04-09 12:30:00,15929.209999999992,15929.209999999992
2026-04-09 13:30:00,15928.019999999991,15812.419999999987
2026-04-09 14:30:00,15771.619999999995,15771.619999999995
2026-04-09 15:30:00,15771.619999999995,15771.619999999995
2026-04-09 16:30:00,15771.619999999995,15771.619999999995
2026-04-09 17:30:00,15771.619999999995,15771.619999999995
2026-04-09 18:30:00,15771.619999999995,15771.619999999995
2026-04-09 19:30:00,15771.619999999995,15771.619999999995
2026-04-09 20:30:00,15771.619999999995,15771.619999999995
2026-04-09 21:30:00,15771.619999999995,15771.619999999995
2026-04-09 22:30:00,15771.619999999995,15771.619999999995
2026-04-09 23:30:00,15771.619999999995,15771.619999999995
2026-04-10 01:31:00,15771.619999999995,15771.619999999995
2026-04-10 02:31:00,15771.619999999995,15771.619999999995
2026-04-10 03:31:00,15771.619999999995,15771.619999999995
2026-04-10 04:31:00,15771.619999999995,15771.619999999995
2026-04-10 05:31:00,15771.619999999995,15771.619999999995
2026-04-10 06:31:00,15771.619999999995,15771.619999999995
2026-04-10 07:31:00,15771.619999999995,15771.619999999995
2026-04-10 08:31:00,15771.619999999995,15771.619999999995
2026-04-10 09:31:00,15788.799999999983,15788.799999999983
2026-04-10 10:31:00,15788.799999999983,15788.799999999983
2026-04-10 11:31:00,15788.799999999983,15788.799999999983
2026-04-10 12:31:00,15788.799999999983,15788.799999999983
2026-04-10 13:31:00,15788.799999999983,15788.799999999983
2026-04-10 14:31:00,15788.799999999983,15788.799999999983
2026-04-10 15:31:00,15788.799999999983,15788.799999999983
2026-04-10 16:31:00,15788.799999999983,15788.799999999983
2026-04-10 17:31:00,15788.799999999983,15788.799999999983
2026-04-10 18:31:00,15788.799999999983,15788.799999999983
2026-04-10 19:31:00,15850.27999999999,15993.359999999993
2026-04-10 20:31:00,15934.639999999992,16021.759999999995
2026-04-10 21:31:00,15933.839999999997,15933.839999999997
2026-04-10 22:31:00,15933.839999999997,15933.839999999997
2026-04-10 23:31:00,15933.839999999997,15933.839999999997
2026-04-13 01:32:00,15933.839999999997,15933.839999999997
2026-04-13 02:32:00,15933.839999999997,15933.839999999997
2026-04-13 03:32:00,15933.839999999997,15933.839999999997
2026-04-13 04:32:00,15933.839999999997,15933.839999999997
2026-04-13 05:32:00,15933.839999999997,15933.839999999997
2026-04-13 06:32:00,15933.839999999997,15933.839999999997
2026-04-13 07:32:00,15933.839999999997,15933.839999999997
2026-04-13 08:32:00,15933.839999999997,15933.839999999997
2026-04-13 09:32:00,15933.839999999997,15933.839999999997
2026-04-13 10:32:00,15933.839999999997,15933.839999999997
2026-04-13 11:32:00,15933.839999999997,15933.839999999997
2026-04-13 12:32:00,15933.839999999997,15933.839999999997
2026-04-13 13:32:00,15933.839999999997,15933.839999999997
2026-04-13 14:32:00,15933.839999999997,15933.839999999997
2026-04-13 15:32:00,15933.839999999997,15933.839999999997
2026-04-13 16:32:00,15933.839999999997,15933.839999999997
2026-04-13 17:32:00,15933.839999999997,15933.839999999997
2026-04-13 18:32:00,15933.839999999997,15933.839999999997
2026-04-13 19:32:00,15932.859999999997,15914.659999999994
2026-04-13 20:32:00,15777.739999999998,15777.739999999998
2026-04-13 21:32:00,15777.739999999998,15777.739999999998
2026-04-13 22:32:00,15777.739999999998,15777.739999999998
2026-04-13 23:32:00,15777.739999999998,15777.739999999998
2026-04-14 01:33:00,15777.739999999998,15777.739999999998
2026-04-14 02:33:00,15777.739999999998,15777.739999999998
2026-04-14 03:33:00,15777.739999999998,15777.739999999998
2026-04-14 04:33:00,15777.739999999998,15777.739999999998
2026-04-14 05:33:00,15777.739999999998,15777.739999999998
2026-04-14 06:33:00,15777.739999999998,15777.739999999998
2026-04-14 07:33:00,15777.739999999998,15777.739999999998
2026-04-14 08:33:00,15777.739999999998,15777.739999999998
2026-04-14 09:33:00,15777.739999999998,15777.739999999998
2026-04-14 10:33:00,15777.739999999998,15777.739999999998
2026-04-14 11:33:00,15777.739999999998,15777.739999999998
2026-04-14 12:33:00,15777.739999999998,15777.739999999998
2026-04-14 13:33:00,15777.739999999998,15777.739999999998
2026-04-14 14:33:00,15777.739999999998,15777.739999999998
2026-04-14 15:33:00,15777.739999999998,15777.739999999998
2026-04-14 16:33:00,15777.739999999998,15777.739999999998
2026-04-14 17:33:00,15777.739999999998,15777.739999999998
2026-04-14 18:33:00,15777.739999999998,15777.739999999998
2026-04-14 19:33:00,15777.739999999998,15777.739999999998
2026-04-14 20:33:00,15777.739999999998,15777.739999999998
2026-04-14 21:33:00,15777.739999999998,15777.739999999998
2026-04-14 22:33:00,15777.739999999998,15777.739999999998
2026-04-14 23:33:00,15777.739999999998,15777.739999999998
2026-04-15 01:34:00,15777.739999999998,15777.739999999998
2026-04-15 02:34:00,15777.739999999998,15777.739999999998
2026-04-15 03:34:00,15777.739999999998,15777.739999999998
2026-04-15 04:34:00,15777.739999999998,15777.739999999998
2026-04-15 05:34:00,15777.739999999998,15777.739999999998
2026-04-15 06:34:00,15777.739999999998,15777.739999999998
2026-04-15 07:34:00,15777.739999999998,15777.739999999998
2026-04-15 08:34:00,15777.739999999998,15777.739999999998
2026-04-15 09:34:00,15796.23000000001,15796.23000000001
2026-04-15 10:34:00,15796.23000000001,15796.23000000001
2026-04-15 11:34:00,15796.23000000001,15796.23000000001
2026-04-15 12:34:00,15796.23000000001,15796.23000000001
2026-04-15 13:34:00,15796.23000000001,15796.23000000001
2026-04-15 14:34:00,15796.23000000001,15796.23000000001
2026-04-15 15:34:00,15794.97000000001,15723.510000000006
2026-04-15 16:34:00,15635.310000000012,15635.310000000012
2026-04-15 17:34:00,15635.310000000012,15635.310000000012
2026-04-15 18:34:00,15635.310000000012,15635.310000000012
2026-04-15 19:34:00,15635.310000000012,15635.310000000012
2026-04-15 20:34:00,15635.310000000012,15635.310000000012
2026-04-15 21:34:00,15635.310000000012,15635.310000000012
2026-04-15 22:34:00,15635.310000000012,15635.310000000012
2026-04-15 23:34:00,15635.310000000012,15635.310000000012
2026-04-16 01:35:00,15635.310000000012,15635.310000000012
2026-04-16 02:35:00,15635.310000000012,15635.310000000012
2026-04-16 03:35:00,15635.310000000012,15635.310000000012
2026-04-16 04:35:00,15635.310000000012,15635.310000000012
2026-04-16 05:35:00,15635.310000000012,15635.310000000012
2026-04-16 06:35:00,15635.310000000012,15635.310000000012
2026-04-16 07:35:00,15635.310000000012,15635.310000000012
2026-04-16 08:35:00,15635.310000000012,15635.310000000012
2026-04-16 09:35:00,15635.310000000012,15635.310000000012
2026-04-16 10:35:00,15635.310000000012,15635.310000000012
2026-04-16 11:35:00,15635.310000000012,15635.310000000012
2026-04-16 12:35:00,15635.310000000012,15635.310000000012
2026-04-16 13:35:00,15635.310000000012,15635.310000000012
2026-04-16 14:35:00,15635.310000000012,15635.310000000012
2026-04-16 15:35:00,15652.050000000003,15652.050000000003
2026-04-16 16:35:00,15652.050000000003,15652.050000000003
2026-04-16 17:35:00,15652.050000000003,15652.050000000003
2026-04-16 18:35:00,15652.050000000003,15652.050000000003
2026-04-16 19:35:00,15652.050000000003,15652.050000000003
2026-04-16 20:35:00,15652.050000000003,15652.050000000003
2026-04-16 21:35:00,15652.050000000003,15652.050000000003
2026-04-16 22:35:00,15652.050000000003,15652.050000000003
2026-04-16 23:35:00,15652.050000000003,15652.050000000003
2026-04-17 01:36:00,15652.050000000003,15652.050000000003
2026-04-17 02:36:00,15652.050000000003,15652.050000000003
2026-04-17 03:36:00,15652.050000000003,15652.050000000003
2026-04-17 04:36:00,15652.050000000003,15652.050000000003
2026-04-17 05:36:00,15652.050000000003,15652.050000000003
2026-04-17 06:36:00,15713.61,15791.009999999998
2026-04-17 07:36:00,15713.61,15853.290000000005
2026-04-17 08:36:00,15797.710000000003,15887.940000000006
2026-04-17 09:36:00,15797.010000000006,15797.010000000006
2026-04-17 10:36:00,15797.010000000006,15797.010000000006
2026-04-17 11:36:00,15797.010000000006,15797.010000000006
2026-04-17 12:36:00,15797.010000000006,15797.010000000006
2026-04-17 13:36:00,15797.010000000006,15797.010000000006
2026-04-17 14:36:00,15797.010000000006,15797.010000000006
2026-04-17 15:36:00,15797.010000000006,15797.010000000006
2026-04-17 16:36:00,15797.010000000006,15797.010000000006
2026-04-17 17:36:00,15797.010000000006,15797.010000000006
2026-04-17 18:36:00,15797.010000000006,15797.010000000006
2026-04-17 19:36:00,15797.010000000006,15797.010000000006
2026-04-17 20:36:00,15797.010000000006,15797.010000000006
2026-04-17 21:36:00,15797.010000000006,15797.010000000006
2026-04-17 22:36:00,15797.010000000006,15797.010000000006
2026-04-17 23:36:00,15797.010000000006,15797.010000000006
2026-04-20 01:37:00,15797.010000000006,15797.010000000006
2026-04-20 02:37:00,15797.010000000006,15797.010000000006
2026-04-20 03:37:00,15797.010000000006,15797.010000000006
2026-04-20 04:37:00,15797.010000000006,15797.010000000006
2026-04-20 05:37:00,15797.010000000006,15797.010000000006
2026-04-20 06:37:00,15797.010000000006,15797.010000000006
2026-04-20 07:37:00,15796.450000000006,15798.770000000006
2026-04-20 08:37:00,15796.450000000006,15849.650000000003
2026-04-20 09:37:00,15846.930000000004,15891.810000000001
2026-04-20 10:37:00,15933.130000000005,16006.890000000005
2026-04-20 11:37:00,15932.530000000002,15965.730000000003
2026-04-20 12:37:00,15932.530000000002,15950.570000000003
2026-04-20 13:37:00,15932.530000000002,15992.61
2026-04-20 14:37:00,15932.530000000002,15970.330000000002
2026-04-20 15:37:00,15906.45999999999,15906.45999999999
2026-04-20 16:37:00,15922.999999999982,15922.999999999982
2026-04-20 17:37:00,15922.999999999982,15922.999999999982
2026-04-20 18:37:00,15922.999999999982,15922.999999999982
2026-04-20 19:37:00,15922.999999999982,15922.999999999982
2026-04-20 20:37:00,15922.999999999982,15922.999999999982
2026-04-20 21:37:00,15922.019999999982,15928.739999999976
2026-04-20 22:37:00,15922.019999999982,15935.87999999998
2026-04-20 23:37:00,15922.019999999982,15885.19999999998
2026-04-21 01:38:00,15771.659999999985,15771.659999999985
2026-04-21 02:38:00,15771.659999999985,15771.659999999985
2026-04-21 03:38:00,15771.659999999985,15771.659999999985
2026-04-21 04:38:00,15771.659999999985,15771.659999999985
2026-04-21 05:38:00,15771.659999999985,15771.659999999985
2026-04-21 06:38:00,15771.659999999985,15771.659999999985
2026-04-21 07:38:00,15771.659999999985,15771.659999999985
2026-04-21 08:38:00,15771.659999999985,15771.659999999985
2026-04-21 09:38:00,15771.659999999985,15771.659999999985
2026-04-21 10:38:00,15771.659999999985,15771.659999999985
2026-04-21 11:38:00,15771.659999999985,15771.659999999985
2026-04-21 12:38:00,15771.659999999985,15771.659999999985
2026-04-21 13:38:00,15771.659999999985,15771.659999999985
2026-04-21 14:38:00,15771.659999999985,15771.659999999985
2026-04-21 15:38:00,15934.559999999987,16006.499999999985
2026-04-21 16:38:00,15933.95999999999,15933.95999999999
2026-04-21 17:38:00,15933.95999999999,15933.95999999999
2026-04-21 18:38:00,15933.25999999999,15972.359999999988
2026-04-21 19:38:00,15988.11999999999,16132.59999999999
2026-04-21 20:38:00,16061.27999999999,16211.43999999999
2026-04-21 21:38:00,16061.27999999999,16236.27999999999
2026-04-21 22:38:00,16061.27999999999,16240.519999999988
2026-04-21 23:38:00,16353.879999999992,16353.879999999992
2026-04-22 01:39:00,16353.879999999992,16353.879999999992
2026-04-22 02:39:00,16353.879999999992,16353.879999999992
2026-04-22 03:39:00,16353.879999999992,16353.879999999992
2026-04-22 04:39:00,16353.879999999992,16353.879999999992
2026-04-22 05:39:00,16353.879999999992,16353.879999999992
2026-04-22 06:39:00,16353.879999999992,16353.879999999992
2026-04-22 07:39:00,16353.879999999992,16353.879999999992
2026-04-22 08:39:00,16353.879999999992,16353.879999999992
2026-04-22 09:39:00,16353.879999999992,16353.879999999992
2026-04-22 10:39:00,16353.879999999992,16353.879999999992
2026-04-22 11:39:00,16353.879999999992,16353.879999999992
2026-04-22 12:39:00,16353.879999999992,16353.879999999992
2026-04-22 13:39:00,16353.879999999992,16353.879999999992
2026-04-22 14:39:00,16353.879999999992,16353.879999999992
2026-04-22 15:39:00,16353.879999999992,16353.879999999992
2026-04-22 16:39:00,16353.879999999992,16353.879999999992
2026-04-22 17:39:00,16353.879999999992,16353.879999999992
2026-04-22 18:39:00,16353.879999999992,16353.879999999992
2026-04-22 19:39:00,16353.879999999992,16353.879999999992
2026-04-22 20:39:00,16353.879999999992,16353.879999999992
2026-04-22 21:39:00,16353.879999999992,16353.879999999992
2026-04-22 22:39:00,16353.879999999992,16353.879999999992
2026-04-22 23:39:00,16353.879999999992,16353.879999999992
2026-04-23 01:40:00,16353.879999999992,16353.879999999992
2026-04-23 02:40:00,16353.879999999992,16353.879999999992
2026-04-23 03:40:00,16353.669999999993,16449.549999999992
2026-04-23 04:40:00,16353.669999999993,16411.77999999999
2026-04-23 05:40:00,16353.669999999993,16340.169999999993
2026-04-23 06:40:00,16353.669999999993,16321.779999999992
2026-04-23 07:40:00,16353.669999999993,16320.669999999993
2026-04-23 08:40:00,16353.669999999993,16319.499999999993
2026-04-23 09:40:00,16353.669999999993,16352.739999999994
2026-04-23 10:40:00,16353.669999999993,16337.919999999993
2026-04-23 11:40:00,16353.669999999993,16331.529999999992
2026-04-23 12:40:00,16353.669999999993,16311.219999999994
2026-04-23 13:40:00,16353.669999999993,16297.029999999992
2026-04-23 14:40:00,16353.669999999993,16318.389999999992
2026-04-23 15:40:00,16187.200000000015,16255.810000000016
2026-04-23 16:40:00,16187.200000000015,16245.370000000017
2026-04-23 17:40:00,16202.460000000014,16249.110000000015
2026-04-23 18:40:00,16202.460000000014,16257.810000000012
2026-04-23 19:40:00,16202.460000000014,16245.900000000016
2026-04-23 20:40:00,16202.460000000014,16145.460000000014
2026-04-23 21:40:00,16098.240000000014,16098.240000000014
2026-04-23 22:40:00,16098.240000000014,16098.240000000014
2026-04-23 23:40:00,16098.240000000014,16098.240000000014
2026-04-24 01:41:00,16098.240000000014,16098.240000000014
2026-04-24 02:41:00,16098.240000000014,16098.240000000014
2026-04-24 03:41:00,16098.240000000014,16098.240000000014
2026-04-24 04:41:00,16098.240000000014,16098.240000000014
2026-04-24 05:41:00,16098.240000000014,16098.240000000014
2026-04-24 06:41:00,16098.240000000014,16098.240000000014
2026-04-24 07:41:00,16098.240000000014,16098.240000000014
2026-04-24 08:41:00,16098.240000000014,16098.240000000014
2026-04-24 09:41:00,16098.240000000014,16098.240000000014
2026-04-24 10:41:00,16098.240000000014,16098.240000000014
2026-04-24 11:41:00,16098.240000000014,16098.240000000014
2026-04-24 12:41:00,16098.240000000014,16098.240000000014
2026-04-24 13:41:00,16098.240000000014,16098.240000000014
2026-04-24 14:41:00,16098.240000000014,16098.240000000014
2026-04-24 15:41:00,16098.240000000014,16098.240000000014
2026-04-24 16:41:00,16111.06000000001,16111.06000000001
2026-04-24 17:41:00,16111.06000000001,16111.06000000001
2026-04-24 18:41:00,16111.06000000001,16111.06000000001
2026-04-24 19:41:00,16111.06000000001,16111.06000000001
2026-04-24 20:41:00,16111.06000000001,16111.06000000001
2026-04-24 21:41:00,16111.06000000001,16111.06000000001
2026-04-24 22:41:00,16111.06000000001,16111.06000000001
2026-04-24 23:41:00,16111.06000000001,16111.06000000001
2026-04-27 01:42:00,15939.490000000025,15939.490000000025
2026-04-27 02:42:00,15939.490000000025,15939.490000000025
2026-04-27 03:42:00,15939.490000000025,15939.490000000025
2026-04-27 04:42:00,15829.210000000028,15829.210000000028
2026-04-27 05:42:00,15829.210000000028,15829.210000000028
2026-04-27 06:42:00,15829.210000000028,15829.210000000028
2026-04-27 07:42:00,15829.210000000028,15829.210000000028
2026-04-27 08:42:00,15829.210000000028,15829.210000000028
2026-04-27 09:42:00,15829.210000000028,15829.210000000028
2026-04-27 10:42:00,15829.210000000028,15829.210000000028
2026-04-27 11:42:00,15829.210000000028,15829.210000000028
2026-04-27 12:42:00,15829.210000000028,15829.210000000028
2026-04-27 13:42:00,15829.210000000028,15829.210000000028
2026-04-27 14:42:00,15829.210000000028,15829.210000000028
2026-04-27 15:42:00,15829.210000000028,15829.210000000028
2026-04-27 16:42:00,15829.210000000028,15829.210000000028
2026-04-27 17:42:00,15829.210000000028,15829.210000000028
2026-04-27 18:42:00,15829.210000000028,15829.210000000028
2026-04-27 19:42:00,15829.210000000028,15829.210000000028
2026-04-27 20:42:00,15829.210000000028,15829.210000000028
2026-04-27 21:42:00,15829.210000000028,15829.210000000028
2026-04-27 22:42:00,15829.210000000028,15829.210000000028
2026-04-27 23:42:00,15829.210000000028,15829.210000000028
2026-04-28 01:43:00,15829.210000000028,15829.210000000028
2026-04-28 02:43:00,15829.210000000028,15829.210000000028
2026-04-28 03:43:00,15829.210000000028,15829.210000000028
2026-04-28 04:43:00,15829.210000000028,15829.210000000028
2026-04-28 05:43:00,15829.210000000028,15829.210000000028
2026-04-28 06:43:00,15829.210000000028,15829.210000000028
2026-04-28 07:43:00,15829.210000000028,15829.210000000028
2026-04-28 08:43:00,15829.210000000028,15829.210000000028
2026-04-28 09:43:00,15829.210000000028,15829.210000000028
2026-04-28 10:43:00,15829.210000000028,15829.210000000028
2026-04-28 11:43:00,15829.210000000028,15829.210000000028
2026-04-28 12:43:00,15829.210000000028,15829.210000000028
2026-04-28 13:43:00,15829.210000000028,15829.210000000028
2026-04-28 14:43:00,15829.210000000028,15829.210000000028
2026-04-28 15:43:00,15829.210000000028,15829.210000000028
2026-04-28 16:43:00,15829.210000000028,15829.210000000028
2026-04-28 17:43:00,15970.07000000003,16055.630000000032
2026-04-28 18:43:00,15969.470000000034,15969.470000000034
2026-04-28 19:43:00,15969.470000000034,15969.470000000034
2026-04-28 20:43:00,15969.470000000034,15969.470000000034
2026-04-28 21:43:00,15969.470000000034,15969.470000000034
2026-04-28 22:43:00,15969.470000000034,15969.470000000034
2026-04-28 23:43:00,15969.470000000034,15969.470000000034
2026-04-29 01:44:00,15969.470000000034,15969.470000000034
2026-04-29 02:44:00,15969.470000000034,15969.470000000034
2026-04-29 03:44:00,15969.470000000034,15969.470000000034
2026-04-29 04:44:00,15969.470000000034,15969.470000000034
2026-04-29 05:44:00,15969.470000000034,15969.470000000034
2026-04-29 06:44:00,15969.470000000034,15969.470000000034
2026-04-29 07:44:00,15969.470000000034,15969.470000000034
2026-04-29 08:44:00,15969.470000000034,15969.470000000034
2026-04-29 09:44:00,15989.630000000025,15989.630000000025
2026-04-29 10:44:00,15989.630000000025,15989.630000000025
2026-04-29 11:44:00,15989.630000000025,15989.630000000025
2026-04-29 12:44:00,15828.99000000003,15828.99000000003
2026-04-29 13:44:00,15849.620000000032,15938.740000000042
2026-04-29 14:44:00,15848.020000000039,15848.020000000039
2026-04-29 15:44:00,15848.020000000039,15848.020000000039
2026-04-29 16:44:00,15848.020000000039,15848.020000000039
2026-04-29 17:44:00,15848.020000000039,15848.020000000039
2026-04-29 18:44:00,15848.020000000039,15848.020000000039
2026-04-29 19:44:00,15848.020000000039,15848.020000000039
2026-04-29 20:44:00,15848.020000000039,15848.020000000039
2026-04-29 21:44:00,15848.020000000039,15848.020000000039
2026-04-29 22:44:00,15848.020000000039,15848.020000000039
2026-04-29 23:44:00,15848.020000000039,15848.020000000039
2026-04-30 01:45:00,15848.020000000039,15848.020000000039
2026-04-30 02:45:00,15848.020000000039,15848.020000000039
2026-04-30 03:45:00,15848.020000000039,15848.020000000039
2026-04-30 04:45:00,15848.020000000039,15848.020000000039
2026-04-30 05:45:00,15848.020000000039,15848.020000000039
2026-04-30 06:45:00,15848.020000000039,15848.020000000039
2026-04-30 07:45:00,15848.020000000039,15848.020000000039
2026-04-30 08:45:00,15848.020000000039,15848.020000000039
2026-04-30 09:45:00,15848.020000000039,15848.020000000039
2026-04-30 10:45:00,15848.020000000039,15848.020000000039
2026-04-30 11:45:00,15848.020000000039,15848.020000000039
2026-04-30 12:45:00,15848.020000000039,15848.020000000039
2026-04-30 13:45:00,15848.020000000039,15848.020000000039
2026-04-30 14:45:00,15848.020000000039,15848.020000000039
2026-04-30 15:45:00,15848.020000000039,15848.020000000039
2026-04-30 16:45:00,15848.020000000039,15848.020000000039
2026-04-30 17:45:00,15848.020000000039,15848.020000000039
2026-04-30 18:45:00,15848.020000000039,15848.020000000039
2026-04-30 19:45:00,15848.020000000039,15848.020000000039
2026-04-30 20:45:00,15848.020000000039,15848.020000000039
2026-04-30 21:45:00,15848.020000000039,15848.020000000039
2026-04-30 22:45:00,15848.020000000039,15848.020000000039
2026-04-30 23:45:00,15848.020000000039,15848.020000000039
2026-05-01 01:46:00,15848.020000000039,15848.020000000039
2026-05-01 02:46:00,15848.020000000039,15848.020000000039
2026-05-01 03:46:00,15848.020000000039,15848.020000000039
2026-05-01 04:46:00,15848.020000000039,15848.020000000039
2026-05-01 05:46:00,15848.020000000039,15848.020000000039
2026-05-01 06:46:00,15848.020000000039,15848.020000000039
2026-05-01 07:46:00,15848.020000000039,15848.020000000039
2026-05-01 08:46:00,15848.020000000039,15848.020000000039
2026-05-01 09:46:00,15848.020000000039,15848.020000000039
2026-05-01 10:46:00,15848.020000000039,15848.020000000039
2026-05-01 11:46:00,15848.020000000039,15848.020000000039
2026-05-01 12:46:00,15848.020000000039,15848.020000000039
2026-05-01 13:46:00,15848.020000000039,15848.020000000039
2026-05-01 14:46:00,15848.020000000039,15848.020000000039
2026-05-01 15:46:00,15848.020000000039,15848.020000000039
2026-05-01 16:46:00,15848.020000000039,15848.020000000039
2026-05-01 17:46:00,15848.020000000039,15848.020000000039
2026-05-01 18:46:00,15848.020000000039,15848.020000000039
2026-05-01 19:46:00,15848.020000000039,15848.020000000039
2026-05-01 20:46:00,15848.020000000039,15848.020000000039
2026-05-01 21:46:00,15866.180000000031,15866.180000000031
2026-05-01 22:46:00,15866.180000000031,15866.180000000031
2026-05-01 23:46:00,15866.180000000031,15866.180000000031
2026-05-04 01:47:00,15866.180000000031,15866.180000000031
2026-05-04 02:47:00,15866.180000000031,15866.180000000031
2026-05-04 03:47:00,15866.180000000031,15866.180000000031
2026-05-04 04:47:00,15866.180000000031,15866.180000000031
2026-05-04 05:47:00,15866.180000000031,15866.180000000031
2026-05-04 06:47:00,15866.180000000031,15866.180000000031
2026-05-04 07:47:00,15866.180000000031,15866.180000000031
2026-05-04 08:47:00,15866.180000000031,15866.180000000031
2026-05-04 09:47:00,15866.180000000031,15866.180000000031
2026-05-04 10:47:00,15866.180000000031,15866.180000000031
2026-05-04 11:47:00,15866.180000000031,15866.180000000031
2026-05-04 12:47:00,15866.180000000031,15866.180000000031
2026-05-04 13:47:00,15866.180000000031,15866.180000000031
2026-05-04 14:47:00,15866.180000000031,15866.180000000031
2026-05-04 15:47:00,15866.180000000031,15866.180000000031
2026-05-04 16:47:00,15866.180000000031,15866.180000000031
2026-05-04 17:47:00,15866.180000000031,15866.180000000031
2026-05-04 18:47:00,15866.180000000031,15866.180000000031
2026-05-04 19:47:00,15866.180000000031,15866.180000000031
2026-05-04 20:47:00,15866.180000000031,15866.180000000031
2026-05-04 21:47:00,15866.180000000031,15866.180000000031
2026-05-04 22:47:00,15866.180000000031,15866.180000000031
2026-05-04 23:47:00,15866.180000000031,15866.180000000031
2026-05-05 01:48:00,15866.180000000031,15866.180000000031
2026-05-05 02:48:00,15866.180000000031,15866.180000000031
2026-05-05 03:48:00,15866.180000000031,15866.180000000031
2026-05-05 04:48:00,15866.180000000031,15866.180000000031
2026-05-05 05:48:00,15866.180000000031,15866.180000000031
2026-05-05 06:48:00,15866.180000000031,15866.180000000031
2026-05-05 07:48:00,15866.180000000031,15866.180000000031
2026-05-05 08:48:00,15866.180000000031,15866.180000000031
2026-05-05 09:48:00,15866.180000000031,15866.180000000031
2026-05-05 10:48:00,15866.180000000031,15866.180000000031
2026-05-05 11:48:00,15866.180000000031,15866.180000000031
2026-05-05 12:48:00,15866.180000000031,15866.180000000031
2026-05-05 13:48:00,15866.180000000031,15866.180000000031
2026-05-05 14:48:00,16024.510000000031,16217.290000000032
2026-05-05 15:48:00,16230.970000000027,16230.970000000027
2026-05-05 16:48:00,16229.570000000027,16248.570000000023
2026-05-05 17:48:00,16301.170000000026,16301.170000000026
2026-05-05 18:48:00,16301.170000000026,16301.170000000026
2026-05-05 19:48:00,16301.170000000026,16301.170000000026
2026-05-05 20:48:00,16301.170000000026,16301.170000000026
2026-05-05 21:48:00,16301.170000000026,16301.170000000026
2026-05-05 22:48:00,16301.170000000026,16301.170000000026
2026-05-05 23:48:00,16301.170000000026,16301.170000000026
2026-05-06 01:49:00,16299.630000000025,16228.130000000025
2026-05-06 02:49:00,16689.470000000016,16689.470000000016
2026-05-06 03:49:00,16689.470000000016,16689.470000000016
2026-05-06 04:49:00,16689.470000000016,16689.470000000016
2026-05-06 05:49:00,16689.470000000016,16689.470000000016
2026-05-06 06:49:00,16689.470000000016,16689.470000000016
2026-05-06 07:49:00,16689.470000000016,16689.470000000016
2026-05-06 08:49:00,16689.470000000016,16689.470000000016
2026-05-06 09:49:00,16689.470000000016,16689.470000000016
2026-05-06 10:49:00,16689.470000000016,16689.470000000016
2026-05-06 11:49:00,16760.860000000015,16892.64000000003
2026-05-06 12:49:00,17058.630000000023,17058.630000000023
2026-05-06 13:49:00,17058.630000000023,17058.630000000023
2026-05-06 14:49:00,17058.630000000023,17058.630000000023
2026-05-06 15:49:00,17058.630000000023,17058.630000000023
2026-05-06 16:49:00,17058.630000000023,17058.630000000023
2026-05-06 17:49:00,17058.630000000023,17058.630000000023
2026-05-06 18:49:00,17058.630000000023,17058.630000000023
2026-05-06 19:49:00,17058.630000000023,17058.630000000023
2026-05-06 20:49:00,17058.630000000023,17058.630000000023
2026-05-06 21:49:00,17058.630000000023,17058.630000000023
2026-05-06 22:49:00,17058.630000000023,17058.630000000023
2026-05-06 23:49:00,17058.630000000023,17058.630000000023
2026-05-07 01:50:00,17058.630000000023,17058.630000000023
2026-05-07 02:50:00,17058.630000000023,17058.630000000023
2026-05-07 03:50:00,17058.630000000023,17058.630000000023
2026-05-07 04:50:00,17058.630000000023,17058.630000000023
2026-05-07 05:50:00,17058.630000000023,17058.630000000023
2026-05-07 06:50:00,17058.630000000023,17058.630000000023
2026-05-07 07:50:00,17058.630000000023,17058.630000000023
2026-05-07 08:50:00,17058.630000000023,17058.630000000023
2026-05-07 09:50:00,17058.630000000023,17058.630000000023
2026-05-07 10:50:00,17058.630000000023,17058.630000000023
2026-05-07 11:50:00,17058.630000000023,17058.630000000023
2026-05-07 12:50:00,17058.630000000023,17058.630000000023
2026-05-07 13:50:00,17058.630000000023,17058.630000000023
2026-05-07 14:50:00,17058.630000000023,17058.630000000023
2026-05-07 15:50:00,17058.630000000023,17058.630000000023
2026-05-07 16:50:00,17058.630000000023,17058.630000000023
2026-05-07 17:50:00,17058.630000000023,17058.630000000023
2026-05-07 18:50:00,17058.630000000023,17058.630000000023
2026-05-07 19:50:00,17058.630000000023,17058.630000000023
2026-05-07 20:50:00,17058.630000000023,17058.630000000023
2026-05-07 21:50:00,17058.630000000023,17058.630000000023
2026-05-07 22:50:00,17058.630000000023,17058.630000000023
2026-05-07 23:50:00,17058.630000000023,17058.630000000023
2026-05-08 01:51:00,17058.630000000023,17058.630000000023
2026-05-08 02:51:00,17058.630000000023,17058.630000000023
2026-05-08 03:51:00,17058.630000000023,17058.630000000023
2026-05-08 04:51:00,17058.630000000023,17058.630000000023
2026-05-08 05:51:00,16885.63000000002,16885.63000000002
2026-05-08 06:51:00,16885.63000000002,16885.63000000002
2026-05-08 07:51:00,16885.63000000002,16885.63000000002
2026-05-08 08:51:00,16885.63000000002,16885.63000000002
2026-05-08 09:51:00,16885.63000000002,16885.63000000002
2026-05-08 10:51:00,16885.63000000002,16885.63000000002
2026-05-08 11:51:00,16885.63000000002,16885.63000000002
2026-05-08 12:51:00,16885.63000000002,16885.63000000002
2026-05-08 13:51:00,16885.63000000002,16885.63000000002
2026-05-08 14:51:00,16885.63000000002,16885.63000000002
2026-05-08 15:51:00,16904.250000000007,16904.250000000007
2026-05-08 16:51:00,16904.250000000007,16904.250000000007
2026-05-08 17:51:00,16968.020000000004,17102.370000000003
2026-05-08 18:51:00,16968.020000000004,17137.870000000003
2026-05-08 19:51:00,16968.020000000004,17127.72
2026-05-08 20:51:00,16968.020000000004,17091.270000000004
2026-05-08 21:51:00,16968.020000000004,17073.670000000006
2026-05-08 22:51:00,16968.020000000004,17065.22
2026-05-08 23:51:00,16968.020000000004,17116.02
2026-05-11 01:52:00,17092.350000000006,17252.730000000007
2026-05-11 02:52:00,17092.350000000006,17238.060000000005
2026-05-11 03:52:00,17092.350000000006,17297.250000000007
2026-05-11 04:52:00,17116.350000000006,17383.35
2026-05-11 05:52:00,17166.030000000006,17451.480000000007
2026-05-11 06:52:00,17166.030000000006,17471.910000000003
2026-05-11 07:52:00,17166.030000000006,17531.220000000005
2026-05-11 08:52:00,17523.000000000007,17662.38000000001
2026-05-11 09:52:00,17523.000000000007,17589.72000000001
2026-05-11 10:52:00,17523.000000000007,17627.250000000007
2026-05-11 11:52:00,17523.000000000007,17614.710000000006
2026-05-11 12:52:00,17523.000000000007,17643.84000000001
2026-05-11 13:52:00,17523.000000000007,17623.47000000001
2026-05-11 14:52:00,17523.000000000007,17609.55000000001
2026-05-11 15:52:00,17523.000000000007,17547.90000000001
2026-05-11 16:52:00,17522.700000000008,17522.700000000008
2026-05-11 17:52:00,17522.700000000008,17522.700000000008
2026-05-11 18:52:00,17522.700000000008,17522.700000000008
2026-05-11 19:52:00,17521.930000000008,17558.450000000015
2026-05-11 20:52:00,17535.23000000001,17635.31000000002
2026-05-11 21:52:00,17561.83000000001,17664.66000000001
2026-05-11 22:52:00,17561.83000000001,17703.16000000001
2026-05-11 23:52:00,17561.83000000001,17713.66000000001
2026-05-12 01:53:00,17612.51000000001,17815.01000000001
2026-05-12 02:53:00,17878.41000000001,17878.41000000001
2026-05-12 03:53:00,17878.41000000001,17878.41000000001
2026-05-12 04:53:00,17878.41000000001,17878.41000000001
2026-05-12 05:53:00,17878.41000000001,17878.41000000001
2026-05-12 06:53:00,17878.41000000001,17878.41000000001
2026-05-12 07:53:00,17878.41000000001,17878.41000000001
2026-05-12 08:53:00,17878.41000000001,17878.41000000001
2026-05-12 09:53:00,17878.41000000001,17878.41000000001
2026-05-12 10:53:00,17878.41000000001,17878.41000000001
2026-05-12 11:53:00,17878.41000000001,17878.41000000001
2026-05-12 12:53:00,17878.41000000001,17878.41000000001
2026-05-12 13:53:00,17878.41000000001,17878.41000000001
2026-05-12 14:53:00,17878.41000000001,17878.41000000001
2026-05-12 15:53:00,17878.41000000001,17878.41000000001
2026-05-12 16:53:00,17878.41000000001,17878.41000000001
2026-05-12 17:53:00,17944.500000000022,17944.500000000022
2026-05-12 18:53:00,17944.500000000022,17944.500000000022
2026-05-12 19:53:00,17944.500000000022,17944.500000000022
2026-05-12 20:53:00,17944.500000000022,17944.500000000022
2026-05-12 21:53:00,17944.500000000022,17944.500000000022
2026-05-12 22:53:00,17944.500000000022,17944.500000000022
2026-05-12 23:53:00,17944.500000000022,17944.500000000022
2026-05-13 01:54:00,17944.500000000022,17944.500000000022
2026-05-13 02:54:00,17944.500000000022,17944.500000000022
2026-05-13 03:54:00,17944.500000000022,17944.500000000022
2026-05-13 04:54:00,17944.500000000022,17944.500000000022
2026-05-13 05:54:00,17944.500000000022,17944.500000000022
2026-05-13 06:54:00,17944.500000000022,17944.500000000022
2026-05-13 07:54:00,17944.500000000022,17944.500000000022
2026-05-13 08:54:00,17944.500000000022,17944.500000000022
2026-05-13 09:54:00,17944.500000000022,17944.500000000022
2026-05-13 10:54:00,17944.500000000022,17944.500000000022
2026-05-13 11:54:00,17944.500000000022,17944.500000000022
2026-05-13 12:54:00,17944.500000000022,17944.500000000022
2026-05-13 13:54:00,17944.500000000022,17944.500000000022
2026-05-13 14:54:00,17944.500000000022,17944.500000000022
2026-05-13 15:54:00,17944.500000000022,17944.500000000022
2026-05-13 16:54:00,17944.500000000022,17944.500000000022
2026-05-13 17:54:00,17944.500000000022,17944.500000000022
2026-05-13 18:54:00,17944.500000000022,17944.500000000022
2026-05-13 19:54:00,17944.500000000022,17944.500000000022
2026-05-13 20:54:00,17944.500000000022,17944.500000000022
2026-05-13 21:54:00,17944.500000000022,17944.500000000022
2026-05-13 22:54:00,17944.500000000022,17944.500000000022
2026-05-13 23:54:00,17944.500000000022,17944.500000000022
2026-05-14 01:55:00,17944.500000000022,17944.500000000022
2026-05-14 02:55:00,17944.500000000022,17944.500000000022
2026-05-14 03:55:00,17944.500000000022,17944.500000000022
2026-05-14 04:55:00,17944.500000000022,17944.500000000022
2026-05-14 05:55:00,17944.500000000022,17944.500000000022
2026-05-14 06:55:00,17944.500000000022,17944.500000000022
2026-05-14 07:55:00,17944.500000000022,17944.500000000022
2026-05-14 08:55:00,17944.500000000022,17944.500000000022
2026-05-14 09:55:00,18060.000000000022,18238.800000000007
2026-05-14 10:55:00,18243.040000000015,18370.220000000016
2026-05-14 11:55:00,18242.440000000013,18279.96000000001
2026-05-14 12:55:00,18241.64000000001,18241.64000000001
2026-05-14 13:55:00,18241.64000000001,18241.64000000001
2026-05-14 14:55:00,18241.64000000001,18241.64000000001
2026-05-14 15:55:00,18241.64000000001,18241.64000000001
2026-05-14 16:55:00,18241.64000000001,18241.64000000001
2026-05-14 17:55:00,18241.64000000001,18241.64000000001
2026-05-14 18:55:00,18241.64000000001,18241.64000000001
2026-05-14 19:55:00,18241.64000000001,18241.64000000001
2026-05-14 20:55:00,18241.64000000001,18241.64000000001
2026-05-14 21:55:00,18241.64000000001,18241.64000000001
2026-05-14 22:55:00,18241.64000000001,18241.64000000001
2026-05-14 23:55:00,18241.64000000001,18241.64000000001
2026-05-15 01:56:00,18241.64000000001,18241.64000000001
2026-05-15 02:56:00,18241.64000000001,18241.64000000001
2026-05-15 03:56:00,18241.64000000001,18241.64000000001
2026-05-15 04:56:00,18265.670000000013,18265.670000000013
2026-05-15 05:56:00,18265.670000000013,18265.670000000013
2026-05-15 06:56:00,18265.670000000013,18265.670000000013
2026-05-15 07:56:00,18265.670000000013,18265.670000000013
2026-05-15 08:56:00,18265.670000000013,18265.670000000013
2026-05-15 09:56:00,18265.670000000013,18265.670000000013
2026-05-15 10:56:00,18265.670000000013,18265.670000000013
2026-05-15 11:56:00,18265.670000000013,18265.670000000013
2026-05-15 12:56:00,18265.670000000013,18265.670000000013
2026-05-15 13:56:00,18265.670000000013,18265.670000000013
2026-05-15 14:56:00,18265.670000000013,18265.670000000013
2026-05-15 15:56:00,18265.670000000013,18265.670000000013
2026-05-15 16:56:00,18265.670000000013,18265.670000000013
2026-05-15 17:56:00,18265.670000000013,18265.670000000013
2026-05-15 18:56:00,18265.670000000013,18265.670000000013
2026-05-15 19:56:00,18265.670000000013,18265.670000000013
2026-05-15 20:56:00,18265.670000000013,18265.670000000013
2026-05-15 21:56:00,18265.670000000013,18265.670000000013
2026-05-15 22:56:00,18265.670000000013,18265.670000000013
2026-05-15 23:56:00,18265.670000000013,18265.670000000013
2026-05-18 01:57:00,18265.670000000013,18265.670000000013
2026-05-18 02:57:00,18265.670000000013,18265.670000000013
2026-05-18 03:57:00,18265.670000000013,18265.670000000013
2026-05-18 04:57:00,18265.670000000013,18265.670000000013
2026-05-18 05:57:00,18265.670000000013,18265.670000000013
2026-05-18 06:57:00,18265.670000000013,18265.670000000013
2026-05-18 07:57:00,18265.670000000013,18265.670000000013
2026-05-18 08:57:00,18265.670000000013,18265.670000000013
2026-05-18 09:57:00,18265.670000000013,18265.670000000013
2026-05-18 10:57:00,18265.670000000013,18265.670000000013
2026-05-18 11:57:00,18265.670000000013,18265.670000000013
2026-05-18 12:57:00,18265.670000000013,18265.670000000013
2026-05-18 13:57:00,18265.670000000013,18265.670000000013
2026-05-18 14:57:00,18265.670000000013,18265.670000000013
2026-05-18 15:57:00,18265.670000000013,18265.670000000013
2026-05-18 16:57:00,18265.670000000013,18265.670000000013
2026-05-18 17:57:00,18286.980000000003,18286.980000000003
2026-05-18 18:57:00,18286.980000000003,18286.980000000003
2026-05-18 19:57:00,18286.980000000003,18286.980000000003
2026-05-18 20:57:00,18286.980000000003,18286.980000000003
2026-05-18 21:57:00,18286.980000000003,18286.980000000003
2026-05-18 22:57:00,18351.600000000006,18382.380000000005
2026-05-18 23:57:00,18350.700000000004,18350.700000000004
2026-05-19 01:58:00,18350.700000000004,18350.700000000004
2026-05-19 02:58:00,18350.700000000004,18350.700000000004
2026-05-19 03:58:00,18350.700000000004,18350.700000000004
2026-05-19 04:58:00,18350.700000000004,18350.700000000004
2026-05-19 05:58:00,18350.700000000004,18350.700000000004
2026-05-19 06:58:00,18350.700000000004,18350.700000000004
2026-05-19 07:58:00,18350.700000000004,18350.700000000004
2026-05-19 08:58:00,18350.700000000004,18350.700000000004
2026-05-19 09:58:00,18350.700000000004,18350.700000000004
2026-05-19 10:58:00,18350.700000000004,18350.700000000004
2026-05-19 11:58:00,18350.700000000004,18350.700000000004
2026-05-19 12:58:00,18350.700000000004,18350.700000000004
2026-05-19 13:58:00,18350.700000000004,18350.700000000004
2026-05-19 14:58:00,18350.700000000004,18350.700000000004
2026-05-19 15:58:00,18350.700000000004,18350.700000000004
2026-05-19 16:58:00,18350.700000000004,18350.700000000004
2026-05-19 17:58:00,18350.700000000004,18350.700000000004
2026-05-19 18:58:00,18350.700000000004,18350.700000000004
2026-05-19 19:58:00,18350.700000000004,18350.700000000004
2026-05-19 20:58:00,18350.700000000004,18350.700000000004
2026-05-19 21:58:00,18350.700000000004,18350.700000000004
2026-05-19 22:58:00,18350.700000000004,18350.700000000004
2026-05-19 23:58:00,18350.700000000004,18350.700000000004
2026-05-20 01:59:00,18350.700000000004,18350.700000000004
2026-05-20 02:59:00,18350.700000000004,18350.700000000004
2026-05-20 03:59:00,18350.700000000004,18350.700000000004
2026-05-20 04:59:00,18350.700000000004,18350.700000000004
2026-05-20 05:59:00,18350.700000000004,18350.700000000004
2026-05-20 06:59:00,18350.700000000004,18350.700000000004
2026-05-20 07:59:00,18350.700000000004,18350.700000000004
2026-05-20 08:59:00,18350.700000000004,18350.700000000004
2026-05-20 09:59:00,18350.700000000004,18350.700000000004
2026-05-20 10:59:00,18350.700000000004,18350.700000000004
2026-05-20 11:59:00,18350.700000000004,18350.700000000004
2026-05-20 12:59:00,18350.700000000004,18350.700000000004
2026-05-20 13:59:00,18350.700000000004,18350.700000000004
2026-05-20 14:59:00,18350.700000000004,18350.700000000004
2026-05-20 15:59:00,18350.700000000004,18350.700000000004
2026-05-20 16:59:00,18350.700000000004,18350.700000000004
2026-05-20 17:59:00,18375.0,18375.0
2026-05-20 18:59:00,18375.0,18375.0
2026-05-20 19:59:00,18375.0,18375.0
2026-05-20 20:59:00,18375.0,18375.0
2026-05-20 21:59:00,18375.0,18375.0
2026-05-20 22:59:00,18375.0,18375.0
2026-05-21 01:00:00,18375.0,18375.0
2026-05-21 02:00:00,18375.0,18375.0
2026-05-21 03:00:00,18375.0,18375.0
2026-05-21 04:00:00,18375.0,18375.0
2026-05-21 05:00:00,18375.0,18375.0
2026-05-21 06:00:00,18375.0,18375.0
2026-05-21 07:00:00,18375.0,18375.0
2026-05-21 08:00:00,18375.0,18375.0
2026-05-21 09:00:00,18375.0,18375.0
2026-05-21 10:00:00,18375.0,18375.0
2026-05-21 11:00:00,18397.66,18489.46000000001
2026-05-21 12:00:00,18542.710000000003,18662.83
2026-05-21 13:00:00,18542.710000000003,18652.190000000006
2026-05-21 14:00:00,18542.010000000006,18542.010000000006
2026-05-21 15:00:00,18565.520000000004,18602.620000000003
2026-05-21 16:00:00,18564.520000000004,18564.520000000004
2026-05-21 17:00:00,18564.520000000004,18564.520000000004
2026-05-21 18:00:00,18564.520000000004,18564.520000000004
2026-05-21 19:00:00,18564.520000000004,18564.520000000004
2026-05-21 20:00:00,18564.520000000004,18564.520000000004
2026-05-21 21:00:00,18564.520000000004,18564.520000000004
2026-05-21 22:00:00,18564.520000000004,18564.520000000004
2026-05-21 23:00:00,18564.520000000004,18564.520000000004
2026-05-22 01:01:00,18564.520000000004,18564.520000000004
2026-05-22 02:01:00,18564.520000000004,18564.520000000004
2026-05-22 03:01:00,18564.520000000004,18564.520000000004
2026-05-22 04:01:00,18632.76000000001,18718.30000000001
2026-05-22 05:01:00,18631.460000000017,18631.460000000017
2026-05-22 06:01:00,18631.460000000017,18631.460000000017
2026-05-22 07:01:00,18631.460000000017,18631.460000000017
2026-05-22 08:01:00,18631.460000000017,18631.460000000017
2026-05-22 09:01:00,18631.460000000017,18631.460000000017
2026-05-22 10:01:00,18631.460000000017,18631.460000000017
2026-05-22 11:01:00,18631.460000000017,18631.460000000017
2026-05-22 12:01:00,18631.460000000017,18631.460000000017
2026-05-22 13:01:00,18631.460000000017,18631.460000000017
2026-05-22 14:01:00,18631.460000000017,18631.460000000017
2026-05-22 15:01:00,18631.460000000017,18631.460000000017
2026-05-22 16:01:00,18631.460000000017,18631.460000000017
2026-05-22 17:01:00,18631.460000000017,18631.460000000017
2026-05-22 18:01:00,18631.460000000017,18631.460000000017
2026-05-22 19:01:00,18631.460000000017,18631.460000000017
2026-05-22 20:01:00,18631.460000000017,18631.460000000017
2026-05-22 21:01:00,18631.460000000017,18631.460000000017
2026-05-22 22:01:00,18631.460000000017,18631.460000000017
2026-05-22 23:01:00,18631.460000000017,18631.460000000017
2026-05-25 01:02:00,18631.460000000017,18631.460000000017
2026-05-25 02:02:00,18631.460000000017,18631.460000000017
2026-05-25 03:02:00,18437.860000000022,18437.860000000022
2026-05-25 04:02:00,18437.860000000022,18437.860000000022
2026-05-25 05:02:00,18437.860000000022,18437.860000000022
2026-05-25 06:02:00,18437.860000000022,18437.860000000022
2026-05-25 07:02:00,18437.860000000022,18437.860000000022
2026-05-25 08:02:00,18437.860000000022,18437.860000000022
2026-05-25 09:02:00,18437.860000000022,18437.860000000022
2026-05-25 10:02:00,18437.860000000022,18437.860000000022
2026-05-25 11:02:00,18437.860000000022,18437.860000000022
2026-05-25 12:02:00,18437.860000000022,18437.860000000022
2026-05-25 13:02:00,18437.860000000022,18437.860000000022
2026-05-25 14:02:00,18437.860000000022,18437.860000000022
2026-05-25 15:02:00,18437.860000000022,18437.860000000022
2026-05-25 16:02:00,18437.860000000022,18437.860000000022
2026-05-25 17:02:00,18437.860000000022,18437.860000000022
2026-05-25 18:02:00,18437.860000000022,18437.860000000022
2026-05-25 19:02:00,18437.860000000022,18437.860000000022
2026-05-25 20:02:00,18437.860000000022,18437.860000000022
2026-05-25 21:02:00,18434.220000000023,18482.060000000027
2026-05-25 22:03:00,18516.900000000016,18634.16000000002
2026-05-26 01:54:00,18614.01000000001,18758.960000000006
2026-05-26 02:54:00,18612.710000000003,18612.710000000003
2026-05-26 03:54:00,18612.500000000004,18592.670000000006
2026-05-26 04:54:00,18612.500000000004,18571.280000000002
2026-05-26 05:54:00,18612.500000000004,18563.000000000004
2026-05-26 06:54:00,18612.500000000004,18593.930000000004
2026-05-26 07:54:00,18612.500000000004,18548.990000000005
2026-05-26 08:54:00,18612.500000000004,18546.800000000003
2026-05-26 09:54:00,18612.500000000004,18560.360000000004
2026-05-26 10:54:00,18612.500000000004,18560.900000000005
2026-05-26 11:54:00,18612.500000000004,18538.58
2026-05-26 12:54:00,18612.500000000004,18523.100000000002
2026-05-26 13:54:00,18612.500000000004,18570.050000000003
2026-05-26 14:54:00,18494.870000000003,18494.870000000003
2026-05-26 15:54:00,18494.870000000003,18494.870000000003
2026-05-26 16:54:00,18494.870000000003,18494.870000000003
2026-05-26 17:54:00,18494.870000000003,18494.870000000003
2026-05-26 18:54:00,18494.870000000003,18494.870000000003
2026-05-26 19:54:00,18494.870000000003,18494.870000000003
2026-05-26 20:54:00,18494.870000000003,18494.870000000003
2026-05-26 21:54:00,18494.870000000003,18494.870000000003
2026-05-26 22:54:00,18494.870000000003,18494.870000000003
2026-05-26 23:54:00,18494.870000000003,18494.870000000003
2026-05-27 01:55:00,18494.870000000003,18494.870000000003
2026-05-27 02:55:00,18494.870000000003,18494.870000000003
2026-05-27 03:55:00,18494.870000000003,18494.870000000003
2026-05-27 04:55:00,18494.870000000003,18494.870000000003
2026-05-27 05:55:00,18494.870000000003,18494.870000000003
2026-05-27 06:55:00,18494.870000000003,18494.870000000003
2026-05-27 07:55:00,18494.870000000003,18494.870000000003
2026-05-27 08:55:00,18494.870000000003,18494.870000000003
2026-05-27 09:55:00,18494.870000000003,18494.870000000003
2026-05-27 10:55:00,18494.870000000003,18494.870000000003
2026-05-27 11:55:00,18494.870000000003,18494.870000000003
2026-05-27 12:55:00,18494.870000000003,18494.870000000003
2026-05-27 13:55:00,18494.870000000003,18494.870000000003
2026-05-27 14:55:00,18494.870000000003,18494.870000000003
2026-05-27 15:55:00,18494.870000000003,18494.870000000003
2026-05-27 16:55:00,18494.870000000003,18494.870000000003
2026-05-27 17:55:00,18494.870000000003,18494.870000000003
2026-05-27 18:55:00,18494.870000000003,18494.870000000003
2026-05-27 19:55:00,18494.870000000003,18494.870000000003
2026-05-27 20:55:00,18494.870000000003,18494.870000000003
2026-05-27 21:55:00,18494.870000000003,18494.870000000003
2026-05-27 22:55:00,18494.870000000003,18494.870000000003
2026-05-27 23:55:00,18494.870000000003,18494.870000000003
2026-05-28 01:56:00,18494.870000000003,18494.870000000003
2026-05-28 02:56:00,18494.870000000003,18494.870000000003
2026-05-28 03:56:00,18494.870000000003,18494.870000000003
2026-05-28 04:56:00,18494.870000000003,18494.870000000003
2026-05-28 05:56:00,18494.870000000003,18494.870000000003
2026-05-28 06:56:00,18494.870000000003,18494.870000000003
2026-05-28 07:56:00,18494.870000000003,18494.870000000003
2026-05-28 08:56:00,18494.870000000003,18494.870000000003
2026-05-28 09:56:00,18494.870000000003,18494.870000000003
2026-05-28 10:56:00,18494.870000000003,18494.870000000003
2026-05-28 11:56:00,18494.870000000003,18494.870000000003
2026-05-28 12:56:00,18494.870000000003,18494.870000000003
2026-05-28 13:56:00,18494.870000000003,18494.870000000003
2026-05-28 14:56:00,18494.870000000003,18494.870000000003
2026-05-28 15:56:00,18494.870000000003,18494.870000000003
2026-05-28 16:56:00,18569.000000000004,18629.840000000007
2026-05-28 17:56:00,18920.450000000004,18920.450000000004
2026-05-28 18:56:00,18920.450000000004,18920.450000000004
2026-05-28 19:56:00,18920.450000000004,18920.450000000004
2026-05-28 20:56:00,18920.450000000004,18920.450000000004
2026-05-28 21:56:00,18920.450000000004,18920.450000000004
2026-05-28 22:56:00,18920.450000000004,18920.450000000004
2026-05-28 23:56:00,18919.610000000004,18897.89
2026-05-29 01:57:00,18912.490000000005,18845.72999999999
2026-05-29 02:57:00,18912.490000000005,18884.36999999999
2026-05-29 03:57:00,18932.37,18894.329999999998
2026-05-29 04:57:00,18995.37,19045.649999999994
2026-05-29 05:57:00,18995.37,19034.549999999996
2026-05-29 06:57:00,19009.550000000014,19009.550000000014
2026-05-29 07:57:00,19009.550000000014,19009.550000000014
2026-05-29 08:57:00,19009.550000000014,19009.550000000014
2026-05-29 09:57:00,19009.550000000014,19009.550000000014
2026-05-29 10:57:00,19009.550000000014,19009.550000000014
2026-05-29 11:57:00,18817.300000000014,18817.300000000014
2026-05-29 12:57:00,18817.300000000014,18817.300000000014
2026-05-29 13:57:00,18817.300000000014,18817.300000000014
2026-05-29 14:57:00,18817.300000000014,18817.300000000014
2026-05-29 15:57:00,18817.300000000014,18817.300000000014
2026-05-29 16:57:00,18817.300000000014,18817.300000000014
2026-05-29 17:57:00,18817.300000000014,18817.300000000014
2026-05-29 18:57:00,18817.300000000014,18817.300000000014
2026-05-29 19:57:00,18817.300000000014,18817.300000000014
2026-05-29 20:57:00,18816.460000000014,18782.26000000002
2026-05-29 21:57:00,18816.460000000014,18809.500000000015
2026-05-29 22:57:00,18816.460000000014,18680.980000000014
2026-05-29 23:57:00,18639.100000000013,18639.100000000013
2026-06-01 01:58:00,18639.100000000013,18639.100000000013
2026-06-01 02:58:00,18639.100000000013,18639.100000000013
2026-06-01 03:58:00,18639.100000000013,18639.100000000013
2026-06-01 04:58:00,18639.100000000013,18639.100000000013
2026-06-01 05:58:00,18639.100000000013,18639.100000000013
2026-06-01 06:58:00,18639.100000000013,18639.100000000013
2026-06-01 07:58:00,18639.100000000013,18639.100000000013
2026-06-01 08:58:00,18639.100000000013,18639.100000000013
2026-06-01 09:58:00,18639.100000000013,18639.100000000013
2026-06-01 10:58:00,18639.100000000013,18639.100000000013
2026-06-01 11:58:00,18639.100000000013,18639.100000000013
2026-06-01 12:58:00,18639.100000000013,18639.100000000013
2026-06-01 13:58:00,18639.100000000013,18639.100000000013
2026-06-01 14:58:00,18639.100000000013,18639.100000000013
2026-06-01 15:58:00,18639.100000000013,18639.100000000013
2026-06-01 16:58:00,18638.820000000014,18567.540000000015
2026-06-01 17:58:00,18638.820000000014,18590.900000000012
2026-06-01 18:58:00,18638.820000000014,18658.540000000015
2026-06-01 19:58:00,18638.820000000014,18680.980000000014
2026-06-01 20:58:00,18656.440000000013,18713.41000000001
2026-06-01 21:58:00,18656.440000000013,18711.730000000014
2026-06-01 22:58:00,18656.440000000013,18691.810000000012
2026-06-01 23:58:00,18656.440000000013,18704.470000000016
2026-06-02 01:59:00,18654.940000000013,18705.670000000013
2026-06-02 02:59:00,18654.940000000013,18702.100000000013
2026-06-02 03:59:00,18654.940000000013,18693.550000000014
2026-06-02 04:59:00,18654.640000000014,18654.640000000014
2026-06-02 05:59:00,18654.640000000014,18654.640000000014
2026-06-02 06:59:00,18654.640000000014,18654.640000000014
2026-06-02 07:59:00,18654.640000000014,18654.640000000014
2026-06-02 08:59:00,18654.640000000014,18654.640000000014
2026-06-02 09:59:00,18654.640000000014,18654.640000000014
2026-06-02 10:59:00,18654.640000000014,18654.640000000014
2026-06-02 11:59:00,18654.640000000014,18654.640000000014
2026-06-02 12:59:00,18654.640000000014,18654.640000000014
2026-06-02 13:59:00,18654.640000000014,18654.640000000014
2026-06-02 14:59:00,18654.640000000014,18654.640000000014
2026-06-02 15:59:00,18653.870000000014,18647.82000000001
2026-06-02 16:59:00,18671.850000000013,18671.850000000013
2026-06-02 17:59:00,18671.850000000013,18671.850000000013
2026-06-02 18:59:00,18671.850000000013,18671.850000000013
2026-06-02 19:59:00,18671.850000000013,18671.850000000013
2026-06-02 20:59:00,18671.850000000013,18671.850000000013
2026-06-02 21:59:00,18671.850000000013,18671.850000000013
2026-06-02 22:59:00,18671.850000000013,18671.850000000013
2026-06-03 01:00:00,18671.850000000013,18671.850000000013
2026-06-03 02:00:00,18671.850000000013,18671.850000000013
2026-06-03 03:00:00,18671.850000000013,18671.850000000013
2026-06-03 04:00:00,18671.850000000013,18671.850000000013
2026-06-03 05:00:00,18671.850000000013,18671.850000000013
2026-06-03 06:00:00,18671.850000000013,18671.850000000013
2026-06-03 07:00:00,18671.850000000013,18671.850000000013
2026-06-03 08:00:00,18671.850000000013,18671.850000000013
2026-06-03 09:00:00,18671.850000000013,18671.850000000013
2026-06-03 10:00:00,18671.850000000013,18671.850000000013
2026-06-03 11:00:00,18671.850000000013,18671.850000000013
2026-06-03 12:00:00,18671.850000000013,18671.850000000013
2026-06-03 13:00:00,18671.850000000013,18671.850000000013
2026-06-03 14:00:00,18671.850000000013,18671.850000000013
2026-06-03 15:00:00,18671.850000000013,18671.850000000013
2026-06-03 16:00:00,18671.850000000013,18671.850000000013
2026-06-03 17:00:00,18671.850000000013,18671.850000000013
2026-06-03 18:00:00,18671.850000000013,18671.850000000013
2026-06-03 19:00:00,18671.850000000013,18671.850000000013
2026-06-03 20:00:00,18671.850000000013,18671.850000000013
2026-06-03 21:00:00,18671.850000000013,18671.850000000013
2026-06-03 22:00:00,18671.850000000013,18671.850000000013
2026-06-03 23:00:00,18671.850000000013,18671.850000000013
2026-06-04 01:01:00,18671.850000000013,18671.850000000013
2026-06-04 02:01:00,18671.850000000013,18671.850000000013
2026-06-04 03:01:00,18671.850000000013,18671.850000000013
2026-06-04 04:01:00,18671.850000000013,18671.850000000013
2026-06-04 05:01:00,18671.850000000013,18671.850000000013
2026-06-04 06:01:00,18671.850000000013,18671.850000000013
2026-06-04 07:01:00,18671.850000000013,18671.850000000013
2026-06-04 08:01:00,18671.850000000013,18671.850000000013
2026-06-04 09:01:00,18671.850000000013,18671.850000000013
2026-06-04 10:01:00,18671.850000000013,18671.850000000013
2026-06-04 11:01:00,18671.850000000013,18671.850000000013
2026-06-04 12:01:00,18671.850000000013,18671.850000000013
2026-06-04 13:01:00,18671.850000000013,18671.850000000013
2026-06-04 14:01:00,18671.850000000013,18671.850000000013
2026-06-04 15:01:00,18671.850000000013,18671.850000000013
2026-06-04 16:01:00,18671.850000000013,18671.850000000013
2026-06-04 17:01:00,18671.850000000013,18671.850000000013
2026-06-04 18:01:00,18483.930000000008,18483.930000000008
2026-06-04 19:01:00,18483.930000000008,18483.930000000008
2026-06-04 20:01:00,18483.930000000008,18483.930000000008
2026-06-04 21:01:00,18483.930000000008,18483.930000000008
2026-06-04 22:01:00,18483.930000000008,18483.930000000008
2026-06-04 23:01:00,18483.930000000008,18483.930000000008
2026-06-05 01:02:00,18483.930000000008,18483.930000000008
2026-06-05 02:02:00,18483.930000000008,18483.930000000008
2026-06-05 03:02:00,18483.930000000008,18483.930000000008
2026-06-05 04:02:00,18483.930000000008,18483.930000000008
2026-06-05 05:02:00,18483.930000000008,18483.930000000008
2026-06-05 06:02:00,18483.930000000008,18483.930000000008
2026-06-05 07:02:00,18483.930000000008,18483.930000000008
2026-06-05 08:02:00,18483.930000000008,18483.930000000008
2026-06-05 09:02:00,18483.930000000008,18483.930000000008
2026-06-05 10:02:00,18665.120000000006,18784.54
2026-06-05 11:02:00,18665.120000000006,18851.950000000004
2026-06-05 12:02:00,18665.120000000006,18862.94000000001
2026-06-05 13:02:00,18665.120000000006,18867.070000000007
2026-06-05 14:02:00,18665.120000000006,18870.22000000001
2026-06-05 15:02:00,18909.070000000007,18909.070000000007
2026-06-05 16:02:00,18719.02000000001,18719.02000000001
2026-06-05 17:02:00,18719.02000000001,18719.02000000001
2026-06-05 18:02:00,18719.02000000001,18719.02000000001
2026-06-05 19:02:00,18719.02000000001,18719.02000000001
2026-06-05 20:02:00,18719.02000000001,18719.02000000001
2026-06-05 21:02:00,18719.02000000001,18719.02000000001
2026-06-05 22:02:00,18719.02000000001,18719.02000000001
2026-06-05 23:02:00,18719.02000000001,18719.02000000001
2026-06-08 01:03:00,18719.02000000001,18719.02000000001
2026-06-08 02:03:00,18719.02000000001,18719.02000000001
2026-06-08 03:03:00,18719.02000000001,18719.02000000001
2026-06-08 04:03:00,18719.02000000001,18719.02000000001
2026-06-08 05:03:00,18719.02000000001,18719.02000000001
2026-06-08 06:03:00,18719.02000000001,18719.02000000001
2026-06-08 07:03:00,18719.02000000001,18719.02000000001
2026-06-08 08:03:00,18719.02000000001,18719.02000000001
2026-06-08 09:03:00,18719.02000000001,18719.02000000001
2026-06-08 10:03:00,18719.02000000001,18719.02000000001
2026-06-08 11:03:00,18719.02000000001,18719.02000000001
2026-06-08 12:03:00,18719.02000000001,18719.02000000001
2026-06-08 13:03:00,18719.02000000001,18719.02000000001
2026-06-08 14:03:00,18719.02000000001,18719.02000000001
2026-06-08 15:03:00,18719.02000000001,18719.02000000001
2026-06-08 16:03:00,18719.02000000001,18719.02000000001
2026-06-08 17:03:00,18719.02000000001,18719.02000000001
2026-06-08 18:03:00,18718.25000000001,18631.790000000005
2026-06-08 19:03:00,18534.55000000001,18534.55000000001
2026-06-08 20:03:00,18534.55000000001,18534.55000000001
2026-06-08 21:03:00,18534.55000000001,18534.55000000001
2026-06-08 22:03:00,18534.55000000001,18534.55000000001
2026-06-08 23:03:00,18534.55000000001,18534.55000000001
2026-06-09 01:04:00,18534.55000000001,18534.55000000001
2026-06-09 02:04:00,18534.55000000001,18534.55000000001
2026-06-09 03:04:00,18534.55000000001,18534.55000000001
2026-06-09 04:04:00,18534.55000000001,18534.55000000001
2026-06-09 05:04:00,18534.55000000001,18534.55000000001
2026-06-09 06:04:00,18534.55000000001,18534.55000000001
2026-06-09 07:04:00,18534.55000000001,18534.55000000001
2026-06-09 08:04:00,18534.55000000001,18534.55000000001
2026-06-09 09:04:00,18534.55000000001,18534.55000000001
2026-06-09 10:04:00,18534.55000000001,18534.55000000001
2026-06-09 11:04:00,18534.55000000001,18534.55000000001
2026-06-09 12:04:00,18534.55000000001,18534.55000000001
2026-06-09 13:04:00,18534.55000000001,18534.55000000001
2026-06-09 14:04:00,18534.55000000001,18534.55000000001
2026-06-09 15:04:00,18534.55000000001,18534.55000000001
2026-06-09 16:04:00,18534.55000000001,18534.55000000001
2026-06-09 17:04:00,18534.55000000001,18534.55000000001
2026-06-09 18:04:00,18534.55000000001,18534.55000000001
2026-06-09 19:04:00,18534.55000000001,18534.55000000001
2026-06-09 20:04:00,18534.55000000001,18534.55000000001
2026-06-09 21:04:00,18534.55000000001,18534.55000000001
2026-06-09 22:04:00,18534.55000000001,18534.55000000001
2026-06-09 23:04:00,18534.55000000001,18534.55000000001
2026-06-10 01:05:00,18534.55000000001,18534.55000000001
2026-06-10 02:05:00,18534.55000000001,18534.55000000001
2026-06-10 03:05:00,18534.55000000001,18534.55000000001
2026-06-10 04:05:00,18534.55000000001,18534.55000000001
2026-06-10 05:05:00,18534.55000000001,18534.55000000001
2026-06-10 06:05:00,18534.55000000001,18534.55000000001
2026-06-10 07:05:00,18534.55000000001,18534.55000000001
2026-06-10 08:05:00,18534.55000000001,18534.55000000001
2026-06-10 09:05:00,18534.55000000001,18534.55000000001
2026-06-10 10:05:00,18534.55000000001,18534.55000000001
2026-06-10 11:05:00,18534.55000000001,18534.55000000001
2026-06-10 12:05:00,18534.55000000001,18534.55000000001
2026-06-10 13:05:00,18534.55000000001,18534.55000000001
2026-06-10 14:05:00,18534.55000000001,18534.55000000001
2026-06-10 15:05:00,18534.55000000001,18534.55000000001
2026-06-10 16:05:00,18534.55000000001,18534.55000000001
2026-06-10 17:05:00,18534.55000000001,18534.55000000001
2026-06-10 18:05:00,18534.55000000001,18534.55000000001
2026-06-10 19:05:00,18534.55000000001,18534.55000000001
2026-06-10 20:05:00,18534.55000000001,18534.55000000001
2026-06-10 21:05:00,18534.55000000001,18534.55000000001
2026-06-10 22:05:00,18534.55000000001,18534.55000000001
2026-06-10 23:05:00,18534.55000000001,18534.55000000001
2026-06-11 01:06:00,18534.55000000001,18534.55000000001
2026-06-11 02:06:00,18534.55000000001,18534.55000000001
2026-06-11 03:06:00,18534.55000000001,18534.55000000001
2026-06-11 04:06:00,18534.55000000001,18534.55000000001
2026-06-11 05:06:00,18534.55000000001,18534.55000000001
2026-06-11 06:06:00,18534.55000000001,18534.55000000001
2026-06-11 07:06:00,18534.55000000001,18534.55000000001
2026-06-11 08:06:00,18534.55000000001,18534.55000000001
2026-06-11 09:06:00,18534.55000000001,18534.55000000001
2026-06-11 10:06:00,18534.55000000001,18534.55000000001
2026-06-11 11:06:00,18534.55000000001,18534.55000000001
2026-06-11 12:06:00,18534.55000000001,18534.55000000001
2026-06-11 13:06:00,18534.55000000001,18534.55000000001
2026-06-11 14:06:00,18534.55000000001,18534.55000000001
2026-06-11 15:06:00,18534.55000000001,18534.55000000001
2026-06-11 16:06:00,18534.55000000001,18534.55000000001
2026-06-11 17:06:00,18534.55000000001,18534.55000000001
2026-06-11 18:06:00,18534.55000000001,18534.55000000001
2026-06-11 19:06:00,18534.55000000001,18534.55000000001
2026-06-11 20:06:00,18534.55000000001,18534.55000000001
2026-06-11 21:06:00,18534.55000000001,18534.55000000001
2026-06-11 22:06:00,18534.55000000001,18534.55000000001
2026-06-11 23:06:00,18534.55000000001,18534.55000000001
2026-06-12 01:07:00,18534.55000000001,18534.55000000001
2026-06-12 02:07:00,18534.55000000001,18534.55000000001
2026-06-12 03:07:00,18534.55000000001,18534.55000000001
2026-06-12 04:07:00,18557.45000000001,18606.31000000001
2026-06-12 05:07:00,18556.050000000017,18556.050000000017
2026-06-12 06:07:00,18556.050000000017,18556.050000000017
2026-06-12 07:07:00,18556.050000000017,18556.050000000017
2026-06-12 08:07:00,18556.050000000017,18556.050000000017
2026-06-12 09:07:00,18556.050000000017,18556.050000000017
2026-06-12 10:07:00,18556.050000000017,18556.050000000017
2026-06-12 11:07:00,18556.050000000017,18556.050000000017
2026-06-12 12:07:00,18556.050000000017,18556.050000000017
2026-06-12 13:07:00,18556.050000000017,18556.050000000017
2026-06-12 14:07:00,18556.050000000017,18556.050000000017
2026-06-12 15:07:00,18556.050000000017,18556.050000000017
2026-06-12 16:07:00,18556.050000000017,18556.050000000017
2026-06-12 17:07:00,18556.050000000017,18556.050000000017
2026-06-12 18:07:00,18556.050000000017,18556.050000000017
2026-06-12 19:07:00,18556.050000000017,18556.050000000017
2026-06-12 20:07:00,18556.050000000017,18556.050000000017
2026-06-12 21:07:00,18556.050000000017,18556.050000000017
2026-06-12 22:07:00,18556.050000000017,18556.050000000017
2026-06-12 23:07:00,18556.050000000017,18556.050000000017
2026-06-15 01:08:00,18556.050000000017,18556.050000000017
2026-06-15 02:08:00,18556.050000000017,18556.050000000017
2026-06-15 03:08:00,18556.050000000017,18556.050000000017
2026-06-15 04:08:00,18556.050000000017,18556.050000000017
2026-06-15 05:08:00,18556.050000000017,18556.050000000017
2026-06-15 06:08:00,18556.050000000017,18556.050000000017
2026-06-15 07:08:00,18556.050000000017,18556.050000000017
2026-06-15 08:08:00,18552.690000000017,18588.210000000006
2026-06-15 09:08:00,18632.130000000037,18632.130000000037
2026-06-15 10:08:00,18632.130000000037,18632.130000000037
2026-06-15 11:08:00,18632.130000000037,18632.130000000037
2026-06-15 12:08:00,18632.130000000037,18632.130000000037
2026-06-15 13:08:00,18632.130000000037,18632.130000000037
2026-06-15 14:08:00,18632.130000000037,18632.130000000037
2026-06-15 15:08:00,18632.130000000037,18632.130000000037
2026-06-15 16:08:00,18632.130000000037,18632.130000000037
2026-06-15 17:08:00,18632.130000000037,18632.130000000037
2026-06-15 18:08:00,18632.130000000037,18632.130000000037
2026-06-15 19:08:00,18632.130000000037,18632.130000000037
2026-06-15 20:08:00,18632.130000000037,18632.130000000037
2026-06-15 21:08:00,18632.130000000037,18632.130000000037
2026-06-15 22:08:00,18632.130000000037,18632.130000000037
2026-06-15 23:08:00,18632.130000000037,18632.130000000037
2026-06-16 01:09:00,18632.130000000037,18632.130000000037
2026-06-16 02:09:00,18632.130000000037,18632.130000000037
2026-06-16 03:09:00,18632.130000000037,18632.130000000037
2026-06-16 04:09:00,18632.130000000037,18632.130000000037
2026-06-16 05:09:00,18632.130000000037,18632.130000000037
2026-06-16 06:09:00,18632.130000000037,18632.130000000037
2026-06-16 07:09:00,18632.130000000037,18632.130000000037
2026-06-16 08:09:00,18632.130000000037,18632.130000000037
2026-06-16 09:09:00,18632.130000000037,18632.130000000037
2026-06-16 10:09:00,18632.130000000037,18632.130000000037
2026-06-16 11:09:00,18632.130000000037,18632.130000000037
2026-06-16 12:09:00,18632.130000000037,18632.130000000037
2026-06-16 13:09:00,18632.130000000037,18632.130000000037
2026-06-16 14:09:00,18632.130000000037,18632.130000000037
2026-06-16 15:09:00,18632.130000000037,18632.130000000037
2026-06-16 16:09:00,18632.130000000037,18632.130000000037
2026-06-16 17:09:00,18632.130000000037,18632.130000000037
2026-06-16 18:09:00,18632.130000000037,18632.130000000037
2026-06-16 19:09:00,18631.150000000038,18627.650000000023
2026-06-16 20:09:00,18631.150000000038,18659.29000000003
2026-06-16 21:09:00,18698.210000000036,18698.210000000036
2026-06-16 22:09:00,18698.210000000036,18698.210000000036
2026-06-16 23:09:00,18698.210000000036,18698.210000000036
2026-06-17 01:10:00,18698.210000000036,18698.210000000036
2026-06-17 02:10:00,18698.210000000036,18698.210000000036
2026-06-17 03:10:00,18698.210000000036,18698.210000000036
2026-06-17 04:10:00,18698.210000000036,18698.210000000036
2026-06-17 05:10:00,18698.210000000036,18698.210000000036
2026-06-17 06:10:00,18698.210000000036,18698.210000000036
2026-06-17 07:10:00,18698.210000000036,18698.210000000036
2026-06-17 08:10:00,18698.210000000036,18698.210000000036
2026-06-17 09:10:00,18698.210000000036,18698.210000000036
2026-06-17 10:10:00,18698.210000000036,18698.210000000036
2026-06-17 11:10:00,18698.210000000036,18698.210000000036
2026-06-17 12:10:00,18698.210000000036,18698.210000000036
2026-06-17 13:10:00,18698.210000000036,18698.210000000036
2026-06-17 14:10:00,18698.210000000036,18698.210000000036
2026-06-17 15:10:00,18698.210000000036,18698.210000000036
2026-06-17 16:10:00,18698.210000000036,18698.210000000036
2026-06-17 17:10:00,18698.210000000036,18698.210000000036
2026-06-17 18:10:00,18698.210000000036,18698.210000000036
2026-06-17 19:10:00,18698.210000000036,18698.210000000036
2026-06-17 20:10:00,18698.210000000036,18698.210000000036
2026-06-17 21:10:00,18786.490000000034,19060.480000000032
2026-06-17 22:10:00,19090.350000000035,19021.830000000038
2026-06-17 23:10:00,18844.150000000038,18844.150000000038
2026-06-18 01:11:00,18844.150000000038,18844.150000000038
2026-06-18 02:11:00,18844.150000000038,18844.150000000038
2026-06-18 03:11:00,18844.150000000038,18844.150000000038
2026-06-18 04:11:00,18844.150000000038,18844.150000000038
2026-06-18 05:11:00,18844.150000000038,18844.150000000038
2026-06-18 06:11:00,18844.150000000038,18844.150000000038
2026-06-18 07:11:00,18844.150000000038,18844.150000000038
2026-06-18 08:11:00,18844.150000000038,18844.150000000038
2026-06-18 09:11:00,18844.150000000038,18844.150000000038
2026-06-18 10:11:00,18844.150000000038,18844.150000000038
2026-06-18 11:11:00,18843.520000000037,18802.210000000043
2026-06-18 12:11:00,18703.030000000035,18703.030000000035
2026-06-18 13:11:00,18703.030000000035,18703.030000000035
2026-06-18 14:11:00,18703.030000000035,18703.030000000035
2026-06-18 15:11:00,18703.030000000035,18703.030000000035
2026-06-18 16:11:00,18703.030000000035,18703.030000000035
2026-06-18 17:11:00,18703.030000000035,18703.030000000035
2026-06-18 18:11:00,18703.030000000035,18703.030000000035
2026-06-18 19:11:00,18703.030000000035,18703.030000000035
2026-06-18 20:11:00,18703.030000000035,18703.030000000035
2026-06-18 21:11:00,18703.030000000035,18703.030000000035
2026-06-18 22:11:00,18703.030000000035,18703.030000000035
2026-06-18 23:11:00,18703.030000000035,18703.030000000035
2026-06-19 01:12:00,18703.030000000035,18703.030000000035
2026-06-19 02:12:00,18703.030000000035,18703.030000000035
2026-06-19 03:12:00,18703.030000000035,18703.030000000035
2026-06-19 04:12:00,18703.030000000035,18703.030000000035
2026-06-19 05:12:00,18703.030000000035,18703.030000000035
2026-06-19 06:12:00,18703.030000000035,18703.030000000035
2026-06-19 07:12:00,18703.030000000035,18703.030000000035
2026-06-19 08:12:00,18702.610000000037,18682.210000000036
2026-06-19 09:12:00,18702.610000000037,18783.790000000037
2026-06-19 10:12:00,18720.300000000036,18842.100000000035
2026-06-19 11:12:00,18755.690000000035,18896.650000000034
2026-06-19 12:12:00,18755.690000000035,18896.290000000034
2026-06-19 13:12:00,18755.690000000035,18849.730000000032
2026-06-19 14:12:00,18755.690000000035,18815.850000000035
2026-06-19 15:12:00,18755.690000000035,18861.130000000034
2026-06-19 16:12:00,18755.690000000035,18916.930000000033
2026-06-19 17:12:00,18755.690000000035,18827.250000000033
2026-06-19 18:12:00,18755.690000000035,18828.010000000035
2026-06-19 19:12:00,18755.690000000035,18810.450000000033
2026-06-22 01:11:00,18753.690000000035,18830.250000000033
2026-06-22 02:11:00,18753.690000000035,18869.450000000033
2026-06-22 03:11:00,18753.690000000035,18839.850000000035
2026-06-22 04:11:00,18824.470000000034,19060.450000000033
2026-06-22 05:11:00,18635.030000000028,18806.00000000003
2026-06-22 06:11:00,18635.030000000028,18792.560000000027
2026-06-22 07:11:00,18635.030000000028,18772.580000000027
2026-06-22 08:11:00,18635.030000000028,18788.420000000027
2026-06-22 09:11:00,18635.030000000028,18826.64000000003
2026-06-22 10:11:00,18635.030000000028,18839.600000000028
2026-06-22 11:11:00,18635.030000000028,18810.830000000027
2026-06-22 12:11:00,18635.030000000028,18859.25000000003
2026-06-22 13:11:00,18635.030000000028,18881.21000000003
2026-06-22 14:11:00,18635.030000000028,18864.170000000027
2026-06-22 15:11:00,18635.030000000028,18863.990000000027
2026-06-22 16:11:00,18635.030000000028,18819.650000000027
2026-06-22 17:11:00,18635.030000000028,18846.650000000027
2026-06-22 18:11:00,18635.030000000028,18836.18000000003
2026-06-22 19:11:00,18635.030000000028,18766.490000000027
2026-06-22 20:11:00,18635.030000000028,18805.340000000026
2026-06-22 21:11:00,18635.030000000028,18795.89000000003
2026-06-22 22:11:00,18635.030000000028,18815.480000000025
2026-06-22 23:11:00,18635.030000000028,18814.610000000026
2026-06-23 01:12:00,18633.530000000028,18816.620000000028
2026-06-23 02:12:00,18633.530000000028,18812.060000000027
2026-06-23 03:12:00,18633.530000000028,18777.530000000028
2026-06-23 04:12:00,18633.530000000028,18797.900000000027
2026-06-23 05:12:00,18633.530000000028,18694.610000000026
2026-06-23 06:12:00,18633.530000000028,18662.75000000003
2026-06-23 07:12:00,18633.23000000003,18633.23000000003
2026-06-23 08:12:00,18633.23000000003,18633.23000000003
2026-06-23 09:12:00,18633.23000000003,18633.23000000003
2026-06-23 10:12:00,18633.23000000003,18633.23000000003
2026-06-23 11:12:00,18633.23000000003,18633.23000000003
2026-06-23 12:12:00,18633.23000000003,18633.23000000003
2026-06-23 13:12:00,18633.23000000003,18633.23000000003
2026-06-23 14:12:00,18633.23000000003,18633.23000000003
2026-06-23 15:12:00,18633.23000000003,18633.23000000003
2026-06-23 16:12:00,18633.23000000003,18633.23000000003
2026-06-23 17:12:00,18633.23000000003,18633.23000000003
2026-06-23 18:12:00,18633.23000000003,18633.23000000003
2026-06-23 19:12:00,18633.23000000003,18633.23000000003
2026-06-23 20:12:00,18633.23000000003,18633.23000000003
2026-06-23 21:12:00,18633.23000000003,18633.23000000003
2026-06-23 22:12:00,18633.23000000003,18633.23000000003
2026-06-23 23:12:00,18633.23000000003,18633.23000000003
2026-06-24 01:13:00,18633.23000000003,18633.23000000003
2026-06-24 02:13:00,18633.23000000003,18633.23000000003
2026-06-24 03:13:00,18633.23000000003,18633.23000000003
2026-06-24 04:13:00,18633.23000000003,18633.23000000003
2026-06-24 05:13:00,18633.23000000003,18633.23000000003
2026-06-24 06:13:00,18633.23000000003,18633.23000000003
2026-06-24 07:13:00,18633.23000000003,18633.23000000003
2026-06-24 08:13:00,18633.23000000003,18633.23000000003
2026-06-24 09:13:00,18633.23000000003,18633.23000000003
2026-06-24 10:13:00,18633.23000000003,18633.23000000003
2026-06-24 11:13:00,18633.23000000003,18633.23000000003
2026-06-24 12:13:00,18633.23000000003,18633.23000000003
2026-06-24 13:13:00,18633.23000000003,18633.23000000003
2026-06-24 14:13:00,18633.23000000003,18633.23000000003
2026-06-24 15:13:00,18633.23000000003,18633.23000000003
2026-06-24 16:13:00,18633.23000000003,18633.23000000003
2026-06-24 17:13:00,18633.23000000003,18633.23000000003
2026-06-24 18:13:00,18633.23000000003,18633.23000000003
2026-06-24 19:13:00,18633.23000000003,18633.23000000003
2026-06-24 20:13:00,18633.23000000003,18633.23000000003
2026-06-24 21:13:00,18633.23000000003,18633.23000000003
2026-06-24 22:13:00,18633.23000000003,18633.23000000003
2026-06-24 23:13:00,18633.23000000003,18633.23000000003
2026-06-25 01:14:00,18633.23000000003,18633.23000000003
2026-06-25 02:14:00,18633.23000000003,18633.23000000003
2026-06-25 03:14:00,18631.48000000003,18565.730000000025
2026-06-25 04:14:00,18442.73000000002,18442.73000000002
2026-06-25 05:14:00,18442.73000000002,18442.73000000002
2026-06-25 06:14:00,18442.73000000002,18442.73000000002
2026-06-25 07:14:00,18442.73000000002,18442.73000000002
2026-06-25 08:14:00,18442.73000000002,18442.73000000002
2026-06-25 09:14:00,18442.73000000002,18442.73000000002
2026-06-25 10:14:00,18442.73000000002,18442.73000000002
2026-06-25 11:14:00,18442.73000000002,18442.73000000002
2026-06-25 12:14:00,18442.73000000002,18442.73000000002
2026-06-25 13:14:00,18442.73000000002,18442.73000000002
2026-06-25 14:14:00,18442.73000000002,18442.73000000002
2026-06-25 15:14:00,18442.73000000002,18442.73000000002
2026-06-25 16:14:00,18442.73000000002,18442.73000000002
2026-06-25 17:14:00,18442.73000000002,18442.73000000002
2026-06-25 18:14:00,18442.73000000002,18442.73000000002
2026-06-25 19:14:00,18442.73000000002,18442.73000000002
2026-06-25 20:14:00,18442.73000000002,18442.73000000002
2026-06-25 21:14:00,18442.73000000002,18442.73000000002
2026-06-25 22:14:00,18442.73000000002,18442.73000000002
2026-06-25 23:14:00,18442.73000000002,18442.73000000002
2026-06-26 01:15:00,18442.73000000002,18442.73000000002
2026-06-26 02:15:00,18442.73000000002,18442.73000000002
2026-06-26 03:15:00,18441.26000000002,18526.10000000002
2026-06-26 04:15:00,18465.960000000025,18465.960000000025
2026-06-26 05:15:00,18465.960000000025,18465.960000000025
2026-06-26 06:15:00,18465.960000000025,18465.960000000025
2026-06-26 07:15:00,18465.960000000025,18465.960000000025
2026-06-26 08:15:00,18465.960000000025,18465.960000000025
2026-06-26 09:15:00,18465.960000000025,18465.960000000025
2026-06-26 10:15:00,18465.960000000025,18465.960000000025
2026-06-26 11:15:00,18465.960000000025,18465.960000000025
2026-06-26 12:15:00,18465.960000000025,18465.960000000025
2026-06-26 13:15:00,18465.960000000025,18465.960000000025
2026-06-26 14:15:00,18465.960000000025,18465.960000000025
2026-06-26 15:15:00,18465.960000000025,18465.960000000025
2026-06-26 16:15:00,18465.960000000025,18465.960000000025
2026-06-26 17:15:00,18465.960000000025,18465.960000000025
2026-06-26 18:15:00,18465.960000000025,18465.960000000025
2026-06-26 19:15:00,18465.960000000025,18465.960000000025
2026-06-26 20:15:00,18465.960000000025,18465.960000000025
2026-06-26 21:15:00,18465.960000000025,18465.960000000025
2026-06-26 22:15:00,18465.960000000025,18465.960000000025
2026-06-26 23:15:00,18465.960000000025,18465.960000000025
2026-06-29 01:16:00,18465.960000000025,18465.960000000025
2026-06-29 02:16:00,18547.720000000023,18600.520000000026
2026-06-29 03:16:00,18546.92000000002,18546.92000000002
2026-06-29 04:16:00,18546.92000000002,18546.92000000002
2026-06-29 05:16:00,18546.92000000002,18546.92000000002
2026-06-29 06:16:00,18546.92000000002,18546.92000000002
2026-06-29 07:16:00,18546.92000000002,18546.92000000002
2026-06-29 08:16:00,18546.92000000002,18546.92000000002
2026-06-29 09:16:00,18546.92000000002,18546.92000000002
2026-06-29 10:16:00,18546.92000000002,18546.92000000002
2026-06-29 11:16:00,18546.92000000002,18546.92000000002
2026-06-29 12:16:00,18546.92000000002,18546.92000000002
2026-06-29 13:16:00,18546.92000000002,18546.92000000002
2026-06-29 14:16:00,18546.92000000002,18546.92000000002
2026-06-29 15:16:00,18546.92000000002,18546.92000000002
2026-06-29 16:16:00,18546.92000000002,18546.92000000002
2026-06-29 17:16:00,18546.92000000002,18546.92000000002
2026-06-29 18:16:00,18546.92000000002,18546.92000000002
2026-06-29 19:16:00,18546.92000000002,18546.92000000002
2026-06-29 20:16:00,18546.92000000002,18546.92000000002
2026-06-29 21:16:00,18546.92000000002,18546.92000000002
2026-06-29 22:16:00,18546.92000000002,18546.92000000002
2026-06-29 23:16:00,18546.92000000002,18546.92000000002
2026-06-30 01:17:00,18546.92000000002,18546.92000000002
2026-06-30 02:17:00,18546.92000000002,18546.92000000002
2026-06-30 03:17:00,18546.92000000002,18546.92000000002
2026-06-30 04:17:00,18546.92000000002,18546.92000000002
2026-06-30 05:17:00,18546.92000000002,18546.92000000002
2026-06-30 06:17:00,18546.92000000002,18546.92000000002
2026-06-30 07:17:00,18546.92000000002,18546.92000000002
2026-06-30 08:17:00,18546.92000000002,18546.92000000002
2026-06-30 09:17:00,18546.92000000002,18546.92000000002
2026-06-30 10:17:00,18546.92000000002,18546.92000000002
2026-06-30 11:17:00,18546.92000000002,18546.92000000002
2026-06-30 12:17:00,18546.92000000002,18546.92000000002
2026-06-30 13:17:00,18546.92000000002,18546.92000000002
2026-06-30 14:17:00,18545.17000000002,18481.920000000016
2026-06-30 15:17:00,18361.420000000024,18361.420000000024
2026-06-30 16:17:00,18441.75000000003,18780.630000000026
2026-06-30 17:17:00,18803.940000000028,19174.860000000026
2026-06-30 18:17:00,18855.950000000026,19025.450000000026
2026-06-30 19:17:00,18879.490000000027,19111.63000000002
2026-06-30 20:17:00,18878.090000000026,19034.190000000024
2026-06-30 21:17:00,18878.090000000026,19073.690000000024
2026-06-30 22:17:00,18878.090000000026,19008.590000000022
2026-06-30 23:17:00,18878.090000000026,18952.990000000023
2026-07-01 01:18:00,18877.09000000003,18877.09000000003
2026-07-01 02:18:00,18877.09000000003,18877.09000000003
2026-07-01 03:18:00,18877.09000000003,18877.09000000003
2026-07-01 04:18:00,18688.930000000026,18688.930000000026
2026-07-01 05:18:00,18688.930000000026,18688.930000000026
2026-07-01 06:18:00,18688.930000000026,18688.930000000026
2026-07-01 07:18:00,18708.82000000003,18708.82000000003
2026-07-01 08:18:00,18708.82000000003,18708.82000000003
2026-07-01 09:18:00,18708.82000000003,18708.82000000003
2026-07-01 10:18:00,18708.82000000003,18708.82000000003
2026-07-01 11:18:00,18708.82000000003,18708.82000000003
2026-07-01 12:18:00,18708.82000000003,18708.82000000003
2026-07-01 13:18:00,18708.82000000003,18708.82000000003
2026-07-01 14:18:00,18708.82000000003,18708.82000000003
2026-07-01 15:18:00,18708.82000000003,18708.82000000003
2026-07-01 16:18:00,18727.900000000027,18802.600000000028
2026-07-01 17:18:00,19002.920000000024,19002.920000000024
2026-07-01 18:18:00,19002.920000000024,19002.920000000024
2026-07-01 19:18:00,19002.920000000024,19002.920000000024
2026-07-01 20:18:00,19002.920000000024,19002.920000000024
2026-07-01 21:18:00,19002.920000000024,19002.920000000024
2026-07-01 22:18:00,19002.920000000024,19002.920000000024
2026-07-01 23:18:00,19002.920000000024,19002.920000000024
2026-07-02 01:19:00,19001.800000000025,19058.600000000028
2026-07-02 02:19:00,19017.430000000026,19053.510000000024
2026-07-02 03:19:00,19042.830000000024,19042.830000000024
2026-07-02 04:19:00,19042.830000000024,19042.830000000024
2026-07-02 05:19:00,19066.540000000026,19066.540000000026
2026-07-02 06:19:00,19066.540000000026,19066.540000000026
2026-07-02 07:19:00,19066.540000000026,19066.540000000026
2026-07-02 08:19:00,19066.540000000026,19066.540000000026
2026-07-02 09:19:00,19066.540000000026,19066.540000000026
2026-07-02 10:19:00,19066.540000000026,19066.540000000026
2026-07-02 11:19:00,19066.540000000026,19066.540000000026
2026-07-02 12:19:00,19066.540000000026,19066.540000000026
2026-07-02 13:19:00,19066.540000000026,19066.540000000026
2026-07-02 14:19:00,19066.540000000026,19066.540000000026
2026-07-02 15:19:00,19066.540000000026,19066.540000000026
2026-07-02 16:19:00,18870.030000000028,18870.030000000028
2026-07-02 17:19:00,18895.99000000003,18973.750000000025
2026-07-02 18:19:00,18894.790000000026,18894.790000000026
2026-07-02 19:19:00,18894.790000000026,18894.790000000026
2026-07-02 20:19:00,18894.790000000026,18894.790000000026
2026-07-02 21:19:00,18894.790000000026,18894.790000000026
2026-07-02 22:19:00,18894.790000000026,18894.790000000026
2026-07-02 23:19:00,18894.790000000026,18894.790000000026
2026-07-03 01:20:00,18894.790000000026,18894.790000000026
2026-07-03 02:20:00,18894.790000000026,18894.790000000026
2026-07-03 03:20:00,18894.790000000026,18894.790000000026
2026-07-03 04:20:00,18894.790000000026,18894.790000000026
2026-07-03 05:20:00,18894.790000000026,18894.790000000026
2026-07-03 06:20:00,18894.790000000026,18894.790000000026
2026-07-03 07:20:00,18894.790000000026,18894.790000000026
2026-07-03 08:20:00,18894.790000000026,18894.790000000026
2026-07-03 09:20:00,18914.51000000001,18902.350000000006
2026-07-03 10:23:00,18934.47000000001,18961.830000000005
2026-07-03 11:23:00,18934.47000000001,19030.410000000007
2026-07-03 12:23:00,18934.47000000001,18970.710000000006
2026-07-03 13:23:00,18934.47000000001,19009.290000000005
2026-07-03 14:23:00,18934.47000000001,19041.450000000008
2026-07-03 15:23:00,18934.47000000001,18976.050000000003
2026-07-03 16:23:00,18933.870000000006,18933.870000000006
2026-07-03 17:23:00,18952.640000000007,19014.260000000002
2026-07-03 18:23:00,18992.560000000005,19090.210000000006
2026-07-03 19:23:00,18992.560000000005,19054.120000000006
2026-07-06 01:22:00,19069.940000000006,19181.440000000006
2026-07-06 02:22:00,19069.940000000006,19221.740000000005
2026-07-06 03:22:00,19269.640000000003,19269.640000000003
2026-07-06 04:22:00,19335.550000000003,19335.550000000003
2026-07-06 05:22:00,19335.550000000003,19335.550000000003
2026-07-06 06:22:00,19335.550000000003,19335.550000000003
2026-07-06 07:22:00,19335.550000000003,19335.550000000003
2026-07-06 08:22:00,19335.550000000003,19335.550000000003
2026-07-06 09:22:00,19335.550000000003,19335.550000000003
2026-07-06 10:22:00,19335.550000000003,19335.550000000003
2026-07-06 11:22:00,19335.550000000003,19335.550000000003
2026-07-06 12:22:00,19335.550000000003,19335.550000000003
2026-07-06 13:22:00,19335.550000000003,19335.550000000003
2026-07-06 14:22:00,19335.550000000003,19335.550000000003
2026-07-06 15:22:00,19335.550000000003,19335.550000000003
2026-07-06 16:22:00,19335.550000000003,19335.550000000003
2026-07-06 17:22:00,19335.550000000003,19335.550000000003
2026-07-06 18:22:00,19335.550000000003,19335.550000000003
2026-07-06 19:22:00,19335.550000000003,19335.550000000003
2026-07-06 20:22:00,19335.550000000003,19335.550000000003
2026-07-06 21:22:00,19335.550000000003,19335.550000000003
2026-07-06 22:22:00,19335.550000000003,19335.550000000003
2026-07-06 23:22:00,19335.550000000003,19335.550000000003
2026-07-07 01:23:00,19335.550000000003,19335.550000000003
2026-07-07 02:23:00,19335.550000000003,19335.550000000003
2026-07-07 03:23:00,19335.550000000003,19335.550000000003
2026-07-07 04:23:00,19335.550000000003,19335.550000000003
2026-07-07 05:23:00,19335.550000000003,19335.550000000003
2026-07-07 06:23:00,19335.550000000003,19335.550000000003
2026-07-07 07:23:00,19335.550000000003,19335.550000000003
2026-07-07 08:23:00,19335.550000000003,19335.550000000003
2026-07-07 09:23:00,19335.550000000003,19335.550000000003
2026-07-07 10:23:00,19335.550000000003,19335.550000000003
2026-07-07 11:23:00,19335.550000000003,19335.550000000003
2026-07-07 12:23:00,19335.550000000003,19335.550000000003
2026-07-07 13:23:00,19335.550000000003,19335.550000000003
2026-07-07 14:23:00,19335.550000000003,19335.550000000003
2026-07-07 15:23:00,19335.550000000003,19335.550000000003
2026-07-07 16:23:00,19335.550000000003,19335.550000000003
2026-07-07 17:23:00,19335.550000000003,19335.550000000003
2026-07-07 18:23:00,19335.550000000003,19335.550000000003
2026-07-07 19:23:00,19335.550000000003,19335.550000000003
2026-07-07 20:23:00,19335.550000000003,19335.550000000003
2026-07-07 21:23:00,19335.550000000003,19335.550000000003
2026-07-07 22:23:00,19335.550000000003,19335.550000000003
2026-07-07 23:23:00,19335.550000000003,19335.550000000003
2026-07-08 01:24:00,19335.550000000003,19335.550000000003
2026-07-08 02:24:00,19335.550000000003,19335.550000000003
2026-07-08 03:24:00,19335.550000000003,19335.550000000003
2026-07-08 04:24:00,19335.550000000003,19335.550000000003
2026-07-08 05:24:00,19335.550000000003,19335.550000000003
2026-07-08 06:24:00,19335.550000000003,19335.550000000003
2026-07-08 07:24:00,19335.550000000003,19335.550000000003
2026-07-08 08:24:00,19335.550000000003,19335.550000000003
2026-07-08 09:24:00,19335.550000000003,19335.550000000003
2026-07-08 10:24:00,19335.550000000003,19335.550000000003
2026-07-08 11:24:00,19335.550000000003,19335.550000000003
2026-07-08 12:24:00,19335.550000000003,19335.550000000003
2026-07-08 13:24:00,19335.550000000003,19335.550000000003
2026-07-08 14:24:00,19335.550000000003,19335.550000000003
2026-07-08 15:24:00,19335.550000000003,19335.550000000003
2026-07-08 16:24:00,19335.550000000003,19335.550000000003
2026-07-08 17:24:00,19335.550000000003,19335.550000000003
2026-07-08 18:24:00,19335.550000000003,19335.550000000003
2026-07-08 19:24:00,19335.550000000003,19335.550000000003
2026-07-08 20:24:00,19335.550000000003,19335.550000000003
2026-07-08 21:24:00,19335.550000000003,19335.550000000003
2026-07-08 22:24:00,19335.550000000003,19335.550000000003
2026-07-08 23:24:00,19335.550000000003,19335.550000000003
2026-07-09 01:25:00,19335.550000000003,19335.550000000003
2026-07-09 02:25:00,19335.550000000003,19335.550000000003
2026-07-09 03:25:00,19335.550000000003,19335.550000000003
2026-07-09 04:25:00,19335.550000000003,19335.550000000003
2026-07-09 05:25:00,19335.550000000003,19335.550000000003
2026-07-09 06:25:00,19335.550000000003,19335.550000000003
2026-07-09 07:25:00,19335.550000000003,19335.550000000003
2026-07-09 08:25:00,19335.550000000003,19335.550000000003
2026-07-09 09:25:00,19333.870000000003,19186.729999999996
2026-07-09 10:25:00,19333.870000000003,19047.050000000003
2026-07-09 11:25:00,18946.390000000003,18831.840000000004
2026-07-09 12:25:00,18946.390000000003,18862.74
2026-07-09 13:25:00,18946.390000000003,18881.29
2026-07-09 14:25:00,18959.840000000004,18957.340000000004
2026-07-09 15:25:00,18856.98,18926.14
2026-07-09 16:25:00,18913.86,19057.010000000002
2026-07-09 17:25:00,18913.86,19050.21
2026-07-09 18:25:00,18913.86,19076.46
2026-07-09 19:25:00,18934.049999999996,19098.199999999997
2026-07-09 20:25:00,18934.049999999996,19085.299999999996
2026-07-09 21:25:00,18934.049999999996,19071.549999999996
2026-07-09 22:25:00,18934.049999999996,19057.999999999996
2026-07-09 23:25:00,18934.049999999996,19063.649999999998
2026-07-10 01:26:00,18931.549999999996,19073.249999999996
2026-07-10 02:26:00,18931.549999999996,19064.299999999996
2026-07-10 03:26:00,18931.549999999996,19047.099999999995
2026-07-10 04:26:00,18931.549999999996,19060.399999999994
2026-07-10 05:26:00,18931.549999999996,19073.999999999993
2026-07-10 06:26:00,18931.549999999996,19073.249999999996
2026-07-10 07:26:00,18931.549999999996,19017.049999999996
2026-07-10 08:26:00,18931.549999999996,19021.699999999993
2026-07-10 09:26:00,18931.549999999996,19038.499999999996
2026-07-10 10:26:00,18931.549999999996,19018.799999999996
2026-07-10 11:26:00,18931.549999999996,18976.899999999994
2026-07-10 12:26:00,18931.049999999996,18931.049999999996
2026-07-10 13:26:00,18931.049999999996,18931.049999999996
2026-07-10 14:26:00,18931.049999999996,18931.049999999996
2026-07-10 15:26:00,18931.049999999996,18931.049999999996
2026-07-10 16:26:00,18931.049999999996,18931.049999999996
2026-07-10 17:26:00,18931.049999999996,18931.049999999996
2026-07-10 18:26:00,18931.049999999996,18931.049999999996
2026-07-10 19:26:00,18931.049999999996,18931.049999999996
2026-07-10 20:26:00,18931.049999999996,18931.049999999996
2026-07-10 21:26:00,18931.049999999996,18931.049999999996
2026-07-10 22:26:00,18931.049999999996,18931.049999999996
2026-07-10 23:26:00,18931.049999999996,18931.049999999996
2026-07-13 01:27:00,18931.049999999996,18931.049999999996
2026-07-13 02:27:00,18931.049999999996,18931.049999999996
2026-07-13 03:27:00,18931.049999999996,18931.049999999996
2026-07-13 04:27:00,18931.049999999996,18931.049999999996
2026-07-13 05:27:00,18931.049999999996,18931.049999999996
2026-07-13 06:27:00,18931.049999999996,18931.049999999996
2026-07-13 07:27:00,18931.049999999996,18931.049999999996
2026-07-13 08:27:00,18735.05000000001,18735.05000000001
2026-07-13 09:27:00,18735.05000000001,18735.05000000001
2026-07-13 10:27:00,18735.05000000001,18735.05000000001
2026-07-13 11:27:00,18735.05000000001,18735.05000000001
2026-07-13 12:27:00,18735.05000000001,18735.05000000001
2026-07-13 13:27:00,18735.05000000001,18735.05000000001
2026-07-13 14:27:00,18735.05000000001,18735.05000000001
2026-07-13 15:27:00,18735.05000000001,18735.05000000001
2026-07-13 16:27:00,18735.05000000001,18735.05000000001
2026-07-13 17:27:00,18735.05000000001,18735.05000000001
2026-07-13 18:27:00,18735.05000000001,18735.05000000001
2026-07-13 19:27:00,18735.05000000001,18735.05000000001
2026-07-13 20:27:00,18735.05000000001,18735.05000000001
2026-07-13 21:27:00,18735.05000000001,18735.05000000001
2026-07-13 22:27:00,18735.05000000001,18735.05000000001
2026-07-13 23:27:00,18735.05000000001,18735.05000000001
2026-07-14 01:28:00,18735.05000000001,18735.05000000001
2026-07-14 02:28:00,18735.05000000001,18735.05000000001
2026-07-14 03:28:00,18735.05000000001,18735.05000000001
2026-07-14 04:28:00,18735.05000000001,18735.05000000001
2026-07-14 05:28:00,18735.05000000001,18735.05000000001
2026-07-14 06:28:00,18735.05000000001,18735.05000000001
2026-07-14 07:28:00,18735.05000000001,18735.05000000001
2026-07-14 08:28:00,18735.05000000001,18735.05000000001
2026-07-14 09:28:00,18735.05000000001,18735.05000000001
2026-07-14 10:28:00,18735.05000000001,18735.05000000001
2026-07-14 11:28:00,18735.05000000001,18735.05000000001
2026-07-14 12:28:00,18735.05000000001,18735.05000000001
2026-07-14 13:28:00,18735.05000000001,18735.05000000001
2026-07-14 14:28:00,18735.05000000001,18735.05000000001
2026-07-14 15:28:00,18735.05000000001,18735.05000000001
2026-07-14 16:28:00,18798.470000000012,18900.170000000013
2026-07-14 17:28:00,18798.470000000012,18948.11000000001
2026-07-14 18:28:00,18798.470000000012,18899.210000000014
2026-07-14 19:28:00,18883.670000000013,19012.59000000001
2026-07-14 20:28:00,18883.670000000013,19012.59000000001
2026-07-14 21:28:00,18883.670000000013,19012.630000000012
2026-07-14 22:28:00,18883.670000000013,19012.630000000012
2026-07-14 23:28:00,18883.670000000013,19012.430000000015
2026-07-15 01:29:00,18879.470000000012,19008.23000000001
2026-07-15 02:29:00,18879.470000000012,19008.430000000015
2026-07-15 03:29:00,18879.470000000012,19008.430000000015
2026-07-15 04:29:00,18879.470000000012,19008.430000000015
2026-07-15 05:29:00,18726.550000000014,18999.270000000015
2026-07-15 06:29:00,18726.550000000014,19007.590000000015
2026-07-15 07:29:00,18726.550000000014,18997.070000000014
2026-07-15 08:29:00,18726.550000000014,19031.310000000012
2026-07-15 09:29:00,18726.550000000014,19025.950000000015
2026-07-15 10:29:00,18726.550000000014,19035.190000000013
2026-07-15 11:29:00,18726.550000000014,19026.230000000014
2026-07-15 12:29:00,18726.550000000014,19022.030000000013
2026-07-15 13:29:00,18726.550000000014,19016.230000000014
2026-07-15 14:29:00,18726.550000000014,19008.670000000013
2026-07-15 15:29:00,18726.550000000014,18973.470000000016
2026-07-15 16:29:00,18726.550000000014,18907.910000000014
2026-07-15 17:29:00,18726.550000000014,18898.710000000014
2026-07-15 18:29:00,18749.240000000013,18958.320000000014
2026-07-15 19:29:00,18749.240000000013,19015.320000000014
2026-07-15 20:29:00,18749.240000000013,18964.280000000013
2026-07-15 21:29:00,18749.240000000013,18856.520000000015
2026-07-15 22:29:00,18749.240000000013,18930.240000000013
2026-07-15 23:29:00,18749.240000000013,18909.160000000014
2026-07-16 01:30:00,18752.240000000013,19000.28
2026-07-16 02:30:00,18829.73000000001,19108.33
2026-07-16 03:30:00,18829.73000000001,19062.530000000013
2026-07-16 04:30:00,19006.680000000004,19256.120000000003
2026-07-16 05:30:00,19006.680000000004,19273.4
2026-07-16 06:30:00,19006.680000000004,19276.360000000004
2026-07-16 07:30:00,19006.680000000004,19275.800000000003
2026-07-16 08:30:00,19006.680000000004,19302.000000000007
2026-07-16 09:30:00,19006.680000000004,19293.280000000006
2026-07-16 10:30:00,19006.680000000004,19316.200000000004
2026-07-16 11:30:00,19006.680000000004,19279.000000000007
2026-07-16 12:30:00,19006.680000000004,19280.280000000006
2026-07-16 13:30:00,19006.680000000004,19280.840000000004
2026-07-16 14:30:00,19006.680000000004,19314.120000000003
2026-07-16 15:30:00,19348.640000000007,19348.640000000007
2026-07-16 16:30:00,19348.640000000007,19348.640000000007
2026-07-16 17:30:00,19348.640000000007,19348.640000000007
2026-07-16 18:30:00,19348.640000000007,19348.640000000007
2026-07-16 19:30:00,19152.08,19152.08
2026-07-16 20:30:00,19152.08,19152.08
2026-07-16 21:30:00,19152.08,19152.08
2026-07-16 22:30:00,19152.08,19152.08
2026-07-16 23:30:00,19152.08,19152.08
2026-07-17 01:31:00,19152.08,19152.08
2026-07-17 02:31:00,19152.08,19152.08
2026-07-17 03:31:00,19152.08,19152.08
2026-07-17 04:31:00,19152.08,19152.08
2026-07-17 05:31:00,19152.08,19152.08
2026-07-17 06:31:00,19152.08,19152.08
2026-07-17 07:31:00,19152.08,19152.08
2026-07-17 08:31:00,19152.08,19152.08
2026-07-17 09:31:00,19152.08,19152.08
2026-07-17 10:31:00,19152.08,19152.08
2026-07-17 11:31:00,19152.08,19152.08
2026-07-17 12:31:00,19152.08,19152.08
2026-07-17 13:31:00,19152.08,19152.08
2026-07-17 14:31:00,19152.08,19152.08
2026-07-17 15:31:00,19152.08,19152.08
2026-07-17 16:31:00,19152.08,19152.08
2026-07-17 17:31:00,19152.08,19152.08
2026-07-17 18:31:00,19152.08,19152.08
2026-07-17 19:31:00,19152.08,19152.08
2026-07-17 20:31:00,19152.08,19152.08
2026-07-17 21:31:00,19152.08,19152.08
2026-07-17 22:31:00,19152.08,19152.08
2026-07-17 23:31:00,19152.08,19152.08
2026-07-20 01:32:00,19152.08,19152.08
2026-07-20 02:32:00,19152.08,19152.08
2026-07-20 03:32:00,19149.980000000003,19199.999999999993
2026-07-20 04:32:00,18680.82,18680.82
2026-07-20 05:32:00,18680.82,18680.82
2026-07-20 06:32:00,18679.91,18736.98
2026-07-20 07:32:00,18679.91,18693.17
2026-07-20 08:32:00,18705.26,18823.559999999998
2026-07-20 09:32:00,18755.96,18903.170000000002
2026-07-20 10:32:00,18755.96,18859.28
2026-07-20 11:32:00,18755.26,18755.26
2026-07-20 12:32:00,18755.26,18755.26
2026-07-20 13:32:00,18755.26,18755.26
2026-07-20 14:32:00,18755.26,18755.26
2026-07-20 15:32:00,18775.519999999986,18775.519999999986
2026-07-20 16:32:00,18775.519999999986,18775.519999999986
2026-07-20 17:32:00,18775.519999999986,18775.519999999986
2026-07-20 18:32:00,18800.469999999987,18848.53999999999
2026-07-20 19:32:00,18798.56999999999,18798.56999999999
2026-07-20 20:32:00,18798.56999999999,18798.56999999999
2026-07-20 21:32:00,18798.56999999999,18798.56999999999
2026-07-20 22:32:00,18798.56999999999,18798.56999999999
2026-07-20 23:32:00,18798.56999999999,18798.56999999999
2026-07-21 01:33:00,18798.56999999999,18798.56999999999
2026-07-21 02:33:00,18798.56999999999,18798.56999999999
2026-07-21 03:33:00,18798.56999999999,18798.56999999999
2026-07-21 04:33:00,18798.56999999999,18798.56999999999
2026-07-21 05:33:00,18819.019999999975,18819.019999999975
2026-07-21 06:33:00,18819.019999999975,18819.019999999975
2026-07-21 07:33:00,18819.019999999975,18819.019999999975
2026-07-21 08:33:00,18819.019999999975,18819.019999999975
2026-07-21 09:33:00,18819.019999999975,18819.019999999975
2026-07-21 10:33:00,18819.019999999975,18819.019999999975
2026-07-21 11:33:00,18819.019999999975,18819.019999999975
2026-07-21 12:33:00,18819.019999999975,18819.019999999975
2026-07-21 13:33:00,18819.019999999975,18819.019999999975
2026-07-21 14:33:00,18819.019999999975,18819.019999999975
2026-07-21 15:33:00,19004.939999999977,19106.059999999972
2026-07-21 16:33:00,19003.33999999998,19003.33999999998
2026-07-21 17:33:00,19003.33999999998,19003.33999999998
2026-07-21 18:33:00,19003.33999999998,19003.33999999998
2026-07-21 19:33:00,19003.33999999998,19003.33999999998
2026-07-21 20:33:00,19003.33999999998,19003.33999999998
2026-07-21 21:33:00,19003.33999999998,19003.33999999998
2026-07-21 22:33:00,19003.33999999998,19003.33999999998
2026-07-21 23:33:00,19003.33999999998,19003.33999999998
2026-07-22 01:34:00,19003.33999999998,19003.33999999998
2026-07-22 02:34:00,19003.33999999998,19003.33999999998
2026-07-22 03:34:00,19003.33999999998,19003.33999999998
2026-07-22 04:34:00,19003.33999999998,19003.33999999998
2026-07-22 05:34:00,19003.33999999998,19003.33999999998
2026-07-22 06:34:00,19003.33999999998,19003.33999999998
2026-07-22 07:34:00,19003.33999999998,19003.33999999998
2026-07-22 08:34:00,19003.33999999998,19003.33999999998
2026-07-22 09:34:00,19003.33999999998,19003.33999999998
2026-07-22 10:34:00,19003.33999999998,19003.33999999998
2026-07-22 11:34:00,19017.26999999998,19074.32999999998
2026-07-22 12:34:00,19017.26999999998,19069.46999999998
2026-07-22 13:34:00,19017.26999999998,19082.789999999986
2026-07-22 14:34:00,19017.26999999998,19092.239999999987
2026-07-22 15:34:00,18849.86999999999,18962.849999999995
2026-07-22 16:34:00,18849.169999999995,18849.169999999995
2026-07-22 17:34:00,18849.169999999995,18849.169999999995
2026-07-22 18:34:00,18849.169999999995,18849.169999999995
2026-07-22 19:34:00,18849.169999999995,18849.169999999995
2026-07-22 20:34:00,18849.169999999995,18849.169999999995
2026-07-22 21:34:00,18849.169999999995,18849.169999999995
2026-07-22 22:34:00,18849.169999999995,18849.169999999995
2026-07-22 23:34:00,18849.169999999995,18849.169999999995
2026-07-23 01:35:00,18849.169999999995,18849.169999999995
2026-07-23 02:35:00,18849.169999999995,18849.169999999995
2026-07-23 03:35:00,18849.169999999995,18849.169999999995
2026-07-23 04:35:00,18849.169999999995,18849.169999999995
2026-07-23 05:35:00,18849.169999999995,18849.169999999995
2026-07-23 06:35:00,18849.169999999995,18849.169999999995
2026-07-23 07:35:00,18849.169999999995,18849.169999999995
2026-07-23 08:35:00,18849.169999999995,18849.169999999995
2026-07-23 09:35:00,18849.169999999995,18849.169999999995
2026-07-23 10:35:00,18849.169999999995,18849.169999999995
2026-07-23 11:35:00,18849.169999999995,18849.169999999995
2026-07-23 12:35:00,18849.169999999995,18849.169999999995
2026-07-23 13:35:00,18849.169999999995,18849.169999999995
2026-07-23 14:35:00,18849.169999999995,18849.169999999995
2026-07-23 15:35:00,18849.169999999995,18849.169999999995
2026-07-23 16:35:00,18849.169999999995,18849.169999999995
2026-07-23 17:35:00,18849.169999999995,18849.169999999995
2026-07-23 18:35:00,18849.169999999995,18849.169999999995
2026-07-23 19:35:00,18849.169999999995,18849.169999999995
2026-07-23 20:35:00,18849.169999999995,18849.169999999995
2026-07-23 21:35:00,18849.169999999995,18849.169999999995
2026-07-23 22:35:00,18849.169999999995,18849.169999999995
2026-07-23 23:35:00,18849.169999999995,18849.169999999995
2026-07-24 01:36:00,18849.169999999995,18849.169999999995
2026-07-24 02:36:00,18849.169999999995,18849.169999999995
2026-07-24 03:36:00,18849.169999999995,18849.169999999995
2026-07-24 04:36:00,18849.169999999995,18849.169999999995
2026-07-24 05:36:00,18849.169999999995,18849.169999999995
2026-07-24 06:36:00,18849.169999999995,18849.169999999995
2026-07-24 07:36:00,18849.169999999995,18849.169999999995
2026-07-24 08:36:00,18849.169999999995,18849.169999999995
2026-07-24 09:36:00,18849.169999999995,18849.169999999995
2026-07-24 10:36:00,18849.169999999995,18849.169999999995
2026-07-24 11:36:00,18849.169999999995,18849.169999999995
2026-07-24 12:36:00,18849.169999999995,18849.169999999995
2026-07-24 13:36:00,18849.169999999995,18849.169999999995
2026-07-24 14:36:00,18849.169999999995,18849.169999999995
2026-07-24 15:36:00,18849.169999999995,18849.169999999995
2026-07-24 16:36:00,18849.169999999995,18849.169999999995
2026-07-24 17:36:00,18849.169999999995,18849.169999999995
2026-07-24 18:36:00,18849.169999999995,18849.169999999995
2026-07-24 19:36:00,18871.679999999997,18871.679999999997
2026-07-24 20:36:00,18871.679999999997,18871.679999999997
2026-07-24 21:36:00,18871.679999999997,18871.679999999997
2026-07-24 22:36:00,18871.679999999997,18871.679999999997
2026-07-24 23:36:00,18871.679999999997,18871.679999999997
2026-07-27 01:37:00,18871.679999999997,18871.679999999997
2026-07-27 02:37:00,18871.679999999997,18871.679999999997
2026-07-27 03:37:00,18871.679999999997,18871.679999999997
2026-07-27 04:37:00,18871.679999999997,18871.679999999997
2026-07-27 05:37:00,18871.679999999997,18871.679999999997
2026-07-27 06:37:00,18871.679999999997,18871.679999999997
2026-07-27 07:37:00,18871.679999999997,18871.679999999997
2026-07-27 08:37:00,18871.679999999997,18871.679999999997
2026-07-27 09:37:00,18871.679999999997,18871.679999999997
2026-07-27 10:37:00,18871.679999999997,18871.679999999997
2026-07-27 11:37:00,18871.679999999997,18871.679999999997
2026-07-27 12:37:00,18871.679999999997,18871.679999999997
2026-07-27 13:37:00,18871.679999999997,18871.679999999997
2026-07-27 14:37:00,18871.679999999997,18871.679999999997
2026-07-27 15:37:00,18871.679999999997,18871.679999999997
2026-07-27 16:37:00,18871.679999999997,18871.679999999997
2026-07-27 17:37:00,18871.679999999997,18871.679999999997
2026-07-27 18:37:00,18871.679999999997,18871.679999999997
2026-07-27 19:37:00,18871.679999999997,18871.679999999997
2026-07-27 20:37:00,18871.679999999997,18871.679999999997
2026-07-27 21:37:00,18871.679999999997,18871.679999999997
2026-07-27 22:37:00,18871.679999999997,18871.679999999997
2026-07-27 23:37:00,18871.679999999997,18871.679999999997
2026-07-28 01:38:00,18871.679999999997,18871.679999999997
2026-07-28 02:38:00,18871.679999999997,18871.679999999997
2026-07-28 03:38:00,18871.679999999997,18871.679999999997
2026-07-28 04:38:00,18871.679999999997,18871.679999999997
2026-07-28 05:38:00,18871.679999999997,18871.679999999997
2026-07-28 06:38:00,18871.679999999997,18871.679999999997
2026-07-28 07:38:00,18871.679999999997,18871.679999999997
2026-07-28 08:38:00,18871.679999999997,18871.679999999997
2026-07-28 09:38:00,18871.679999999997,18871.679999999997
2026-07-28 10:38:00,18871.679999999997,18871.679999999997
2026-07-28 11:38:00,18871.679999999997,18871.679999999997
2026-07-28 12:38:00,18871.679999999997,18871.679999999997
2026-07-28 13:38:00,18871.679999999997,18871.679999999997
2026-07-28 14:38:00,18871.679999999997,18871.679999999997
2026-07-28 15:38:00,18871.679999999997,18871.679999999997
2026-07-28 16:38:00,18871.679999999997,18871.679999999997
2026-07-28 17:38:00,18871.679999999997,18871.679999999997
2026-07-28 18:38:00,18871.679999999997,18871.679999999997
2026-07-28 19:38:00,18871.679999999997,18871.679999999997
2026-07-28 20:38:00,18871.679999999997,18871.679999999997
2026-07-28 21:38:00,18871.679999999997,18871.679999999997
2026-07-28 22:38:00,18871.679999999997,18871.679999999997
2026-07-28 23:38:00,18871.679999999997,18871.679999999997
2026-07-29 01:39:00,18871.679999999997,18871.679999999997
2026-07-29 02:39:00,18871.679999999997,18871.679999999997
2026-07-29 03:39:00,18871.679999999997,18871.679999999997
2026-07-29 04:39:00,18871.679999999997,18871.679999999997
2026-07-29 05:39:00,18871.679999999997,18871.679999999997
2026-07-29 06:39:00,18871.679999999997,18871.679999999997
2026-07-29 07:39:00,18871.679999999997,18871.679999999997
2026-07-29 08:39:00,18871.679999999997,18871.679999999997
2026-07-29 09:39:00,18871.679999999997,18871.679999999997
2026-07-29 10:39:00,18871.679999999997,18871.679999999997
2026-07-29 11:39:00,18871.679999999997,18871.679999999997
2026-07-29 12:39:00,18871.679999999997,18871.679999999997
2026-07-29 13:39:00,18871.679999999997,18871.679999999997
2026-07-29 14:39:00,18871.679999999997,18871.679999999997
2026-07-29 15:39:00,18871.679999999997,18871.679999999997
2026-07-29 16:39:00,18871.679999999997,18871.679999999997
2026-07-29 17:39:00,18871.679999999997,18871.679999999997
2026-07-29 18:39:00,18871.679999999997,18871.679999999997
2026-07-29 19:39:00,18871.679999999997,18871.679999999997
2026-07-29 20:39:00,18871.679999999997,18871.679999999997
2026-07-29 21:39:00,18871.679999999997,18871.679999999997
2026-07-29 22:39:00,18871.679999999997,18871.679999999997
2026-07-29 23:39:00,18871.679999999997,18871.679999999997
2026-07-30 01:40:00,18871.679999999997,18871.679999999997
2026-07-30 02:40:00,18871.679999999997,18871.679999999997
2026-07-30 03:40:00,18871.679999999997,18871.679999999997
2026-07-30 04:40:00,18871.679999999997,18871.679999999997
2026-07-30 05:40:00,18871.679999999997,18871.679999999997
2026-07-30 06:40:00,18871.679999999997,18871.679999999997
2026-07-30 07:40:00,18871.679999999997,18871.679999999997
2026-07-30 08:40:00,18871.679999999997,18871.679999999997
2026-07-30 09:40:00,18871.679999999997,18871.679999999997
2026-07-30 10:40:00,18677.930000000004,18677.930000000004
2026-07-30 11:40:00,18677.930000000004,18677.930000000004
2026-07-30 12:40:00,18677.930000000004,18677.930000000004
2026-07-30 13:40:00,18677.930000000004,18677.930000000004
2026-07-30 14:40:00,18677.930000000004,18677.930000000004
2026-07-30 15:40:00,18677.930000000004,18677.930000000004
2026-07-30 16:40:00,18677.930000000004,18677.930000000004
2026-07-30 17:40:00,18677.930000000004,18677.930000000004
2026-07-30 18:40:00,18677.930000000004,18677.930000000004
2026-07-30 19:40:00,18677.930000000004,18677.930000000004
2026-07-30 20:40:00,18677.930000000004,18677.930000000004
2026-07-30 21:40:00,18677.930000000004,18677.930000000004
2026-07-30 22:40:00,18677.930000000004,18677.930000000004
2026-07-30 23:40:00,18677.930000000004,18677.930000000004
2026-07-31 01:41:00,18677.930000000004,18677.930000000004
2026-07-31 02:41:00,18677.930000000004,18677.930000000004
2026-07-31 03:41:00,18677.930000000004,18677.930000000004
2026-07-31 04:41:00,18677.930000000004,18677.930000000004
2026-07-31 05:41:00,18677.930000000004,18677.930000000004
2026-07-31 06:41:00,18677.930000000004,18677.930000000004
2026-07-31 07:41:00,18677.930000000004,18677.930000000004
2026-07-31 08:41:00,18677.930000000004,18677.930000000004
2026-07-31 09:41:00,18677.930000000004,18677.930000000004
2026-07-31 10:41:00,18677.930000000004,18677.930000000004
2026-07-31 11:41:00,18677.930000000004,18677.930000000004
2026-07-31 12:41:00,18677.930000000004,18677.930000000004
2026-07-31 13:41:00,18677.930000000004,18677.930000000004
2026-07-31 14:41:00,18677.930000000004,18677.930000000004
2026-07-31 15:41:00,18677.930000000004,18677.930000000004
2026-07-31 16:41:00,18677.930000000004,18677.930000000004
2026-07-31 17:41:00,18677.930000000004,18677.930000000004
2026-07-31 18:41:00,18677.930000000004,18677.930000000004
2026-07-31 19:41:00,18677.930000000004,18677.930000000004
2026-07-31 20:41:00,18677.930000000004,18677.930000000004
2026-07-31 21:41:00,18677.930000000004,18677.930000000004
2026-07-31 22:41:00,18677.930000000004,18677.930000000004
2026-07-31 23:41:00,18677.930000000004,18677.930000000004
2026-08-03 01:42:00,18677.930000000004,18677.930000000004
2026-08-03 02:42:00,18677.930000000004,18677.930000000004
2026-08-03 03:42:00,18677.930000000004,18677.930000000004
2026-08-03 04:42:00,18677.930000000004,18677.930000000004
2026-08-03 05:42:00,18677.930000000004,18677.930000000004
2026-08-03 06:42:00,18677.930000000004,18677.930000000004
2026-08-03 07:42:00,18677.930000000004,18677.930000000004
2026-08-03 08:42:00,18677.930000000004,18677.930000000004
2026-08-03 09:42:00,18677.930000000004,18677.930000000004
2026-08-03 10:42:00,18677.930000000004,18677.930000000004
2026-08-03 11:42:00,18677.930000000004,18677.930000000004
2026-08-03 12:42:00,18677.930000000004,18677.930000000004
2026-08-03 13:42:00,18677.930000000004,18677.930000000004
2026-08-03 14:42:00,18677.930000000004,18677.930000000004
2026-08-03 15:42:00,18677.930000000004,18677.930000000004
2026-08-03 16:42:00,18677.930000000004,18677.930000000004
2026-08-03 17:42:00,18677.930000000004,18677.930000000004
2026-08-03 18:42:00,18677.930000000004,18677.930000000004
2026-08-03 19:42:00,18677.930000000004,18677.930000000004
2026-08-03 20:42:00,18677.930000000004,18677.930000000004
2026-08-03 21:42:00,18677.930000000004,18677.930000000004
2026-08-03 22:42:00,18677.930000000004,18677.930000000004
2026-08-03 23:42:00,18677.930000000004,18677.930000000004
2026-08-04 01:43:00,18677.930000000004,18677.930000000004
2026-08-04 02:43:00,18677.930000000004,18677.930000000004
2026-08-04 03:43:00,18677.930000000004,18677.930000000004
2026-08-04 04:43:00,18677.930000000004,18677.930000000004
2026-08-04 05:43:00,18677.930000000004,18677.930000000004
2026-08-04 06:43:00,18677.930000000004,18677.930000000004
2026-08-04 07:43:00,18677.930000000004,18677.930000000004
2026-08-04 08:43:00,18677.930000000004,18677.930000000004
2026-08-04 09:43:00,18677.930000000004,18677.930000000004
2026-08-04 10:43:00,18677.930000000004,18677.930000000004
2026-08-04 11:43:00,18677.930000000004,18677.930000000004
2026-08-04 12:43:00,18677.930000000004,18677.930000000004
2026-08-04 13:43:00,18677.930000000004,18677.930000000004
2026-08-04 14:43:00,18677.930000000004,18677.930000000004
2026-08-04 15:43:00,18677.930000000004,18677.930000000004
2026-08-04 16:43:00,18677.930000000004,18677.930000000004
2026-08-04 17:43:00,18677.930000000004,18677.930000000004
2026-08-04 18:43:00,18677.930000000004,18677.930000000004
2026-08-04 19:43:00,18677.930000000004,18677.930000000004
2026-08-04 20:43:00,18677.930000000004,18677.930000000004
2026-08-04 21:43:00,18677.930000000004,18677.930000000004
2026-08-04 22:43:00,18677.930000000004,18677.930000000004
2026-08-04 23:43:00,18677.930000000004,18677.930000000004
2026-08-05 01:44:00,18677.930000000004,18677.930000000004
2026-08-05 02:44:00,18677.930000000004,18677.930000000004
2026-08-05 03:44:00,18677.930000000004,18677.930000000004
2026-08-05 04:44:00,18677.930000000004,18677.930000000004
2026-08-05 05:44:00,18677.930000000004,18677.930000000004
2026-08-05 06:44:00,18677.930000000004,18677.930000000004
2026-08-05 07:44:00,18677.930000000004,18677.930000000004
2026-08-05 08:44:00,18677.930000000004,18677.930000000004
2026-08-05 09:44:00,18677.930000000004,18677.930000000004
2026-08-05 10:44:00,18677.930000000004,18677.930000000004
2026-08-05 11:44:00,18677.930000000004,18677.930000000004
2026-08-05 12:44:00,18677.300000000003,18685.58
2026-08-05 13:44:00,18677.300000000003,18658.850000000002
2026-08-05 14:44:00,18731.6,18869.949999999997
2026-08-05 15:44:00,18803.979999999996,18916.509999999995
2026-08-05 16:44:00,18803.979999999996,18925.389999999992
2026-08-05 17:44:00,19021.11999999999,19021.11999999999
2026-08-05 18:44:00,19021.11999999999,19021.11999999999
2026-08-05 19:44:00,19112.23999999999,19337.599999999988
2026-08-05 20:44:00,19135.139999999992,19382.199999999993
2026-08-05 21:44:00,19243.139999999992,19511.139999999992
2026-08-05 22:44:00,19243.139999999992,19461.299999999996
2026-08-05 23:44:00,19243.139999999992,19399.539999999994
2026-08-06 01:45:00,19306.519999999982,19570.879999999976
2026-08-06 02:45:00,19712.779999999977,20077.96999999998
2026-08-06 03:45:00,19712.779999999977,20169.87999999998
2026-08-06 04:45:00,19928.779999999977,20175.33999999998
2026-08-06 05:45:00,19928.779999999977,20154.099999999977
2026-08-06 06:45:00,19928.779999999977,20070.01999999998
2026-08-06 07:45:00,19928.779999999977,20061.579999999976
2026-08-06 08:45:00,19928.779999999977,20087.459999999977
2026-08-06 09:45:00,19928.779999999977,20054.059999999976
2026-08-06 10:45:00,19928.779999999977,20039.299999999977
2026-08-06 11:45:00,19928.779999999977,20119.699999999975
2026-08-06 12:45:00,19928.779999999977,20124.739999999976
2026-08-06 13:45:00,19928.779999999977,20086.33999999998
2026-08-06 14:45:00,19928.779999999977,20054.939999999977
2026-08-06 15:45:00,19928.779999999977,20091.33999999998
2026-08-06 16:45:00,19728.15999999998,19899.519999999982
2026-08-06 17:45:00,19728.15999999998,19921.839999999982
2026-08-06 18:45:00,19378.369999999995,19476.289999999994
2026-08-06 19:45:00,19377.969999999994,19377.969999999994
2026-08-06 20:45:00,19377.969999999994,19377.969999999994
2026-08-06 21:45:00,19377.969999999994,19377.969999999994
2026-08-06 22:45:00,19377.969999999994,19377.969999999994
2026-08-06 23:45:00,19377.969999999994,19377.969999999994
2026-08-07 01:46:00,19377.969999999994,19377.969999999994
2026-08-07 02:46:00,19377.969999999994,19377.969999999994
2026-08-07 03:46:00,19377.969999999994,19377.969999999994
2026-08-07 04:46:00,19377.969999999994,19377.969999999994
2026-08-07 05:46:00,19377.969999999994,19377.969999999994
2026-08-07 06:46:00,19377.969999999994,19377.969999999994
2026-08-07 07:46:00,19377.969999999994,19377.969999999994
2026-08-07 08:46:00,19377.969999999994,19377.969999999994
2026-08-07 09:46:00,19377.969999999994,19377.969999999994
2026-08-07 10:46:00,19377.969999999994,19377.969999999994
2026-08-07 11:46:00,19377.969999999994,19377.969999999994
2026-08-07 12:46:00,19377.969999999994,19377.969999999994
2026-08-07 13:46:00,19377.969999999994,19377.969999999994
2026-08-07 14:46:00,19377.969999999994,19377.969999999994
2026-08-07 15:46:00,19377.969999999994,19377.969999999994
2026-08-07 16:46:00,19377.969999999994,19377.969999999994
2026-08-07 17:46:00,19377.969999999994,19377.969999999994
2026-08-07 18:46:00,19377.969999999994,19377.969999999994
2026-08-07 19:46:00,19377.969999999994,19377.969999999994
2026-08-07 20:46:00,19377.969999999994,19377.969999999994
2026-08-07 21:46:00,19377.969999999994,19377.969999999994
2026-08-07 22:46:00,19377.969999999994,19377.969999999994
2026-08-07 23:46:00,19377.969999999994,19377.969999999994
2026-08-10 01:47:00,19377.969999999994,19377.969999999994
2026-08-10 02:47:00,19377.969999999994,19377.969999999994
2026-08-10 03:47:00,19377.969999999994,19377.969999999994
2026-08-10 04:47:00,19376.00999999999,19162.610000000008
2026-08-10 05:47:00,19400.639999999992,19497.07999999999
2026-08-10 06:47:00,19452.839999999997,19561.490000000005
2026-08-10 07:47:00,19507.120000000003,19733.879999999997
2026-08-10 08:47:00,19617.9,19941.940000000002
2026-08-10 09:47:00,19617.9,20129.62000000001
2026-08-10 10:47:00,19687.460000000003,20176.940000000002
2026-08-10 11:47:00,19687.460000000003,20016.080000000005
2026-08-10 12:47:00,19687.460000000003,19958.540000000008
2026-08-10 13:47:00,19687.460000000003,19874.120000000003
2026-08-10 14:47:00,19687.460000000003,19846.68
2026-08-10 15:47:00,19686.460000000003,19717.100000000002
2026-08-10 16:47:00,19686.460000000003,19707.980000000003
2026-08-10 17:47:00,19686.060000000005,19686.060000000005
2026-08-10 18:47:00,19686.060000000005,19686.060000000005
2026-08-10 19:47:00,19686.060000000005,19686.060000000005
2026-08-10 20:47:00,19686.060000000005,19686.060000000005
2026-08-10 21:47:00,19686.060000000005,19686.060000000005
2026-08-10 22:47:00,19686.060000000005,19686.060000000005
2026-08-10 23:47:00,19686.060000000005,19686.060000000005
2026-08-11 01:48:00,19686.060000000005,19686.060000000005
2026-08-11 02:48:00,19686.060000000005,19686.060000000005
2026-08-11 03:48:00,19686.060000000005,19686.060000000005
2026-08-11 04:48:00,19686.060000000005,19686.060000000005
2026-08-11 05:48:00,19686.060000000005,19686.060000000005
2026-08-11 06:48:00,19686.060000000005,19686.060000000005
2026-08-11 07:48:00,19686.060000000005,19686.060000000005
2026-08-11 08:48:00,19686.060000000005,19686.060000000005
2026-08-11 09:48:00,19686.060000000005,19686.060000000005
2026-08-11 10:48:00,19686.060000000005,19686.060000000005
2026-08-11 11:48:00,19686.060000000005,19686.060000000005
2026-08-11 12:48:00,19686.060000000005,19686.060000000005
2026-08-11 13:48:00,19686.060000000005,19686.060000000005
2026-08-11 14:48:00,19686.060000000005,19686.060000000005
2026-08-11 15:48:00,19686.060000000005,19686.060000000005
2026-08-11 16:48:00,19686.060000000005,19686.060000000005
2026-08-11 17:48:00,19686.060000000005,19686.060000000005
2026-08-11 18:48:00,19686.060000000005,19686.060000000005
2026-08-11 19:48:00,19686.060000000005,19686.060000000005
2026-08-11 20:48:00,19686.060000000005,19686.060000000005
2026-08-11 21:48:00,19686.060000000005,19686.060000000005
2026-08-11 22:48:00,19686.060000000005,19686.060000000005
2026-08-11 23:48:00,19686.060000000005,19686.060000000005
2026-08-12 01:49:00,19686.060000000005,19686.060000000005
2026-08-12 02:49:00,19686.060000000005,19686.060000000005
2026-08-12 03:49:00,19686.060000000005,19686.060000000005
2026-08-12 04:49:00,19686.060000000005,19686.060000000005
2026-08-12 05:49:00,19686.060000000005,19686.060000000005
2026-08-12 06:49:00,19686.060000000005,19686.060000000005
2026-08-12 07:49:00,19686.060000000005,19686.060000000005
2026-08-12 08:49:00,19768.119999999988,19768.119999999988
2026-08-12 09:49:00,19768.119999999988,19768.119999999988
2026-08-12 10:49:00,19768.119999999988,19768.119999999988
2026-08-12 11:49:00,19768.119999999988,19768.119999999988
2026-08-12 12:49:00,19768.119999999988,19768.119999999988
2026-08-12 13:49:00,19768.119999999988,19768.119999999988
2026-08-12 14:49:00,19768.119999999988,19768.119999999988
2026-08-12 15:49:00,19789.33999999997,19789.33999999997
2026-08-12 16:49:00,19789.33999999997,19789.33999999997
2026-08-12 17:49:00,19789.33999999997,19789.33999999997
2026-08-12 18:49:00,19789.33999999997,19789.33999999997
2026-08-12 19:49:00,19789.33999999997,19789.33999999997
2026-08-12 20:49:00,19789.33999999997,19789.33999999997
2026-08-12 21:49:00,19789.33999999997,19789.33999999997
2026-08-12 22:49:00,19789.33999999997,19789.33999999997
2026-08-12 23:49:00,19789.33999999997,19789.33999999997
2026-08-13 01:50:00,19789.33999999997,19789.33999999997
2026-08-13 02:50:00,19789.33999999997,19789.33999999997
2026-08-13 03:50:00,19789.33999999997,19789.33999999997
2026-08-13 04:50:00,19789.33999999997,19789.33999999997
2026-08-13 05:50:00,19789.33999999997,19789.33999999997
2026-08-13 06:50:00,19789.33999999997,19789.33999999997
2026-08-13 07:50:00,19789.33999999997,19789.33999999997
2026-08-13 08:50:00,19789.33999999997,19789.33999999997
2026-08-13 09:50:00,19789.33999999997,19789.33999999997
2026-08-13 10:50:00,19789.33999999997,19789.33999999997
2026-08-13 11:50:00,19789.33999999997,19789.33999999997
2026-08-13 12:50:00,19789.33999999997,19789.33999999997
2026-08-13 13:50:00,19789.33999999997,19789.33999999997
2026-08-13 14:50:00,19789.33999999997,19789.33999999997
2026-08-13 15:50:00,19873.48999999998,19873.48999999998
2026-08-13 16:50:00,19873.48999999998,19873.48999999998
2026-08-13 17:50:00,19873.48999999998,19873.48999999998
2026-08-13 18:50:00,19873.48999999998,19873.48999999998
2026-08-13 19:50:00,19873.48999999998,19873.48999999998
2026-08-13 20:50:00,19873.48999999998,19873.48999999998
2026-08-13 21:50:00,19873.48999999998,19873.48999999998
2026-08-13 22:50:00,19873.48999999998,19873.48999999998
2026-08-13 23:50:00,19873.48999999998,19873.48999999998
2026-08-14 01:51:00,19873.48999999998,19873.48999999998
2026-08-14 02:51:00,19873.48999999998,19873.48999999998
2026-08-14 03:51:00,19873.48999999998,19873.48999999998
2026-08-14 04:51:00,19873.48999999998,19873.48999999998
2026-08-14 05:51:00,19873.48999999998,19873.48999999998
2026-08-14 06:51:00,19873.48999999998,19873.48999999998
2026-08-14 07:51:00,19873.48999999998,19873.48999999998
2026-08-14 08:51:00,19873.48999999998,19873.48999999998
2026-08-14 09:51:00,19873.48999999998,19873.48999999998
2026-08-14 10:51:00,19873.48999999998,19873.48999999998
2026-08-14 11:51:00,19873.48999999998,19873.48999999998
2026-08-14 12:51:00,19873.48999999998,19873.48999999998
2026-08-14 13:51:00,19873.48999999998,19873.48999999998
2026-08-14 14:51:00,19873.48999999998,19873.48999999998
2026-08-14 15:51:00,19873.48999999998,19873.48999999998
2026-08-14 16:51:00,19872.29999999998,19910.03999999997
2026-08-14 17:51:00,19898.95999999999,19898.95999999999
2026-08-14 18:51:00,19898.95999999999,19898.95999999999
2026-08-14 19:51:00,19984.15999999999,20063.839999999982
2026-08-14 20:51:00,19981.75999999998,19981.75999999998
2026-08-14 21:51:00,19981.75999999998,19981.75999999998
2026-08-14 22:51:00,19981.75999999998,19981.75999999998
2026-08-14 23:51:00,19981.75999999998,19981.75999999998
2026-08-17 01:52:00,19981.75999999998,19981.75999999998
2026-08-17 02:52:00,19981.75999999998,19981.75999999998
2026-08-17 03:52:00,19981.75999999998,19981.75999999998
2026-08-17 04:52:00,19981.75999999998,19981.75999999998
2026-08-17 05:52:00,19981.75999999998,19981.75999999998
2026-08-17 06:52:00,19981.75999999998,19981.75999999998
2026-08-17 07:52:00,19981.75999999998,19981.75999999998
2026-08-17 08:52:00,19981.75999999998,19981.75999999998
2026-08-17 09:52:00,19981.75999999998,19981.75999999998
2026-08-17 10:52:00,19981.75999999998,19981.75999999998
2026-08-17 11:52:00,19981.75999999998,19981.75999999998
2026-08-17 12:52:00,19981.75999999998,19981.75999999998
2026-08-17 13:52:00,19981.75999999998,19981.75999999998
2026-08-17 14:52:00,19981.75999999998,19981.75999999998
2026-08-17 15:52:00,20058.549999999963,20058.549999999963
2026-08-17 16:52:00,20058.549999999963,20058.549999999963
2026-08-17 17:52:00,20058.549999999963,20058.549999999963
2026-08-17 18:52:00,20058.549999999963,20058.549999999963
2026-08-17 19:52:00,20058.549999999963,20058.549999999963
2026-08-17 20:52:00,20058.549999999963,20058.549999999963
2026-08-17 21:52:00,20058.549999999963,20058.549999999963
2026-08-17 22:52:00,20058.549999999963,20058.549999999963
2026-08-17 23:52:00,20058.549999999963,20058.549999999963
2026-08-18 01:53:00,20058.549999999963,20058.549999999963
2026-08-18 02:53:00,20058.549999999963,20058.549999999963
2026-08-18 03:53:00,20058.549999999963,20058.549999999963
2026-08-18 04:53:00,20058.549999999963,20058.549999999963
2026-08-18 05:53:00,20058.549999999963,20058.549999999963
2026-08-18 06:53:00,20058.549999999963,20058.549999999963
2026-08-18 07:53:00,20058.549999999963,20058.549999999963
2026-08-18 08:53:00,20058.549999999963,20058.549999999963
2026-08-18 09:53:00,20058.549999999963,20058.549999999963
2026-08-18 10:53:00,20058.549999999963,20058.549999999963
2026-08-18 11:53:00,20058.549999999963,20058.549999999963
2026-08-18 12:53:00,20058.549999999963,20058.549999999963
2026-08-18 13:53:00,20058.549999999963,20058.549999999963
2026-08-18 14:53:00,19850.02999999993,19850.02999999993
2026-08-18 15:53:00,19850.02999999993,19850.02999999993
2026-08-18 16:53:00,19850.02999999993,19850.02999999993
2026-08-18 17:53:00,19518.529999999944,19518.529999999944
2026-08-18 18:53:00,19518.529999999944,19518.529999999944
2026-08-18 19:53:00,19518.529999999944,19518.529999999944
2026-08-18 20:53:00,19518.529999999944,19518.529999999944
2026-08-18 21:53:00,19518.529999999944,19518.529999999944
2026-08-18 22:53:00,19518.529999999944,19518.529999999944
2026-08-18 23:53:00,19518.529999999944,19518.529999999944
2026-08-19 01:54:00,19518.529999999944,19518.529999999944
2026-08-19 02:54:00,19518.529999999944,19518.529999999944
2026-08-19 03:54:00,19518.529999999944,19518.529999999944
2026-08-19 04:54:00,19696.53999999994,19881.059999999936
2026-08-19 05:54:00,19696.53999999994,19885.889999999934
2026-08-19 06:54:00,19696.53999999994,19897.929999999935
2026-08-19 07:54:00,19696.53999999994,19822.049999999934
2026-08-19 08:54:00,19696.53999999994,19756.03999999994
2026-08-19 09:54:00,19696.53999999994,19841.439999999937
2026-08-19 10:54:00,19696.53999999994,19895.829999999936
2026-08-19 11:54:00,19696.53999999994,19915.779999999937
2026-08-19 12:54:00,19696.53999999994,19925.579999999936
2026-08-19 13:54:00,19983.819999999938,19983.819999999938
2026-08-19 14:54:00,19983.819999999938,19983.819999999938
2026-08-19 15:54:00,19593.95999999994,19593.95999999994
2026-08-19 16:54:00,19593.95999999994,19593.95999999994
2026-08-19 17:54:00,19593.95999999994,19593.95999999994
2026-08-19 18:54:00,19593.95999999994,19593.95999999994
2026-08-19 19:54:00,19593.95999999994,19593.95999999994
2026-08-19 20:54:00,19593.95999999994,19593.95999999994
2026-08-19 21:54:00,19593.95999999994,19593.95999999994
2026-08-19 22:54:00,19593.95999999994,19593.95999999994
2026-08-19 23:54:00,19593.95999999994,19593.95999999994
2026-08-20 01:55:00,19593.95999999994,19593.95999999994
2026-08-20 02:55:00,19615.289999999957,19615.289999999957
2026-08-20 03:55:00,19615.289999999957,19615.289999999957
2026-08-20 04:55:00,19614.519999999957,19601.209999999955
2026-08-20 05:55:00,19629.559999999954,19669.51999999995
2026-08-20 06:55:00,19629.559999999954,19742.059999999954
2026-08-20 07:55:00,19628.659999999953,19628.659999999953
2026-08-20 08:55:00,19628.659999999953,19628.659999999953
2026-08-20 09:55:00,19628.659999999953,19628.659999999953
2026-08-20 10:55:00,19628.659999999953,19628.659999999953
2026-08-20 11:55:00,19628.659999999953,19628.659999999953
2026-08-20 12:55:00,19628.659999999953,19628.659999999953
2026-08-20 13:55:00,19628.659999999953,19628.659999999953
2026-08-20 14:55:00,19628.659999999953,19628.659999999953
2026-08-20 15:55:00,19628.659999999953,19628.659999999953
2026-08-20 16:55:00,19628.659999999953,19628.659999999953
2026-08-20 17:55:00,19628.659999999953,19628.659999999953
2026-08-20 18:55:00,19628.659999999953,19628.659999999953
2026-08-20 19:55:00,19628.659999999953,19628.659999999953
2026-08-20 20:55:00,19628.659999999953,19628.659999999953
2026-08-20 21:55:00,19628.659999999953,19628.659999999953
2026-08-20 22:55:00,19628.659999999953,19628.659999999953
2026-08-20 23:55:00,19628.659999999953,19628.659999999953
2026-08-21 01:56:00,19628.659999999953,19628.659999999953
2026-08-21 02:56:00,19628.659999999953,19628.659999999953
2026-08-21 03:56:00,19628.659999999953,19628.659999999953
2026-08-21 04:56:00,19628.659999999953,19628.659999999953
2026-08-21 05:56:00,19628.659999999953,19628.659999999953
2026-08-21 06:56:00,19627.18999999995,19661.419999999936
2026-08-21 07:56:00,19708.789999999943,19819.339999999935
2026-08-21 08:56:00,19707.68999999994,19707.68999999994
2026-08-21 09:56:00,19707.68999999994,19707.68999999994
2026-08-21 10:56:00,19707.68999999994,19707.68999999994
2026-08-21 11:56:00,19707.68999999994,19707.68999999994
2026-08-21 12:56:00,19707.68999999994,19707.68999999994
2026-08-21 13:56:00,19707.68999999994,19707.68999999994
2026-08-21 14:56:00,19707.68999999994,19707.68999999994
2026-08-21 15:56:00,19707.68999999994,19707.68999999994
2026-08-21 16:56:00,19707.68999999994,19707.68999999994
2026-08-21 17:56:00,19707.68999999994,19707.68999999994
2026-08-21 18:56:00,19707.68999999994,19707.68999999994
2026-08-21 19:56:00,19707.68999999994,19707.68999999994
2026-08-21 20:56:00,19707.68999999994,19707.68999999994
2026-08-21 21:56:00,19707.68999999994,19707.68999999994
2026-08-21 22:56:00,19707.68999999994,19707.68999999994
2026-08-21 23:56:00,19707.68999999994,19707.68999999994
2026-08-24 01:57:00,19707.68999999994,19707.68999999994
2026-08-24 02:57:00,19707.68999999994,19707.68999999994
2026-08-24 03:57:00,19706.84999999994,19652.009999999944
2026-08-24 04:57:00,19516.529999999948,19516.529999999948
2026-08-24 05:57:00,19516.529999999948,19516.529999999948
2026-08-24 06:57:00,19516.529999999948,19516.529999999948
2026-08-24 07:57:00,19516.529999999948,19516.529999999948
2026-08-24 08:57:00,19516.529999999948,19516.529999999948
2026-08-24 09:57:00,19516.529999999948,19516.529999999948
2026-08-24 10:57:00,19516.529999999948,19516.529999999948
2026-08-24 11:57:00,19516.529999999948,19516.529999999948
2026-08-24 12:57:00,19516.529999999948,19516.529999999948
2026-08-24 13:57:00,19516.529999999948,19516.529999999948
2026-08-24 14:57:00,19516.529999999948,19516.529999999948
2026-08-24 15:57:00,19516.529999999948,19516.529999999948
2026-08-24 16:57:00,19516.529999999948,19516.529999999948
2026-08-24 17:57:00,19516.529999999948,19516.529999999948
2026-08-24 18:57:00,19516.529999999948,19516.529999999948
2026-08-24 19:57:00,19516.529999999948,19516.529999999948
2026-08-24 20:57:00,19516.529999999948,19516.529999999948
2026-08-24 21:57:00,19595.919999999955,19595.919999999955
2026-08-24 22:57:00,19595.919999999955,19595.919999999955
2026-08-24 23:57:00,19595.919999999955,19595.919999999955
2026-08-25 01:58:00,19595.919999999955,19595.919999999955
2026-08-25 02:58:00,19595.919999999955,19595.919999999955
2026-08-25 03:58:00,19595.919999999955,19595.919999999955
2026-08-25 04:58:00,19595.919999999955,19595.919999999955
2026-08-25 05:58:00,19595.919999999955,19595.919999999955
2026-08-25 06:58:00,19595.919999999955,19595.919999999955
2026-08-25 07:58:00,19595.919999999955,19595.919999999955
2026-08-25 08:58:00,19595.919999999955,19595.919999999955
2026-08-25 09:58:00,19595.919999999955,19595.919999999955
2026-08-25 10:58:00,19595.919999999955,19595.919999999955
2026-08-25 11:58:00,19595.919999999955,19595.919999999955
2026-08-25 12:58:00,19595.919999999955,19595.919999999955
2026-08-25 13:58:00,19595.919999999955,19595.919999999955
2026-08-25 14:58:00,19595.919999999955,19595.919999999955
2026-08-25 15:58:00,19595.919999999955,19595.919999999955
2026-08-25 16:58:00,19595.919999999955,19595.919999999955
2026-08-25 17:58:00,19595.919999999955,19595.919999999955
2026-08-25 18:58:00,19595.919999999955,19595.919999999955
2026-08-25 19:58:00,19595.919999999955,19595.919999999955
2026-08-25 20:58:00,19595.919999999955,19595.919999999955
2026-08-25 21:58:00,19595.919999999955,19595.919999999955
2026-08-25 22:58:00,19595.919999999955,19595.919999999955
2026-08-25 23:58:00,19595.919999999955,19595.919999999955
2026-08-26 01:59:00,19595.919999999955,19595.919999999955
2026-08-26 02:59:00,19595.919999999955,19595.919999999955
2026-08-26 03:59:00,19595.919999999955,19595.919999999955
2026-08-26 04:59:00,19595.919999999955,19595.919999999955
2026-08-26 05:59:00,19595.919999999955,19595.919999999955
2026-08-26 06:59:00,19595.919999999955,19595.919999999955
2026-08-26 07:59:00,19595.919999999955,19595.919999999955
2026-08-26 08:59:00,19595.919999999955,19595.919999999955
2026-08-26 09:59:00,19595.919999999955,19595.919999999955
2026-08-26 10:59:00,19595.919999999955,19595.919999999955
2026-08-26 11:59:00,19620.099999999955,19686.179999999946
2026-08-26 12:59:00,19618.69999999995,19618.69999999995
2026-08-26 13:59:00,19618.69999999995,19618.69999999995
2026-08-26 14:59:00,19618.69999999995,19618.69999999995
2026-08-26 15:59:00,19618.69999999995,19618.69999999995
2026-08-26 16:59:00,19618.69999999995,19618.69999999995
2026-08-26 17:59:00,19618.69999999995,19618.69999999995
2026-08-26 18:59:00,19618.69999999995,19618.69999999995
2026-08-26 19:59:00,19618.69999999995,19618.69999999995
2026-08-26 20:59:00,19618.69999999995,19618.69999999995
2026-08-26 21:59:00,19618.69999999995,19618.69999999995
2026-08-26 22:59:00,19618.69999999995,19618.69999999995
2026-08-27 01:00:00,19618.69999999995,19618.69999999995
2026-08-27 02:00:00,19618.06999999995,19625.53999999995
2026-08-27 03:00:00,19618.06999999995,19495.039999999946
2026-08-27 04:00:00,19618.06999999995,19666.849999999948
2026-08-27 05:00:00,19434.55999999995,19434.55999999995
2026-08-27 06:00:00,19434.55999999995,19434.55999999995
2026-08-27 07:00:00,19434.55999999995,19434.55999999995
2026-08-27 08:00:00,19434.55999999995,19434.55999999995
2026-08-27 09:00:00,19238.839999999942,19238.839999999942
2026-08-27 10:00:00,19238.839999999942,19238.839999999942
2026-08-27 11:00:00,19238.839999999942,19238.839999999942
2026-08-27 12:00:00,19238.839999999942,19238.839999999942
2026-08-27 13:00:00,19238.839999999942,19238.839999999942
2026-08-27 14:00:00,19238.839999999942,19238.839999999942
2026-08-27 15:00:00,19238.839999999942,19238.839999999942
2026-08-27 16:00:00,19238.839999999942,19238.839999999942
2026-08-27 17:00:00,19238.839999999942,19238.839999999942
2026-08-27 18:00:00,19238.839999999942,19238.839999999942
2026-08-27 19:00:00,19238.839999999942,19238.839999999942
2026-08-27 20:00:00,19238.839999999942,19238.839999999942
2026-08-27 21:00:00,19238.839999999942,19238.839999999942
2026-08-27 22:00:00,19238.839999999942,19238.839999999942
2026-08-27 23:00:00,19238.839999999942,19238.839999999942
2026-08-28 01:01:00,19238.839999999942,19238.839999999942
2026-08-28 02:01:00,19238.839999999942,19238.839999999942
2026-08-28 03:01:00,19236.879999999943,19238.559999999954
2026-08-28 04:01:00,19263.129999999954,19263.129999999954
2026-08-28 05:01:00,19284.72999999993,19284.72999999993
2026-08-28 06:01:00,19284.72999999993,19284.72999999993
2026-08-28 07:01:00,19284.72999999993,19284.72999999993
2026-08-28 08:01:00,19284.72999999993,19284.72999999993
2026-08-28 09:01:00,19284.72999999993,19284.72999999993
2026-08-28 10:01:00,19284.72999999993,19284.72999999993
2026-08-28 11:01:00,19284.72999999993,19284.72999999993
2026-08-28 12:01:00,19284.72999999993,19284.72999999993
2026-08-28 13:01:00,19284.72999999993,19284.72999999993
2026-08-28 14:01:00,19284.72999999993,19284.72999999993
2026-08-28 15:01:00,19283.11999999993,19181.689999999933
2026-08-28 16:01:00,19305.56999999992,19305.56999999992
2026-08-28 17:01:00,19305.56999999992,19305.56999999992
2026-08-28 18:01:00,19305.56999999992,19305.56999999992
2026-08-28 19:01:00,19305.56999999992,19305.56999999992
2026-08-28 20:01:00,19305.56999999992,19305.56999999992
2026-08-28 21:01:00,19305.56999999992,19305.56999999992
2026-08-28 22:01:00,19305.56999999992,19305.56999999992
2026-08-28 23:01:00,19305.56999999992,19305.56999999992
2026-08-31 01:02:00,19305.56999999992,19305.56999999992
2026-08-31 02:02:00,19305.56999999992,19305.56999999992
2026-08-31 03:02:00,19305.56999999992,19305.56999999992
2026-08-31 04:02:00,19305.56999999992,19305.56999999992
2026-08-31 05:02:00,19305.56999999992,19305.56999999992
2026-08-31 06:02:00,19305.07999999992,19355.57999999992
2026-08-31 07:02:00,19305.07999999992,19316.169999999922
2026-08-31 08:02:00,19320.82999999992,19479.749999999913
2026-08-31 09:02:00,19421.59999999992,19654.119999999915
2026-08-31 10:02:00,19421.59999999992,19695.06999999991
2026-08-31 11:02:00,19421.59999999992,19829.87999999992
2026-08-31 12:02:00,19421.59999999992,19689.869999999915
2026-08-31 13:02:00,19421.59999999992,19790.48999999991
2026-08-31 14:02:00,19421.59999999992,19916.719999999914
2026-08-31 15:02:00,19735.719999999914,19959.159999999913
2026-08-31 16:02:00,19735.719999999914,19842.639999999912
2026-08-31 17:02:00,19735.719999999914,19741.779999999915
2026-08-31 18:02:00,19735.719999999914,19792.95999999991
2026-08-31 19:02:00,19735.719999999914,19807.659999999913
2026-08-31 20:02:00,19735.719999999914,19817.07999999991
2026-08-31 21:02:00,19735.719999999914,19811.91999999991
2026-08-31 22:02:00,19735.719999999914,19805.559999999918
2026-08-31 23:02:00,19735.719999999914,19942.83999999991
2026-09-01 01:03:00,19732.719999999914,19925.859999999913
2026-09-01 02:03:00,19732.719999999914,19894.59999999991
2026-09-01 03:03:00,19732.719999999914,19924.059999999918
2026-09-01 04:03:00,19732.719999999914,19908.219999999914
2026-09-01 05:03:00,19732.719999999914,19883.679999999913
2026-09-01 06:03:00,19732.719999999914,19851.999999999913
2026-09-01 07:03:00,19732.719999999914,19833.039999999914
2026-09-01 08:03:00,19732.719999999914,19789.11999999991
2026-09-01 09:03:00,19732.719999999914,19832.499999999913
2026-09-01 10:03:00,19732.719999999914,19805.979999999916
2026-09-01 11:03:00,19732.719999999914,19691.439999999915
2026-09-01 12:03:00,19530.71999999991,19530.71999999991
2026-09-01 13:03:00,19530.71999999991,19530.71999999991
2026-09-01 14:03:00,19530.71999999991,19530.71999999991
2026-09-01 15:03:00,19530.71999999991,19530.71999999991
2026-09-01 16:03:00,19530.71999999991,19530.71999999991
2026-09-01 17:03:00,19530.71999999991,19530.71999999991
2026-09-01 18:03:00,19530.71999999991,19530.71999999991
2026-09-01 19:03:00,19530.71999999991,19530.71999999991
2026-09-01 20:03:00,19530.71999999991,19530.71999999991
2026-09-01 21:03:00,19530.71999999991,19530.71999999991
2026-09-01 22:03:00,19530.71999999991,19530.71999999991
2026-09-01 23:03:00,19530.71999999991,19530.71999999991
2026-09-02 01:04:00,19530.71999999991,19530.71999999991
2026-09-02 02:04:00,19530.71999999991,19530.71999999991
2026-09-02 03:04:00,19530.71999999991,19530.71999999991
2026-09-02 04:04:00,19530.71999999991,19530.71999999991
2026-09-02 05:04:00,19530.71999999991,19530.71999999991
2026-09-02 06:04:00,19530.71999999991,19530.71999999991
2026-09-02 07:04:00,19530.71999999991,19530.71999999991
2026-09-02 08:04:00,19530.71999999991,19530.71999999991
2026-09-02 09:04:00,19530.71999999991,19530.71999999991
2026-09-02 10:04:00,19530.71999999991,19530.71999999991
2026-09-02 11:04:00,19530.71999999991,19530.71999999991
2026-09-02 12:04:00,19530.71999999991,19530.71999999991
2026-09-02 13:04:00,19530.71999999991,19530.71999999991
2026-09-02 14:04:00,19530.71999999991,19530.71999999991
2026-09-02 15:04:00,19530.71999999991,19530.71999999991
2026-09-02 16:04:00,19530.71999999991,19530.71999999991
2026-09-02 17:04:00,19530.71999999991,19530.71999999991
2026-09-02 18:04:00,19332.269999999917,19332.269999999917
2026-09-02 19:04:00,19332.269999999917,19332.269999999917
2026-09-02 20:04:00,19332.269999999917,19332.269999999917
2026-09-02 21:04:00,19332.269999999917,19332.269999999917
2026-09-02 22:04:00,19332.269999999917,19332.269999999917
2026-09-02 23:04:00,19332.269999999917,19332.269999999917
2026-09-03 01:05:00,19332.269999999917,19332.269999999917
2026-09-03 02:05:00,19332.269999999917,19332.269999999917
2026-09-03 03:05:00,19332.269999999917,19332.269999999917
2026-09-03 04:05:00,19332.269999999917,19332.269999999917
2026-09-03 05:05:00,19332.269999999917,19332.269999999917
2026-09-03 06:05:00,19332.269999999917,19332.269999999917
2026-09-03 07:05:00,19332.269999999917,19332.269999999917
2026-09-03 08:05:00,19332.269999999917,19332.269999999917
2026-09-03 09:05:00,19332.269999999917,19332.269999999917
2026-09-03 10:05:00,19332.269999999917,19332.269999999917
2026-09-03 11:05:00,19332.269999999917,19332.269999999917
2026-09-03 12:05:00,19332.269999999917,19332.269999999917
2026-09-03 13:05:00,19332.269999999917,19332.269999999917
2026-09-03 14:05:00,19332.269999999917,19332.269999999917
2026-09-03 15:05:00,19332.269999999917,19332.269999999917
2026-09-03 16:05:00,19331.91999999992,19310.96999999992
2026-09-03 17:05:00,19353.95999999992,19435.239999999918
2026-09-03 18:05:00,19353.559999999925,19353.559999999925
2026-09-03 19:05:00,19365.359999999924,19449.119999999923
2026-09-03 20:05:00,19365.359999999924,19457.699999999928
2026-09-03 21:05:00,19365.359999999924,19476.899999999925
2026-09-03 22:05:00,19389.939999999922,19530.389999999923
2026-09-03 23:05:00,19389.939999999922,19544.989999999925
2026-09-04 01:06:00,19390.689999999922,19525.989999999925
2026-09-04 02:06:00,19390.689999999922,19545.589999999924
2026-09-04 03:06:00,19390.689999999922,19498.439999999922
2026-09-04 04:06:00,19390.689999999922,19523.039999999924
2026-09-04 05:06:00,19390.689999999922,19511.689999999922
2026-09-04 06:06:00,19390.689999999922,19541.339999999924
2026-09-04 07:06:00,19390.689999999922,19569.289999999924
2026-09-04 08:06:00,19390.689999999922,19564.539999999924
2026-09-04 09:06:00,19390.689999999922,19554.23999999992
2026-09-04 10:06:00,19390.689999999922,19580.389999999927
2026-09-04 11:06:00,19390.689999999922,19491.639999999927
2026-09-04 12:06:00,19390.689999999922,19537.78999999992
2026-09-04 13:06:00,19390.689999999922,19562.73999999992
2026-09-04 14:06:00,19390.689999999922,19556.589999999924
2026-09-04 15:06:00,19390.689999999922,19562.139999999923
2026-09-04 16:06:00,19833.039999999924,19833.039999999924
2026-09-04 17:06:00,19833.039999999924,19833.039999999924
2026-09-04 18:06:00,19833.039999999924,19833.039999999924
2026-09-04 19:06:00,19833.039999999924,19833.039999999924
2026-09-04 20:06:00,19833.039999999924,19833.039999999924
2026-09-04 21:06:00,19833.039999999924,19833.039999999924
2026-09-04 22:06:00,19833.039999999924,19833.039999999924
2026-09-04 23:06:00,19833.039999999924,19833.039999999924
2026-09-04 23:58:00,19833.039999999924,19833.039999999924
