key,tf,poi_id,kind,side,quality,grade,selected_time,entry_time,close_time,hold_min,entry,limit,sl,tp1,tp2,zone_top,zone_bottom,risk_usd_per_unit,atr,lots,risk_money,gross,commission,swap,net,r_gross,r_net,outcome,partial,mfe_r,mae_r,legs,cum_net,cum_r,month
M5#2749,M5,2749,OB,buy,0.579,B,2025-09-03 01:10:00,2025-09-03 01:36:00,2025-09-03 06:04:00,268.0,3531.26,3531.26,3525.95,3534.45,3556.75,3531.26,3525.95,5.3100000000004,1.9721428571428337,0.18,95.58000000000722,88.5999999999949,1.2600000000000002,0.0,87.3399999999949,0.9269721699098997,0.9137894957102773,partial_be,True,2.883239171374537,0.9548022598869645,0.04@3534.45:tp1;0.04@3537.63:tp1;0.04@3544.00:tp1;0.06@3531.16:be,87.3399999999949,0.9137894957102773,2025-09
M5#2900,M5,2900,OB,buy,0.564,B,2025-09-04 16:40:00,2025-09-04 16:45:00,2025-09-04 16:53:00,8.0,3548.29,3548.29,3543.11,3551.4,3573.15,3548.29,3543.11,5.179999999999836,4.443571428571431,0.19,98.41999999999689,-100.31999999999516,1.33,0.0,-101.64999999999516,-1.0193050193050024,-1.0328185328185162,sl,False,0.0,1.032818532818548,0.04@3543.01:sl;0.04@3543.01:sl;0.04@3543.01:sl;0.07@3543.01:sl,-14.310000000000258,-0.11902903710823887,2025-09
M5#3147,M5,3147,OB,buy,0.593,B,2025-09-09 09:55:00,2025-09-09 10:53:00,2025-09-09 11:30:00,37.0,3643.45,3643.45,3638.65,3646.33,3666.49,3643.45,3638.65,4.799999999999727,4.993571428571419,0.2,95.99999999999454,12.90000000000191,1.4000000000000001,0.0,11.50000000000191,0.13437500000002753,0.11979166666669337,partial_be,True,0.6625000000000983,0.3854166666666696,0.05@3646.33:tp1;0.05@3643.35:be;0.05@3643.35:be;0.05@3643.35:be,-2.8099999999983485,0.0007626295584545056,2025-09
M10#1630,M10,1630,IMB,sell,0.656,A,2025-09-10 13:10:00,2025-09-10 13:53:00,2025-09-11 08:55:00,1142.0,3657.46,3657.46,3664.18,3653.43,3625.2,3664.18,3657.46,6.7199999999998,2.7471428571428596,0.14,94.07999999999721,245.96000000000188,0.9800000000000001,0.75,245.7300000000019,2.614370748299417,2.611926020408261,tp2,True,4.930059523809687,0.05208333333338902,0.03@3653.43:tp1;0.03@3649.40:tp1;0.03@3641.33:tp1;0.05@3625.20:tp2,242.92000000000354,2.6126886499667155,2025-09
M10#1747,M10,1747,OB,buy,0.613,B,2025-09-12 18:00:00,2025-09-12 18:05:00,2025-09-15 02:22:00,3377.0,3646.16,3646.16,3638.49,3650.76,3682.98,3646.16,3638.49,7.670000000000073,3.9214285714285455,0.13,99.71000000000095,-101.00999999999976,0.91,-6.5,-108.41999999999976,-1.013037809647967,-1.0873533246414475,sl,False,0.5971316818774295,1.0847457627118162,0.03@3638.39:sl;0.03@3638.39:sl;0.03@3638.39:sl;0.04@3638.39:sl,134.50000000000378,1.525335325325268,2025-09
H1#312,H1,312,IMB,buy,0.669,A,2025-09-15 23:00:00,2025-09-16 01:00:00,2025-09-16 05:46:00,286.0,3674.67,3674.67,3663.78,3681.2,3726.94,3674.67,3663.78,10.889999999999873,9.837857142857144,0.09,98.00999999999887,38.69999999999936,0.6300000000000001,-4.5,33.56999999999936,0.3948576675849384,0.3425160697887945,partial_be,True,1.3535353535353494,0.3544536271809157,0.02@3681.20:tp1;0.02@3687.74:tp1;0.02@3674.57:be;0.03@3674.57:be,168.07000000000315,1.8678513951140625,2025-09
M10#1821,M10,1821,IMB,buy,0.711,A,2025-09-15 20:00:00,2025-09-16 01:00:00,2025-09-16 12:23:00,683.0,3672.88,3672.88,3667.8,3675.93,3697.26,3672.88,3667.8,5.079999999999927,4.3828571428571195,0.19,96.51999999999862,256.0199999999995,1.33,-5.500000000000001,249.18999999999951,2.652507252382959,2.581744716121043,tp2,True,4.903543307086656,0.407480314960668,0.04@3675.93:tp1;0.04@3678.98:tp1;0.04@3685.07:tp1;0.07@3697.26:tp2,417.26000000000266,4.449596111235105,2025-09
M10#1885,M10,1885,IMB,sell,0.643,B,2025-09-17 05:30:00,2025-09-17 05:49:00,2025-09-17 06:15:00,26.0,3682.41,3682.41,3685.9,3680.32,3665.66,3685.9,3682.41,3.4900000000002365,3.5914285714285534,0.29,101.21000000000687,12.429999999989834,2.0300000000000002,0.0,10.399999999989834,0.12281395119048502,0.10275664460022851,partial_be,True,0.6647564469912756,0.4842406876791962,0.07@3680.32:tp1;0.07@3682.51:be;0.07@3682.51:be;0.08@3682.51:be,427.6599999999925,4.552352755835334,2025-09
M5#3808,M5,3808,IMB,sell,0.645,B,2025-09-18 09:45:00,2025-09-18 10:14:00,2025-09-18 10:20:00,6.0,3644.37,3644.37,3649.89,3641.06,3617.87,3649.89,3644.37,5.519999999999982,4.408571428571382,0.18,99.35999999999969,-101.15999999999804,1.2600000000000002,0.0,-102.41999999999804,-1.018115942028969,-1.030797101449259,sl,False,0.09601449275357737,1.0199275362319071,0.04@3649.99:sl;0.04@3649.99:sl;0.04@3649.99:sl;0.06@3649.99:sl,325.2399999999945,3.521555654386075,2025-09
M10#1936,M10,1936,IMB,sell,0.607,B,2025-09-18 09:50:00,2025-09-18 10:06:00,2025-09-18 10:20:00,14.0,3642.02,3642.02,3649.51,3637.53,3606.07,3649.51,3642.02,7.4900000000002365,4.713571428571446,0.13,97.37000000000307,-98.67000000000188,0.91,0.0,-99.58000000000187,-1.0133511348464492,-1.0226969292389723,sl,False,0.2510013351134913,1.0654205607476324,0.03@3649.61:sl;0.03@3649.61:sl;0.03@3649.61:sl;0.04@3649.61:sl,225.65999999999264,2.4988587251471026,2025-09
M10#2052,M10,2052,IMB,buy,0.627,B,2025-09-22 21:50:00,2025-09-22 22:28:00,2025-09-23 01:00:00,152.0,3744.65,3744.65,3741.76,3746.38,3758.52,3744.65,3741.76,2.8899999999998727,2.396428571428617,0.35,101.14999999999554,-14.830000000006287,2.45,0.0,-17.280000000006286,-0.14661393969359307,-0.17083539298079137,partial_be,True,1.3633217993080373,1.70242214532882,0.08@3746.38:tp1;0.08@3748.12:tp1;0.08@3741.68:be;0.11@3741.68:be,208.37999999998635,2.3280233321663113,2025-09
M15#1430,M15,1430,IMB,buy,0.6,B,2025-09-22 22:00:00,2025-09-22 22:28:00,2025-09-23 01:00:00,152.0,3744.65,3744.65,3741.76,3746.38,3758.52,3744.65,3741.76,2.8899999999998727,3.1850000000000103,0.35,101.14999999999554,-14.830000000006287,2.45,0.0,-17.280000000006286,-0.14661393969359307,-0.17083539298079137,partial_be,True,1.3633217993080373,1.70242214532882,0.08@3746.38:tp1;0.08@3748.12:tp1;0.08@3741.68:be;0.11@3741.68:be,191.09999999998007,2.15718793918552,2025-09
M10#2065,M10,2065,OB,sell,0.647,B,2025-09-23 06:20:00,2025-09-23 08:28:00,2025-09-23 08:37:00,9.0,3749.86,3749.86,3756.23,3746.04,3719.28,3756.23,3749.86,6.369999999999891,5.896428571428585,0.15,95.54999999999836,-97.049999999997,1.05,0.0,-98.099999999997,-1.0156985871271444,-1.0266875981161556,sl,False,0.06122448979589943,1.0188383045526448,0.03@3756.33:sl;0.03@3756.33:sl;0.03@3756.33:sl;0.06@3756.33:sl,92.99999999998307,1.1305003410693644,2025-09
M30#770,M30,770,IMB,buy,0.692,A,2025-09-23 16:00:00,2025-09-23 17:06:00,2025-09-23 21:51:00,285.0,3774.31,3774.31,3759.68,3783.09,3844.53,3774.31,3759.68,14.63000000000011,8.095714285714296,0.06,87.78000000000067,8.280000000000655,0.42000000000000004,0.0,7.860000000000655,0.09432672590568002,0.08954203691046474,partial_be,True,0.781954887218043,0.6438824333561177,0.01@3783.09:tp1;0.01@3774.21:be;0.01@3774.21:be;0.03@3774.21:be,100.85999999998373,1.220042377979829,2025-09
M10#2076,M10,2076,IMB,buy,0.663,A,2025-09-23 17:40:00,2025-09-23 19:36:00,2025-09-23 21:55:00,139.0,3766.79,3766.79,3759.68,3771.06,3800.92,3766.79,3759.68,7.110000000000127,6.394999999999949,0.14,99.5400000000018,89.08000000000084,0.9800000000000001,0.0,88.10000000000083,0.8949166164355961,0.8850713281092952,partial_be,True,2.666666666666624,0.26722925457103475,0.03@3771.06:tp1;0.03@3775.32:tp1;0.03@3783.85:tp1;0.05@3766.69:be,188.95999999998457,2.1051137060891243,2025-09
M5#4335,M5,4335,OB,sell,0.588,B,2025-09-25 17:10:00,2025-09-25 17:23:00,2025-09-25 18:15:00,52.0,3735.85,3735.85,3743.1,3731.5,3701.05,3743.1,3735.85,7.25,6.58928571428565,0.14,101.50000000000001,38.3499999999999,0.9800000000000001,0.0,37.369999999999905,0.37783251231526993,0.36817733990147683,partial_be,True,1.651034482758593,0.2786206896551699,0.03@3731.50:tp1;0.03@3727.15:tp1;0.03@3735.95:be;0.05@3735.95:be,226.32999999998447,2.4732910459906012,2025-09
M5#4333,M5,4333,IMB,sell,0.557,B,2025-09-25 17:25:00,2025-09-25 21:25:00,2025-09-25 21:35:00,10.0,3746.51,3746.51,3751.81,3743.33,3721.07,3751.81,3746.51,5.299999999999727,6.39142857142854,0.19,100.69999999999482,-102.59999999999309,1.33,0.0,-103.92999999999309,-1.0188679245282857,-1.0320754716980978,sl,False,0.1056603773585715,1.0641509433962573,0.04@3751.91:sl;0.04@3751.91:sl;0.04@3751.91:sl;0.07@3751.91:sl,122.39999999999138,1.4412155742925035,2025-09
M10#2197,M10,2197,IMB,buy,0.686,A,2025-09-25 22:20:00,2025-09-25 22:36:00,2025-09-26 02:16:00,220.0,3748.82,3748.82,3741.45,3753.24,3784.2,3748.82,3741.45,7.370000000000346,5.030714285714274,0.13,95.8100000000045,-97.11000000000331,0.91,-6.5,-104.52000000000331,-1.0135685210311947,-1.0909090909090742,sl,False,0.5196743554952168,1.151967435549503,0.03@3741.35:sl;0.03@3741.35:sl;0.03@3741.35:sl;0.04@3741.35:sl,17.879999999988073,0.3503064833834293,2025-09
M10#2213,M10,2213,UW,sell,0.6,B,2025-09-26 08:20:00,2025-09-26 08:39:00,2025-09-26 09:12:00,33.0,3749.65,3749.65,3753.57,3747.3,3730.83,3753.57,3749.65,3.9200000000000728,2.5235714285714232,0.25,98.00000000000182,41.00000000000227,1.75,0.0,39.25000000000227,0.41836734693879085,0.40051020408164834,partial_be,True,2.0102040816326436,0.08673469387747053,0.06@3747.30:tp1;0.06@3744.95:tp1;0.06@3749.75:be;0.07@3749.75:be,57.12999999999034,0.7508166874650777,2025-09
M5#4406,M5,4406,OB,buy,0.621,B,2025-09-26 09:30:00,2025-09-26 09:38:00,2025-09-26 10:00:00,22.0,3749.67,3749.67,3742.02,3754.26,3786.39,3749.67,3742.02,7.650000000000091,2.9721428571428015,0.13,99.45000000000118,-100.75,0.91,0.0,-101.66,-1.0130718954248246,-1.02222222222221,sl,False,0.24444444444442728,1.0588235294117403,0.03@3741.92:sl;0.03@3741.92:sl;0.03@3741.92:sl;0.04@3741.92:sl,-44.53000000000966,-0.27140553475713225,2025-09
M5#4386,M5,4386,OB,buy,0.595,B,2025-09-26 09:10:00,2025-09-26 10:05:00,2025-09-26 16:15:00,370.0,3740.58,3740.58,3735.41,3743.68,3765.4,3740.58,3735.41,5.170000000000073,2.5592857142856764,0.19,98.23000000000138,260.5800000000013,1.33,0.0,259.2500000000013,2.6527537412195623,2.6392140893820386,tp2,True,4.909090909090861,0.2630560928433478,0.04@3743.68:tp1;0.04@3746.78:tp1;0.04@3752.99:tp1;0.07@3765.40:tp2,214.71999999999164,2.367808554624906,2025-09
M15#1550,M15,1550,OB,buy,0.583,B,2025-09-26 09:30:00,2025-09-26 10:04:00,2025-09-26 17:02:00,418.0,3741.05,3741.05,3735.41,3744.43,3768.12,3741.05,3735.41,5.640000000000327,4.126428571428472,0.17,95.88000000000557,230.10999999999694,1.1900000000000002,0.0,228.91999999999695,2.399979140592236,2.3875677930745063,tp2,True,5.024822695035114,0.3244680851064319,0.04@3744.43:tp1;0.04@3747.82:tp1;0.04@3754.59:tp1;0.05@3768.12:tp2,443.6399999999886,4.755376347699412,2025-09
M10#2332,M10,2332,IMB,buy,0.619,B,2025-09-30 07:30:00,2025-09-30 10:03:00,2025-09-30 10:07:00,4.0,3854.84,3854.84,3849.87,3857.82,3878.7,3854.84,3849.87,4.970000000000255,3.927142857142891,0.21,104.37000000000536,13.29999999999427,1.4700000000000002,0.0,11.82999999999427,0.12743125419175613,0.11334674714950332,partial_be,True,0.9275653923540114,0.2112676056338286,0.05@3857.82:tp1;0.05@3854.74:be;0.05@3854.74:be;0.06@3854.74:be,455.46999999998286,4.8687230948489155,2025-09
M10#2347,M10,2347,IMB,sell,0.615,B,2025-09-30 16:10:00,2025-09-30 16:43:00,2025-09-30 17:06:00,23.0,3823.86,3823.86,3832.36,3818.76,3783.06,3832.36,3823.86,8.5,5.614999999999944,0.12,102.0,-103.19999999999891,0.84,0.0,-104.03999999999891,-1.0117647058823422,-1.0199999999999894,sl,False,0.31647058823530055,1.3035294117646974,0.03@3832.46:sl;0.03@3832.46:sl;0.03@3832.46:sl;0.03@3832.46:sl,351.4299999999839,3.848723094848926,2025-09
M30#850,M30,850,IMB,sell,0.588,B,2025-09-30 16:30:00,2025-09-30 16:43:00,2025-09-30 17:10:00,27.0,3823.86,3823.86,3839.4,3814.54,3749.27,3839.4,3823.86,15.539999999999964,13.799285714285718,0.06,93.2399999999998,-93.83999999999924,0.42000000000000004,0.0,-94.25999999999924,-1.0064350064350005,-1.010939510939505,sl,False,0.173101673101677,1.0791505791505804,0.01@3839.50:sl;0.01@3839.50:sl;0.01@3839.50:sl;0.03@3839.50:sl,257.16999999998467,2.837783583909421,2025-09
M10#2360,M10,2360,IMB,buy,0.666,A,2025-09-30 17:50:00,2025-09-30 18:08:00,2025-09-30 18:14:00,6.0,3837.88,3837.88,3830.02,3842.6,3875.61,3837.88,3830.02,7.860000000000127,8.494999999999923,0.13,102.18000000000166,13.160000000000307,0.91,0.0,12.250000000000307,0.12879232726561063,0.11988647484830797,partial_be,True,0.6297709923663789,0.6704834605597833,0.03@3842.60:tp1;0.03@3837.78:be;0.03@3837.78:be;0.04@3837.78:be,269.41999999998495,2.957670058757729,2025-09
M5#4612,M5,4612,IMB,buy,0.745,A,2025-09-30 17:40:00,2025-09-30 18:08:00,2025-10-01 11:03:00,1015.0,3837.88,3837.88,3828.27,3843.65,3884.01,3837.88,3828.27,9.610000000000127,6.79357142857134,0.1,96.10000000000127,265.2399999999998,0.7000000000000001,-9.0,255.5399999999998,2.7600416233090144,2.6591050988553215,tp2,True,4.821019771071729,0.6826222684703287,0.02@3843.65:tp1;0.02@3849.41:tp1;0.02@3860.94:tp1;0.04@3884.01:tp2,524.9599999999848,5.61677515761305,2025-10
M5#1002814,M5,1002814,OB,sell,0.587,B,2025-10-02 08:30:00,2025-10-02 13:21:00,2025-10-02 13:42:00,21.0,3883.26,3883.26,3888.52,3880.1,3858.01,3888.52,3883.26,5.2599999999997635,1.8671428571428481,0.2,105.19999999999527,14.30000000000291,1.4000000000000001,0.0,12.90000000000291,0.135931558935395,0.12262357414451987,partial_be,True,0.6615969581749381,0.2566539923954315,0.05@3880.10:tp1;0.05@3883.36:be;0.05@3883.36:be;0.05@3883.36:be,537.8599999999877,5.7393987317575705,2025-10
M5#1002729,M5,1002729,UW,buy,0.612,B,2025-10-02 17:20:00,2025-10-02 17:53:00,2025-10-02 18:37:00,44.0,3826.71,3826.71,3820.9,3830.2,3854.6,3826.71,3820.9,5.809999999999945,5.547857142857083,0.18,104.57999999999903,96.99999999999909,1.2600000000000002,0.0,95.73999999999909,0.9275196022183972,0.9154714094473128,partial_be,True,3.108433734939779,1.0481927710843721,0.04@3830.20:tp1;0.04@3833.68:tp1;0.04@3840.65:tp1;0.06@3826.61:be,633.5999999999868,6.654870141204883,2025-10
M5#1002920,M5,1002920,IMB,sell,0.689,A,2025-10-02 18:10:00,2025-10-02 20:01:00,2025-10-02 22:04:00,123.0,3845.45,3845.45,3856.41,3838.87,3792.84,3856.41,3845.45,10.960000000000036,8.720000000000027,0.09,98.64000000000034,-99.5400000000036,0.6300000000000001,0.0,-100.1700000000036,-1.009124087591274,-1.0155109489051424,sl,False,0.4206204379561731,1.0419708029197527,0.02@3856.51:sl;0.02@3856.51:sl;0.02@3856.51:sl;0.03@3856.51:sl,533.4299999999832,5.639359192299741,2025-10
M10#1001492,M10,1001492,OB,sell,0.69,A,2025-10-03 08:20:00,2025-10-03 16:22:00,2025-10-03 16:34:00,12.0,3882.86,3882.86,3893.81,3876.29,3830.3,3893.81,3882.86,10.949999999999818,4.207142857142928,0.09,98.54999999999838,12.440000000000962,0.6300000000000001,0.0,11.810000000000962,0.12623033992898192,0.11983764586505485,partial_be,True,0.8922374429223876,0.19452054794517715,0.02@3876.29:tp1;0.02@3882.96:be;0.02@3882.96:be;0.03@3882.96:be,545.2399999999842,5.759196838164796,2025-10
H1#1000248,H1,1000248,OB,sell,0.595,B,2025-10-03 04:00:00,2025-10-03 10:42:00,2025-10-03 16:41:00,359.0,3864.17,3864.17,3886.34,3850.87,3757.75,3886.34,3864.17,22.170000000000073,13.833571428571465,0.04,88.68000000000029,-89.07999999999993,0.28,0.0,-89.35999999999993,-1.0045105999097839,-1.0076680198466355,sl,False,0.4055029318899507,1.0257104194857785,0.01@3886.44:sl;0.01@3886.44:sl;0.01@3886.44:sl;0.01@3886.44:sl,455.8799999999843,4.751528818318161,2025-10
M5#1003155,M5,1003155,OB,buy,0.6,B,2025-10-07 07:30:00,2025-10-07 08:11:00,2025-10-07 08:12:00,1.0,3968.38,3968.38,3963.62,3971.24,3991.23,3968.38,3963.62,4.760000000000218,2.610714285714234,0.21,99.9600000000046,-102.06000000000267,1.4700000000000002,0.0,-103.53000000000267,-1.0210084033613243,-1.0357142857142647,sl,False,0.0,1.7205882352940502,0.05@3963.52:sl;0.05@3963.52:sl;0.05@3963.52:sl;0.06@3963.52:sl,352.3499999999816,3.7158145326038965,2025-10
M10#1001687,M10,1001687,IMB,buy,0.66,A,2025-10-08 20:10:00,2025-10-08 20:20:00,2025-10-08 20:30:00,10.0,4052.34,4052.34,4047.88,4055.02,4073.75,4052.34,4047.88,4.460000000000036,5.249285714285667,0.23,102.58000000000084,-104.87999999999874,1.6099999999999999,0.0,-106.48999999999874,-1.0224215246636565,-1.0381165919282305,sl,False,0.5515695067264611,1.1726457399103085,0.05@4047.78:sl;0.05@4047.78:sl;0.05@4047.78:sl;0.08@4047.78:sl,245.85999999998285,2.677697940675666,2025-10
M5#1003325,M5,1003325,IMB,sell,0.55,B,2025-10-09 01:30:00,2025-10-09 03:30:00,2025-10-09 03:38:00,8.0,4027.83,4027.83,4034.42,4023.88,3996.2,4034.42,4027.83,6.5900000000001455,5.19142857142856,0.15,98.85000000000218,10.650000000000546,1.05,0.0,9.600000000000545,0.10773899848255246,0.09711684370258304,partial_be,True,0.6100151745067433,0.08952959028833574,0.03@4023.88:tp1;0.03@4027.93:be;0.03@4027.93:be;0.06@4027.93:be,255.45999999998338,2.774814784378249,2025-10
M10#1001696,M10,1001696,OB,buy,0.629,B,2025-10-09 04:00:00,2025-10-09 04:03:00,2025-10-09 05:02:00,59.0,4014.51,4014.51,4005.27,4020.05,4058.86,4014.51,4005.27,9.240000000000236,7.089999999999918,0.11,101.6400000000026,32.55999999999676,0.77,0.0,31.789999999996763,0.3203463203462803,0.3127705627705229,partial_be,True,2.3744588744587705,0.6774891774891838,0.02@4020.05:tp1;0.02@4025.60:tp1;0.02@4014.41:be;0.05@4014.41:be,287.24999999998016,3.087585347148772,2025-10
M5#1003340,M5,1003340,IMB,buy,0.572,B,2025-10-09 04:45:00,2025-10-09 04:55:00,2025-10-09 05:02:00,7.0,4019.11,4019.11,4014.34,4021.97,4042.01,4019.11,4014.34,4.769999999999982,6.416428571428534,0.21,100.16999999999963,-102.27000000000726,1.4700000000000002,0.0,-103.74000000000726,-1.0209643605870784,-1.0356394129979798,sl,False,0.3689727463311887,1.2368972746331475,0.05@4014.24:sl;0.05@4014.24:sl;0.05@4014.24:sl;0.06@4014.24:sl,183.5099999999729,2.051945934150792,2025-10
M5#1003323,M5,1003323,OB,sell,0.55,B,2025-10-09 06:25:00,2025-10-09 07:34:00,2025-10-09 08:12:00,38.0,4038.85,4038.85,4044.84,4035.26,4010.1,4044.84,4038.85,5.9900000000002365,5.251428571428635,0.17,101.83000000000402,13.059999999999945,1.1900000000000002,0.0,11.869999999999946,0.12825297063733113,0.11656682706471057,partial_be,True,0.7178631051752182,0.4407345575960306,0.04@4035.26:tp1;0.04@4038.95:be;0.04@4038.95:be;0.05@4038.95:be,195.37999999997285,2.168512761215503,2025-10
M5#1003312,M5,1003312,OB,sell,0.603,B,2025-10-09 07:25:00,2025-10-09 15:54:00,2025-10-09 16:00:00,6.0,4049.01,4049.01,4054.3,4045.84,4023.62,4054.3,4049.01,5.289999999999964,2.7671428571428414,0.19,100.50999999999931,-102.40999999999758,1.33,0.0,-103.73999999999758,-1.0189035916824025,-1.0321361058600964,sl,False,0.003780718336566483,1.22495274102072,0.04@4054.40:sl;0.04@4054.40:sl;0.04@4054.40:sl;0.07@4054.40:sl,91.63999999997527,1.1363766553554064,2025-10
M10#1001706,M10,1001706,UW,buy,0.629,B,2025-10-09 15:10:00,2025-10-09 17:00:00,2025-10-09 17:23:00,23.0,4013.22,4013.22,4005.97,4017.57,4048.02,4013.22,4005.97,7.25,3.7942857142857713,0.14,101.50000000000001,38.35000000000264,0.9800000000000001,0.0,37.37000000000264,0.37783251231529685,0.3681773399015038,partial_be,True,2.213793103448301,0.40551724137925516,0.03@4017.57:tp1;0.03@4021.92:tp1;0.03@4013.12:be;0.05@4013.12:be,129.0099999999779,1.5045539952569102,2025-10
M15#1001244,M15,1001244,IMB,sell,0.64,B,2025-10-09 23:30:00,2025-10-10 02:36:00,2025-10-10 05:36:00,180.0,3986.62,3986.62,4009.93,3972.63,3874.73,4009.93,3986.62,23.309999999999945,11.440000000000023,0.04,93.23999999999978,13.690000000000056,0.28,0.0,13.410000000000057,0.14682539682539777,0.14382239382239478,partial_be,True,0.7039897039896994,0.3517803517803643,0.01@3972.63:tp1;0.01@3986.72:be;0.01@3986.72:be;0.01@3986.72:be,142.41999999997796,1.648376389079305,2025-10
M10#1001734,M10,1001734,OB,buy,0.713,A,2025-10-09 23:10:00,2025-10-10 01:10:00,2025-10-10 06:26:00,316.0,3967.97,3967.97,3957.35,3974.34,4018.95,3967.97,3957.35,10.61999999999989,7.807857142857172,0.09,95.57999999999903,88.90000000000191,0.6300000000000001,0.0,88.27000000000191,0.9301109018623437,0.923519564762532,partial_be,True,2.502824858757124,0.8709981167608376,0.02@3974.34:tp1;0.02@3980.71:tp1;0.02@3993.46:tp1;0.03@3967.87:be,230.68999999997988,2.571895953841837,2025-10
M5#1003390,M5,1003390,IMB,sell,0.674,A,2025-10-10 02:35:00,2025-10-10 02:52:00,2025-10-10 07:14:00,262.0,3989.78,3989.78,3998.06,3984.81,3950.04,3998.06,3989.78,8.279999999999745,3.5635714285714193,0.12,99.35999999999694,223.56000000000267,0.84,0.0,222.72000000000267,2.250000000000096,2.2415458937199024,tp2,True,5.137681159420499,0.6086956521739274,0.03@3984.81:tp1;0.03@3979.84:tp1;0.03@3969.91:tp1;0.03@3950.04:tp2,453.4099999999826,4.813441847561739,2025-10
M5#1003450,M5,1003450,IMB,buy,0.595,B,2025-10-10 11:40:00,2025-10-10 14:46:00,2025-10-10 15:45:00,59.0,3984.13,3984.13,3979.51,3986.9,4006.31,3984.13,3979.51,4.619999999999891,4.235714285714396,0.22,101.63999999999761,96.29999999999882,1.5400000000000003,0.0,94.75999999999881,0.9474616292798217,0.9323101141283061,partial_be,True,2.4264069264069916,0.16666666666666666,0.05@3986.90:tp1;0.05@3989.67:tp1;0.05@3995.22:tp1;0.07@3984.03:be,548.1699999999814,5.745751961690045,2025-10
M5#1003465,M5,1003465,OB,sell,0.644,B,2025-10-10 17:30:00,2025-10-10 17:31:00,2025-10-10 17:39:00,8.0,3987.39,3987.39,3994.7,3983.0,3952.3,3994.7,3987.39,7.309999999999945,6.980000000000051,0.14,102.33999999999925,12.070000000000618,0.9800000000000001,0.0,11.090000000000618,0.11794019933555508,0.10836427594294215,partial_be,True,0.9794801641586741,0.09986320109439448,0.03@3983.00:tp1;0.03@3987.49:be;0.03@3987.49:be;0.05@3987.49:be,559.259999999982,5.854116237632987,2025-10
M30#1000621,M30,1000621,IMB,sell,0.687,A,2025-10-09 22:00:00,2025-10-09 22:14:00,2025-10-10 18:07:00,1193.0,3974.4,3974.4,4009.93,3953.08,3803.86,4009.93,3974.4,35.529999999999745,19.753571428571508,0.02,71.05999999999949,-71.26000000000022,0.14,0.3,-71.10000000000022,-1.0028145229383723,-1.0005629045876827,sl,False,0.7644244300591192,1.0287081339713045,0.01@4010.03:sl;0.01@4010.03:sl,488.1599999999818,4.853553333045305,2025-10
M30#1000618,M30,1000618,IMB,sell,0.609,B,2025-10-10 22:00:00,2025-10-13 01:01:00,2025-10-13 01:16:00,15.0,4029.27,4029.27,4048.75,4017.58,3935.77,4048.75,4029.27,19.480000000000018,17.65428571428577,0.05,97.40000000000009,11.290000000000418,0.35000000000000003,0.0,10.940000000000419,0.11591375770020952,0.11232032854209865,partial_be,True,1.1262833675564698,0.10112936344968163,0.01@4017.58:tp1;0.01@4029.37:be;0.01@4029.37:be;0.02@4029.37:be,499.0999999999822,4.965873661587404,2025-10
M5#1003379,M5,1003379,IMB,sell,0.611,B,2025-10-10 17:10:00,2025-10-13 01:24:00,2025-10-13 01:25:00,1.0,4034.74,4034.74,4042.41,4030.14,3997.92,4042.41,4034.74,7.670000000000073,7.175000000000019,0.13,99.71000000000095,-101.01000000000566,0.91,0.0,-101.92000000000566,-1.0130378096480264,-1.0221642764016117,sl,False,0.0,1.229465449804459,0.03@4042.51:sl;0.03@4042.51:sl;0.03@4042.51:sl;0.04@4042.51:sl,397.17999999997653,3.943709385185792,2025-10
M5#1003612,M5,1003612,IMB,buy,0.583,B,2025-10-14 04:40:00,2025-10-14 04:41:00,2025-10-14 04:54:00,13.0,4139.03,4139.03,4131.99,4143.25,4172.82,4139.03,4131.99,7.039999999999964,5.438571428571582,0.14,98.5599999999995,-99.95999999999185,0.9800000000000001,0.0,-100.93999999999185,-1.014204545454468,-1.0241477272726498,sl,False,0.18181818181827578,1.011363636363626,0.03@4131.89:sl;0.03@4131.89:sl;0.03@4131.89:sl;0.05@4131.89:sl,296.23999999998466,2.919561657913142,2025-10
M5#1003640,M5,1003640,UW,buy,0.618,B,2025-10-14 13:45:00,2025-10-14 16:01:00,2025-10-14 17:11:00,70.0,4098.43,4098.43,4090.35,4103.28,4137.21,4098.43,4090.35,8.080000000000382,5.315000000000055,0.12,96.96000000000458,218.15999999999528,0.84,0.0,217.31999999999528,2.249999999999845,2.2413366336632117,tp2,True,4.799504950494791,0.10024752475252004,0.03@4103.28:tp1;0.03@4108.13:tp1;0.03@4117.82:tp1;0.03@4137.21:tp2,513.5599999999799,5.160898291576354,2025-10
M5#1003632,M5,1003632,IMB,sell,0.719,A,2025-10-14 11:40:00,2025-10-14 19:50:00,2025-10-14 20:25:00,35.0,4151.54,4151.54,4171.37,4139.64,4056.36,4171.37,4151.54,19.829999999999927,5.822142857143002,0.05,99.14999999999964,11.499999999998181,0.35000000000000003,0.0,11.149999999998181,0.11598587997981062,0.11245587493694627,partial_be,True,0.7115481593545453,0.19062027231466258,0.01@4139.64:tp1;0.01@4151.64:be;0.01@4151.64:be;0.02@4151.64:be,524.7099999999781,5.2733541665133,2025-10
M10#1001851,M10,1001851,IMB,sell,0.727,A,2025-10-14 11:50:00,2025-10-14 19:50:00,2025-10-14 20:25:00,35.0,4151.54,4151.54,4174.36,4137.85,4042.0,4174.36,4151.54,22.81999999999971,10.771428571428617,0.04,91.27999999999884,13.389999999998508,0.28,0.0,13.109999999998509,0.14669149868534925,0.14362401402277253,partial_be,True,0.6183172655565627,0.16564417177913207,0.01@4137.85:tp1;0.01@4151.64:be;0.01@4151.64:be;0.01@4151.64:be,537.8199999999766,5.416978180536073,2025-10
M15#1001324,M15,1001324,IMB,sell,0.65,B,2025-10-14 10:45:00,2025-10-14 11:12:00,2025-10-15 04:05:00,1013.0,4137.22,4137.22,4174.36,4114.94,3958.95,4174.36,4137.22,37.13999999999942,18.677857142856997,0.02,74.27999999999884,-74.47999999999956,0.14,0.8999999999999999,-73.71999999999956,-1.0026925148088413,-0.9924609585352816,sl,False,1.0589660743134233,1.0963920301561654,0.01@4174.46:sl;0.01@4174.46:sl,464.09999999997706,4.424517222000791,2025-10
M30#1000652,M30,1000652,OB,sell,0.688,A,2025-10-14 11:00:00,2025-10-14 11:12:00,2025-10-15 04:07:00,1015.0,4136.9,4136.9,4179.08,4111.59,3934.44,4179.08,4136.9,42.18000000000029,20.89285714285708,0.02,84.36000000000058,-84.56000000000131,0.14,0.8999999999999999,-83.8000000000013,-1.0023707918444846,-0.9933617828354756,sl,False,0.9248458985300863,1.0258416311047922,0.01@4179.18:sl;0.01@4179.18:sl,380.29999999997574,3.431155439165315,2025-10
M5#1003708,M5,1003708,IMB,buy,0.659,A,2025-10-15 04:30:00,2025-10-15 05:31:00,2025-10-15 07:25:00,114.0,4173.72,4173.72,4162.75,4180.3,4226.38,4173.72,4162.75,10.970000000000255,6.795000000000073,0.09,98.7300000000023,38.979999999997744,0.6300000000000001,0.0,38.34999999999774,0.3948141395725396,0.3884331003747275,partial_be,True,1.5487693710117947,0.607110300820392,0.02@4180.30:tp1;0.02@4186.88:tp1;0.02@4173.62:be;0.03@4173.62:be,418.6499999999735,3.819588539540043,2025-10
M5#1003745,M5,1003745,UW,buy,0.574,B,2025-10-15 15:55:00,2025-10-15 18:51:00,2025-10-15 21:06:00,135.0,4181.07,4181.07,4176.28,4183.94,4204.06,4181.07,4176.28,4.789999999999964,5.96714285714305,0.21,100.58999999999925,238.5400000000036,1.4700000000000002,0.0,237.0700000000036,2.3714086887365085,2.3567949100308714,tp2,True,4.810020876826751,0.29645093945721995,0.05@4183.94:tp1;0.05@4186.82:tp1;0.05@4192.57:tp1;0.06@4204.06:tp2,655.7199999999771,6.176383449570914,2025-10
M15#1001380,M15,1001380,OB,buy,0.591,B,2025-10-16 14:00:00,2025-10-16 15:39:00,2025-10-16 19:13:00,214.0,4232.8,4232.8,4223.04,4238.66,4279.65,4232.8,4223.04,9.760000000000218,6.825714285714379,0.1,97.60000000000218,269.3799999999974,0.7000000000000001,0.0,268.6799999999974,2.7600409836064688,2.752868852458928,tp2,True,4.835040983606408,0.5430327868852524,0.02@4238.66:tp1;0.02@4244.51:tp1;0.02@4256.22:tp1;0.04@4279.65:tp2,924.3999999999744,8.929252302029843,2025-10
M10#1001945,M10,1001945,OB,buy,0.612,B,2025-10-16 13:30:00,2025-10-16 15:39:00,2025-10-16 19:13:00,214.0,4232.8,4232.8,4223.04,4238.66,4279.65,4232.8,4223.04,9.760000000000218,5.5942857142858236,0.1,97.60000000000218,269.3799999999974,0.7000000000000001,0.0,268.6799999999974,2.7600409836064688,2.752868852458928,tp2,True,4.835040983606408,0.5430327868852524,0.02@4238.66:tp1;0.02@4244.51:tp1;0.02@4256.22:tp1;0.04@4279.65:tp2,1193.0799999999717,11.68212115448877,2025-10
M5#1003868,M5,1003868,OB,buy,0.708,A,2025-10-16 17:35:00,2025-10-16 17:46:00,2025-10-16 20:36:00,170.0,4255.26,4255.26,4246.63,4260.44,4296.68,4255.26,4246.63,8.63000000000011,7.309999999999945,0.12,103.56000000000131,233.0099999999975,0.84,0.0,232.1699999999975,2.249999999999947,2.2418887601389974,tp2,True,4.820393974507407,0.1575898030128117,0.03@4260.44:tp1;0.03@4265.62:tp1;0.03@4275.97:tp1;0.03@4296.68:tp2,1425.2499999999693,13.924009914627767,2025-10
M5#1003886,M5,1003886,IMB,buy,0.555,B,2025-10-17 01:15:00,2025-10-17 04:42:00,2025-10-17 04:43:00,1.0,4305.97,4305.97,4297.15,4311.26,4348.31,4305.97,4297.15,8.820000000000618,7.594285714285888,0.12,105.84000000000742,-107.04000000000087,0.84,0.0,-107.88000000000088,-1.0113378684806629,-1.0192743764171703,sl,False,0.2029478458049703,1.4285714285713695,0.03@4297.05:sl;0.03@4297.05:sl;0.03@4297.05:sl;0.03@4297.05:sl,1317.3699999999685,12.904735538210597,2025-10
M5#1003910,M5,1003910,IMB,buy,0.562,B,2025-10-17 06:50:00,2025-10-17 08:32:00,2025-10-17 08:32:00,0.0,4351.37,4351.37,4345.58,4354.84,4379.16,4351.37,4345.58,5.789999999999964,6.247142857142795,0.19,110.00999999999931,-111.91000000000622,1.33,0.0,-113.24000000000622,-1.0172711571675932,-1.0293609671848645,sl,False,0.0,1.1658031088082974,0.04@4345.48:sl;0.04@4345.48:sl;0.04@4345.48:sl;0.07@4345.48:sl,1204.1299999999624,11.875374571025732,2025-10
M5#1003987,M5,1003987,IMB,buy,0.554,B,2025-10-20 10:45:00,2025-10-20 13:08:00,2025-10-20 15:18:00,130.0,4247.39,4247.39,4239.35,4252.21,4285.98,4247.39,4239.35,8.039999999999964,6.0342857142857484,0.13,104.51999999999953,255.6699999999928,0.91,0.0,254.7599999999928,2.4461347110600262,2.437428243398335,tp2,True,4.835820895522423,0.231343283582163,0.03@4252.21:tp1;0.03@4257.04:tp1;0.03@4266.69:tp1;0.04@4285.98:tp2,1458.889999999955,14.312802814424067,2025-10
M10#1002028,M10,1002028,IMB,buy,0.619,B,2025-10-20 12:40:00,2025-10-20 13:08:00,2025-10-20 15:23:00,135.0,4247.39,4247.39,4237.29,4253.45,4295.87,4247.39,4237.29,10.100000000000364,5.559285714285514,0.11,111.100000000004,327.23999999999614,0.77,0.0,326.46999999999616,2.9454545454544045,2.938523852385098,tp2,True,4.840594059405708,0.18415841584163517,0.02@4253.45:tp1;0.02@4259.51:tp1;0.02@4271.63:tp1;0.05@4295.87:tp2,1785.3599999999512,17.251326666809167,2025-10
M5#1003939,M5,1003939,IMB,sell,0.581,B,2025-10-20 13:40:00,2025-10-20 15:22:00,2025-10-20 15:36:00,14.0,4295.02,4295.02,4309.8,4286.15,4224.08,4309.8,4295.02,14.779999999999745,5.049285714285686,0.07,103.4599999999982,-104.1599999999944,0.48999999999999994,0.0,-104.64999999999439,-1.0067658998646454,-1.0115020297699229,sl,False,0.2266576454668756,1.3213802435724007,0.01@4309.90:sl;0.01@4309.90:sl;0.01@4309.90:sl;0.04@4309.90:sl,1680.7099999999568,16.239824637039245,2025-10
M5#1004008,M5,1004008,IMB,buy,0.596,B,2025-10-20 16:00:00,2025-10-20 16:35:00,2025-10-20 16:46:00,11.0,4304.43,4304.43,4296.91,4308.94,4340.53,4304.43,4296.91,7.520000000000437,8.952142857142917,0.15,112.80000000000655,39.68999999999323,1.05,0.0,38.639999999993236,0.35186170212757917,0.34255319148928187,partial_be,True,1.5851063829786411,0.23803191489359837,0.03@4308.94:tp1;0.03@4313.45:tp1;0.03@4304.33:be;0.06@4304.33:be,1719.3499999999501,16.58237782852853,2025-10
M10#1002060,M10,1002060,IMB,buy,0.616,B,2025-10-20 22:40:00,2025-10-20 23:16:00,2025-10-20 23:17:00,1.0,4354.84,4354.84,4348.24,4358.8,4386.52,4354.84,4348.24,6.600000000000364,5.4264285714285245,0.17,112.20000000000618,-113.89999999999692,1.1900000000000002,0.0,-115.08999999999692,-1.0151515151514319,-1.0257575757574917,sl,False,0.0,1.0227272727272163,0.04@4348.14:sl;0.04@4348.14:sl;0.04@4348.14:sl;0.05@4348.14:sl,1604.2599999999532,15.556620252771037,2025-10
M10#1002063,M10,1002063,OB,sell,0.611,B,2025-10-21 00:00:00,2025-10-21 01:03:00,2025-10-21 01:15:00,12.0,4365.92,4365.92,4377.64,4358.89,4309.66,4377.64,4365.92,11.720000000000255,8.132142857142819,0.09,105.4800000000023,13.359999999996946,0.6300000000000001,0.0,12.729999999996945,0.1266590822904499,0.12068638604471622,partial_be,True,0.61518771331057,0.45221843003413537,0.02@4358.89:tp1;0.02@4366.02:be;0.02@4366.02:be;0.03@4366.02:be,1616.98999999995,15.677306638815752,2025-10
M5#1004017,M5,1004017,OB,buy,0.65,B,2025-10-21 08:10:00,2025-10-21 10:33:00,2025-10-21 10:36:00,3.0,4314.65,4314.65,4294.83,4326.54,4409.79,4314.65,4294.83,19.81999999999971,3.3650000000002365,0.05,99.09999999999854,-99.60000000000036,0.35000000000000003,0.0,-99.95000000000036,-1.0050454086781213,-1.0085771947527935,sl,False,0.0,1.0277497477295756,0.01@4294.73:sl;0.01@4294.73:sl;0.01@4294.73:sl;0.02@4294.73:sl,1517.0399999999497,14.668729444062958,2025-10
M5#1004109,M5,1004109,UW,buy,0.652,A,2025-10-21 18:30:00,2025-10-21 20:05:00,2025-10-21 20:27:00,22.0,4101.76,4101.76,4081.75,4113.77,4197.81,4101.76,4081.75,20.01000000000022,19.087857142857242,0.05,100.05000000000109,11.609999999998763,0.35000000000000003,0.0,11.259999999998763,0.11604197901048112,0.11254372813591845,partial_be,True,0.866566716641677,0.3853073463268342,0.01@4113.77:tp1;0.01@4101.66:be;0.01@4101.66:be;0.02@4101.66:be,1528.2999999999486,14.781273172198876,2025-10
M5#1004197,M5,1004197,IMB,sell,0.591,B,2025-10-22 14:15:00,2025-10-22 16:11:00,2025-10-22 16:36:00,25.0,4066.79,4066.79,4082.94,4057.1,3989.27,4082.94,4066.79,16.15000000000009,13.997857142857063,0.07,113.05000000000062,9.0900000000006,0.48999999999999994,0.0,8.6000000000006,0.08040689960195091,0.07607253427687354,partial_be,True,1.1869969040247657,0.12074303405571561,0.01@4057.10:tp1;0.01@4066.89:be;0.01@4066.89:be;0.04@4066.89:be,1536.8999999999492,14.85734570647575,2025-10
M10#1002106,M10,1002106,UW,buy,0.624,B,2025-10-22 11:10:00,2025-10-22 13:54:00,2025-10-22 17:34:00,220.0,4036.66,4036.66,4004.34,4056.05,4191.8,4036.66,4004.34,32.31999999999971,12.25285714285688,0.03,96.95999999999913,38.58000000000038,0.21,0.0,38.37000000000038,0.3978960396039679,0.39573019801980946,partial_be,True,1.504641089108928,0.6692450495049458,0.01@4075.44:tp1;0.02@4036.56:be,1575.2699999999495,15.253075904495558,2025-10
M5#1004254,M5,1004254,OB,sell,0.554,B,2025-10-23 04:20:00,2025-10-23 04:22:00,2025-10-23 04:46:00,24.0,4085.91,4085.91,4095.05,4080.43,4042.04,4095.05,4085.91,9.140000000000327,7.9614285714285415,0.12,109.68000000000393,15.53999999999678,0.84,0.0,14.69999999999678,0.14168490153169425,0.1340262582056551,partial_be,True,0.8435448577679765,0.7943107221006519,0.03@4080.43:tp1;0.03@4086.01:be;0.03@4086.01:be;0.03@4086.01:be,1589.9699999999464,15.387102162701213,2025-10
M5#1004264,M5,1004264,OB,buy,0.555,B,2025-10-23 04:40:00,2025-10-23 04:43:00,2025-10-23 04:59:00,16.0,4084.04,4084.04,4073.26,4090.51,4135.78,4084.04,4073.26,10.779999999999745,7.311428571428548,0.1,107.79999999999745,-108.80000000000109,0.7000000000000001,0.0,-109.5000000000011,-1.0092764378479004,-1.015769944341407,sl,False,0.2857142857142857,1.0287569573284236,0.02@4073.16:sl;0.02@4073.16:sl;0.02@4073.16:sl;0.04@4073.16:sl,1480.4699999999452,14.371332218359806,2025-10
M5#1004183,M5,1004183,IMB,sell,0.566,B,2025-10-23 01:10:00,2025-10-23 09:04:00,2025-10-23 09:10:00,6.0,4119.37,4119.37,4130.84,4112.49,4064.31,4130.84,4119.37,11.470000000000255,7.02428571428566,0.1,114.70000000000255,-115.69999999999709,0.7000000000000001,0.0,-116.39999999999709,-1.0087183958151222,-1.014821272885741,sl,False,0.0,1.1011333914559571,0.02@4130.94:sl;0.02@4130.94:sl;0.02@4130.94:sl;0.04@4130.94:sl,1364.069999999948,13.356510945474064,2025-10
M5#1004293,M5,1004293,IMB,buy,0.552,B,2025-10-23 11:35:00,2025-10-23 13:30:00,2025-10-23 13:45:00,15.0,4107.07,4107.07,4100.53,4110.99,4138.46,4107.07,4100.53,6.539999999999964,7.5149999999999055,0.17,111.17999999999938,46.18000000000666,1.1900000000000002,0.0,44.99000000000666,0.41536247526539766,0.40465911135102456,partial_be,True,1.8990825688073611,0.3608562691131018,0.04@4110.99:tp1;0.04@4114.92:tp1;0.04@4106.97:be;0.05@4106.97:be,1409.0599999999547,13.761170056825089,2025-10
M30#1000724,M30,1000724,OB,sell,0.576,B,2025-10-23 02:00:00,2025-10-23 09:14:00,2025-10-23 16:06:00,412.0,4134.94,4134.94,4156.09,4122.25,4033.42,4156.09,4134.94,21.150000000000546,19.4714285714285,0.05,105.75000000000273,37.7699999999977,0.35000000000000003,0.0,37.4199999999977,0.35716312056734495,0.3538534278959502,partial_be,True,2.0241134751772285,0.14373522458632598,0.01@4122.25:tp1;0.01@4109.56:tp1;0.01@4135.04:be;0.02@4135.04:be,1446.4799999999525,14.11502348472104,2025-10
M5#1004315,M5,1004315,IMB,buy,0.57,B,2025-10-23 16:25:00,2025-10-23 22:39:00,2025-10-23 23:23:00,44.0,4118.15,4118.15,4110.06,4123.0,4156.98,4118.15,4110.06,8.089999999999236,7.017142857142907,0.14,113.25999999998932,-114.6599999999944,0.9800000000000001,0.0,-115.6399999999944,-1.0123609394314428,-1.0210135970334213,sl,False,0.5957972805934578,1.2904820766378968,0.03@4109.96:sl;0.03@4109.96:sl;0.03@4109.96:sl;0.05@4109.96:sl,1330.839999999958,13.094009887687617,2025-10
M5#1004416,M5,1004416,IMB,buy,0.678,A,2025-10-24 16:40:00,2025-10-24 16:41:00,2025-10-24 21:01:00,260.0,4105.75,4105.75,4091.18,4114.49,4175.69,4105.75,4091.18,14.570000000000164,12.212857142857112,0.07,101.99000000000113,25.719999999997526,0.48999999999999994,0.0,25.229999999997528,0.2521815864300151,0.2473771938425066,partial_be,True,2.2676733013040216,0.547700754975942,0.01@4114.49:tp1;0.01@4123.23:tp1;0.01@4105.65:be;0.04@4105.65:be,1356.0699999999556,13.341387081530124,2025-10
M15#1001576,M15,1001576,IMB,buy,0.576,B,2025-10-24 23:30:00,2025-10-27 00:00:00,2025-10-27 00:01:00,1.0,4074.46,4074.46,4064.51,4080.43,4122.22,4074.46,4064.51,9.949999999999818,7.6428571428570775,0.11,109.449999999998,11.040000000000418,0.77,-4.5,5.770000000000419,0.10086797624486633,0.05271813613522635,partial_be,True,0.9507537688442421,1.035175879397022,0.02@4080.43:tp1;0.02@4074.36:be;0.02@4074.36:be;0.05@4074.36:be,1361.839999999956,13.39410521766535,2025-10
M5#1004450,M5,1004450,UW,buy,0.593,B,2025-10-27 00:40:00,2025-10-27 00:44:00,2025-10-27 00:47:00,3.0,4083.55,4083.55,4073.82,4089.39,4130.25,4083.55,4073.82,9.730000000000018,10.697857142857206,0.11,107.0300000000002,-108.1300000000042,0.77,0.0,-108.9000000000042,-1.0102774922919182,-1.0174717368962347,sl,False,0.05858170606369043,1.2004110996917028,0.02@4073.72:sl;0.02@4073.72:sl;0.02@4073.72:sl;0.05@4073.72:sl,1252.9399999999519,12.376633480769115,2025-10
M5#1004535,M5,1004535,OB,buy,0.565,B,2025-10-28 01:55:00,2025-10-28 02:09:00,2025-10-28 02:18:00,9.0,3989.92,3989.92,3983.17,3993.97,4022.32,3989.92,3983.17,6.75,4.356428571428588,0.16,108.0,-109.59999999999854,1.12,0.0,-110.71999999999855,-1.0148148148148013,-1.0251851851851717,sl,False,0.10814814814815084,1.0074074074074344,0.04@3983.07:sl;0.04@3983.07:sl;0.04@3983.07:sl;0.04@3983.07:sl,1142.2199999999534,11.351448295583943,2025-10
M5#1004544,M5,1004544,IMB,buy,0.627,B,2025-10-28 04:30:00,2025-10-28 04:37:00,2025-10-28 04:52:00,15.0,3992.46,3992.46,3984.74,3997.09,4029.52,3992.46,3984.74,7.720000000000255,5.1314285714285495,0.14,108.08000000000358,-109.48000000000229,0.9800000000000001,0.0,-110.4600000000023,-1.0129533678756353,-1.0220207253885885,sl,False,0.28367875647668167,1.058290155440389,0.03@3984.64:sl;0.03@3984.64:sl;0.03@3984.64:sl;0.05@3984.64:sl,1031.759999999951,10.329427570195355,2025-10
M30#1000793,M30,1000793,UW,buy,0.578,B,2025-10-28 21:30:00,2025-10-29 00:07:00,2025-10-29 00:20:00,13.0,3932.99,3932.99,3914.85,3943.87,4020.06,3932.99,3914.85,18.139999999999873,14.719999999999962,0.06,108.83999999999925,10.380000000000564,0.42000000000000004,0.0,9.960000000000564,0.09536934950386472,0.09151047409041375,partial_be,True,0.7337375964719125,0.9184123484013215,0.01@3943.87:tp1;0.01@3932.89:be;0.01@3932.89:be;0.03@3932.89:be,1041.7199999999516,10.42093804428577,2025-10
M5#1004653,M5,1004653,OB,buy,0.581,B,2025-10-29 10:25:00,2025-10-29 17:47:00,2025-10-29 17:51:00,4.0,3996.9,3996.9,3991.28,4000.27,4023.88,3996.9,3991.28,5.619999999999891,4.992857142857149,0.19,106.77999999999793,-108.68000000000484,1.33,0.0,-110.01000000000484,-1.017793594306115,-1.03024911032035,sl,False,0.24733096085407466,1.3380782918149694,0.04@3991.18:sl;0.04@3991.18:sl;0.04@3991.18:sl;0.07@3991.18:sl,931.7099999999467,9.39068893396542,2025-10
M5#1004729,M5,1004729,IMB,buy,0.725,A,2025-10-30 11:35:00,2025-10-30 12:21:00,2025-10-30 12:35:00,14.0,3988.97,3988.97,3976.78,3996.28,4047.48,3988.97,3976.78,12.1899999999996,6.7014285714286155,0.08,97.5199999999968,-98.31999999999971,0.56,0.0,-98.87999999999971,-1.0082034454471178,-1.0139458572600795,sl,False,0.1452009844134569,1.2534864643150325,0.02@3976.68:sl;0.02@3976.68:sl;0.02@3976.68:sl;0.02@3976.68:sl,832.829999999947,8.37674307670534,2025-10
M5#1004792,M5,1004792,UW,sell,0.585,B,2025-10-31 01:45:00,2025-10-31 01:48:00,2025-10-31 03:11:00,83.0,4038.67,4038.67,4046.34,4034.07,4001.85,4046.34,4038.67,7.670000000000073,6.6635714285714585,0.14,107.38000000000103,96.13000000000056,0.9800000000000001,0.0,95.15000000000056,0.8952318867573071,0.8861054200037218,partial_be,True,2.4667535853976394,0.6166883963494099,0.03@4034.07:tp1;0.03@4029.47:tp1;0.03@4020.26:tp1;0.05@4038.77:be,927.9799999999475,9.262848496709061,2025-10
M5#1004861,M5,1004861,IMB,sell,0.584,B,2025-10-31 18:40:00,2025-10-31 19:43:00,2025-10-31 20:12:00,29.0,3999.0,3999.0,4005.08,3995.35,3969.82,4005.08,3999.0,6.079999999999927,8.404285714285672,0.17,103.35999999999876,-105.05999999999722,1.1900000000000002,0.0,-106.24999999999721,-1.0164473684210378,-1.0279605263157747,sl,False,0.5657894736842263,1.0657894736842262,0.04@4005.18:sl;0.04@4005.18:sl;0.04@4005.18:sl;0.05@4005.18:sl,821.7299999999502,8.234887970393286,2025-10
M10#1002423,M10,1002423,IMB,sell,0.655,A,2025-10-31 18:50:00,2025-10-31 19:43:00,2025-10-31 21:27:00,104.0,3999.0,3999.0,4011.59,3991.45,3938.57,4011.59,3999.0,12.590000000000146,10.57928571428569,0.08,100.72000000000116,14.50000000000091,0.56,0.0,13.940000000000909,0.1439634630659327,0.13840349483717979,partial_be,True,0.6012708498808639,0.9023034154090545,0.02@3991.45:tp1;0.02@3999.10:be;0.02@3999.10:be;0.02@3999.10:be,835.6699999999512,8.373291465230466,2025-10
M5#2002838,M5,2002838,IMB,sell,0.61,B,2025-11-03 12:00:00,2025-11-03 13:48:00,2025-11-03 14:33:00,45.0,4007.93,4007.93,4014.36,4004.07,3977.07,4014.36,4007.93,6.430000000000291,5.632142857142851,0.16,102.88000000000466,14.239999999994325,1.12,0.0,13.119999999994324,0.138413685847528,0.12752721617412258,partial_be,True,0.9144634525660013,0.25816485225509084,0.04@4004.07:tp1;0.04@4008.03:be;0.04@4008.03:be;0.04@4008.03:be,848.7899999999455,8.500818681404589,2025-11
M5#2002801,M5,2002801,IMB,buy,0.596,B,2025-11-04 01:10:00,2025-11-04 02:41:00,2025-11-04 03:26:00,45.0,3982.37,3982.37,3974.11,3987.33,4022.02,3982.37,3974.11,8.259999999999764,2.874999999999935,0.13,107.37999999999693,43.91000000000167,0.91,0.0,43.00000000000168,0.40892158688771585,0.4004470106165292,partial_be,True,1.4648910411622584,0.4539951573850009,0.03@3987.33:tp1;0.03@3992.28:tp1;0.03@3982.27:be;0.04@3982.27:be,891.7899999999472,8.901265692021118,2025-11
M5#2003062,M5,2003062,IMB,sell,0.604,B,2025-11-06 01:25:00,2025-11-06 01:32:00,2025-11-06 01:51:00,19.0,3972.4,3972.4,3977.96,3969.06,3945.71,3977.96,3972.4,5.559999999999945,2.8735714285714624,0.19,105.63999999999896,-107.53999999999724,1.33,0.0,-108.86999999999723,-1.0179856115107753,-1.0305755395683291,sl,False,0.023381294964048636,1.0,0.04@3978.06:sl;0.04@3978.06:sl;0.04@3978.06:sl;0.07@3978.06:sl,782.9199999999499,7.870690152452789,2025-11
M15#2001081,M15,2001081,IMB,buy,0.574,B,2025-11-06 13:00:00,2025-11-06 14:53:00,2025-11-06 16:18:00,85.0,4003.8,4003.8,3998.7,4006.86,4028.28,4003.8,3998.7,5.100000000000364,4.834285714285703,0.21,107.10000000000765,106.49999999999591,1.4700000000000002,0.0,105.02999999999591,0.9943977591035322,0.9806722689074547,partial_be,True,2.4588235294115823,0.40588235294117964,0.05@4006.86:tp1;0.05@4009.92:tp1;0.05@4016.04:tp1;0.06@4003.70:be,887.9499999999458,8.851362421360243,2025-11
M30#2000493,M30,2000493,IMB,buy,0.608,B,2025-11-06 13:30:00,2025-11-06 14:53:00,2025-11-06 16:18:00,85.0,4003.8,4003.8,3992.83,4010.38,4056.46,4003.8,3992.83,10.970000000000255,6.822857142857141,0.09,98.7300000000023,12.459999999997308,0.6300000000000001,0.0,11.829999999997307,0.12620277524558915,0.11982173604777707,partial_be,True,1.1431175934366156,0.18869644484960033,0.02@4010.38:tp1;0.02@4003.70:be;0.02@4003.70:be;0.03@4003.70:be,899.7799999999431,8.97118415740802,2025-11
M10#2001540,M10,2001540,IMB,buy,0.622,B,2025-11-06 12:50:00,2025-11-06 16:29:00,2025-11-06 17:00:00,31.0,3991.26,3991.26,3986.49,3994.12,4014.16,3991.26,3986.49,4.770000000000437,3.406428571428673,0.22,104.94000000000962,99.4499999999939,1.5400000000000003,0.0,97.9099999999939,0.9476843910804725,0.9330093386695724,partial_be,True,2.5471698113204453,0.41928721174000355,0.05@3994.12:tp1;0.05@3996.98:tp1;0.05@4002.71:tp1;0.07@3991.16:be,997.6899999999371,9.904193496077593,2025-11
M5#2003227,M5,2003227,OB,sell,0.626,B,2025-11-07 16:55:00,2025-11-07 17:01:00,2025-11-07 18:08:00,67.0,3997.54,3997.54,4005.6,3992.7,3958.85,4005.6,3997.54,8.059999999999945,5.402857142857101,0.13,104.77999999999929,42.83000000000129,0.91,0.0,41.920000000001295,0.40876121397214715,0.4000763504485739,partial_be,True,1.6079404466501395,0.24813895781637885,0.03@3992.70:tp1;0.03@3987.87:tp1;0.03@3997.64:be;0.04@3997.64:be,1039.6099999999383,10.304269846526166,2025-11
M5#2003282,M5,2003282,IMB,buy,0.759,A,2025-11-10 03:50:00,2025-11-10 03:54:00,2025-11-10 11:37:00,463.0,4043.83,4043.83,4035.09,4049.07,4085.78,4043.83,4035.09,8.739999999999782,5.8321428571428635,0.12,104.87999999999738,235.9800000000023,0.84,0.0,235.1400000000023,2.250000000000078,2.241990846682,tp2,True,4.846681922196932,0.6990846681922517,0.03@4049.07:tp1;0.03@4054.32:tp1;0.03@4064.81:tp1;0.03@4085.78:tp2,1274.7499999999407,12.546260693208167,2025-11
M10#2001779,M10,2001779,OB,buy,0.615,B,2025-11-13 14:40:00,2025-11-13 15:04:00,2025-11-13 15:19:00,15.0,4229.62,4229.67,4223.11,4233.61,4261.16,4229.67,4223.11,6.5600000000004,6.535000000000049,0.17,111.5200000000068,15.309999999996762,1.1900000000000002,0.0,14.119999999996763,0.1372847919655293,0.1266140602582129,partial_be,True,0.8628048780487056,0.5731707317073154,0.04@4233.61:tp1;0.04@4229.57:be;0.04@4229.57:be;0.05@4229.57:be,1288.8699999999374,12.67287475346638,2025-11
M5#2003579,M5,2003579,IMB,sell,0.58,B,2025-11-14 01:15:00,2025-11-14 03:54:00,2025-11-14 04:21:00,27.0,4190.95,4190.95,4197.24,4187.18,4160.76,4197.24,4190.95,6.289999999999964,4.518571428571314,0.18,113.21999999999937,-115.0200000000059,1.2600000000000002,0.0,-116.2800000000059,-1.0158982511924266,-1.0270270270270847,sl,False,0.3942766295706801,1.0461049284580086,0.04@4197.34:sl;0.04@4197.34:sl;0.04@4197.34:sl;0.06@4197.34:sl,1172.5899999999315,11.645847726439294,2025-11
M15#2001242,M15,2001242,OB,buy,0.667,A,2025-11-14 06:45:00,2025-11-14 07:15:00,2025-11-14 07:56:00,41.0,4188.39,4188.39,4174.62,4196.65,4254.49,4188.39,4174.62,13.770000000000437,7.6414285714284755,0.08,110.16000000000349,15.919999999996435,0.56,0.0,15.359999999996434,0.1445170660856566,0.1394335511982203,partial_be,True,0.6129266521422899,0.32679738562090466,0.02@4196.65:tp1;0.02@4188.29:be;0.02@4188.29:be;0.02@4188.29:be,1187.949999999928,11.785281277637514,2025-11
M30#2000550,M30,2000550,IMB,buy,0.68,A,2025-11-13 04:00:00,2025-11-13 20:32:00,2025-11-14 09:21:00,769.0,4166.2,4166.2,4140.04,4181.9,4291.77,4166.2,4140.04,26.159999999999854,12.348571428571372,0.04,104.63999999999942,46.89000000000124,0.28,-2.0,44.610000000001236,0.44810779816515195,0.4263188073394637,partial_be,True,1.725917431192691,0.8019877675840856,0.01@4181.90:tp1;0.01@4197.59:tp1;0.01@4166.10:be;0.01@4166.10:be,1232.5599999999292,12.211600084976977,2025-11
M15#2001202,M15,2001202,IMB,buy,0.644,B,2025-11-13 15:45:00,2025-11-13 20:35:00,2025-11-14 09:25:00,770.0,4159.4,4159.4,4140.04,4171.02,4252.33,4159.4,4140.04,19.359999999999673,9.377142857142903,0.05,96.79999999999836,81.1100000000024,0.35000000000000003,-2.0,78.7600000000024,0.8379132231405348,0.8136363636364022,partial_be,True,2.6833677685951245,0.732438016528906,0.01@4171.02:tp1;0.01@4182.63:tp1;0.01@4205.86:tp1;0.02@4159.30:be,1311.3199999999317,13.025236448613379,2025-11
M10#2001738,M10,2001738,IMB,buy,0.624,B,2025-11-13 16:10:00,2025-11-13 20:35:00,2025-11-14 09:25:00,770.0,4160.26,4160.26,4144.58,4169.67,4235.52,4160.26,4144.58,15.680000000000291,8.992857142857117,0.07,109.76000000000202,65.45999999999822,0.48999999999999994,-2.5,62.46999999999822,0.5963921282798561,0.5691508746355418,partial_be,True,3.2582908163264794,0.9591836734693676,0.01@4169.67:tp1;0.01@4179.08:tp1;0.01@4197.89:tp1;0.04@4160.16:be,1373.78999999993,13.59438732324892,2025-11
M5#2003640,M5,2003640,IMB,sell,0.62,B,2025-11-14 17:05:00,2025-11-14 17:48:00,2025-11-14 17:58:00,10.0,4091.95,4091.95,4105.49,4083.83,4026.96,4105.49,4091.95,13.539999999999964,12.76642857142854,0.08,108.31999999999971,15.639999999997599,0.56,0.0,15.079999999997598,0.14438700147708308,0.13921713441652178,partial_be,True,0.7259970457902477,0.3530280649926638,0.02@4083.83:tp1;0.02@4092.05:be;0.02@4092.05:be;0.02@4092.05:be,1388.8699999999276,13.733604457665441,2025-11
M5#2003653,M5,2003653,IMB,buy,0.633,B,2025-11-14 18:45:00,2025-11-14 19:27:00,2025-11-14 20:01:00,34.0,4095.93,4095.93,4087.73,4100.85,4135.29,4095.93,4087.73,8.199999999999818,9.211428571428574,0.13,106.59999999999764,43.58000000000402,0.91,0.0,42.67000000000402,0.40881801125708245,0.4002814258912286,partial_be,True,1.7695121951219617,0.6207317073170492,0.03@4100.85:tp1;0.03@4105.77:tp1;0.03@4095.83:be;0.04@4095.83:be,1431.5399999999315,14.133885883556669,2025-11
M5#2003647,M5,2003647,OB,buy,0.634,B,2025-11-17 06:50:00,2025-11-17 07:31:00,2025-11-17 18:04:00,633.0,4059.05,4059.05,4040.97,4069.9,4145.83,4059.05,4040.97,18.080000000000382,3.2600000000000557,0.06,108.4800000000023,32.14999999999827,0.42000000000000004,0.0,31.72999999999827,0.29636799410027276,0.2924963126843436,partial_be,True,2.0481194690264912,0.5088495575221282,0.01@4069.90:tp1;0.01@4080.75:tp1;0.01@4058.95:be;0.03@4058.95:be,1463.2699999999297,14.426382196241013,2025-11
H1#2000311,H1,2000311,UW,buy,0.607,B,2025-11-17 07:00:00,2025-11-17 07:32:00,2025-11-17 18:05:00,633.0,4055.82,4055.82,4031.94,4070.15,4170.44,4055.82,4031.94,23.88000000000011,21.553571428571463,0.04,95.52000000000044,42.78999999999906,0.28,0.0,42.50999999999906,0.44796901172528125,0.4450376884421992,partial_be,True,1.6859296482411885,0.25000000000000955,0.01@4070.15:tp1;0.01@4084.48:tp1;0.01@4055.72:be;0.01@4055.72:be,1505.7799999999288,14.871419884683212,2025-11
M15#2001273,M15,2001273,UW,buy,0.605,B,2025-11-17 05:30:00,2025-11-17 07:33:00,2025-11-17 18:08:00,635.0,4053.5,4053.5,4031.94,4066.44,4156.99,4053.5,4031.94,21.559999999999945,9.890000000000034,0.05,107.79999999999973,38.51000000000022,0.35000000000000003,0.0,38.16000000000022,0.35723562152133875,0.3539888682745855,partial_be,True,1.9749536178107623,0.1692949907235668,0.01@4066.44:tp1;0.01@4079.37:tp1;0.01@4053.40:be;0.02@4053.40:be,1543.9399999999291,15.225408752957797,2025-11
M5#2003779,M5,2003779,OB,sell,0.577,B,2025-11-18 05:50:00,2025-11-18 10:32:00,2025-11-18 10:33:00,1.0,4028.67,4028.67,4035.11,4024.81,3997.76,4035.11,4028.67,6.440000000000055,5.946428571428571,0.17,109.48000000000093,-111.17999999999938,1.1900000000000002,0.0,-112.36999999999938,-1.0155279503105448,-1.026397515527936,sl,False,0.0,1.0605590062111598,0.04@4035.21:sl;0.04@4035.21:sl;0.04@4035.21:sl;0.05@4035.21:sl,1431.5699999999297,14.199011237429861,2025-11
M5#2003873,M5,2003873,IMB,buy,0.639,B,2025-11-19 07:50:00,2025-11-19 09:08:00,2025-11-19 09:59:00,51.0,4086.68,4086.68,4079.5,4090.99,4121.14,4086.68,4079.5,7.179999999999836,4.490000000000042,0.15,107.69999999999754,37.89000000000169,1.05,0.0,36.840000000001695,0.351810584958241,0.34206128133707087,partial_be,True,1.420612813370544,0.22423398328686758,0.03@4090.99:tp1;0.03@4095.30:tp1;0.03@4086.58:be;0.06@4086.58:be,1468.4099999999314,14.541072518766931,2025-11
M10#2001945,M10,2001945,IMB,buy,0.623,B,2025-11-19 13:20:00,2025-11-19 15:14:00,2025-11-19 16:30:00,76.0,4102.03,4102.03,4091.5,4108.35,4152.57,4102.03,4091.5,10.529999999999745,7.230000000000051,0.1,105.29999999999745,37.320000000005166,0.7000000000000001,0.0,36.62000000000516,0.35441595441601204,0.34776828110167185,partial_be,True,1.5963912630580064,0.10826210826205561,0.02@4108.35:tp1;0.02@4114.67:tp1;0.02@4101.93:be;0.04@4101.93:be,1505.0299999999365,14.888840799868603,2025-11
M5#2003889,M5,2003889,IMB,buy,0.619,B,2025-11-19 15:10:00,2025-11-19 17:53:00,2025-11-19 17:53:00,0.0,4098.15,4098.15,4091.5,4102.14,4130.07,4098.15,4091.5,6.649999999999636,4.174285714285686,0.17,113.04999999999382,-114.74999999999227,1.1900000000000002,0.0,-115.93999999999227,-1.0150375939849496,-1.0255639097744238,sl,False,0.0,1.20300751879699,0.04@4091.40:sl;0.04@4091.40:sl;0.04@4091.40:sl;0.05@4091.40:sl,1389.0899999999442,13.86327689009418,2025-11
M5#2003938,M5,2003938,IMB,buy,0.614,B,2025-11-20 02:20:00,2025-11-20 03:20:00,2025-11-20 03:29:00,9.0,4094.73,4094.73,4089.57,4097.83,4119.5,4094.73,4089.57,5.1599999999998545,4.86928571428585,0.22,113.51999999999681,13.800000000001093,1.5400000000000003,0.0,12.260000000001092,0.12156448202961136,0.10799859055674274,partial_be,True,0.8468992248062924,0.4399224806201639,0.05@4097.83:tp1;0.05@4094.63:be;0.05@4094.63:be;0.07@4094.63:be,1401.3499999999453,13.971275480650924,2025-11
M5#2003959,M5,2003959,UW,buy,0.655,A,2025-11-20 05:50:00,2025-11-20 10:04:00,2025-11-20 10:12:00,8.0,4051.21,4051.21,4043.35,4055.93,4088.94,4051.21,4043.35,7.860000000000127,6.179999999999934,0.14,110.0400000000018,-111.44000000000051,0.9800000000000001,0.0,-112.42000000000051,-1.0127226463104206,-1.0216284987277233,sl,False,0.5559796437658804,1.0445292620865017,0.03@4043.25:sl;0.03@4043.25:sl;0.03@4043.25:sl;0.05@4043.25:sl,1288.9299999999448,12.9496469819232,2025-11
M15#2001372,M15,2001372,OB,sell,0.702,A,2025-11-19 21:15:00,2025-11-20 01:52:00,2025-11-20 16:50:00,898.0,4106.67,4106.67,4129.51,4092.97,3997.04,4129.51,4106.67,22.840000000000146,13.197857142857076,0.04,91.36000000000058,95.82999999999994,0.28,0.0,95.54999999999994,1.0489273204903604,1.0458625218914113,partial_be,True,2.9711033274956082,0.18257443082311936,0.01@4092.97:tp1;0.01@4079.26:tp1;0.01@4051.85:tp1;0.01@4106.77:be,1384.4799999999448,13.995509503814612,2025-11
M5#2003991,M5,2003991,OB,buy,0.59,B,2025-11-20 10:50:00,2025-11-20 18:58:00,2025-11-20 19:35:00,37.0,4050.28,4050.28,4042.76,4054.79,4086.38,4050.28,4042.76,7.519999999999982,7.183571428571505,0.15,112.79999999999973,39.68999999999596,1.05,0.0,38.639999999995965,0.35186170212762463,0.3425531914893268,partial_be,True,1.4574468085105863,0.8803191489362183,0.03@4054.79:tp1;0.03@4059.30:tp1;0.03@4050.18:be;0.06@4050.18:be,1423.1199999999408,14.338062695303938,2025-11
M10#2002024,M10,2002024,IMB,buy,0.604,B,2025-11-21 01:20:00,2025-11-21 02:23:00,2025-11-21 02:53:00,30.0,4072.57,4072.57,4064.14,4077.63,4113.03,4072.57,4064.14,8.430000000000291,5.118571428571419,0.13,109.59000000000378,14.179999999996197,0.91,0.0,13.269999999996196,0.12939136782549235,0.12108769048266939,partial_be,True,0.8683274021351668,0.11506524317914842,0.03@4077.63:tp1;0.03@4072.47:be;0.03@4072.47:be;0.04@4072.47:be,1436.389999999937,14.459150385786607,2025-11
M5#2004076,M5,2004076,IMB,sell,0.566,B,2025-11-21 08:50:00,2025-11-21 10:27:00,2025-11-21 10:34:00,7.0,4045.92,4045.92,4051.55,4042.54,4018.9,4051.55,4045.92,5.630000000000109,7.777857142857231,0.2,112.60000000000218,15.400000000001913,1.4000000000000001,0.0,14.000000000001913,0.13676731793962357,0.12433392539965935,partial_be,True,0.8046181172291496,0.420959147424484,0.05@4042.54:tp1;0.05@4046.02:be;0.05@4046.02:be;0.05@4046.02:be,1450.3899999999387,14.583484311186266,2025-11
M10#2002050,M10,2002050,IMB,sell,0.643,B,2025-11-21 09:00:00,2025-11-21 10:27:00,2025-11-21 11:01:00,34.0,4045.92,4045.92,4057.06,4039.24,3992.45,4057.06,4045.92,11.139999999999873,8.381428571428646,0.1,111.39999999999873,12.56000000000131,0.7000000000000001,0.0,11.86000000000131,0.11274685816877426,0.10646319569121586,partial_be,True,0.6131059245960507,0.21274685816875386,0.02@4039.24:tp1;0.02@4046.02:be;0.02@4046.02:be;0.04@4046.02:be,1462.24999999994,14.689947506877482,2025-11
M5#2004088,M5,2004088,IMB,buy,0.579,B,2025-11-21 15:00:00,2025-11-21 17:41:00,2025-11-21 17:43:00,2.0,4055.53,4055.53,4050.02,4058.84,4081.98,4055.53,4050.02,5.510000000000218,7.294999999999943,0.2,110.20000000000437,15.04999999999427,1.4000000000000001,0.0,13.64999999999427,0.1365698729582003,0.12386569872952567,partial_be,True,0.8439201451904632,0.050816696914734845,0.05@4058.84:tp1;0.05@4055.43:be;0.05@4055.43:be;0.05@4055.43:be,1475.8999999999342,14.813813205607008,2025-11
M5#2004103,M5,2004103,UW,buy,0.584,B,2025-11-21 18:15:00,2025-11-21 22:33:00,2025-11-21 22:35:00,2.0,4061.33,4061.33,4055.25,4064.98,4090.51,4061.33,4055.25,6.079999999999927,6.169999999999975,0.18,109.43999999999872,13.200000000001639,1.2600000000000002,0.0,11.940000000001639,0.12061403508773569,0.10910087719299871,partial_be,True,0.6101973684210659,0.2878289473684245,0.04@4064.98:tp1;0.04@4061.23:be;0.04@4061.23:be;0.06@4061.23:be,1487.8399999999358,14.922914082800007,2025-11
M5#2004237,M5,2004237,OB,sell,0.587,B,2025-11-25 08:40:00,2025-11-25 15:20:00,2025-11-25 15:30:00,10.0,4146.09,4146.09,4151.38,4142.92,4120.7,4151.38,4146.09,5.289999999999964,4.162142857142824,0.21,111.08999999999925,46.500000000008185,1.4700000000000002,0.0,45.03000000000819,0.41857953011079757,0.4053470159331037,partial_be,True,1.4896030245747,0.5141776937618664,0.05@4142.92:tp1;0.05@4139.74:tp1;0.05@4146.19:be;0.06@4146.19:be,1532.869999999944,15.328261098733112,2025-11
M5#2004353,M5,2004353,IMB,buy,0.606,B,2025-11-26 18:00:00,2025-11-27 03:18:00,2025-11-27 03:38:00,20.0,4152.25,4152.25,4146.92,4155.45,4177.83,4152.25,4146.92,5.329999999999927,5.554999999999966,0.22,117.25999999999841,14.299999999992908,1.5400000000000003,0.0,12.759999999992907,0.12195121951213629,0.10881801125697663,partial_be,True,0.8142589118199258,0.6772983114446007,0.05@4155.45:tp1;0.05@4152.15:be;0.05@4152.15:be;0.07@4152.15:be,1545.629999999937,15.437079109990089,2025-11
M10#2002119,M10,2002119,IMB,buy,0.618,B,2025-11-25 08:20:00,2025-11-25 10:54:00,2025-11-28 02:34:00,3820.0,4110.24,4110.24,4095.71,4118.96,4179.98,4110.24,4095.71,14.529999999999745,4.977857142856984,0.07,101.7099999999982,339.9899999999998,0.48999999999999994,-10.0,329.4999999999998,3.342739160357937,3.2396027922525374,tp2,True,4.90158293186521,0.03578802477629292,0.01@4118.96:tp1;0.01@4127.68:tp1;0.01@4145.11:tp1;0.04@4179.98:tp2,1875.1299999999367,18.676681902242628,2025-11
M15#2001476,M15,2001476,IMB,buy,0.673,A,2025-11-24 22:00:00,2025-11-25 10:54:00,2025-11-28 02:34:00,3820.0,4110.24,4110.24,4095.71,4118.96,4179.98,4110.24,4095.71,14.529999999999745,7.654999999999908,0.07,101.7099999999982,339.9899999999998,0.48999999999999994,-10.0,329.4999999999998,3.342739160357937,3.2396027922525374,tp2,True,4.90158293186521,0.03578802477629292,0.01@4118.96:tp1;0.01@4127.68:tp1;0.01@4145.11:tp1;0.04@4179.98:tp2,2204.6299999999364,21.916284694495165,2025-11
M10#2002278,M10,2002278,IMB,buy,0.65,A,2025-11-28 06:10:00,2025-11-28 07:09:00,2025-11-28 07:24:00,15.0,4176.63,4176.63,4171.88,4179.48,4199.43,4176.63,4171.88,4.75,3.4971428571428596,0.25,118.75,118.9999999999909,1.75,0.0,117.2499999999909,1.0021052631578182,0.987368421052555,partial_be,True,2.4210526315789473,4.103157894736796,0.06@4179.48:tp1;0.06@4182.33:tp1;0.06@4188.03:tp1;0.07@4176.53:be,2321.8799999999273,22.90365311554772,2025-11
M15#2001581,M15,2001581,IMB,buy,0.596,B,2025-11-28 06:45:00,2025-11-28 07:09:00,2025-11-28 07:24:00,15.0,4178.13,4178.13,4171.88,4181.88,4208.13,4178.13,4171.88,6.25,4.994999999999891,0.19,118.75,43.899999999996,1.33,0.0,42.569999999996,0.3696842105262821,0.3584842105262821,partial_be,True,1.6,3.358399999999965,0.04@4181.88:tp1;0.04@4185.63:tp1;0.04@4178.03:be;0.07@4178.03:be,2364.4499999999234,23.262137326074,2025-11
M5#2004477,M5,2004477,IMB,buy,0.632,B,2025-11-28 13:25:00,2025-11-28 14:00:00,2025-11-28 15:25:00,85.0,4168.39,4168.39,4163.17,4171.52,4193.45,4168.39,4163.17,5.220000000000255,4.487142857142771,0.23,120.06000000000586,45.64999999999237,1.6099999999999999,0.0,44.03999999999237,0.38022655338988953,0.36681659170406644,partial_be,True,1.8716475095783622,0.18582375478931176,0.05@4171.52:tp1;0.05@4174.65:tp1;0.05@4168.29:be;0.08@4168.29:be,2408.4899999999157,23.628953917778066,2025-11
M5#2004499,M5,2004499,UW,sell,0.601,B,2025-11-28 17:00:00,2025-11-28 17:57:00,2025-11-28 18:16:00,19.0,4202.44,4202.44,4208.34,4198.9,4174.12,4208.34,4202.44,5.900000000000546,5.524999999999831,0.21,123.90000000001147,16.099999999993997,1.4700000000000002,0.0,14.629999999993997,0.12994350282479827,0.11807909604513835,partial_be,True,0.6762711864405784,0.5644067796609524,0.05@4198.90:tp1;0.05@4202.54:be;0.05@4202.54:be;0.06@4202.54:be,2423.11999999991,23.747033013823206,2025-11
M5#3002654,M5,3002654,IMB,sell,0.611,B,2025-12-01 08:00:00,2025-12-01 08:10:00,2025-12-01 08:30:00,20.0,4233.54,4233.54,4239.53,4229.95,4204.79,4239.53,4233.54,5.989999999999782,6.246428571428688,0.2,119.79999999999563,16.44999999999527,1.4000000000000001,0.0,15.04999999999527,0.1373121869782627,0.12562604340564124,partial_be,True,1.1986644407346498,0.1385642737896423,0.05@4229.95:tp1;0.05@4233.64:be;0.05@4233.64:be;0.05@4233.64:be,2438.169999999905,23.872659057228848,2025-12
M10#2002363,M10,2002363,UW,buy,0.6,B,2025-12-01 22:40:00,2025-12-01 22:57:00,2025-12-01 23:35:00,38.0,4235.14,4235.14,4229.37,4238.6,4262.84,4235.14,4229.37,5.770000000000437,5.552857142857127,0.21,121.17000000000918,15.699999999994361,1.4700000000000002,0.0,14.22999999999436,0.12957002558383404,0.11743830981260446,partial_be,True,0.9341421143845772,0.14038128249572598,0.05@4238.60:tp1;0.05@4235.04:be;0.05@4235.04:be;0.06@4235.04:be,2452.3999999998996,23.990097367041454,2025-12
M15#3000981,M15,3000981,IMB,sell,0.572,B,2025-12-02 13:15:00,2025-12-02 13:29:00,2025-12-02 13:55:00,26.0,4195.86,4195.86,4204.75,4190.53,4153.19,4204.75,4195.86,8.890000000000327,7.33428571428567,0.14,124.4600000000046,-125.86000000000966,0.9800000000000001,0.0,-126.84000000000967,-1.0112485939257996,-1.0191226096738308,sl,False,0.13048368953878647,1.0742407199099921,0.03@4204.85:sl;0.03@4204.85:sl;0.03@4204.85:sl;0.05@4204.85:sl,2325.55999999989,22.97097475736762,2025-12
M5#3002608,M5,3002608,IMB,buy,0.614,B,2025-12-02 11:00:00,2025-12-02 11:36:00,2025-12-02 13:58:00,142.0,4182.15,4182.15,4177.24,4185.1,4205.72,4182.15,4177.24,4.9099999999998545,3.610714285714234,0.25,122.74999999999636,290.5100000000102,1.75,0.0,288.7600000000102,2.3666802443993387,2.3524236252547355,tp2,True,4.828920570264916,0.18533604887981292,0.06@4185.40:tp1;0.06@4188.04:tp1;0.06@4193.93:tp1;0.07@4205.72:tp2,2614.3199999999,25.323398382622358,2025-12
M10#3001413,M10,3001413,IMB,sell,0.615,B,2025-12-02 21:50:00,2025-12-02 22:38:00,2025-12-03 01:09:00,151.0,4210.91,4210.91,4217.45,4206.99,4179.52,4217.45,4210.91,6.539999999999964,4.922857142857278,0.19,124.25999999999931,45.97999999999411,1.33,6.750000000000002,51.39999999999411,0.37003058103971,0.4136488009012908,partial_be,True,1.221712538226273,0.25076452599393523,0.04@4206.99:tp1;0.04@4203.06:tp1;0.04@4211.01:be;0.07@4211.01:be,2665.7199999998943,25.73704718352365,2025-12
M5#3002861,M5,3002861,UW,buy,0.57,B,2025-12-03 18:30:00,2025-12-03 18:53:00,2025-12-03 18:54:00,1.0,4212.35,4212.35,4206.26,4216.0,4241.58,4212.35,4206.26,6.0900000000001455,5.338571428571413,0.2,121.80000000000291,-123.80000000001019,1.4000000000000001,0.0,-125.20000000001019,-1.0164203612480067,-1.0279146141215698,sl,False,0.0,1.0032840722496612,0.05@4206.16:sl;0.05@4206.16:sl;0.05@4206.16:sl;0.05@4206.16:sl,2540.519999999884,24.70913256940208,2025-12
M5#3002914,M5,3002914,IMB,sell,0.565,B,2025-12-04 08:15:00,2025-12-04 08:38:00,2025-12-04 09:15:00,37.0,4186.93,4186.93,4194.16,4182.59,4152.23,4194.16,4186.93,7.229999999999563,5.182857142857172,0.17,122.90999999999258,-124.60999999999876,1.1900000000000002,0.0,-125.79999999999876,-1.013831258644588,-1.023513139695764,sl,False,0.0,1.0484094052559316,0.04@4194.26:sl;0.04@4194.26:sl;0.04@4194.26:sl;0.05@4194.26:sl,2414.719999999885,23.685619429706314,2025-12
M5#3002942,M5,3002942,IMB,buy,0.703,A,2025-12-04 16:30:00,2025-12-04 16:42:00,2025-12-04 16:46:00,4.0,4198.05,4198.05,4193.0,4201.08,4222.29,4198.05,4193.0,5.050000000000182,5.102142857142878,0.24,121.20000000000437,16.379999999991924,1.68,0.0,14.699999999991924,0.13514851485141363,0.12128712871280029,partial_be,True,0.6851485148514677,0.8653465346534126,0.06@4201.08:tp1;0.06@4197.95:be;0.06@4197.95:be;0.06@4197.95:be,2429.4199999998773,23.806906558419115,2025-12
M10#3001374,M10,3001374,OB,sell,0.645,B,2025-12-05 14:10:00,2025-12-05 17:32:00,2025-12-05 18:14:00,42.0,4250.88,4250.88,4259.94,4245.44,4207.39,4259.94,4250.88,9.05999999999949,3.2057142857143583,0.13,117.77999999999338,288.1099999999997,0.91,0.0,287.19999999999965,2.446170826965664,2.43844455764999,tp2,True,5.215231788079763,0.9646799116999097,0.03@4245.44:tp1;0.03@4240.01:tp1;0.03@4229.14:tp1;0.04@4207.39:tp2,2716.619999999877,26.245351116069106,2025-12
M5#3003031,M5,3003031,UW,buy,0.643,B,2025-12-05 18:55:00,2025-12-05 21:08:00,2025-12-05 21:41:00,33.0,4205.16,4205.16,4198.79,4208.98,4235.74,4205.16,4198.79,6.369999999999891,9.20071428571425,0.19,121.02999999999793,13.780000000007021,1.33,0.0,12.450000000007021,0.11385606874334675,0.10286705775433558,partial_be,True,0.8273155416013386,0.22135007849291657,0.04@4208.98:tp1;0.04@4205.06:be;0.04@4205.06:be;0.07@4205.06:be,2729.069999999884,26.34821817382344,2025-12
M15#3001105,M15,3001105,UW,sell,0.621,B,2025-12-08 20:15:00,2025-12-09 05:33:00,2025-12-09 11:04:00,331.0,4198.35,4198.35,4210.7,4190.94,4139.07,4210.7,4198.35,12.349999999999454,9.424285714285686,0.1,123.49999999999454,43.86000000000604,0.7000000000000001,0.0,43.160000000006036,0.3551417004049229,0.3494736842105906,partial_be,True,2.2753036437248264,0.051012145748925306,0.02@4190.94:tp1;0.02@4183.53:tp1;0.02@4198.45:be;0.04@4198.45:be,2772.2299999998904,26.69769185803403,2025-12
M10#3001575,M10,3001575,UW,sell,0.619,B,2025-12-09 05:50:00,2025-12-09 11:05:00,2025-12-09 11:19:00,14.0,4201.82,4201.82,4210.7,4196.49,4159.2,4210.7,4201.82,8.88000000000011,3.368571428571223,0.14,124.32000000000154,-125.72000000000662,0.9800000000000001,0.0,-126.70000000000663,-1.011261261261302,-1.0191441441441849,sl,False,0.2207207207207221,1.0326576576576532,0.03@4210.80:sl;0.03@4210.80:sl;0.03@4210.80:sl;0.05@4210.80:sl,2645.529999999884,25.678547713889845,2025-12
M5#3003084,M5,3003084,UW,sell,0.673,A,2025-12-09 08:25:00,2025-12-09 11:05:00,2025-12-09 11:19:00,14.0,4201.8,4201.8,4210.7,4196.46,4159.08,4210.7,4201.8,8.899999999999636,3.1935714285713663,0.14,124.59999999999492,-126.0,0.9800000000000001,0.0,-126.98,-1.011235955056221,-1.0191011235955472,sl,False,0.21797752808995377,1.0325842696629186,0.03@4210.80:sl;0.03@4210.80:sl;0.03@4210.80:sl;0.05@4210.80:sl,2518.5499999998838,24.659446590294298,2025-12
M30#3000566,M30,3000566,IMB,buy,0.571,B,2025-12-09 14:00:00,2025-12-09 14:18:00,2025-12-09 15:26:00,68.0,4200.72,4200.72,4191.9,4206.01,4243.06,4200.72,4191.9,8.820000000000618,7.696428571428636,0.14,123.48000000000867,14.769999999995887,0.9800000000000001,0.0,13.789999999995887,0.11961451247161362,0.11167800453510623,partial_be,True,0.82199546485255,0.23922902494335987,0.03@4206.01:tp1;0.03@4200.62:be;0.03@4200.62:be;0.05@4200.62:be,2532.3399999998796,24.771124594829406,2025-12
M5#3003153,M5,3003153,IMB,buy,0.752,A,2025-12-09 11:50:00,2025-12-09 15:30:00,2025-12-09 16:04:00,34.0,4197.89,4197.89,4191.9,4201.48,4226.64,4197.89,4191.9,5.990000000000691,4.066428571428527,0.2,119.80000000001382,16.449999999990723,1.4000000000000001,0.0,15.049999999990723,0.13731218697820388,0.1256260434055842,partial_be,True,0.9081803005006631,0.3355592654424017,0.05@4201.48:tp1;0.05@4197.79:be;0.05@4197.79:be;0.05@4197.79:be,2547.3899999998703,24.89675063823499,2025-12
M15#3001149,M15,3001149,OB,sell,0.589,B,2025-12-10 07:00:00,2025-12-10 07:47:00,2025-12-10 11:03:00,196.0,4213.63,4213.63,4217.46,4211.33,4195.25,4217.46,4213.63,3.8299999999999272,4.213571428571478,0.32,122.55999999999767,275.7600000000093,2.24,0.0,273.5200000000093,2.2500000000001186,2.2317232375980294,tp2,True,4.9216710182769505,0.31592689295040716,0.08@4211.33:tp1;0.08@4209.03:tp1;0.08@4204.44:tp1;0.08@4195.25:tp2,2820.90999999988,27.12847387583302,2025-12
M30#3000540,M30,3000540,OB,sell,0.652,A,2025-12-09 19:30:00,2025-12-10 22:12:00,2025-12-11 01:50:00,218.0,4231.94,4231.94,4248.55,4221.97,4152.21,4248.55,4231.94,16.610000000000582,9.992857142857117,0.07,116.27000000000406,9.369999999997162,0.48999999999999994,0.8999999999999999,9.779999999997163,0.08058828588627191,0.08411456093572564,partial_be,True,0.6219145093317017,0.42022877784468565,0.01@4221.97:tp1;0.01@4232.04:be;0.01@4232.04:be;0.04@4232.04:be,2830.689999999877,27.212588436768744,2025-12
M10#3001540,M10,3001540,OB,sell,0.692,A,2025-12-10 21:10:00,2025-12-10 22:16:00,2025-12-11 02:09:00,233.0,4237.31,4237.31,4257.24,4225.35,4141.65,4257.24,4237.31,19.92999999999938,5.244285714285719,0.06,119.5799999999963,11.460000000002765,0.42000000000000004,0.75,11.790000000002765,0.09583542398396988,0.09859508278979034,partial_be,True,0.7877571500251488,0.08078273958854604,0.01@4225.35:tp1;0.01@4237.41:be;0.01@4237.41:be;0.03@4237.41:be,2842.4799999998795,27.311183519558533,2025-12
M5#3003244,M5,3003244,OB,buy,0.719,A,2025-12-11 03:00:00,2025-12-11 05:12:00,2025-12-11 14:02:00,530.0,4209.69,4209.69,4187.41,4223.06,4316.63,4209.69,4187.41,22.279999999999745,3.5378571428571246,0.05,111.39999999999873,12.970000000002983,0.35000000000000003,0.0,12.620000000002983,0.11642728904850208,0.11328545780972286,partial_be,True,0.7226211849192347,0.23473967684019853,0.01@4223.06:tp1;0.01@4209.59:be;0.01@4209.59:be;0.02@4209.59:be,2855.0999999998826,27.424468977368257,2025-12
M15#3001083,M15,3001083,OB,sell,0.607,B,2025-12-10 22:45:00,2025-12-11 02:12:00,2025-12-11 16:37:00,865.0,4239.92,4239.78,4253.75,4231.4,4172.72,4253.75,4239.78,13.970000000000255,13.126428571428473,0.09,125.73000000000232,118.30000000000018,0.6300000000000001,0.0,117.67000000000019,0.9409051141334447,0.9358943768392429,partial_be,True,2.518969219756547,0.5705082319254975,0.02@4231.40:tp1;0.02@4223.02:tp1;0.02@4206.25:tp1;0.03@4239.88:be,2972.7699999998827,28.3603633542075,2025-12
M10#3001721,M10,3001721,IMB,buy,0.662,A,2025-12-11 19:50:00,2025-12-11 20:58:00,2025-12-11 22:07:00,69.0,4270.98,4270.98,4261.04,4276.94,4318.69,4270.98,4261.04,9.9399999999996,8.33071428571436,0.13,129.2199999999948,16.880000000005566,0.91,0.0,15.970000000005566,0.1306299334468832,0.12358767992575614,partial_be,True,0.6569416498994887,0.7957746478873413,0.03@4276.94:tp1;0.03@4270.88:be;0.03@4270.88:be;0.04@4270.88:be,2988.7399999998884,28.483951034133256,2025-12
M15#3001209,M15,3001209,IMB,buy,0.657,A,2025-12-11 20:00:00,2025-12-11 20:57:00,2025-12-12 02:53:00,356.0,4272.13,4272.13,4262.94,4277.64,4316.24,4272.13,4262.94,9.19000000000051,10.462857142857242,0.14,128.66000000000716,48.81999999999698,0.9800000000000001,-4.0,43.839999999996984,0.3794497124202881,0.34074304368097735,partial_be,True,1.2633297062022883,0.9858541893362239,0.03@4277.64:tp1;0.03@4283.16:tp1;0.03@4272.03:be;0.05@4272.03:be,3032.5799999998853,28.824694077814232,2025-12
M15#3001180,M15,3001180,OB,buy,0.738,A,2025-12-11 05:00:00,2025-12-11 05:12:00,2025-12-12 12:59:00,1907.0,4212.15,4212.15,4187.41,4226.99,4330.9,4212.15,4187.41,24.73999999999978,6.952142857142787,0.05,123.69999999999891,341.41000000000076,0.35000000000000003,-1.0,340.06000000000074,2.7599838318512835,2.7490703314470797,tp2,True,4.8007275666936735,0.3108326596604554,0.01@4226.99:tp1;0.01@4241.84:tp1;0.01@4271.53:tp1;0.02@4330.90:tp2,3372.639999999886,31.57376440926131,2025-12
M15#3001224,M15,3001224,IMB,buy,0.583,B,2025-12-12 17:15:00,2025-12-12 17:29:00,2025-12-12 17:30:00,1.0,4301.5,4301.5,4295.64,4305.02,4329.63,4301.5,4295.64,5.859999999999673,8.936428571428483,0.22,128.91999999999283,-131.1200000000008,1.5400000000000003,0.0,-132.6600000000008,-1.0170648464164451,-1.0290102389079132,sl,False,0.6023890784982837,1.0716723549488218,0.05@4295.54:sl;0.05@4295.54:sl;0.05@4295.54:sl;0.07@4295.54:sl,3239.9799999998854,30.5447541703534,2025-12
M10#3001760,M10,3001760,IMB,sell,0.616,B,2025-12-15 04:20:00,2025-12-15 04:31:00,2025-12-15 05:32:00,61.0,4327.99,4327.99,4340.97,4320.2,4265.69,4340.97,4327.99,12.980000000000473,5.262857142857229,0.1,129.80000000000473,14.779999999997017,0.7000000000000001,0.0,14.079999999997018,0.1138674884437325,0.10847457627115951,partial_be,True,0.6502311248073415,0.15716486902933735,0.02@4320.20:tp1;0.02@4328.09:be;0.02@4328.09:be;0.04@4328.09:be,3254.0599999998826,30.65322874662456,2025-12
M5#3003401,M5,3003401,IMB,sell,0.693,A,2025-12-15 01:10:00,2025-12-15 04:31:00,2025-12-15 07:56:00,205.0,4327.99,4327.99,4343.29,4318.81,4254.55,4343.29,4327.99,15.300000000000182,2.8428571428572207,0.08,122.40000000000146,-123.20000000000437,0.56,0.0,-123.76000000000437,-1.006535947712442,-1.0111111111111348,sl,False,0.5516339869280719,1.0078431372548948,0.02@4343.39:sl;0.02@4343.39:sl;0.02@4343.39:sl;0.02@4343.39:sl,3130.2999999998783,29.642117635513426,2025-12
M15#3001253,M15,3001253,IMB,buy,0.597,B,2025-12-15 09:30:00,2025-12-15 09:38:00,2025-12-15 12:33:00,175.0,4338.09,4338.09,4331.01,4342.34,4372.07,4338.09,4331.01,7.079999999999927,4.696428571428506,0.18,127.43999999999872,49.99999999999636,1.2600000000000002,0.0,48.739999999996364,0.3923414940363847,0.38245448838666707,partial_be,True,1.7217514124293396,0.6525423728813472,0.04@4342.34:tp1;0.04@4346.59:tp1;0.04@4337.99:be;0.06@4337.99:be,3179.0399999998745,30.024572123900093,2025-12
M5#3003457,M5,3003457,IMB,buy,0.653,A,2025-12-15 08:15:00,2025-12-15 09:39:00,2025-12-15 13:07:00,208.0,4335.7,4335.7,4331.01,4338.51,4358.21,4335.7,4331.01,4.6899999999996,3.547857142857083,0.27,126.6299999999892,117.30000000000928,1.8900000000000001,0.0,115.41000000000928,0.9263207770671981,0.9113954039328683,partial_be,True,3.108742004264642,0.47547974413640803,0.06@4338.51:tp1;0.06@4341.33:tp1;0.06@4346.96:tp1;0.09@4335.60:be,3294.449999999884,30.93596752783296,2025-12
M10#3001798,M10,3001798,IMB,buy,0.605,B,2025-12-15 08:50:00,2025-12-15 09:39:00,2025-12-15 13:07:00,208.0,4336.06,4336.06,4331.01,4339.09,4360.3,4336.06,4331.01,5.050000000000182,4.5342857142857484,0.26,131.30000000000473,126.45999999999185,1.82,0.0,124.63999999999186,0.9631378522466664,0.949276466108053,partial_be,True,2.8158415841581848,0.5128712871287232,0.06@4339.09:tp1;0.06@4342.12:tp1;0.06@4348.18:tp1;0.08@4335.96:be,3419.0899999998755,31.885243993941014,2025-12
M5#3003534,M5,3003534,IMB,sell,0.554,B,2025-12-16 14:55:00,2025-12-16 15:08:00,2025-12-16 15:30:00,22.0,4295.36,4295.36,4304.27,4290.01,4252.59,4304.27,4295.36,8.910000000000764,3.199999999999883,0.15,133.65000000001146,-135.15000000000327,1.05,0.0,-136.20000000000329,-1.0112233445566157,-1.0190796857462896,sl,False,0.16947250280574402,1.3681257014589747,0.03@4304.37:sl;0.03@4304.37:sl;0.03@4304.37:sl;0.06@4304.37:sl,3282.889999999872,30.866164308194726,2025-12
M5#3003497,M5,3003497,OB,sell,0.572,B,2025-12-16 14:50:00,2025-12-16 16:03:00,2025-12-16 16:18:00,15.0,4318.77,4318.77,4325.74,4314.59,4285.31,4325.74,4318.77,6.969999999999345,3.257142857142753,0.19,132.42999999998756,-134.32999999999447,1.33,0.0,-135.65999999999448,-1.014347202295606,-1.0243902439024937,sl,False,0.5337159253946347,1.0832137733143317,0.04@4325.84:sl;0.04@4325.84:sl;0.04@4325.84:sl;0.07@4325.84:sl,3147.2299999998777,29.84177406429223,2025-12
M5#3003485,M5,3003485,OB,sell,0.588,B,2025-12-17 03:30:00,2025-12-17 07:38:00,2025-12-17 10:09:00,151.0,4338.04,4338.04,4343.89,4334.53,4309.96,4343.89,4338.04,5.850000000000364,2.810714285714247,0.22,128.70000000000803,319.40999999999804,1.5400000000000003,0.0,317.869999999998,2.481818181818012,2.4698523698522004,tp2,True,4.9743589743587275,0.7760683760683216,0.05@4334.53:tp1;0.05@4331.02:tp1;0.05@4324.00:tp1;0.07@4309.96:tp2,3465.0999999998758,32.31162643414443,2025-12
M10#3001946,M10,3001946,IMB,buy,0.659,A,2025-12-18 16:20:00,2025-12-18 16:29:00,2025-12-18 16:35:00,6.0,4332.87,4332.87,4323.71,4338.37,4376.84,4332.87,4323.71,9.159999999999854,6.310714285714247,0.14,128.239999999998,15.400000000006,0.9800000000000001,0.0,14.420000000005999,0.12008733624459014,0.11244541484721012,partial_be,True,0.8897379912664493,0.28056768558949235,0.03@4338.37:tp1;0.03@4332.77:be;0.03@4332.77:be;0.05@4332.77:be,3479.5199999998817,32.42407184899164,2025-12
M5#3003762,M5,3003762,IMB,buy,0.762,A,2025-12-18 18:40:00,2025-12-18 18:52:00,2025-12-18 19:06:00,14.0,4361.99,4361.99,4346.91,4371.04,4434.37,4361.99,4346.91,15.079999999999927,7.524285714285464,0.08,120.63999999999942,-121.43999999999507,0.56,0.0,-121.99999999999507,-1.006631299734712,-1.0112732095490355,sl,False,0.09549071618040558,1.156498673740032,0.02@4346.81:sl;0.02@4346.81:sl;0.02@4346.81:sl;0.02@4346.81:sl,3357.5199999998867,31.412798639442602,2025-12
M30#3000685,M30,3000685,IMB,sell,0.597,B,2025-12-18 23:30:00,2025-12-19 17:06:00,2025-12-19 19:55:00,169.0,4341.91,4341.91,4356.33,4333.26,4272.69,4356.33,4341.91,14.420000000000073,16.50142857142867,0.09,129.78000000000068,-130.68000000000393,0.6300000000000001,0.0,-131.31000000000392,-1.0069348127600803,-1.0117891816921192,sl,False,0.4597780859916204,1.0159500693480972,0.02@4356.43:sl;0.02@4356.43:sl;0.02@4356.43:sl;0.03@4356.43:sl,3226.2099999998827,30.401009457750483,2025-12
M10#3002090,M10,3002090,IMB,buy,0.652,A,2025-12-23 21:40:00,2025-12-23 23:56:00,2025-12-24 02:09:00,133.0,4484.19,4484.19,4478.35,4487.69,4512.22,4484.19,4478.35,5.839999999999236,5.906428571428543,0.22,128.47999999998322,318.86000000000786,1.5400000000000003,-25.5,291.82000000000784,2.481787048568256,2.27132627646362,tp2,True,4.886986301370496,0.3116438356164293,0.05@4487.69:tp1;0.05@4491.20:tp1;0.05@4498.21:tp1;0.07@4512.22:tp2,3518.0299999998906,32.6723357342141,2025-12
M5#3004173,M5,3004173,IMB,sell,0.604,B,2025-12-29 02:55:00,2025-12-29 03:11:00,2025-12-29 04:23:00,72.0,4511.89,4511.89,4521.93,4505.87,4463.7,4521.93,4511.89,10.039999999999964,11.928571428571493,0.13,130.51999999999953,53.510000000005675,0.91,0.0,52.60000000000568,0.409975482684691,0.4030033711309061,partial_be,True,1.931274900398446,0.5737051792828923,0.03@4505.87:tp1;0.03@4499.84:tp1;0.03@4511.99:be;0.04@4511.99:be,3570.6299999998964,33.07533910534501,2025-12
M15#3001489,M15,3001489,UW,buy,0.586,B,2025-12-29 04:00:00,2025-12-29 08:30:00,2025-12-29 08:40:00,10.0,4487.16,4487.16,4472.31,4496.07,4558.44,4487.16,4472.31,14.849999999999454,17.028571428571404,0.09,133.64999999999512,17.12000000000353,0.6300000000000001,0.0,16.49000000000353,0.12809577254024807,0.12338196782644319,partial_be,True,0.7138047138047645,0.1649831649831588,0.02@4496.07:tp1;0.02@4487.06:be;0.02@4487.06:be;0.03@4487.06:be,3587.1199999999,33.198721073171455,2025-12
M15#3001514,M15,3001514,IMB,sell,0.629,B,2025-12-29 18:30:00,2025-12-29 18:54:00,2025-12-29 22:04:00,190.0,4342.73,4342.73,4358.75,4333.12,4265.83,4358.75,4342.73,16.020000000000437,23.839999999999886,0.08,128.1600000000035,57.25999999999658,0.56,0.0,56.69999999999658,0.44678526841444305,0.4424157303370399,partial_be,True,1.7322097378276682,0.3127340823970656,0.02@4333.12:tp1;0.02@4323.51:tp1;0.02@4342.83:be;0.02@4342.83:be,3643.8199999998965,33.641136803508495,2025-12
M10#3002223,M10,3002223,IMB,sell,0.619,B,2025-12-29 18:30:00,2025-12-29 18:54:00,2025-12-30 01:08:00,374.0,4345.58,4345.58,4358.75,4337.68,4282.36,4358.75,4345.58,13.170000000000073,19.131428571428646,0.1,131.70000000000073,46.79999999999745,0.7000000000000001,0.8999999999999999,46.99999999999745,0.35535307517082154,0.356871678056167,partial_be,True,2.3234624145786027,0.16400911161736917,0.02@4337.68:tp1;0.02@4329.78:tp1;0.02@4345.68:be;0.04@4345.68:be,3690.8199999998938,33.99800848156466,2025-12
M5#3004224,M5,3004224,IMB,sell,0.663,A,2025-12-29 17:55:00,2025-12-29 18:55:00,2025-12-30 01:09:00,374.0,4346.77,4346.77,4358.75,4339.58,4289.27,4358.75,4346.77,11.979999999999563,14.647857142857188,0.11,131.7799999999952,100.14000000000398,0.77,0.75,100.12000000000398,0.7599028684171166,0.7597511003187709,partial_be,True,2.653589315526046,0.08096828046746996,0.02@4339.58:tp1;0.02@4332.39:tp1;0.02@4318.02:tp1;0.05@4346.87:be,3790.9399999998977,34.757759581883434,2025-12
M5#3004271,M5,3004271,IMB,buy,0.551,B,2025-12-30 07:55:00,2025-12-30 08:17:00,2025-12-30 08:24:00,7.0,4371.26,4371.26,4365.71,4374.59,4397.9,4371.26,4365.71,5.550000000000182,4.633571428571291,0.24,133.20000000000437,-135.6000000000131,1.68,0.0,-137.2800000000131,-1.018018018018083,-1.0306306306306952,sl,False,0.2774774774774618,1.070270270270327,0.06@4365.61:sl;0.06@4365.61:sl;0.06@4365.61:sl;0.06@4365.61:sl,3653.659999999885,33.72712895125274,2025-12
M30#3000765,M30,3000765,IMB,sell,0.647,B,2025-12-30 03:00:00,2025-12-30 04:00:00,2025-12-30 12:30:00,510.0,4360.55,4360.55,4385.92,4345.33,4238.77,4385.92,4360.55,25.36999999999989,12.855714285714255,0.05,126.84999999999945,-127.35000000000127,0.35000000000000003,0.0,-127.70000000000127,-1.0039416633819616,-1.0067008277493246,sl,False,0.45683878596768607,1.108395743003548,0.01@4386.02:sl;0.01@4386.02:sl;0.01@4386.02:sl;0.02@4386.02:sl,3525.9599999998836,32.72042812350341,2025-12
M30#3000760,M30,3000760,IMB,sell,0.578,B,2025-12-30 12:00:00,2025-12-30 12:31:00,2025-12-30 13:10:00,39.0,4389.77,4389.77,4406.74,4379.59,4308.31,4406.74,4389.77,16.969999999999345,12.536428571428457,0.08,135.75999999999476,19.760000000003856,0.56,0.0,19.200000000003858,0.14555097230410002,0.1414260459634988,partial_be,True,0.6281673541544593,0.1302298173246442,0.02@4379.59:tp1;0.02@4389.87:be;0.02@4389.87:be;0.02@4389.87:be,3545.1599999998875,32.86185416946691,2025-12
M5#3004221,M5,3004221,UW,sell,0.557,B,2025-12-30 09:20:00,2025-12-30 14:19:00,2025-12-30 14:39:00,20.0,4398.6,4398.6,4405.59,4394.41,4365.05,4405.59,4398.6,6.989999999999782,5.473571428571371,0.19,132.80999999999585,15.260000000010223,1.33,0.0,13.930000000010223,0.11490098637158873,0.10488668021994321,partial_be,True,0.9599427753935844,0.22603719599414407,0.04@4394.41:tp1;0.04@4398.70:be;0.04@4398.70:be;0.07@4398.70:be,3559.089999999898,32.96674084968685,2025-12
M5#3004385,M5,3004385,IMB,sell,0.553,B,2025-12-31 13:00:00,2025-12-31 13:08:00,2025-12-31 14:36:00,88.0,4312.32,4312.32,4319.64,4307.93,4277.18,4319.64,4312.32,7.3200000000006185,5.842142857142725,0.18,131.76000000001116,51.679999999993015,1.2600000000000002,0.0,50.41999999999302,0.39222829386755187,0.3826654523374981,partial_be,True,1.2240437158468962,0.5874316939890463,0.04@4307.93:tp1;0.04@4303.54:tp1;0.04@4312.42:be;0.06@4312.42:be,3609.5099999998906,33.34940630202435,2025-12
M5#3004395,M5,3004395,IMB,buy,0.641,B,2025-12-31 15:45:00,2025-12-31 18:14:00,2025-12-31 18:35:00,21.0,4323.81,4323.81,4316.09,4328.44,4360.87,4323.81,4316.09,7.720000000000255,5.437857142857281,0.17,131.24000000000433,17.21999999999207,1.1900000000000002,0.0,16.029999999992068,0.131209996952084,0.1221426394391309,partial_be,True,0.7759067357512415,0.269430051813571,0.04@4328.44:tp1;0.04@4323.71:be;0.04@4323.71:be;0.05@4323.71:be,3625.5399999998826,33.47154894146348,2025-12
M15#4000825,M15,4000825,OB,sell,0.571,B,2026-01-02 06:00:00,2026-01-02 10:46:00,2026-01-02 12:38:00,112.0,4393.86,4393.86,4401.12,4389.5,4359.01,4401.12,4393.86,7.260000000000218,6.856428571428621,0.18,130.68000000000396,51.2799999999952,1.2600000000000002,0.0,50.0199999999952,0.39240893786343467,0.3827670645851981,partial_be,True,1.4049586776857579,0.5303030303030645,0.04@4389.50:tp1;0.04@4385.15:tp1;0.04@4393.96:be;0.06@4393.96:be,3675.5599999998776,33.85431600604868,2026-01
M5#4002376,M5,4002376,IMB,buy,0.55,C,2026-01-02 15:35:00,2026-01-02 18:03:00,2026-01-02 18:17:00,14.0,4327.32,4327.32,4319.05,4332.28,4367.02,4327.32,4319.05,8.269999999999527,5.917142857142737,0.16,132.31999999999243,-133.91999999999825,1.12,0.0,-135.03999999999826,-1.012091898428098,-1.0205562273277355,sl,False,0.26964933494565907,1.1511487303506738,0.04@4318.95:sl;0.04@4318.95:sl;0.04@4318.95:sl;0.04@4318.95:sl,3540.5199999998795,32.83375977872094,2026-01
M5#4002444,M5,4002444,IMB,sell,0.59,B,2026-01-05 01:05:00,2026-01-05 02:21:00,2026-01-05 03:00:00,39.0,4384.3,4384.3,4397.8,4376.2,4319.5,4397.8,4384.3,13.5,4.443571428571496,0.1,135.0,-135.99999999999454,0.7000000000000001,0.0,-136.69999999999453,-1.007407407407367,-1.012592592592552,sl,False,0.04814814814818857,1.2503703703703783,0.02@4397.90:sl;0.02@4397.90:sl;0.02@4397.90:sl;0.04@4397.90:sl,3403.819999999885,31.82116718612839,2026-01
M10#4001209,M10,4001209,IMB,sell,0.688,A,2026-01-05 01:50:00,2026-01-05 08:25:00,2026-01-05 16:02:00,457.0,4422.05,4422.05,4446.16,4407.58,4306.32,4446.16,4422.05,24.109999999999673,7.4592857142858,0.05,120.54999999999836,14.070000000002437,0.35000000000000003,0.0,13.720000000002438,0.11671505599338555,0.11381169639156055,partial_be,True,1.0671920364993743,0.7573620904188949,0.01@4407.58:tp1;0.01@4422.15:be;0.01@4422.15:be;0.02@4422.15:be,3417.5399999998876,31.93497888251995,2026-01
M30#4000410,M30,4000410,IMB,sell,0.607,B,2026-01-05 04:00:00,2026-01-05 08:25:00,2026-01-05 16:02:00,457.0,4421.61,4421.61,4445.46,4407.3,4307.13,4445.46,4421.61,23.850000000000364,14.595000000000255,0.05,119.25000000000182,13.909999999998035,0.35000000000000003,0.0,13.559999999998036,0.11664570230606142,0.11371069182388116,partial_be,True,1.0603773584905103,0.7840670859538588,0.01@4407.30:tp1;0.01@4421.71:be;0.01@4421.71:be;0.02@4421.71:be,3431.0999999998858,32.04868957434383,2026-01
M15#4000786,M15,4000786,IMB,sell,0.629,B,2026-01-05 08:45:00,2026-01-05 10:17:00,2026-01-05 16:21:00,364.0,4429.7,4429.7,4445.46,4420.24,4354.05,4445.46,4429.7,15.760000000000218,7.951428571428486,0.08,126.08000000000175,56.33999999999833,0.56,0.0,55.779999999998324,0.4468591370558181,0.4424175126903359,partial_be,True,2.118020304568448,0.673223350253777,0.02@4420.24:tp1;0.02@4410.79:tp1;0.02@4429.80:be;0.02@4429.80:be,3486.879999999884,32.491107087034166,2026-01
M5#4002619,M5,4002619,OB,buy,0.615,B,2026-01-06 16:50:00,2026-01-06 17:33:00,2026-01-06 17:37:00,4.0,4471.78,4471.78,4466.32,4475.06,4497.99,4471.78,4466.32,5.460000000000036,6.097857142857265,0.24,131.04000000000087,-133.43999999998778,1.68,0.0,-135.11999999998778,-1.0183150183149183,-1.031135531135431,sl,False,0.0,1.5879120879120907,0.06@4466.22:sl;0.06@4466.22:sl;0.06@4466.22:sl;0.06@4466.22:sl,3351.7599999998965,31.459971555898736,2026-01
M5#4002623,M5,4002623,UW,buy,0.6,B,2026-01-07 02:10:00,2026-01-07 03:14:00,2026-01-07 03:33:00,19.0,4469.74,4469.74,4463.11,4473.72,4501.56,4469.74,4463.11,6.630000000000109,2.8828571428573144,0.2,132.60000000000218,58.700000000008004,1.4000000000000001,0.0,57.300000000008005,0.44268476621423103,0.43212669683263244,partial_be,True,1.3650075414781346,0.1266968325792054,0.05@4473.72:tp1;0.05@4477.70:tp1;0.05@4469.64:be;0.05@4469.64:be,3409.0599999999044,31.89209825273137,2026-01
M5#4002662,M5,4002662,OB,sell,0.559,B,2026-01-09 10:15:00,2026-01-09 15:32:00,2026-01-09 15:37:00,5.0,4485.33,4485.33,4491.94,4481.36,4453.6,4491.94,4485.33,6.609999999999673,3.4471428571430027,0.2,132.19999999999345,18.349999999995816,1.4000000000000001,0.0,16.949999999995818,0.1388048411497483,0.12821482602115475,partial_be,True,0.9228441754916424,0.6111951588503893,0.05@4481.36:tp1;0.05@4485.43:be;0.05@4485.43:be;0.05@4485.43:be,3426.0099999999,32.02031307875252,2026-01
M5#4002895,M5,4002895,IMB,buy,0.6,B,2026-01-09 18:00:00,2026-01-09 18:11:00,2026-01-09 19:04:00,53.0,4504.43,4504.43,4499.4,4507.45,4528.57,4504.43,4499.4,5.030000000000655,7.472857142857005,0.26,130.78000000001703,52.959999999991844,1.82,0.0,51.13999999999184,0.40495488606809105,0.3910383850740571,partial_be,True,1.4691848906557565,0.9324055666003774,0.06@4507.45:tp1;0.06@4510.47:tp1;0.06@4504.33:be;0.08@4504.33:be,3477.149999999892,32.41135146382658,2026-01
M5#4002892,M5,4002892,UW,buy,0.571,B,2026-01-09 17:15:00,2026-01-09 19:56:00,2026-01-09 19:59:00,3.0,4485.14,4485.14,4479.52,4488.51,4512.12,4485.14,4479.52,5.619999999999891,8.349285714285609,0.23,129.2599999999975,15.049999999992906,1.6099999999999999,0.0,13.439999999992907,0.11643199752431686,0.10397648151008175,partial_be,True,0.6494661921707664,0.5818505338079182,0.05@4488.51:tp1;0.05@4485.04:be;0.05@4485.04:be;0.08@4485.04:be,3490.5899999998846,32.51532794533666,2026-01
M15#4001072,M15,4001072,UW,buy,0.61,B,2026-01-09 18:30:00,2026-01-09 19:54:00,2026-01-12 01:06:00,3192.0,4487.71,4487.71,4479.52,4492.62,4527.02,4487.71,4479.52,8.1899999999996,13.176428571428655,0.16,131.0399999999936,294.84000000000015,1.12,-2.0,291.72000000000014,2.250000000000111,2.226190476190586,tp2,True,4.986568986569248,0.7130647130647657,0.04@4492.62:tp1;0.04@4497.54:tp1;0.04@4507.37:tp1;0.04@4527.02:tp2,3782.309999999885,34.741518421527246,2026-01
M5#4002954,M5,4002954,IMB,buy,0.63,B,2026-01-12 11:15:00,2026-01-12 11:47:00,2026-01-12 11:59:00,12.0,4593.35,4593.35,4588.58,4596.21,4616.25,4593.35,4588.58,4.770000000000437,4.2328571428570285,0.28,133.56000000001225,-136.3600000000224,1.9600000000000002,0.0,-138.32000000002242,-1.0209643605870762,-1.0356394129979765,sl,False,0.12578616352188665,1.146750524108963,0.07@4588.48:sl;0.07@4588.48:sl;0.07@4588.48:sl;0.07@4588.48:sl,3643.9899999998624,33.70587900852927,2026-01
M5#4002970,M5,4002970,IMB,buy,0.706,A,2026-01-12 15:35:00,2026-01-12 16:03:00,2026-01-12 16:04:00,1.0,4600.98,4600.98,4595.93,4604.01,4625.22,4600.98,4595.93,5.049999999999272,4.637857142857229,0.27,136.34999999998035,16.08000000001539,1.8900000000000001,0.0,14.190000000015388,0.11793179317944778,0.10407040704083192,partial_be,True,0.7841584158417043,0.6019801980198816,0.06@4604.01:tp1;0.06@4600.88:be;0.06@4600.88:be;0.09@4600.88:be,3658.179999999878,33.8099494155701,2026-01
M5#4002972,M5,4002972,IMB,sell,0.568,B,2026-01-12 16:30:00,2026-01-12 16:38:00,2026-01-12 16:51:00,13.0,4604.5,4604.5,4615.51,4597.89,4551.65,4615.51,4604.5,11.010000000000218,7.484285714285761,0.12,132.12000000000262,18.929999999995744,0.84,0.0,18.089999999995744,0.14327883742049174,0.1369209809263956,partial_be,True,0.6385104450499188,0.6439600363306089,0.03@4597.89:tp1;0.03@4604.60:be;0.03@4604.60:be;0.03@4604.60:be,3676.2699999998736,33.9468703964965,2026-01
M5#4002974,M5,4002974,OB,buy,0.557,B,2026-01-12 16:55:00,2026-01-12 22:42:00,2026-01-13 01:04:00,142.0,4597.0,4597.0,4587.22,4602.87,4643.94,4597.0,4587.22,9.779999999999745,9.914285714285727,0.13,127.13999999999669,16.609999999996035,0.91,-5.0,10.699999999996034,0.13064338524458446,0.08415919458861344,partial_be,True,1.1237218813906,0.7903885480572357,0.03@4602.87:tp1;0.03@4596.90:be;0.03@4596.90:be;0.04@4596.90:be,3686.9699999998697,34.031029591085115,2026-01
M10#4001661,M10,4001661,UW,sell,0.624,B,2026-01-13 01:50:00,2026-01-13 01:57:00,2026-01-13 05:09:00,192.0,4597.23,4597.23,4607.99,4590.77,4545.58,4607.99,4597.23,10.760000000000218,6.961428571428639,0.12,129.12000000000262,57.50999999999476,0.84,0.0,56.66999999999476,0.4453996282527385,0.43889405204456017,partial_be,True,2.0120817843865426,0.27509293680297175,0.03@4590.77:tp1;0.03@4584.32:tp1;0.03@4597.33:be;0.03@4597.33:be,3743.6399999998644,34.469923643129675,2026-01
M5#4003091,M5,4003091,OB,buy,0.599,B,2026-01-14 06:40:00,2026-01-14 07:57:00,2026-01-14 07:59:00,2.0,4620.58,4620.58,4614.87,4624.01,4647.99,4620.58,4614.87,5.710000000000036,3.1285714285715067,0.24,137.04000000000087,18.779999999995194,1.68,0.0,17.099999999995195,0.13704028021012168,0.12478108581432491,partial_be,True,0.7320490367776294,0.5078809106829453,0.06@4624.01:tp1;0.06@4620.48:be;0.06@4620.48:be;0.06@4620.48:be,3760.7399999998597,34.594704728944,2026-01
M5#4003109,M5,4003109,OB,sell,0.636,B,2026-01-14 12:00:00,2026-01-14 12:17:00,2026-01-14 13:04:00,47.0,4634.27,4634.27,4638.88,4631.5,4612.14,4638.88,4634.27,4.609999999999673,3.1528571428570364,0.29,133.68999999999053,17.19000000001506,2.0300000000000002,0.0,15.16000000001506,0.1285810457028669,0.11339666392412397,partial_be,True,0.7874186550978908,0.872017353579135,0.07@4631.50:tp1;0.07@4634.37:be;0.07@4634.37:be;0.08@4634.37:be,3775.8999999998746,34.70810139286812,2026-01
M15#4001163,M15,4001163,OB,buy,0.595,B,2026-01-15 00:00:00,2026-01-15 01:06:00,2026-01-15 01:41:00,35.0,4616.81,4616.81,4604.39,4624.26,4676.43,4616.81,4604.39,12.420000000000073,7.782857142857081,0.11,136.6200000000008,-137.7200000000048,0.77,0.0,-138.4900000000048,-1.0080515297906896,-1.0136876006441518,sl,False,0.215780998389643,1.1280193236715086,0.02@4604.29:sl;0.02@4604.29:sl;0.02@4604.29:sl;0.05@4604.29:sl,3637.40999999987,33.69441379222397,2026-01
M5#4003233,M5,4003233,OB,sell,0.627,B,2026-01-16 07:25:00,2026-01-16 07:55:00,2026-01-16 13:41:00,346.0,4614.43,4614.43,4618.9,4611.75,4592.97,4618.9,4614.43,4.469999999999345,2.113571428571309,0.3,134.09999999998038,130.49000000001433,2.1000000000000005,0.0,128.39000000001434,0.9730797912008458,0.9574198359435728,partial_be,True,4.46308724832276,0.43176733780773463,0.07@4611.75:tp1;0.07@4609.07:tp1;0.07@4603.70:tp1;0.09@4614.53:be,3765.799999999884,34.651833628167545,2026-01
M5#4003361,M5,4003361,OB,sell,0.641,B,2026-01-19 09:40:00,2026-01-19 10:07:00,2026-01-19 11:17:00,70.0,4672.53,4672.53,4678.06,4669.21,4645.99,4678.06,4672.53,5.530000000000655,3.813571428571582,0.24,132.72000000001572,58.559999999990396,1.68,0.0,56.879999999990396,0.4412296564194052,0.4285714285713055,partial_be,True,1.9041591320069617,0.30379746835444704,0.06@4669.21:tp1;0.06@4665.89:tp1;0.06@4672.63:be;0.06@4672.63:be,3822.679999999875,35.08040505673885,2026-01
M5#4003471,M5,4003471,OB,buy,0.608,B,2026-01-20 12:10:00,2026-01-20 12:29:00,2026-01-20 13:07:00,38.0,4729.36,4729.36,4722.7,4733.36,4761.33,4729.36,4722.7,6.6599999999998545,3.9914285714285143,0.21,139.85999999999697,-141.95999999998548,1.4700000000000002,0.0,-143.42999999998548,-1.0150150150149333,-1.0255255255254438,sl,False,0.0,1.1546546546546197,0.05@4722.60:sl;0.05@4722.60:sl;0.05@4722.60:sl;0.06@4722.60:sl,3679.2499999998895,34.0548795312134,2026-01
M5#4003484,M5,4003484,OB,buy,0.615,B,2026-01-20 16:15:00,2026-01-20 17:25:00,2026-01-20 17:36:00,11.0,4725.18,4725.18,4719.34,4728.68,4753.21,4725.18,4719.34,5.8400000000001455,7.324285714285777,0.23,134.32000000000335,51.249999999991815,1.6099999999999999,0.0,49.639999999991815,0.38155151876109694,0.3695652173912342,partial_be,True,1.7791095890409518,0.4811643835617004,0.05@4728.68:tp1;0.05@4732.19:tp1;0.05@4725.08:be;0.08@4725.08:be,3728.889999999881,34.424444748604635,2026-01
M5#4003544,M5,4003544,UW,buy,0.656,A,2026-01-21 08:30:00,2026-01-21 08:39:00,2026-01-21 08:40:00,1.0,4869.53,4869.53,4864.42,4872.6,4894.06,4869.53,4864.42,5.109999999999673,6.692142857142828,0.28,143.07999999999086,-145.88000000000102,1.9600000000000002,0.0,-147.84000000000103,-1.0195694716243384,-1.0332681017613257,sl,False,0.0,1.1311154598826059,0.07@4864.32:sl;0.07@4864.32:sl;0.07@4864.32:sl;0.07@4864.32:sl,3581.04999999988,33.39117664684331,2026-01
M5#4003549,M5,4003549,OB,sell,0.609,B,2026-01-21 09:00:00,2026-01-21 10:28:00,2026-01-21 11:25:00,57.0,4869.53,4869.53,4883.88,4860.92,4800.65,4883.88,4869.53,14.350000000000364,7.940714285714291,0.09,129.1500000000033,51.15999999999622,0.6300000000000001,0.0,50.529999999996214,0.3961285327138591,0.3912504839333714,partial_be,True,1.236236933797863,0.027874564459904255,0.02@4860.92:tp1;0.02@4852.31:tp1;0.02@4869.63:be;0.03@4869.63:be,3631.5799999998762,33.78242713077668,2026-01
H1#4000336,H1,4000336,IMB,buy,0.623,B,2026-01-21 11:00:00,2026-01-21 17:23:00,2026-01-21 19:13:00,110.0,4817.31,4817.31,4787.53,4835.18,4960.25,4817.31,4787.53,29.780000000000655,23.57714285714272,0.04,119.12000000000262,53.409999999998945,0.28,0.0,53.129999999998944,0.44837139019474287,0.4460208193418215,partial_be,True,1.2864338482202367,0.14204163868369307,0.01@4835.18:tp1;0.01@4853.05:tp1;0.01@4817.21:be;0.01@4817.21:be,3684.709999999875,34.2284479501185,2026-01
M30#4000655,M30,4000655,IMB,buy,0.66,A,2026-01-21 10:00:00,2026-01-21 17:23:00,2026-01-21 19:15:00,112.0,4815.03,4815.03,4787.53,4831.53,4947.03,4815.03,4787.53,27.5,22.9292857142856,0.05,137.5,49.20000000000164,0.35000000000000003,0.0,48.850000000001636,0.35781818181819375,0.3552727272727392,partial_be,True,1.4760000000000053,0.07090909090908429,0.01@4831.53:tp1;0.01@4848.03:tp1;0.01@4814.93:be;0.02@4814.93:be,3733.5599999998767,34.58372067739124,2026-01
M15#4001300,M15,4001300,IMB,buy,0.672,A,2026-01-21 17:45:00,2026-01-21 19:32:00,2026-01-21 21:30:00,118.0,4805.04,4805.04,4787.53,4815.55,4889.09,4805.04,4787.53,17.51000000000022,18.579999999999863,0.08,140.08000000000175,146.88000000000102,0.56,0.0,146.32000000000102,1.0485436893203826,1.0445459737292917,partial_be,True,2.792689891490521,0.15933752141632945,0.02@4815.55:tp1;0.02@4826.05:tp1;0.02@4847.06:tp1;0.02@4804.94:be,3879.879999999878,35.62826665112053,2026-01
M5#4003612,M5,4003612,IMB,sell,0.595,B,2026-01-22 06:40:00,2026-01-22 07:59:00,2026-01-22 08:19:00,20.0,4821.41,4821.41,4827.98,4817.47,4789.87,4827.98,4821.41,6.569999999999709,3.224285714285673,0.21,137.96999999999392,18.09999999999218,1.4700000000000002,0.0,16.62999999999218,0.13118793940706658,0.12053344930052122,partial_be,True,0.7260273972602341,0.5859969558600508,0.05@4817.47:tp1;0.05@4821.51:be;0.05@4821.51:be;0.06@4821.51:be,3896.50999999987,35.74880010042106,2026-01
M15#4001345,M15,4001345,IMB,buy,0.633,B,2026-01-22 09:15:00,2026-01-22 11:42:00,2026-01-22 15:01:00,199.0,4816.37,4816.37,4802.69,4824.58,4882.03,4816.37,4802.69,13.680000000000291,7.64642857142852,0.1,136.8000000000029,48.66000000000349,0.7000000000000001,0.0,47.96000000000349,0.3557017543859829,0.3505847953216555,partial_be,True,1.4627192982455988,0.1688596491227662,0.02@4824.58:tp1;0.02@4832.79:tp1;0.02@4816.27:be;0.04@4816.27:be,3944.469999999874,36.099384895742716,2026-01
M5#4003641,M5,4003641,IMB,buy,0.622,B,2026-01-22 08:20:00,2026-01-22 11:42:00,2026-01-22 15:42:00,240.0,4815.47,4815.47,4807.82,4820.06,4852.19,4815.47,4807.82,7.650000000000546,4.991428571428449,0.18,137.70000000000985,127.91999999999462,1.2600000000000002,0.0,126.65999999999461,0.9289760348582823,0.9198257080608973,partial_be,True,2.7333333333331193,0.5647058823529817,0.04@4820.06:tp1;0.04@4824.65:tp1;0.04@4833.83:tp1;0.06@4815.37:be,4071.1299999998682,37.019210603803614,2026-01
M5#4003584,M5,4003584,OB,sell,0.56,B,2026-01-22 17:25:00,2026-01-22 17:53:00,2026-01-22 18:00:00,7.0,4873.5,4873.5,4879.37,4869.98,4845.32,4879.37,4873.5,5.869999999999891,8.392857142857078,0.24,140.87999999999738,19.319999999996067,1.68,0.0,17.639999999996068,0.13713798977850955,0.12521294718907153,partial_be,True,0.8705281090289212,0.16354344122658504,0.06@4869.98:tp1;0.06@4873.60:be;0.06@4873.60:be;0.06@4873.60:be,4088.7699999998645,37.144423550992684,2026-01
M10#4001837,M10,4001837,IMB,buy,0.73,A,2026-01-19 02:00:00,2026-01-19 04:01:00,2026-01-22 22:14:00,5413.0,4653.3,4653.3,4596.68,4687.27,4925.08,4653.3,4596.68,56.61999999999989,13.486428571428535,0.02,113.23999999999978,339.71999999999935,0.14,-3.0,336.57999999999936,3.0,2.972271282232427,tp2,True,4.823737195337344,0.0052984811020872925,0.01@4721.24:tp1;0.01@4925.08:tp2,4425.349999999864,40.11669483322511,2026-01
M15#4001236,M15,4001236,IMB,buy,0.667,A,2026-01-19 03:45:00,2026-01-19 04:01:00,2026-01-22 22:14:00,5413.0,4653.3,4653.3,4596.68,4687.27,4925.08,4653.3,4596.68,56.61999999999989,16.838571428571477,0.02,113.23999999999978,339.71999999999935,0.14,-3.0,336.57999999999936,3.0,2.972271282232427,tp2,True,4.823737195337344,0.0052984811020872925,0.01@4721.24:tp1;0.01@4925.08:tp2,4761.929999999863,43.08896611545754,2026-01
M10#4002029,M10,4002029,OB,buy,0.634,B,2026-01-22 22:50:00,2026-01-22 22:58:00,2026-01-23 01:08:00,130.0,4916.18,4916.18,4908.3,4920.91,4954.0,4916.18,4908.3,7.880000000000109,7.257857142857249,0.18,141.840000000002,359.31999999999607,1.2600000000000002,-3.0,355.0599999999961,2.533276931754026,2.5032430908064796,tp2,True,5.414974619289274,0.24111675126910145,0.04@4920.91:tp1;0.04@4925.64:tp1;0.04@4935.09:tp1;0.06@4954.00:tp2,5116.989999999859,45.592209206264016,2026-01
M5#4003711,M5,4003711,OB,buy,0.602,B,2026-01-23 02:25:00,2026-01-23 03:02:00,2026-01-23 03:19:00,17.0,4943.99,4943.99,4934.3,4949.8,4990.5,4943.99,4934.3,9.6899999999996,7.342142857142919,0.15,145.349999999994,16.23000000000775,1.05,0.0,15.180000000007748,0.11166150670800426,0.10443756449954163,partial_be,True,1.0866873065016605,0.7502579979359987,0.03@4949.80:tp1;0.03@4943.89:be;0.03@4943.89:be;0.06@4943.89:be,5132.169999999866,45.69664677076356,2026-01
M10#4002077,M10,4002077,IMB,buy,0.687,A,2026-01-23 19:00:00,2026-01-23 19:55:00,2026-01-23 20:41:00,46.0,4969.79,4969.79,4960.72,4975.23,5013.33,4969.79,4960.72,9.069999999999709,10.967857142857222,0.16,145.11999999999534,64.47999999999593,1.12,0.0,63.35999999999593,0.44432194046305123,0.4366041896361491,partial_be,True,1.593164277839061,0.831312017640596,0.04@4975.23:tp1;0.04@4980.67:tp1;0.04@4969.69:be;0.04@4969.69:be,5195.529999999862,46.13325096039971,2026-01
M10#4002091,M10,4002091,IMB,buy,0.62,B,2026-01-26 04:10:00,2026-01-26 06:45:00,2026-01-26 07:07:00,22.0,5061.88,5061.88,5049.54,5069.28,5121.11,5061.88,5049.54,12.340000000000146,12.016428571428476,0.12,148.08000000000175,21.29999999999563,0.84,0.0,20.45999999999563,0.14384116693675972,0.13816855753643564,partial_be,True,0.8978930307941488,0.2779578606159036,0.03@5069.28:tp1;0.03@5061.78:be;0.03@5061.78:be;0.03@5061.78:be,5215.989999999858,46.271419517936145,2026-01
M15#4001410,M15,4001410,UW,buy,0.582,B,2026-01-26 13:00:00,2026-01-26 13:18:00,2026-01-26 13:19:00,1.0,5084.69,5084.69,5078.71,5088.28,5113.39,5084.69,5078.71,5.979999999999563,9.037142857142824,0.25,149.4999999999891,-151.99999999999818,1.75,0.0,-153.74999999999818,-1.016722408026818,-1.0284280936455479,sl,False,0.0,1.0033444816054244,0.06@5078.61:sl;0.06@5078.61:sl;0.06@5078.61:sl;0.07@5078.61:sl,5062.23999999986,45.2429914242906,2026-01
M5#4003862,M5,4003862,OB,sell,0.58,B,2026-01-26 12:10:00,2026-01-26 12:14:00,2026-01-26 13:38:00,84.0,5090.46,5090.46,5098.16,5085.84,5053.5,5098.16,5090.46,7.699999999999818,6.277857142857231,0.19,146.29999999999654,54.33999999999469,1.33,0.0,53.00999999999469,0.3714285714285439,0.3623376623376346,partial_be,True,1.4922077922079173,0.6467532467532053,0.04@5085.84:tp1;0.04@5081.22:tp1;0.04@5090.56:be;0.07@5090.56:be,5115.2499999998545,45.60532908662824,2026-01
M10#4002090,M10,4002090,UW,buy,0.671,A,2026-01-26 07:00:00,2026-01-26 21:03:00,2026-01-26 21:18:00,15.0,5041.85,5041.85,5029.22,5049.43,5102.47,5041.85,5029.22,12.63000000000011,7.924999999999922,0.12,151.5600000000013,67.61999999999715,0.84,0.0,66.77999999999714,0.44615993665872633,0.440617577197127,partial_be,True,1.6935866983372314,0.44259699129058566,0.03@5049.43:tp1;0.03@5057.01:tp1;0.03@5041.75:be;0.03@5041.75:be,5182.0299999998515,46.04594666382536,2026-01
M5#4003826,M5,4003826,UW,buy,0.709,A,2026-01-26 15:00:00,2026-01-26 21:03:00,2026-01-26 21:18:00,15.0,5041.85,5041.85,5029.22,5049.43,5102.47,5041.85,5029.22,12.63000000000011,5.147857142857122,0.11,138.9300000000012,44.77999999999702,0.77,0.0,44.009999999997014,0.32232059310441685,0.3167782336428175,partial_be,True,1.6935866983372314,0.44259699129058566,0.02@5049.43:tp1;0.02@5057.01:tp1;0.02@5041.75:be;0.05@5041.75:be,5226.039999999848,46.362724897468176,2026-01
M5#4003960,M5,4003960,UW,buy,0.57,B,2026-01-27 12:20:00,2026-01-27 12:26:00,2026-01-27 12:33:00,7.0,5088.15,5088.15,5083.09,5091.19,5112.44,5088.15,5083.09,5.059999999999491,4.990000000000042,0.31,156.8599999999842,-159.95999999999552,2.17,0.0,-162.1299999999955,-1.0197628458498764,-1.0335968379447393,sl,False,0.5790513833993253,1.179841897233191,0.07@5082.99:sl;0.07@5082.99:sl;0.07@5082.99:sl;0.1@5082.99:sl,5063.9099999998525,45.329128059523434,2026-01
M10#4002133,M10,4002133,OB,buy,0.626,B,2026-01-27 04:00:00,2026-01-27 04:03:00,2026-01-27 16:16:00,733.0,5051.42,5051.42,5023.7,5068.05,5184.48,5051.42,5023.7,27.720000000000255,14.627142857142774,0.05,138.60000000000127,49.589999999999236,0.35000000000000003,0.0,49.239999999999235,0.357792207792199,0.35526695526694646,partial_be,True,1.7846320346320275,0.12481962481962498,0.01@5068.05:tp1;0.01@5084.68:tp1;0.01@5051.32:be;0.02@5051.32:be,5113.149999999851,45.68439501479038,2026-01
M5#4003916,M5,4003916,IMB,buy,0.673,A,2026-01-27 01:40:00,2026-01-27 02:46:00,2026-01-27 22:03:00,1157.0,5028.34,5028.34,5012.11,5038.08,5106.24,5028.34,5012.11,16.230000000000473,11.768571428571379,0.09,146.07000000000428,370.03999999999724,0.6300000000000001,0.0,369.40999999999724,2.5333059492023438,2.5289929485862013,tp2,True,5.661121380160039,0.8853974121995978,0.02@5038.08:tp1;0.02@5047.82:tp1;0.02@5067.29:tp1;0.03@5106.24:tp2,5482.5599999998485,48.21338796337658,2026-01
M5#4004057,M5,4004057,UW,buy,0.556,B,2026-01-28 17:00:00,2026-01-28 17:08:00,2026-01-28 17:08:00,0.0,5259.33,5259.33,5250.21,5264.8,5303.11,5259.33,5250.21,9.11999999999989,10.68999999999986,0.16,145.91999999999825,-147.52000000000407,1.12,0.0,-148.64000000000408,-1.0109649122807418,-1.018640350877233,sl,False,0.0,2.578947368421032,0.04@5250.11:sl;0.04@5250.11:sl;0.04@5250.11:sl;0.04@5250.11:sl,5333.919999999845,47.19474761249935,2026-01
M5#4004093,M5,4004093,UW,buy,0.564,B,2026-01-29 05:10:00,2026-01-29 10:43:00,2026-01-29 10:43:00,0.0,5500.14,5500.14,5486.98,5508.04,5563.31,5500.14,5486.98,13.160000000000764,18.330714285714098,0.11,144.7600000000084,-145.8600000000024,0.77,0.0,-146.6300000000024,-1.007598784194487,-1.012917933130657,sl,False,0.0,1.0326747720364253,0.02@5486.88:sl;0.02@5486.88:sl;0.02@5486.88:sl;0.05@5486.88:sl,5187.289999999842,46.18182967936869,2026-01
M5#4004125,M5,4004125,IMB,buy,0.594,B,2026-01-29 13:50:00,2026-01-29 15:35:00,2026-01-29 15:37:00,2.0,5505.05,5505.05,5495.39,5510.85,5551.42,5505.05,5495.39,9.659999999999854,10.845714285714232,0.15,144.89999999999782,16.19999999999618,1.05,0.0,15.14999999999618,0.11180124223600017,0.10455486542440585,partial_be,True,0.7525879917183889,0.48136645962739294,0.03@5510.85:tp1;0.03@5504.95:be;0.03@5504.95:be;0.06@5504.95:be,5202.439999999838,46.286384544793094,2026-01
M5#4004083,M5,4004083,IMB,buy,0.597,B,2026-01-29 15:35:00,2026-01-29 17:07:00,2026-01-29 17:08:00,1.0,5432.35,5432.35,5419.14,5440.28,5495.76,5432.35,5419.14,13.210000000000036,10.499285714285634,0.11,145.3100000000004,-146.4100000000044,0.77,0.0,-147.1800000000044,-1.0075700227100957,-1.0128690386071435,sl,False,0.28614685844055526,1.1763815291445814,0.02@5419.04:sl;0.02@5419.04:sl;0.02@5419.04:sl;0.05@5419.04:sl,5055.259999999833,45.27351550618595,2026-01
M5#4004141,M5,4004141,IMB,sell,0.591,B,2026-01-29 18:00:00,2026-01-29 18:12:00,2026-01-29 18:28:00,16.0,5256.85,5256.85,5294.53,5234.24,5075.99,5294.53,5256.85,37.67999999999938,78.76928571428574,0.03,113.03999999999814,-113.33999999999924,0.21,0.0,-113.54999999999923,-1.0026539278131732,-1.0045116772823877,sl,False,0.4726645435244104,1.0719214437367566,0.01@5294.63:sl;0.02@5294.63:sl,4941.709999999834,44.269003828903564,2026-01
M5#4004140,M5,4004140,UW,sell,0.592,B,2026-01-29 18:20:00,2026-01-29 19:16:00,2026-01-29 19:29:00,13.0,5328.01,5328.01,5367.36,5304.4,5139.13,5367.36,5328.01,39.349999999999454,78.43571428571431,0.03,118.04999999999836,-118.34999999999945,0.21,0.0,-118.55999999999945,-1.0025412960610003,-1.0043202033036942,sl,False,0.19110546378652177,1.011944091486688,0.01@5367.46:sl;0.02@5367.46:sl,4823.149999999834,43.26468362559987,2026-01
M5#4004159,M5,4004159,IMB,buy,0.567,B,2026-01-30 01:10:00,2026-01-30 03:11:00,2026-01-30 03:14:00,3.0,5344.05,5344.05,5322.59,5356.93,5447.06,5344.05,5322.59,21.460000000000036,20.16214285714289,0.06,128.76000000000025,-129.3600000000024,0.42000000000000004,0.0,-129.7800000000024,-1.0046598322460558,-1.007921714818283,sl,False,0.19291705498599304,1.9841565703634603,0.01@5322.49:sl;0.01@5322.49:sl;0.01@5322.49:sl;0.03@5322.49:sl,4693.369999999832,42.25676191078159,2026-01
M10#4002246,M10,4002246,IMB,sell,0.633,B,2026-01-29 20:00:00,2026-01-30 01:03:00,2026-01-30 10:33:00,570.0,5428.5,5428.5,5494.65,5388.81,5110.98,5494.65,5428.5,66.14999999999964,50.64214285714278,0.02,132.29999999999927,396.90000000000055,0.14,0.0,396.76000000000056,3.0000000000000204,2.9989417989418197,tp2,True,5.524263038548773,0.3446712018140636,0.01@5349.12:tp1;0.01@5110.98:tp2,5090.129999999832,45.25570370972341,2026-01
M5#4004235,M5,4004235,OB,buy,0.556,B,2026-01-30 16:25:00,2026-01-30 16:55:00,2026-01-30 17:01:00,6.0,5038.0,5038.0,4994.88,5063.87,5244.98,5038.0,4994.88,43.11999999999989,29.056428571428633,0.03,129.35999999999967,-129.66000000000076,0.21,0.0,-129.87000000000077,-1.002319109461975,-1.0039424860853516,sl,False,0.38427643784786064,1.1219851576994488,0.01@4994.78:sl;0.02@4994.78:sl,4960.259999999831,44.25176122363806,2026-01
M5#4004182,M5,4004182,IMB,sell,0.604,B,2026-01-30 04:35:00,2026-01-30 04:39:00,2026-01-30 19:07:00,868.0,5213.53,5213.53,5270.45,5179.38,4940.31,5270.45,5213.53,56.92000000000007,40.6949999999999,0.02,113.84000000000015,341.5199999999995,0.14,0.0,341.37999999999954,2.999999999999992,2.9987702037947916,tp2,True,4.981377371749817,0.5736120871398542,0.01@5145.23:tp1;0.01@4940.31:tp2,5301.63999999983,47.250531427432854,2026-01
M5#5002439,M5,5002439,OB,buy,0.577,B,2026-02-02 01:10:00,2026-02-02 01:11:00,2026-02-02 03:00:00,109.0,4751.96,4751.96,4695.5,4785.84,5022.97,4751.96,4695.5,56.460000000000036,28.795714285714375,0.02,112.92000000000007,67.64999999999964,0.14,0.0,67.50999999999964,0.5990967056323024,0.5978568898335068,partial_be,True,2.3473255402054494,0.9842366277010215,0.01@4819.71:tp1;0.01@4751.86:be,5369.14999999983,47.84838831726636,2026-02
M5#5002452,M5,5002452,OB,sell,0.581,B,2026-02-02 01:50:00,2026-02-02 02:09:00,2026-02-02 08:38:00,389.0,4810.41,4810.41,4892.25,4761.31,4417.58,4892.25,4810.41,81.84000000000015,41.784285714285815,0.01,81.84000000000015,392.8299999999999,0.07,0.0,392.75999999999993,4.799975562072327,4.799120234604096,tp2,False,4.986314760508299,0.9086021505376288,0.01@4417.58:tp2,5761.90999999983,52.64750855187046,2026-02
M5#5002524,M5,5002524,UW,buy,0.572,B,2026-02-02 18:40:00,2026-02-02 20:19:00,2026-02-03 01:18:00,299.0,4620.29,4620.29,4596.5,4634.56,4734.48,4620.29,4596.5,23.789999999999964,33.01499999999987,0.06,142.7399999999998,442.4899999999998,0.42000000000000004,-1.5,440.56999999999977,3.09997197702116,3.0865209471766875,tp2,True,5.061790668348056,0.060949978982758314,0.01@4634.56:tp1;0.01@4648.84:tp1;0.01@4677.39:tp1;0.03@4734.48:tp2,6202.4799999998295,55.734029499047146,2026-02
M5#5002550,M5,5002550,OB,buy,0.657,A,2026-02-03 03:45:00,2026-02-03 03:50:00,2026-02-03 04:18:00,28.0,4821.47,4821.47,4780.0,4846.35,5020.53,4821.47,4780.0,41.470000000000255,22.34000000000008,0.03,124.41000000000076,-124.71000000000186,0.21,0.0,-124.92000000000185,-1.0024113817217353,-1.0040993489269439,sl,False,0.6274415239932328,1.2141306968893189,0.01@4779.90:sl;0.02@4779.90:sl,6077.559999999828,54.729930150120204,2026-02
M5#5002460,M5,5002460,UW,sell,0.552,B,2026-02-03 05:15:00,2026-02-03 08:25:00,2026-02-03 08:40:00,15.0,4865.63,4865.63,4884.49,4854.31,4775.1,4884.49,4865.63,18.859999999999673,21.413571428571554,0.08,150.87999999999738,-151.6800000000003,0.56,0.0,-152.2400000000003,-1.0053022269353322,-1.0090137857900512,sl,False,0.055143160127252476,1.0312831389183539,0.02@4884.59:sl;0.02@4884.59:sl;0.02@4884.59:sl;0.02@4884.59:sl,5925.319999999827,53.72091636433015,2026-02
M5#5002577,M5,5002577,OB,buy,0.587,B,2026-02-03 10:40:00,2026-02-03 10:57:00,2026-02-03 11:03:00,6.0,4923.99,4923.99,4909.43,4932.73,4993.88,4923.99,4909.43,14.55999999999949,13.799285714285816,0.1,145.5999999999949,-146.59999999999854,0.7000000000000001,0.0,-147.29999999999853,-1.0068681318681572,-1.0116758241758494,sl,False,0.0,1.0398351648351611,0.02@4909.33:sl;0.02@4909.33:sl;0.02@4909.33:sl;0.04@4909.33:sl,5778.0199999998285,52.709240540154305,2026-02
M5#5002578,M5,5002578,UW,buy,0.622,B,2026-02-03 10:55:00,2026-02-03 11:03:00,2026-02-03 11:10:00,7.0,4909.5,4909.5,4898.26,4916.24,4963.45,4909.5,4898.26,11.239999999999782,12.23428571428589,0.14,157.35999999999697,59.88999999999578,0.9800000000000001,0.0,58.90999999999578,0.3805922724961676,0.37436451448905006,partial_be,True,1.292704626334522,0.1236654804270778,0.03@4916.24:tp1;0.03@4922.99:tp1;0.03@4909.40:be;0.05@4909.40:be,5836.929999999825,53.08360505464336,2026-02
M5#5002429,M5,5002429,IMB,sell,0.562,B,2026-02-03 09:00:00,2026-02-03 10:42:00,2026-02-03 15:46:00,304.0,4948.0,4948.0,4968.47,4935.72,4849.74,4968.47,4948.0,20.470000000000255,14.110000000000127,0.07,143.29000000000175,85.5699999999988,0.48999999999999994,0.0,85.0799999999988,0.5971805429548311,0.5937609044594722,partial_be,True,3.121152906692698,0.15730337078652734,0.01@4935.72:tp1;0.01@4923.44:tp1;0.01@4898.87:tp1;0.04@4948.10:be,5922.009999999824,53.67736595910283,2026-02
M5#5002425,M5,5002425,OB,sell,0.557,B,2026-02-04 01:15:00,2026-02-04 03:10:00,2026-02-04 03:46:00,36.0,5040.46,5040.46,5062.69,5027.12,4933.76,5062.69,5040.46,22.229999999999563,13.60571428571445,0.07,155.60999999999692,39.51999999999862,0.48999999999999994,0.0,39.029999999998616,0.2539682539682501,0.25081935608251005,partial_be,True,1.3247863247863836,0.603688708951882,0.01@5027.12:tp1;0.01@5013.78:tp1;0.01@5040.56:be;0.04@5040.56:be,5961.039999999823,53.92818531518534,2026-02
M5#5002662,M5,5002662,UW,buy,0.553,B,2026-02-04 13:25:00,2026-02-04 16:38:00,2026-02-04 16:41:00,3.0,4979.73,4979.73,4968.42,4986.52,5034.02,4979.73,4968.42,11.30999999999949,9.815000000000184,0.14,158.3399999999929,-159.73999999999796,0.9800000000000001,0.0,-160.71999999999795,-1.0088417329796964,-1.0150309460654614,sl,False,0.5747126436781868,1.0707338638373314,0.03@4968.32:sl;0.03@4968.32:sl;0.03@4968.32:sl;0.05@4968.32:sl,5800.319999999825,52.91315436911988,2026-02
M5#5002734,M5,5002734,IMB,buy,0.622,B,2026-02-05 01:30:00,2026-02-05 03:12:00,2026-02-05 03:15:00,3.0,4988.24,4988.24,4966.51,5001.28,5092.54,4988.24,4966.51,21.729999999999563,11.69285714285713,0.07,152.10999999999692,-152.8099999999995,0.48999999999999994,0.0,-153.2999999999995,-1.0046019328117979,-1.0078232857800447,sl,False,0.0,1.699953980671898,0.01@4966.41:sl;0.01@4966.41:sl;0.01@4966.41:sl;0.04@4966.41:sl,5647.019999999826,51.90533108333984,2026-02
M5#5002757,M5,5002757,OB,buy,0.586,B,2026-02-05 08:10:00,2026-02-05 11:11:00,2026-02-05 11:51:00,40.0,4868.89,4868.89,4840.96,4885.65,5002.95,4868.89,4840.96,27.93000000000029,21.69357142857143,0.05,139.65000000000146,16.359999999997854,0.35000000000000003,0.0,16.009999999997852,0.11715001790188101,0.11464375223772062,partial_be,True,0.8993913354815478,0.54278553526676,0.01@4885.65:tp1;0.01@4868.79:be;0.01@4868.79:be;0.02@4868.79:be,5663.029999999823,52.01997483557756,2026-02
M10#5001475,M10,5001475,OB,sell,0.626,B,2026-02-06 02:30:00,2026-02-06 16:37:00,2026-02-06 18:40:00,123.0,4944.57,4944.57,4980.49,4923.02,4772.15,4980.49,4944.57,35.92000000000007,28.906428571428673,0.04,143.6800000000003,21.24999999999818,0.28,0.0,20.96999999999818,0.14789810690421867,0.14594933184853937,partial_be,True,0.6219376391982211,0.5718262806236312,0.01@4923.02:tp1;0.01@4944.67:be;0.01@4944.67:be;0.01@4944.67:be,5683.999999999822,52.1659241674261,2026-02
M5#5002743,M5,5002743,IMB,sell,0.618,B,2026-02-06 14:40:00,2026-02-06 17:06:00,2026-02-06 19:30:00,144.0,4962.0,4962.0,4976.31,4953.41,4893.31,4976.31,4962.0,14.3100000000004,9.717857142857156,0.1,143.100000000004,119.79999999999927,0.7000000000000001,0.0,119.09999999999927,0.8371767994409219,0.8322851153039549,partial_be,True,2.779175401816864,0.4758909853248987,0.02@4953.41:tp1;0.02@4944.83:tp1;0.02@4927.66:tp1;0.04@4962.10:be,5803.099999999821,52.99820928273005,2026-02
M5#5002920,M5,5002920,IMB,buy,0.636,B,2026-02-09 02:15:00,2026-02-09 02:42:00,2026-02-09 03:05:00,23.0,5019.89,5019.89,4997.3,5033.44,5128.32,5019.89,4997.3,22.590000000000146,16.16571428571446,0.06,135.5400000000009,13.049999999997455,0.42000000000000004,0.0,12.629999999997455,0.09628154050462866,0.09318282425850208,partial_be,True,0.979194333775996,0.34528552456839895,0.01@5033.44:tp1;0.01@5019.79:be;0.01@5019.79:be;0.03@5019.79:be,5815.729999999819,53.09139210698856,2026-02
M10#5001559,M10,5001559,IMB,buy,0.643,B,2026-02-09 02:30:00,2026-02-09 02:42:00,2026-02-09 03:05:00,23.0,5019.89,5019.89,4989.73,5037.99,5164.66,5019.89,4989.73,30.160000000000764,16.5985714285715,0.05,150.80000000000382,17.699999999998,0.35000000000000003,0.0,17.349999999997998,0.11737400530502355,0.11505305039786179,partial_be,True,0.7334217506631078,0.2586206896551719,0.01@5037.99:tp1;0.01@5019.79:be;0.01@5019.79:be;0.02@5019.79:be,5833.079999999816,53.20644515738642,2026-02
M5#5002932,M5,5002932,IMB,buy,0.581,B,2026-02-09 07:05:00,2026-02-09 09:22:00,2026-02-09 09:23:00,1.0,5004.51,5004.51,4997.92,5008.46,5036.14,5004.51,4997.92,6.5900000000001455,7.466428571428553,0.24,158.1600000000035,-160.56000000001222,1.68,0.0,-162.24000000001223,-1.015174506828583,-1.0257966616085523,sl,False,0.15477996965091115,1.001517450682886,0.06@4997.82:sl;0.06@4997.82:sl;0.06@4997.82:sl;0.06@4997.82:sl,5670.839999999804,52.18064849577787,2026-02
M5#5002943,M5,5002943,OB,buy,0.61,B,2026-02-09 10:40:00,2026-02-09 11:39:00,2026-02-09 11:58:00,19.0,5012.82,5012.82,5003.28,5018.54,5058.61,5012.82,5003.28,9.539999999999964,7.473571428571502,0.16,152.63999999999942,-154.2399999999907,1.12,0.0,-155.3599999999907,-1.0104821802934438,-1.0178197064988947,sl,False,0.4989517819706747,1.0555555555555292,0.04@5003.18:sl;0.04@5003.18:sl;0.04@5003.18:sl;0.04@5003.18:sl,5515.479999999813,51.16282878927897,2026-02
M10#5001589,M10,5001589,IMB,buy,0.629,B,2026-02-09 19:20:00,2026-02-09 19:51:00,2026-02-09 19:57:00,6.0,5047.1,5047.1,5035.7,5053.94,5101.82,5047.1,5035.7,11.400000000000546,11.126428571428603,0.13,148.2000000000071,19.51999999999407,0.91,0.0,18.60999999999407,0.13171390013490644,0.12557354925771375,partial_be,True,0.8070175438595946,0.07982456140357197,0.03@5053.94:tp1;0.03@5047.00:be;0.03@5047.00:be;0.04@5047.00:be,5534.089999999807,51.288402338536685,2026-02
M15#5001054,M15,5001054,IMB,buy,0.608,B,2026-02-09 19:30:00,2026-02-09 19:51:00,2026-02-09 23:28:00,217.0,5052.45,5052.45,5035.7,5062.5,5132.85,5052.45,5035.7,16.75,13.602857142857244,0.09,150.75000000000003,59.80000000000382,0.6300000000000001,0.0,59.17000000000382,0.39668325041461894,0.392504145937007,partial_be,True,2.0208955223880816,0.6817910447761237,0.02@5062.50:tp1;0.02@5072.55:tp1;0.02@5052.35:be;0.03@5052.35:be,5593.259999999811,51.68090648447369,2026-02
M5#5002984,M5,5002984,IMB,sell,0.581,B,2026-02-10 01:30:00,2026-02-10 01:43:00,2026-02-10 04:03:00,140.0,5038.16,5038.16,5055.86,5027.54,4953.2,5055.86,5038.16,17.699999999999818,14.879285714285809,0.08,141.59999999999854,63.31999999999789,0.56,0.0,62.75999999999789,0.44717514124292757,0.4432203389830405,partial_be,True,1.6355932203389896,0.5909604519774092,0.02@5027.54:tp1;0.02@5016.92:tp1;0.02@5038.26:be;0.02@5038.26:be,5656.0199999998085,52.12412682345673,2026-02
M5#5003005,M5,5003005,UW,buy,0.584,B,2026-02-10 08:00:00,2026-02-10 08:54:00,2026-02-10 09:00:00,6.0,5019.37,5019.37,5013.14,5023.11,5049.27,5019.37,5013.14,6.229999999999563,6.514285714285767,0.25,155.7499999999891,66.02000000000862,1.75,0.0,64.27000000000862,0.42388443017665006,0.4126484751204695,partial_be,True,1.4349919743179993,0.0834670947029797,0.06@5023.11:tp1;0.06@5026.85:tp1;0.06@5019.27:be;0.07@5019.27:be,5720.289999999817,52.5367752985772,2026-02
M5#5003168,M5,5003168,OB,sell,0.739,A,2026-02-12 01:30:00,2026-02-12 11:50:00,2026-02-12 15:46:00,236.0,5078.8,5078.8,5095.27,5068.92,4999.74,5095.27,5078.8,16.470000000000255,9.894285714285616,0.09,148.23000000000232,58.78000000000338,0.6300000000000001,0.0,58.15000000000338,0.3965459083856336,0.3922957565944982,partial_be,True,1.7941712204007119,0.13479052823316456,0.02@5068.92:tp1;0.02@5059.04:tp1;0.02@5078.90:be;0.03@5078.90:be,5778.43999999982,52.9290710551717,2026-02
H1#5000300,H1,5000300,IMB,sell,0.687,A,2026-02-12 23:00:00,2026-02-13 03:45:00,2026-02-13 21:06:00,1041.0,4982.54,4982.54,5040.32,4947.87,4705.2,5040.32,4982.54,57.779999999999745,39.076428571428615,0.02,115.55999999999949,-115.76000000000022,0.14,0.0,-115.90000000000022,-1.0017307026652884,-1.002942194530986,sl,False,0.831256490134994,1.0065766701280896,0.01@5040.42:sl;0.01@5040.42:sl,5662.53999999982,51.92612886064071,2026-02
M15#5001145,M15,5001145,OB,sell,0.614,B,2026-02-13 18:45:00,2026-02-13 21:07:00,2026-02-13 23:46:00,159.0,5044.51,5044.51,5070.65,5028.83,4919.04,5070.65,5044.51,26.139999999999418,22.79714285714278,0.06,156.83999999999654,15.18000000000302,0.42000000000000004,0.0,14.76000000000302,0.09678653404745827,0.09410864575365561,partial_be,True,0.858454475899044,0.07574598316757908,0.01@5028.83:tp1;0.01@5044.61:be;0.01@5044.61:be;0.03@5044.61:be,5677.299999999823,52.020237506394366,2026-02
M10#5001794,M10,5001794,UW,buy,0.61,B,2026-02-13 23:30:00,2026-02-16 01:00:00,2026-02-16 01:01:00,1.0,5026.63,5028.02,5021.79,5031.76,5057.92,5028.02,5021.79,6.230000000000473,7.0121428571427975,0.26,161.9800000000123,192.36000000000058,1.82,-4.0,186.5400000000006,1.1875540190146066,1.151623657241551,partial_be,True,4.083467094702676,1.2343499197431662,0.06@5031.76:tp1;0.06@5035.50:tp1;0.06@5042.97:tp1;0.08@5027.92:be,5863.839999999824,53.17186116363592,2026-02
M5#5003352,M5,5003352,UW,buy,0.653,A,2026-02-16 03:40:00,2026-02-16 04:35:00,2026-02-16 04:37:00,2.0,5015.38,5015.38,5007.07,5020.37,5055.27,5015.38,5007.07,8.3100000000004,5.682857142857301,0.19,157.8900000000076,-159.78999999999724,1.33,0.0,-161.11999999999725,-1.0120336943440975,-1.0204572803850116,sl,False,0.0,1.5246690734054709,0.04@5006.97:sl;0.04@5006.97:sl;0.04@5006.97:sl;0.07@5006.97:sl,5702.7199999998265,52.15140388325091,2026-02
M10#5001782,M10,5001782,UW,buy,0.672,A,2026-02-13 17:40:00,2026-02-13 17:53:00,2026-02-16 05:49:00,3596.0,4988.04,4988.04,4964.67,5002.06,5100.22,4988.04,4964.67,23.36999999999989,19.182142857142804,0.06,140.21999999999937,97.84999999999947,0.42000000000000004,-1.5,95.92999999999947,0.6978319783197825,0.68413920981315,partial_be,True,2.7398373983739854,0.5857937526743544,0.01@5002.06:tp1;0.01@5016.08:tp1;0.01@5044.13:tp1;0.03@4987.94:be,5798.649999999826,52.83554309306406,2026-02
M5#5003325,M5,5003325,UW,buy,0.634,B,2026-02-13 17:00:00,2026-02-13 17:53:00,2026-02-16 05:49:00,3596.0,4988.04,4988.04,4964.67,5002.06,5100.22,4988.04,4964.67,23.36999999999989,13.42071428571418,0.06,140.21999999999937,97.84999999999947,0.42000000000000004,-1.5,95.92999999999947,0.6978319783197825,0.68413920981315,partial_be,True,2.7398373983739854,0.5857937526743544,0.01@5002.06:tp1;0.01@5016.08:tp1;0.01@5044.13:tp1;0.03@4987.94:be,5894.579999999825,53.519682302877214,2026-02
M5#5003364,M5,5003364,IMB,sell,0.611,B,2026-02-16 06:55:00,2026-02-16 10:02:00,2026-02-16 10:58:00,56.0,5009.95,5009.95,5018.69,5004.71,4968.0,5018.69,5009.95,8.739999999999782,6.2257142857142105,0.18,157.3199999999961,61.919999999994616,1.2600000000000002,0.0,60.65999999999462,0.3935926773455133,0.3855835240274353,partial_be,True,1.602974828375351,0.40160183066365057,0.04@5004.71:tp1;0.04@4999.46:tp1;0.04@5010.05:be;0.06@5010.05:be,5955.23999999982,53.90526582690465,2026-02
M5#5003370,M5,5003370,UW,buy,0.614,B,2026-02-16 12:15:00,2026-02-16 17:02:00,2026-02-17 02:09:00,547.0,4977.06,4977.06,4965.61,4983.93,5032.02,4977.06,4965.61,11.450000000000728,4.011428571428626,0.13,148.85000000000946,61.12999999999647,0.91,-3.5000000000000004,56.719999999996475,0.4106818945246395,0.38105475310710696,partial_be,True,2.0541484716155485,0.6855895196506432,0.03@4983.93:tp1;0.03@4990.80:tp1;0.03@4976.96:be;0.04@4976.96:be,6011.959999999816,54.28632058001176,2026-02
M5#5003430,M5,5003430,IMB,sell,0.588,B,2026-02-17 03:20:00,2026-02-17 03:26:00,2026-02-17 04:19:00,53.0,4953.38,4953.38,4968.49,4944.31,4880.85,4968.49,4953.38,15.109999999999673,9.14928571428579,0.1,151.09999999999673,-152.1000000000004,0.7000000000000001,0.0,-152.80000000000038,-1.006618133686325,-1.0112508272667353,sl,False,0.006618133686324684,1.0231634679020762,0.02@4968.59:sl;0.02@4968.59:sl;0.02@4968.59:sl;0.04@4968.59:sl,5859.159999999816,53.275069752745026,2026-02
M5#5003432,M5,5003432,UW,buy,0.571,B,2026-02-17 03:30:00,2026-02-17 07:14:00,2026-02-17 07:15:00,1.0,4934.65,4934.65,4922.85,4941.73,4991.29,4934.65,4922.85,11.799999999999272,9.695714285714335,0.13,153.39999999999054,-154.69999999999524,0.91,0.0,-155.60999999999524,-1.0084745762712175,-1.0144067796610485,sl,False,0.0,1.6906779661017837,0.03@4922.75:sl;0.03@4922.75:sl;0.03@4922.75:sl;0.04@4922.75:sl,5703.549999999821,52.260662973083974,2026-02
M5#5003454,M5,5003454,IMB,sell,0.602,B,2026-02-17 09:30:00,2026-02-17 10:12:00,2026-02-17 11:01:00,49.0,4928.05,4928.05,4937.11,4922.61,4884.56,4937.11,4928.05,9.05999999999949,6.679999999999966,0.17,154.01999999999134,64.34000000000651,1.1900000000000002,0.0,63.150000000006514,0.4177379561096619,0.4100116867939882,partial_be,True,1.2152317880795627,0.24061810154519914,0.04@4922.61:tp1;0.04@4917.18:tp1;0.04@4928.15:be;0.05@4928.15:be,5766.699999999828,52.67067465987796,2026-02
M10#5001911,M10,5001911,IMB,buy,0.676,A,2026-02-18 21:00:00,2026-02-18 21:27:00,2026-02-19 01:01:00,214.0,4978.61,4978.61,4963.39,4987.74,5051.67,4978.61,4963.39,15.219999999999345,6.488571428571374,0.1,152.19999999999345,-153.1999999999971,0.7000000000000001,-5.0,-158.89999999999708,-1.006570302233927,-1.0440210249671742,sl,False,0.5873850197109655,1.2141918528252535,0.02@4963.29:sl;0.02@4963.29:sl;0.02@4963.29:sl;0.04@4963.29:sl,5607.799999999831,51.62665363491079,2026-02
M5#5003618,M5,5003618,IMB,buy,0.563,B,2026-02-19 09:30:00,2026-02-19 10:08:00,2026-02-19 11:26:00,78.0,5007.09,5007.09,5002.44,5009.88,5029.41,5007.09,5002.44,4.650000000000546,3.974285714285543,0.33,153.450000000018,155.3399999999947,2.31,0.0,153.0299999999947,1.0123167155423687,0.9972629521015102,partial_be,True,3.193548387096282,0.1376344086022048,0.08@5009.88:tp1;0.08@5012.67:tp1;0.08@5018.25:tp1;0.09@5006.99:be,5760.829999999825,52.623916587012296,2026-02
M5#5003646,M5,5003646,UW,buy,0.695,A,2026-02-19 15:55:00,2026-02-19 16:07:00,2026-02-19 16:10:00,3.0,4980.95,4980.95,4972.9,4985.78,5019.59,4980.95,4972.9,8.050000000000182,6.503571428571441,0.19,152.95000000000346,-154.8499999999931,1.33,0.0,-156.1799999999931,-1.012422360248379,-1.021118012422292,sl,False,0.18633540372670387,1.0484472049688707,0.04@4972.80:sl;0.04@4972.80:sl;0.04@4972.80:sl;0.07@4972.80:sl,5604.649999999832,51.602798574590004,2026-02
M5#5003651,M5,5003651,IMB,sell,0.61,B,2026-02-19 16:25:00,2026-02-19 16:43:00,2026-02-19 16:44:00,1.0,4987.5,4987.5,4994.17,4983.5,4955.48,4994.17,4987.5,6.670000000000073,7.41857142857134,0.23,153.41000000000167,-155.71000000001004,1.6099999999999999,0.0,-157.32000000001005,-1.0149925037481804,-1.0254872563718684,sl,False,0.0,1.1814092953523274,0.05@4994.27:sl;0.05@4994.27:sl;0.05@4994.27:sl;0.08@4994.27:sl,5447.329999999823,50.577311318218136,2026-02
M5#5003662,M5,5003662,OB,buy,0.603,B,2026-02-19 17:50:00,2026-02-19 18:05:00,2026-02-19 18:11:00,6.0,5006.46,5006.46,5000.87,5009.81,5033.29,5006.46,5000.87,5.5900000000001455,8.777857142857101,0.27,150.93000000000393,17.999999999994543,1.8900000000000001,0.0,16.109999999994542,0.11926058437682419,0.10673822301725384,partial_be,True,0.7817531305903,0.9677996422181956,0.06@5009.81:tp1;0.06@5006.36:be;0.06@5006.36:be;0.09@5006.36:be,5463.439999999817,50.68404954123539,2026-02
M5#5003660,M5,5003660,UW,buy,0.559,B,2026-02-19 18:10:00,2026-02-19 18:27:00,2026-02-19 18:57:00,30.0,4992.99,4992.99,4987.09,4996.53,5021.31,4992.99,4987.09,5.899999999999636,7.705000000000057,0.26,153.39999999999054,147.88000000000284,1.82,0.0,146.06000000000284,0.9640156453716555,0.9521512385919938,partial_be,True,2.6983050847459413,0.2542372881356089,0.06@4996.53:tp1;0.06@5000.07:tp1;0.06@5007.15:tp1;0.08@4992.89:be,5609.49999999982,51.636200779827384,2026-02
M10#5002005,M10,5002005,OB,buy,0.622,B,2026-02-20 12:30:00,2026-02-20 13:57:00,2026-02-20 14:22:00,25.0,5016.66,5016.66,5006.49,5022.76,5065.48,5016.66,5006.49,10.170000000000073,7.397142857142691,0.15,152.5500000000011,17.10000000000764,1.05,0.0,16.05000000000764,0.11209439528028527,0.10521140609641118,partial_be,True,0.7050147492625389,0.2763028515240384,0.03@5022.76:tp1;0.03@5016.56:be;0.03@5016.56:be;0.06@5016.56:be,5625.549999999827,51.74141218592379,2026-02
M5#5003744,M5,5003744,OB,buy,0.567,B,2026-02-20 16:15:00,2026-02-20 17:03:00,2026-02-20 17:03:00,0.0,5031.45,5031.45,5023.97,5035.94,5067.35,5031.45,5023.97,7.479999999999563,6.734285714285826,0.2,149.59999999999127,-151.59999999999854,1.4000000000000001,0.0,-152.99999999999855,-1.0133689839572686,-1.0227272727273227,sl,False,0.0,2.0494652406418212,0.05@5023.87:sl;0.05@5023.87:sl;0.05@5023.87:sl;0.05@5023.87:sl,5472.549999999829,50.71868491319647,2026-02
M5#5003751,M5,5003751,OB,sell,0.555,B,2026-02-20 17:25:00,2026-02-20 17:45:00,2026-02-20 18:03:00,18.0,5047.11,5047.11,5058.96,5040.0,4990.23,5058.96,5047.11,11.850000000000364,15.530714285714371,0.13,154.05000000000473,20.32999999999538,0.91,0.0,19.41999999999538,0.13197013956504222,0.12606296656926183,partial_be,True,0.8590717299577273,0.4776371308017376,0.03@5040.00:tp1;0.03@5047.21:be;0.03@5047.21:be;0.04@5047.21:be,5491.969999999825,50.844747879765734,2026-02
M5#5003772,M5,5003772,IMB,buy,0.75,A,2026-02-23 01:30:00,2026-02-23 02:12:00,2026-02-23 02:45:00,33.0,5135.34,5135.34,5120.9,5144.0,5204.65,5135.34,5120.9,14.44000000000051,8.012142857142928,0.1,144.4000000000051,51.37999999999738,0.7000000000000001,0.0,50.67999999999738,0.3558171745152048,0.35096952908584206,partial_be,True,1.7770083102492347,0.4224376731302042,0.02@5144.00:tp1;0.02@5152.67:tp1;0.02@5135.24:be;0.04@5135.24:be,5542.649999999822,51.19571740885158,2026-02
M10#5002074,M10,5002074,UW,buy,0.636,B,2026-02-23 23:30:00,2026-02-23 23:30:00,2026-02-23 23:43:00,13.0,5228.6,5228.6,5224.81,5230.87,5246.79,5228.6,5224.81,3.7899999999999636,5.581428571428465,0.42,159.1799999999985,19.49999999998363,2.9400000000000004,0.0,16.559999999983628,0.12250282698821342,0.10403316999612881,partial_be,True,1.1978891820580493,0.6068601583113995,0.1@5230.87:tp1;0.1@5228.50:be;0.1@5228.50:be;0.12@5228.50:be,5559.209999999806,51.29975057884771,2026-02
M10#5002066,M10,5002066,UW,buy,0.735,A,2026-02-23 19:00:00,2026-02-23 19:36:00,2026-02-24 03:07:00,451.0,5195.96,5195.96,5175.79,5208.06,5292.78,5195.96,5175.79,20.170000000000073,12.866428571428449,0.07,141.19000000000048,84.32999999999811,0.48999999999999994,-2.5,81.33999999999811,0.597280260641673,0.576103123450654,partial_be,True,2.6584035696578927,0.2345066931085997,0.01@5208.08:tp1;0.01@5220.16:tp1;0.01@5244.37:tp1;0.04@5195.86:be,5640.549999999805,51.87585370229836,2026-02
M15#5001373,M15,5001373,UW,buy,0.679,A,2026-02-23 19:30:00,2026-02-23 19:36:00,2026-02-24 03:07:00,451.0,5195.96,5195.96,5175.79,5208.06,5292.78,5195.96,5175.79,20.170000000000073,15.121428571428623,0.07,141.19000000000048,84.32999999999811,0.48999999999999994,-2.5,81.33999999999811,0.597280260641673,0.576103123450654,partial_be,True,2.6584035696578927,0.2345066931085997,0.01@5208.08:tp1;0.01@5220.16:tp1;0.01@5244.37:tp1;0.04@5195.86:be,5721.889999999803,52.45195682574901,2026-02
M5#5003847,M5,5003847,OB,buy,0.689,A,2026-02-23 18:40:00,2026-02-23 19:36:00,2026-02-24 03:07:00,451.0,5195.96,5195.96,5180.25,5205.39,5271.37,5195.96,5180.25,15.710000000000036,10.218571428571392,0.09,141.39000000000036,131.65999999999985,0.6300000000000001,-1.5,129.52999999999986,0.9311832519980163,0.9161185373788778,partial_be,True,3.41311266709101,0.3010821133036577,0.02@5205.39:tp1;0.02@5214.81:tp1;0.02@5233.66:tp1;0.03@5195.86:be,5851.419999999803,53.368075363127886,2026-02
M30#5000663,M30,5000663,OB,buy,0.649,B,2026-02-23 19:00:00,2026-02-24 03:15:00,2026-02-24 03:16:00,1.0,5163.79,5163.79,5146.89,5173.93,5244.91,5163.79,5146.89,16.899999999999636,18.484999999999996,0.09,152.09999999999675,-153.0,0.6300000000000001,0.0,-153.63,-1.0059171597633352,-1.0100591715976546,sl,False,0.0,1.0982248520710531,0.02@5146.79:sl;0.02@5146.79:sl;0.02@5146.79:sl;0.03@5146.79:sl,5697.789999999803,52.35801619153023,2026-02
M5#5003895,M5,5003895,UW,buy,0.648,B,2026-02-24 09:00:00,2026-02-24 09:06:00,2026-02-24 09:10:00,4.0,5166.56,5166.56,5156.64,5172.51,5214.18,5166.56,5156.64,9.920000000000073,6.786428571428457,0.15,148.8000000000011,16.649999999995085,1.05,0.0,15.599999999995084,0.11189516129028873,0.10483870967738555,partial_be,True,0.660282258064438,0.135080645161304,0.03@5172.51:tp1;0.03@5166.46:be;0.03@5166.46:be;0.06@5166.46:be,5713.3899999997975,52.46285490120762,2026-02
M10#5002112,M10,5002112,IMB,buy,0.632,B,2026-02-24 20:50:00,2026-02-24 21:10:00,2026-02-24 23:30:00,140.0,5152.37,5152.37,5142.0,5158.59,5202.15,5152.37,5142.0,10.36999999999989,8.162142857142824,0.15,155.54999999999836,55.08000000000719,1.05,0.0,54.03000000000719,0.35409836065578765,0.347348119575749,partial_be,True,1.9922854387656772,0.5756991321118917,0.03@5158.59:tp1;0.03@5164.81:tp1;0.03@5152.27:be;0.06@5152.27:be,5767.4199999998045,52.81020302078337,2026-02
M5#5003938,M5,5003938,UW,buy,0.583,B,2026-02-25 00:00:00,2026-02-25 01:01:00,2026-02-25 01:01:00,0.0,5136.08,5136.08,5130.85,5139.22,5161.18,5136.08,5130.85,5.229999999999563,5.312142857142915,0.3,156.89999999998693,-159.89999999999782,2.1000000000000005,0.0,-161.9999999999978,-1.0191204588910843,-1.0325047801147949,sl,False,0.0,2.9005736137669866,0.07@5130.75:sl;0.07@5130.75:sl;0.07@5130.75:sl;0.09@5130.75:sl,5605.419999999806,51.77769824066858,2026-02
M15#5001382,M15,5001382,IMB,sell,0.62,B,2026-02-24 04:30:00,2026-02-24 04:52:00,2026-02-25 03:29:00,1357.0,5188.9,5188.9,5221.03,5169.62,5034.68,5221.03,5188.9,32.13000000000011,17.7764285714285,0.04,128.52000000000044,134.84999999999854,0.28,0.44999999999999996,135.01999999999853,1.0492530345471374,1.0505757858698885,partial_be,True,2.951136009959492,0.0983504512916229,0.01@5169.62:tp1;0.01@5150.34:tp1;0.01@5111.79:tp1;0.01@5189.00:be,5740.439999999805,52.828274026538466,2026-02
M15#5001413,M15,5001413,IMB,buy,0.624,B,2026-02-25 04:15:00,2026-02-25 04:51:00,2026-02-25 06:10:00,79.0,5173.62,5173.62,5156.16,5184.1,5257.43,5173.62,5156.16,17.460000000000036,14.619285714285784,0.09,157.14000000000036,20.260000000004766,0.6300000000000001,0.0,19.630000000004767,0.12892961690215554,0.1249204530991773,partial_be,True,0.9375715922107593,0.41695303550972107,0.02@5184.10:tp1;0.02@5173.52:be;0.02@5173.52:be;0.03@5173.52:be,5760.06999999981,52.953194479637645,2026-02
M15#5001435,M15,5001435,OB,buy,0.585,B,2026-02-25 16:15:00,2026-02-25 16:28:00,2026-02-25 16:37:00,9.0,5176.45,5176.45,5163.64,5184.14,5237.94,5176.45,5163.64,12.80999999999949,8.162142857142888,0.12,153.7199999999939,-154.91999999999825,0.84,0.0,-155.75999999999826,-1.0078064012490529,-1.01327088212337,sl,False,0.349726775956335,1.0952380952381189,0.03@5163.54:sl;0.03@5163.54:sl;0.03@5163.54:sl;0.03@5163.54:sl,5604.309999999811,51.93992359751427,2026-02
M5#5003879,M5,5003879,IMB,sell,0.597,B,2026-02-25 13:30:00,2026-02-25 19:09:00,2026-02-25 22:42:00,213.0,5213.81,5213.81,5221.03,5209.48,5179.15,5221.03,5213.81,7.219999999999345,5.743571428571419,0.21,151.61999999998628,359.56000000001677,1.4700000000000002,0.0,358.09000000001674,2.37145495317273,2.361759662314003,tp2,True,5.026315789474261,0.5581717451523699,0.05@5209.48:tp1;0.05@5205.15:tp1;0.05@5196.48:tp1;0.06@5179.15:tp2,5962.399999999828,54.30168325982827,2026-02
M10#5002168,M10,5002168,OB,buy,0.646,B,2026-02-26 03:00:00,2026-02-26 03:28:00,2026-02-26 04:32:00,64.0,5179.32,5179.32,5162.29,5189.54,5261.06,5179.32,5162.29,17.029999999999745,11.335714285714207,0.09,153.26999999999774,19.74000000000433,0.6300000000000001,0.0,19.11000000000433,0.12879232726563986,0.12468193384226928,partial_be,True,0.9348209042865714,0.045801526717542985,0.02@5189.54:tp1;0.02@5179.22:be;0.02@5179.22:be;0.03@5179.22:be,5981.509999999832,54.42636519367054,2026-02
M15#5001474,M15,5001474,OB,buy,0.695,A,2026-02-26 18:30:00,2026-02-26 19:32:00,2026-02-27 02:36:00,424.0,5173.2,5173.2,5142.15,5191.83,5322.24,5173.2,5142.15,31.050000000000182,16.580714285714098,0.05,155.2500000000009,18.230000000002292,0.35000000000000003,-2.0,15.88000000000229,0.1174235104670028,0.10228663446056166,partial_be,True,0.8811594202898687,0.3925925925925774,0.01@5191.83:tp1;0.01@5173.10:be;0.01@5173.10:be;0.02@5173.10:be,5997.389999999834,54.5286518281311,2026-02
M5#5004103,M5,5004103,OB,buy,0.79,A,2026-02-26 18:20:00,2026-02-26 19:49:00,2026-02-27 03:07:00,438.0,5168.15,5168.15,5142.15,5183.75,5292.95,5168.15,5142.15,26.0,11.861428571428535,0.06,156.00000000000003,46.400000000003274,0.42000000000000004,-2.0,43.98000000000327,0.29743589743591836,0.28192307692309787,partial_be,True,1.246538461538491,0.2746153846153622,0.01@5183.75:tp1;0.01@5199.35:tp1;0.01@5168.05:be;0.03@5168.05:be,6041.369999999837,54.8105749050542,2026-02
M10#5002193,M10,5002193,OB,buy,0.7,A,2026-02-26 18:30:00,2026-02-26 19:49:00,2026-02-27 03:07:00,438.0,5168.15,5168.15,5142.15,5183.75,5292.95,5168.15,5142.15,26.0,16.65999999999992,0.06,156.00000000000003,46.400000000003274,0.42000000000000004,-2.0,43.98000000000327,0.29743589743591836,0.28192307692309787,partial_be,True,1.246538461538491,0.2746153846153622,0.01@5183.75:tp1;0.01@5199.35:tp1;0.01@5168.05:be;0.03@5168.05:be,6085.34999999984,55.0924979819773,2026-02
M5#5004134,M5,5004134,OB,sell,0.62,B,2026-02-27 03:00:00,2026-02-27 03:21:00,2026-02-27 03:50:00,29.0,5179.96,5179.96,5192.22,5172.6,5121.11,5192.22,5179.96,12.260000000000218,5.821428571428506,0.13,159.38000000000284,-160.67999999999572,0.91,0.0,-161.5899999999957,-1.0081566068515049,-1.0138662316475897,sl,False,0.5163132137030844,1.03588907014686,0.03@5192.32:sl;0.03@5192.32:sl;0.03@5192.32:sl;0.04@5192.32:sl,5923.759999999845,54.07863175032971,2026-02
M5#6002718,M5,6002718,IMB,buy,0.568,B,2026-03-02 11:00:00,2026-03-02 16:09:00,2026-03-02 16:10:00,1.0,5373.63,5373.63,5366.81,5377.72,5406.37,5373.63,5366.81,6.819999999999709,8.363571428571438,0.23,156.8599999999933,-159.16000000000167,1.6099999999999999,0.0,-160.7700000000017,-1.0146627565982944,-1.0249266862170634,sl,False,0.0,1.4237536656892156,0.05@5366.71:sl;0.05@5366.71:sl;0.05@5366.71:sl;0.08@5366.71:sl,5762.989999999843,53.05370506411265,2026-03
M15#6001006,M15,6001006,IMB,buy,0.695,A,2026-03-02 02:45:00,2026-03-02 02:54:00,2026-03-02 16:25:00,811.0,5343.83,5343.83,5281.29,5381.35,5644.02,5343.83,5281.29,62.539999999999964,21.770714285714284,0.02,125.07999999999993,74.94999999999982,0.14,0.0,74.80999999999982,0.5992165014390779,0.5980972177806193,partial_be,True,1.2035497281739764,0.6493444195714694,0.01@5418.88:tp1;0.01@5343.73:be,5837.799999999843,53.65180228189327,2026-03
M10#6001487,M10,6001487,IMB,buy,0.716,A,2026-03-02 02:40:00,2026-03-02 02:55:00,2026-03-02 16:25:00,810.0,5341.66,5341.66,5281.29,5377.88,5631.44,5341.66,5281.29,60.36999999999989,21.08571428571434,0.02,120.73999999999978,72.34000000000106,0.14,0.0,72.20000000000105,0.5991386450223719,0.5979791287063209,partial_be,True,1.282756335928452,0.6367401027000111,0.01@5414.10:tp1;0.01@5341.56:be,5909.999999999844,54.24978141059959,2026-03
M5#6002701,M5,6002701,IMB,buy,0.729,A,2026-03-02 01:55:00,2026-03-02 03:00:00,2026-03-02 16:25:00,805.0,5330.45,5330.45,5280.74,5360.28,5569.06,5330.45,5280.74,49.710000000000036,20.618571428571418,0.03,149.1300000000001,59.45000000000164,0.21,0.0,59.240000000001636,0.398645477100527,0.39723730972977667,partial_be,True,1.7833433916717054,0.5477771072218778,0.01@5390.10:tp1;0.02@5330.35:be,5969.239999999845,54.64701872032936,2026-03
M30#6000509,M30,6000509,IMB,sell,0.571,B,2026-03-02 18:30:00,2026-03-03 02:17:00,2026-03-03 04:08:00,111.0,5355.7,5355.7,5389.29,5335.55,5194.47,5389.29,5355.7,33.590000000000146,31.660714285714157,0.04,134.36000000000058,19.849999999998545,0.28,0.0,19.569999999998544,0.1477374218517301,0.14565346829412368,partial_be,True,0.6847275974992527,0.7317654063709383,0.01@5335.55:tp1;0.01@5355.80:be;0.01@5355.80:be;0.01@5355.80:be,5988.809999999844,54.792672188623484,2026-03
M5#6002827,M5,6002827,IMB,buy,0.579,B,2026-03-03 14:40:00,2026-03-03 15:04:00,2026-03-03 15:08:00,4.0,5177.63,5177.63,5154.62,5191.44,5288.08,5177.63,5154.62,23.01000000000022,23.00428571428568,0.06,138.06000000000134,-138.65999999999804,0.42000000000000004,0.0,-139.07999999999802,-1.0043459365493024,-1.0073880921338307,sl,False,0.24858757062147763,1.072577140373753,0.01@5154.52:sl;0.01@5154.52:sl;0.01@5154.52:sl;0.03@5154.52:sl,5849.729999999846,53.785284096489654,2026-03
M5#6002834,M5,6002834,IMB,sell,0.567,B,2026-03-03 17:10:00,2026-03-03 17:48:00,2026-03-03 18:03:00,15.0,5076.92,5076.92,5102.99,5061.28,4951.78,5102.99,5076.92,26.06999999999971,29.210714285714207,0.06,156.41999999999828,-157.02000000000044,0.42000000000000004,0.0,-157.44000000000042,-1.0038358266206506,-1.0065209052550963,sl,False,0.5420023014959477,1.0326045262754266,0.01@5103.09:sl;0.01@5103.09:sl;0.01@5103.09:sl;0.03@5103.09:sl,5692.289999999845,52.77876319123456,2026-03
M5#6002829,M5,6002829,OB,sell,0.664,A,2026-03-04 02:45:00,2026-03-04 12:17:00,2026-03-04 14:03:00,106.0,5201.89,5201.89,5224.58,5188.28,5092.98,5224.58,5201.89,22.6899999999996,9.78000000000007,0.06,136.13999999999763,13.11000000000331,0.42000000000000004,0.0,12.69000000000331,0.09629792860293476,0.09321286910535868,partial_be,True,0.9656236227413464,0.14059056853237797,0.01@5188.28:tp1;0.01@5201.99:be;0.01@5201.99:be;0.03@5201.99:be,5704.979999999849,52.87197606033992,2026-03
M5#6002915,M5,6002915,UW,buy,0.583,B,2026-03-04 15:30:00,2026-03-04 15:59:00,2026-03-04 16:12:00,13.0,5168.67,5168.67,5159.88,5173.94,5210.86,5168.67,5159.88,8.789999999999964,9.424999999999923,0.17,149.42999999999938,62.37999999999556,1.1900000000000002,0.0,61.189999999995564,0.4174529880211191,0.4094893930268073,partial_be,True,1.3139931740614597,0.12855517633675925,0.04@5173.94:tp1;0.04@5179.22:tp1;0.04@5168.57:be;0.05@5168.57:be,5766.169999999845,53.28146545336673,2026-03
M5#6002913,M5,6002913,IMB,sell,0.584,B,2026-03-04 15:00:00,2026-03-04 15:08:00,2026-03-04 16:32:00,84.0,5184.85,5184.85,5197.1,5177.5,5126.05,5197.1,5184.85,12.25,8.730714285714255,0.12,147.0,65.55000000000655,0.84,0.0,64.71000000000654,0.4459183673469833,0.4402040816326976,partial_be,True,1.9632653061224639,0.9510204081632356,0.03@5177.50:tp1;0.03@5170.15:tp1;0.03@5184.95:be;0.03@5184.95:be,5830.879999999851,53.72166953499943,2026-03
M5#6002920,M5,6002920,OB,sell,0.553,B,2026-03-04 17:10:00,2026-03-04 17:35:00,2026-03-05 01:56:00,501.0,5163.43,5163.43,5179.41,5153.84,5086.73,5179.41,5163.43,15.979999999999563,15.523571428571424,0.09,143.8199999999961,133.94000000000324,0.6300000000000001,0.44999999999999996,133.76000000000323,0.9313030176610129,0.9300514532054434,partial_be,True,3.382978723404316,0.2209011264080001,0.02@5153.84:tp1;0.02@5144.25:tp1;0.02@5125.08:tp1;0.03@5163.53:be,5964.639999999854,54.65172098820487,2026-03
M5#6002976,M5,6002976,UW,buy,0.585,B,2026-03-05 13:50:00,2026-03-05 15:01:00,2026-03-05 15:04:00,3.0,5153.68,5153.68,5147.84,5157.18,5181.71,5153.68,5147.84,5.8400000000001455,4.375000000000065,0.27,157.68000000000393,18.89999999999236,1.8900000000000001,0.0,17.00999999999236,0.1198630136985787,0.10787671232871598,partial_be,True,0.8527397260273013,0.29280821917808114,0.06@5157.18:tp1;0.06@5153.58:be;0.06@5153.58:be;0.09@5153.58:be,5981.649999999846,54.75959770053359,2026-03
M10#6001688,M10,6001688,IMB,buy,0.61,B,2026-03-06 04:30:00,2026-03-06 07:38:00,2026-03-06 08:02:00,24.0,5121.08,5121.08,5109.69,5127.91,5175.75,5121.08,5109.69,11.390000000000327,12.96142857142851,0.14,159.4600000000046,-160.85999999999694,0.9800000000000001,0.0,-161.83999999999693,-1.008779631255439,-1.0149253731342798,sl,False,0.2537313432836035,1.0474100087796268,0.03@5109.59:sl;0.03@5109.59:sl;0.03@5109.59:sl;0.05@5109.59:sl,5819.809999999849,53.74467232739931,2026-03
M5#6003030,M5,6003030,IMB,buy,0.67,A,2026-03-06 08:00:00,2026-03-06 09:08:00,2026-03-06 09:33:00,25.0,5108.44,5108.44,5099.47,5113.82,5151.5,5108.44,5099.47,8.969999999999345,5.956428571428725,0.17,152.48999999998887,63.66000000000622,1.1900000000000002,0.0,62.47000000000622,0.41746999803272916,0.40966620762024253,partial_be,True,1.2396878483836802,0.31438127090300055,0.04@5113.82:tp1;0.04@5119.20:tp1;0.04@5108.34:be;0.05@5108.34:be,5882.279999999856,54.15433853501955,2026-03
M5#6003029,M5,6003029,IMB,buy,0.615,B,2026-03-06 09:15:00,2026-03-06 10:31:00,2026-03-06 11:13:00,42.0,5097.53,5097.53,5088.96,5102.67,5138.67,5097.53,5088.96,8.569999999999709,5.380000000000044,0.18,154.2599999999948,60.680000000009386,1.2600000000000002,0.0,59.42000000000939,0.3933618566058047,0.385193828601137,partial_be,True,1.8308051341891531,0.33488914819136384,0.04@5102.67:tp1;0.04@5107.81:tp1;0.04@5097.43:be;0.06@5097.43:be,5941.699999999865,54.53953236362069,2026-03
M15#6001111,M15,6001111,IMB,buy,0.597,B,2026-03-06 05:00:00,2026-03-06 07:49:00,2026-03-06 11:36:00,227.0,5117.54,5117.54,5089.0,5134.66,5254.53,5117.54,5089.0,28.539999999999964,15.86928571428559,0.05,142.69999999999982,-143.20000000000164,0.35000000000000003,0.0,-143.55000000000163,-1.0035038542396764,-1.005956552207441,sl,False,0.19726699369306644,1.0529081990189286,0.01@5088.90:sl;0.01@5088.90:sl;0.01@5088.90:sl;0.02@5088.90:sl,5798.149999999863,53.53357581141324,2026-03
M5#6003062,M5,6003062,OB,buy,0.616,B,2026-03-06 14:40:00,2026-03-06 14:57:00,2026-03-06 15:01:00,4.0,5085.05,5085.05,5077.11,5089.81,5123.16,5085.05,5077.11,7.940000000000509,8.184285714285709,0.19,150.86000000000968,-152.7599999999993,1.33,0.0,-154.08999999999932,-1.0125944584382176,-1.021410579345018,sl,False,0.22040302267001105,1.638539042821081,0.04@5077.01:sl;0.04@5077.01:sl;0.04@5077.01:sl;0.07@5077.01:sl,5644.059999999864,52.51216523206823,2026-03
M5#6003081,M5,6003081,IMB,buy,0.725,A,2026-03-06 17:20:00,2026-03-06 18:40:00,2026-03-09 00:07:00,3207.0,5128.07,5128.07,5105.27,5141.75,5237.51,5128.07,5105.27,22.799999999999272,15.700000000000077,0.06,136.79999999999566,95.46000000000276,0.42000000000000004,-1.5,93.54000000000276,0.697807017543902,0.6837719298246033,partial_be,True,3.0394736842106314,0.27982456140352246,0.01@5141.75:tp1;0.01@5155.43:tp1;0.01@5182.79:tp1;0.03@5127.97:be,5737.599999999867,53.19593716189283,2026-03
M10#6001727,M10,6001727,IMB,buy,0.682,A,2026-03-06 18:10:00,2026-03-06 18:40:00,2026-03-09 00:07:00,3207.0,5128.07,5128.07,5099.87,5144.99,5263.43,5128.07,5099.87,28.199999999999818,22.02214285714282,0.05,140.9999999999991,118.2400000000016,0.35000000000000003,-1.0,116.8900000000016,0.8385815602837047,0.8290070921985982,partial_be,True,2.4574468085106607,0.22624113475177837,0.01@5144.99:tp1;0.01@5161.91:tp1;0.01@5195.75:tp1;0.02@5127.97:be,5854.489999999868,54.02494425409143,2026-03
M5#6003213,M5,6003213,UW,buy,0.573,B,2026-03-10 05:45:00,2026-03-10 05:47:00,2026-03-10 10:00:00,253.0,5158.26,5158.26,5153.37,5161.19,5181.73,5158.26,5153.37,4.890000000000327,6.377142857142774,0.32,156.48000000001048,352.0799999999872,2.24,0.0,349.8399999999872,2.2499999999997673,2.2356850715744105,tp2,True,5.556237218813549,0.7607361963190196,0.08@5161.19:tp1;0.08@5164.13:tp1;0.08@5170.00:tp1;0.08@5181.73:tp2,6204.329999999855,56.26062932566584,2026-03
M5#6003303,M5,6003303,IMB,buy,0.592,B,2026-03-11 02:40:00,2026-03-11 04:02:00,2026-03-11 05:51:00,109.0,5202.07,5202.07,5192.81,5207.63,5246.52,5202.07,5192.81,9.259999999999309,5.628571428571441,0.17,157.41999999998825,65.78000000000884,1.1900000000000002,0.0,64.59000000000884,0.41786304154499904,0.41030364629661836,partial_be,True,2.0010799136071316,0.8455723542117183,0.04@5207.63:tp1;0.04@5213.18:tp1;0.04@5201.97:be;0.05@5201.97:be,6268.919999999865,56.67093297196246,2026-03
M5#6003347,M5,6003347,UW,buy,0.655,A,2026-03-11 17:55:00,2026-03-11 19:36:00,2026-03-12 00:37:00,301.0,5159.97,5159.97,5149.67,5166.15,5209.41,5159.97,5149.67,10.300000000000182,7.3442857142858236,0.15,154.50000000000273,54.71999999999388,1.05,-4.5,49.169999999993884,0.35417475728150755,0.3182524271844208,partial_be,True,2.2776699029125846,0.47184466019422294,0.03@5166.15:tp1;0.03@5172.33:tp1;0.03@5159.87:be;0.06@5159.87:be,6318.089999999858,56.989185399146876,2026-03
M5#6003457,M5,6003457,OB,buy,0.576,B,2026-03-13 04:15:00,2026-03-13 04:18:00,2026-03-13 04:51:00,33.0,5121.11,5121.11,5111.99,5126.58,5164.89,5121.11,5111.99,9.11999999999989,5.7028571428571535,0.17,155.03999999999814,-156.73999999998887,1.1900000000000002,0.0,-157.92999999998887,-1.0109649122806421,-1.0186403508771333,sl,False,0.2247807017544086,1.0010964912280942,0.04@5111.89:sl;0.04@5111.89:sl;0.04@5111.89:sl;0.05@5111.89:sl,6160.15999999987,55.97054504826974,2026-03
M15#6001137,M15,6001137,UW,buy,0.621,B,2026-03-13 07:45:00,2026-03-13 16:55:00,2026-03-13 17:42:00,47.0,5049.39,5049.39,5014.72,5070.19,5215.81,5049.39,5014.72,34.67000000000007,6.924999999999922,0.04,138.6800000000003,20.49999999999818,0.28,0.0,20.21999999999818,0.14782232477645038,0.1458032881453572,partial_be,True,0.6351312373810061,0.3790020190366397,0.01@5070.19:tp1;0.01@5049.29:be;0.01@5049.29:be;0.01@5049.29:be,6180.379999999868,56.1163483364151,2026-03
M30#6000567,M30,6000567,UW,buy,0.623,B,2026-03-13 08:00:00,2026-03-13 16:55:00,2026-03-13 17:42:00,47.0,5049.39,5049.39,5014.72,5070.19,5215.81,5049.39,5014.72,34.67000000000007,10.403571428571468,0.04,138.6800000000003,20.49999999999818,0.28,0.0,20.21999999999818,0.14782232477645038,0.1458032881453572,partial_be,True,0.6351312373810061,0.3790020190366397,0.01@5070.19:tp1;0.01@5049.29:be;0.01@5049.29:be;0.01@5049.29:be,6200.599999999867,56.26215162456046,2026-03
M5#6003539,M5,6003539,OB,buy,0.64,B,2026-03-16 02:25:00,2026-03-16 03:15:00,2026-03-16 03:29:00,14.0,4986.21,4986.21,4975.19,4992.82,5039.11,4986.21,4975.19,11.020000000000437,12.335000000000102,0.14,154.28000000000614,58.68999999999687,0.9800000000000001,0.0,57.709999999996874,0.380412237490242,0.3740601503759047,partial_be,True,1.73774954627939,0.20598911070783546,0.03@4992.82:tp1;0.03@4999.43:tp1;0.03@4986.11:be;0.05@4986.11:be,6258.309999999864,56.63621177493636,2026-03
M5#6003559,M5,6003559,IMB,buy,0.555,B,2026-03-16 05:50:00,2026-03-16 07:15:00,2026-03-16 07:31:00,16.0,5010.09,5010.09,5004.45,5013.47,5037.16,5010.09,5004.45,5.640000000000327,5.55714285714287,0.28,157.9200000000092,-160.71999999999392,1.9600000000000002,0.0,-162.67999999999392,-1.017730496453803,-1.0301418439715329,sl,False,0.5886524822694178,1.0833333333333737,0.07@5004.35:sl;0.07@5004.35:sl;0.07@5004.35:sl;0.07@5004.35:sl,6095.62999999987,55.60606993096483,2026-03
M5#6003563,M5,6003563,OB,buy,0.649,B,2026-03-16 08:00:00,2026-03-16 08:48:00,2026-03-16 09:15:00,27.0,5012.57,5012.57,5004.26,5017.56,5052.46,5012.57,5004.26,8.30999999999949,4.485714285714494,0.19,157.88999999999032,-159.78999999999724,1.33,0.0,-161.11999999999725,-1.012033694344208,-1.0204572803851233,sl,False,0.49699157641400266,1.3874849578821242,0.04@5004.16:sl;0.04@5004.16:sl;0.04@5004.16:sl;0.07@5004.16:sl,5934.509999999873,54.585612650579705,2026-03
M10#6002016,M10,6002016,OB,sell,0.608,B,2026-03-16 21:10:00,2026-03-16 22:11:00,2026-03-17 03:49:00,338.0,5021.37,5021.37,5032.8,5014.51,4966.51,5032.8,5021.37,11.430000000000291,7.499285714285699,0.13,148.59000000000378,61.039999999997235,0.91,1.05,61.179999999997236,0.4107948044955628,0.4117369944141307,partial_be,True,2.2957130358704387,0.049868766404172746,0.03@5014.51:tp1;0.03@5007.65:tp1;0.03@5021.47:be;0.04@5021.47:be,5995.68999999987,54.99734964499383,2026-03
M5#6003518,M5,6003518,OB,sell,0.558,B,2026-03-17 06:55:00,2026-03-17 07:16:00,2026-03-17 08:01:00,45.0,5042.01,5042.01,5047.4,5038.78,5016.14,5047.4,5042.01,5.389999999999418,3.6357142857143896,0.29,156.30999999998315,365.44000000000784,2.0300000000000002,0.0,363.41000000000787,2.337918239396374,2.32493122640936,tp2,True,5.5677179962900665,0.5269016697587278,0.07@5038.78:tp1;0.07@5035.54:tp1;0.07@5029.07:tp1;0.08@5016.14:tp2,6359.0999999998785,57.322280871403194,2026-03
M5#6003676,M5,6003676,UW,buy,0.654,A,2026-03-18 02:30:00,2026-03-18 06:40:00,2026-03-18 10:45:00,245.0,4982.5,4982.5,4973.83,4987.7,5024.12,4982.5,4973.83,8.670000000000073,2.9392857142854933,0.18,156.06000000000134,145.03999999999724,1.2600000000000002,0.0,143.77999999999724,0.929386133538357,0.9213123157759581,partial_be,True,3.919261822375926,0.5997693194924769,0.04@4987.70:tp1;0.04@4992.90:tp1;0.04@5003.31:tp1;0.06@4982.40:be,6502.8799999998755,58.24359318717915,2026-03
M5#6003743,M5,6003743,UW,buy,0.66,A,2026-03-18 11:05:00,2026-03-18 11:16:00,2026-03-18 12:27:00,71.0,4985.44,4985.44,4977.3,4990.32,5024.51,4985.44,4977.3,8.139999999999418,5.411428571428717,0.2,162.79999999998836,72.25000000000819,1.4000000000000001,0.0,70.85000000000818,0.4437960687961508,0.43519656019664155,partial_be,True,1.2751842751843798,0.11179361179360191,0.05@4990.32:tp1;0.05@4995.21:tp1;0.05@4985.34:be;0.05@4985.34:be,6573.729999999884,58.678789747375795,2026-03
M5#6003852,M5,6003852,IMB,sell,0.58,B,2026-03-19 14:25:00,2026-03-19 16:01:00,2026-03-19 16:06:00,5.0,4640.02,4640.02,4652.05,4632.8,4582.28,4652.05,4640.02,12.029999999999745,14.939285714285688,0.13,156.3899999999967,64.2800000000061,0.91,0.0,63.3700000000061,0.4110237227444687,0.4052049363770538,partial_be,True,1.3325020781379955,0.2859517871986428,0.03@4632.80:tp1;0.03@4625.58:tp1;0.03@4640.12:be;0.04@4640.12:be,6637.09999999989,59.08399468375285,2026-03
M10#6002158,M10,6002158,OB,sell,0.618,B,2026-03-20 01:50:00,2026-03-20 02:07:00,2026-03-20 02:40:00,33.0,4653.9,4653.9,4671.31,4643.45,4570.33,4671.31,4653.9,17.410000000000764,10.972142857142899,0.09,156.6900000000069,20.19999999999709,0.6300000000000001,0.0,19.56999999999709,0.1289169698129823,0.12489629204158675,partial_be,True,0.6519241815048223,0.6507754164273079,0.02@4643.45:tp1;0.02@4654.00:be;0.02@4654.00:be;0.03@4654.00:be,6656.669999999887,59.20889097579443,2026-03
M5#6003925,M5,6003925,IMB,buy,0.575,B,2026-03-20 05:40:00,2026-03-20 07:02:00,2026-03-20 07:30:00,28.0,4714.49,4714.49,4707.37,4718.76,4748.67,4714.49,4707.37,7.119999999999891,10.292142857142803,0.23,163.7599999999975,62.750000000009095,1.6099999999999999,0.0,61.140000000009096,0.3831827063996706,0.37335124572551315,partial_be,True,1.2977528089887533,0.5772471910111988,0.05@4718.76:tp1;0.05@4723.03:tp1;0.05@4714.39:be;0.08@4714.39:be,6717.809999999897,59.58224222151995,2026-03
M5#6004028,M5,6004028,UW,sell,0.55,C,2026-03-23 10:55:00,2026-03-23 11:21:00,2026-03-23 13:02:00,101.0,4294.55,4294.55,4310.14,4285.2,4219.72,4310.14,4294.55,15.590000000000146,27.951428571428355,0.1,155.90000000000146,130.56000000000313,0.7000000000000001,0.0,129.86000000000314,0.8374599101988577,0.8329698524695441,partial_be,True,4.538806927517611,0.9140474663245585,0.02@4285.20:tp1;0.02@4275.84:tp1;0.02@4257.13:tp1;0.04@4294.65:be,6847.6699999999,60.415212073989494,2026-03
M5#6004099,M5,6004099,OB,buy,0.648,B,2026-03-24 05:55:00,2026-03-24 06:19:00,2026-03-24 06:57:00,38.0,4333.03,4333.03,4312.67,4345.25,4430.76,4333.03,4312.67,20.359999999999673,11.694285714285732,0.08,162.87999999999738,23.840000000003783,0.56,0.0,23.280000000003785,0.14636542239688216,0.14292730844796267,partial_be,True,0.8064833005894075,0.3094302554027644,0.02@4345.25:tp1;0.02@4332.93:be;0.02@4332.93:be;0.02@4332.93:be,6870.949999999903,60.55813938243746,2026-03
M15#6001500,M15,6001500,OB,buy,0.604,B,2026-03-24 19:30:00,2026-03-24 19:35:00,2026-03-25 01:16:00,341.0,4379.35,4379.35,4356.66,4392.96,4488.26,4379.35,4356.66,22.69000000000051,20.202857142857347,0.07,158.83000000000354,530.9399999999988,0.48999999999999994,-6.0,524.4499999999988,3.3428193666183152,3.301958068374911,tp2,True,5.304539444689157,0.3102688408990659,0.01@4392.96:tp1;0.01@4406.58:tp1;0.01@4433.81:tp1;0.04@4488.26:tp2,7395.399999999902,63.86009745081237,2026-03
M5#6004177,M5,6004177,UW,buy,0.558,B,2026-03-25 03:00:00,2026-03-25 03:03:00,2026-03-25 03:36:00,33.0,4553.53,4553.53,4546.44,4557.78,4587.56,4553.53,4546.44,7.0900000000001455,10.452142857142851,0.24,170.1600000000035,382.86000000000786,1.68,0.0,381.18000000000785,2.25,2.240126939351199,tp2,True,4.895627644569721,0.14245416078974443,0.06@4557.78:tp1;0.06@4562.04:tp1;0.06@4570.55:tp1;0.06@4587.56:tp2,7776.57999999991,66.10022439016356,2026-03
M5#6004181,M5,6004181,UW,buy,0.607,B,2026-03-25 06:10:00,2026-03-25 07:21:00,2026-03-25 07:32:00,11.0,4563.4,4563.4,4552.52,4569.93,4615.62,4563.4,4552.52,10.8799999999992,6.917857142857234,0.16,174.0799999999872,-175.67999999999302,1.12,0.0,-176.79999999999302,-1.0091911764706223,-1.0156250000000346,sl,False,0.0367647058824058,1.289522058823601,0.04@4552.42:sl;0.04@4552.42:sl;0.04@4552.42:sl;0.04@4552.42:sl,7599.779999999917,65.08459939016353,2026-03
M15#6001530,M15,6001530,UW,buy,0.62,B,2026-03-25 13:00:00,2026-03-25 14:28:00,2026-03-25 14:31:00,3.0,4550.78,4550.78,4527.97,4564.47,4660.27,4550.78,4527.97,22.80999999999949,13.53571428571448,0.07,159.6699999999964,-160.36999999999898,0.48999999999999994,0.0,-160.859999999999,-1.0043840420868202,-1.0074528715475832,sl,False,0.0,1.2766330556773582,0.01@4527.87:sl;0.01@4527.87:sl;0.01@4527.87:sl;0.04@4527.87:sl,7438.919999999918,64.07714651861595,2026-03
M15#6001514,M15,6001514,IMB,buy,0.587,B,2026-03-25 15:00:00,2026-03-25 21:09:00,2026-03-25 22:38:00,89.0,4504.92,4504.92,4484.95,4516.9,4600.78,4504.92,4484.95,19.970000000000255,15.722142857143028,0.08,159.76000000000204,71.47999999999774,0.56,0.0,70.91999999999774,0.4474211316975265,0.4439158738106963,partial_be,True,1.874311467200792,0.9103655483224867,0.02@4516.90:tp1;0.02@4528.88:tp1;0.02@4504.82:be;0.02@4504.82:be,7509.839999999916,64.52106239242664,2026-03
M5#6004249,M5,6004249,IMB,buy,0.553,B,2026-03-26 02:40:00,2026-03-26 04:57:00,2026-03-26 05:18:00,21.0,4508.15,4508.15,4500.04,4513.02,4547.08,4508.15,4500.04,8.109999999999673,9.712857142857242,0.21,170.30999999999315,22.750000000012733,1.4700000000000002,0.0,21.280000000012734,0.13357994245795107,0.12494862309913446,partial_be,True,0.7422934648582835,0.7447595561036014,0.05@4513.02:tp1;0.05@4508.05:be;0.05@4508.05:be;0.06@4508.05:be,7531.119999999928,64.64601101552577,2026-03
M30#6000780,M30,6000780,OB,buy,0.581,B,2026-03-27 12:00:00,2026-03-27 13:07:00,2026-03-27 17:14:00,247.0,4405.18,4405.18,4378.98,4420.9,4530.94,4405.18,4378.98,26.200000000000728,15.692142857142764,0.06,157.2000000000044,487.319999999997,0.42000000000000004,0.0,486.89999999999696,3.099999999999894,3.097328244274703,tp2,True,4.9011450381677975,0.03816793893129665,0.01@4420.90:tp1;0.01@4436.62:tp1;0.01@4468.06:tp1;0.03@4530.94:tp2,8018.019999999925,67.74333925980048,2026-03
M5#6004371,M5,6004371,IMB,buy,0.653,A,2026-03-27 18:50:00,2026-03-27 19:26:00,2026-03-27 19:40:00,14.0,4489.16,4489.16,4475.87,4497.13,4552.95,4489.16,4475.87,13.289999999999964,9.308571428571408,0.13,172.76999999999953,22.91000000000622,0.91,0.0,22.00000000000622,0.13260404005328635,0.12733692191935106,partial_be,True,0.8427389014296349,0.1873589164785394,0.03@4497.13:tp1;0.03@4489.06:be;0.03@4489.06:be;0.04@4489.06:be,8040.019999999931,67.87067618171983,2026-03
M10#6002398,M10,6002398,IMB,buy,0.699,A,2026-03-27 19:00:00,2026-03-27 19:17:00,2026-03-27 21:42:00,145.0,4501.7,4501.7,4475.87,4517.2,4625.68,4501.7,4475.87,25.829999999999927,17.7899999999999,0.06,154.9799999999996,15.000000000002728,0.42000000000000004,0.0,14.580000000002729,0.09678668215255368,0.09407665505228266,partial_be,True,1.051877661633765,0.585365853658534,0.01@4517.20:tp1;0.01@4501.60:be;0.01@4501.60:be;0.03@4501.60:be,8054.599999999934,67.9647528367721,2026-03
M15#6001601,M15,6001601,IMB,buy,0.699,A,2026-03-27 19:00:00,2026-03-27 19:17:00,2026-03-27 21:42:00,145.0,4501.7,4501.7,4464.13,4524.24,4682.04,4501.7,4464.13,37.56999999999971,22.769285714285747,0.04,150.27999999999884,22.2400000000016,0.28,0.0,21.9600000000016,0.14799041788662345,0.14612722917222365,partial_be,True,0.7231833910034677,0.4024487623103542,0.01@4524.24:tp1;0.01@4501.60:be;0.01@4501.60:be;0.01@4501.60:be,8076.559999999936,68.11088006594433,2026-03
M5#6004397,M5,6004397,IMB,sell,0.644,B,2026-03-30 02:55:00,2026-03-30 03:21:00,2026-03-30 04:10:00,49.0,4460.43,4460.43,4472.46,4453.21,4402.69,4472.46,4460.43,12.029999999999745,11.146428571428585,0.15,180.44999999999618,150.9900000000052,1.05,0.0,149.9400000000052,0.8367414796342943,0.8309226932668793,partial_be,True,2.4505403158769896,0.5502909393183734,0.03@4453.21:tp1;0.03@4445.99:tp1;0.03@4431.56:tp1;0.06@4460.53:be,8226.499999999942,68.94180275921121,2026-03
M5#6004406,M5,6004406,OB,buy,0.585,B,2026-03-30 04:50:00,2026-03-30 05:33:00,2026-03-30 06:20:00,47.0,4459.87,4459.87,4449.11,4466.33,4511.52,4459.87,4449.11,10.760000000000218,12.07857142857139,0.16,172.1600000000035,387.3600000000006,1.12,0.0,386.2400000000006,2.249999999999958,2.2434944237917795,tp2,True,4.867100371747103,0.0901486988847802,0.04@4466.33:tp1;0.04@4472.78:tp1;0.04@4485.69:tp1;0.04@4511.52:tp2,8612.739999999942,71.18529718300299,2026-03
M15#6001647,M15,6001647,IMB,buy,0.639,B,2026-03-31 05:45:00,2026-03-31 05:46:00,2026-03-31 06:47:00,61.0,4577.64,4577.64,4550.44,4593.96,4708.2,4577.64,4550.44,27.200000000000728,21.800714285714157,0.06,163.2000000000044,-163.8000000000011,0.42000000000000004,0.0,-164.22000000000108,-1.0036764705882149,-1.0062499999999794,sl,False,0.12279411764702745,1.0022058823529223,0.01@4550.34:sl;0.01@4550.34:sl;0.01@4550.34:sl;0.03@4550.34:sl,8448.51999999994,70.17904718300301,2026-03
M5#6004517,M5,6004517,IMB,buy,0.652,A,2026-03-31 06:05:00,2026-03-31 06:18:00,2026-03-31 09:00:00,162.0,4565.19,4565.19,4545.59,4576.95,4659.27,4565.19,4545.59,19.599999999999454,10.425000000000052,0.09,176.39999999999512,22.820000000004256,0.6300000000000001,0.0,22.190000000004257,0.12936507936510708,0.1257936507936784,partial_be,True,0.8433673469388324,0.8627551020408329,0.02@4576.95:tp1;0.02@4565.09:be;0.02@4565.09:be;0.03@4565.09:be,8470.709999999945,70.30484083379669,2026-03
M5#6004513,M5,6004513,OB,buy,0.584,B,2026-03-31 06:30:00,2026-03-31 10:19:00,2026-03-31 13:37:00,198.0,4547.68,4547.68,4539.35,4552.68,4587.66,4547.68,4539.35,8.329999999999927,9.042142857142997,0.22,183.25999999999843,174.24999999999636,1.5400000000000003,0.0,172.70999999999637,0.9508348794062963,0.9424315180617584,partial_be,True,3.285714285714301,0.5018007202881546,0.05@4552.68:tp1;0.05@4557.68:tp1;0.05@4567.67:tp1;0.07@4547.58:be,8643.41999999994,71.24727235185844,2026-03
M5#7002679,M5,7002679,IMB,buy,0.569,B,2026-04-02 02:45:00,2026-04-02 02:45:00,2026-04-02 02:51:00,6.0,4787.46,4787.46,4778.88,4792.61,4828.64,4787.46,4778.88,8.579999999999927,6.609999999999867,0.21,180.1799999999985,-182.28000000000614,1.4700000000000002,0.0,-183.75000000000614,-1.0116550116550542,-1.0198135198135623,sl,False,0.0,1.0734265734265869,0.05@4778.78:sl;0.05@4778.78:sl;0.05@4778.78:sl;0.06@4778.78:sl,8459.669999999935,70.22745883204487,2026-04
M5#7002711,M5,7002711,IMB,sell,0.553,B,2026-04-02 09:30:00,2026-04-02 10:08:00,2026-04-02 10:34:00,26.0,4609.02,4609.02,4629.3,4596.85,4511.68,4629.3,4609.02,20.279999999999745,20.20642857142866,0.09,182.51999999999774,-183.4199999999928,0.6300000000000001,0.0,-184.0499999999928,-1.004930966469401,-1.0083826429980007,sl,False,0.046844181459557696,1.248027613412264,0.02@4629.40:sl;0.02@4629.40:sl;0.02@4629.40:sl;0.03@4629.40:sl,8275.619999999943,69.21907618904687,2026-04
M15#6001714,M15,6001714,OB,buy,0.707,A,2026-04-02 19:45:00,2026-04-06 01:10:00,2026-04-06 01:47:00,37.0,4625.76,4625.76,4587.67,4648.61,4808.59,4625.76,4587.67,38.090000000000146,23.610000000000127,0.04,152.36000000000058,22.549999999998363,0.28,0.0,22.26999999999836,0.14800472564976552,0.1461669729587705,partial_be,True,0.6529272775006509,0.4494618009976326,0.01@4648.61:tp1;0.01@4625.66:be;0.01@4625.66:be;0.01@4625.66:be,8297.889999999941,69.36524316200564,2026-04
M10#6002551,M10,6002551,OB,buy,0.724,A,2026-04-02 19:40:00,2026-04-06 01:10:00,2026-04-06 01:47:00,37.0,4625.76,4625.76,4591.05,4646.59,4792.37,4625.76,4591.05,34.710000000000036,16.607142857142858,0.05,173.55000000000018,20.429999999998472,0.35000000000000003,0.0,20.07999999999847,0.1177182368193515,0.11570152693747306,partial_be,True,0.7165082108902294,0.4932296168251188,0.01@4646.59:tp1;0.01@4625.66:be;0.01@4625.66:be;0.02@4625.66:be,8317.96999999994,69.48094468894311,2026-04
M5#7002759,M5,7002759,UW,sell,0.622,B,2026-04-06 01:35:00,2026-04-06 01:46:00,2026-04-06 01:48:00,2.0,4647.87,4647.87,4665.47,4637.31,4563.39,4665.47,4647.87,17.600000000000364,10.533571428571317,0.1,176.00000000000364,62.75999999999658,0.7000000000000001,0.0,62.05999999999658,0.3565909090908823,0.35261363636360965,partial_be,True,2.2102272727272063,0.17556818181818645,0.02@4637.31:tp1;0.02@4626.75:tp1;0.02@4647.97:be;0.04@4647.97:be,8380.029999999935,69.83355832530673,2026-04
M5#7002794,M5,7002794,UW,buy,0.557,B,2026-04-06 09:35:00,2026-04-06 09:38:00,2026-04-06 10:12:00,34.0,4652.59,4652.59,4643.32,4658.15,4697.09,4652.59,4643.32,9.270000000000437,6.522142857143081,0.19,176.1300000000083,65.61999999999352,1.33,0.0,64.28999999999353,0.3725657185033239,0.36501447794237496,partial_be,True,1.5954692556633514,0.331175836030158,0.04@4658.15:tp1;0.04@4663.71:tp1;0.04@4652.49:be;0.07@4652.49:be,8444.319999999929,70.1985728032491,2026-04
M5#7002810,M5,7002810,IMB,buy,0.587,B,2026-04-06 11:30:00,2026-04-06 14:51:00,2026-04-06 15:07:00,16.0,4680.25,4680.25,4672.05,4685.17,4719.61,4680.25,4672.05,8.199999999999818,8.081428571428726,0.22,180.39999999999603,22.899999999994183,1.5400000000000003,0.0,21.359999999994184,0.12694013303766458,0.11840354767181072,partial_be,True,0.7756097560975382,0.4060975609756099,0.05@4685.17:tp1;0.05@4680.15:be;0.05@4680.15:be;0.07@4680.15:be,8465.679999999922,70.31697635092091,2026-04
M5#7002809,M5,7002809,IMB,buy,0.585,B,2026-04-06 15:05:00,2026-04-06 15:15:00,2026-04-06 15:21:00,6.0,4671.95,4671.95,4665.58,4675.77,4702.53,4671.95,4665.58,6.369999999999891,5.708571428571564,0.29,184.72999999999686,-187.63000000000739,2.0300000000000002,0.0,-189.6600000000074,-1.0156985871272157,-1.026687598116227,sl,False,0.3563579277865739,1.1051805337519756,0.07@4665.48:sl;0.07@4665.48:sl;0.07@4665.48:sl;0.08@4665.48:sl,8276.019999999915,69.29028875280468,2026-04
M10#6002590,M10,6002590,OB,buy,0.693,A,2026-04-06 15:10:00,2026-04-06 15:21:00,2026-04-06 16:05:00,44.0,4665.8,4665.8,4649.73,4675.44,4742.94,4665.8,4649.73,16.07000000000062,8.230000000000018,0.11,176.7700000000068,18.37999999999556,0.77,0.0,17.609999999995562,0.10397691916046192,0.09962097640999538,partial_be,True,0.9645301804604482,0.383945239576841,0.02@4675.44:tp1;0.02@4665.70:be;0.02@4665.70:be;0.05@4665.70:be,8293.62999999991,69.38990972921468,2026-04
M5#7002905,M5,7002905,OB,buy,0.552,B,2026-04-07 12:55:00,2026-04-07 14:10:00,2026-04-07 14:12:00,2.0,4645.88,4645.88,4639.52,4649.7,4676.41,4645.88,4639.52,6.359999999999673,7.779285714285769,0.28,178.07999999999086,-180.88000000000105,1.9600000000000002,0.0,-182.84000000000106,-1.0157232704403096,-1.0267295597484862,sl,False,0.0,1.28773584905675,0.07@4639.42:sl;0.07@4639.42:sl;0.07@4639.42:sl;0.07@4639.42:sl,8110.789999999909,68.36318016946619,2026-04
H1#6000425,H1,6000425,IMB,sell,0.608,B,2026-04-02 19:00:00,2026-04-06 12:30:00,2026-04-07 22:45:00,2055.0,4703.98,4703.98,4775.35,4661.16,4361.4,4775.35,4703.98,71.3700000000008,44.54857142857145,0.02,142.7400000000016,85.53999999999905,0.14,0.3,85.69999999999905,0.5992714025500777,0.6003923217037838,partial_be,True,1.3459436738125041,0.1263836345803606,0.01@4618.34:tp1;0.01@4704.08:be,8196.489999999909,68.96357249116997,2026-04
M10#6002662,M10,6002662,OB,buy,0.676,A,2026-04-07 21:40:00,2026-04-07 21:52:00,2026-04-08 01:00:00,188.0,4667.42,4667.42,4656.39,4674.04,4720.36,4667.42,4656.39,11.029999999999745,10.033571428571252,0.16,176.47999999999593,401.6399999999994,1.12,0.0,400.5199999999994,2.2758386219402125,2.2694922937443827,tp2,True,7.17860380779711,0.922937443336403,0.04@4674.04:tp1;0.04@4680.66:tp1;0.04@4693.89:tp1;0.04@4721.50:tp2,8597.009999999907,71.23306478491435,2026-04
M15#6001697,M15,6001697,IMB,sell,0.594,B,2026-04-08 01:30:00,2026-04-08 01:32:00,2026-04-08 01:34:00,2.0,4753.21,4753.21,4783.89,4734.8,4605.95,4783.89,4753.21,30.68000000000029,17.02500000000009,0.06,184.08000000000177,54.82999999999811,0.42000000000000004,0.0,54.40999999999811,0.2978596262494436,0.2955780095610473,partial_be,True,1.3008474576271016,0.3435462842242459,0.01@4734.80:tp1;0.01@4716.39:tp1;0.01@4753.31:be;0.03@4753.31:be,8651.419999999905,71.52864279447539,2026-04
M30#6000834,M30,6000834,IMB,sell,0.634,B,2026-04-06 13:30:00,2026-04-07 22:45:00,2026-04-08 01:54:00,189.0,4711.8,4711.8,4783.89,4668.55,4365.77,4783.89,4711.8,72.09000000000015,16.664285714285793,0.02,144.1800000000003,-144.3799999999992,0.14,0.8999999999999999,-143.61999999999918,-1.0013871549451998,-0.9961159661534117,sl,False,0.22971285892634716,1.2491330281592454,0.01@4783.99:sl;0.01@4783.99:sl,8507.799999999907,70.53252682832198,2026-04
M10#6002675,M10,6002675,IMB,buy,0.688,A,2026-04-08 02:50:00,2026-04-08 04:20:00,2026-04-08 05:56:00,96.0,4800.7,4800.7,4779.6,4813.36,4901.98,4800.7,4779.6,21.099999999999454,23.290000000000095,0.08,168.79999999999563,24.720000000002983,0.56,0.0,24.160000000002984,0.14644549763035322,0.14312796208532944,partial_be,True,1.1630331753554786,0.5810426540284613,0.02@4813.36:tp1;0.02@4800.60:be;0.02@4800.60:be;0.02@4800.60:be,8531.95999999991,70.67565479040731,2026-04
M15#6001791,M15,6001791,IMB,buy,0.639,B,2026-04-08 03:00:00,2026-04-08 04:20:00,2026-04-08 05:56:00,96.0,4800.7,4800.7,4779.87,4813.2,4900.68,4800.7,4779.87,20.829999999999927,25.272142857143017,0.08,166.63999999999942,24.400000000003274,0.56,0.0,23.840000000003275,0.1464234277484599,0.14306289006243014,partial_be,True,1.17810849735958,0.5885741718675114,0.02@4813.20:tp1;0.02@4800.60:be;0.02@4800.60:be;0.02@4800.60:be,8555.799999999914,70.81871768046973,2026-04
M5#7002969,M5,7002969,IMB,buy,0.687,A,2026-04-08 02:45:00,2026-04-08 04:28:00,2026-04-08 07:17:00,169.0,4793.39,4793.39,4773.82,4805.13,4887.33,4793.39,4773.82,19.57000000000062,15.906428571428673,0.09,176.1300000000056,69.93999999999687,0.6300000000000001,0.0,69.30999999999688,0.39709305626522823,0.39351615284162084,partial_be,True,1.6274910577413617,0.2529381706694211,0.02@4805.13:tp1;0.02@4816.87:tp1;0.02@4793.29:be;0.03@4793.29:be,8625.109999999911,71.21223383331136,2026-04
M5#7002966,M5,7002966,IMB,buy,0.653,A,2026-04-08 11:30:00,2026-04-08 17:33:00,2026-04-08 17:48:00,15.0,4752.03,4752.06,4736.44,4761.43,4827.04,4752.06,4736.44,15.6200000000008,7.367857142857182,0.11,171.8200000000088,18.17000000000371,0.77,0.0,17.40000000000371,0.10575020370156431,0.10126876964266569,partial_be,True,1.1453265044813963,0.16453265044811635,0.02@4761.43:tp1;0.02@4751.96:be;0.02@4751.96:be;0.05@4751.96:be,8642.509999999915,71.31350260295403,2026-04
M10#6002674,M10,6002674,IMB,buy,0.692,A,2026-04-08 04:50:00,2026-04-08 17:31:00,2026-04-08 17:56:00,25.0,4761.23,4761.23,4736.44,4776.1,4880.22,4761.23,4736.44,24.789999999999964,16.630000000000045,0.07,173.52999999999972,-174.22999999999593,0.48999999999999994,0.0,-174.71999999999593,-1.0040338846308776,-1.0068576038725074,sl,False,0.3505445744251925,1.1585316659943279,0.01@4736.34:sl;0.01@4736.34:sl;0.01@4736.34:sl;0.04@4736.34:sl,8467.789999999919,70.30664499908153,2026-04
M15#6001790,M15,6001790,IMB,buy,0.718,A,2026-04-08 17:15:00,2026-04-08 17:31:00,2026-04-08 17:56:00,25.0,4761.23,4761.23,4736.44,4776.1,4880.22,4761.23,4736.44,24.789999999999964,15.472857142857265,0.07,173.52999999999972,-174.22999999999593,0.48999999999999994,0.0,-174.71999999999593,-1.0040338846308776,-1.0068576038725074,sl,False,0.3505445744251925,1.1585316659943279,0.01@4736.34:sl;0.01@4736.34:sl;0.01@4736.34:sl;0.04@4736.34:sl,8293.069999999923,69.29978739520902,2026-04
M5#7002964,M5,7002964,OB,buy,0.66,A,2026-04-08 17:40:00,2026-04-08 17:56:00,2026-04-08 20:34:00,158.0,4744.14,4744.14,4728.15,4753.73,4820.89,4744.14,4728.15,15.990000000000691,13.435714285714312,0.11,175.8900000000076,56.859999999995125,0.77,0.0,56.08999999999512,0.32327022570920844,0.3188924896241554,partial_be,True,1.327079424640302,0.727329580988093,0.02@4753.73:tp1;0.02@4763.33:tp1;0.02@4744.04:be;0.05@4744.04:be,8349.159999999918,69.61867988483318,2026-04
M5#7003088,M5,7003088,OB,sell,0.587,B,2026-04-09 07:25:00,2026-04-09 08:29:00,2026-04-09 10:08:00,99.0,4725.56,4725.56,4732.29,4721.52,4693.26,4732.29,4725.56,6.729999999999563,4.4449999999999035,0.27,181.7099999999882,168.720000000013,1.8900000000000001,0.0,166.830000000013,0.9285124649167571,0.9181112762094756,partial_be,True,3.265973254086463,0.42050520059437013,0.06@4721.52:tp1;0.06@4717.48:tp1;0.06@4709.41:tp1;0.09@4725.66:be,8515.98999999993,70.53679116104266,2026-04
M5#7003052,M5,7003052,OB,sell,0.59,B,2026-04-09 07:45:00,2026-04-09 13:24:00,2026-04-09 13:47:00,23.0,4734.2,4734.2,4743.3,4728.74,4690.52,4743.3,4734.2,9.100000000000364,4.309999999999881,0.2,182.00000000000728,-183.99999999999636,1.4000000000000001,0.0,-185.39999999999637,-1.0109890109889506,-1.018681318681258,sl,False,0.0,1.018681318681326,0.05@4743.40:sl;0.05@4743.40:sl;0.05@4743.40:sl;0.05@4743.40:sl,8330.589999999935,69.5181098423614,2026-04
M5#7003198,M5,7003198,OB,sell,0.562,B,2026-04-10 08:00:00,2026-04-10 08:36:00,2026-04-10 08:45:00,9.0,4765.73,4765.73,4770.35,4762.96,4743.55,4770.35,4765.73,4.6200000000008,3.122857142857226,0.39,180.1800000000312,21.929999999984826,2.73,0.0,19.199999999984826,0.12171162171151641,0.10656010656000388,partial_be,True,0.9242424242421617,0.6038961038959914,0.09@4762.96:tp1;0.09@4765.83:be;0.09@4765.83:be;0.12@4765.83:be,8349.789999999919,69.62466994892141,2026-04
M5#7003228,M5,7003228,OB,buy,0.619,B,2026-04-10 13:45:00,2026-04-10 19:06:00,2026-04-10 21:05:00,119.0,4751.78,4751.78,4745.92,4755.3,4779.91,4751.78,4745.92,5.859999999999673,4.262142857142862,0.31,181.65999999998985,171.2700000000159,2.17,0.0,169.1000000000159,0.9428052405594268,0.9308598480679586,partial_be,True,2.865187713310734,0.7576791808873461,0.07@4755.30:tp1;0.07@4758.81:tp1;0.07@4765.84:tp1;0.1@4751.68:be,8518.889999999936,70.55552979698936,2026-04
M10#6002837,M10,6002837,OB,sell,0.6,B,2026-04-13 18:00:00,2026-04-13 19:18:00,2026-04-13 19:40:00,22.0,4727.49,4727.49,4738.47,4720.9,4674.79,4738.47,4727.49,10.980000000000473,11.273571428571618,0.16,175.68000000000757,-177.27999999999884,1.12,0.0,-178.39999999999884,-1.0091074681238115,-1.0154826958105143,sl,False,0.46630236794168217,1.051001821493659,0.04@4738.57:sl;0.04@4738.57:sl;0.04@4738.57:sl;0.04@4738.57:sl,8340.489999999936,69.54004710117884,2026-04
M5#7003286,M5,7003286,IMB,sell,0.653,A,2026-04-13 01:20:00,2026-04-13 03:59:00,2026-04-13 20:26:00,987.0,4693.22,4693.22,4748.26,4660.2,4429.03,4748.26,4693.22,55.039999999999964,14.560000000000075,0.03,165.1199999999999,-165.41999999999828,0.21,0.0,-165.6299999999983,-1.0018168604651065,-1.003088662790688,sl,False,0.0,1.0230741279069846,0.01@4748.36:sl;0.02@4748.36:sl,8174.859999999938,68.53695843838815,2026-04
M5#7003424,M5,7003424,UW,buy,0.62,B,2026-04-14 14:10:00,2026-04-14 15:22:00,2026-04-14 15:54:00,32.0,4763.21,4763.21,4756.73,4767.1,4794.31,4763.21,4756.73,6.480000000000473,6.885000000000024,0.28,181.44000000001327,80.28999999999542,1.9600000000000002,0.0,78.32999999999542,0.4425154320987078,0.4317129629629062,partial_be,True,2.043209876543027,0.1666666666666433,0.07@4767.10:tp1;0.07@4770.99:tp1;0.07@4763.11:be;0.07@4763.11:be,8253.189999999933,68.96867140135106,2026-04
M5#7003454,M5,7003454,OB,buy,0.553,B,2026-04-15 06:15:00,2026-04-15 08:37:00,2026-04-15 08:43:00,6.0,4816.32,4816.32,4810.17,4820.01,4845.84,4816.32,4810.17,6.149999999999636,6.4950000000000205,0.29,178.34999999998948,23.63000000001557,2.0300000000000002,0.0,21.60000000001557,0.1324922904402409,0.121110176619102,partial_be,True,0.8260162601626386,0.5837398373984322,0.07@4820.01:tp1;0.07@4816.22:be;0.07@4816.22:be;0.08@4816.22:be,8274.789999999948,69.08978157797016,2026-04
M5#7003503,M5,7003503,OB,sell,0.579,B,2026-04-15 14:40:00,2026-04-15 14:46:00,2026-04-15 16:21:00,95.0,4809.63,4809.63,4818.4,4804.37,4767.53,4818.4,4809.63,8.769999999999527,4.318571428571237,0.2,175.39999999999054,-177.39999999999782,1.4000000000000001,0.0,-178.79999999999782,-1.0114025085519236,-1.019384264538241,sl,False,0.5906499429874186,1.1755986316990827,0.05@4818.50:sl;0.05@4818.50:sl;0.05@4818.50:sl;0.05@4818.50:sl,8095.989999999951,68.07039731343191,2026-04
M10#6002965,M10,6002965,OB,buy,0.631,B,2026-04-16 14:40:00,2026-04-16 15:11:00,2026-04-16 15:30:00,19.0,4813.79,4813.79,4807.07,4817.82,4846.05,4813.79,4807.07,6.720000000000255,5.0200000000001115,0.26,174.72000000000662,22.179999999991196,1.82,0.0,20.359999999991196,0.12694597069591548,0.11652930402924923,partial_be,True,0.715773809523842,0.3348214285714159,0.06@4817.82:tp1;0.06@4813.69:be;0.06@4813.69:be;0.08@4813.69:be,8116.349999999942,68.18692661746115,2026-04
M5#7003613,M5,7003613,IMB,buy,0.589,B,2026-04-16 18:25:00,2026-04-16 18:36:00,2026-04-16 19:23:00,47.0,4798.98,4798.98,4791.49,4803.47,4834.93,4798.98,4791.49,7.489999999999782,8.262857142857099,0.24,179.75999999999476,79.68000000001483,1.68,0.0,78.00000000001482,0.4432576769026321,0.4339118825101084,partial_be,True,1.5927903871829958,0.11214953271018165,0.06@4803.47:tp1;0.06@4807.97:tp1;0.06@4798.88:be;0.06@4798.88:be,8194.349999999957,68.62083849997126,2026-04
M5#7003433,M5,7003433,OB,buy,0.555,B,2026-04-17 03:00:00,2026-04-17 04:12:00,2026-04-17 04:23:00,11.0,4772.68,4772.68,4764.42,4777.64,4812.33,4772.68,4764.42,8.260000000000218,2.4357142857141816,0.22,181.72000000000483,73.14999999999509,1.5400000000000003,0.0,71.60999999999508,0.4025423728813182,0.39406779661013197,partial_be,True,1.521791767554404,0.44309927360771884,0.05@4777.64:tp1;0.05@4782.59:tp1;0.05@4772.58:be;0.07@4772.58:be,8265.959999999952,69.01490629658139,2026-04
M5#7003645,M5,7003645,IMB,buy,0.563,B,2026-04-17 05:20:00,2026-04-17 05:57:00,2026-04-17 09:18:00,201.0,4786.24,4786.24,4779.23,4790.45,4819.89,4786.24,4779.23,7.010000000000218,6.871428571428429,0.26,182.26000000000568,175.84000000000742,1.82,0.0,174.02000000000743,0.9647755953034234,0.9547898606386591,partial_be,True,2.833095577746072,0.2681883024251142,0.06@4790.45:tp1;0.06@4794.65:tp1;0.06@4803.06:tp1;0.08@4786.14:be,8439.97999999996,69.96969615722004,2026-04
M5#7003483,M5,7003483,OB,sell,0.58,B,2026-04-17 15:05:00,2026-04-17 15:53:00,2026-04-17 15:54:00,1.0,4844.03,4844.03,4850.66,4840.05,4812.21,4850.66,4844.03,6.630000000000109,5.125714285714301,0.27,179.01000000000295,21.77999999998974,1.8900000000000001,0.0,19.88999999998974,0.12166918049265059,0.11111111111105197,partial_be,True,0.6681749622925051,0.20512820512828955,0.06@4840.05:tp1;0.06@4844.13:be;0.06@4844.13:be;0.09@4844.13:be,8459.86999999995,70.0808072683311,2026-04
M5#7003685,M5,7003685,IMB,buy,0.602,B,2026-04-17 16:10:00,2026-04-17 23:49:00,2026-04-20 01:00:00,2951.0,4833.28,4833.28,4825.0,4838.25,4873.02,4833.28,4825.0,8.279999999999745,8.95999999999997,0.22,182.15999999999443,-896.7199999999849,1.5400000000000003,0.0,-898.2599999999849,-4.92270531400973,-4.931159420289923,sl,False,0.3007246376812521,8.432367149758678,0.05@4792.52:sl;0.05@4792.52:sl;0.05@4792.52:sl;0.07@4792.52:sl,7561.609999999965,65.14964784804118,2026-04
M10#6003051,M10,6003051,IMB,buy,0.633,B,2026-04-20 08:00:00,2026-04-20 08:11:00,2026-04-20 08:42:00,31.0,4786.26,4786.26,4774.17,4793.51,4844.29,4786.26,4774.17,12.090000000000146,4.912857142857059,0.14,169.26000000000207,20.649999999995998,0.9800000000000001,0.0,19.669999999995998,0.12200165425969364,0.11621174524397825,partial_be,True,0.8081058726219528,0.18031430934658932,0.03@4793.51:tp1;0.03@4786.16:be;0.03@4786.16:be;0.05@4786.16:be,7581.279999999962,65.26585959328516,2026-04
M15#6002071,M15,6002071,IMB,buy,0.613,B,2026-04-20 06:45:00,2026-04-20 07:34:00,2026-04-20 10:54:00,200.0,4788.63,4788.63,4774.17,4797.31,4858.04,4788.63,4774.17,14.460000000000036,9.959999999999907,0.12,173.52000000000044,25.1399999999976,0.84,0.0,24.2999999999976,0.14488243430150724,0.14004149377591943,partial_be,True,1.185338865836811,0.6120331950207705,0.03@4797.31:tp1;0.03@4788.53:be;0.03@4788.53:be;0.03@4788.53:be,7605.579999999959,65.40590108706108,2026-04
M5#7003727,M5,7003727,OB,sell,0.578,B,2026-04-20 05:30:00,2026-04-20 14:53:00,2026-04-20 15:12:00,19.0,4806.62,4806.62,4813.0,4802.79,4776.0,4813.0,4806.62,6.380000000000109,5.702142857142917,0.27,172.26000000000295,-174.96000000001277,1.8900000000000001,0.0,-176.85000000001276,-1.0156739811912794,-1.0266457680251349,sl,False,0.5266457680250181,1.0376175548588993,0.06@4813.10:sl;0.06@4813.10:sl;0.06@4813.10:sl;0.09@4813.10:sl,7428.729999999946,64.37925531903595,2026-04
M5#7003724,M5,7003724,IMB,buy,0.659,A,2026-04-20 05:55:00,2026-04-20 08:44:00,2026-04-20 15:20:00,396.0,4781.34,4781.34,4774.17,4785.64,4815.76,4781.34,4774.17,7.170000000000073,4.62499999999987,0.24,172.08000000000175,387.1799999999985,1.68,0.0,385.49999999999847,2.2499999999999685,2.240237099023678,tp2,True,5.368200836819999,0.21757322175737578,0.06@4785.64:tp1;0.06@4789.94:tp1;0.06@4798.55:tp1;0.06@4815.76:tp2,7814.229999999944,66.61949241805962,2026-04
M5#7003771,M5,7003771,IMB,buy,0.569,B,2026-04-20 15:15:00,2026-04-20 15:38:00,2026-04-20 15:58:00,20.0,4801.35,4801.35,4794.7,4805.34,4833.27,4801.35,4794.7,6.650000000000546,5.089285714285714,0.26,172.9000000000142,21.939999999991414,1.82,0.0,20.119999999991414,0.12689415847304578,0.11636784268357295,partial_be,True,1.0571428571427322,0.32631578947366835,0.06@4805.34:tp1;0.06@4801.25:be;0.06@4801.25:be;0.08@4801.25:be,7834.349999999936,66.7358602607432,2026-04
M5#7003778,M5,7003778,UW,sell,0.611,B,2026-04-20 15:55:00,2026-04-20 16:12:00,2026-04-20 16:29:00,17.0,4814.81,4814.81,4822.05,4810.47,4780.06,4822.05,4814.81,7.239999999999782,6.6921428571427635,0.24,173.75999999999476,-176.15999999998166,1.68,0.0,-177.83999999998167,-1.0138121546960577,-1.0234806629833508,sl,False,0.3494475138121301,1.5524861878453204,0.06@4822.15:sl;0.06@4822.15:sl;0.06@4822.15:sl;0.06@4822.15:sl,7656.509999999954,65.71237959775985,2026-04
M10#6003068,M10,6003068,OB,sell,0.619,B,2026-04-20 21:00:00,2026-04-20 21:05:00,2026-04-21 01:00:00,235.0,4812.7,4812.7,4823.34,4806.32,4761.63,4823.34,4812.7,10.640000000000327,5.344999999999735,0.16,170.24000000000524,-171.8399999999965,1.12,0.0,-172.9599999999965,-1.00939849624055,-1.0159774436089708,sl,False,0.18515037593986786,1.5469924812029634,0.04@4823.44:sl;0.04@4823.44:sl;0.04@4823.44:sl;0.04@4823.44:sl,7483.549999999957,64.69640215415087,2026-04
M5#7003811,M5,7003811,UW,sell,0.58,B,2026-04-21 02:35:00,2026-04-21 03:06:00,2026-04-21 03:09:00,3.0,4827.38,4827.38,4831.68,4824.8,4806.74,4831.68,4827.38,4.300000000000182,2.905000000000005,0.4,172.00000000000728,22.800000000015643,2.8000000000000003,0.0,20.000000000015643,0.13255813953496906,0.11627906976752789,partial_be,True,0.7186046511627942,0.26976744186041984,0.1@4824.80:tp1;0.1@4827.48:be;0.1@4827.48:be;0.1@4827.48:be,7503.549999999973,64.8126812239184,2026-04
M5#7003723,M5,7003723,IMB,buy,0.6,B,2026-04-21 06:20:00,2026-04-21 15:30:00,2026-04-21 16:06:00,36.0,4771.49,4771.49,4764.96,4775.41,4802.83,4771.49,4764.96,6.529999999999745,3.5942857142857583,0.26,169.77999999999338,163.7800000000061,1.82,0.0,161.96000000000612,0.9646601484274502,0.9539403934504207,partial_be,True,2.9019908116386763,0.7764165390505217,0.06@4775.41:tp1;0.06@4779.33:tp1;0.06@4787.16:tp1;0.08@4771.39:be,7665.509999999979,65.76662161736883,2026-04
M5#7003883,M5,7003883,IMB,sell,0.664,A,2026-04-21 18:05:00,2026-04-21 18:10:00,2026-04-21 22:44:00,274.0,4745.64,4745.64,4760.88,4736.5,4672.49,4760.88,4745.64,15.239999999999782,10.014285714285766,0.11,167.6399999999976,493.77000000000317,0.77,0.0,493.0000000000032,2.9454187544739336,2.9408255786209154,tp2,True,5.0485564304462995,0.7992125984252274,0.02@4736.50:tp1;0.02@4727.35:tp1;0.02@4709.06:tp1;0.05@4672.49:tp2,8158.509999999982,68.70744719598974,2026-04
M5#7003941,M5,7003941,OB,buy,0.616,B,2026-04-22 08:40:00,2026-04-22 11:15:00,2026-04-22 11:33:00,18.0,4757.97,4757.97,4753.15,4760.86,4781.11,4757.97,4753.15,4.8200000000006185,4.0842857142858,0.37,178.34000000002288,-182.0400000000027,2.59,0.0,-184.6300000000027,-1.020746887966689,-1.0352697095434507,sl,False,0.44605809128617435,1.0995850622405605,0.09@4753.05:sl;0.09@4753.05:sl;0.09@4753.05:sl;0.1@4753.05:sl,7973.879999999979,67.67217748644629,2026-04
M30#6001050,M30,6001050,OB,buy,0.603,B,2026-04-22 02:30:00,2026-04-23 03:10:00,2026-04-23 05:08:00,118.0,4713.83,4713.83,4679.19,4734.61,4880.1,4713.83,4679.19,34.64000000000033,20.852142857142876,0.05,173.20000000000164,20.37999999999829,0.35000000000000003,0.0,20.02999999999829,0.1176674364895964,0.11564665127019688,partial_be,True,1.1426096997690403,0.5643764434180137,0.01@4734.61:tp1;0.01@4713.73:be;0.01@4713.73:be;0.02@4713.73:be,7993.909999999977,67.78782413771648,2026-04
M5#7004013,M5,7004013,IMB,buy,0.626,B,2026-04-23 04:40:00,2026-04-23 05:01:00,2026-04-23 05:08:00,7.0,4722.03,4722.03,4715.96,4725.67,4751.17,4722.03,4715.96,6.069999999999709,6.270000000000047,0.3,182.0999999999913,-185.10000000000218,2.1000000000000005,0.0,-187.20000000000218,-1.0164744645799617,-1.028006589785893,sl,False,0.31466227347610315,1.5947281713344061,0.07@4715.86:sl;0.07@4715.86:sl;0.07@4715.86:sl;0.09@4715.86:sl,7806.709999999975,66.7598175479306,2026-04
M10#6003138,M10,6003138,IMB,buy,0.626,B,2026-04-22 15:50:00,2026-04-23 03:14:00,2026-04-23 05:44:00,150.0,4702.15,4702.15,4682.23,4714.1,4797.77,4702.15,4682.23,19.920000000000073,5.8221428571429374,0.09,179.28000000000068,167.02000000000498,0.6300000000000001,0.0,166.390000000005,0.9316153502900734,0.9281012940651737,partial_be,True,2.5732931726907644,0.39508032128513365,0.02@4714.10:tp1;0.02@4726.05:tp1;0.02@4749.96:tp1;0.03@4702.05:be,7973.099999999979,67.68791884199577,2026-04
M5#7003916,M5,7003916,IMB,buy,0.627,B,2026-04-23 03:05:00,2026-04-23 03:16:00,2026-04-23 08:30:00,314.0,4694.6,4694.6,4682.23,4702.02,4753.98,4694.6,4682.23,12.3700000000008,3.4485714285715403,0.14,173.18000000001123,155.3499999999949,0.9800000000000001,0.0,154.36999999999492,0.8970435385147525,0.8913846864533139,partial_be,True,4.75424413904573,0.13096200485050086,0.03@4702.02:tp1;0.03@4709.44:tp1;0.03@4724.29:tp1;0.05@4694.50:be,8127.469999999975,68.57930352844907,2026-04
M5#7004023,M5,7004023,IMB,sell,0.563,B,2026-04-23 13:35:00,2026-04-23 15:01:00,2026-04-23 15:05:00,4.0,4728.35,4728.35,4733.55,4725.23,4703.39,4733.55,4728.35,5.199999999999818,5.395714285714413,0.34,176.79999999999382,-180.19999999997526,2.3800000000000003,0.0,-182.57999999997526,-1.019230769230665,-1.0326923076922039,sl,False,0.0,1.1442307692307743,0.08@4733.65:sl;0.08@4733.65:sl;0.08@4733.65:sl;0.1@4733.65:sl,7944.889999999999,67.54661122075687,2026-04
M15#6002199,M15,6002199,IMB,buy,0.618,B,2026-04-23 16:30:00,2026-04-23 17:00:00,2026-04-23 17:06:00,6.0,4719.51,4719.51,4705.82,4727.72,4785.22,4719.51,4705.82,13.69000000000051,10.968571428571522,0.13,177.97000000000662,23.62999999999647,0.91,0.0,22.71999999999647,0.1327751868292161,0.12766196549977876,partial_be,True,0.6734842951058438,0.16873630387146196,0.03@4727.72:tp1;0.03@4719.41:be;0.03@4719.41:be;0.04@4719.41:be,7967.609999999996,67.67427318625666,2026-04
M5#7004078,M5,7004078,UW,buy,0.641,B,2026-04-24 05:35:00,2026-04-24 05:49:00,2026-04-24 07:22:00,93.0,4677.63,4677.63,4664.13,4685.73,4742.43,4677.63,4664.13,13.5,6.225714285714146,0.13,175.5,-176.80000000000473,0.91,0.0,-177.71000000000473,-1.0074074074074344,-1.0125925925926196,sl,False,0.11999999999999192,1.1237037037037092,0.03@4664.03:sl;0.03@4664.03:sl;0.03@4664.03:sl;0.04@4664.03:sl,7789.899999999991,66.66168059366403,2026-04
M10#6003272,M10,6003272,IMB,buy,0.625,B,2026-04-24 15:00:00,2026-04-24 15:49:00,2026-04-24 16:31:00,42.0,4692.47,4692.47,4680.54,4699.63,4749.73,4692.47,4680.54,11.930000000000291,8.772857142857122,0.14,167.0200000000041,20.37999999999556,0.9800000000000001,0.0,19.39999999999556,0.12202131481256773,0.11615375404140274,partial_be,True,1.089689857502069,0.16261525565804374,0.03@4699.63:tp1;0.03@4692.37:be;0.03@4692.37:be;0.05@4692.37:be,7809.299999999987,66.77783434770544,2026-04
M5#7004156,M5,7004156,UW,buy,0.56,B,2026-04-24 18:50:00,2026-04-24 23:04:00,2026-04-24 23:11:00,7.0,4711.66,4711.66,4706.72,4714.62,4735.37,4711.66,4706.72,4.9399999999996,5.597142857142834,0.36,177.8399999999856,-181.4399999999987,2.52,0.0,-183.9599999999987,-1.0202429149798324,-1.0344129554656636,sl,False,0.1943319838056911,1.0,0.09@4706.62:sl;0.09@4706.62:sl;0.09@4706.62:sl;0.09@4706.62:sl,7625.339999999988,65.74342139223977,2026-04
M10#6003283,M10,6003283,UW,buy,0.655,A,2026-04-24 23:30:00,2026-04-27 01:00:00,2026-04-27 01:06:00,6.0,4697.03,4697.03,4689.53,4701.53,4733.03,4697.03,4689.53,7.5,4.39714285714282,0.23,172.5,-174.79999999998745,1.6099999999999999,-11.5,-187.90999999998746,-1.0133333333332606,-1.0893333333332607,sl,False,0.3920000000000679,1.528000000000005,0.05@4689.43:sl;0.05@4689.43:sl;0.05@4689.43:sl;0.08@4689.43:sl,7437.430000000001,64.65408805890651,2026-04
M10#6003294,M10,6003294,IMB,sell,0.649,B,2026-04-27 02:30:00,2026-04-27 03:54:00,2026-04-27 04:02:00,8.0,4688.56,4688.56,4706.77,4677.63,4601.15,4706.77,4688.56,18.210000000000036,6.3985714285716835,0.09,163.89000000000036,-164.78999999999542,0.6300000000000001,0.0,-165.4199999999954,-1.0054914881932702,-1.0093355299285804,sl,False,0.0,1.0818231740801636,0.02@4706.87:sl;0.02@4706.87:sl;0.02@4706.87:sl;0.03@4706.87:sl,7272.010000000006,63.64475252897793,2026-04
M15#6002238,M15,6002238,IMB,sell,0.594,B,2026-04-27 03:15:00,2026-04-27 03:54:00,2026-04-27 04:02:00,8.0,4688.56,4688.56,4706.77,4677.63,4601.15,4706.77,4688.56,18.210000000000036,7.602142857142943,0.09,163.89000000000036,-164.78999999999542,0.6300000000000001,0.0,-165.4199999999954,-1.0054914881932702,-1.0093355299285804,sl,False,0.0,1.0818231740801636,0.02@4706.87:sl;0.02@4706.87:sl;0.02@4706.87:sl;0.03@4706.87:sl,7106.59000000001,62.635416999049355,2026-04
M5#7004178,M5,7004178,IMB,sell,0.671,A,2026-04-27 01:25:00,2026-04-27 03:59:00,2026-04-27 04:02:00,3.0,4697.3,4697.3,4706.77,4691.62,4651.84,4706.77,4697.3,9.470000000000255,5.32857142857152,0.18,170.4600000000046,-172.25999999999476,1.2600000000000002,0.0,-173.51999999999475,-1.010559662090755,-1.0179514255543238,sl,False,0.27455121436117147,1.1573389651530879,0.04@4706.87:sl;0.04@4706.87:sl;0.04@4706.87:sl;0.06@4706.87:sl,6933.070000000015,61.61746557349503,2026-04
M5#7004193,M5,7004193,IMB,buy,0.641,B,2026-04-27 08:40:00,2026-04-27 17:10:00,2026-04-27 17:27:00,17.0,4688.52,4688.52,4683.01,4691.83,4714.97,4688.52,4683.01,5.510000000000218,3.0828571428571325,0.3,165.30000000000658,67.83999999998834,2.1000000000000005,0.0,65.73999999998834,0.4104053236538756,0.397701149425201,partial_be,True,1.4355716878402072,0.5099818511797257,0.07@4691.83:tp1;0.07@4695.13:tp1;0.07@4688.42:be;0.09@4688.42:be,6998.810000000003,62.015166722920235,2026-04
M5#7004331,M5,7004331,UW,buy,0.565,B,2026-04-28 15:40:00,2026-04-28 17:37:00,2026-04-28 17:49:00,12.0,4562.35,4562.35,4554.59,4567.01,4599.6,4562.35,4554.59,7.760000000000218,11.38571428571426,0.21,162.9600000000046,21.69999999999345,1.4700000000000002,0.0,20.229999999993453,0.13316151202744744,0.1241408934707467,partial_be,True,0.6610824742266824,0.6533505154639788,0.05@4567.01:tp1;0.05@4562.25:be;0.05@4562.25:be;0.06@4562.25:be,7019.039999999996,62.13930761639098,2026-04
M5#7004341,M5,7004341,OB,sell,0.582,B,2026-04-28 17:25:00,2026-04-28 17:33:00,2026-04-28 18:00:00,27.0,4577.88,4577.88,4586.34,4572.8,4537.27,4586.34,4577.88,8.460000000000036,10.368571428571483,0.2,169.20000000000073,177.15000000000603,1.4000000000000001,0.0,175.75000000000603,1.046985815602868,1.038711583924381,partial_be,True,2.400709219858193,0.3593380614657152,0.05@4572.80:tp1;0.05@4567.73:tp1;0.05@4557.58:tp1;0.05@4577.98:be,7194.790000000003,63.17801920031536,2026-04
M5#7004334,M5,7004334,UW,sell,0.569,B,2026-04-28 18:15:00,2026-04-28 19:57:00,2026-04-28 20:13:00,16.0,4594.78,4594.78,4599.94,4591.68,4570.01,4599.94,4594.78,5.1599999999998545,8.770714285714282,0.33,170.2799999999952,22.29999999998654,2.31,0.0,19.98999999998654,0.13096077049557886,0.11739487902271027,partial_be,True,1.1511627906976294,0.0736434108527364,0.08@4591.68:tp1;0.08@4594.88:be;0.08@4594.88:be;0.09@4594.88:be,7214.779999999989,63.29541407933807,2026-04
M5#7004380,M5,7004380,IMB,sell,0.61,B,2026-04-29 04:30:00,2026-04-29 04:35:00,2026-04-29 05:06:00,31.0,4586.69,4586.69,4597.86,4579.99,4533.07,4597.86,4586.69,11.170000000000073,5.851428571428447,0.15,167.5500000000011,-169.05000000000652,1.05,0.0,-170.10000000000653,-1.0089525514772033,-1.015219337511223,sl,False,0.5434198746642497,1.1342882721576455,0.03@4597.96:sl;0.03@4597.96:sl;0.03@4597.96:sl;0.06@4597.96:sl,7044.679999999982,62.28019474182685,2026-04
M5#7004384,M5,7004384,IMB,buy,0.551,B,2026-04-29 06:10:00,2026-04-29 08:59:00,2026-04-29 09:07:00,8.0,4591.79,4591.79,4585.23,4595.73,4623.28,4591.79,4585.23,6.5600000000004,5.015714285714174,0.25,164.00000000001,21.739999999990687,1.75,0.0,19.989999999990687,0.1325609756096912,0.1218902439023748,partial_be,True,1.0381097560975587,0.237804878048827,0.06@4595.73:tp1;0.06@4591.69:be;0.06@4591.69:be;0.07@4591.69:be,7064.669999999973,62.402084985729225,2026-04
M5#7004416,M5,7004416,IMB,buy,0.587,B,2026-04-29 12:10:00,2026-04-29 12:29:00,2026-04-29 12:39:00,10.0,4568.12,4568.12,4563.27,4571.03,4591.4,4568.12,4563.27,4.849999999999454,5.187142857142979,0.35,169.7499999999809,-173.24999999999363,2.45,0.0,-175.69999999999362,-1.0206185567011083,-1.0350515463918315,sl,False,0.2742268041237272,1.0948453608247604,0.08@4563.17:sl;0.08@4563.17:sl;0.08@4563.17:sl;0.11@4563.17:sl,6888.969999999979,61.36703343933739,2026-04
M5#7004418,M5,7004418,OB,sell,0.626,B,2026-04-29 12:45:00,2026-04-29 13:16:00,2026-04-29 14:03:00,47.0,4572.18,4572.18,4579.55,4567.76,4536.8,4579.55,4572.18,7.369999999999891,5.563571428571452,0.22,162.13999999999763,20.40000000000964,1.5400000000000003,0.0,18.86000000000964,0.12581719501671357,0.11631923029486813,partial_be,True,1.0868385345997744,0.6295793758479629,0.05@4567.76:tp1;0.05@4572.28:be;0.05@4572.28:be;0.07@4572.28:be,6907.829999999989,61.48335266963226,2026-04
M5#7004410,M5,7004410,OB,sell,0.558,B,2026-04-30 08:15:00,2026-04-30 09:54:00,2026-04-30 09:57:00,3.0,4583.52,4583.52,4588.08,4580.78,4561.63,4588.08,4583.52,4.559999999999491,4.509285714285852,0.37,168.71999999998116,-172.41999999999462,2.59,0.0,-175.00999999999462,-1.0219298245614858,-1.0372807017544698,sl,False,0.0,1.1754385964912875,0.09@4588.18:sl;0.09@4588.18:sl;0.09@4588.18:sl;0.1@4588.18:sl,6732.819999999994,60.44607196787779,2026-04
M5#7004304,M5,7004304,IMB,sell,0.705,A,2026-04-30 10:50:00,2026-04-30 13:30:00,2026-04-30 14:09:00,39.0,4644.42,4644.42,4656.82,4636.98,4584.9,4656.82,4644.42,12.399999999999636,5.657142857142779,0.13,161.19999999999527,21.31999999999789,0.91,0.0,20.40999999999789,0.13225806451611982,0.12661290322579707,partial_be,True,0.8217741935484523,0.22500000000000367,0.03@4636.98:tp1;0.03@4644.52:be;0.03@4644.52:be;0.04@4644.52:be,6753.229999999992,60.57268487110359,2026-04
M15#6002368,M15,6002368,UW,buy,0.574,B,2026-05-01 19:15:00,2026-05-01 20:29:00,2026-05-01 21:13:00,44.0,4632.11,4632.11,4619.06,4639.94,4694.75,4632.11,4619.06,13.049999999999272,14.327142857142917,0.12,156.59999999999127,-157.79999999999563,0.84,0.0,-158.63999999999564,-1.0076628352490704,-1.0130268199234003,sl,False,0.21685823754789924,1.1593869731801496,0.03@4618.96:sl;0.03@4618.96:sl;0.03@4618.96:sl;0.03@4618.96:sl,6594.5899999999965,59.55965805118019,2026-05
M5#8002795,M5,8002795,IMB,buy,0.604,B,2026-05-04 14:05:00,2026-05-04 14:35:00,2026-05-04 16:31:00,116.0,4555.81,4555.81,4545.12,4562.22,4607.12,4555.81,4545.12,10.69000000000051,10.420714285714373,0.15,160.35000000000764,56.81999999999607,1.05,0.0,55.769999999996074,0.35434985968190436,0.34780168381661003,partial_be,True,2.190832553788405,0.4050514499532863,0.03@4562.22:tp1;0.03@4568.64:tp1;0.03@4555.71:be;0.06@4555.71:be,6650.359999999992,59.907459734996806,2026-05
M5#8002803,M5,8002803,OB,buy,0.634,B,2026-05-04 17:40:00,2026-05-04 17:59:00,2026-05-04 18:00:00,1.0,4563.86,4563.86,4555.06,4569.14,4606.1,4563.86,4555.06,8.799999999999272,8.454285714285756,0.18,158.39999999998693,-160.19999999999345,1.2600000000000002,0.0,-161.45999999999344,-1.0113636363636784,-1.0193181818182244,sl,False,0.0,1.0306818181818704,0.04@4554.96:sl;0.04@4554.96:sl;0.04@4554.96:sl;0.06@4554.96:sl,6488.899999999999,58.888141553178585,2026-05
M15#6002385,M15,6002385,UW,buy,0.611,B,2026-05-04 15:00:00,2026-05-04 18:19:00,2026-05-04 18:21:00,2.0,4542.14,4542.14,4526.04,4551.8,4619.42,4542.14,4526.04,16.100000000000364,11.742142857142815,0.1,161.00000000000364,-162.00000000000728,0.7000000000000001,0.0,-162.70000000000726,-1.0062111801242462,-1.0105590062112024,sl,False,0.0,1.6689440993788376,0.02@4525.94:sl;0.02@4525.94:sl;0.02@4525.94:sl;0.04@4525.94:sl,6326.199999999992,57.87758254696738,2026-05
M10#6003517,M10,6003517,UW,buy,0.616,B,2026-05-04 14:50:00,2026-05-04 18:20:00,2026-05-04 18:21:00,1.0,4538.01,4538.01,4526.04,4545.19,4595.47,4538.01,4526.04,11.970000000000255,11.330714285714489,0.13,155.6100000000033,-156.91000000000804,0.91,0.0,-157.82000000000804,-1.008354218880565,-1.014202172096939,sl,False,0.0,1.8997493734335253,0.03@4525.94:sl;0.03@4525.94:sl;0.03@4525.94:sl;0.04@4525.94:sl,6168.379999999984,56.863380374870445,2026-05
M5#8002880,M5,8002880,OB,buy,0.659,A,2026-05-05 10:05:00,2026-05-05 10:56:00,2026-05-05 13:50:00,174.0,4543.94,4543.94,4535.16,4549.21,4586.08,4543.94,4535.16,8.779999999999745,4.978571428571415,0.18,158.03999999999544,62.24000000000706,1.2600000000000002,0.0,60.98000000000706,0.39382434826631774,0.38585168311825374,partial_be,True,1.873576309795126,0.07517084282458697,0.04@4549.21:tp1;0.04@4554.48:tp1;0.04@4543.84:be;0.06@4543.84:be,6229.359999999991,57.2492320579887,2026-05
M15#6002393,M15,6002393,OB,sell,0.596,B,2026-05-05 11:00:00,2026-05-05 12:08:00,2026-05-05 14:37:00,149.0,4560.39,4560.39,4574.35,4552.01,4493.38,4574.35,4560.39,13.960000000000036,8.537857142857254,0.11,153.5600000000004,49.56000000000404,0.77,0.0,48.790000000004035,0.3227402969523568,0.3177259703047923,partial_be,True,1.4520057306589882,0.04727793696274017,0.02@4552.01:tp1;0.02@4543.64:tp1;0.02@4560.49:be;0.05@4560.49:be,6278.149999999994,57.56695802829349,2026-05
M5#8002907,M5,8002907,OB,buy,0.645,B,2026-05-05 16:50:00,2026-05-05 17:15:00,2026-05-05 18:54:00,99.0,4570.1,4570.1,4563.01,4574.35,4604.13,4570.1,4563.01,7.0900000000001455,5.709285714285735,0.22,155.98000000000323,62.59999999999218,1.5400000000000003,0.0,61.05999999999218,0.401333504295364,0.3914604436465631,partial_be,True,2.3102961918193037,0.598025387870325,0.05@4574.35:tp1;0.05@4578.61:tp1;0.05@4570.00:be;0.07@4570.00:be,6339.209999999986,57.95841847194006,2026-05
M10#6003567,M10,6003567,OB,buy,0.616,B,2026-05-05 20:30:00,2026-05-06 01:04:00,2026-05-06 02:12:00,68.0,4550.84,4550.84,4543.7,4555.12,4585.11,4550.84,4543.7,7.140000000000327,5.770714285714348,0.22,157.08000000000723,389.83999999999105,1.5400000000000003,0.0,388.29999999999103,2.4817927170866634,2.4719887955180364,tp2,True,5.193277310924121,0.645658263305374,0.05@4555.12:tp1;0.05@4559.41:tp1;0.05@4567.98:tp1;0.07@4585.11:tp2,6727.5099999999775,60.430407267458094,2026-05
M15#6002457,M15,6002457,IMB,buy,0.574,B,2026-05-06 13:15:00,2026-05-06 15:01:00,2026-05-06 15:10:00,9.0,4689.27,4689.27,4678.75,4695.58,4739.77,4689.27,4678.75,10.520000000000437,11.039999999999898,0.15,157.80000000000655,-159.30000000001198,1.05,0.0,-160.350000000012,-1.0095057034220873,-1.0161596958175243,sl,False,0.0,1.2576045627376353,0.03@4678.65:sl;0.03@4678.65:sl;0.03@4678.65:sl;0.06@4678.65:sl,6567.159999999965,59.41424757164057,2026-05
M5#8002996,M5,8002996,IMB,sell,0.569,B,2026-05-06 16:30:00,2026-05-06 16:53:00,2026-05-06 17:01:00,8.0,4702.72,4702.72,4709.55,4698.62,4669.94,4709.55,4702.72,6.829999999999927,8.264999999999938,0.24,163.91999999999825,-166.31999999998516,1.68,0.0,-167.99999999998516,-1.0146412884333025,-1.02489019033667,sl,False,0.24158125915075457,1.1039531478770197,0.06@4709.65:sl;0.06@4709.65:sl;0.06@4709.65:sl;0.06@4709.65:sl,6399.15999999998,58.3893573813039,2026-05
M5#8003153,M5,8003153,IMB,buy,0.64,B,2026-05-08 05:10:00,2026-05-08 05:16:00,2026-05-08 05:36:00,20.0,4719.92,4719.92,4711.44,4725.01,4760.62,4719.92,4711.44,8.480000000000473,6.689285714285559,0.19,161.120000000009,-163.01999999999862,1.33,0.0,-164.34999999999863,-1.0117924528301236,-1.0200471698112554,sl,False,0.4504716981131481,1.2558962264149813,0.04@4711.34:sl;0.04@4711.34:sl;0.04@4711.34:sl;0.07@4711.34:sl,6234.809999999981,57.369310211492646,2026-05
M15#6002502,M15,6002502,IMB,sell,0.585,B,2026-05-08 04:30:00,2026-05-08 05:03:00,2026-05-08 06:34:00,91.0,4729.64,4729.64,4738.91,4724.08,4685.14,4738.91,4729.64,9.269999999999527,9.977857142857115,0.17,157.58999999999196,155.2200000000039,1.1900000000000002,0.0,154.0300000000039,0.9849609746812096,0.9774097341202599,partial_be,True,2.423948220064876,0.3538295577130434,0.04@4724.08:tp1;0.04@4718.52:tp1;0.04@4707.39:tp1;0.05@4729.74:be,6388.839999999986,58.346719945612904,2026-05
M5#8003168,M5,8003168,UW,buy,0.586,B,2026-05-08 10:50:00,2026-05-08 15:11:00,2026-05-08 15:22:00,11.0,4706.3,4706.3,4701.39,4709.25,4729.87,4706.3,4701.39,4.9099999999998545,6.284285714285618,0.33,162.0299999999952,21.09999999998945,2.31,0.0,18.78999999998945,0.13022279824717692,0.11596617910257365,partial_be,True,0.8248472505092265,0.741344195519437,0.08@4709.25:tp1;0.08@4706.20:be;0.08@4706.20:be;0.09@4706.20:be,6407.629999999975,58.462686124715475,2026-05
M5#8003123,M5,8003123,IMB,sell,0.587,B,2026-05-08 15:30:00,2026-05-08 17:00:00,2026-05-08 17:10:00,10.0,4747.92,4747.92,4753.21,4744.75,4722.53,4753.21,4747.92,5.289999999999964,4.832142857142896,0.31,163.98999999999887,409.4400000000051,2.17,0.0,407.2700000000051,2.4967376059516306,2.483505091773937,tp2,True,5.432892249527407,0.3516068052931181,0.07@4744.75:tp1;0.07@4741.57:tp1;0.07@4735.22:tp1;0.1@4722.53:tp2,6814.89999999998,60.94619121648941,2026-05
M30#6001241,M30,6001241,OB,sell,0.576,B,2026-05-08 10:00:00,2026-05-08 16:52:00,2026-05-11 08:50:00,3838.0,4744.79,4744.79,4762.68,4734.06,4658.92,4762.68,4744.79,17.890000000000327,14.228571428571545,0.09,161.01000000000298,445.8899999999985,0.6300000000000001,0.44999999999999996,445.7099999999985,2.769331097447303,2.768213154462395,tp2,True,4.849636668529778,0.2789267747345221,0.02@4734.06:tp1;0.02@4723.32:tp1;0.02@4682.85:tp1;0.03@4658.92:tp2,7260.609999999978,63.714404370951804,2026-05
M5#8003212,M5,8003212,IMB,sell,0.677,A,2026-05-11 01:20:00,2026-05-11 04:22:00,2026-05-11 15:57:00,695.0,4700.55,4700.55,4714.35,4692.27,4634.31,4714.35,4700.55,13.800000000000182,6.2914285714285665,0.12,165.60000000000218,173.58000000000175,0.84,0.0,172.74000000000174,1.0481884057970983,1.0431159420289824,partial_be,True,3.802898550724556,0.37028985507243517,0.03@4692.27:tp1;0.03@4683.99:tp1;0.03@4667.43:tp1;0.03@4700.65:be,7433.349999999979,64.75752031298079,2026-05
M5#8003197,M5,8003197,OB,sell,0.641,B,2026-05-11 15:35:00,2026-05-11 16:35:00,2026-05-11 16:45:00,10.0,4737.95,4737.95,4747.54,4732.2,4691.92,4747.54,4737.95,9.590000000000146,5.942142857142893,0.18,172.62000000000265,-174.42000000000917,1.2600000000000002,0.0,-175.68000000000916,-1.0104275286757414,-1.017726798748734,sl,False,0.35349322210629475,1.03128258602713,0.04@4747.64:sl;0.04@4747.64:sl;0.04@4747.64:sl;0.06@4747.64:sl,7257.66999999997,63.739793514232055,2026-05
M10#6003767,M10,6003767,IMB,buy,0.691,A,2026-05-11 17:20:00,2026-05-11 19:42:00,2026-05-12 02:52:00,430.0,4712.15,4712.15,4701.07,4718.8,4765.33,4712.15,4701.07,11.079999999999927,13.062857142857151,0.15,166.1999999999989,458.70000000000437,1.05,-3.0,454.65000000000435,2.7599277978339796,2.735559566787048,tp2,True,5.1777978339351245,0.3691335740071537,0.03@4718.80:tp1;0.03@4725.45:tp1;0.03@4738.74:tp1;0.06@4765.33:tp2,7712.319999999974,66.47535308101911,2026-05
M5#8003274,M5,8003274,IMB,buy,0.624,B,2026-05-12 07:55:00,2026-05-12 13:40:00,2026-05-12 16:15:00,155.0,4685.4,4685.4,4674.31,4692.05,4738.63,4685.4,4674.31,11.089999999999236,4.214999999999885,0.15,166.34999999998854,58.98000000000775,1.05,0.0,57.93000000000775,0.3545536519387545,0.34824165915246014,partial_be,True,2.356176735798188,0.17312894499550993,0.03@4692.05:tp1;0.03@4698.71:tp1;0.03@4685.30:be;0.06@4685.30:be,7770.249999999982,66.82359474017157,2026-05
M5#8003271,M5,8003271,OB,buy,0.595,B,2026-05-12 13:50:00,2026-05-12 17:33:00,2026-05-12 17:51:00,18.0,4674.74,4674.74,4668.31,4678.6,4705.6,4674.74,4668.31,6.4299999999993815,5.950714285714184,0.27,173.6099999999833,67.9800000000132,1.8900000000000001,0.0,66.0900000000132,0.3915673060308723,0.38068083635746536,partial_be,True,2.06842923794735,0.612752721617415,0.06@4678.60:tp1;0.06@4682.46:tp1;0.06@4674.64:be;0.09@4674.64:be,7836.339999999995,67.20427557652904,2026-05
M5#8003455,M5,8003455,OB,sell,0.579,B,2026-05-13 17:05:00,2026-05-13 17:31:00,2026-05-13 18:07:00,36.0,4686.32,4686.32,4693.66,4681.92,4651.09,4693.66,4686.32,7.3400000000001455,7.483571428571395,0.24,176.1600000000035,78.0599999999904,1.68,0.0,76.37999999999039,0.44311989100811106,0.43358310626696683,partial_be,True,1.2016348773841328,0.6512261580382235,0.06@4681.92:tp1;0.06@4677.51:tp1;0.06@4686.42:be;0.06@4686.42:be,7912.719999999985,67.63785868279601,2026-05
M5#8003519,M5,8003519,IMB,buy,0.67,A,2026-05-14 08:35:00,2026-05-14 08:59:00,2026-05-14 10:59:00,120.0,4691.13,4691.13,4683.69,4695.59,4726.84,4691.13,4683.69,7.440000000000509,5.309285714285904,0.24,178.56000000001222,186.89999999999782,1.68,0.0,185.2199999999978,1.046706989247228,1.037298387096691,partial_be,True,3.7190860215051313,0.6747311827957114,0.06@4695.59:tp1;0.06@4700.06:tp1;0.06@4708.99:tp1;0.06@4691.03:be,8097.939999999982,68.6751570698927,2026-05
M10#6003869,M10,6003869,OB,buy,0.688,A,2026-05-14 08:40:00,2026-05-14 08:59:00,2026-05-14 12:01:00,182.0,4690.93,4690.93,4675.12,4700.42,4766.82,4690.93,4675.12,15.8100000000004,8.600714285714275,0.11,173.9100000000044,56.21999999999571,0.77,0.0,55.449999999995704,0.32327065723646875,0.31884307975386295,partial_be,True,1.7628083491460584,0.30487033523089796,0.02@4700.42:tp1;0.02@4709.90:tp1;0.02@4690.83:be;0.05@4690.83:be,8153.389999999978,68.99400014964657,2026-05
M15#6002651,M15,6002651,OB,buy,0.613,B,2026-05-14 08:45:00,2026-05-14 08:59:00,2026-05-14 12:01:00,182.0,4690.93,4690.93,4675.12,4700.42,4766.82,4690.93,4675.12,15.8100000000004,10.327857142857154,0.11,173.9100000000044,56.21999999999571,0.77,0.0,55.449999999995704,0.32327065723646875,0.31884307975386295,partial_be,True,1.7628083491460584,0.30487033523089796,0.02@4700.42:tp1;0.02@4709.90:tp1;0.02@4690.83:be;0.05@4690.83:be,8208.839999999973,69.31284322940043,2026-05
M5#8003588,M5,8003588,IMB,sell,0.61,B,2026-05-15 03:55:00,2026-05-15 03:59:00,2026-05-15 04:03:00,4.0,4630.5,4630.5,4644.81,4621.91,4561.81,4644.81,4630.5,14.3100000000004,8.112142857142837,0.12,171.7200000000048,24.869999999997162,0.84,0.0,24.029999999997163,0.14482879105518556,0.13993710691821856,partial_be,True,0.6296296296296273,0.0957372466806326,0.03@4621.91:tp1;0.03@4630.60:be;0.03@4630.60:be;0.03@4630.60:be,8232.86999999997,69.45278033631865,2026-05
M5#8003699,M5,8003699,OB,buy,0.617,B,2026-05-18 07:00:00,2026-05-18 07:25:00,2026-05-18 07:55:00,30.0,4535.95,4535.95,4526.94,4541.36,4579.2,4535.95,4526.94,9.010000000000218,7.921428571428415,0.2,180.20000000000437,25.55000000000746,1.4000000000000001,0.0,24.150000000007463,0.1417869034406595,0.13401775804665303,partial_be,True,1.0699223085460703,0.6625971143174373,0.05@4541.36:tp1;0.05@4535.85:be;0.05@4535.85:be;0.05@4535.85:be,8257.019999999977,69.5867980943653,2026-05
M5#8003730,M5,8003730,OB,buy,0.595,B,2026-05-18 16:05:00,2026-05-18 17:22:00,2026-05-18 17:32:00,10.0,4555.54,4555.54,4547.36,4560.45,4594.8,4555.54,4547.36,8.180000000000291,7.999285714285699,0.22,179.96000000000643,22.849999999993088,1.5400000000000003,0.0,21.30999999999309,0.12697266059119955,0.11841520337848592,partial_be,True,0.9376528117359169,0.11124694376525943,0.05@4560.45:tp1;0.05@4555.44:be;0.05@4555.44:be;0.07@4555.44:be,8278.329999999969,69.7052132977438,2026-05
M10#6003977,M10,6003977,OB,sell,0.64,B,2026-05-18 20:20:00,2026-05-18 22:03:00,2026-05-18 23:15:00,72.0,4563.5,4563.5,4575.66,4556.2,4505.13,4575.66,4563.5,12.159999999999854,8.588571428571479,0.15,182.39999999999782,64.76999999999771,1.05,0.0,63.71999999999771,0.355098684210518,0.3493421052631495,partial_be,True,1.3659539473684106,0.12664473684210378,0.03@4556.20:tp1;0.03@4548.91:tp1;0.03@4563.60:be;0.06@4563.60:be,8342.049999999967,70.05455540300694,2026-05
M5#8003764,M5,8003764,IMB,buy,0.6,B,2026-05-19 02:40:00,2026-05-19 03:04:00,2026-05-19 03:13:00,9.0,4579.14,4579.14,4573.88,4582.3,4604.39,4579.14,4573.88,5.260000000000218,3.6414285714285404,0.34,178.84000000000742,22.679999999989377,2.3800000000000003,0.0,20.299999999989378,0.12681726683062197,0.11350928203974801,partial_be,True,1.192015209125336,0.4752851711026419,0.08@4582.30:tp1;0.08@4579.04:be;0.08@4579.04:be;0.1@4579.04:be,8362.349999999957,70.16806468504669,2026-05
M5#8003914,M5,8003914,OB,sell,0.645,B,2026-05-20 16:55:00,2026-05-20 17:16:00,2026-05-20 17:18:00,2.0,4496.08,4496.08,4505.15,4490.64,4452.54,4505.15,4496.08,9.069999999999709,5.992142857142816,0.2,181.39999999999418,25.699999999992542,1.4000000000000001,0.0,24.299999999992544,0.14167585446523356,0.13395810363833144,partial_be,True,0.82028665931641,0.7739801543550895,0.05@4490.64:tp1;0.05@4496.18:be;0.05@4496.18:be;0.05@4496.18:be,8386.649999999949,70.30202278868502,2026-05
M5#8003924,M5,8003924,IMB,buy,0.605,B,2026-05-21 04:55:00,2026-05-21 10:28:00,2026-05-21 13:26:00,178.0,4515.24,4515.24,4507.18,4520.08,4553.93,4515.24,4507.18,8.05999999999949,6.371428571428559,0.22,177.31999999998882,168.55000000000564,1.5400000000000003,0.0,167.01000000000565,0.9505413940898729,0.9418565305662991,partial_be,True,3.405707196029969,0.4317617866004694,0.05@4520.08:tp1;0.05@4524.91:tp1;0.05@4534.58:tp1;0.07@4515.14:be,8553.659999999954,71.24387931925132,2026-05
M5#8003995,M5,8003995,IMB,sell,0.559,B,2026-05-21 13:50:00,2026-05-21 14:03:00,2026-05-21 15:09:00,66.0,4518.45,4518.45,4532.01,4510.31,4453.36,4532.01,4518.45,13.5600000000004,6.868571428571548,0.13,176.2800000000052,23.419999999994616,0.91,0.0,22.509999999994616,0.1328568186974922,0.12769457680958674,partial_be,True,0.7455752212388919,0.22271386430681028,0.03@4510.31:tp1;0.03@4518.55:be;0.03@4518.55:be;0.04@4518.55:be,8576.16999999995,71.37157389606091,2026-05
M5#8004024,M5,8004024,IMB,buy,0.675,A,2026-05-22 02:20:00,2026-05-22 03:59:00,2026-05-22 04:05:00,6.0,4526.11,4526.11,4518.35,4530.77,4563.36,4526.11,4518.35,7.759999999999309,1.9757142857142103,0.23,178.4799999999841,68.55000000001291,1.6099999999999999,0.0,66.94000000001292,0.38407664724349516,0.37505602868679333,partial_be,True,1.3079896907218362,0.3286082474226159,0.05@4530.77:tp1;0.05@4535.42:tp1;0.05@4526.01:be;0.08@4526.01:be,8643.109999999962,71.74662992474771,2026-05
M5#8004077,M5,8004077,OB,sell,0.572,B,2026-05-22 09:20:00,2026-05-22 09:29:00,2026-05-22 11:03:00,94.0,4525.9,4525.9,4534.1,4520.98,4486.54,4534.1,4525.9,8.200000000000728,5.661428571428522,0.22,180.40000000001604,22.899999999994183,1.5400000000000003,0.0,21.359999999994184,0.12694013303765048,0.11840354767179759,partial_be,True,1.1573170731706024,0.3926829268292645,0.05@4520.98:tp1;0.05@4526.00:be;0.05@4526.00:be;0.07@4526.00:be,8664.469999999956,71.86503347241951,2026-05
M10#6004190,M10,6004190,IMB,buy,0.677,A,2026-05-26 02:30:00,2026-05-26 03:10:00,2026-05-26 14:35:00,685.0,4548.79,4548.79,4509.68,4572.26,4736.52,4548.79,4509.68,39.10999999999967,3.3350000000000364,0.04,156.4399999999987,-156.84000000000015,0.28,0.0,-157.12000000000015,-1.0025568908207714,-1.0043467143953047,sl,False,0.11531577601637065,1.052671950907707,0.01@4509.58:sl;0.01@4509.58:sl;0.01@4509.58:sl;0.01@4509.58:sl,8507.349999999955,70.8606867580242,2026-05
M15#6002884,M15,6002884,IMB,buy,0.648,B,2026-05-26 02:30:00,2026-05-26 03:10:00,2026-05-26 14:35:00,685.0,4548.79,4548.79,4509.68,4572.26,4736.52,4548.79,4509.68,39.10999999999967,4.342857142857156,0.04,156.4399999999987,-156.84000000000015,0.28,0.0,-157.12000000000015,-1.0025568908207714,-1.0043467143953047,sl,False,0.11531577601637065,1.052671950907707,0.01@4509.58:sl;0.01@4509.58:sl;0.01@4509.58:sl;0.01@4509.58:sl,8350.229999999954,69.85634004362889,2026-05
M10#6004269,M10,6004269,OB,buy,0.621,B,2026-05-26 16:30:00,2026-05-26 17:00:00,2026-05-26 17:12:00,12.0,4511.93,4511.93,4502.29,4517.71,4558.2,4511.93,4502.29,9.640000000000327,9.526428571428564,0.19,183.16000000000622,21.619999999993524,1.33,0.0,20.289999999993526,0.1180388731163616,0.11077746232798011,partial_be,True,0.870331950207379,0.2582987551867849,0.04@4517.71:tp1;0.04@4511.83:be;0.04@4511.83:be;0.07@4511.83:be,8370.519999999948,69.96711750595686,2026-05
M10#6004348,M10,6004348,IMB,sell,0.603,B,2026-05-28 08:50:00,2026-05-28 16:00:00,2026-05-28 16:04:00,4.0,4435.02,4435.02,4442.77,4430.37,4397.82,4442.77,4435.02,7.75,8.934285714285513,0.23,178.25,21.45000000001255,1.6099999999999999,0.0,19.84000000001255,0.12033660589067349,0.11130434782615738,partial_be,True,0.7961290322580739,0.22322580645155657,0.05@4430.37:tp1;0.05@4435.12:be;0.05@4435.12:be;0.08@4435.12:be,8390.35999999996,70.07842185378303,2026-05
M15#6002989,M15,6002989,IMB,sell,0.588,B,2026-05-28 06:00:00,2026-05-28 15:55:00,2026-05-28 16:05:00,10.0,4426.41,4426.41,4437.8,4419.58,4371.74,4437.8,4426.41,11.390000000000327,11.33714285714281,0.16,182.24000000000524,-183.8399999999965,1.12,0.0,-184.9599999999965,-1.0087796312554391,-1.01492537313428,sl,False,0.029850746268668633,1.1571553994732144,0.04@4437.90:sl;0.04@4437.90:sl;0.04@4437.90:sl;0.04@4437.90:sl,8205.399999999963,69.06349648064875,2026-05
M10#6004345,M10,6004345,OB,sell,0.637,B,2026-05-28 16:20:00,2026-05-28 17:12:00,2026-05-28 17:13:00,1.0,4446.22,4446.22,4457.03,4439.73,4394.33,4457.03,4446.22,10.80999999999949,9.88857142857127,0.16,172.95999999999185,-174.55999999999767,1.12,0.0,-175.67999999999768,-1.0092506938020693,-1.0157261794634942,sl,False,0.0,1.6762257169288386,0.04@4457.13:sl;0.04@4457.13:sl;0.04@4457.13:sl;0.04@4457.13:sl,8029.719999999966,68.04777030118525,2026-05
M5#8004493,M5,8004493,IMB,buy,0.699,A,2026-05-28 16:20:00,2026-05-28 16:33:00,2026-05-28 17:19:00,46.0,4420.58,4420.58,4410.12,4426.86,4470.79,4420.58,4410.12,10.460000000000036,8.637142857142733,0.17,177.82000000000062,426.7700000000014,1.1900000000000002,0.0,425.5800000000014,2.400011247328759,2.3933190867169043,tp2,True,5.048757170172105,0.23613766730403882,0.04@4426.86:tp1;0.04@4433.13:tp1;0.04@4445.68:tp1;0.05@4470.79:tp2,8455.299999999967,70.44108938790215,2026-05
M10#6004383,M10,6004383,IMB,buy,0.616,B,2026-05-28 23:20:00,2026-05-29 01:08:00,2026-05-29 03:36:00,148.0,4494.68,4494.68,4485.89,4499.95,4536.87,4494.68,4485.89,8.789999999999964,4.482857142857223,0.2,175.79999999999927,24.84999999999218,1.4000000000000001,0.0,23.44999999999218,0.1413538111489891,0.13339021615467733,partial_be,True,0.6575654152445699,0.6461888509670437,0.05@4499.95:tp1;0.05@4494.58:be;0.05@4494.58:be;0.05@4494.58:be,8478.749999999958,70.57447960405683,2026-05
M15#6003008,M15,6003008,IMB,buy,0.693,A,2026-05-28 22:15:00,2026-05-28 22:58:00,2026-05-29 06:07:00,429.0,4497.56,4497.56,4485.89,4504.56,4553.58,4497.56,4485.89,11.670000000000073,7.605000000000018,0.15,175.0500000000011,62.099999999996726,1.05,-7.5,53.54999999999673,0.35475578406167574,0.3059125964010077,partial_be,True,1.978577549271559,0.73350471293919,0.03@4504.56:tp1;0.03@4511.56:tp1;0.03@4497.46:be;0.06@4497.46:be,8532.299999999956,70.88039220045783,2026-05
M5#8004558,M5,8004558,OB,buy,0.61,B,2026-05-29 11:00:00,2026-05-29 11:04:00,2026-05-29 11:48:00,44.0,4519.29,4519.29,4511.77,4523.8,4555.39,4519.29,4511.77,7.519999999999527,4.152857142857101,0.24,180.47999999998865,-182.87999999999738,1.68,0.0,-184.5599999999974,-1.0132978723404746,-1.0226063829787733,sl,False,0.17819148936173268,1.0053191489362867,0.06@4511.67:sl;0.06@4511.67:sl;0.06@4511.67:sl;0.06@4511.67:sl,8347.739999999958,69.85778581747905,2026-05
M5#8004591,M5,8004591,IMB,buy,0.711,A,2026-05-29 18:55:00,2026-05-29 20:43:00,2026-05-29 23:51:00,188.0,4555.61,4555.61,4540.93,4564.42,4626.07,4555.61,4540.93,14.679999999999382,11.004285714285677,0.12,176.15999999999258,-177.35999999999694,0.84,0.0,-178.19999999999695,-1.0068119891008425,-1.0115803814714148,sl,False,0.4121253405994848,1.0102179836512637,0.03@4540.83:sl;0.03@4540.83:sl;0.03@4540.83:sl;0.03@4540.83:sl,8169.539999999961,68.84620543600764,2026-05
H1#6000735,H1,6000735,IMB,buy,0.632,B,2026-05-29 04:00:00,2026-06-01 16:21:00,2026-06-02 04:51:00,750.0,4468.67,4468.67,4439.3,4486.29,4609.65,4468.67,4439.3,29.36999999999989,20.872142857142926,0.06,176.21999999999937,17.119999999998072,0.42000000000000004,-2.5,14.19999999999807,0.09715128816251352,0.08058109181703621,partial_be,True,0.9686755192373144,0.7163772557030998,0.01@4486.29:tp1;0.01@4468.57:be;0.01@4468.57:be;0.03@4468.57:be,8183.739999999959,68.92678652782467,2026-06
H1#6000746,H1,6000746,IMB,buy,0.6,B,2026-06-02 14:00:00,2026-06-02 15:54:00,2026-06-02 16:08:00,14.0,4515.17,4515.17,4499.44,4524.61,4590.67,4515.17,4499.44,15.730000000000473,14.733571428571395,0.11,173.0300000000052,17.979999999995925,0.77,0.0,17.209999999995926,0.10391261630928385,0.09946252095009772,partial_be,True,0.6071201525746913,0.14240305149394242,0.02@4524.61:tp1;0.02@4515.07:be;0.02@4515.07:be;0.05@4515.07:be,8200.949999999955,69.02624904877477,2026-06
M5#9003011,M5,9003011,OB,buy,0.683,A,2026-06-03 06:25:00,2026-06-03 07:20:00,2026-06-03 07:31:00,11.0,4481.07,4481.07,4475.59,4484.36,4507.37,4481.07,4475.59,5.479999999999563,4.417142857142802,0.33,180.8399999999856,-184.1399999999976,2.31,0.0,-186.4499999999976,-1.0182481751825496,-1.0310218978102879,sl,False,0.06569343065704576,1.1222627737226507,0.08@4475.49:sl;0.08@4475.49:sl;0.08@4475.49:sl;0.09@4475.49:sl,8014.499999999957,67.99522715096448,2026-06
M15#6003157,M15,6003157,UW,buy,0.662,A,2026-06-04 15:45:00,2026-06-04 17:09:00,2026-06-04 17:30:00,21.0,4489.91,4489.91,4482.25,4494.51,4526.68,4489.91,4482.25,7.6599999999998545,10.08142857142866,0.23,176.17999999999665,-178.48000000000502,1.6099999999999999,0.0,-180.09000000000503,-1.013054830287254,-1.0221932114882986,sl,False,0.49738903394262046,1.001305483028749,0.05@4482.15:sl;0.05@4482.15:sl;0.05@4482.15:sl;0.08@4482.15:sl,7834.409999999953,66.97303393947618,2026-06
M5#9003195,M5,9003195,UW,sell,0.552,B,2026-06-05 07:35:00,2026-06-05 07:56:00,2026-06-05 08:03:00,7.0,4445.64,4445.64,4449.84,4443.12,4425.48,4449.84,4445.64,4.199999999999818,3.379999999999914,0.42,176.3999999999924,-180.59999999996944,2.9400000000000004,0.0,-183.53999999996944,-1.0238095238093947,-1.0404761904760622,sl,False,0.5142857142857019,1.1190476190476242,0.1@4449.94:sl;0.1@4449.94:sl;0.1@4449.94:sl;0.12@4449.94:sl,7650.8699999999835,65.93255774900013,2026-06
M5#9003096,M5,9003096,OB,buy,0.567,B,2026-06-05 02:35:00,2026-06-05 09:15:00,2026-06-05 14:51:00,336.0,4434.67,4434.67,4427.41,4439.03,4469.52,4434.67,4427.41,7.260000000000218,4.299999999999987,0.24,174.24000000000524,392.0400000000009,1.68,0.0,390.36000000000087,2.2499999999999374,2.2403581267217008,tp2,True,5.5055096418731475,0.8030303030302689,0.06@4439.03:tp1;0.06@4443.38:tp1;0.06@4452.09:tp1;0.06@4469.52:tp2,8041.229999999984,68.17291587572183,2026-06
M15#6003181,M15,6003181,OB,buy,0.621,B,2026-06-05 14:45:00,2026-06-05 15:30:00,2026-06-05 15:50:00,20.0,4449.15,4449.15,4436.65,4456.65,4509.15,4449.15,4436.65,12.5,5.720714285714361,0.14,175.00000000000003,-176.39999999999236,0.9800000000000001,0.0,-177.37999999999235,-1.0079999999999563,-1.013599999999956,sl,False,0.5736000000000058,1.1743999999999506,0.03@4436.55:sl;0.03@4436.55:sl;0.03@4436.55:sl;0.05@4436.55:sl,7863.849999999992,67.15931587572187,2026-06
H1#6000734,H1,6000734,IMB,buy,0.591,B,2026-06-03 18:00:00,2026-06-05 15:54:00,2026-06-05 16:37:00,43.0,4418.11,4418.11,4390.42,4434.72,4551.02,4418.11,4390.42,27.6899999999996,18.962142857142876,0.06,166.13999999999763,-166.73999999999978,0.42000000000000004,0.0,-167.15999999999977,-1.0036114120621293,-1.0061394005056106,sl,False,0.11050920910077444,1.0447815095702346,0.01@4390.32:sl;0.01@4390.32:sl;0.01@4390.32:sl;0.03@4390.32:sl,7696.689999999992,66.15317647521626,2026-06
M10#6004699,M10,6004699,OB,sell,0.603,B,2026-06-08 17:40:00,2026-06-08 17:45:00,2026-06-08 18:45:00,60.0,4324.42,4324.42,4341.02,4314.46,4244.74,4341.02,4324.42,16.600000000000364,9.710000000000102,0.1,166.00000000000364,-166.99999999999818,0.7000000000000001,0.0,-167.69999999999817,-1.0060240963855092,-1.0102409638553884,sl,False,0.4228915662650225,1.0120481927710732,0.02@4341.12:sl;0.02@4341.12:sl;0.02@4341.12:sl;0.04@4341.12:sl,7528.989999999994,65.14293551136086,2026-06
M5#9003532,M5,9003532,UW,buy,0.617,B,2026-06-11 05:25:00,2026-06-11 05:31:00,2026-06-11 05:39:00,8.0,4078.69,4078.69,4066.57,4085.96,4136.87,4078.69,4066.57,12.11999999999989,8.5,0.14,169.6799999999985,-171.08000000000357,0.9800000000000001,0.0,-172.06000000000355,-1.0082508250825382,-1.0140264026402939,sl,False,0.0,1.123762376237625,0.03@4066.47:sl;0.03@4066.47:sl;0.03@4066.47:sl;0.05@4066.47:sl,7356.929999999991,64.12890910872056,2026-06
M5#9003619,M5,9003619,IMB,buy,0.578,B,2026-06-12 04:00:00,2026-06-12 04:04:00,2026-06-12 04:13:00,9.0,4185.87,4185.87,4175.8,4191.91,4234.21,4185.87,4175.8,10.069999999999709,8.367857142857117,0.17,171.18999999999505,22.86000000000695,1.1900000000000002,0.0,21.670000000006947,0.13353583737372282,0.12658449675803243,partial_be,True,0.7328699106256527,0.28202581926516657,0.04@4191.91:tp1;0.04@4185.77:be;0.04@4185.77:be;0.05@4185.77:be,7378.5999999999985,64.25549360547859,2026-06
M5#9003704,M5,9003704,IMB,buy,0.577,B,2026-06-15 03:40:00,2026-06-15 04:00:00,2026-06-15 04:00:00,0.0,4291.64,4291.64,4285.53,4295.31,4320.97,4291.64,4285.53,6.110000000000582,5.220714285714426,0.28,171.08000000001633,-173.88000000000105,1.9600000000000002,0.0,-175.84000000000106,-1.016366612111202,-1.0278232405891061,sl,False,0.0,1.0212765957446968,0.07@4285.43:sl;0.07@4285.43:sl;0.07@4285.43:sl;0.07@4285.43:sl,7202.7599999999975,63.227670364889484,2026-06
M5#9003709,M5,9003709,UW,buy,0.588,B,2026-06-15 04:55:00,2026-06-15 08:45:00,2026-06-15 08:51:00,6.0,4312.67,4312.73,4308.31,4315.38,4333.95,4312.73,4308.31,4.419999999999163,7.729285714285846,0.38,167.9599999999682,23.23000000000138,2.66,0.0,20.57000000000138,0.13830673969996293,0.12246963562756176,partial_be,True,0.8054298642534309,0.7579185520364249,0.09@4315.38:tp1;0.09@4312.63:be;0.09@4312.63:be;0.11@4312.63:be,7223.329999999999,63.350140000517044,2026-06
M10#6004994,M10,6004994,OB,sell,0.67,A,2026-06-16 18:00:00,2026-06-16 18:57:00,2026-06-16 21:01:00,124.0,4341.73,4341.73,4354.3,4334.19,4281.39,4354.3,4341.73,12.570000000000618,7.950000000000143,0.13,163.41000000000804,67.15999999999713,0.91,0.0,66.24999999999713,0.410990759439409,0.4054219448013822,partial_be,True,1.275258552108111,0.4311853619730084,0.03@4334.19:tp1;0.03@4326.65:tp1;0.03@4341.83:be;0.04@4341.83:be,7289.579999999996,63.755561945318426,2026-06
M15#6003410,M15,6003410,OB,sell,0.627,B,2026-06-16 18:45:00,2026-06-16 19:08:00,2026-06-17 04:04:00,536.0,4343.65,4343.65,4354.3,4337.26,4292.53,4354.3,4343.65,10.650000000000546,8.988571428571438,0.16,170.40000000000873,75.87999999999374,1.12,3.5999999999999996,78.35999999999373,0.44530516431918926,0.4598591549295171,partial_be,True,1.685446009389568,0.32863849765265074,0.04@4337.26:tp1;0.04@4330.87:tp1;0.04@4343.75:be;0.04@4343.75:be,7367.93999999999,64.21542110024794,2026-06
M30#6001610,M30,6001610,IMB,sell,0.669,A,2026-06-16 06:00:00,2026-06-17 20:33:00,2026-06-17 21:13:00,40.0,4379.08,4379.08,4400.2,4366.41,4277.7,4400.2,4379.08,21.11999999999989,8.642142857142906,0.08,168.95999999999913,380.15999999999985,0.56,0.0,379.59999999999985,2.2500000000000107,2.2466856060606166,tp2,True,4.802556818181814,0.15767045454545192,0.02@4366.41:tp1;0.02@4353.74:tp1;0.02@4328.39:tp1;0.02@4277.70:tp2,7747.539999999989,66.46210670630856,2026-06
H1#6000777,H1,6000777,IMB,sell,0.599,B,2026-06-16 18:00:00,2026-06-17 20:33:00,2026-06-17 22:15:00,102.0,4379.08,4379.08,4404.87,4363.61,4255.29,4404.87,4379.08,25.789999999999964,14.857142857142858,0.06,154.7399999999998,479.6899999999996,0.42000000000000004,0.0,479.2699999999996,3.0999741501874123,3.097259919865582,tp2,True,4.884063590538977,0.12911981388134672,0.01@4363.61:tp1;0.01@4348.13:tp1;0.01@4317.18:tp1;0.03@4255.29:tp2,8226.809999999989,69.55936662617414,2026-06
M30#6001710,M30,6001710,IMB,buy,0.656,A,2026-06-17 06:00:00,2026-06-17 21:13:00,2026-06-17 22:38:00,85.0,4280.35,4280.35,4219.28,4316.99,4573.49,4280.35,4219.28,61.07000000000062,7.8464285714285325,0.02,122.14000000000124,-122.34000000000013,0.14,0.0,-122.48000000000013,-1.0016374652038553,-1.0027836908465604,sl,False,0.8436220730309318,1.000818732601935,0.01@4219.18:sl;0.01@4219.18:sl,8104.329999999988,68.55658293532758,2026-06
M5#9003926,M5,9003926,IMB,sell,0.553,B,2026-06-18 02:35:00,2026-06-18 03:06:00,2026-06-18 03:44:00,38.0,4295.23,4295.23,4310.09,4286.31,4223.9,4310.09,4295.23,14.860000000000582,5.572142857143002,0.12,178.32000000000698,-179.52000000000044,0.84,0.0,-180.36000000000044,-1.006729475100905,-1.0114401076715644,sl,False,0.18909825033643207,1.1144010767159995,0.03@4310.19:sl;0.03@4310.19:sl;0.03@4310.19:sl;0.03@4310.19:sl,7923.9699999999875,67.54514282765602,2026-06
M30#6001766,M30,6001766,IMB,buy,0.598,B,2026-06-18 07:00:00,2026-06-18 09:07:00,2026-06-18 11:35:00,148.0,4299.59,4299.59,4282.54,4309.82,4381.43,4299.59,4282.54,17.050000000000182,15.937142857142849,0.1,170.50000000000182,-171.50000000000546,0.7000000000000001,0.0,-172.20000000000545,-1.0058651026393175,-1.0099706744868246,sl,False,0.5636363636363384,1.0926686217008745,0.02@4282.44:sl;0.02@4282.44:sl;0.02@4282.44:sl;0.04@4282.44:sl,7751.769999999982,66.5351721531692,2026-06
M15#6003469,M15,6003469,IMB,buy,0.663,A,2026-06-18 09:30:00,2026-06-18 10:36:00,2026-06-18 11:45:00,69.0,4294.65,4294.65,4279.14,4303.96,4369.1,4294.65,4279.14,15.509999999999309,8.669285714285902,0.11,170.6099999999924,-171.7099999999964,0.77,0.0,-172.4799999999964,-1.0064474532559877,-1.0109606705351626,sl,False,0.2798194713088549,1.0025789813023833,0.02@4279.04:sl;0.02@4279.04:sl;0.02@4279.04:sl;0.05@4279.04:sl,7579.289999999985,65.52421148263403,2026-06
M5#9003940,M5,9003940,IMB,buy,0.694,A,2026-06-18 03:35:00,2026-06-18 10:55:00,2026-06-18 11:46:00,51.0,4291.35,4291.35,4278.2,4299.24,4354.47,4291.35,4278.2,13.150000000000546,6.958571428571369,0.13,170.9500000000071,-172.25,0.91,0.0,-173.16,-1.0076045627376007,-1.0129277566539503,sl,False,0.17794676806077103,1.0836501901140234,0.03@4278.10:sl;0.03@4278.10:sl;0.03@4278.10:sl;0.04@4278.10:sl,7406.129999999986,64.51128372598008,2026-06
M10#6004903,M10,6004903,IMB,buy,0.618,B,2026-06-17 21:30:00,2026-06-17 22:11:00,2026-06-18 12:00:00,829.0,4262.18,4262.18,4215.01,4290.48,4488.6,4262.18,4215.01,47.17000000000007,15.674999999999923,0.03,141.51000000000022,56.39999999999873,0.21,-1.5,54.689999999998726,0.3985584057663673,0.386474454102174,partial_be,True,1.4356582573669545,0.9126563493746049,0.01@4318.78:tp1;0.02@4262.08:be,7460.819999999984,64.89775818008225,2026-06
M5#9004106,M5,9004106,IMB,buy,0.693,A,2026-06-22 04:30:00,2026-06-22 04:31:00,2026-06-22 05:00:00,29.0,4200.89,4200.89,4189.22,4207.89,4256.91,4200.89,4189.22,11.670000000000073,8.341428571428619,0.15,175.0500000000011,-176.55000000000655,1.05,0.0,-177.60000000000656,-1.0085689802913764,-1.0145672664953183,sl,False,0.36760925449870924,1.0882604970009124,0.03@4189.12:sl;0.03@4189.12:sl;0.03@4189.12:sl;0.06@4189.12:sl,7283.2199999999775,63.88319091358693,2026-06
M5#9004155,M5,9004155,OB,sell,0.607,B,2026-06-22 17:35:00,2026-06-22 17:46:00,2026-06-22 17:47:00,1.0,4198.63,4198.63,4206.18,4194.1,4162.39,4206.18,4198.63,7.550000000000182,7.585714285714403,0.23,173.65000000000418,-175.94999999999166,1.6099999999999999,0.0,-177.55999999999167,-1.0132450331125102,-1.022516556291318,sl,False,0.0,1.0172185430462513,0.05@4206.28:sl;0.05@4206.28:sl;0.05@4206.28:sl;0.08@4206.28:sl,7105.659999999986,62.860674357295615,2026-06
M5#9004100,M5,9004100,IMB,buy,0.603,B,2026-06-23 03:15:00,2026-06-23 04:42:00,2026-06-23 05:11:00,29.0,4160.58,4160.58,4149.08,4167.48,4215.78,4160.58,4149.08,11.5,2.9900000000002365,0.15,172.5,-174.00000000000546,1.05,0.0,-175.05000000000547,-1.0086956521739447,-1.014782608695684,sl,False,0.2156521739130846,1.0104347826086861,0.03@4148.98:sl;0.03@4148.98:sl;0.03@4148.98:sl;0.06@4148.98:sl,6930.609999999981,61.84589174859993,2026-06
M10#6005152,M10,6005152,OB,buy,0.607,B,2026-06-23 03:50:00,2026-06-23 04:42:00,2026-06-23 06:18:00,96.0,4156.89,4156.89,4137.4,4168.58,4250.44,4156.89,4137.4,19.49000000000069,4.752142857142904,0.08,155.92000000000553,-156.72000000000116,0.56,0.0,-157.28000000000117,-1.005130836326293,-1.0087224217547177,sl,False,0.3324781939455789,1.1688045151359594,0.02@4137.30:sl;0.02@4137.30:sl;0.02@4137.30:sl;0.02@4137.30:sl,6773.329999999979,60.83716932684521,2026-06
M5#9004097,M5,9004097,OB,buy,0.623,B,2026-06-23 05:00:00,2026-06-23 06:01:00,2026-06-23 06:18:00,17.0,4145.84,4145.84,4136.8,4151.26,4189.23,4145.84,4136.8,9.039999999999964,7.772857142857187,0.19,171.7599999999993,-173.66000000000622,1.33,0.0,-174.99000000000623,-1.0110619469026951,-1.0188053097345537,sl,False,0.0,1.2975663716814734,0.04@4136.70:sl;0.04@4136.70:sl;0.04@4136.70:sl;0.07@4136.70:sl,6598.339999999973,59.81836401711066,2026-06
M30#6001693,M30,6001693,IMB,buy,0.62,B,2026-06-19 07:30:00,2026-06-19 07:54:00,2026-06-23 06:21:00,5667.0,4131.47,4131.47,4101.98,4149.16,4273.02,4131.47,4101.98,29.49000000000069,11.893571428571574,0.05,147.45000000000346,123.65999999999804,0.35000000000000003,-2.5,120.80999999999804,0.8386571719226527,0.8193285859613103,partial_be,True,3.029501525940931,0.3350288233299382,0.01@4149.16:tp1;0.01@4166.86:tp1;0.01@4202.25:tp1;0.02@4131.37:be,6719.1499999999705,60.63769260307197,2026-06
M15#6003319,M15,6003319,IMB,buy,0.591,B,2026-06-23 10:30:00,2026-06-23 10:51:00,2026-06-24 01:34:00,883.0,4101.53,4101.53,4080.95,4113.88,4200.31,4101.53,4080.95,20.579999999999927,12.12214285714273,0.08,164.63999999999942,73.70000000000255,0.56,-6.0,67.14000000000254,0.44764334305152337,0.40779883381925885,partial_be,True,2.111273080660834,0.5194363459669405,0.02@4113.88:tp1;0.02@4126.23:tp1;0.02@4101.43:be;0.02@4101.43:be,6786.289999999973,61.045491436891226,2026-06
M5#9004302,M5,9004302,OB,buy,0.663,A,2026-06-24 09:25:00,2026-06-24 10:31:00,2026-06-24 11:12:00,41.0,4082.05,4082.05,4073.37,4087.26,4123.71,4082.05,4073.37,8.680000000000291,7.117142857142751,0.19,164.92000000000553,-166.8200000000038,1.33,0.0,-168.1500000000038,-1.0115207373271782,-1.0195852534562102,sl,False,0.4642857142856694,1.0080645161289985,0.04@4073.27:sl;0.04@4073.27:sl;0.04@4073.27:sl;0.07@4073.27:sl,6618.1399999999685,60.02590618343501,2026-06
M5#9004394,M5,9004394,IMB,buy,0.56,B,2026-06-25 03:10:00,2026-06-25 03:13:00,2026-06-25 03:18:00,5.0,4008.01,4008.01,4000.56,4012.48,4043.77,4008.01,4000.56,7.450000000000273,5.33571428571424,0.22,163.90000000000603,-166.100000000004,1.5400000000000003,0.0,-167.640000000004,-1.0134228187919334,-1.0228187919462954,sl,False,0.03758389261741411,1.0067114093959362,0.05@4000.46:sl;0.05@4000.46:sl;0.05@4000.46:sl;0.07@4000.46:sl,6450.4999999999645,59.00308739148872,2026-06
M5#9004413,M5,9004413,IMB,buy,0.617,B,2026-06-25 07:25:00,2026-06-25 07:41:00,2026-06-25 08:30:00,49.0,3986.25,3986.25,3975.15,3992.91,4039.53,3986.25,3975.15,11.099999999999909,7.447142857142743,0.14,155.39999999999876,59.14000000000078,0.9800000000000001,0.0,58.160000000000785,0.38056628056628866,0.3742599742599823,partial_be,True,1.2333333333333483,0.24234234234234925,0.03@3992.91:tp1;0.03@3999.57:tp1;0.03@3986.15:be;0.05@3986.15:be,6508.659999999965,59.377347365748705,2026-06
M5#9004453,M5,9004453,OB,buy,0.609,B,2026-06-25 18:40:00,2026-06-26 02:49:00,2026-06-26 03:25:00,36.0,4016.75,4016.75,4007.99,4022.01,4058.8,4016.75,4007.99,8.760000000000218,9.267142857142906,0.18,157.68000000000396,19.640000000002146,1.2600000000000002,0.0,18.380000000002145,0.12455606291223778,0.1165651953323293,partial_be,True,0.7522831050228289,0.6015981735159647,0.04@4022.01:tp1;0.04@4016.65:be;0.04@4016.65:be;0.06@4016.65:be,6527.039999999967,59.49391256108103,2026-06
M15#6003660,M15,6003660,UW,buy,0.693,A,2026-06-26 23:30:00,2026-06-29 01:18:00,2026-06-29 02:22:00,64.0,4056.41,4056.41,4044.9,4063.32,4111.66,4056.41,4044.9,11.509999999999764,5.939285714285851,0.14,161.13999999999672,61.36000000000149,0.9800000000000001,0.0,60.380000000001495,0.3807868933846515,0.3747052252699685,partial_be,True,1.231972198088669,0.27801911381406463,0.03@4063.32:tp1;0.03@4070.22:tp1;0.03@4056.31:be;0.05@4056.31:be,6587.419999999969,59.868617786351,2026-06
M5#9004729,M5,9004729,OB,sell,0.597,B,2026-06-30 11:40:00,2026-06-30 13:28:00,2026-06-30 14:45:00,77.0,4028.39,4028.39,4035.64,4024.04,3993.59,4035.64,4028.39,7.25,5.102857142857212,0.22,159.50000000000003,-161.69999999999803,1.5400000000000003,0.0,-163.23999999999802,-1.0137931034482632,-1.0234482758620564,sl,False,0.40413793103446016,1.2110344827586483,0.05@4035.74:sl;0.05@4035.74:sl;0.05@4035.74:sl;0.07@4035.74:sl,6424.179999999971,58.845169510488944,2026-06
M5#9004721,M5,9004721,IMB,buy,0.618,B,2026-06-30 09:50:00,2026-06-30 15:56:00,2026-06-30 17:10:00,74.0,4011.11,4011.11,4003.31,4015.79,4048.55,4011.11,4003.31,7.800000000000182,8.71214285714281,0.21,163.80000000000385,388.43999999999687,1.4700000000000002,0.0,386.96999999999684,2.371428571428497,2.362454212454138,tp2,True,4.808974358974217,0.32435897435899247,0.05@4015.79:tp1;0.05@4020.47:tp1;0.05@4029.83:tp1;0.06@4048.55:tp2,6811.149999999968,61.20762372294308,2026-06
M5#9004749,M5,9004749,OB,buy,0.615,B,2026-06-30 17:15:00,2026-06-30 18:21:00,2026-06-30 20:05:00,104.0,4023.86,4023.86,4013.52,4030.06,4073.49,4023.86,4013.52,10.340000000000146,9.197857142857108,0.16,165.44000000000233,23.600000000000364,1.12,0.0,22.480000000000363,0.14264990328820135,0.13588007736943936,partial_be,True,1.053191489361675,0.16924564796904984,0.04@4030.06:tp1;0.04@4023.76:be;0.04@4023.76:be;0.04@4023.76:be,6833.629999999968,61.343503800312526,2026-06
M15#6003712,M15,6003712,IMB,buy,0.643,B,2026-06-30 13:00:00,2026-06-30 15:56:00,2026-06-30 23:35:00,459.0,4011.11,4011.11,3989.44,4024.11,4115.13,4011.11,3989.44,21.670000000000073,8.994999999999989,0.07,151.69000000000048,90.61000000000013,0.48999999999999994,0.0,90.12000000000013,0.5973366734788044,0.5941064012129992,partial_be,True,2.4060913705583618,0.11675126903554184,0.01@4024.11:tp1;0.01@4037.11:tp1;0.01@4063.12:tp1;0.04@4011.01:be,6923.749999999968,61.93761020152552,2026-06
M30#6001871,M30,6001871,IMB,buy,0.615,B,2026-06-30 13:30:00,2026-06-30 15:56:00,2026-06-30 23:35:00,459.0,4011.11,4011.11,3985.0,4026.78,4136.44,4011.11,3985.0,26.110000000000127,14.087857142857112,0.06,156.6600000000008,46.600000000000364,0.42000000000000004,0.0,46.18000000000036,0.2974594663602715,0.2947785012128184,partial_be,True,1.9969360398314675,0.0968977403293829,0.01@4026.78:tp1;0.01@4042.44:tp1;0.01@4011.01:be;0.03@4011.01:be,6969.9299999999685,62.23238870273834,2026-06
M10#6005432,M10,6005432,IMB,buy,0.658,A,2026-06-30 12:10:00,2026-06-30 15:56:00,2026-06-30 23:35:00,459.0,4011.11,4011.11,3988.52,4024.66,4119.54,4011.11,3988.52,22.590000000000146,6.654285714285769,0.07,158.130000000001,40.159999999999854,0.48999999999999994,0.0,39.66999999999985,0.25396825396825146,0.25086953772212484,partial_be,True,2.308100929614853,0.11199645861001256,0.01@4024.66:tp1;0.01@4038.22:tp1;0.01@4011.01:be;0.04@4011.01:be,7009.5999999999685,62.483258240460465,2026-06
M5#9004718,M5,9004718,IMB,buy,0.616,B,2026-07-01 03:40:00,2026-07-01 03:41:00,2026-07-01 04:05:00,24.0,3997.31,3997.31,3988.52,4002.58,4039.5,3997.31,3988.52,8.789999999999964,3.504999999999914,0.19,167.0099999999993,-168.90999999999758,1.33,0.0,-170.2399999999976,-1.0113765642775778,-1.0193401592718896,sl,False,0.26166097838454966,1.4573378839590443,0.04@3988.42:sl;0.04@3988.42:sl;0.04@3988.42:sl;0.07@3988.42:sl,6839.359999999971,61.463918081188574,2026-07
M15#6003750,M15,6003750,IMB,buy,0.73,A,2026-07-01 15:30:00,2026-07-01 16:08:00,2026-07-01 16:44:00,36.0,4015.03,4015.03,3998.66,4024.85,4093.61,4015.03,3998.66,16.370000000000346,8.907857142857113,0.1,163.70000000000346,451.8199999999988,0.7000000000000001,0.0,451.1199999999988,2.7600488698838683,2.7557727550396414,tp2,True,5.200366524129374,0.14477703115456905,0.02@4024.85:tp1;0.02@4034.67:tp1;0.02@4054.32:tp1;0.04@4093.61:tp2,7290.47999999997,64.21969083622821,2026-07
M10#6005525,M10,6005525,IMB,sell,0.645,B,2026-07-01 23:40:00,2026-07-02 01:06:00,2026-07-02 03:06:00,120.0,4039.61,4039.61,4051.2,4032.66,3983.98,4051.2,4039.61,11.58999999999969,6.208571428571498,0.14,162.2599999999957,19.75000000000182,0.9800000000000001,0.0,18.77000000000182,0.12171823000124703,0.11567854061384393,partial_be,True,0.7471958584987132,0.5056082830025737,0.03@4032.66:tp1;0.03@4039.71:be;0.03@4039.71:be;0.05@4039.71:be,7309.249999999972,64.33536937684205,2026-07
M5#10002839,M5,10002839,IMB,sell,0.569,B,2026-07-02 01:15:00,2026-07-02 01:46:00,2026-07-02 03:10:00,84.0,4041.94,4041.94,4051.2,4036.38,3997.49,4051.2,4041.94,9.259999999999764,3.423571428571482,0.18,166.67999999999577,20.840000000001055,1.2600000000000002,0.0,19.580000000001053,0.12502999760020148,0.11747060235182115,partial_be,True,1.186825053995687,0.3812095032397231,0.04@4036.38:tp1;0.04@4042.04:be;0.04@4042.04:be;0.06@4042.04:be,7328.829999999973,64.45283997919387,2026-07
M5#10002852,M5,10002852,OB,buy,0.58,B,2026-07-02 04:10:00,2026-07-02 04:33:00,2026-07-02 04:45:00,12.0,4046.67,4046.67,4039.22,4051.14,4082.43,4046.67,4039.22,7.450000000000273,6.647142857142983,0.23,171.35000000000628,21.000000000001364,1.6099999999999999,0.0,19.390000000001365,0.12255617157864368,0.11316019842428161,partial_be,True,1.1691275167784856,0.19194630872486426,0.05@4051.23:tp1;0.05@4046.57:be;0.05@4046.57:be;0.08@4046.57:be,7348.219999999974,64.56600017761815,2026-07
M15#6003757,M15,6003757,UW,sell,0.591,B,2026-07-02 04:00:00,2026-07-02 15:30:00,2026-07-02 15:30:00,0.0,4100.52,4100.52,4115.56,4091.5,4028.33,4115.56,4100.52,15.039999999999964,7.3585714285714925,0.11,165.4399999999996,-166.5399999999936,0.77,0.0,-167.3099999999936,-1.0066489361701765,-1.0113031914893256,sl,False,0.0,1.5405585106383064,0.02@4115.66:sl;0.02@4115.66:sl;0.02@4115.66:sl;0.05@4115.66:sl,7180.90999999998,63.554696986128825,2026-07
M5#10002910,M5,10002910,OB,buy,0.63,B,2026-07-02 16:50:00,2026-07-02 17:10:00,2026-07-02 17:20:00,10.0,4124.25,4124.25,4112.97,4131.02,4178.39,4124.25,4112.97,11.279999999999745,11.075000000000014,0.15,169.19999999999618,19.10999999999694,1.05,0.0,18.05999999999694,0.11294326241133198,0.10673758865246659,partial_be,True,1.0593971631205752,0.09397163120571135,0.03@4131.02:tp1;0.03@4124.15:be;0.03@4124.15:be;0.06@4124.15:be,7198.969999999977,63.66143457478129,2026-07
M5#10002955,M5,10002955,IMB,buy,0.645,B,2026-07-03 05:15:00,2026-07-03 09:02:00,2026-07-03 09:11:00,9.0,4167.52,4167.52,4161.6,4171.07,4195.94,4167.52,4161.6,5.920000000000073,8.454285714285561,0.29,171.68000000000214,22.649999999986907,2.0300000000000002,0.0,20.619999999986906,0.13193150046590532,0.12010717614158113,partial_be,True,0.6182432432432111,0.501689189189226,0.07@4171.07:tp1;0.07@4167.42:be;0.07@4167.42:be;0.08@4167.42:be,7219.589999999964,63.78154175092287,2026-07
M10#6005578,M10,6005578,IMB,buy,0.707,A,2026-07-03 07:20:00,2026-07-03 09:02:00,2026-07-03 16:09:00,427.0,4167.52,4167.52,4150.89,4177.5,4247.34,4167.52,4150.89,16.63000000000011,5.329999999999927,0.1,166.3000000000011,19.159999999996217,0.7000000000000001,0.0,18.459999999996217,0.11521346963316952,0.11100420926034935,partial_be,True,1.1371016235718419,0.4269392663860684,0.02@4177.50:tp1;0.02@4167.42:be;0.02@4167.42:be;0.04@4167.42:be,7238.04999999996,63.89254596018322,2026-07
M5#10002954,M5,10002954,IMB,buy,0.672,A,2026-07-03 15:05:00,2026-07-03 17:08:00,2026-07-06 02:28:00,3440.0,4159.21,4159.21,4150.89,4164.2,4199.15,4159.21,4150.89,8.319999999999709,2.718571428571327,0.2,166.39999999999418,374.399999999996,1.4000000000000001,-2.5,370.499999999996,2.2500000000000546,2.226562500000054,tp2,True,5.111778846153994,0.4663461538461833,0.05@4164.20:tp1;0.05@4169.19:tp1;0.05@4179.18:tp1;0.05@4199.15:tp2,7608.5499999999565,66.11910846018327,2026-07
M15#6003791,M15,6003791,IMB,buy,0.687,A,2026-07-03 05:15:00,2026-07-03 07:04:00,2026-07-06 03:01:00,4077.0,4173.88,4173.88,4150.89,4187.67,4284.23,4173.88,4150.89,22.98999999999978,11.566428571428721,0.07,160.92999999999844,40.87999999999829,0.48999999999999994,-3.5000000000000004,36.88999999999829,0.2540234884732411,0.22923010004348876,partial_be,True,1.2118312309699841,0.8068725532840522,0.01@4187.67:tp1;0.01@4201.47:tp1;0.01@4173.78:be;0.04@4173.78:be,7645.439999999955,66.34833856022676,2026-07
M10#6005609,M10,6005609,OB,sell,0.626,B,2026-07-06 03:20:00,2026-07-06 03:45:00,2026-07-06 04:03:00,18.0,4187.83,4187.83,4200.4,4180.29,4127.49,4200.4,4187.83,12.569999999999709,9.062142857142785,0.14,175.97999999999595,67.05999999999676,0.9800000000000001,0.0,66.07999999999676,0.3810660302306984,0.3754972155926712,partial_be,True,1.20127287191732,0.2800318217979728,0.03@4180.29:tp1;0.03@4172.75:tp1;0.03@4187.93:be;0.05@4187.93:be,7711.519999999952,66.72383577581944,2026-07
M5#10003135,M5,10003135,OB,buy,0.587,B,2026-07-07 11:30:00,2026-07-07 11:43:00,2026-07-07 11:53:00,10.0,4130.03,4130.03,4124.65,4133.26,4155.85,4130.03,4124.65,5.380000000000109,4.157857142857016,0.32,172.1600000000035,-175.35999999998603,2.24,0.0,-177.59999999998604,-1.0185873605946938,-1.0315985130110503,sl,False,0.20260223048329432,1.5278810408920407,0.08@4124.55:sl;0.08@4124.55:sl;0.08@4124.55:sl;0.08@4124.55:sl,7533.919999999966,65.69223726280839,2026-07
M5#10003220,M5,10003220,IMB,buy,0.651,A,2026-07-08 06:25:00,2026-07-08 07:02:00,2026-07-08 07:16:00,14.0,4122.27,4122.27,4116.54,4125.71,4149.77,4122.27,4116.54,5.730000000000473,5.4378571428574105,0.3,171.90000000001422,21.779999999988835,2.1000000000000005,0.0,19.679999999988834,0.12670157068055285,0.11448516579399189,partial_be,True,1.146596858638598,0.11867364746949999,0.07@4125.71:tp1;0.07@4122.17:be;0.07@4122.17:be;0.09@4122.17:be,7553.599999999955,65.80672242860238,2026-07
M5#10003218,M5,10003218,OB,buy,0.557,B,2026-07-08 07:25:00,2026-07-08 10:05:00,2026-07-08 10:36:00,31.0,4120.14,4120.14,4114.53,4123.51,4147.07,4120.14,4114.53,5.610000000000582,3.822142857142938,0.31,173.91000000001804,21.18999999999051,2.17,0.0,19.01999999999051,0.1218446322809977,0.1093669139209277,partial_be,True,1.0641711229944253,0.9590017825311142,0.07@4123.51:tp1;0.07@4120.04:be;0.07@4120.04:be;0.1@4120.04:be,7572.619999999945,65.9160893425233,2026-07
M5#10003247,M5,10003247,OB,buy,0.57,B,2026-07-08 15:00:00,2026-07-08 17:16:00,2026-07-08 17:32:00,16.0,4052.34,4052.34,4042.55,4058.21,4099.33,4052.34,4042.55,9.789999999999964,6.741428571428612,0.17,166.42999999999938,69.57999999999629,1.1900000000000002,0.0,68.38999999999629,0.4180736646037166,0.4109235113861476,partial_be,True,1.3227783452502417,0.09601634320736037,0.04@4058.21:tp1;0.04@4064.09:tp1;0.04@4052.24:be;0.05@4052.24:be,7641.009999999942,66.32701285390945,2026-07
M10#6005727,M10,6005727,IMB,buy,0.623,B,2026-07-08 21:20:00,2026-07-09 06:13:00,2026-07-09 07:18:00,65.0,4057.5,4057.5,4046.97,4063.82,4108.04,4057.5,4046.97,10.5300000000002,7.972857142857135,0.16,168.4800000000032,24.08000000000175,1.12,0.0,22.96000000000175,0.14292497625831727,0.1362773029439774,partial_be,True,0.6647673314339855,0.31623931623930335,0.04@4063.82:tp1;0.04@4057.40:be;0.04@4057.40:be;0.04@4057.40:be,7663.969999999944,66.46329015685343,2026-07
M10#6005715,M10,6005715,IMB,sell,0.645,B,2026-07-09 08:10:00,2026-07-09 09:00:00,2026-07-09 11:23:00,143.0,4097.8,4097.8,4116.48,4086.59,4008.14,4116.48,4097.8,18.67999999999938,5.8585714285714925,0.09,168.11999999999446,-169.0199999999977,0.6300000000000001,0.0,-169.6499999999977,-1.0053533190578354,-1.0091006423983064,sl,False,0.5064239828693977,1.0776231263383713,0.02@4116.58:sl;0.02@4116.58:sl;0.02@4116.58:sl;0.03@4116.58:sl,7494.319999999946,65.45418951445512,2026-07
M5#10003240,M5,10003240,IMB,sell,0.706,A,2026-07-09 08:05:00,2026-07-09 09:00:00,2026-07-09 11:23:00,143.0,4097.8,4097.8,4116.71,4086.45,4007.03,4116.71,4097.8,18.909999999999854,4.083571428571498,0.09,170.18999999999872,-171.09000000000196,0.6300000000000001,0.0,-171.72000000000196,-1.0052882072977452,-1.0089899524061534,sl,False,0.5002644103648921,1.064516129032272,0.02@4116.81:sl;0.02@4116.81:sl;0.02@4116.81:sl;0.03@4116.81:sl,7322.599999999944,64.44519956204897,2026-07
M15#6003873,M15,6003873,IMB,sell,0.622,B,2026-07-08 22:15:00,2026-07-09 09:00:00,2026-07-09 11:23:00,143.0,4091.99,4091.99,4116.48,4077.3,3974.44,4116.48,4091.99,24.48999999999978,10.06357142857142,0.07,171.42999999999844,-172.13000000000102,0.48999999999999994,0.0,-172.62000000000103,-1.0040832993058542,-1.0069416088199417,sl,False,0.1490404246631143,1.0592078399346974,0.01@4116.58:sl;0.01@4116.58:sl;0.01@4116.58:sl;0.04@4116.58:sl,7149.979999999943,63.43825795322903,2026-07
M30#6001957,M30,6001957,IMB,sell,0.591,B,2026-07-08 22:30:00,2026-07-09 09:00:00,2026-07-09 15:08:00,368.0,4091.99,4091.99,4118.15,4076.29,3966.42,4118.15,4091.99,26.159999999999854,16.964999999999918,0.06,156.95999999999916,-157.5600000000013,0.42000000000000004,0.0,-157.9800000000013,-1.0038226299694326,-1.0064984709480258,sl,False,0.13952599388377893,1.0443425076452895,0.01@4118.25:sl;0.01@4118.25:sl;0.01@4118.25:sl;0.03@4118.25:sl,6991.999999999942,62.431759482281,2026-07
M5#10003352,M5,10003352,UW,sell,0.573,B,2026-07-09 18:15:00,2026-07-09 18:43:00,2026-07-09 19:13:00,30.0,4130.74,4130.74,4135.54,4127.86,4107.7,4135.54,4130.74,4.800000000000182,5.58928571428565,0.36,172.80000000000655,23.21999999999116,2.52,0.0,20.69999999999116,0.13437499999994376,0.11979166666661097,partial_be,True,1.0916666666665797,0.38125000000015985,0.09@4127.86:tp1;0.09@4130.84:be;0.09@4130.84:be;0.09@4130.84:be,7012.6999999999325,62.55155114894761,2026-07
M15#6003903,M15,6003903,UW,buy,0.579,B,2026-07-09 20:45:00,2026-07-09 21:25:00,2026-07-10 01:09:00,224.0,4123.64,4123.64,4117.65,4127.23,4152.39,4123.64,4117.65,5.990000000000691,6.319285714285668,0.28,167.72000000001938,23.029999999987016,1.9600000000000002,-14.000000000000002,7.069999999987013,0.13731218697820388,0.04215358931544357,partial_be,True,0.6060100166944391,0.7963272120200143,0.07@4127.23:tp1;0.07@4123.54:be;0.07@4123.54:be;0.07@4123.54:be,7019.7699999999195,62.59370473826306,2026-07
M15#6003910,M15,6003910,OB,sell,0.596,B,2026-07-09 22:30:00,2026-07-10 01:07:00,2026-07-10 03:50:00,163.0,4127.04,4127.04,4135.66,4121.87,4085.66,4135.66,4127.04,8.61999999999989,5.305714285714203,0.19,163.77999999999793,60.93999999999687,1.33,0.0,59.60999999999687,0.37208450360237905,0.3639638539504068,partial_be,True,1.4976798143851529,0.06612529002327444,0.04@4121.87:tp1;0.04@4116.70:tp1;0.04@4127.14:be;0.07@4127.14:be,7079.379999999916,62.957668592213466,2026-07
M30#6001969,M30,6001969,IMB,buy,0.585,B,2026-07-09 13:30:00,2026-07-09 13:52:00,2026-07-10 11:49:00,1317.0,4095.96,4095.96,4084.11,4103.07,4152.84,4095.96,4084.11,11.849999999999909,10.3892857142858,0.14,165.89999999999876,148.80999999999904,0.9800000000000001,-2.5,145.32999999999905,0.8969861362266435,0.8760096443640756,partial_be,True,3.5232067510548792,0.18565400843880464,0.03@4103.07:tp1;0.03@4110.18:tp1;0.03@4124.40:tp1;0.05@4095.86:be,7224.709999999915,63.83367823657754,2026-07
M10#6005846,M10,6005846,OB,sell,0.602,B,2026-07-13 06:50:00,2026-07-13 08:08:00,2026-07-13 11:00:00,172.0,4067.12,4067.12,4075.44,4062.13,4027.18,4075.44,4067.12,8.320000000000164,7.827857142857089,0.2,166.40000000000327,174.19999999999845,1.4000000000000001,0.0,172.79999999999845,1.04687499999997,1.0384615384615088,partial_be,True,2.7776442307691913,0.7307692307692076,0.05@4062.13:tp1;0.05@4057.14:tp1;0.05@4047.15:tp1;0.05@4067.22:be,7397.509999999914,64.87213977503905,2026-07
M15#6003988,M15,6003988,IMB,buy,0.705,A,2026-07-14 17:45:00,2026-07-14 18:42:00,2026-07-15 05:18:00,636.0,4068.98,4068.98,4030.85,4091.86,4252.0,4068.98,4030.85,38.13000000000011,16.74857142857143,0.04,152.52000000000044,-152.92000000000007,0.28,-6.0,-159.20000000000007,-1.0026226068712276,-1.0437975347495385,sl,False,0.1964332546551209,1.033831628638866,0.01@4030.75:sl;0.01@4030.75:sl;0.01@4030.75:sl;0.01@4030.75:sl,7238.309999999914,63.82834224028951,2026-07
M5#10003672,M5,10003672,IMB,buy,0.779,A,2026-07-15 16:35:00,2026-07-15 17:46:00,2026-07-15 18:10:00,24.0,4053.67,4053.67,4040.0,4061.87,4119.29,4053.67,4040.0,13.670000000000073,7.120000000000053,0.12,164.04000000000087,23.700000000000273,0.84,0.0,22.860000000000273,0.14447695683979606,0.13935625457205653,partial_be,True,0.6737381126554489,0.040965618141912394,0.03@4061.87:tp1;0.03@4053.57:be;0.03@4053.57:be;0.03@4053.57:be,7261.169999999915,63.967698494861565,2026-07
M10#6005927,M10,6005927,IMB,buy,0.628,B,2026-07-15 22:50:00,2026-07-16 03:59:00,2026-07-16 04:23:00,24.0,4047.07,4047.07,4038.89,4051.98,4086.33,4047.07,4038.89,8.180000000000291,7.242857142857084,0.21,171.78000000000614,-173.8800000000042,1.4700000000000002,0.0,-175.3500000000042,-1.012224938875294,-1.0207823960880076,sl,False,0.40586797066009667,1.1381418092909064,0.05@4038.79:sl;0.05@4038.79:sl;0.05@4038.79:sl;0.06@4038.79:sl,7085.819999999911,62.946916098773556,2026-07
M10#6005932,M10,6005932,IMB,sell,0.608,B,2026-07-15 23:50:00,2026-07-16 01:00:00,2026-07-16 04:28:00,208.0,4064.66,4064.66,4070.81,4060.97,4035.14,4070.81,4064.66,6.150000000000091,5.331428571428497,0.28,172.20000000000258,387.44999999999624,1.9600000000000002,4.2,389.68999999999625,2.2499999999999445,2.263008130081245,tp2,True,4.991869918699083,0.28455284552845106,0.07@4060.97:tp1;0.07@4057.28:tp1;0.07@4049.90:tp1;0.07@4035.14:tp2,7475.5099999999065,65.2099242288548,2026-07
M30#6001994,M30,6001994,OB,sell,0.578,B,2026-07-14 15:30:00,2026-07-14 15:33:00,2026-07-16 15:16:00,2863.0,4101.51,4101.51,4119.32,4090.82,4016.02,4119.32,4101.51,17.80999999999949,9.255000000000043,0.09,160.28999999999544,406.070000000002,0.6300000000000001,1.7999999999999998,407.240000000002,2.5333458107181577,2.5406450807911507,tp2,True,4.989893318360633,0.09882088714201905,0.02@4090.82:tp1;0.02@4080.14:tp1;0.02@4058.77:tp1;0.03@4016.02:tp2,7882.749999999908,67.75056930964595,2026-07
M10#6005902,M10,6005902,OB,sell,0.676,A,2026-07-15 16:20:00,2026-07-15 21:30:00,2026-07-16 15:50:00,1100.0,4078.92,4078.92,4095.98,4068.68,3997.03,4095.98,4078.92,17.059999999999945,7.378571428571474,0.1,170.59999999999945,470.8600000000006,0.7000000000000001,0.8999999999999999,471.06000000000057,2.7600234466588636,2.761195779601419,tp2,True,4.848769050410347,0.17233294255568957,0.02@4068.68:tp1;0.02@4058.45:tp1;0.02@4037.98:tp1;0.04@3997.03:tp2,8353.809999999909,70.51176508924738,2026-07
M5#10003771,M5,10003771,IMB,sell,0.554,B,2026-07-16 17:10:00,2026-07-16 18:24:00,2026-07-16 18:25:00,1.0,4008.52,4008.52,4014.56,4004.9,3979.53,4014.56,4008.52,6.039999999999964,9.435000000000043,0.3,181.19999999999894,-184.1999999999962,2.1000000000000005,0.0,-186.2999999999962,-1.0165562913907136,-1.0281456953642234,sl,False,0.2019867549668555,1.4437086092714988,0.07@4014.66:sl;0.07@4014.66:sl;0.07@4014.66:sl;0.09@4014.66:sl,8167.509999999912,69.48361939388315,2026-07
M5#10003790,M5,10003790,IMB,buy,0.645,B,2026-07-16 18:55:00,2026-07-16 18:56:00,2026-07-16 19:04:00,8.0,4007.01,4007.01,3998.99,4011.82,4045.51,4007.01,3998.99,8.020000000000437,6.422857142857116,0.22,176.44000000000963,-178.6400000000076,1.5400000000000003,0.0,-180.1800000000076,-1.0124688279301624,-1.021197007481284,sl,False,0.07730673316706448,1.00997506234413,0.05@3998.89:sl;0.05@3998.89:sl;0.05@3998.89:sl;0.07@3998.89:sl,7987.329999999904,68.46242238640187,2026-07
M5#10003847,M5,10003847,IMB,buy,0.609,B,2026-07-17 09:35:00,2026-07-17 09:40:00,2026-07-17 10:00:00,20.0,3997.8,3997.8,3992.94,4000.72,4021.13,3997.8,3992.94,4.860000000000127,5.699285714285744,0.37,179.8200000000047,23.479999999986376,2.59,0.0,20.889999999986376,0.13057501946382916,0.11617172728275958,partial_be,True,0.8189300411522457,0.5082304526749362,0.09@4000.72:tp1;0.09@3997.70:be;0.09@3997.70:be;0.1@3997.70:be,8008.219999999891,68.57859411368463,2026-07
M10#6006028,M10,6006028,UW,sell,0.63,B,2026-07-20 01:40:00,2026-07-20 03:20:00,2026-07-20 03:59:00,39.0,4001.29,4001.29,4009.89,3996.13,3960.01,4009.89,4001.29,8.599999999999909,5.716428571428586,0.2,171.99999999999818,-173.9999999999964,1.4000000000000001,0.0,-175.3999999999964,-1.011627906976734,-1.019767441860455,sl,False,0.33488372093024876,1.0220930232558205,0.05@4009.99:sl;0.05@4009.99:sl;0.05@4009.99:sl;0.05@4009.99:sl,7832.819999999895,67.55882667182418,2026-07
M5#10003922,M5,10003922,IMB,sell,0.674,A,2026-07-20 01:30:00,2026-07-20 03:20:00,2026-07-20 04:02:00,42.0,4002.27,4002.27,4015.44,3994.37,3939.05,4015.44,4002.27,13.170000000000073,4.564285714285753,0.13,171.21000000000095,-172.50999999999976,0.91,0.0,-173.41999999999976,-1.0075930144267204,-1.0129081245254297,sl,False,0.2930903568716861,1.0311313591496056,0.03@4015.54:sl;0.03@4015.54:sl;0.03@4015.54:sl;0.04@4015.54:sl,7659.399999999895,66.54591854729875,2026-07
M15#6004036,M15,6004036,OB,sell,0.61,B,2026-07-17 19:45:00,2026-07-20 05:48:00,2026-07-20 11:02:00,314.0,4024.25,4024.25,4038.33,4015.8,3956.67,4038.33,4024.25,14.079999999999927,11.691428571428528,0.12,168.95999999999913,75.45000000000026,0.84,0.0,74.61000000000026,0.4465553977272766,0.4415838068181856,partial_be,True,1.5767045454545408,0.3075284090909055,0.03@4015.80:tp1;0.03@4007.35:tp1;0.03@4024.35:be;0.03@4024.35:be,7734.009999999896,66.98750235411694,2026-07
M5#10003971,M5,10003971,IMB,sell,0.631,B,2026-07-20 15:45:00,2026-07-20 18:09:00,2026-07-20 19:06:00,57.0,4017.48,4017.48,4024.89,4013.03,3981.91,4024.89,4017.48,7.4099999999998545,5.526428571428596,0.23,170.42999999999665,20.45000000000073,1.6099999999999999,0.0,18.84000000000073,0.11999061198146531,0.11054391832424515,partial_be,True,0.9446693657220159,0.3022941970310156,0.05@4013.03:tp1;0.05@4017.58:be;0.05@4017.58:be;0.08@4017.58:be,7752.849999999897,67.09804627244118,2026-07
M10#6006065,M10,6006065,OB,sell,0.603,B,2026-07-20 16:00:00,2026-07-21 03:41:00,2026-07-21 04:19:00,38.0,4022.17,4022.17,4032.46,4016.0,3972.78,4032.46,4022.17,10.289999999999964,6.6299999999999795,0.17,174.92999999999938,-176.62999999999784,1.1900000000000002,0.0,-177.81999999999783,-1.0097181729834703,-1.0165208940719057,sl,False,0.35179786200193425,1.3595724003887104,0.04@4032.56:sl;0.04@4032.56:sl;0.04@4032.56:sl;0.05@4032.56:sl,7575.029999999899,66.08152537836928,2026-07
M5#10004014,M5,10004014,UW,buy,0.645,B,2026-07-21 04:30:00,2026-07-21 04:39:00,2026-07-21 04:56:00,17.0,4023.59,4023.59,4018.26,4026.79,4049.17,4023.59,4018.26,5.329999999999927,5.10714285714289,0.32,170.55999999999767,23.199999999989814,2.24,0.0,20.95999999998981,0.1360225140712367,0.12288930581607703,partial_be,True,0.8630393996247602,0.20637898686686282,0.08@4026.79:tp1;0.08@4023.49:be;0.08@4023.49:be;0.08@4023.49:be,7595.989999999889,66.20441468418535,2026-07
M15#6004149,M15,6004149,IMB,buy,0.656,A,2026-07-22 10:30:00,2026-07-22 10:41:00,2026-07-22 15:56:00,315.0,4111.69,4111.69,4099.44,4119.04,4170.49,4111.69,4099.44,12.25,6.337857142856982,0.14,171.50000000000003,65.35000000000764,0.9800000000000001,0.0,64.37000000000764,0.3810495626822602,0.3753352769679745,partial_be,True,1.8669387755102693,0.42367346938772243,0.03@4119.04:tp1;0.03@4126.39:tp1;0.03@4111.59:be;0.05@4111.59:be,7660.359999999897,66.57974996115333,2026-07
M5#10004116,M5,10004116,IMB,buy,0.718,A,2026-07-22 04:30:00,2026-07-22 10:50:00,2026-07-22 15:56:00,306.0,4110.01,4110.01,4097.56,4117.48,4169.77,4110.01,4097.56,12.449999999999818,6.91857142857134,0.14,174.29999999999748,66.42999999999392,0.9800000000000001,0.0,65.44999999999392,0.38112449799193854,0.37550200803209904,partial_be,True,1.9718875502008466,0.28192771084339513,0.03@4117.48:tp1;0.03@4124.95:tp1;0.03@4109.91:be;0.05@4109.91:be,7725.809999999891,66.95525196918543,2026-07
M5#10004164,M5,10004164,OB,buy,0.665,A,2026-07-22 18:25:00,2026-07-22 19:17:00,2026-07-22 19:24:00,7.0,4151.99,4151.99,4147.67,4154.58,4172.73,4151.99,4147.67,4.319999999999709,5.2278571428572445,0.41,177.11999999998807,22.800000000018372,2.87,0.0,19.93000000001837,0.12872628726298502,0.11252258355928023,partial_be,True,0.7638888888889824,0.23611111111101754,0.1@4154.58:tp1;0.1@4151.89:be;0.1@4151.89:be;0.11@4151.89:be,7745.73999999991,67.06777455274471,2026-07
M10#6006168,M10,6006168,IMB,buy,0.672,A,2026-07-22 21:50:00,2026-07-23 01:00:00,2026-07-23 01:00:00,0.0,4128.6,4128.6,4121.27,4133.0,4163.78,4128.6,4121.27,7.329999999999927,4.859999999999998,0.24,175.91999999999825,-178.32000000000698,1.68,0.0,-180.000000000007,-1.0136425648022325,-1.0231923601637607,sl,False,0.0,1.894952251023256,0.06@4121.17:sl;0.06@4121.17:sl;0.06@4121.17:sl;0.06@4121.17:sl,7565.7399999999025,66.04458219258095,2026-07
M5#10004347,M5,10004347,IMB,buy,0.687,A,2026-07-24 18:35:00,2026-07-24 18:43:00,2026-07-24 19:30:00,47.0,4071.99,4071.99,4064.72,4076.35,4106.89,4071.99,4064.72,7.269999999999982,5.723571428571469,0.24,174.47999999999956,24.360000000002398,1.68,0.0,22.680000000002398,0.13961485557085315,0.12998624484182975,partial_be,True,0.8239339752407498,0.24484181568084593,0.06@4076.35:tp1;0.06@4071.89:be;0.06@4071.89:be;0.06@4071.89:be,7588.419999999905,66.17456843742278,2026-07
M5#10004448,M5,10004448,IMB,sell,0.6,B,2026-07-27 15:55:00,2026-07-27 16:48:00,2026-07-27 19:25:00,157.0,4088.97,4088.97,4093.82,4086.06,4065.69,4093.82,4088.97,4.850000000000364,4.335714285714273,0.36,174.6000000000131,182.42999999999165,2.52,0.0,179.90999999999164,1.044845360824616,1.0304123711338955,partial_be,True,4.7690721649480246,0.11752577319599498,0.09@4086.06:tp1;0.09@4083.15:tp1;0.09@4077.33:tp1;0.09@4089.07:be,7768.329999999896,67.20498080855667,2026-07
M5#10004316,M5,10004316,OB,buy,0.566,B,2026-07-28 07:50:00,2026-07-28 12:57:00,2026-07-28 12:57:00,0.0,4028.05,4028.05,4023.03,4031.06,4052.15,4028.05,4023.03,5.019999999999982,2.5449999999999426,0.35,175.69999999999936,-179.2000000000121,2.45,0.0,-181.65000000001208,-1.0199203187251722,-1.033864541832742,sl,False,0.0,1.5996015936255437,0.08@4022.93:sl;0.08@4022.93:sl;0.08@4022.93:sl;0.11@4022.93:sl,7586.679999999884,66.17111626672393,2026-07
M5#10004676,M5,10004676,OB,sell,0.612,B,2026-07-30 08:55:00,2026-07-30 10:01:00,2026-07-30 10:04:00,3.0,4041.88,4041.88,4047.96,4038.23,4012.7,4047.96,4041.88,6.079999999999927,6.0092857142856895,0.28,170.239999999998,-173.03999999999544,1.9600000000000002,0.0,-174.99999999999545,-1.0164473684210378,-1.027960526315775,sl,False,0.0,1.0476973684210473,0.07@4048.06:sl;0.07@4048.06:sl;0.07@4048.06:sl;0.07@4048.06:sl,7411.679999999888,65.14315574040815,2026-07
M15#6004376,M15,6004376,OB,buy,0.581,B,2026-07-30 23:30:00,2026-07-30 23:43:00,2026-07-30 23:50:00,7.0,4104.78,4104.78,4099.73,4107.81,4129.02,4104.78,4099.73,5.050000000000182,6.459285714285735,0.35,176.75000000000637,-180.24999999998727,2.45,0.0,-182.69999999998726,-1.019801980197911,-1.0336633663365242,sl,False,0.0,1.128712871287052,0.08@4099.63:sl;0.08@4099.63:sl;0.08@4099.63:sl;0.11@4099.63:sl,7228.979999999901,64.10949237407162,2026-07
H1#6001037,H1,6001037,OB,buy,0.577,B,2026-07-30 02:00:00,2026-07-30 08:38:00,2026-07-31 16:36:00,1918.0,4032.67,4032.67,4004.78,4049.4,4166.54,4032.67,4004.78,27.889999999999873,24.95500000000006,0.06,167.33999999999926,116.83999999999969,0.42000000000000004,-1.5,114.91999999999969,0.6982191944544054,0.6867455479861372,partial_be,True,3.135532448906426,0.153460021513095,0.01@4049.40:tp1;0.01@4066.14:tp1;0.01@4099.61:tp1;0.03@4032.57:be,7343.899999999901,64.79623792205776,2026-07
M5#10004630,M5,10004630,IMB,buy,0.564,B,2026-07-31 15:25:00,2026-07-31 16:42:00,2026-07-31 17:07:00,25.0,4024.95,4024.95,4017.96,4029.14,4058.5,4024.95,4017.96,6.989999999999782,3.892142857142809,0.24,167.75999999999476,23.340000000001965,1.68,0.0,21.660000000001965,0.1391273247496584,0.12911301859801289,partial_be,True,1.0686695278970655,0.4234620886981586,0.06@4029.14:tp1;0.06@4024.85:be;0.06@4024.85:be;0.06@4024.85:be,7365.559999999903,64.92535094065578,2026-07
M5#10004813,M5,10004813,UW,sell,0.631,B,2026-07-31 18:50:00,2026-07-31 19:24:00,2026-07-31 20:19:00,55.0,4046.97,4046.97,4052.57,4043.61,4020.09,4052.57,4046.97,5.600000000000364,5.064999999999957,0.31,173.60000000001128,21.119999999988977,2.17,0.0,18.949999999988975,0.12165898617504381,0.1091589861750446,partial_be,True,0.9982142857141656,0.5535714285714576,0.07@4043.61:tp1;0.07@4047.07:be;0.07@4047.07:be;0.1@4047.07:be,7384.509999999892,65.03450992683082,2026-07
M10#6006395,M10,6006395,IMB,buy,0.618,B,2026-07-31 11:00:00,2026-07-31 16:40:00,2026-08-03 01:00:00,3380.0,4027.15,4027.15,4017.96,4032.66,4071.26,4027.15,4017.96,9.190000000000055,5.28785714285719,0.18,165.420000000001,460.8799999999974,1.2600000000000002,0.0,459.6199999999974,2.7861201789384267,2.7785032039656303,tp2,True,6.118607181719225,0.6877040261153565,0.04@4032.66:tp1;0.04@4038.18:tp1;0.04@4049.21:tp1;0.06@4078.23:tp2,7844.129999999889,67.81301313079645,2026-08
M10#6006587,M10,6006587,OB,sell,0.627,B,2026-08-04 14:00:00,2026-08-04 14:31:00,2026-08-04 14:44:00,13.0,4062.91,4062.91,4069.15,4059.17,4032.96,4069.15,4062.91,6.2400000000002365,4.382142857143013,0.28,174.72000000000665,-177.5200000000041,1.9600000000000002,0.0,-179.4800000000041,-1.0160256410256259,-1.027243589743574,sl,False,0.4631410256409877,1.2532051282051069,0.07@4069.25:sl;0.07@4069.25:sl;0.07@4069.25:sl;0.07@4069.25:sl,7664.649999999885,66.78576954105287,2026-08
M15#6004503,M15,6004503,IMB,buy,0.666,A,2026-08-05 12:15:00,2026-08-05 12:21:00,2026-08-05 17:10:00,289.0,4157.1,4157.1,4142.02,4166.15,4229.48,4157.1,4142.02,15.079999999999927,8.91071428571422,0.11,165.8799999999992,488.57999999999265,0.77,0.0,487.80999999999267,2.9453822040028634,2.94074029418854,tp2,True,5.002652519893897,0.4701591511936459,0.02@4166.15:tp1;0.02@4175.20:tp1;0.02@4193.29:tp1;0.05@4229.48:tp2,8152.459999999877,69.72650983524142,2026-08
M10#6006666,M10,6006666,OB,buy,0.652,A,2026-08-05 23:10:00,2026-08-05 23:47:00,2026-08-06 02:35:00,168.0,4243.81,4243.81,4238.63,4246.92,4268.67,4243.81,4238.63,5.180000000000291,5.82642857142868,0.35,181.3000000000102,447.5399999999836,2.45,-13.5,431.5899999999836,2.4685052399335823,2.3805295091007137,tp2,True,5.96525096525056,0.1698841698841814,0.08@4246.92:tp1;0.08@4250.03:tp1;0.08@4256.24:tp1;0.11@4268.67:tp2,8584.049999999861,72.10703934434213,2026-08
M5#11003056,M5,11003056,IMB,buy,0.679,A,2026-08-05 17:45:00,2026-08-05 19:03:00,2026-08-06 03:55:00,532.0,4225.75,4225.75,4210.75,4234.75,4297.75,4225.75,4210.75,15.0,10.063571428571517,0.12,180.0,405.0,0.84,-1.5,402.66,2.25,2.237,tp2,True,4.964000000000002,0.07399999999997817,0.03@4234.75:tp1;0.03@4243.75:tp1;0.03@4261.75:tp1;0.03@4297.75:tp2,8986.70999999986,74.34403934434212,2026-08
M5#11003111,M5,11003111,OB,sell,0.624,B,2026-08-06 09:40:00,2026-08-06 10:12:00,2026-08-06 10:24:00,12.0,4262.34,4262.34,4267.25,4259.39,4238.77,4267.25,4262.34,4.9099999999998545,5.086428571428509,0.39,191.48999999999432,23.550000000014734,2.73,0.0,20.820000000014733,0.12298292339033595,0.10872630424573268,partial_be,True,0.7983706720977981,0.6435845213849182,0.09@4259.39:tp1;0.09@4262.44:be;0.09@4262.44:be;0.12@4262.44:be,9007.529999999875,74.45276564858786,2026-08
M5#11003101,M5,11003101,IMB,sell,0.579,B,2026-08-06 06:45:00,2026-08-06 08:52:00,2026-08-06 11:11:00,139.0,4267.43,4267.43,4273.72,4263.66,4237.24,4273.72,4267.43,6.289999999999964,5.184999999999881,0.3,188.69999999999894,184.0400000000118,2.1000000000000005,0.0,181.9400000000118,0.975304716481255,0.9641759406465968,partial_be,True,2.8282988871224273,0.2114467408584952,0.07@4263.66:tp1;0.07@4259.88:tp1;0.07@4252.33:tp1;0.09@4267.53:be,9189.469999999887,75.41694158923445,2026-08
M5#11003136,M5,11003136,OB,sell,0.622,B,2026-08-06 16:10:00,2026-08-06 16:37:00,2026-08-06 16:42:00,5.0,4256.13,4256.13,4270.29,4247.63,4188.16,4270.29,4256.13,14.159999999999854,7.488571428571309,0.13,184.0799999999981,-185.38000000000284,0.91,0.0,-186.29000000000283,-1.007062146892681,-1.0120056497175398,sl,False,0.0,1.1659604519774285,0.03@4270.39:sl;0.03@4270.39:sl;0.03@4270.39:sl;0.04@4270.39:sl,9003.179999999884,74.40493593951692,2026-08
M5#11003144,M5,11003144,IMB,buy,0.58,B,2026-08-06 17:00:00,2026-08-06 18:17:00,2026-08-06 18:23:00,6.0,4258.58,4258.58,4252.24,4262.38,4289.01,4258.58,4252.24,6.3400000000001455,8.991428571428514,0.3,190.2000000000044,-193.199999999988,2.1000000000000005,0.0,-195.299999999988,-1.0157728706623739,-1.0268138801260962,sl,False,0.0,1.2618296529968165,0.07@4252.14:sl;0.07@4252.14:sl;0.07@4252.14:sl;0.09@4252.14:sl,8807.879999999896,73.37812205939082,2026-08
M10#6006718,M10,6006718,IMB,buy,0.635,B,2026-08-06 17:40:00,2026-08-06 18:17:00,2026-08-06 18:35:00,18.0,4258.58,4258.58,4248.18,4264.82,4308.5,4258.58,4248.18,10.399999999999636,12.33214285714283,0.18,187.19999999999348,-189.0,1.2600000000000002,0.0,-190.26,-1.0096153846154199,-1.016346153846189,sl,False,0.05480769230766624,1.097115384615409,0.04@4248.08:sl;0.04@4248.08:sl;0.04@4248.08:sl;0.06@4248.08:sl,8617.619999999895,72.36177590554463,2026-08
M10#6006658,M10,6006658,IMB,buy,0.713,A,2026-08-05 17:50:00,2026-08-05 19:03:00,2026-08-06 19:16:00,1453.0,4225.75,4225.75,4206.67,4237.2,4317.33,4225.75,4206.67,19.079999999999927,13.183571428571538,0.09,171.71999999999937,159.97999999999774,0.6300000000000001,-2.5,156.84999999999775,0.9316328907523779,0.9134055439086788,partial_be,True,4.104297693920372,0.05817610062891388,0.02@4237.20:tp1;0.02@4248.65:tp1;0.02@4271.54:tp1;0.03@4225.65:be,8774.469999999894,73.27518144945331,2026-08
M5#11003190,M5,11003190,OB,sell,0.631,B,2026-08-07 03:55:00,2026-08-07 04:08:00,2026-08-07 04:16:00,8.0,4246.38,4246.38,4252.29,4242.83,4218.01,4252.29,4246.38,5.9099999999998545,4.631428571428581,0.31,183.2099999999955,22.450000000014374,2.17,0.0,20.280000000014375,0.12253697942260208,0.11069264778131584,partial_be,True,0.9509306260576884,0.0829103214891207,0.07@4242.83:tp1;0.07@4246.48:be;0.07@4246.48:be;0.1@4246.48:be,8794.749999999909,73.38587409723463,2026-08
M5#11003234,M5,11003234,OB,buy,0.657,A,2026-08-07 13:05:00,2026-08-07 13:12:00,2026-08-07 15:24:00,132.0,4310.5,4310.5,4304.35,4314.19,4340.02,4310.5,4304.35,6.149999999999636,4.762857142857164,0.3,184.49999999998911,179.90999999999624,2.1000000000000005,0.0,177.80999999999625,0.9751219512195494,0.9637398373984105,partial_be,True,2.7869918699189173,0.40650406504067443,0.07@4314.19:tp1;0.07@4317.88:tp1;0.07@4325.26:tp1;0.09@4310.40:be,8972.559999999905,74.34961393463304,2026-08
M5#11003308,M5,11003308,UW,sell,0.605,B,2026-08-10 04:30:00,2026-08-10 05:29:00,2026-08-10 07:13:00,104.0,4332.09,4332.09,4340.79,4326.87,4290.33,4340.79,4332.09,8.699999999999818,5.48642857142886,0.21,182.6999999999962,77.20000000000982,1.4700000000000002,0.0,75.73000000000982,0.4225506294472437,0.4145046524357493,partial_be,True,1.6402298850574513,0.0793103448276464,0.05@4326.87:tp1;0.05@4321.65:tp1;0.05@4332.19:be;0.06@4332.19:be,9048.289999999915,74.7641185870688,2026-08
M30#6002339,M30,6002339,OB,buy,0.624,B,2026-08-07 18:00:00,2026-08-10 04:05:00,2026-08-10 15:26:00,681.0,4325.16,4325.16,4309.33,4334.66,4401.14,4325.16,4309.33,15.829999999999927,19.171428571428546,0.11,174.1299999999992,56.30000000000382,0.77,0.0,55.53000000000382,0.3233216562338717,0.3188996726583821,partial_be,True,2.323436512950089,0.7593177511054695,0.02@4334.66:tp1;0.02@4344.16:tp1;0.02@4325.06:be;0.05@4325.06:be,9103.81999999992,75.08301825972717,2026-08
M15#6004583,M15,6004583,OB,buy,0.617,B,2026-08-07 17:30:00,2026-08-10 04:05:00,2026-08-10 15:26:00,681.0,4325.16,4325.16,4309.33,4334.66,4401.14,4325.16,4309.33,15.829999999999927,18.097142857142767,0.11,174.1299999999992,56.30000000000382,0.77,0.0,55.53000000000382,0.3233216562338717,0.3188996726583821,partial_be,True,2.323436512950089,0.7593177511054695,0.02@4334.66:tp1;0.02@4344.16:tp1;0.02@4325.06:be;0.05@4325.06:be,9159.349999999924,75.40191793238554,2026-08
M10#6006757,M10,6006757,OB,buy,0.681,A,2026-08-07 17:30:00,2026-08-10 04:05:00,2026-08-10 16:52:00,767.0,4323.82,4323.82,4309.33,4332.51,4393.37,4323.82,4309.33,14.489999999999782,17.615714285714084,0.13,188.36999999999716,182.18000000000666,0.91,0.0,181.27000000000666,0.9671391410522344,0.9623082231778383,partial_be,True,2.630779848171185,0.7370600414078359,0.03@4332.51:tp1;0.03@4341.21:tp1;0.03@4358.60:tp1;0.04@4323.72:be,9340.61999999993,76.36422615556339,2026-08
M5#11003497,M5,11003497,IMB,buy,0.628,B,2026-08-12 06:15:00,2026-08-12 06:23:00,2026-08-12 06:34:00,11.0,4405.26,4405.26,4400.05,4408.39,4430.27,4405.26,4400.05,5.210000000000036,4.7099999999999715,0.37,192.77000000000135,25.369999999990796,2.59,0.0,22.779999999990796,0.13160761529278736,0.11817191471697171,partial_be,True,0.6621880998080218,0.1535508637236423,0.09@4408.39:tp1;0.09@4405.16:be;0.09@4405.16:be;0.1@4405.16:be,9363.399999999921,76.48239807028035,2026-08
M5#11003492,M5,11003492,OB,buy,0.664,A,2026-08-12 05:05:00,2026-08-12 08:30:00,2026-08-12 08:35:00,5.0,4391.33,4391.33,4386.92,4393.98,4412.5,4391.33,4386.92,4.4099999999998545,4.580714285714229,0.43,189.62999999999377,77.09999999998763,3.0100000000000002,0.0,74.08999999998763,0.40658123714596933,0.3907082212729529,partial_be,True,1.2630385487528102,0.4920634920635248,0.1@4393.98:tp1;0.1@4396.62:tp1;0.1@4391.23:be;0.13@4391.23:be,9437.489999999909,76.87310629155331,2026-08
M5#11003508,M5,11003508,OB,sell,0.628,B,2026-08-12 08:40:00,2026-08-12 09:48:00,2026-08-12 09:55:00,7.0,4399.56,4399.56,4404.52,4396.58,4375.75,4404.52,4399.56,4.960000000000036,3.663571428571491,0.39,193.44000000000142,-197.3399999999801,2.73,0.0,-200.0699999999801,-1.0201612903224704,-1.0342741935482767,sl,False,0.09677419354829837,1.108870967741744,0.09@4404.62:sl;0.09@4404.62:sl;0.09@4404.62:sl;0.12@4404.62:sl,9237.41999999993,75.83883209800504,2026-08
M5#11003552,M5,11003552,OB,sell,0.658,A,2026-08-13 01:50:00,2026-08-13 03:07:00,2026-08-13 03:16:00,9.0,4419.47,4419.47,4426.2,4415.43,4387.17,4426.2,4419.47,6.729999999999563,2.3950000000000466,0.28,188.4399999999878,-191.239999999998,1.9600000000000002,0.0,-193.199999999998,-1.0148588410104562,-1.0252600297177377,sl,False,0.10104011887064274,1.1842496285290893,0.07@4426.30:sl;0.07@4426.30:sl;0.07@4426.30:sl;0.07@4426.30:sl,9044.219999999932,74.8135720682873,2026-08
M10#6006950,M10,6006950,OB,sell,0.647,B,2026-08-13 14:10:00,2026-08-13 15:30:00,2026-08-13 15:48:00,18.0,4396.63,4396.63,4406.25,4390.86,4350.45,4406.25,4396.63,9.61999999999989,3.9457142857144,0.19,182.77999999999793,68.1400000000076,1.33,0.0,66.8100000000076,0.3727978991137344,0.36552139183722704,partial_be,True,1.6434511434511092,0.510395010395001,0.04@4390.86:tp1;0.04@4385.09:tp1;0.04@4396.73:be;0.07@4396.73:be,9111.029999999939,75.17909346012453,2026-08
M10#6006810,M10,6006810,OB,buy,0.656,A,2026-08-13 16:10:00,2026-08-14 03:30:00,2026-08-14 04:19:00,49.0,4337.85,4337.85,4317.94,4349.8,4433.42,4337.85,4317.94,19.910000000000764,7.691428571428657,0.09,179.1900000000069,-180.09000000000196,0.6300000000000001,0.0,-180.72000000000196,-1.005022601707657,-1.0085384229030359,sl,False,0.4575590155700313,1.0065293822199495,0.02@4317.84:sl;0.02@4317.84:sl;0.02@4317.84:sl;0.03@4317.84:sl,8930.309999999938,74.1705550372215,2026-08
M15#6004609,M15,6004609,OB,buy,0.65,A,2026-08-13 16:15:00,2026-08-14 03:38:00,2026-08-14 04:19:00,41.0,4337.15,4337.15,4317.94,4348.68,4429.36,4337.15,4317.94,19.210000000000036,7.855000000000148,0.09,172.89000000000036,-173.78999999999542,0.6300000000000001,0.0,-174.4199999999954,-1.005205622071809,-1.0088495575220953,sl,False,0.28735033836545687,1.006767308693347,0.02@4317.84:sl;0.02@4317.84:sl;0.02@4317.84:sl;0.03@4317.84:sl,8755.889999999943,73.1617054796994,2026-08
M10#6006972,M10,6006972,OB,sell,0.626,B,2026-08-14 14:40:00,2026-08-14 16:32:00,2026-08-14 17:00:00,28.0,4390.13,4390.13,4401.78,4383.14,4334.21,4401.78,4390.13,11.649999999999636,4.3292857142857555,0.16,186.39999999999418,26.76000000000568,1.12,0.0,25.640000000005678,0.1435622317596916,0.1375536480687043,partial_be,True,0.604291845493578,0.6111587982832715,0.04@4383.14:tp1;0.04@4390.23:be;0.04@4390.23:be;0.04@4390.23:be,8781.529999999948,73.29925912776811,2026-08
M10#6007045,M10,6007045,IMB,buy,0.618,B,2026-08-17 04:00:00,2026-08-17 15:26:00,2026-08-17 15:31:00,5.0,4384.06,4384.06,4376.02,4388.88,4422.65,4384.06,4376.02,8.039999999999964,7.167857142857104,0.23,184.91999999999916,22.299999999991996,1.6099999999999999,0.0,20.689999999991997,0.120592688730219,0.11188622106852741,partial_be,True,0.7388059701492073,0.24875621890547375,0.05@4388.88:tp1;0.05@4383.96:be;0.05@4383.96:be;0.08@4383.96:be,8802.21999999994,73.41114534883664,2026-08
M5#11003790,M5,11003790,IMB,buy,0.635,B,2026-08-17 08:45:00,2026-08-17 15:26:00,2026-08-17 15:31:00,5.0,4384.06,4384.06,4379.5,4386.8,4405.95,4384.06,4379.5,4.5600000000004,4.2607142857142595,0.41,186.9600000000164,79.99999999998363,2.87,0.0,77.12999999998362,0.42789901583213846,0.41254813863915735,partial_be,True,1.3026315789471663,0.4385964912280317,0.1@4386.80:tp1;0.1@4389.53:tp1;0.1@4383.96:be;0.11@4383.96:be,8879.349999999922,73.8236934874758,2026-08
M5#11003842,M5,11003842,IMB,buy,0.624,B,2026-08-17 17:20:00,2026-08-17 21:32:00,2026-08-17 22:05:00,33.0,4401.32,4401.32,4395.32,4404.92,4430.12,4401.32,4395.32,6.0,6.902857142857231,0.31,186.0,22.800000000015643,2.17,0.0,20.63000000001564,0.12258064516137443,0.11091397849470776,partial_be,True,0.9750000000000606,0.6183333333333394,0.07@4404.92:tp1;0.07@4401.22:be;0.07@4401.22:be;0.1@4401.22:be,8899.979999999938,73.9346074659705,2026-08
M5#11003864,M5,11003864,IMB,buy,0.615,B,2026-08-18 02:10:00,2026-08-18 04:47:00,2026-08-18 05:01:00,14.0,4408.27,4408.27,4403.39,4411.2,4431.69,4408.27,4403.39,4.880000000000109,2.4728571428572,0.38,185.44000000000415,-189.24000000001797,2.66,0.0,-191.90000000001797,-1.0204918032787627,-1.0348360655738442,sl,False,0.1680327868851825,1.1618852459016282,0.09@4403.29:sl;0.09@4403.29:sl;0.09@4403.29:sl;0.11@4403.29:sl,8708.07999999992,72.89977140039666,2026-08
M5#11003951,M5,11003951,UW,buy,0.677,A,2026-08-18 17:00:00,2026-08-18 17:32:00,2026-08-18 17:53:00,21.0,4388.9,4388.9,4376.32,4396.45,4449.28,4388.9,4376.32,12.579999999999927,7.969285714285759,0.14,176.119999999999,-177.51999999999134,0.9800000000000001,0.0,-178.49999999999133,-1.007949125596141,-1.01351351351347,sl,False,0.581875993640752,1.3100158982511652,0.03@4376.22:sl;0.03@4376.22:sl;0.03@4376.22:sl;0.05@4376.22:sl,8529.579999999929,71.88625788688319,2026-08
M10#6007120,M10,6007120,UW,buy,0.625,B,2026-08-18 17:10:00,2026-08-18 17:32:00,2026-08-18 17:53:00,21.0,4388.9,4388.9,4376.32,4396.45,4449.28,4388.9,4376.32,12.579999999999927,9.293571428571536,0.14,176.119999999999,-177.51999999999134,0.9800000000000001,0.0,-178.49999999999133,-1.007949125596141,-1.01351351351347,sl,False,0.581875993640752,1.3100158982511652,0.03@4376.22:sl;0.03@4376.22:sl;0.03@4376.22:sl;0.05@4376.22:sl,8351.079999999938,70.87274437336971,2026-08
M10#6007005,M10,6007005,OB,buy,0.612,B,2026-08-19 02:50:00,2026-08-19 04:02:00,2026-08-19 13:17:00,555.0,4326.89,4326.89,4318.34,4332.02,4367.93,4326.89,4318.34,8.550000000000182,5.052142857142891,0.21,179.55000000000385,425.7899999999945,1.4700000000000002,0.0,424.3199999999945,2.37142857142849,2.363241436925566,tp2,True,4.811695906432578,0.28771929824561215,0.05@4332.02:tp1;0.05@4337.15:tp1;0.05@4347.41:tp1;0.06@4367.93:tp2,8775.399999999932,73.23598581029528,2026-08
M30#6002456,M30,6002456,IMB,sell,0.624,B,2026-08-19 15:00:00,2026-08-19 15:33:00,2026-08-19 15:36:00,3.0,4377.5,4377.5,4391.12,4369.33,4312.12,4391.12,4377.5,13.61999999999989,9.354999999999889,0.13,177.05999999999858,-178.3600000000033,0.91,0.0,-179.2700000000033,-1.0073421439060473,-1.0124816446402618,sl,False,0.0,1.4170337738619925,0.03@4391.22:sl;0.03@4391.22:sl;0.03@4391.22:sl;0.04@4391.22:sl,8596.129999999928,72.22350416565502,2026-08
M5#11003888,M5,11003888,IMB,sell,0.567,B,2026-08-19 15:35:00,2026-08-19 15:38:00,2026-08-19 15:41:00,3.0,4412.03,4412.03,4420.06,4407.21,4373.49,4420.06,4412.03,8.030000000000655,4.693571428571366,0.23,184.69000000001506,-186.9900000000025,1.6099999999999999,0.0,-188.60000000000252,-1.012453300124464,-1.0211706102116365,sl,False,0.34869240348680497,1.1195516811955115,0.05@4420.16:sl;0.05@4420.16:sl;0.05@4420.16:sl;0.08@4420.16:sl,8407.529999999926,71.20233355544337,2026-08
M5#11004068,M5,11004068,IMB,buy,0.584,B,2026-08-20 01:10:00,2026-08-20 01:59:00,2026-08-20 02:23:00,24.0,4517.32,4517.32,4511.16,4521.02,4546.89,4517.32,4511.16,6.1599999999998545,4.213571428571673,0.29,178.6399999999958,23.700000000017102,2.0300000000000002,0.0,21.6700000000171,0.13266905508294705,0.1213054187193104,partial_be,True,1.0194805194806498,0.3360389610389217,0.07@4521.02:tp1;0.07@4517.22:be;0.07@4517.22:be;0.08@4517.22:be,8429.199999999943,71.32363897416269,2026-08
M10#6007171,M10,6007171,OB,buy,0.658,A,2026-08-20 04:20:00,2026-08-20 04:51:00,2026-08-20 05:49:00,58.0,4488.88,4488.88,4475.32,4497.02,4553.97,4488.88,4475.32,13.5600000000004,6.804999999999966,0.13,176.2800000000052,23.419999999997344,0.91,0.0,22.509999999997344,0.13285681869750768,0.12769457680960222,partial_be,True,0.7942477876105611,0.32817109144540463,0.03@4497.02:tp1;0.03@4488.78:be;0.03@4488.78:be;0.04@4488.78:be,8451.70999999994,71.4513335509723,2026-08
M15#6004839,M15,6004839,OB,buy,0.6,B,2026-08-20 04:30:00,2026-08-20 04:53:00,2026-08-20 07:33:00,160.0,4487.85,4487.85,4475.32,4495.37,4547.99,4487.85,4475.32,12.530000000000655,7.702857142857023,0.14,175.4200000000092,21.45999999999458,0.9800000000000001,0.0,20.47999999999458,0.12233496750651839,0.11674837532774772,partial_be,True,1.0566640063846042,0.2729449321628008,0.03@4495.37:tp1;0.03@4487.75:be;0.03@4487.75:be;0.05@4487.75:be,8472.189999999933,71.56808192630004,2026-08
M5#11004098,M5,11004098,IMB,buy,0.625,B,2026-08-20 09:40:00,2026-08-20 10:04:00,2026-08-20 10:14:00,10.0,4487.88,4487.88,4483.29,4490.63,4509.91,4487.88,4483.29,4.5900000000001455,3.870714285714257,0.4,183.60000000000582,24.49999999998909,2.8000000000000003,0.0,21.69999999998909,0.13344226579514332,0.11819172113283442,partial_be,True,0.6252723311546405,0.1503267973857271,0.1@4490.63:tp1;0.1@4487.78:be;0.1@4487.78:be;0.1@4487.78:be,8493.889999999923,71.68627364743287,2026-08
M5#11004052,M5,11004052,IMB,buy,0.551,B,2026-08-20 08:20:00,2026-08-20 14:46:00,2026-08-20 15:00:00,14.0,4469.1,4469.1,4462.62,4472.99,4500.2,4469.1,4462.62,6.480000000000473,3.3192857142856673,0.28,181.44000000001327,-184.239999999998,1.9600000000000002,0.0,-186.199999999998,-1.0154320987653467,-1.0262345679011484,sl,False,0.5925925925924315,1.1327160493826558,0.07@4462.52:sl;0.07@4462.52:sl;0.07@4462.52:sl;0.07@4462.52:sl,8307.689999999926,70.66003907953173,2026-08
M10#6007224,M10,6007224,OB,buy,0.623,B,2026-08-21 06:20:00,2026-08-21 06:29:00,2026-08-21 08:17:00,108.0,4531.31,4531.31,4522.24,4536.75,4574.85,4531.31,4522.24,9.070000000000618,8.874285714285893,0.2,181.40000000001237,80.59999999999036,1.4000000000000001,0.0,79.19999999999035,0.4443219404629816,0.4366041896360802,partial_be,True,1.8324145534728509,0.5148842337375694,0.05@4536.75:tp1;0.05@4542.19:tp1;0.05@4531.21:be;0.05@4531.21:be,8386.889999999916,71.09664326916781,2026-08
M5#11004198,M5,11004198,OB,buy,0.663,A,2026-08-21 14:10:00,2026-08-21 15:20:00,2026-08-21 15:32:00,12.0,4584.84,4584.84,4578.57,4588.6,4614.94,4584.84,4578.57,6.270000000000437,4.9392857142856235,0.29,181.8300000000127,-184.72999999999686,2.0300000000000002,0.0,-186.75999999999686,-1.0159489633172962,-1.0271132376394645,sl,False,0.5087719298244622,1.3141945773523458,0.07@4578.47:sl;0.07@4578.47:sl;0.07@4578.47:sl;0.08@4578.47:sl,8200.12999999992,70.06953003152834,2026-08
M5#11004257,M5,11004257,IMB,sell,0.646,B,2026-08-24 03:45:00,2026-08-24 03:48:00,2026-08-24 04:00:00,12.0,4612.68,4612.68,4628.44,4603.22,4537.03,4628.44,4612.68,15.759999999999309,8.946428571428637,0.11,173.3599999999924,-174.4599999999964,0.77,0.0,-175.2299999999964,-1.006345177664998,-1.0107868020304804,sl,False,0.0755076142131759,1.053299492385856,0.02@4628.54:sl;0.02@4628.54:sl;0.02@4628.54:sl;0.05@4628.54:sl,8024.899999999922,69.05874322949786,2026-08
M5#11004263,M5,11004263,IMB,buy,0.574,B,2026-08-24 05:55:00,2026-08-24 21:08:00,2026-08-24 21:38:00,30.0,4626.57,4626.57,4618.94,4631.15,4663.19,4626.57,4618.94,7.630000000000109,8.468571428571522,0.23,175.4900000000025,67.400000000006,1.6099999999999999,0.0,65.790000000006,0.3840674682318368,0.3748931563052314,partial_be,True,2.044560943643531,0.192660550458627,0.05@4631.15:tp1;0.05@4635.73:tp1;0.05@4626.47:be;0.08@4626.47:be,8090.689999999929,69.4336363858031,2026-08
M5#11004371,M5,11004371,IMB,buy,0.628,B,2026-08-25 08:40:00,2026-08-25 10:29:00,2026-08-25 10:49:00,20.0,4635.74,4635.74,4629.28,4639.62,4666.75,4635.74,4629.28,6.460000000000036,4.899999999999896,0.28,180.88000000000105,25.060000000012227,1.9600000000000002,0.0,23.100000000012226,0.13854489164093367,0.12770897832824024,partial_be,True,0.7461300309598439,0.28792569659437495,0.07@4639.62:tp1;0.07@4635.64:be;0.07@4635.64:be;0.07@4635.64:be,8113.789999999941,69.56134536413134,2026-08
M5#11004262,M5,11004262,UW,buy,0.561,B,2026-08-25 11:35:00,2026-08-25 16:23:00,2026-08-25 16:29:00,6.0,4614.1,4614.1,4608.34,4617.56,4641.75,4614.1,4608.34,5.760000000000218,6.398571428571294,0.31,178.56000000000677,21.819999999991527,2.17,0.0,19.64999999999153,0.12219982078847838,0.11004704301070108,partial_be,True,0.7204861111110207,0.9114583333332988,0.07@4617.56:tp1;0.07@4614.00:be;0.07@4614.00:be;0.1@4614.00:be,8133.439999999932,69.67139240714204,2026-08
H1#6001195,H1,6001195,OB,sell,0.575,B,2026-08-25 11:00:00,2026-08-25 18:36:00,2026-08-25 21:58:00,202.0,4654.34,4654.34,4684.34,4636.34,4510.34,4684.34,4654.34,30.0,20.312857142857087,0.06,180.00000000000003,17.50000000000273,0.42000000000000004,0.0,17.080000000002727,0.09722222222223736,0.09488888888890402,partial_be,True,0.6630000000000109,0.17633333333333212,0.01@4636.34:tp1;0.01@4654.44:be;0.01@4654.44:be;0.03@4654.44:be,8150.519999999935,69.76628129603094,2026-08
M5#11004464,M5,11004464,UW,buy,0.62,B,2026-08-26 04:40:00,2026-08-26 08:45:00,2026-08-26 09:22:00,37.0,4637.37,4637.37,4629.93,4641.83,4673.08,4637.37,4629.93,7.4399999999996,6.04357142857147,0.24,178.5599999999904,-180.95999999999913,1.68,0.0,-182.63999999999913,-1.0134408602151035,-1.0228494623656417,sl,False,0.5403225806452491,1.1491935483871831,0.06@4629.83:sl;0.06@4629.83:sl;0.06@4629.83:sl;0.06@4629.83:sl,7967.8799999999355,68.7434318336653,2026-08
M5#11004415,M5,11004415,UW,buy,0.654,A,2026-08-26 08:40:00,2026-08-26 11:15:00,2026-08-26 12:16:00,61.0,4623.81,4623.81,4613.21,4630.17,4674.69,4623.81,4613.21,10.600000000000364,3.538571428571361,0.17,180.20000000000618,24.13999999999396,1.1900000000000002,0.0,22.94999999999396,0.13396226415090529,0.12735849056599985,partial_be,True,0.6905660377357979,0.16037735849062917,0.04@4630.17:tp1;0.04@4623.71:be;0.04@4623.71:be;0.05@4623.71:be,7990.82999999993,68.8707903242313,2026-08
M30#6002566,M30,6002566,OB,sell,0.586,B,2026-08-26 19:30:00,2026-08-27 01:18:00,2026-08-27 04:40:00,202.0,4611.54,4611.54,4631.83,4599.37,4514.15,4631.83,4611.54,20.289999999999964,14.414285714285727,0.08,162.3199999999997,-163.12000000000262,0.56,0.0,-163.68000000000262,-1.004928536224759,-1.008378511582078,sl,False,0.5160177427303777,1.0,0.02@4631.93:sl;0.02@4631.93:sl;0.02@4631.93:sl;0.02@4631.93:sl,7827.149999999927,67.86241181264921,2026-08
M5#11004565,M5,11004565,IMB,buy,0.592,B,2026-08-27 04:40:00,2026-08-27 08:31:00,2026-08-27 08:44:00,13.0,4612.36,4612.36,4605.54,4616.45,4645.1,4612.36,4605.54,6.819999999999709,7.167142857142868,0.26,177.31999999999243,-179.9200000000019,1.82,0.0,-181.74000000000188,-1.0146627565982944,-1.0249266862170632,sl,False,0.2771260997068047,1.058651026392911,0.06@4605.44:sl;0.06@4605.44:sl;0.06@4605.44:sl;0.08@4605.44:sl,7645.409999999925,66.83748512643216,2026-08
M5#11004592,M5,11004592,IMB,buy,0.599,B,2026-08-27 14:10:00,2026-08-27 15:46:00,2026-08-27 16:14:00,28.0,4585.84,4585.84,4579.42,4589.69,4616.66,4585.84,4579.42,6.420000000000073,4.524999999999831,0.27,173.34000000000196,20.999999999989086,1.8900000000000001,0.0,19.109999999989085,0.12114918656968299,0.11024575977840584,partial_be,True,0.8255451713395828,0.9018691588784887,0.06@4589.69:tp1;0.06@4585.74:be;0.06@4585.74:be;0.09@4585.74:be,7664.519999999914,66.94773088621056,2026-08
M5#11004612,M5,11004612,OB,buy,0.575,B,2026-08-28 01:05:00,2026-08-28 02:48:00,2026-08-28 03:16:00,28.0,4597.37,4597.37,4590.62,4601.42,4629.77,4597.37,4590.62,6.75,2.5371428571427583,0.26,175.5,22.300000000012005,1.82,0.0,20.480000000012005,0.12706552706559548,0.1166951566952251,partial_be,True,0.7970370370370532,0.5733333333333172,0.06@4601.42:tp1;0.06@4597.27:be;0.06@4597.27:be;0.08@4597.27:be,7684.999999999926,67.0644260429058,2026-08
M5#11004656,M5,11004656,OB,sell,0.58,B,2026-08-28 07:10:00,2026-08-28 07:21:00,2026-08-28 07:57:00,36.0,4584.44,4584.44,4589.81,4581.22,4558.66,4589.81,4584.44,5.3700000000008,3.0378571428573196,0.32,171.8400000000256,23.359999999986027,2.24,0.0,21.119999999986028,0.13594040968332485,0.12290502793286127,partial_be,True,1.0744878957166977,0.2644320297953018,0.08@4581.22:tp1;0.08@4584.54:be;0.08@4584.54:be;0.08@4584.54:be,7706.119999999913,67.18733107083865,2026-08
M15#6005071,M15,6005071,IMB,buy,0.585,B,2026-08-28 12:45:00,2026-08-28 14:06:00,2026-08-28 15:32:00,86.0,4596.9,4596.9,4588.76,4601.78,4635.97,4596.9,4588.76,8.139999999999418,7.8042857142856,0.21,170.9399999999878,22.800000000009277,1.4700000000000002,0.0,21.330000000009278,0.13338013338019716,0.12478062478068797,partial_be,True,0.869778869778923,0.706388206388257,0.05@4601.78:tp1;0.05@4596.80:be;0.05@4596.80:be;0.06@4596.80:be,7727.449999999922,67.31211169561934,2026-08
M5#11004679,M5,11004679,IMB,buy,0.623,B,2026-08-28 10:20:00,2026-08-28 14:06:00,2026-08-28 15:32:00,86.0,4596.84,4596.84,4588.76,4601.69,4635.62,4596.84,4588.76,8.079999999999927,6.126428571428538,0.21,169.6799999999985,22.649999999991454,1.4700000000000002,0.0,21.179999999991455,0.1334865629419593,0.12482319660532556,partial_be,True,0.8836633663365696,0.7042079207921486,0.05@4601.69:tp1;0.05@4596.74:be;0.05@4596.74:be;0.06@4596.74:be,7748.629999999913,67.43693489222466,2026-08
M5#11004751,M5,11004751,IMB,buy,0.631,B,2026-08-31 06:45:00,2026-08-31 07:24:00,2026-08-31 14:27:00,423.0,4416.56,4416.56,4407.23,4422.16,4461.34,4416.56,4407.23,9.330000000000837,6.517142857142711,0.19,177.2700000000159,470.21999999999304,1.33,0.0,468.88999999999305,2.6525638855979627,2.6450612060695606,tp2,True,4.869239013933044,0.3654876741693953,0.04@4422.16:tp1;0.04@4427.76:tp1;0.04@4438.95:tp1;0.07@4461.34:tp2,8217.519999999906,70.08199609829421,2026-08
M15#6004832,M15,6004832,IMB,buy,0.643,B,2026-08-31 05:30:00,2026-08-31 05:35:00,2026-09-01 11:04:00,1769.0,4411.38,4411.38,4373.51,4434.1,4593.16,4411.38,4373.51,37.86999999999989,14.93214285714287,0.04,151.47999999999956,67.95999999999913,0.28,-1.0,66.67999999999913,0.4486400844995994,0.4401901241087887,partial_be,True,1.3963559545814699,0.3842091365196785,0.01@4434.10:tp1;0.01@4456.82:tp1;0.01@4411.28:be;0.01@4411.28:be,8284.199999999904,70.52218622240301,2026-09
M30#6002481,M30,6002481,IMB,buy,0.712,A,2026-08-28 22:30:00,2026-08-31 05:03:00,2026-09-01 11:32:00,1829.0,4424.13,4424.13,4373.51,4454.5,4667.11,4424.13,4373.51,50.61999999999989,30.400714285714326,0.03,151.85999999999967,-152.16000000000076,0.21,-1.5,-153.87000000000077,-1.0019755037534643,-1.01323587514817,sl,False,0.7927696562623507,1.006321612011075,0.01@4373.41:sl;0.02@4373.41:sl,8130.3299999999035,69.50895034725484,2026-09
H1#6001151,H1,6001151,IMB,buy,0.679,A,2026-08-28 23:00:00,2026-08-31 05:03:00,2026-09-01 11:32:00,1829.0,4424.13,4424.13,4374.05,4454.18,4664.51,4424.13,4374.05,50.07999999999993,31.514999999999937,0.03,150.23999999999978,-150.54000000000087,0.21,-1.5,-152.25000000000088,-1.0019968051118284,-1.0133785942492086,sl,False,0.8013178913738053,1.017172523961673,0.01@4373.95:sl;0.02@4373.95:sl,7978.079999999903,68.49557175300563,2026-09
M5#11004870,M5,11004870,OB,buy,0.569,B,2026-09-01 14:00:00,2026-09-01 15:01:00,2026-09-01 15:20:00,19.0,4370.43,4370.43,4364.65,4373.9,4398.17,4370.43,4364.65,5.780000000000655,4.992857142857182,0.31,179.1800000000203,21.88999999998669,2.17,0.0,19.71999999998669,0.12216765263971542,0.11005692599611819,partial_be,True,0.8737024221451039,0.7612456747404927,0.07@4373.90:tp1;0.07@4370.33:be;0.07@4370.33:be;0.1@4370.33:be,7997.799999999889,68.60562867900175,2026-09
M5#11004866,M5,11004866,IMB,sell,0.594,B,2026-09-02 15:40:00,2026-09-02 17:05:00,2026-09-02 17:09:00,4.0,4387.54,4387.54,4394.72,4383.23,4353.08,4394.72,4387.54,7.180000000000291,6.802857142857257,0.25,179.50000000000728,-181.99999999999363,1.75,0.0,-183.74999999999363,-1.0139275766015947,-1.0236768802227643,sl,False,0.09192200557100665,1.3203342618384524,0.06@4394.82:sl;0.06@4394.82:sl;0.06@4394.82:sl;0.07@4394.82:sl,7814.049999999896,67.58195179877899,2026-09
M30#6002607,M30,6002607,IMB,sell,0.653,A,2026-09-03 06:00:00,2026-09-03 15:53:00,2026-09-03 18:01:00,128.0,4487.68,4487.68,4524.41,4465.64,4311.38,4524.41,4487.68,36.72999999999956,9.697142857142742,0.04,146.91999999999825,21.7400000000016,0.28,0.0,21.4600000000016,0.14797168527090837,0.14606588619658217,partial_be,True,0.8320174244487003,0.23032943098285152,0.01@4465.64:tp1;0.01@4487.78:be;0.01@4487.78:be;0.01@4487.78:be,7835.509999999897,67.72801768497557,2026-09
M15#6005088,M15,6005088,IMB,sell,0.625,B,2026-09-03 16:30:00,2026-09-03 18:14:00,2026-09-04 15:30:00,1276.0,4503.93,4503.93,4524.41,4491.64,4405.63,4524.41,4503.93,20.479999999999563,11.702857142857154,0.08,163.8399999999965,368.64000000000124,0.56,0.6,368.68000000000126,2.2500000000000555,2.2502441406250555,tp2,True,5.417480468750107,0.34472656249998246,0.02@4491.64:tp1;0.02@4479.35:tp1;0.02@4454.78:tp1;0.02@4405.63:tp2,8204.189999999899,69.97826182560063,2026-09
