time,balance,equity
2025-09-01 01:00:00,10000.0,10000.0
2025-09-01 02:00:00,10000.0,10000.0
2025-09-01 03:00:00,10000.0,10000.0
2025-09-01 04:00:00,10000.0,10000.0
2025-09-01 05:00:00,10000.0,10000.0
2025-09-01 06:00:00,10000.0,10000.0
2025-09-01 07:00:00,10000.0,10000.0
2025-09-01 08:00:00,10000.0,10000.0
2025-09-01 09:00:00,10000.0,10000.0
2025-09-01 10:00:00,10000.0,10000.0
2025-09-01 11:00:00,10000.0,10000.0
2025-09-01 12:00:00,10000.0,10000.0
2025-09-01 13:00:00,10000.0,10000.0
2025-09-01 14:00:00,10000.0,10000.0
2025-09-01 15:00:00,10000.0,10000.0
2025-09-01 16:00:00,10000.0,10000.0
2025-09-01 17:00:00,10000.0,10000.0
2025-09-01 18:00:00,10000.0,10000.0
2025-09-01 19:00:00,10000.0,10000.0
2025-09-01 20:00:00,10000.0,10000.0
2025-09-01 21:00:00,10000.0,10000.0
2025-09-02 01:29:00,10000.0,10000.0
2025-09-02 02:29:00,10000.0,10000.0
2025-09-02 03:29:00,10000.0,10000.0
2025-09-02 04:29:00,10000.0,10000.0
2025-09-02 05:29:00,10000.0,10000.0
2025-09-02 06:29:00,10000.0,10000.0
2025-09-02 07:29:00,10000.0,10000.0
2025-09-02 08:29:00,10000.0,10000.0
2025-09-02 09:29:00,10000.0,10000.0
2025-09-02 10:29:00,10000.0,10000.0
2025-09-02 11:29:00,10000.0,10000.0
2025-09-02 12:29:00,10000.0,10000.0
2025-09-02 13:29:00,10000.0,10000.0
2025-09-02 14:29:00,10000.0,10000.0
2025-09-02 15:29:00,10000.0,10000.0
2025-09-02 16:29:00,10000.0,10000.0
2025-09-02 17:29:00,10000.0,10000.0
2025-09-02 18:29:00,10000.0,10000.0
2025-09-02 19:29:00,10000.0,10000.0
2025-09-02 20:29:00,10000.0,10000.0
2025-09-02 21:29:00,10000.0,10000.0
2025-09-02 22:29:00,10000.0,10000.0
2025-09-02 23:29:00,10000.0,10000.0
2025-09-03 01:30:00,10000.0,10000.0
2025-09-03 02:30:00,9998.74,9937.359999999993
2025-09-03 03:30:00,10087.939999999997,10114.399999999996
2025-09-03 04:30:00,10087.939999999997,10136.719999999994
2025-09-03 05:30:00,10087.939999999997,10142.719999999994
2025-09-03 06:30:00,10087.339999999995,10087.339999999995
2025-09-03 07:30:00,10087.339999999995,10087.339999999995
2025-09-03 08:30:00,10087.339999999995,10087.339999999995
2025-09-03 09:30:00,10087.339999999995,10087.339999999995
2025-09-03 10:30:00,10087.339999999995,10087.339999999995
2025-09-03 11:30:00,10087.339999999995,10087.339999999995
2025-09-03 12:30:00,10087.339999999995,10087.339999999995
2025-09-03 13:30:00,10087.339999999995,10087.339999999995
2025-09-03 14:30:00,10087.339999999995,10087.339999999995
2025-09-03 15:30:00,10087.339999999995,10087.339999999995
2025-09-03 16:30:00,10087.339999999995,10087.339999999995
2025-09-03 17:30:00,10087.339999999995,10087.339999999995
2025-09-03 18:30:00,10087.339999999995,10087.339999999995
2025-09-03 19:30:00,10087.339999999995,10087.339999999995
2025-09-03 20:30:00,10087.339999999995,10087.339999999995
2025-09-03 21:30:00,10087.339999999995,10087.339999999995
2025-09-03 22:30:00,10087.339999999995,10087.339999999995
2025-09-03 23:30:00,10087.339999999995,10087.339999999995
2025-09-04 01:31:00,10087.339999999995,10087.339999999995
2025-09-04 02:31:00,10087.339999999995,10087.339999999995
2025-09-04 03:31:00,10087.339999999995,10087.339999999995
2025-09-04 04:31:00,10087.339999999995,10087.339999999995
2025-09-04 05:31:00,10087.339999999995,10087.339999999995
2025-09-04 06:31:00,10087.339999999995,10087.339999999995
2025-09-04 07:31:00,10087.339999999995,10087.339999999995
2025-09-04 08:31:00,10087.339999999995,10087.339999999995
2025-09-04 09:31:00,10087.339999999995,10087.339999999995
2025-09-04 10:31:00,10087.339999999995,10087.339999999995
2025-09-04 11:31:00,10087.339999999995,10087.339999999995
2025-09-04 12:31:00,10087.339999999995,10087.339999999995
2025-09-04 13:31:00,10087.339999999995,10087.339999999995
2025-09-04 14:31:00,10087.339999999995,10087.339999999995
2025-09-04 15:31:00,10087.339999999995,10087.339999999995
2025-09-04 16:31:00,10087.339999999995,10087.339999999995
2025-09-04 17:31:00,10087.339999999995,10087.339999999995
2025-09-04 18:31:00,10087.339999999995,10087.339999999995
2025-09-04 19:31:00,10087.339999999995,10087.339999999995
2025-09-04 20:31:00,10087.339999999995,10087.339999999995
2025-09-04 21:31:00,10087.339999999995,10087.339999999995
2025-09-04 22:31:00,10087.339999999995,10087.339999999995
2025-09-04 23:31:00,10087.339999999995,10087.339999999995
2025-09-05 01:32:00,10087.339999999995,10087.339999999995
2025-09-05 02:32:00,10087.339999999995,10087.339999999995
2025-09-05 03:32:00,10087.339999999995,10087.339999999995
2025-09-05 04:32:00,10087.339999999995,10087.339999999995
2025-09-05 05:32:00,10087.339999999995,10087.339999999995
2025-09-05 06:32:00,10087.339999999995,10087.339999999995
2025-09-05 07:32:00,10087.339999999995,10087.339999999995
2025-09-05 08:32:00,10087.339999999995,10087.339999999995
2025-09-05 09:32:00,10087.339999999995,10087.339999999995
2025-09-05 10:32:00,10087.339999999995,10087.339999999995
2025-09-05 11:32:00,10087.339999999995,10087.339999999995
2025-09-05 12:32:00,10087.339999999995,10087.339999999995
2025-09-05 13:32:00,10087.339999999995,10087.339999999995
2025-09-05 14:32:00,10087.339999999995,10087.339999999995
2025-09-05 15:32:00,10087.339999999995,10087.339999999995
2025-09-05 16:32:00,10087.339999999995,10087.339999999995
2025-09-05 17:32:00,10087.339999999995,10087.339999999995
2025-09-05 18:32:00,10087.339999999995,10087.339999999995
2025-09-05 19:32:00,10087.339999999995,10087.339999999995
2025-09-05 20:32:00,10087.339999999995,10087.339999999995
2025-09-05 21:32:00,10087.339999999995,10087.339999999995
2025-09-05 22:32:00,10087.339999999995,10087.339999999995
2025-09-05 23:32:00,10087.339999999995,10087.339999999995
2025-09-08 01:33:00,10087.339999999995,10087.339999999995
2025-09-08 02:33:00,10087.339999999995,10087.339999999995
2025-09-08 03:33:00,10087.339999999995,10087.339999999995
2025-09-08 04:33:00,10087.339999999995,10087.339999999995
2025-09-08 05:33:00,10087.339999999995,10087.339999999995
2025-09-08 06:33:00,10087.339999999995,10087.339999999995
2025-09-08 07:33:00,10087.339999999995,10087.339999999995
2025-09-08 08:33:00,10087.339999999995,10087.339999999995
2025-09-08 09:33:00,10087.339999999995,10087.339999999995
2025-09-08 10:33:00,10087.339999999995,10087.339999999995
2025-09-08 11:33:00,10087.339999999995,10087.339999999995
2025-09-08 12:33:00,10087.339999999995,10087.339999999995
2025-09-08 13:33:00,10087.339999999995,10087.339999999995
2025-09-08 14:33:00,10087.339999999995,10087.339999999995
2025-09-08 15:33:00,10087.339999999995,10087.339999999995
2025-09-08 16:33:00,10087.339999999995,10087.339999999995
2025-09-08 17:33:00,10087.339999999995,10087.339999999995
2025-09-08 18:33:00,10087.339999999995,10087.339999999995
2025-09-08 19:33:00,10087.339999999995,10087.339999999995
2025-09-08 20:33:00,10087.339999999995,10087.339999999995
2025-09-08 21:33:00,10087.339999999995,10087.339999999995
2025-09-08 22:33:00,10087.339999999995,10087.339999999995
2025-09-08 23:33:00,10087.339999999995,10087.339999999995
2025-09-09 01:34:00,10087.339999999995,10087.339999999995
2025-09-09 02:34:00,10087.339999999995,10087.339999999995
2025-09-09 03:34:00,10087.339999999995,10087.339999999995
2025-09-09 04:34:00,10087.339999999995,10087.339999999995
2025-09-09 05:34:00,10087.339999999995,10087.339999999995
2025-09-09 06:34:00,10087.339999999995,10087.339999999995
2025-09-09 07:34:00,10087.339999999995,10087.339999999995
2025-09-09 08:34:00,10087.339999999995,10087.339999999995
2025-09-09 09:34:00,10087.339999999995,10087.339999999995
2025-09-09 10:34:00,10087.339999999995,10087.339999999995
2025-09-09 11:34:00,10087.339999999995,10087.339999999995
2025-09-09 12:34:00,10087.339999999995,10087.339999999995
2025-09-09 13:34:00,10087.339999999995,10087.339999999995
2025-09-09 14:34:00,10087.339999999995,10087.339999999995
2025-09-09 15:34:00,10087.339999999995,10087.339999999995
2025-09-09 16:34:00,10087.339999999995,10087.339999999995
2025-09-09 17:34:00,10087.339999999995,10087.339999999995
2025-09-09 18:34:00,10087.339999999995,10087.339999999995
2025-09-09 19:34:00,10087.339999999995,10087.339999999995
2025-09-09 20:34:00,10087.339999999995,10087.339999999995
2025-09-09 21:34:00,10087.339999999995,10087.339999999995
2025-09-09 22:34:00,10087.339999999995,10087.339999999995
2025-09-09 23:34:00,10087.339999999995,10087.339999999995
2025-09-10 01:35:00,10087.339999999995,10087.339999999995
2025-09-10 02:35:00,10087.339999999995,10087.339999999995
2025-09-10 03:35:00,10087.339999999995,10087.339999999995
2025-09-10 04:35:00,10087.339999999995,10087.339999999995
2025-09-10 05:35:00,10087.339999999995,10087.339999999995
2025-09-10 06:35:00,10087.339999999995,10087.339999999995
2025-09-10 07:35:00,10087.339999999995,10087.339999999995
2025-09-10 08:35:00,10087.339999999995,10087.339999999995
2025-09-10 09:35:00,10087.339999999995,10087.339999999995
2025-09-10 10:35:00,10087.339999999995,10087.339999999995
2025-09-10 11:35:00,10087.339999999995,10087.339999999995
2025-09-10 12:35:00,10087.339999999995,10087.339999999995
2025-09-10 13:35:00,10087.339999999995,10087.339999999995
2025-09-10 14:35:00,10098.379999999996,10153.579999999994
2025-09-10 15:35:00,10122.559999999996,10184.839999999997
2025-09-10 16:35:00,10170.949999999997,10206.169999999996
2025-09-10 17:35:00,10170.949999999997,10183.969999999998
2025-09-10 18:35:00,10170.949999999997,10241.209999999997
2025-09-10 19:35:00,10170.949999999997,10271.509999999998
2025-09-10 20:35:00,10170.949999999997,10240.489999999998
2025-09-10 21:35:00,10170.949999999997,10228.729999999998
2025-09-10 22:35:00,10170.949999999997,10293.589999999997
2025-09-10 23:35:00,10170.949999999997,10276.249999999998
2025-09-11 01:36:00,10171.849999999997,10271.029999999999
2025-09-11 02:36:00,10171.849999999997,10258.429999999997
2025-09-11 03:36:00,10171.849999999997,10250.269999999995
2025-09-11 04:36:00,10171.849999999997,10253.809999999996
2025-09-11 05:36:00,10171.849999999997,10287.949999999997
2025-09-11 06:36:00,10171.849999999997,10321.909999999996
2025-09-11 07:36:00,10171.849999999997,10322.269999999995
2025-09-11 08:36:00,10171.849999999997,10325.809999999996
2025-09-11 09:36:00,10365.409999999998,10365.409999999998
2025-09-11 10:36:00,10365.409999999998,10365.409999999998
2025-09-11 11:36:00,10365.409999999998,10365.409999999998
2025-09-11 12:36:00,10365.409999999998,10365.409999999998
2025-09-11 13:36:00,10365.409999999998,10365.409999999998
2025-09-11 14:36:00,10365.409999999998,10365.409999999998
2025-09-11 15:36:00,10365.409999999998,10365.409999999998
2025-09-11 16:36:00,10365.409999999998,10365.409999999998
2025-09-11 17:36:00,10365.409999999998,10365.409999999998
2025-09-11 18:36:00,10365.409999999998,10365.409999999998
2025-09-11 19:36:00,10365.409999999998,10365.409999999998
2025-09-11 20:36:00,10365.409999999998,10365.409999999998
2025-09-11 21:36:00,10365.409999999998,10365.409999999998
2025-09-11 22:36:00,10365.409999999998,10365.409999999998
2025-09-11 23:36:00,10365.409999999998,10365.409999999998
2025-09-12 01:37:00,10365.409999999998,10365.409999999998
2025-09-12 02:37:00,10365.409999999998,10365.409999999998
2025-09-12 03:37:00,10365.409999999998,10365.409999999998
2025-09-12 04:37:00,10365.409999999998,10365.409999999998
2025-09-12 05:37:00,10365.409999999998,10365.409999999998
2025-09-12 06:37:00,10365.409999999998,10365.409999999998
2025-09-12 07:37:00,10365.409999999998,10365.409999999998
2025-09-12 08:37:00,10365.409999999998,10365.409999999998
2025-09-12 09:37:00,10365.409999999998,10365.409999999998
2025-09-12 10:37:00,10365.409999999998,10365.409999999998
2025-09-12 11:37:00,10365.409999999998,10365.409999999998
2025-09-12 12:37:00,10365.409999999998,10365.409999999998
2025-09-12 13:37:00,10365.409999999998,10365.409999999998
2025-09-12 14:37:00,10365.409999999998,10365.409999999998
2025-09-12 15:37:00,10365.409999999998,10365.409999999998
2025-09-12 16:37:00,10365.409999999998,10365.409999999998
2025-09-12 17:37:00,10365.409999999998,10365.409999999998
2025-09-12 18:37:00,10364.499999999998,10372.43
2025-09-12 19:37:00,10364.499999999998,10375.68
2025-09-12 20:37:00,10364.499999999998,10414.16
2025-09-12 21:37:00,10364.499999999998,10394.140000000001
2025-09-12 22:37:00,10364.499999999998,10346.689999999999
2025-09-12 23:37:00,10364.499999999998,10313.019999999997
2025-09-15 01:38:00,10357.999999999998,10296.900000000001
2025-09-15 02:38:00,10256.99,10256.99
2025-09-15 03:38:00,10256.99,10256.99
2025-09-15 04:38:00,10256.99,10256.99
2025-09-15 05:38:00,10256.99,10256.99
2025-09-15 06:38:00,10256.99,10256.99
2025-09-15 07:38:00,10256.99,10256.99
2025-09-15 08:38:00,10256.99,10256.99
2025-09-15 09:38:00,10256.99,10256.99
2025-09-15 10:38:00,10256.99,10256.99
2025-09-15 11:38:00,10256.99,10256.99
2025-09-15 12:38:00,10256.99,10256.99
2025-09-15 13:38:00,10256.99,10256.99
2025-09-15 14:38:00,10256.99,10256.99
2025-09-15 15:38:00,10256.99,10256.99
2025-09-15 16:38:00,10256.99,10256.99
2025-09-15 17:38:00,10256.99,10256.99
2025-09-15 18:38:00,10256.99,10256.99
2025-09-15 19:38:00,10256.99,10256.99
2025-09-15 20:38:00,10256.99,10256.99
2025-09-15 21:38:00,10256.99,10256.99
2025-09-15 22:38:00,10256.99,10256.99
2025-09-15 23:38:00,10256.99,10256.99
2025-09-16 01:39:00,10304.269999999999,10391.529999999997
2025-09-16 02:39:00,10304.269999999999,10386.259999999998
2025-09-16 03:39:00,10365.22,10466.45
2025-09-16 04:39:00,10391.359999999999,10448.509999999995
2025-09-16 05:39:00,10391.359999999999,10446.509999999998
2025-09-16 06:39:00,10390.859999999999,10440.759999999998
2025-09-16 07:39:00,10390.859999999999,10429.159999999998
2025-09-16 08:39:00,10390.859999999999,10441.06
2025-09-16 09:39:00,10390.859999999999,10465.21
2025-09-16 10:39:00,10390.859999999999,10468.46
2025-09-16 11:39:00,10390.859999999999,10495.21
2025-09-16 12:39:00,10512.76,10512.76
2025-09-16 13:39:00,10512.76,10512.76
2025-09-16 14:39:00,10512.76,10512.76
2025-09-16 15:39:00,10512.76,10512.76
2025-09-16 16:39:00,10512.76,10512.76
2025-09-16 17:39:00,10512.76,10512.76
2025-09-16 18:39:00,10512.76,10512.76
2025-09-16 19:39:00,10512.76,10512.76
2025-09-16 20:39:00,10512.76,10512.76
2025-09-16 21:39:00,10512.76,10512.76
2025-09-16 22:39:00,10512.76,10512.76
2025-09-16 23:39:00,10512.76,10512.76
2025-09-17 01:40:00,10512.76,10512.76
2025-09-17 02:40:00,10512.76,10512.76
2025-09-17 03:40:00,10512.76,10512.76
2025-09-17 04:40:00,10512.76,10512.76
2025-09-17 05:40:00,10512.76,10512.76
2025-09-17 06:40:00,10520.889999999989,10524.189999999979
2025-09-17 07:40:00,10520.889999999989,10544.28999999998
2025-09-17 08:40:00,10413.189999999984,10413.189999999984
2025-09-17 09:40:00,10413.189999999984,10413.189999999984
2025-09-17 10:40:00,10413.189999999984,10413.189999999984
2025-09-17 11:40:00,10413.189999999984,10413.189999999984
2025-09-17 12:40:00,10413.189999999984,10413.189999999984
2025-09-17 13:40:00,10413.189999999984,10413.189999999984
2025-09-17 14:40:00,10413.189999999984,10413.189999999984
2025-09-17 15:40:00,10413.189999999984,10413.189999999984
2025-09-17 16:40:00,10413.189999999984,10413.189999999984
2025-09-17 17:40:00,10413.189999999984,10413.189999999984
2025-09-17 18:40:00,10413.189999999984,10413.189999999984
2025-09-17 19:40:00,10413.189999999984,10413.189999999984
2025-09-17 20:40:00,10413.189999999984,10413.189999999984
2025-09-17 21:40:00,10413.189999999984,10413.189999999984
2025-09-17 22:40:00,10413.189999999984,10413.189999999984
2025-09-17 23:40:00,10413.189999999984,10413.189999999984
2025-09-18 01:41:00,10413.189999999984,10413.189999999984
2025-09-18 02:41:00,10413.189999999984,10413.189999999984
2025-09-18 03:41:00,10413.189999999984,10413.189999999984
2025-09-18 04:41:00,10413.189999999984,10413.189999999984
2025-09-18 05:41:00,10413.189999999984,10413.189999999984
2025-09-18 06:41:00,10413.189999999984,10413.189999999984
2025-09-18 07:41:00,10413.189999999984,10413.189999999984
2025-09-18 08:41:00,10413.189999999984,10413.189999999984
2025-09-18 09:41:00,10413.189999999984,10413.189999999984
2025-09-18 10:41:00,10313.609999999982,10313.609999999982
2025-09-18 11:41:00,10313.609999999982,10313.609999999982
2025-09-18 12:41:00,10313.609999999982,10313.609999999982
2025-09-18 13:41:00,10313.609999999982,10313.609999999982
2025-09-18 14:41:00,10313.609999999982,10313.609999999982
2025-09-18 15:41:00,10313.609999999982,10313.609999999982
2025-09-18 16:41:00,10313.609999999982,10313.609999999982
2025-09-18 17:41:00,10313.609999999982,10313.609999999982
2025-09-18 18:41:00,10313.609999999982,10313.609999999982
2025-09-18 19:41:00,10313.609999999982,10313.609999999982
2025-09-18 20:41:00,10313.609999999982,10313.609999999982
2025-09-18 21:41:00,10313.609999999982,10313.609999999982
2025-09-18 22:41:00,10313.609999999982,10313.609999999982
2025-09-18 23:41:00,10313.609999999982,10313.609999999982
2025-09-19 01:42:00,10313.609999999982,10313.609999999982
2025-09-19 02:42:00,10313.609999999982,10313.609999999982
2025-09-19 03:42:00,10313.609999999982,10313.609999999982
2025-09-19 04:42:00,10313.609999999982,10313.609999999982
2025-09-19 05:42:00,10313.609999999982,10313.609999999982
2025-09-19 06:42:00,10313.609999999982,10313.609999999982
2025-09-19 07:42:00,10313.609999999982,10313.609999999982
2025-09-19 08:42:00,10313.609999999982,10313.609999999982
2025-09-19 09:42:00,10313.609999999982,10313.609999999982
2025-09-19 10:42:00,10313.609999999982,10313.609999999982
2025-09-19 11:42:00,10313.609999999982,10313.609999999982
2025-09-19 12:42:00,10313.609999999982,10313.609999999982
2025-09-19 13:42:00,10313.609999999982,10313.609999999982
2025-09-19 14:42:00,10313.609999999982,10313.609999999982
2025-09-19 15:42:00,10313.609999999982,10313.609999999982
2025-09-19 16:42:00,10313.609999999982,10313.609999999982
2025-09-19 17:42:00,10313.609999999982,10313.609999999982
2025-09-19 18:42:00,10313.609999999982,10313.609999999982
2025-09-19 19:42:00,10313.609999999982,10313.609999999982
2025-09-19 20:42:00,10313.609999999982,10313.609999999982
2025-09-19 21:42:00,10313.609999999982,10313.609999999982
2025-09-19 22:42:00,10313.609999999982,10313.609999999982
2025-09-19 23:42:00,10313.609999999982,10313.609999999982
2025-09-22 01:43:00,10313.609999999982,10313.609999999982
2025-09-22 02:43:00,10313.609999999982,10313.609999999982
2025-09-22 03:43:00,10313.609999999982,10313.609999999982
2025-09-22 04:43:00,10313.609999999982,10313.609999999982
2025-09-22 05:43:00,10313.609999999982,10313.609999999982
2025-09-22 06:43:00,10313.609999999982,10313.609999999982
2025-09-22 07:43:00,10313.609999999982,10313.609999999982
2025-09-22 08:43:00,10313.609999999982,10313.609999999982
2025-09-22 09:43:00,10313.609999999982,10313.609999999982
2025-09-22 10:43:00,10313.609999999982,10313.609999999982
2025-09-22 11:43:00,10313.609999999982,10313.609999999982
2025-09-22 12:43:00,10313.609999999982,10313.609999999982
2025-09-22 13:43:00,10313.609999999982,10313.609999999982
2025-09-22 14:43:00,10313.609999999982,10313.609999999982
2025-09-22 15:43:00,10313.609999999982,10313.609999999982
2025-09-22 16:43:00,10313.609999999982,10313.609999999982
2025-09-22 17:43:00,10313.609999999982,10313.609999999982
2025-09-22 18:43:00,10313.609999999982,10313.609999999982
2025-09-22 19:43:00,10313.609999999982,10313.609999999982
2025-09-22 20:43:00,10313.609999999982,10313.609999999982
2025-09-22 21:43:00,10313.609999999982,10313.609999999982
2025-09-22 22:43:00,10336.389999999981,10408.749999999964
2025-09-22 23:43:00,10391.909999999978,10516.929999999977
2025-09-23 01:44:00,10279.04999999997,10279.04999999997
2025-09-23 02:44:00,10279.04999999997,10279.04999999997
2025-09-23 03:44:00,10279.04999999997,10279.04999999997
2025-09-23 04:44:00,10279.04999999997,10279.04999999997
2025-09-23 05:44:00,10279.04999999997,10279.04999999997
2025-09-23 06:44:00,10279.04999999997,10279.04999999997
2025-09-23 07:44:00,10279.04999999997,10279.04999999997
2025-09-23 08:44:00,10279.04999999997,10279.04999999997
2025-09-23 09:44:00,10279.04999999997,10279.04999999997
2025-09-23 10:44:00,10279.04999999997,10279.04999999997
2025-09-23 11:44:00,10279.04999999997,10279.04999999997
2025-09-23 12:44:00,10279.04999999997,10279.04999999997
2025-09-23 13:44:00,10279.04999999997,10279.04999999997
2025-09-23 14:44:00,10279.04999999997,10279.04999999997
2025-09-23 15:44:00,10279.04999999997,10279.04999999997
2025-09-23 16:44:00,10279.04999999997,10279.04999999997
2025-09-23 17:44:00,10279.04999999997,10279.04999999997
2025-09-23 18:44:00,10279.04999999997,10279.04999999997
2025-09-23 19:44:00,10290.87999999997,10368.75999999997
2025-09-23 20:44:00,10367.64999999997,10424.449999999972
2025-09-23 21:44:00,10367.64999999997,10436.29999999997
2025-09-23 22:44:00,10271.56999999997,10271.56999999997
2025-09-23 23:44:00,10271.56999999997,10271.56999999997
2025-09-24 01:45:00,10271.56999999997,10271.56999999997
2025-09-24 02:45:00,10271.56999999997,10271.56999999997
2025-09-24 03:45:00,10271.56999999997,10271.56999999997
2025-09-24 04:45:00,10271.56999999997,10271.56999999997
2025-09-24 05:45:00,10271.56999999997,10271.56999999997
2025-09-24 06:45:00,10271.56999999997,10271.56999999997
2025-09-24 07:45:00,10271.56999999997,10271.56999999997
2025-09-24 08:45:00,10271.56999999997,10271.56999999997
2025-09-24 09:45:00,10271.56999999997,10271.56999999997
2025-09-24 10:45:00,10271.56999999997,10271.56999999997
2025-09-24 11:45:00,10271.56999999997,10271.56999999997
2025-09-24 12:45:00,10271.56999999997,10271.56999999997
2025-09-24 13:45:00,10271.56999999997,10271.56999999997
2025-09-24 14:45:00,10271.56999999997,10271.56999999997
2025-09-24 15:45:00,10271.56999999997,10271.56999999997
2025-09-24 16:45:00,10271.56999999997,10271.56999999997
2025-09-24 17:45:00,10271.56999999997,10271.56999999997
2025-09-24 18:45:00,10271.56999999997,10271.56999999997
2025-09-24 19:45:00,10271.56999999997,10271.56999999997
2025-09-24 20:45:00,10271.56999999997,10271.56999999997
2025-09-24 21:45:00,10271.56999999997,10271.56999999997
2025-09-24 22:45:00,10271.56999999997,10271.56999999997
2025-09-24 23:45:00,10271.56999999997,10271.56999999997
2025-09-25 01:46:00,10271.56999999997,10271.56999999997
2025-09-25 02:46:00,10271.56999999997,10271.56999999997
2025-09-25 03:46:00,10271.56999999997,10271.56999999997
2025-09-25 04:46:00,10271.56999999997,10271.56999999997
2025-09-25 05:46:00,10271.56999999997,10271.56999999997
2025-09-25 06:46:00,10271.56999999997,10271.56999999997
2025-09-25 07:46:00,10271.56999999997,10271.56999999997
2025-09-25 08:46:00,10271.56999999997,10271.56999999997
2025-09-25 09:46:00,10271.56999999997,10271.56999999997
2025-09-25 10:46:00,10271.56999999997,10271.56999999997
2025-09-25 11:46:00,10271.56999999997,10271.56999999997
2025-09-25 12:46:00,10271.56999999997,10271.56999999997
2025-09-25 13:46:00,10271.56999999997,10271.56999999997
2025-09-25 14:46:00,10271.56999999997,10271.56999999997
2025-09-25 15:46:00,10271.56999999997,10271.56999999997
2025-09-25 16:46:00,10271.56999999997,10271.56999999997
2025-09-25 17:46:00,10309.739999999969,10365.339999999967
2025-09-25 18:46:00,10308.93999999997,10308.93999999997
2025-09-25 19:46:00,10308.93999999997,10308.93999999997
2025-09-25 20:46:00,10308.93999999997,10308.93999999997
2025-09-25 21:46:00,10205.009999999977,10205.009999999977
2025-09-25 22:46:00,10205.009999999977,10205.009999999977
2025-09-25 23:46:00,10205.009999999977,10205.009999999977
2025-09-26 01:47:00,10205.009999999977,10205.009999999977
2025-09-26 02:47:00,10205.009999999977,10205.009999999977
2025-09-26 03:47:00,10205.009999999977,10205.009999999977
2025-09-26 04:47:00,10205.009999999977,10205.009999999977
2025-09-26 05:47:00,10205.009999999977,10205.009999999977
2025-09-26 06:47:00,10205.009999999977,10205.009999999977
2025-09-26 07:47:00,10205.009999999977,10205.009999999977
2025-09-26 08:47:00,10217.289999999975,10262.48999999998
2025-09-26 09:47:00,10137.749999999982,10137.749999999982
2025-09-26 10:47:00,10137.749999999982,10137.749999999982
2025-09-26 11:47:00,10137.749999999982,10137.749999999982
2025-09-26 12:47:00,10137.749999999982,10137.749999999982
2025-09-26 13:47:00,10137.749999999982,10137.749999999982
2025-09-26 14:47:00,10137.749999999982,10137.749999999982
2025-09-26 15:47:00,10137.749999999982,10137.749999999982
2025-09-26 16:47:00,10137.749999999982,10137.749999999982
2025-09-26 17:47:00,10137.749999999982,10137.749999999982
2025-09-26 18:47:00,10137.749999999982,10137.749999999982
2025-09-26 19:47:00,10137.749999999982,10137.749999999982
2025-09-26 20:47:00,10137.749999999982,10137.749999999982
2025-09-26 21:47:00,10137.749999999982,10137.749999999982
2025-09-26 22:47:00,10137.749999999982,10137.749999999982
2025-09-26 23:47:00,10137.749999999982,10137.749999999982
2025-09-29 01:48:00,10137.749999999982,10137.749999999982
2025-09-29 02:48:00,10137.749999999982,10137.749999999982
2025-09-29 03:48:00,10137.749999999982,10137.749999999982
2025-09-29 04:48:00,10137.749999999982,10137.749999999982
2025-09-29 05:48:00,10137.749999999982,10137.749999999982
2025-09-29 06:48:00,10137.749999999982,10137.749999999982
2025-09-29 07:48:00,10137.749999999982,10137.749999999982
2025-09-29 08:48:00,10137.749999999982,10137.749999999982
2025-09-29 09:48:00,10137.749999999982,10137.749999999982
2025-09-29 10:48:00,10137.749999999982,10137.749999999982
2025-09-29 11:48:00,10137.749999999982,10137.749999999982
2025-09-29 12:48:00,10137.749999999982,10137.749999999982
2025-09-29 13:48:00,10137.749999999982,10137.749999999982
2025-09-29 14:48:00,10137.749999999982,10137.749999999982
2025-09-29 15:48:00,10137.749999999982,10137.749999999982
2025-09-29 16:48:00,10137.749999999982,10137.749999999982
2025-09-29 17:48:00,10137.749999999982,10137.749999999982
2025-09-29 18:48:00,10137.749999999982,10137.749999999982
2025-09-29 19:48:00,10137.749999999982,10137.749999999982
2025-09-29 20:48:00,10137.749999999982,10137.749999999982
2025-09-29 21:48:00,10137.749999999982,10137.749999999982
2025-09-29 22:48:00,10137.749999999982,10137.749999999982
2025-09-29 23:48:00,10137.749999999982,10137.749999999982
2025-09-30 01:49:00,10137.749999999982,10137.749999999982
2025-09-30 02:49:00,10137.749999999982,10137.749999999982
2025-09-30 03:49:00,10137.749999999982,10137.749999999982
2025-09-30 04:49:00,10137.749999999982,10137.749999999982
2025-09-30 05:49:00,10137.749999999982,10137.749999999982
2025-09-30 06:49:00,10137.749999999982,10137.749999999982
2025-09-30 07:49:00,10137.749999999982,10137.749999999982
2025-09-30 08:49:00,10137.749999999982,10137.749999999982
2025-09-30 09:49:00,10137.749999999982,10137.749999999982
2025-09-30 10:49:00,10137.749999999982,10137.749999999982
2025-09-30 11:49:00,10137.749999999982,10137.749999999982
2025-09-30 12:49:00,10137.749999999982,10137.749999999982
2025-09-30 13:49:00,10137.749999999982,10137.749999999982
2025-09-30 14:49:00,10137.749999999982,10137.749999999982
2025-09-30 15:49:00,10137.749999999982,10137.749999999982
2025-09-30 16:49:00,10136.559999999981,10041.189999999988
2025-09-30 17:49:00,9948.669999999987,9948.669999999987
2025-09-30 18:49:00,9959.549999999988,9996.509999999984
2025-09-30 19:49:00,10013.539999999988,10151.299999999985
2025-09-30 20:49:00,10013.539999999988,10084.799999999985
2025-09-30 21:49:00,10013.539999999988,10151.299999999985
2025-09-30 22:49:00,10036.599999999988,10244.679999999984
2025-09-30 23:49:00,10093.179999999986,10278.039999999986
2025-10-01 01:50:00,10125.799999999985,10286.659999999985
2025-10-01 02:50:00,10125.799999999985,10297.439999999984
2025-10-01 03:50:00,10125.799999999985,10306.329999999984
2025-10-01 04:50:00,10125.799999999985,10340.279999999984
2025-10-01 05:50:00,10125.799999999985,10326.629999999985
2025-10-01 06:50:00,10125.799999999985,10299.609999999984
2025-10-01 07:50:00,10125.799999999985,10291.979999999983
2025-10-01 08:50:00,10125.799999999985,10305.629999999985
2025-10-01 09:50:00,10125.799999999985,10301.359999999984
2025-10-01 10:50:00,10125.799999999985,10383.609999999984
2025-10-01 11:50:00,10423.509999999986,10423.509999999986
2025-10-01 12:50:00,10423.509999999986,10423.509999999986
2025-10-01 13:50:00,10423.509999999986,10423.509999999986
2025-10-01 14:50:00,10423.509999999986,10423.509999999986
2025-10-01 15:50:00,10423.509999999986,10423.509999999986
2025-10-01 16:50:00,10423.509999999986,10423.509999999986
2025-10-01 17:50:00,10423.509999999986,10423.509999999986
2025-10-01 18:50:00,10423.509999999986,10423.509999999986
2025-10-01 19:50:00,10423.509999999986,10423.509999999986
2025-10-01 20:50:00,10423.509999999986,10423.509999999986
2025-10-01 21:50:00,10423.509999999986,10423.509999999986
2025-10-01 22:50:00,10423.509999999986,10423.509999999986
2025-10-01 23:50:00,10423.509999999986,10423.509999999986
2025-10-02 01:51:00,10423.509999999986,10423.509999999986
2025-10-02 02:51:00,10423.509999999986,10423.509999999986
2025-10-02 03:51:00,10423.509999999986,10423.509999999986
2025-10-02 04:51:00,10423.509999999986,10423.509999999986
2025-10-02 05:51:00,10423.509999999986,10423.509999999986
2025-10-02 06:51:00,10423.509999999986,10423.509999999986
2025-10-02 07:51:00,10423.509999999986,10423.509999999986
2025-10-02 08:51:00,10423.509999999986,10423.509999999986
2025-10-02 09:51:00,10423.509999999986,10423.509999999986
2025-10-02 10:51:00,10423.509999999986,10423.509999999986
2025-10-02 11:51:00,10423.509999999986,10423.509999999986
2025-10-02 12:51:00,10423.509999999986,10423.509999999986
2025-10-02 13:51:00,10445.46999999999,10445.46999999999
2025-10-02 14:51:00,10445.46999999999,10445.46999999999
2025-10-02 15:51:00,10445.46999999999,10445.46999999999
2025-10-02 16:51:00,10445.46999999999,10445.46999999999
2025-10-02 17:51:00,10445.46999999999,10445.46999999999
2025-10-02 18:51:00,10445.46999999999,10445.46999999999
2025-10-02 19:51:00,10445.46999999999,10445.46999999999
2025-10-02 20:51:00,10445.46999999999,10445.46999999999
2025-10-02 21:51:00,10445.46999999999,10445.46999999999
2025-10-02 22:51:00,10445.46999999999,10445.46999999999
2025-10-02 23:51:00,10445.46999999999,10445.46999999999
2025-10-03 01:52:00,10445.46999999999,10445.46999999999
2025-10-03 02:52:00,10445.46999999999,10445.46999999999
2025-10-03 03:52:00,10445.46999999999,10445.46999999999
2025-10-03 04:52:00,10445.46999999999,10445.46999999999
2025-10-03 05:52:00,10445.46999999999,10445.46999999999
2025-10-03 06:52:00,10445.46999999999,10445.46999999999
2025-10-03 07:52:00,10445.46999999999,10445.46999999999
2025-10-03 08:52:00,10445.46999999999,10445.46999999999
2025-10-03 09:52:00,10445.46999999999,10445.46999999999
2025-10-03 10:52:00,10445.18999999999,10446.42999999999
2025-10-03 11:52:00,10445.18999999999,10455.26999999999
2025-10-03 12:52:00,10445.18999999999,10453.86999999999
2025-10-03 13:52:00,10445.18999999999,10432.66999999999
2025-10-03 14:52:00,10445.18999999999,10447.78999999999
2025-10-03 15:52:00,10445.18999999999,10420.98999999999
2025-10-03 16:52:00,10356.109999999988,10356.109999999988
2025-10-03 17:52:00,10356.109999999988,10356.109999999988
2025-10-03 18:52:00,10356.109999999988,10356.109999999988
2025-10-03 19:52:00,10356.109999999988,10356.109999999988
2025-10-03 20:52:00,10356.109999999988,10356.109999999988
2025-10-03 21:52:00,10356.109999999988,10356.109999999988
2025-10-03 22:52:00,10356.109999999988,10356.109999999988
2025-10-03 23:52:00,10356.109999999988,10356.109999999988
2025-10-06 01:53:00,10356.109999999988,10356.109999999988
2025-10-06 02:53:00,10356.109999999988,10356.109999999988
2025-10-06 03:53:00,10356.109999999988,10356.109999999988
2025-10-06 04:53:00,10356.109999999988,10356.109999999988
2025-10-06 05:53:00,10356.109999999988,10356.109999999988
2025-10-06 06:53:00,10356.109999999988,10356.109999999988
2025-10-06 07:53:00,10356.109999999988,10356.109999999988
2025-10-06 08:53:00,10356.109999999988,10356.109999999988
2025-10-06 09:53:00,10356.109999999988,10356.109999999988
2025-10-06 10:53:00,10356.109999999988,10356.109999999988
2025-10-06 11:53:00,10356.109999999988,10356.109999999988
2025-10-06 12:53:00,10356.109999999988,10356.109999999988
2025-10-06 13:53:00,10356.109999999988,10356.109999999988
2025-10-06 14:53:00,10356.109999999988,10356.109999999988
2025-10-06 15:53:00,10356.109999999988,10356.109999999988
2025-10-06 16:53:00,10356.109999999988,10356.109999999988
2025-10-06 17:53:00,10356.109999999988,10356.109999999988
2025-10-06 18:53:00,10356.109999999988,10356.109999999988
2025-10-06 19:53:00,10356.109999999988,10356.109999999988
2025-10-06 20:53:00,10356.109999999988,10356.109999999988
2025-10-06 21:53:00,10356.109999999988,10356.109999999988
2025-10-06 22:53:00,10356.109999999988,10356.109999999988
2025-10-06 23:53:00,10356.109999999988,10356.109999999988
2025-10-07 01:54:00,10356.109999999988,10356.109999999988
2025-10-07 02:54:00,10356.109999999988,10356.109999999988
2025-10-07 03:54:00,10356.109999999988,10356.109999999988
2025-10-07 04:54:00,10356.109999999988,10356.109999999988
2025-10-07 05:54:00,10356.109999999988,10356.109999999988
2025-10-07 06:54:00,10356.109999999988,10356.109999999988
2025-10-07 07:54:00,10356.109999999988,10356.109999999988
2025-10-07 08:54:00,10356.109999999988,10356.109999999988
2025-10-07 09:54:00,10356.109999999988,10356.109999999988
2025-10-07 10:54:00,10356.109999999988,10356.109999999988
2025-10-07 11:54:00,10356.109999999988,10356.109999999988
2025-10-07 12:54:00,10356.109999999988,10356.109999999988
2025-10-07 13:54:00,10356.109999999988,10356.109999999988
2025-10-07 14:54:00,10356.109999999988,10356.109999999988
2025-10-07 15:54:00,10356.109999999988,10356.109999999988
2025-10-07 16:54:00,10356.109999999988,10356.109999999988
2025-10-07 17:54:00,10356.109999999988,10356.109999999988
2025-10-07 18:54:00,10356.109999999988,10356.109999999988
2025-10-07 19:54:00,10356.109999999988,10356.109999999988
2025-10-07 20:54:00,10356.109999999988,10356.109999999988
2025-10-07 21:54:00,10356.109999999988,10356.109999999988
2025-10-07 22:54:00,10356.109999999988,10356.109999999988
2025-10-07 23:54:00,10356.109999999988,10356.109999999988
2025-10-08 01:55:00,10356.109999999988,10356.109999999988
2025-10-08 02:55:00,10356.109999999988,10356.109999999988
2025-10-08 03:55:00,10356.109999999988,10356.109999999988
2025-10-08 04:55:00,10356.109999999988,10356.109999999988
2025-10-08 05:55:00,10356.109999999988,10356.109999999988
2025-10-08 06:55:00,10356.109999999988,10356.109999999988
2025-10-08 07:55:00,10356.109999999988,10356.109999999988
2025-10-08 08:55:00,10356.109999999988,10356.109999999988
2025-10-08 09:55:00,10356.109999999988,10356.109999999988
2025-10-08 10:55:00,10356.109999999988,10356.109999999988
2025-10-08 11:55:00,10356.109999999988,10356.109999999988
2025-10-08 12:55:00,10356.109999999988,10356.109999999988
2025-10-08 13:55:00,10356.109999999988,10356.109999999988
2025-10-08 14:55:00,10356.109999999988,10356.109999999988
2025-10-08 15:55:00,10356.109999999988,10356.109999999988
2025-10-08 16:55:00,10356.109999999988,10356.109999999988
2025-10-08 17:55:00,10356.109999999988,10356.109999999988
2025-10-08 18:55:00,10356.109999999988,10356.109999999988
2025-10-08 19:55:00,10356.109999999988,10356.109999999988
2025-10-08 20:55:00,10356.109999999988,10356.109999999988
2025-10-08 21:55:00,10356.109999999988,10356.109999999988
2025-10-08 22:55:00,10356.109999999988,10356.109999999988
2025-10-08 23:55:00,10356.109999999988,10356.109999999988
2025-10-09 01:56:00,10356.109999999988,10356.109999999988
2025-10-09 02:56:00,10356.109999999988,10356.109999999988
2025-10-09 03:56:00,10356.109999999988,10356.109999999988
2025-10-09 04:56:00,10388.599999999988,10414.289999999985
2025-10-09 05:56:00,10284.389999999983,10284.389999999983
2025-10-09 06:56:00,10284.389999999983,10284.389999999983
2025-10-09 07:56:00,10284.389999999983,10284.389999999983
2025-10-09 08:56:00,10284.389999999983,10284.389999999983
2025-10-09 09:56:00,10284.389999999983,10284.389999999983
2025-10-09 10:56:00,10284.389999999983,10284.389999999983
2025-10-09 11:56:00,10284.389999999983,10284.389999999983
2025-10-09 12:56:00,10284.389999999983,10284.389999999983
2025-10-09 13:56:00,10284.389999999983,10284.389999999983
2025-10-09 14:56:00,10284.389999999983,10284.389999999983
2025-10-09 15:56:00,10283.059999999983,10252.46999999999
2025-10-09 16:56:00,10180.649999999985,10180.649999999985
2025-10-09 17:56:00,10180.649999999985,10180.649999999985
2025-10-09 18:56:00,10180.649999999985,10180.649999999985
2025-10-09 19:56:00,10180.649999999985,10180.649999999985
2025-10-09 20:56:00,10180.649999999985,10180.649999999985
2025-10-09 21:56:00,10180.649999999985,10180.649999999985
2025-10-09 22:56:00,10180.509999999986,10177.189999999984
2025-10-09 23:56:00,10180.509999999986,10177.309999999987
2025-10-10 01:57:00,10192.919999999987,10238.21999999999
2025-10-10 02:57:00,10217.559999999987,10303.089999999987
2025-10-10 03:57:00,10268.539999999986,10286.99999999999
2025-10-10 04:57:00,10313.269999999986,10391.529999999988
2025-10-10 05:57:00,10313.269999999986,10404.829999999989
2025-10-10 06:57:00,10372.579999999987,10459.369999999988
2025-10-10 07:57:00,10491.799999999988,10509.599999999988
2025-10-10 08:57:00,10491.799999999988,10494.979999999989
2025-10-10 09:57:00,10491.799999999988,10502.51999999999
2025-10-10 10:57:00,10491.799999999988,10487.83999999999
2025-10-10 11:57:00,10491.799999999988,10454.539999999988
2025-10-10 12:57:00,10491.799999999988,10445.959999999988
2025-10-10 13:57:00,10491.799999999988,10450.099999999988
2025-10-10 14:57:00,10533.069999999989,10536.369999999988
2025-10-10 15:57:00,10545.52999999999,10536.649999999989
2025-10-10 16:57:00,10544.529999999992,10539.249999999993
2025-10-10 17:57:00,10555.619999999994,10533.399999999994
2025-10-10 18:57:00,10484.359999999993,10484.359999999993
2025-10-10 19:57:00,10484.359999999993,10484.359999999993
2025-10-10 20:57:00,10484.359999999993,10484.359999999993
2025-10-10 21:57:00,10484.359999999993,10484.359999999993
2025-10-10 22:57:00,10484.359999999993,10484.359999999993
2025-10-10 23:57:00,10484.359999999993,10484.359999999993
2025-10-13 01:58:00,10494.529999999992,10432.079999999994
2025-10-13 02:58:00,10306.029999999992,10306.029999999992
2025-10-13 03:58:00,10306.029999999992,10306.029999999992
2025-10-13 04:58:00,10306.029999999992,10306.029999999992
2025-10-13 05:58:00,10306.029999999992,10306.029999999992
2025-10-13 06:58:00,10306.029999999992,10306.029999999992
2025-10-13 07:58:00,10306.029999999992,10306.029999999992
2025-10-13 08:58:00,10306.029999999992,10306.029999999992
2025-10-13 09:58:00,10306.029999999992,10306.029999999992
2025-10-13 10:58:00,10306.029999999992,10306.029999999992
2025-10-13 11:58:00,10306.029999999992,10306.029999999992
2025-10-13 12:58:00,10306.029999999992,10306.029999999992
2025-10-13 13:58:00,10306.029999999992,10306.029999999992
2025-10-13 14:58:00,10306.029999999992,10306.029999999992
2025-10-13 15:58:00,10306.029999999992,10306.029999999992
2025-10-13 16:58:00,10306.029999999992,10306.029999999992
2025-10-13 17:58:00,10306.029999999992,10306.029999999992
2025-10-13 18:58:00,10306.029999999992,10306.029999999992
2025-10-13 19:58:00,10306.029999999992,10306.029999999992
2025-10-13 20:58:00,10306.029999999992,10306.029999999992
2025-10-13 21:58:00,10306.029999999992,10306.029999999992
2025-10-13 22:58:00,10306.029999999992,10306.029999999992
2025-10-13 23:58:00,10306.029999999992,10306.029999999992
2025-10-14 01:59:00,10306.029999999992,10306.029999999992
2025-10-14 02:59:00,10306.029999999992,10306.029999999992
2025-10-14 03:59:00,10306.029999999992,10306.029999999992
2025-10-14 04:59:00,10205.09,10205.09
2025-10-14 05:59:00,10205.09,10205.09
2025-10-14 06:59:00,10205.09,10205.09
2025-10-14 07:59:00,10205.09,10205.09
2025-10-14 08:59:00,10205.09,10205.09
2025-10-14 09:59:00,10205.09,10205.09
2025-10-14 10:59:00,10205.09,10205.09
2025-10-14 11:59:00,10204.810000000001,10176.410000000002
2025-10-14 12:59:00,10204.810000000001,10243.410000000002
2025-10-14 13:59:00,10204.810000000001,10226.050000000001
2025-10-14 14:59:00,10204.810000000001,10230.85
2025-10-14 15:59:00,10204.810000000001,10326.609999999999
2025-10-14 16:59:00,10305.789999999997,10433.849999999995
2025-10-14 17:59:00,10422.129999999996,10453.129999999994
2025-10-14 18:59:00,10422.129999999996,10418.089999999993
2025-10-14 19:59:00,10422.129999999996,10408.889999999996
2025-10-14 20:59:00,10422.129999999996,10377.369999999995
2025-10-14 21:59:00,10422.129999999996,10377.209999999995
2025-10-14 22:59:00,10422.129999999996,10404.249999999996
2025-10-15 01:00:00,10423.929999999995,10396.649999999994
2025-10-15 02:00:00,10423.579999999994,10350.52
2025-10-15 03:00:00,10423.579999999994,10333.869999999995
2025-10-15 04:00:00,10423.579999999994,10265.199999999995
2025-10-15 05:00:00,10163.939999999997,10163.939999999997
2025-10-15 06:00:00,10163.309999999998,10198.319999999992
2025-10-15 07:00:00,10202.789999999997,10265.989999999994
2025-10-15 08:00:00,10202.289999999995,10202.289999999995
2025-10-15 09:00:00,10202.289999999995,10202.289999999995
2025-10-15 10:00:00,10202.289999999995,10202.289999999995
2025-10-15 11:00:00,10202.289999999995,10202.289999999995
2025-10-15 12:00:00,10202.289999999995,10202.289999999995
2025-10-15 13:00:00,10202.289999999995,10202.289999999995
2025-10-15 14:00:00,10202.289999999995,10202.289999999995
2025-10-15 15:00:00,10202.289999999995,10202.289999999995
2025-10-15 16:00:00,10202.289999999995,10202.289999999995
2025-10-15 17:00:00,10202.289999999995,10202.289999999995
2025-10-15 18:00:00,10202.289999999995,10202.289999999995
2025-10-15 19:00:00,10301.419999999995,10361.299999999997
2025-10-15 20:00:00,10301.419999999995,10393.519999999997
2025-10-15 21:00:00,10301.419999999995,10407.979999999996
2025-10-15 22:00:00,10439.359999999999,10439.359999999999
2025-10-15 23:00:00,10439.359999999999,10439.359999999999
2025-10-16 01:01:00,10439.359999999999,10439.359999999999
2025-10-16 02:01:00,10439.359999999999,10439.359999999999
2025-10-16 03:01:00,10439.359999999999,10439.359999999999
2025-10-16 04:01:00,10439.359999999999,10439.359999999999
2025-10-16 05:01:00,10439.359999999999,10439.359999999999
2025-10-16 06:01:00,10439.359999999999,10439.359999999999
2025-10-16 07:01:00,10439.359999999999,10439.359999999999
2025-10-16 08:01:00,10439.359999999999,10439.359999999999
2025-10-16 09:01:00,10439.359999999999,10439.359999999999
2025-10-16 10:01:00,10439.359999999999,10439.359999999999
2025-10-16 11:01:00,10439.359999999999,10439.359999999999
2025-10-16 12:01:00,10439.359999999999,10439.359999999999
2025-10-16 13:01:00,10439.359999999999,10439.359999999999
2025-10-16 14:01:00,10439.359999999999,10439.359999999999
2025-10-16 15:01:00,10439.359999999999,10439.359999999999
2025-10-16 16:01:00,10461.399999999996,10638.039999999995
2025-10-16 17:01:00,10601.919999999996,10782.959999999997
2025-10-16 18:01:00,10616.619999999995,10915.47
2025-10-16 19:01:00,10647.699999999993,11098.41999999999
2025-10-16 20:01:00,11084.62999999999,11170.48999999999
2025-10-16 21:01:00,11208.88999999999,11208.88999999999
2025-10-16 22:01:00,11208.88999999999,11208.88999999999
2025-10-16 23:01:00,11208.88999999999,11208.88999999999
2025-10-17 01:02:00,11208.88999999999,11208.88999999999
2025-10-17 02:02:00,11208.88999999999,11208.88999999999
2025-10-17 03:02:00,11208.88999999999,11208.88999999999
2025-10-17 04:02:00,11208.88999999999,11208.88999999999
2025-10-17 05:02:00,11208.88999999999,11208.88999999999
2025-10-17 06:02:00,11208.88999999999,11208.88999999999
2025-10-17 07:02:00,11208.88999999999,11208.88999999999
2025-10-17 08:02:00,11208.88999999999,11208.88999999999
2025-10-17 09:02:00,11208.88999999999,11208.88999999999
2025-10-17 10:02:00,11208.88999999999,11208.88999999999
2025-10-17 11:02:00,11208.88999999999,11208.88999999999
2025-10-17 12:02:00,11208.88999999999,11208.88999999999
2025-10-17 13:02:00,11208.88999999999,11208.88999999999
2025-10-17 14:02:00,11208.88999999999,11208.88999999999
2025-10-17 15:02:00,11208.88999999999,11208.88999999999
2025-10-17 16:02:00,11208.88999999999,11208.88999999999
2025-10-17 17:02:00,11208.88999999999,11208.88999999999
2025-10-17 18:02:00,11208.88999999999,11208.88999999999
2025-10-17 19:02:00,11208.88999999999,11208.88999999999
2025-10-17 20:02:00,11208.88999999999,11208.88999999999
2025-10-17 21:02:00,11208.88999999999,11208.88999999999
2025-10-17 22:02:00,11208.88999999999,11208.88999999999
2025-10-17 23:02:00,11208.88999999999,11208.88999999999
2025-10-20 01:03:00,11208.88999999999,11208.88999999999
2025-10-20 02:03:00,11208.88999999999,11208.88999999999
2025-10-20 03:03:00,11208.88999999999,11208.88999999999
2025-10-20 04:03:00,11208.88999999999,11208.88999999999
2025-10-20 05:03:00,11208.88999999999,11208.88999999999
2025-10-20 06:03:00,11208.88999999999,11208.88999999999
2025-10-20 07:03:00,11208.88999999999,11208.88999999999
2025-10-20 08:03:00,11208.88999999999,11208.88999999999
2025-10-20 09:03:00,11208.88999999999,11208.88999999999
2025-10-20 10:03:00,11208.88999999999,11208.88999999999
2025-10-20 11:03:00,11208.88999999999,11208.88999999999
2025-10-20 12:03:00,11208.88999999999,11208.88999999999
2025-10-20 13:03:00,11208.88999999999,11208.88999999999
2025-10-20 14:03:00,11286.979999999987,11383.719999999985
2025-10-20 15:03:00,11393.359999999984,11667.049999999983
2025-10-20 16:03:00,11790.119999999979,11790.119999999979
2025-10-20 17:03:00,11790.119999999979,11790.119999999979
2025-10-20 18:03:00,11790.119999999979,11790.119999999979
2025-10-20 19:03:00,11790.119999999979,11790.119999999979
2025-10-20 20:03:00,11790.119999999979,11790.119999999979
2025-10-20 21:03:00,11790.119999999979,11790.119999999979
2025-10-20 22:03:00,11790.119999999979,11790.119999999979
2025-10-20 23:03:00,11790.119999999979,11790.119999999979
2025-10-21 01:04:00,11789.419999999978,11787.81999999998
2025-10-21 02:04:00,11815.23999999997,11815.23999999997
2025-10-21 03:04:00,11815.23999999997,11815.23999999997
2025-10-21 04:04:00,11815.23999999997,11815.23999999997
2025-10-21 05:04:00,11815.23999999997,11815.23999999997
2025-10-21 06:04:00,11815.23999999997,11815.23999999997
2025-10-21 07:04:00,11815.23999999997,11815.23999999997
2025-10-21 08:04:00,11815.23999999997,11815.23999999997
2025-10-21 09:04:00,11815.23999999997,11815.23999999997
2025-10-21 10:04:00,11815.23999999997,11815.23999999997
2025-10-21 11:04:00,11715.28999999997,11715.28999999997
2025-10-21 12:04:00,11715.28999999997,11715.28999999997
2025-10-21 13:04:00,11715.28999999997,11715.28999999997
2025-10-21 14:04:00,11715.28999999997,11715.28999999997
2025-10-21 15:04:00,11715.28999999997,11715.28999999997
2025-10-21 16:04:00,11715.28999999997,11715.28999999997
2025-10-21 17:04:00,11715.28999999997,11715.28999999997
2025-10-21 18:04:00,11715.28999999997,11715.28999999997
2025-10-21 19:04:00,11715.28999999997,11715.28999999997
2025-10-21 20:04:00,11715.28999999997,11715.28999999997
2025-10-21 21:04:00,11715.28999999997,11715.28999999997
2025-10-21 22:04:00,11715.28999999997,11715.28999999997
2025-10-21 23:04:00,11715.28999999997,11715.28999999997
2025-10-22 01:05:00,11715.28999999997,11715.28999999997
2025-10-22 02:05:00,11715.28999999997,11715.28999999997
2025-10-22 03:05:00,11715.28999999997,11715.28999999997
2025-10-22 04:05:00,11715.28999999997,11715.28999999997
2025-10-22 05:05:00,11715.28999999997,11715.28999999997
2025-10-22 06:05:00,11715.28999999997,11715.28999999997
2025-10-22 07:05:00,11715.28999999997,11715.28999999997
2025-10-22 08:05:00,11715.28999999997,11715.28999999997
2025-10-22 09:05:00,11715.28999999997,11715.28999999997
2025-10-22 10:05:00,11715.28999999997,11715.28999999997
2025-10-22 11:05:00,11715.28999999997,11715.28999999997
2025-10-22 12:05:00,11715.28999999997,11715.28999999997
2025-10-22 13:05:00,11715.28999999997,11715.28999999997
2025-10-22 14:05:00,11715.28999999997,11715.28999999997
2025-10-22 15:05:00,11715.28999999997,11715.28999999997
2025-10-22 16:05:00,11715.28999999997,11715.28999999997
2025-10-22 17:05:00,11723.88999999997,11723.88999999997
2025-10-22 18:05:00,11723.88999999997,11723.88999999997
2025-10-22 19:05:00,11723.88999999997,11723.88999999997
2025-10-22 20:05:00,11723.88999999997,11723.88999999997
2025-10-22 21:05:00,11723.88999999997,11723.88999999997
2025-10-22 22:05:00,11723.88999999997,11723.88999999997
2025-10-22 23:05:00,11723.88999999997,11723.88999999997
2025-10-23 01:06:00,11723.88999999997,11723.88999999997
2025-10-23 02:06:00,11723.88999999997,11723.88999999997
2025-10-23 03:06:00,11723.88999999997,11723.88999999997
2025-10-23 04:06:00,11723.88999999997,11723.88999999997
2025-10-23 05:06:00,11629.089999999966,11629.089999999966
2025-10-23 06:06:00,11629.089999999966,11629.089999999966
2025-10-23 07:06:00,11629.089999999966,11629.089999999966
2025-10-23 08:06:00,11629.089999999966,11629.089999999966
2025-10-23 09:06:00,11628.389999999965,11575.28999999996
2025-10-23 10:06:00,11525.029999999966,11592.349999999962
2025-10-23 11:06:00,11550.409999999965,11616.019999999962
2025-10-23 12:06:00,11550.409999999965,11608.429999999964
2025-10-23 13:06:00,11550.409999999965,11590.909999999965
2025-10-23 14:06:00,11595.39999999997,11648.619999999966
2025-10-23 15:06:00,11595.39999999997,11658.369999999966
2025-10-23 16:06:00,11595.09999999997,11595.09999999997
2025-10-23 17:06:00,11594.749999999969,11517.949999999966
2025-10-23 18:06:00,11594.749999999969,11540.799999999965
2025-10-23 19:06:00,11594.749999999969,11533.499999999964
2025-10-23 20:06:00,11594.749999999969,11589.649999999967
2025-10-23 21:06:00,11594.749999999969,11579.549999999965
2025-10-23 22:06:00,11594.749999999969,11595.299999999967
2025-10-23 23:06:00,11607.439999999968,11676.879999999966
2025-10-24 01:07:00,11633.269999999968,11667.499999999967
2025-10-24 02:07:00,11633.269999999968,11691.889999999967
2025-10-24 03:07:00,11633.269999999968,11657.809999999965
2025-10-24 04:07:00,11632.969999999967,11632.969999999967
2025-10-24 05:07:00,11632.969999999967,11632.969999999967
2025-10-24 06:07:00,11632.969999999967,11632.969999999967
2025-10-24 07:07:00,11632.969999999967,11632.969999999967
2025-10-24 08:07:00,11632.969999999967,11632.969999999967
2025-10-24 09:07:00,11632.969999999967,11632.969999999967
2025-10-24 10:07:00,11632.969999999967,11632.969999999967
2025-10-24 11:07:00,11632.969999999967,11632.969999999967
2025-10-24 12:07:00,11632.969999999967,11632.969999999967
2025-10-24 13:07:00,11632.969999999967,11632.969999999967
2025-10-24 14:07:00,11632.969999999967,11632.969999999967
2025-10-24 15:07:00,11632.969999999967,11632.969999999967
2025-10-24 16:07:00,11632.969999999967,11632.969999999967
2025-10-24 17:07:00,11641.219999999967,11688.919999999966
2025-10-24 18:07:00,11658.699999999966,11729.249999999964
2025-10-24 19:07:00,11658.699999999966,11795.399999999967
2025-10-24 20:07:00,11658.699999999966,11776.699999999968
2025-10-24 21:07:00,11658.199999999964,11658.199999999964
2025-10-24 22:07:00,11658.199999999964,11658.199999999964
2025-10-24 23:07:00,11658.199999999964,11658.199999999964
2025-10-27 00:08:00,11658.199999999964,11658.199999999964
2025-10-27 01:08:00,11549.299999999963,11549.299999999963
2025-10-27 02:08:00,11549.299999999963,11549.299999999963
2025-10-27 03:08:00,11549.299999999963,11549.299999999963
2025-10-27 04:08:00,11549.299999999963,11549.299999999963
2025-10-27 05:08:00,11549.299999999963,11549.299999999963
2025-10-27 06:08:00,11549.299999999963,11549.299999999963
2025-10-27 07:08:00,11549.299999999963,11549.299999999963
2025-10-27 08:08:00,11549.299999999963,11549.299999999963
2025-10-27 09:08:00,11549.299999999963,11549.299999999963
2025-10-27 10:08:00,11549.299999999963,11549.299999999963
2025-10-27 11:08:00,11549.299999999963,11549.299999999963
2025-10-27 12:08:00,11549.299999999963,11549.299999999963
2025-10-27 13:08:00,11549.299999999963,11549.299999999963
2025-10-27 14:08:00,11549.299999999963,11549.299999999963
2025-10-27 15:08:00,11549.299999999963,11549.299999999963
2025-10-27 16:08:00,11549.299999999963,11549.299999999963
2025-10-27 17:08:00,11549.299999999963,11549.299999999963
2025-10-27 18:08:00,11549.299999999963,11549.299999999963
2025-10-27 19:08:00,11549.299999999963,11549.299999999963
2025-10-27 20:08:00,11549.299999999963,11549.299999999963
2025-10-27 21:08:00,11549.299999999963,11549.299999999963
2025-10-27 22:08:00,11549.299999999963,11549.299999999963
2025-10-28 00:09:00,11549.299999999963,11549.299999999963
2025-10-28 01:09:00,11549.299999999963,11549.299999999963
2025-10-28 02:09:00,11549.299999999963,11549.299999999963
2025-10-28 03:09:00,11549.299999999963,11549.299999999963
2025-10-28 04:09:00,11549.299999999963,11549.299999999963
2025-10-28 05:09:00,11549.299999999963,11549.299999999963
2025-10-28 06:09:00,11549.299999999963,11549.299999999963
2025-10-28 07:09:00,11549.299999999963,11549.299999999963
2025-10-28 08:09:00,11549.299999999963,11549.299999999963
2025-10-28 09:09:00,11549.299999999963,11549.299999999963
2025-10-28 10:09:00,11549.299999999963,11549.299999999963
2025-10-28 11:09:00,11549.299999999963,11549.299999999963
2025-10-28 12:09:00,11549.299999999963,11549.299999999963
2025-10-28 13:09:00,11549.299999999963,11549.299999999963
2025-10-28 14:09:00,11549.299999999963,11549.299999999963
2025-10-28 15:09:00,11549.299999999963,11549.299999999963
2025-10-28 16:09:00,11549.299999999963,11549.299999999963
2025-10-28 17:09:00,11549.299999999963,11549.299999999963
2025-10-28 18:09:00,11549.299999999963,11549.299999999963
2025-10-28 19:09:00,11549.299999999963,11549.299999999963
2025-10-28 20:09:00,11549.299999999963,11549.299999999963
2025-10-28 21:09:00,11549.299999999963,11549.299999999963
2025-10-28 22:09:00,11549.299999999963,11549.299999999963
2025-10-29 00:10:00,11548.879999999963,11604.019999999964
2025-10-29 01:10:00,11559.259999999962,11559.259999999962
2025-10-29 02:10:00,11559.259999999962,11559.259999999962
2025-10-29 03:10:00,11559.259999999962,11559.259999999962
2025-10-29 04:10:00,11559.259999999962,11559.259999999962
2025-10-29 05:10:00,11559.259999999962,11559.259999999962
2025-10-29 06:10:00,11559.259999999962,11559.259999999962
2025-10-29 07:10:00,11559.259999999962,11559.259999999962
2025-10-29 08:10:00,11559.259999999962,11559.259999999962
2025-10-29 09:10:00,11559.259999999962,11559.259999999962
2025-10-29 10:10:00,11559.259999999962,11559.259999999962
2025-10-29 11:10:00,11559.259999999962,11559.259999999962
2025-10-29 12:10:00,11559.259999999962,11559.259999999962
2025-10-29 13:10:00,11559.259999999962,11559.259999999962
2025-10-29 14:10:00,11559.259999999962,11559.259999999962
2025-10-29 15:10:00,11559.259999999962,11559.259999999962
2025-10-29 16:10:00,11559.259999999962,11559.259999999962
2025-10-29 17:10:00,11559.259999999962,11559.259999999962
2025-10-29 18:10:00,11443.459999999955,11443.459999999955
2025-10-29 19:10:00,11443.459999999955,11443.459999999955
2025-10-29 20:10:00,11443.459999999955,11443.459999999955
2025-10-29 21:10:00,11443.459999999955,11443.459999999955
2025-10-29 22:10:00,11443.459999999955,11443.459999999955
2025-10-30 00:11:00,11443.459999999955,11443.459999999955
2025-10-30 01:11:00,11443.459999999955,11443.459999999955
2025-10-30 02:11:00,11443.459999999955,11443.459999999955
2025-10-30 03:11:00,11443.459999999955,11443.459999999955
2025-10-30 04:11:00,11443.459999999955,11443.459999999955
2025-10-30 05:11:00,11443.459999999955,11443.459999999955
2025-10-30 06:11:00,11443.459999999955,11443.459999999955
2025-10-30 07:11:00,11443.459999999955,11443.459999999955
2025-10-30 08:11:00,11443.459999999955,11443.459999999955
2025-10-30 09:11:00,11443.459999999955,11443.459999999955
2025-10-30 10:11:00,11443.459999999955,11443.459999999955
2025-10-30 11:11:00,11443.459999999955,11443.459999999955
2025-10-30 12:11:00,11443.459999999955,11443.459999999955
2025-10-30 13:11:00,11332.219999999958,11332.219999999958
2025-10-30 14:11:00,11332.219999999958,11332.219999999958
2025-10-30 15:11:00,11332.219999999958,11332.219999999958
2025-10-30 16:11:00,11332.219999999958,11332.219999999958
2025-10-30 17:11:00,11332.219999999958,11332.219999999958
2025-10-30 18:11:00,11332.219999999958,11332.219999999958
2025-10-30 19:11:00,11332.219999999958,11332.219999999958
2025-10-30 20:11:00,11332.219999999958,11332.219999999958
2025-10-30 21:11:00,11332.219999999958,11332.219999999958
2025-10-30 22:11:00,11332.219999999958,11332.219999999958
2025-10-31 00:12:00,11332.219999999958,11332.219999999958
2025-10-31 01:12:00,11332.219999999958,11332.219999999958
2025-10-31 02:12:00,11372.639999999958,11435.039999999955
2025-10-31 03:12:00,11427.369999999957,11427.369999999957
2025-10-31 04:12:00,11427.369999999957,11427.369999999957
2025-10-31 05:12:00,11427.369999999957,11427.369999999957
2025-10-31 06:12:00,11427.369999999957,11427.369999999957
2025-10-31 07:12:00,11427.369999999957,11427.369999999957
2025-10-31 08:12:00,11427.369999999957,11427.369999999957
2025-10-31 09:12:00,11427.369999999957,11427.369999999957
2025-10-31 10:12:00,11427.369999999957,11427.369999999957
2025-10-31 11:12:00,11427.369999999957,11427.369999999957
2025-10-31 12:12:00,11427.369999999957,11427.369999999957
2025-10-31 13:12:00,11427.369999999957,11427.369999999957
2025-10-31 14:12:00,11427.369999999957,11427.369999999957
2025-10-31 15:12:00,11427.369999999957,11427.369999999957
2025-10-31 16:12:00,11427.369999999957,11427.369999999957
2025-10-31 17:12:00,11427.369999999957,11427.369999999957
2025-10-31 18:12:00,11427.369999999957,11427.369999999957
2025-10-31 19:12:00,11427.369999999957,11427.369999999957
2025-10-31 20:12:00,11314.239999999962,11260.869999999963
2025-10-31 21:12:00,11314.239999999962,11273.559999999961
2025-10-31 22:12:00,11328.009999999962,11330.799999999961
2025-11-03 01:13:00,11356.199999999963,11378.389999999963
2025-11-03 02:13:00,11355.499999999962,11355.499999999962
2025-11-03 03:13:00,11355.499999999962,11355.499999999962
2025-11-03 04:13:00,11355.499999999962,11355.499999999962
2025-11-03 05:13:00,11355.499999999962,11355.499999999962
2025-11-03 06:13:00,11355.499999999962,11355.499999999962
2025-11-03 07:13:00,11355.499999999962,11355.499999999962
2025-11-03 08:13:00,11355.499999999962,11355.499999999962
2025-11-03 09:13:00,11355.499999999962,11355.499999999962
2025-11-03 10:13:00,11355.499999999962,11355.499999999962
2025-11-03 11:13:00,11355.499999999962,11355.499999999962
2025-11-03 12:13:00,11355.499999999962,11355.499999999962
2025-11-03 13:13:00,11355.499999999962,11355.499999999962
2025-11-03 14:13:00,11354.309999999961,11350.569999999956
2025-11-03 15:13:00,11368.449999999955,11368.449999999955
2025-11-03 16:13:00,11368.449999999955,11368.449999999955
2025-11-03 17:13:00,11368.449999999955,11368.449999999955
2025-11-03 18:13:00,11368.449999999955,11368.449999999955
2025-11-03 19:13:00,11368.449999999955,11368.449999999955
2025-11-03 20:13:00,11368.449999999955,11368.449999999955
2025-11-03 21:13:00,11368.449999999955,11368.449999999955
2025-11-03 22:13:00,11368.449999999955,11368.449999999955
2025-11-03 23:13:00,11368.449999999955,11368.449999999955
2025-11-04 01:14:00,11367.679999999955,11388.359999999957
2025-11-04 02:14:00,11402.599999999957,11460.209999999957
2025-11-04 03:14:00,11455.569999999954,11510.099999999955
2025-11-04 04:14:00,11454.869999999955,11454.869999999955
2025-11-04 05:14:00,11454.869999999955,11454.869999999955
2025-11-04 06:14:00,11454.869999999955,11454.869999999955
2025-11-04 07:14:00,11454.869999999955,11454.869999999955
2025-11-04 08:14:00,11454.869999999955,11454.869999999955
2025-11-04 09:14:00,11454.869999999955,11454.869999999955
2025-11-04 10:14:00,11454.869999999955,11454.869999999955
2025-11-04 11:14:00,11454.869999999955,11454.869999999955
2025-11-04 12:14:00,11454.869999999955,11454.869999999955
2025-11-04 13:14:00,11454.869999999955,11454.869999999955
2025-11-04 14:14:00,11454.869999999955,11454.869999999955
2025-11-04 15:14:00,11454.869999999955,11454.869999999955
2025-11-04 16:14:00,11454.869999999955,11454.869999999955
2025-11-04 17:14:00,11454.869999999955,11454.869999999955
2025-11-04 18:14:00,11454.869999999955,11454.869999999955
2025-11-04 19:14:00,11454.869999999955,11454.869999999955
2025-11-04 20:14:00,11454.869999999955,11454.869999999955
2025-11-04 21:14:00,11454.869999999955,11454.869999999955
2025-11-04 22:14:00,11454.869999999955,11454.869999999955
2025-11-04 23:14:00,11454.869999999955,11454.869999999955
2025-11-05 01:15:00,11454.869999999955,11454.869999999955
2025-11-05 02:15:00,11454.869999999955,11454.869999999955
2025-11-05 03:15:00,11454.869999999955,11454.869999999955
2025-11-05 04:15:00,11454.869999999955,11454.869999999955
2025-11-05 05:15:00,11454.869999999955,11454.869999999955
2025-11-05 06:15:00,11454.869999999955,11454.869999999955
2025-11-05 07:15:00,11454.869999999955,11454.869999999955
2025-11-05 08:15:00,11454.869999999955,11454.869999999955
2025-11-05 09:15:00,11454.869999999955,11454.869999999955
2025-11-05 10:15:00,11454.869999999955,11454.869999999955
2025-11-05 11:15:00,11454.869999999955,11454.869999999955
2025-11-05 12:15:00,11454.869999999955,11454.869999999955
2025-11-05 13:15:00,11454.869999999955,11454.869999999955
2025-11-05 14:15:00,11454.869999999955,11454.869999999955
2025-11-05 15:15:00,11454.869999999955,11454.869999999955
2025-11-05 16:15:00,11454.869999999955,11454.869999999955
2025-11-05 17:15:00,11454.869999999955,11454.869999999955
2025-11-05 18:15:00,11454.869999999955,11454.869999999955
2025-11-05 19:15:00,11454.869999999955,11454.869999999955
2025-11-05 20:15:00,11454.869999999955,11454.869999999955
2025-11-05 21:15:00,11454.869999999955,11454.869999999955
2025-11-05 22:15:00,11454.869999999955,11454.869999999955
2025-11-05 23:15:00,11454.869999999955,11454.869999999955
2025-11-06 01:16:00,11454.869999999955,11454.869999999955
2025-11-06 02:16:00,11340.269999999959,11340.269999999959
2025-11-06 03:16:00,11340.269999999959,11340.269999999959
2025-11-06 04:16:00,11340.269999999959,11340.269999999959
2025-11-06 05:16:00,11340.269999999959,11340.269999999959
2025-11-06 06:16:00,11340.269999999959,11340.269999999959
2025-11-06 07:16:00,11340.269999999959,11340.269999999959
2025-11-06 08:16:00,11340.269999999959,11340.269999999959
2025-11-06 09:16:00,11340.269999999959,11340.269999999959
2025-11-06 10:16:00,11340.269999999959,11340.269999999959
2025-11-06 11:16:00,11340.269999999959,11340.269999999959
2025-11-06 12:16:00,11340.269999999959,11340.269999999959
2025-11-06 13:16:00,11340.269999999959,11340.269999999959
2025-11-06 14:16:00,11340.269999999959,11340.269999999959
2025-11-06 15:16:00,11352.729999999958,11409.129999999956
2025-11-06 16:16:00,11352.729999999958,11364.329999999956
2025-11-06 17:16:00,11234.089999999951,11234.089999999951
2025-11-06 18:16:00,11234.089999999951,11234.089999999951
2025-11-06 19:16:00,11234.089999999951,11234.089999999951
2025-11-06 20:16:00,11234.089999999951,11234.089999999951
2025-11-06 21:16:00,11234.089999999951,11234.089999999951
2025-11-06 22:16:00,11234.089999999951,11234.089999999951
2025-11-06 23:16:00,11234.089999999951,11234.089999999951
2025-11-07 01:17:00,11234.089999999951,11234.089999999951
2025-11-07 02:17:00,11234.089999999951,11234.089999999951
2025-11-07 03:17:00,11234.089999999951,11234.089999999951
2025-11-07 04:17:00,11234.089999999951,11234.089999999951
2025-11-07 05:17:00,11234.089999999951,11234.089999999951
2025-11-07 06:17:00,11234.089999999951,11234.089999999951
2025-11-07 07:17:00,11234.089999999951,11234.089999999951
2025-11-07 08:17:00,11234.089999999951,11234.089999999951
2025-11-07 09:17:00,11234.089999999951,11234.089999999951
2025-11-07 10:17:00,11234.089999999951,11234.089999999951
2025-11-07 11:17:00,11234.089999999951,11234.089999999951
2025-11-07 12:17:00,11234.089999999951,11234.089999999951
2025-11-07 13:17:00,11234.089999999951,11234.089999999951
2025-11-07 14:17:00,11234.089999999951,11234.089999999951
2025-11-07 15:17:00,11234.089999999951,11234.089999999951
2025-11-07 16:17:00,11234.089999999951,11234.089999999951
2025-11-07 17:17:00,11234.089999999951,11234.089999999951
2025-11-07 18:17:00,11234.089999999951,11234.089999999951
2025-11-07 19:17:00,11234.089999999951,11234.089999999951
2025-11-07 20:17:00,11234.089999999951,11234.089999999951
2025-11-07 21:17:00,11234.089999999951,11234.089999999951
2025-11-07 22:17:00,11234.089999999951,11234.089999999951
2025-11-07 23:17:00,11234.089999999951,11234.089999999951
2025-11-10 01:18:00,11234.089999999951,11234.089999999951
2025-11-10 02:18:00,11234.089999999951,11234.089999999951
2025-11-10 03:18:00,11234.089999999951,11234.089999999951
2025-11-10 04:18:00,11233.24999999995,11282.569999999952
2025-11-10 05:18:00,11233.24999999995,11265.529999999952
2025-11-10 06:18:00,11280.439999999953,11343.619999999955
2025-11-10 07:18:00,11280.439999999953,11337.079999999953
2025-11-10 08:18:00,11343.379999999954,11424.079999999954
2025-11-10 09:18:00,11343.379999999954,11441.299999999954
2025-11-10 10:18:00,11343.379999999954,11444.119999999954
2025-11-10 11:18:00,11343.379999999954,11442.319999999954
2025-11-10 12:18:00,11469.229999999954,11469.229999999954
2025-11-10 13:18:00,11469.229999999954,11469.229999999954
2025-11-10 14:18:00,11469.229999999954,11469.229999999954
2025-11-10 15:18:00,11469.229999999954,11469.229999999954
2025-11-10 16:18:00,11469.229999999954,11469.229999999954
2025-11-10 17:18:00,11469.229999999954,11469.229999999954
2025-11-10 18:18:00,11469.229999999954,11469.229999999954
2025-11-10 19:18:00,11469.229999999954,11469.229999999954
2025-11-10 20:18:00,11469.229999999954,11469.229999999954
2025-11-10 21:18:00,11469.229999999954,11469.229999999954
2025-11-10 22:18:00,11469.229999999954,11469.229999999954
2025-11-10 23:18:00,11469.229999999954,11469.229999999954
2025-11-11 01:19:00,11469.229999999954,11469.229999999954
2025-11-11 02:19:00,11469.229999999954,11469.229999999954
2025-11-11 03:19:00,11469.229999999954,11469.229999999954
2025-11-11 04:19:00,11469.229999999954,11469.229999999954
2025-11-11 05:19:00,11469.229999999954,11469.229999999954
2025-11-11 06:19:00,11469.229999999954,11469.229999999954
2025-11-11 07:19:00,11469.229999999954,11469.229999999954
2025-11-11 08:19:00,11469.229999999954,11469.229999999954
2025-11-11 09:19:00,11469.229999999954,11469.229999999954
2025-11-11 10:19:00,11469.229999999954,11469.229999999954
2025-11-11 11:19:00,11469.229999999954,11469.229999999954
2025-11-11 12:19:00,11469.229999999954,11469.229999999954
2025-11-11 13:19:00,11469.229999999954,11469.229999999954
2025-11-11 14:19:00,11469.229999999954,11469.229999999954
2025-11-11 15:19:00,11469.229999999954,11469.229999999954
2025-11-11 16:19:00,11469.229999999954,11469.229999999954
2025-11-11 17:19:00,11469.229999999954,11469.229999999954
2025-11-11 18:19:00,11469.229999999954,11469.229999999954
2025-11-11 19:19:00,11469.229999999954,11469.229999999954
2025-11-11 20:19:00,11469.229999999954,11469.229999999954
2025-11-11 21:19:00,11469.229999999954,11469.229999999954
2025-11-11 22:19:00,11469.229999999954,11469.229999999954
2025-11-11 23:19:00,11469.229999999954,11469.229999999954
2025-11-12 01:20:00,11469.229999999954,11469.229999999954
2025-11-12 02:20:00,11469.229999999954,11469.229999999954
2025-11-12 03:20:00,11469.229999999954,11469.229999999954
2025-11-12 04:20:00,11469.229999999954,11469.229999999954
2025-11-12 05:20:00,11469.229999999954,11469.229999999954
2025-11-12 06:20:00,11469.229999999954,11469.229999999954
2025-11-12 07:20:00,11469.229999999954,11469.229999999954
2025-11-12 08:20:00,11469.229999999954,11469.229999999954
2025-11-12 09:20:00,11469.229999999954,11469.229999999954
2025-11-12 10:20:00,11469.229999999954,11469.229999999954
2025-11-12 11:20:00,11469.229999999954,11469.229999999954
2025-11-12 12:20:00,11469.229999999954,11469.229999999954
2025-11-12 13:20:00,11469.229999999954,11469.229999999954
2025-11-12 14:20:00,11469.229999999954,11469.229999999954
2025-11-12 15:20:00,11469.229999999954,11469.229999999954
2025-11-12 16:20:00,11469.229999999954,11469.229999999954
2025-11-12 17:20:00,11469.229999999954,11469.229999999954
2025-11-12 18:20:00,11469.229999999954,11469.229999999954
2025-11-12 19:20:00,11469.229999999954,11469.229999999954
2025-11-12 20:20:00,11469.229999999954,11469.229999999954
2025-11-12 21:20:00,11469.229999999954,11469.229999999954
2025-11-12 22:20:00,11469.229999999954,11469.229999999954
2025-11-12 23:20:00,11469.229999999954,11469.229999999954
2025-11-13 01:21:00,11469.229999999954,11469.229999999954
2025-11-13 02:21:00,11469.229999999954,11469.229999999954
2025-11-13 03:21:00,11469.229999999954,11469.229999999954
2025-11-13 04:21:00,11469.229999999954,11469.229999999954
2025-11-13 05:21:00,11469.229999999954,11469.229999999954
2025-11-13 06:21:00,11469.229999999954,11469.229999999954
2025-11-13 07:21:00,11469.229999999954,11469.229999999954
2025-11-13 08:21:00,11469.229999999954,11469.229999999954
2025-11-13 09:21:00,11469.229999999954,11469.229999999954
2025-11-13 10:21:00,11469.229999999954,11469.229999999954
2025-11-13 11:21:00,11469.229999999954,11469.229999999954
2025-11-13 12:21:00,11469.229999999954,11469.229999999954
2025-11-13 13:21:00,11469.229999999954,11469.229999999954
2025-11-13 14:21:00,11469.229999999954,11469.229999999954
2025-11-13 15:21:00,11482.15999999995,11502.389999999945
2025-11-13 16:21:00,11528.499999999945,11528.499999999945
2025-11-13 17:21:00,11528.499999999945,11528.499999999945
2025-11-13 18:21:00,11528.499999999945,11528.499999999945
2025-11-13 19:21:00,11528.499999999945,11528.499999999945
2025-11-13 20:21:00,11528.499999999945,11528.499999999945
2025-11-13 21:21:00,11527.379999999945,11448.879999999941
2025-11-13 22:21:00,11536.789999999944,11555.42999999995
2025-11-13 23:21:00,11567.229999999945,11755.039999999952
2025-11-14 01:22:00,11576.429999999946,11805.409999999945
2025-11-14 02:22:00,11599.659999999945,11894.28999999995
2025-11-14 03:22:00,11599.659999999945,11809.589999999942
2025-11-14 04:22:00,11599.659999999945,11975.799999999948
2025-11-14 05:22:00,11715.139999999945,12078.419999999942
2025-11-14 06:22:00,11715.139999999945,12023.379999999948
2025-11-14 07:22:00,11715.139999999945,11919.699999999948
2025-11-14 08:22:00,11715.139999999945,11879.859999999944
2025-11-14 09:22:00,11714.659999999947,11719.219999999948
2025-11-14 10:22:00,11764.26999999995,11866.669999999951
2025-11-14 11:22:00,11764.26999999995,11855.959999999954
2025-11-14 12:22:00,11763.969999999954,11799.129999999954
2025-11-14 13:22:00,11763.729999999956,11763.729999999956
2025-11-14 14:22:00,11763.729999999956,11763.729999999956
2025-11-14 15:22:00,11763.729999999956,11763.729999999956
2025-11-14 16:22:00,11763.729999999956,11763.729999999956
2025-11-14 17:22:00,11763.729999999956,11763.729999999956
2025-11-14 18:22:00,11778.389999999954,11714.369999999954
2025-11-14 19:22:00,11669.369999999954,11669.369999999954
2025-11-14 20:22:00,11669.369999999954,11669.369999999954
2025-11-14 21:22:00,11669.369999999954,11669.369999999954
2025-11-14 22:22:00,11669.369999999954,11669.369999999954
2025-11-14 23:22:00,11669.369999999954,11669.369999999954
2025-11-17 01:23:00,11669.369999999954,11669.369999999954
2025-11-17 02:23:00,11669.369999999954,11669.369999999954
2025-11-17 03:23:00,11669.369999999954,11669.369999999954
2025-11-17 04:23:00,11669.369999999954,11669.369999999954
2025-11-17 05:23:00,11669.369999999954,11669.369999999954
2025-11-17 06:23:00,11669.369999999954,11669.369999999954
2025-11-17 07:23:00,11669.369999999954,11669.369999999954
2025-11-17 08:23:00,11669.089999999953,11685.089999999953
2025-11-17 09:23:00,11683.419999999953,11744.259999999951
2025-11-17 10:23:00,11712.079999999953,11768.339999999953
2025-11-17 11:23:00,11712.079999999953,11769.099999999951
2025-11-17 12:23:00,11712.079999999953,11774.219999999952
2025-11-17 13:23:00,11712.079999999953,11740.219999999952
2025-11-17 14:23:00,11712.079999999953,11758.379999999952
2025-11-17 15:23:00,11712.079999999953,11763.739999999952
2025-11-17 16:23:00,11712.079999999953,11733.639999999952
2025-11-17 17:23:00,11712.079999999953,11743.099999999951
2025-11-17 18:23:00,11711.599999999951,11750.95999999995
2025-11-17 19:23:00,11725.929999999951,11789.799999999952
2025-11-17 20:23:00,11725.929999999951,11778.81999999995
2025-11-17 21:23:00,11725.929999999951,11747.559999999952
2025-11-17 22:23:00,11725.62999999995,11725.62999999995
2025-11-17 23:23:00,11725.62999999995,11725.62999999995
2025-11-18 01:24:00,11725.62999999995,11725.62999999995
2025-11-18 02:24:00,11725.62999999995,11725.62999999995
2025-11-18 03:24:00,11725.62999999995,11725.62999999995
2025-11-18 04:24:00,11725.62999999995,11725.62999999995
2025-11-18 05:24:00,11725.62999999995,11725.62999999995
2025-11-18 06:24:00,11725.62999999995,11725.62999999995
2025-11-18 07:24:00,11725.62999999995,11725.62999999995
2025-11-18 08:24:00,11725.62999999995,11725.62999999995
2025-11-18 09:24:00,11725.62999999995,11725.62999999995
2025-11-18 10:24:00,11725.62999999995,11725.62999999995
2025-11-18 11:24:00,11606.64999999995,11606.64999999995
2025-11-18 12:24:00,11606.64999999995,11606.64999999995
2025-11-18 13:24:00,11606.64999999995,11606.64999999995
2025-11-18 14:24:00,11606.64999999995,11606.64999999995
2025-11-18 15:24:00,11606.64999999995,11606.64999999995
2025-11-18 16:24:00,11606.64999999995,11606.64999999995
2025-11-18 17:24:00,11606.64999999995,11606.64999999995
2025-11-18 18:24:00,11606.64999999995,11606.64999999995
2025-11-18 19:24:00,11606.64999999995,11606.64999999995
2025-11-18 20:24:00,11606.64999999995,11606.64999999995
2025-11-18 21:24:00,11606.64999999995,11606.64999999995
2025-11-18 22:24:00,11606.64999999995,11606.64999999995
2025-11-18 23:24:00,11606.64999999995,11606.64999999995
2025-11-19 01:25:00,11606.64999999995,11606.64999999995
2025-11-19 02:25:00,11606.64999999995,11606.64999999995
2025-11-19 03:25:00,11606.64999999995,11606.64999999995
2025-11-19 04:25:00,11606.64999999995,11606.64999999995
2025-11-19 05:25:00,11606.64999999995,11606.64999999995
2025-11-19 06:25:00,11606.64999999995,11606.64999999995
2025-11-19 07:25:00,11606.64999999995,11606.64999999995
2025-11-19 08:25:00,11606.64999999995,11606.64999999995
2025-11-19 09:25:00,11620.80999999995,11748.659999999956
2025-11-19 10:25:00,11591.38999999996,11591.38999999996
2025-11-19 11:25:00,11591.38999999996,11591.38999999996
2025-11-19 12:25:00,11591.38999999996,11591.38999999996
2025-11-19 13:25:00,11591.38999999996,11591.38999999996
2025-11-19 14:25:00,11591.38999999996,11591.38999999996
2025-11-19 15:25:00,11603.25999999996,11634.129999999963
2025-11-19 16:25:00,11628.53999999996,11673.829999999964
2025-11-19 17:25:00,11627.839999999964,11627.839999999964
2025-11-19 18:25:00,11511.89999999997,11511.89999999997
2025-11-19 19:25:00,11511.89999999997,11511.89999999997
2025-11-19 20:25:00,11511.89999999997,11511.89999999997
2025-11-19 21:25:00,11511.89999999997,11511.89999999997
2025-11-19 22:25:00,11511.89999999997,11511.89999999997
2025-11-19 23:25:00,11511.89999999997,11511.89999999997
2025-11-20 01:26:00,11511.89999999997,11511.89999999997
2025-11-20 02:26:00,11511.54999999997,11507.149999999969
2025-11-20 03:26:00,11524.099999999971,11563.219999999974
2025-11-20 04:26:00,11599.40999999997,11702.84999999997
2025-11-20 05:26:00,11599.40999999997,11663.88999999997
2025-11-20 06:26:00,11599.40999999997,11655.04999999997
2025-11-20 07:26:00,11599.40999999997,11670.36999999997
2025-11-20 08:26:00,11599.40999999997,11689.169999999971
2025-11-20 09:26:00,11599.40999999997,11688.469999999972
2025-11-20 10:26:00,11374.569999999967,11503.489999999967
2025-11-20 11:26:00,11374.569999999967,11461.229999999967
2025-11-20 12:26:00,11374.569999999967,11461.169999999967
2025-11-20 13:26:00,11374.569999999967,11481.549999999967
2025-11-20 14:26:00,11374.569999999967,11441.369999999966
2025-11-20 15:26:00,11374.569999999967,11408.089999999967
2025-11-20 16:26:00,11374.569999999967,11420.549999999967
2025-11-20 17:26:00,11386.569999999967,11420.689999999966
2025-11-20 18:26:00,11411.669999999967,11538.209999999968
2025-11-20 19:26:00,11501.419999999966,11672.459999999963
2025-11-20 20:26:00,11500.519999999962,11597.019999999962
2025-11-20 21:26:00,11500.519999999962,11547.959999999963
2025-11-20 22:26:00,11500.519999999962,11564.879999999961
2025-11-20 23:26:00,11500.519999999962,11554.199999999963
2025-11-21 01:27:00,11500.819999999962,11554.379999999961
2025-11-21 02:27:00,11499.909999999962,11602.639999999961
2025-11-21 03:27:00,11402.289999999957,11489.789999999957
2025-11-21 04:27:00,11402.289999999957,11471.469999999958
2025-11-21 05:27:00,11402.289999999957,11510.309999999958
2025-11-21 06:27:00,11402.289999999957,11496.809999999958
2025-11-21 07:27:00,11402.289999999957,11506.889999999958
2025-11-21 08:27:00,11402.289999999957,11531.149999999958
2025-11-21 09:27:00,11402.289999999957,11542.129999999957
2025-11-21 10:27:00,11402.289999999957,11519.229999999958
2025-11-21 11:27:00,11402.289999999957,11505.869999999957
2025-11-21 12:27:00,11402.289999999957,11543.549999999957
2025-11-21 13:27:00,11402.289999999957,11533.929999999957
2025-11-21 14:27:00,11402.289999999957,11515.789999999957
2025-11-21 15:27:00,11402.289999999957,11478.429999999957
2025-11-21 16:27:00,11402.289999999957,11482.289999999957
2025-11-21 17:27:00,11402.289999999957,11475.329999999958
2025-11-21 18:27:00,11456.749999999953,11622.82999999995
2025-11-21 19:27:00,11698.23999999995,11746.71999999995
2025-11-21 20:27:00,11698.23999999995,11749.799999999952
2025-11-21 21:27:00,11698.23999999995,11733.69999999995
2025-11-21 22:27:00,11698.23999999995,11768.35999999995
2025-11-21 23:27:00,11710.009999999953,11797.269999999953
2025-11-24 01:28:00,11710.309999999952,11784.789999999954
2025-11-24 02:28:00,11710.309999999952,11794.789999999952
2025-11-24 03:28:00,11710.309999999952,11813.669999999953
2025-11-24 04:28:00,11710.309999999952,11827.789999999954
2025-11-24 05:28:00,11710.309999999952,11825.949999999953
2025-11-24 06:28:00,11710.309999999952,11819.909999999953
2025-11-24 07:28:00,11710.309999999952,11829.569999999952
2025-11-24 08:28:00,11710.309999999952,11816.229999999952
2025-11-24 09:28:00,11710.309999999952,11818.229999999952
2025-11-24 10:28:00,11710.309999999952,11798.269999999953
2025-11-24 11:28:00,11710.309999999952,11784.069999999952
2025-11-24 12:28:00,11710.309999999952,11783.089999999953
2025-11-24 13:28:00,11710.309999999952,11783.469999999952
2025-11-24 14:28:00,11710.309999999952,11782.82999999995
2025-11-24 15:28:00,11710.309999999952,11762.409999999953
2025-11-24 16:28:00,11710.309999999952,11770.569999999952
2025-11-24 17:28:00,11710.309999999952,11743.649999999952
2025-11-24 18:28:00,11710.309999999952,11734.609999999953
2025-11-24 19:28:00,11710.309999999952,11734.649999999952
2025-11-24 20:28:00,11710.309999999952,11733.729999999952
2025-11-24 21:28:00,11710.109999999951,11710.109999999951
2025-11-24 22:28:00,11710.109999999951,11710.109999999951
2025-11-24 23:28:00,11710.109999999951,11710.109999999951
2025-11-25 01:29:00,11710.109999999951,11710.109999999951
2025-11-25 02:29:00,11710.109999999951,11710.109999999951
2025-11-25 03:29:00,11710.109999999951,11710.109999999951
2025-11-25 04:29:00,11710.109999999951,11710.109999999951
2025-11-25 05:29:00,11710.109999999951,11710.109999999951
2025-11-25 06:29:00,11710.109999999951,11710.109999999951
2025-11-25 07:29:00,11710.109999999951,11710.109999999951
2025-11-25 08:29:00,11710.109999999951,11710.109999999951
2025-11-25 09:29:00,11710.109999999951,11710.109999999951
2025-11-25 10:29:00,11710.109999999951,11710.109999999951
2025-11-25 11:29:00,11813.629999999956,11929.46999999996
2025-11-25 12:29:00,11813.629999999956,11979.86999999996
2025-11-25 13:29:00,11813.629999999956,11991.86999999996
2025-11-25 14:29:00,11813.629999999956,11993.86999999996
2025-11-25 15:29:00,11999.169999999956,12174.849999999957
2025-11-25 16:29:00,11997.969999999961,12094.649999999961
2025-11-25 17:29:00,11997.969999999961,12068.369999999963
2025-11-25 18:29:00,11997.969999999961,12118.76999999996
2025-11-25 19:29:00,11997.969999999961,12156.249999999964
2025-11-25 20:29:00,11997.969999999961,12128.049999999963
2025-11-25 21:29:00,11997.969999999961,12077.28999999996
2025-11-25 22:29:00,11997.969999999961,12086.009999999962
2025-11-25 23:29:00,11997.969999999961,12077.60999999996
2025-11-26 01:30:00,11991.969999999961,12078.689999999962
2025-11-26 02:30:00,11991.969999999961,12117.569999999963
2025-11-26 03:30:00,11991.969999999961,12135.369999999963
2025-11-26 04:30:00,11991.969999999961,12206.889999999963
2025-11-26 05:30:00,11991.969999999961,12205.889999999963
2025-11-26 06:30:00,11991.969999999961,12180.009999999962
2025-11-26 07:30:00,11991.969999999961,12214.489999999962
2025-11-26 08:30:00,11991.969999999961,12176.169999999962
2025-11-26 09:30:00,11991.969999999961,12160.329999999962
2025-11-26 10:30:00,11991.969999999961,12215.489999999962
2025-11-26 11:30:00,11991.969999999961,12198.969999999961
2025-11-26 12:30:00,11991.969999999961,12189.649999999961
2025-11-26 13:30:00,11991.969999999961,12217.209999999963
2025-11-26 14:30:00,11991.969999999961,12202.169999999962
2025-11-26 15:30:00,11991.969999999961,12192.649999999961
2025-11-26 16:30:00,11991.969999999961,12129.369999999963
2025-11-26 17:30:00,11991.969999999961,12192.049999999963
2025-11-26 18:30:00,11991.969999999961,12203.129999999961
2025-11-26 19:30:00,11991.969999999961,12222.169999999962
2025-11-26 20:30:00,11991.969999999961,12212.92999999996
2025-11-26 21:30:00,11991.969999999961,12220.329999999962
2025-11-26 22:30:00,11991.969999999961,12215.529999999962
2025-11-26 23:30:00,11991.969999999961,12204.729999999963
2025-11-27 01:31:00,11989.969999999961,12205.049999999963
2025-11-27 02:31:00,11989.969999999961,12215.169999999962
2025-11-27 03:31:00,11989.969999999961,12170.809999999961
2025-11-27 04:31:00,11989.969999999961,12147.649999999961
2025-11-27 05:31:00,11989.969999999961,12143.529999999962
2025-11-27 06:31:00,11989.969999999961,12155.729999999963
2025-11-27 07:31:00,11989.969999999961,12157.28999999996
2025-11-27 08:31:00,11989.969999999961,12169.809999999961
2025-11-27 09:31:00,11989.969999999961,12182.809999999961
2025-11-27 10:31:00,11989.969999999961,12204.049999999963
2025-11-27 11:31:00,11989.969999999961,12163.529999999962
2025-11-27 12:31:00,11989.969999999961,12166.809999999961
2025-11-27 13:31:00,11989.969999999961,12184.60999999996
2025-11-27 14:31:00,11989.969999999961,12177.60999999996
2025-11-27 15:31:00,11989.969999999961,12168.729999999963
2025-11-27 16:31:00,11989.969999999961,12178.529999999962
2025-11-27 17:31:00,11989.969999999961,12190.329999999962
2025-11-27 18:31:00,11989.969999999961,12171.529999999962
2025-11-27 19:31:00,11989.969999999961,12177.44999999996
2025-11-27 20:31:00,11989.969999999961,12174.209999999963
2025-11-28 01:00:00,11987.969999999961,12188.689999999962
2025-11-28 02:00:00,11987.969999999961,12201.169999999962
2025-11-28 03:00:00,12266.92999999996,12266.92999999996
2025-11-28 04:00:00,12266.92999999996,12266.92999999996
2025-11-28 05:00:00,12266.92999999996,12266.92999999996
2025-11-28 06:00:00,12266.92999999996,12266.92999999996
2025-11-28 07:00:00,12266.92999999996,12266.92999999996
2025-11-28 08:00:00,12426.749999999947,12426.749999999947
2025-11-28 09:00:00,12426.749999999947,12426.749999999947
2025-11-28 10:00:00,12426.749999999947,12426.749999999947
2025-11-28 11:00:00,12426.749999999947,12426.749999999947
2025-11-28 12:00:00,12426.749999999947,12426.749999999947
2025-11-28 13:00:00,12426.749999999947,12426.749999999947
2025-11-28 14:00:00,12425.139999999947,12441.009999999937
2025-11-28 15:00:00,12472.089999999946,12575.30999999994
2025-11-28 16:00:00,12470.78999999994,12470.78999999994
2025-11-28 17:00:00,12470.78999999994,12470.78999999994
2025-11-28 18:00:00,12469.319999999942,12444.539999999935
2025-11-28 19:00:00,12485.419999999936,12485.419999999936
2025-11-28 20:00:00,12485.419999999936,12485.419999999936
2025-11-28 21:00:00,12485.419999999936,12485.419999999936
2025-12-01 01:14:00,12485.419999999936,12485.419999999936
2025-12-01 02:14:00,12485.419999999936,12485.419999999936
2025-12-01 03:14:00,12485.419999999936,12485.419999999936
2025-12-01 04:14:00,12485.419999999936,12485.419999999936
2025-12-01 05:14:00,12485.419999999936,12485.419999999936
2025-12-01 06:14:00,12485.419999999936,12485.419999999936
2025-12-01 07:14:00,12485.419999999936,12485.419999999936
2025-12-01 08:14:00,12484.019999999937,12490.619999999935
2025-12-01 09:14:00,12500.469999999932,12500.469999999932
2025-12-01 10:14:00,12500.469999999932,12500.469999999932
2025-12-01 11:14:00,12500.469999999932,12500.469999999932
2025-12-01 12:14:00,12500.469999999932,12500.469999999932
2025-12-01 13:14:00,12500.469999999932,12500.469999999932
2025-12-01 14:14:00,12500.469999999932,12500.469999999932
2025-12-01 15:14:00,12500.469999999932,12500.469999999932
2025-12-01 16:14:00,12500.469999999932,12500.469999999932
2025-12-01 17:14:00,12500.469999999932,12500.469999999932
2025-12-01 18:14:00,12500.469999999932,12500.469999999932
2025-12-01 19:14:00,12500.469999999932,12500.469999999932
2025-12-01 20:14:00,12500.469999999932,12500.469999999932
2025-12-01 21:14:00,12500.469999999932,12500.469999999932
2025-12-01 22:14:00,12500.469999999932,12500.469999999932
2025-12-01 23:14:00,12516.299999999934,12568.13999999993
2025-12-02 01:15:00,12389.959999999932,12389.959999999932
2025-12-02 02:15:00,12389.959999999932,12389.959999999932
2025-12-02 03:15:00,12389.959999999932,12389.959999999932
2025-12-02 04:15:00,12389.959999999932,12389.959999999932
2025-12-02 05:15:00,12389.959999999932,12389.959999999932
2025-12-02 06:15:00,12389.959999999932,12389.959999999932
2025-12-02 07:15:00,12389.959999999932,12389.959999999932
2025-12-02 08:15:00,12389.959999999932,12389.959999999932
2025-12-02 09:15:00,12389.959999999932,12389.959999999932
2025-12-02 10:15:00,12389.959999999932,12389.959999999932
2025-12-02 11:15:00,12389.959999999932,12389.959999999932
2025-12-02 12:15:00,12513.729999999938,12536.759999999938
2025-12-02 13:15:00,12513.729999999938,12556.42999999994
2025-12-02 14:15:00,12678.719999999943,12678.719999999943
2025-12-02 15:15:00,12678.719999999943,12678.719999999943
2025-12-02 16:15:00,12678.719999999943,12678.719999999943
2025-12-02 17:15:00,12678.719999999943,12678.719999999943
2025-12-02 18:15:00,12678.719999999943,12678.719999999943
2025-12-02 19:15:00,12678.019999999942,12700.41999999995
2025-12-02 20:15:00,12678.019999999942,12682.91999999995
2025-12-02 21:15:00,12691.599999999948,12629.699999999952
2025-12-02 22:15:00,12690.689999999948,12632.119999999955
2025-12-02 23:15:00,12438.279999999955,12438.279999999955
2025-12-03 01:16:00,12438.279999999955,12438.279999999955
2025-12-03 02:16:00,12438.279999999955,12438.279999999955
2025-12-03 03:16:00,12438.279999999955,12438.279999999955
2025-12-03 04:16:00,12438.279999999955,12438.279999999955
2025-12-03 05:16:00,12438.279999999955,12438.279999999955
2025-12-03 06:16:00,12438.279999999955,12438.279999999955
2025-12-03 07:16:00,12438.279999999955,12438.279999999955
2025-12-03 08:16:00,12438.279999999955,12438.279999999955
2025-12-03 09:16:00,12438.279999999955,12438.279999999955
2025-12-03 10:16:00,12438.279999999955,12438.279999999955
2025-12-03 11:16:00,12438.279999999955,12438.279999999955
2025-12-03 12:16:00,12438.279999999955,12438.279999999955
2025-12-03 13:16:00,12438.279999999955,12438.279999999955
2025-12-03 14:16:00,12438.279999999955,12438.279999999955
2025-12-03 15:16:00,12438.279999999955,12438.279999999955
2025-12-03 16:16:00,12438.279999999955,12438.279999999955
2025-12-03 17:16:00,12438.279999999955,12438.279999999955
2025-12-03 18:16:00,12438.279999999955,12438.279999999955
2025-12-03 19:16:00,12313.079999999945,12313.079999999945
2025-12-03 20:16:00,12313.079999999945,12313.079999999945
2025-12-03 21:16:00,12313.079999999945,12313.079999999945
2025-12-03 22:16:00,12313.079999999945,12313.079999999945
2025-12-03 23:16:00,12313.079999999945,12313.079999999945
2025-12-04 01:17:00,12313.079999999945,12313.079999999945
2025-12-04 02:17:00,12313.079999999945,12313.079999999945
2025-12-04 03:17:00,12313.079999999945,12313.079999999945
2025-12-04 04:17:00,12313.079999999945,12313.079999999945
2025-12-04 05:17:00,12313.079999999945,12313.079999999945
2025-12-04 06:17:00,12313.079999999945,12313.079999999945
2025-12-04 07:17:00,12313.079999999945,12313.079999999945
2025-12-04 08:17:00,12313.079999999945,12313.079999999945
2025-12-04 09:17:00,12313.079999999945,12313.079999999945
2025-12-04 10:17:00,12313.079999999945,12313.079999999945
2025-12-04 11:17:00,12313.079999999945,12313.079999999945
2025-12-04 12:17:00,12313.079999999945,12313.079999999945
2025-12-04 13:17:00,12313.079999999945,12313.079999999945
2025-12-04 14:17:00,12313.079999999945,12313.079999999945
2025-12-04 15:17:00,12313.079999999945,12313.079999999945
2025-12-04 16:17:00,12313.079999999945,12313.079999999945
2025-12-04 17:17:00,12313.079999999945,12313.079999999945
2025-12-04 18:17:00,12313.079999999945,12313.079999999945
2025-12-04 19:17:00,12313.079999999945,12313.079999999945
2025-12-04 20:17:00,12313.079999999945,12313.079999999945
2025-12-04 21:17:00,12313.079999999945,12313.079999999945
2025-12-04 22:17:00,12313.079999999945,12313.079999999945
2025-12-04 23:17:00,12313.079999999945,12313.079999999945
2025-12-05 01:18:00,12313.079999999945,12313.079999999945
2025-12-05 02:18:00,12313.079999999945,12313.079999999945
2025-12-05 03:18:00,12313.079999999945,12313.079999999945
2025-12-05 04:18:00,12313.079999999945,12313.079999999945
2025-12-05 05:18:00,12313.079999999945,12313.079999999945
2025-12-05 06:18:00,12313.079999999945,12313.079999999945
2025-12-05 07:18:00,12313.079999999945,12313.079999999945
2025-12-05 08:18:00,12313.079999999945,12313.079999999945
2025-12-05 09:18:00,12313.079999999945,12313.079999999945
2025-12-05 10:18:00,12313.079999999945,12313.079999999945
2025-12-05 11:18:00,12313.079999999945,12313.079999999945
2025-12-05 12:18:00,12313.079999999945,12313.079999999945
2025-12-05 13:18:00,12313.079999999945,12313.079999999945
2025-12-05 14:18:00,12313.079999999945,12313.079999999945
2025-12-05 15:18:00,12313.079999999945,12313.079999999945
2025-12-05 16:18:00,12313.079999999945,12313.079999999945
2025-12-05 17:18:00,12313.079999999945,12313.079999999945
2025-12-05 18:18:00,12600.279999999946,12600.279999999946
2025-12-05 19:18:00,12600.279999999946,12600.279999999946
2025-12-05 20:18:00,12600.279999999946,12600.279999999946
2025-12-05 21:18:00,12600.279999999946,12600.279999999946
2025-12-05 22:18:00,12600.279999999946,12600.279999999946
2025-12-05 23:18:00,12600.279999999946,12600.279999999946
2025-12-08 01:19:00,12600.279999999946,12600.279999999946
2025-12-08 02:19:00,12600.279999999946,12600.279999999946
2025-12-08 03:19:00,12600.279999999946,12600.279999999946
2025-12-08 04:19:00,12600.279999999946,12600.279999999946
2025-12-08 05:19:00,12600.279999999946,12600.279999999946
2025-12-08 06:19:00,12600.279999999946,12600.279999999946
2025-12-08 07:19:00,12600.279999999946,12600.279999999946
2025-12-08 08:19:00,12600.279999999946,12600.279999999946
2025-12-08 09:19:00,12600.279999999946,12600.279999999946
2025-12-08 10:19:00,12600.279999999946,12600.279999999946
2025-12-08 11:19:00,12600.279999999946,12600.279999999946
2025-12-08 12:19:00,12600.279999999946,12600.279999999946
2025-12-08 13:19:00,12600.279999999946,12600.279999999946
2025-12-08 14:19:00,12600.279999999946,12600.279999999946
2025-12-08 15:19:00,12600.279999999946,12600.279999999946
2025-12-08 16:19:00,12600.279999999946,12600.279999999946
2025-12-08 17:19:00,12600.279999999946,12600.279999999946
2025-12-08 18:19:00,12600.279999999946,12600.279999999946
2025-12-08 19:19:00,12600.279999999946,12600.279999999946
2025-12-08 20:19:00,12600.279999999946,12600.279999999946
2025-12-08 21:19:00,12600.279999999946,12600.279999999946
2025-12-08 22:19:00,12600.279999999946,12600.279999999946
2025-12-08 23:19:00,12600.279999999946,12600.279999999946
2025-12-09 01:20:00,12600.279999999946,12600.279999999946
2025-12-09 02:20:00,12600.279999999946,12600.279999999946
2025-12-09 03:20:00,12600.279999999946,12600.279999999946
2025-12-09 04:20:00,12600.279999999946,12600.279999999946
2025-12-09 05:20:00,12600.279999999946,12600.279999999946
2025-12-09 06:20:00,12600.279999999946,12600.279999999946
2025-12-09 07:20:00,12600.279999999946,12600.279999999946
2025-12-09 08:20:00,12600.279999999946,12600.279999999946
2025-12-09 09:20:00,12600.279999999946,12600.279999999946
2025-12-09 10:20:00,12600.279999999946,12600.279999999946
2025-12-09 11:20:00,12346.59999999994,12346.59999999994
2025-12-09 12:20:00,12346.59999999994,12346.59999999994
2025-12-09 13:20:00,12346.59999999994,12346.59999999994
2025-12-09 14:20:00,12345.68999999994,12327.099999999937
2025-12-09 15:20:00,12361.55999999994,12380.559999999936
2025-12-09 16:20:00,12234.699999999935,12234.699999999935
2025-12-09 17:20:00,12234.699999999935,12234.699999999935
2025-12-09 18:20:00,12234.699999999935,12234.699999999935
2025-12-09 19:20:00,12234.699999999935,12234.699999999935
2025-12-09 20:20:00,12234.699999999935,12234.699999999935
2025-12-09 21:20:00,12234.699999999935,12234.699999999935
2025-12-09 22:20:00,12234.699999999935,12234.699999999935
2025-12-09 23:20:00,12234.699999999935,12234.699999999935
2025-12-10 01:21:00,12234.699999999935,12234.699999999935
2025-12-10 02:21:00,12234.699999999935,12234.699999999935
2025-12-10 03:21:00,12234.699999999935,12234.699999999935
2025-12-10 04:21:00,12234.699999999935,12234.699999999935
2025-12-10 05:21:00,12234.699999999935,12234.699999999935
2025-12-10 06:21:00,12234.699999999935,12234.699999999935
2025-12-10 07:21:00,12234.699999999935,12234.699999999935
2025-12-10 08:21:00,12234.699999999935,12234.699999999935
2025-12-10 09:21:00,12234.699999999935,12234.699999999935
2025-12-10 10:21:00,12234.699999999935,12234.699999999935
2025-12-10 11:21:00,12234.699999999935,12234.699999999935
2025-12-10 12:21:00,12234.699999999935,12234.699999999935
2025-12-10 13:21:00,12234.699999999935,12234.699999999935
2025-12-10 14:21:00,12234.699999999935,12234.699999999935
2025-12-10 15:21:00,12234.699999999935,12234.699999999935
2025-12-10 16:21:00,12234.699999999935,12234.699999999935
2025-12-10 17:21:00,12234.699999999935,12234.699999999935
2025-12-10 18:21:00,12234.699999999935,12234.699999999935
2025-12-10 19:21:00,12234.699999999935,12234.699999999935
2025-12-10 20:21:00,12234.699999999935,12234.699999999935
2025-12-10 21:21:00,12234.699999999935,12234.699999999935
2025-12-10 22:21:00,12234.209999999935,12203.829999999934
2025-12-10 23:21:00,12244.179999999935,12284.379999999934
2025-12-11 01:22:00,12245.079999999934,12276.459999999932
2025-12-11 02:22:00,12243.429999999933,12132.219999999936
2025-12-11 03:22:00,12243.429999999933,12200.619999999928
2025-12-11 04:22:00,12243.429999999933,12271.569999999934
2025-12-11 05:22:00,12323.81999999993,12527.929999999933
2025-12-11 06:22:00,12323.81999999993,12517.729999999932
2025-12-11 07:22:00,12323.81999999993,12534.489999999934
2025-12-11 08:22:00,12391.15999999993,12546.59999999993
2025-12-11 09:22:00,12391.15999999993,12542.75999999993
2025-12-11 10:22:00,12391.15999999993,12536.399999999929
2025-12-11 11:22:00,12391.15999999993,12538.619999999926
2025-12-11 12:22:00,12391.15999999993,12534.299999999927
2025-12-11 13:22:00,12391.15999999993,12537.129999999932
2025-12-11 14:22:00,12391.15999999993,12534.399999999929
2025-12-11 15:22:00,12391.15999999993,12546.879999999928
2025-12-11 16:22:00,12405.99999999993,12507.119999999926
2025-12-11 17:22:00,12450.869999999928,12541.859999999928
2025-12-11 18:22:00,12450.869999999928,12597.17999999993
2025-12-11 19:22:00,12510.249999999927,12639.429999999928
2025-12-11 20:22:00,12510.249999999927,12649.769999999928
2025-12-11 21:22:00,12508.499999999927,12670.609999999939
2025-12-11 22:22:00,12525.47999999993,12582.439999999935
2025-12-11 23:22:00,12525.47999999993,12721.789999999934
2025-12-12 01:23:00,12570.59999999993,12753.469999999928
2025-12-12 02:23:00,12570.59999999993,12752.119999999932
2025-12-12 03:23:00,12568.989999999927,12622.94999999992
2025-12-12 04:23:00,12568.989999999927,12726.899999999925
2025-12-12 05:23:00,12568.989999999927,12669.59999999993
2025-12-12 06:23:00,12568.989999999927,12628.199999999924
2025-12-12 07:23:00,12568.989999999927,12680.699999999924
2025-12-12 08:23:00,12585.519999999928,12794.639999999932
2025-12-12 09:23:00,12618.609999999928,12852.95999999993
2025-12-12 10:23:00,12684.789999999926,12929.189999999926
2025-12-12 11:23:00,12861.229999999925,13067.909999999925
2025-12-12 12:23:00,12861.229999999925,13079.469999999927
2025-12-12 13:23:00,13098.729999999925,13098.729999999925
2025-12-12 14:23:00,13098.729999999925,13098.729999999925
2025-12-12 15:23:00,13098.729999999925,13098.729999999925
2025-12-12 16:23:00,13098.729999999925,13098.729999999925
2025-12-12 17:23:00,13098.729999999925,13098.729999999925
2025-12-12 18:23:00,13098.729999999925,13098.729999999925
2025-12-12 19:23:00,13098.729999999925,13098.729999999925
2025-12-12 20:23:00,13098.729999999925,13098.729999999925
2025-12-12 21:23:00,13098.729999999925,13098.729999999925
2025-12-12 22:23:00,13098.729999999925,13098.729999999925
2025-12-12 23:23:00,13098.729999999925,13098.729999999925
2025-12-15 01:24:00,13098.729999999925,13098.729999999925
2025-12-15 02:24:00,13098.729999999925,13098.729999999925
2025-12-15 03:24:00,13098.729999999925,13098.729999999925
2025-12-15 04:24:00,13098.729999999925,13098.729999999925
2025-12-15 05:24:00,13113.049999999925,13184.249999999907
2025-12-15 06:24:00,13111.549999999921,13090.669999999924
2025-12-15 07:24:00,13111.549999999921,13101.469999999914
2025-12-15 08:24:00,12857.549999999917,12857.549999999917
2025-12-15 09:24:00,12857.549999999917,12857.549999999917
2025-12-15 10:24:00,12974.829999999916,13224.809999999929
2025-12-15 11:24:00,13149.109999999917,13368.389999999905
2025-12-15 12:24:00,13149.109999999917,13394.389999999905
2025-12-15 13:24:00,13159.609999999906,13201.549999999905
2025-12-15 14:24:00,13176.609999999906,13258.229999999905
2025-12-15 15:24:00,13209.609999999902,13209.609999999902
2025-12-15 16:24:00,13209.609999999902,13209.609999999902
2025-12-15 17:24:00,13209.609999999902,13209.609999999902
2025-12-15 18:24:00,13209.609999999902,13209.609999999902
2025-12-15 19:24:00,13209.609999999902,13209.609999999902
2025-12-15 20:24:00,13209.609999999902,13209.609999999902
2025-12-15 21:24:00,13209.609999999902,13209.609999999902
2025-12-15 22:24:00,13209.609999999902,13209.609999999902
2025-12-15 23:24:00,13209.609999999902,13209.609999999902
2025-12-16 01:25:00,13209.609999999902,13209.609999999902
2025-12-16 02:25:00,13209.609999999902,13209.609999999902
2025-12-16 03:25:00,13209.609999999902,13209.609999999902
2025-12-16 04:25:00,13209.609999999902,13209.609999999902
2025-12-16 05:25:00,13209.609999999902,13209.609999999902
2025-12-16 06:25:00,13209.609999999902,13209.609999999902
2025-12-16 07:25:00,13209.609999999902,13209.609999999902
2025-12-16 08:25:00,13209.609999999902,13209.609999999902
2025-12-16 09:25:00,13209.609999999902,13209.609999999902
2025-12-16 10:25:00,13209.609999999902,13209.609999999902
2025-12-16 11:25:00,13209.609999999902,13209.609999999902
2025-12-16 12:25:00,13209.609999999902,13209.609999999902
2025-12-16 13:25:00,13209.609999999902,13209.609999999902
2025-12-16 14:25:00,13209.609999999902,13209.609999999902
2025-12-16 15:25:00,13209.609999999902,13209.609999999902
2025-12-16 16:25:00,13081.089999999907,13081.089999999907
2025-12-16 17:25:00,13081.089999999907,13081.089999999907
2025-12-16 18:25:00,13081.089999999907,13081.089999999907
2025-12-16 19:25:00,13081.089999999907,13081.089999999907
2025-12-16 20:25:00,13081.089999999907,13081.089999999907
2025-12-16 21:25:00,13081.089999999907,13081.089999999907
2025-12-16 22:25:00,13081.089999999907,13081.089999999907
2025-12-16 23:25:00,13081.089999999907,13081.089999999907
2025-12-17 01:26:00,13081.089999999907,13081.089999999907
2025-12-17 02:26:00,13081.089999999907,13081.089999999907
2025-12-17 03:26:00,13081.089999999907,13081.089999999907
2025-12-17 04:26:00,13081.089999999907,13081.089999999907
2025-12-17 05:26:00,13081.089999999907,13081.089999999907
2025-12-17 06:26:00,13081.089999999907,13081.089999999907
2025-12-17 07:26:00,13081.089999999907,13081.089999999907
2025-12-17 08:26:00,13081.089999999907,13081.089999999907
2025-12-17 09:26:00,13081.089999999907,13081.089999999907
2025-12-17 10:26:00,13081.089999999907,13081.089999999907
2025-12-17 11:26:00,13081.089999999907,13081.089999999907
2025-12-17 12:26:00,13081.089999999907,13081.089999999907
2025-12-17 13:26:00,13081.089999999907,13081.089999999907
2025-12-17 14:26:00,13081.089999999907,13081.089999999907
2025-12-17 15:26:00,13081.089999999907,13081.089999999907
2025-12-17 16:26:00,13081.089999999907,13081.089999999907
2025-12-17 17:26:00,13081.089999999907,13081.089999999907
2025-12-17 18:26:00,13081.089999999907,13081.089999999907
2025-12-17 19:26:00,13081.089999999907,13081.089999999907
2025-12-17 20:26:00,13081.089999999907,13081.089999999907
2025-12-17 21:26:00,13081.089999999907,13081.089999999907
2025-12-17 22:26:00,13081.089999999907,13081.089999999907
2025-12-17 23:26:00,13081.089999999907,13081.089999999907
2025-12-18 01:27:00,13081.089999999907,13081.089999999907
2025-12-18 02:27:00,13081.089999999907,13081.089999999907
2025-12-18 03:27:00,13081.089999999907,13081.089999999907
2025-12-18 04:27:00,13081.089999999907,13081.089999999907
2025-12-18 05:27:00,13081.089999999907,13081.089999999907
2025-12-18 06:27:00,13081.089999999907,13081.089999999907
2025-12-18 07:27:00,13081.089999999907,13081.089999999907
2025-12-18 08:27:00,13081.089999999907,13081.089999999907
2025-12-18 09:27:00,13081.089999999907,13081.089999999907
2025-12-18 10:27:00,13081.089999999907,13081.089999999907
2025-12-18 11:27:00,13081.089999999907,13081.089999999907
2025-12-18 12:27:00,13081.089999999907,13081.089999999907
2025-12-18 13:27:00,13081.089999999907,13081.089999999907
2025-12-18 14:27:00,13081.089999999907,13081.089999999907
2025-12-18 15:27:00,13081.089999999907,13081.089999999907
2025-12-18 16:27:00,13081.089999999907,13081.089999999907
2025-12-18 17:27:00,13095.509999999913,13095.509999999913
2025-12-18 18:27:00,13095.509999999913,13095.509999999913
2025-12-18 19:27:00,13095.509999999913,13095.509999999913
2025-12-18 20:27:00,13095.509999999913,13095.509999999913
2025-12-18 21:27:00,13095.509999999913,13095.509999999913
2025-12-18 22:27:00,13095.509999999913,13095.509999999913
2025-12-18 23:27:00,13095.509999999913,13095.509999999913
2025-12-19 01:28:00,13095.509999999913,13095.509999999913
2025-12-19 02:28:00,13095.509999999913,13095.509999999913
2025-12-19 03:28:00,13095.509999999913,13095.509999999913
2025-12-19 04:28:00,13095.509999999913,13095.509999999913
2025-12-19 05:28:00,13095.509999999913,13095.509999999913
2025-12-19 06:28:00,13095.509999999913,13095.509999999913
2025-12-19 07:28:00,13095.509999999913,13095.509999999913
2025-12-19 08:28:00,13095.509999999913,13095.509999999913
2025-12-19 09:28:00,13095.509999999913,13095.509999999913
2025-12-19 10:28:00,13095.509999999913,13095.509999999913
2025-12-19 11:28:00,13095.509999999913,13095.509999999913
2025-12-19 12:28:00,13095.509999999913,13095.509999999913
2025-12-19 13:28:00,13095.509999999913,13095.509999999913
2025-12-19 14:28:00,13095.509999999913,13095.509999999913
2025-12-19 15:28:00,13095.509999999913,13095.509999999913
2025-12-19 16:28:00,13095.509999999913,13095.509999999913
2025-12-19 17:28:00,13094.879999999914,13127.009999999911
2025-12-19 18:28:00,13094.879999999914,13052.129999999914
2025-12-19 19:28:00,13094.879999999914,13002.719999999916
2025-12-19 20:28:00,12964.19999999991,12964.19999999991
2025-12-19 21:28:00,12964.19999999991,12964.19999999991
2025-12-19 22:28:00,12964.19999999991,12964.19999999991
2025-12-19 23:28:00,12964.19999999991,12964.19999999991
2025-12-22 01:29:00,12964.19999999991,12964.19999999991
2025-12-22 02:29:00,12964.19999999991,12964.19999999991
2025-12-22 03:29:00,12964.19999999991,12964.19999999991
2025-12-22 04:29:00,12964.19999999991,12964.19999999991
2025-12-22 05:29:00,12964.19999999991,12964.19999999991
2025-12-22 06:29:00,12964.19999999991,12964.19999999991
2025-12-22 07:29:00,12964.19999999991,12964.19999999991
2025-12-22 08:29:00,12964.19999999991,12964.19999999991
2025-12-22 09:29:00,12964.19999999991,12964.19999999991
2025-12-22 10:29:00,12964.19999999991,12964.19999999991
2025-12-22 11:29:00,12964.19999999991,12964.19999999991
2025-12-22 12:29:00,12964.19999999991,12964.19999999991
2025-12-22 13:29:00,12964.19999999991,12964.19999999991
2025-12-22 14:29:00,12964.19999999991,12964.19999999991
2025-12-22 15:29:00,12964.19999999991,12964.19999999991
2025-12-22 16:29:00,12964.19999999991,12964.19999999991
2025-12-22 17:29:00,12964.19999999991,12964.19999999991
2025-12-22 18:29:00,12964.19999999991,12964.19999999991
2025-12-22 19:29:00,12964.19999999991,12964.19999999991
2025-12-22 20:29:00,12964.19999999991,12964.19999999991
2025-12-22 21:29:00,12964.19999999991,12964.19999999991
2025-12-22 22:29:00,12964.19999999991,12964.19999999991
2025-12-22 23:29:00,12964.19999999991,12964.19999999991
2025-12-23 01:30:00,12964.19999999991,12964.19999999991
2025-12-23 02:30:00,12964.19999999991,12964.19999999991
2025-12-23 03:30:00,12964.19999999991,12964.19999999991
2025-12-23 04:30:00,12964.19999999991,12964.19999999991
2025-12-23 05:30:00,12964.19999999991,12964.19999999991
2025-12-23 06:30:00,12964.19999999991,12964.19999999991
2025-12-23 07:30:00,12964.19999999991,12964.19999999991
2025-12-23 08:30:00,12964.19999999991,12964.19999999991
2025-12-23 09:30:00,12964.19999999991,12964.19999999991
2025-12-23 10:30:00,12964.19999999991,12964.19999999991
2025-12-23 11:30:00,12964.19999999991,12964.19999999991
2025-12-23 12:30:00,12964.19999999991,12964.19999999991
2025-12-23 13:30:00,12964.19999999991,12964.19999999991
2025-12-23 14:30:00,12964.19999999991,12964.19999999991
2025-12-23 15:30:00,12964.19999999991,12964.19999999991
2025-12-23 16:30:00,12964.19999999991,12964.19999999991
2025-12-23 17:30:00,12964.19999999991,12964.19999999991
2025-12-23 18:30:00,12964.19999999991,12964.19999999991
2025-12-23 19:30:00,12964.19999999991,12964.19999999991
2025-12-23 20:30:00,12964.19999999991,12964.19999999991
2025-12-23 21:30:00,12964.19999999991,12964.19999999991
2025-12-23 22:30:00,12964.19999999991,12964.19999999991
2025-12-23 23:30:00,12964.19999999991,12964.19999999991
2025-12-24 01:31:00,12989.70999999991,13109.469999999916
2025-12-24 02:31:00,13256.019999999917,13256.019999999917
2025-12-24 03:31:00,13256.019999999917,13256.019999999917
2025-12-24 04:31:00,13256.019999999917,13256.019999999917
2025-12-24 05:31:00,13256.019999999917,13256.019999999917
2025-12-24 06:31:00,13256.019999999917,13256.019999999917
2025-12-24 07:31:00,13256.019999999917,13256.019999999917
2025-12-24 08:31:00,13256.019999999917,13256.019999999917
2025-12-24 09:31:00,13256.019999999917,13256.019999999917
2025-12-24 10:31:00,13256.019999999917,13256.019999999917
2025-12-24 11:31:00,13256.019999999917,13256.019999999917
2025-12-24 12:31:00,13256.019999999917,13256.019999999917
2025-12-24 13:31:00,13256.019999999917,13256.019999999917
2025-12-24 14:31:00,13256.019999999917,13256.019999999917
2025-12-24 15:31:00,13256.019999999917,13256.019999999917
2025-12-24 16:31:00,13256.019999999917,13256.019999999917
2025-12-24 17:31:00,13256.019999999917,13256.019999999917
2025-12-24 18:31:00,13256.019999999917,13256.019999999917
2025-12-24 19:31:00,13256.019999999917,13256.019999999917
2025-12-24 20:31:00,13256.019999999917,13256.019999999917
2025-12-26 01:45:00,13256.019999999917,13256.019999999917
2025-12-26 02:45:00,13256.019999999917,13256.019999999917
2025-12-26 03:45:00,13256.019999999917,13256.019999999917
2025-12-26 04:45:00,13256.019999999917,13256.019999999917
2025-12-26 05:45:00,13256.019999999917,13256.019999999917
2025-12-26 06:45:00,13256.019999999917,13256.019999999917
2025-12-26 07:45:00,13256.019999999917,13256.019999999917
2025-12-26 08:45:00,13256.019999999917,13256.019999999917
2025-12-26 09:45:00,13256.019999999917,13256.019999999917
2025-12-26 10:45:00,13256.019999999917,13256.019999999917
2025-12-26 11:45:00,13256.019999999917,13256.019999999917
2025-12-26 12:45:00,13256.019999999917,13256.019999999917
2025-12-26 13:45:00,13256.019999999917,13256.019999999917
2025-12-26 14:45:00,13256.019999999917,13256.019999999917
2025-12-26 15:45:00,13256.019999999917,13256.019999999917
2025-12-26 16:45:00,13256.019999999917,13256.019999999917
2025-12-26 17:45:00,13256.019999999917,13256.019999999917
2025-12-26 18:45:00,13256.019999999917,13256.019999999917
2025-12-26 19:45:00,13256.019999999917,13256.019999999917
2025-12-26 20:45:00,13256.019999999917,13256.019999999917
2025-12-26 21:45:00,13256.019999999917,13256.019999999917
2025-12-26 22:45:00,13256.019999999917,13256.019999999917
2025-12-26 23:45:00,13256.019999999917,13256.019999999917
2025-12-29 01:46:00,13256.019999999917,13256.019999999917
2025-12-29 02:46:00,13256.019999999917,13256.019999999917
2025-12-29 03:46:00,13256.019999999917,13256.019999999917
2025-12-29 04:46:00,13256.019999999917,13256.019999999917
2025-12-29 05:46:00,13256.019999999917,13256.019999999917
2025-12-29 06:46:00,13256.019999999917,13256.019999999917
2025-12-29 07:46:00,13256.019999999917,13256.019999999917
2025-12-29 08:46:00,13256.019999999917,13256.019999999917
2025-12-29 09:46:00,13256.019999999917,13256.019999999917
2025-12-29 10:46:00,13256.019999999917,13256.019999999917
2025-12-29 11:46:00,13256.019999999917,13256.019999999917
2025-12-29 12:46:00,13256.019999999917,13256.019999999917
2025-12-29 13:46:00,13256.019999999917,13256.019999999917
2025-12-29 14:46:00,13256.019999999917,13256.019999999917
2025-12-29 15:46:00,13256.019999999917,13256.019999999917
2025-12-29 16:46:00,13256.019999999917,13256.019999999917
2025-12-29 17:46:00,13256.019999999917,13256.019999999917
2025-12-29 18:46:00,13256.019999999917,13256.019999999917
2025-12-29 19:46:00,13359.819999999914,13566.21999999991
2025-12-29 20:46:00,13359.819999999914,13486.619999999919
2025-12-29 21:46:00,13359.819999999914,13467.319999999916
2025-12-29 22:46:00,13378.079999999913,13506.899999999909
2025-12-29 23:46:00,13378.079999999913,13531.859999999908
2025-12-30 01:47:00,13425.379999999906,13458.799999999905
2025-12-30 02:47:00,13424.779999999904,13424.779999999904
2025-12-30 03:47:00,13424.779999999904,13424.779999999904
2025-12-30 04:47:00,13424.779999999904,13424.779999999904
2025-12-30 05:47:00,13424.779999999904,13424.779999999904
2025-12-30 06:47:00,13424.779999999904,13424.779999999904
2025-12-30 07:47:00,13424.779999999904,13424.779999999904
2025-12-30 08:47:00,13424.779999999904,13424.779999999904
2025-12-30 09:47:00,13424.779999999904,13424.779999999904
2025-12-30 10:47:00,13424.779999999904,13424.779999999904
2025-12-30 11:47:00,13424.779999999904,13424.779999999904
2025-12-30 12:47:00,13424.779999999904,13424.779999999904
2025-12-30 13:47:00,13424.779999999904,13424.779999999904
2025-12-30 14:47:00,13424.779999999904,13424.779999999904
2025-12-30 15:47:00,13424.779999999904,13424.779999999904
2025-12-30 16:47:00,13424.779999999904,13424.779999999904
2025-12-30 17:47:00,13424.779999999904,13424.779999999904
2025-12-30 18:47:00,13424.779999999904,13424.779999999904
2025-12-30 19:47:00,13424.779999999904,13424.779999999904
2025-12-30 20:47:00,13424.779999999904,13424.779999999904
2025-12-30 21:47:00,13424.779999999904,13424.779999999904
2025-12-30 22:47:00,13424.779999999904,13424.779999999904
2025-12-30 23:47:00,13424.779999999904,13424.779999999904
2025-12-31 01:48:00,13424.779999999904,13424.779999999904
2025-12-31 02:48:00,13424.779999999904,13424.779999999904
2025-12-31 03:48:00,13424.779999999904,13424.779999999904
2025-12-31 04:48:00,13424.779999999904,13424.779999999904
2025-12-31 05:48:00,13424.779999999904,13424.779999999904
2025-12-31 06:48:00,13424.779999999904,13424.779999999904
2025-12-31 07:48:00,13424.779999999904,13424.779999999904
2025-12-31 08:48:00,13424.779999999904,13424.779999999904
2025-12-31 09:48:00,13424.779999999904,13424.779999999904
2025-12-31 10:48:00,13424.779999999904,13424.779999999904
2025-12-31 11:48:00,13424.779999999904,13424.779999999904
2025-12-31 12:48:00,13424.779999999904,13424.779999999904
2025-12-31 13:48:00,13423.519999999904,13412.53999999991
2025-12-31 14:48:00,13475.199999999897,13475.199999999897
2025-12-31 15:48:00,13475.199999999897,13475.199999999897
2025-12-31 16:48:00,13475.199999999897,13475.199999999897
2025-12-31 17:48:00,13475.199999999897,13475.199999999897
2025-12-31 18:48:00,13490.169999999893,13446.09999999989
2025-12-31 19:48:00,13490.169999999893,13466.119999999888
2025-12-31 20:48:00,13490.169999999893,13396.699999999886
2025-12-31 21:48:00,13360.42999999989,13360.42999999989
2025-12-31 22:48:00,13360.42999999989,13360.42999999989
2025-12-31 23:48:00,13360.42999999989,13360.42999999989
2026-01-02 01:49:00,13360.42999999989,13360.42999999989
2026-01-02 02:49:00,13360.42999999989,13360.42999999989
2026-01-02 03:49:00,13360.42999999989,13360.42999999989
2026-01-02 04:49:00,13360.42999999989,13360.42999999989
2026-01-02 05:49:00,13360.42999999989,13360.42999999989
2026-01-02 06:49:00,13360.42999999989,13360.42999999989
2026-01-02 07:49:00,13360.42999999989,13360.42999999989
2026-01-02 08:49:00,13360.42999999989,13360.42999999989
2026-01-02 09:49:00,13360.42999999989,13360.42999999989
2026-01-02 10:49:00,13360.42999999989,13360.42999999989
2026-01-02 11:49:00,13360.42999999989,13360.42999999989
2026-01-02 12:49:00,13360.42999999989,13360.42999999989
2026-01-02 13:49:00,13360.42999999989,13360.42999999989
2026-01-02 14:49:00,13360.42999999989,13360.42999999989
2026-01-02 15:49:00,13360.42999999989,13360.42999999989
2026-01-02 16:49:00,13360.42999999989,13360.42999999989
2026-01-02 17:49:00,13360.42999999989,13360.42999999989
2026-01-02 18:49:00,13225.38999999989,13225.38999999989
2026-01-02 19:49:00,13225.38999999989,13225.38999999989
2026-01-02 20:49:00,13225.38999999989,13225.38999999989
2026-01-02 21:49:00,13225.38999999989,13225.38999999989
2026-01-02 22:49:00,13225.38999999989,13225.38999999989
2026-01-02 23:49:00,13225.38999999989,13225.38999999989
2026-01-05 01:50:00,13225.38999999989,13225.38999999989
2026-01-05 02:50:00,13225.38999999989,13225.38999999989
2026-01-05 03:50:00,13225.38999999989,13225.38999999989
2026-01-05 04:50:00,13225.38999999989,13225.38999999989
2026-01-05 05:50:00,13225.38999999989,13225.38999999989
2026-01-05 06:50:00,13225.38999999989,13225.38999999989
2026-01-05 07:50:00,13225.38999999989,13225.38999999989
2026-01-05 08:50:00,13224.68999999989,13247.289999999892
2026-01-05 09:50:00,13224.68999999989,13230.789999999895
2026-01-05 10:50:00,13224.12999999989,13086.5699999999
2026-01-05 11:50:00,13224.12999999989,13041.749999999887
2026-01-05 12:50:00,13224.12999999989,13010.0699999999
2026-01-05 13:50:00,13243.04999999989,13227.069999999892
2026-01-05 14:50:00,13309.64999999989,13519.569999999889
2026-01-05 15:50:00,13309.64999999989,13422.729999999881
2026-01-05 16:50:00,13307.749999999889,13177.34999999988
2026-01-05 17:50:00,13066.949999999886,13066.949999999886
2026-01-05 18:50:00,13066.949999999886,13066.949999999886
2026-01-05 19:50:00,13066.949999999886,13066.949999999886
2026-01-05 20:50:00,13066.949999999886,13066.949999999886
2026-01-05 21:50:00,13066.949999999886,13066.949999999886
2026-01-05 22:50:00,13066.949999999886,13066.949999999886
2026-01-05 23:50:00,13066.949999999886,13066.949999999886
2026-01-06 01:51:00,13066.949999999886,13066.949999999886
2026-01-06 02:51:00,13066.949999999886,13066.949999999886
2026-01-06 03:51:00,13066.949999999886,13066.949999999886
2026-01-06 04:51:00,13066.949999999886,13066.949999999886
2026-01-06 05:51:00,13066.949999999886,13066.949999999886
2026-01-06 06:51:00,13066.949999999886,13066.949999999886
2026-01-06 07:51:00,13066.949999999886,13066.949999999886
2026-01-06 08:51:00,13066.949999999886,13066.949999999886
2026-01-06 09:51:00,13066.949999999886,13066.949999999886
2026-01-06 10:51:00,13066.949999999886,13066.949999999886
2026-01-06 11:51:00,13066.949999999886,13066.949999999886
2026-01-06 12:51:00,13066.949999999886,13066.949999999886
2026-01-06 13:51:00,13066.949999999886,13066.949999999886
2026-01-06 14:51:00,13066.949999999886,13066.949999999886
2026-01-06 15:51:00,13066.949999999886,13066.949999999886
2026-01-06 16:51:00,13066.949999999886,13066.949999999886
2026-01-06 17:51:00,12937.459999999897,12937.459999999897
2026-01-06 18:51:00,12937.459999999897,12937.459999999897
2026-01-06 19:51:00,12937.459999999897,12937.459999999897
2026-01-06 20:51:00,12937.459999999897,12937.459999999897
2026-01-06 21:51:00,12937.459999999897,12937.459999999897
2026-01-06 22:51:00,12937.459999999897,12937.459999999897
2026-01-06 23:51:00,12937.459999999897,12937.459999999897
2026-01-07 01:52:00,12937.459999999897,12937.459999999897
2026-01-07 02:52:00,12937.459999999897,12937.459999999897
2026-01-07 03:52:00,12937.459999999897,12937.459999999897
2026-01-07 04:52:00,12937.459999999897,12937.459999999897
2026-01-07 05:52:00,12937.459999999897,12937.459999999897
2026-01-07 06:52:00,12937.459999999897,12937.459999999897
2026-01-07 07:52:00,12937.459999999897,12937.459999999897
2026-01-07 08:52:00,12937.459999999897,12937.459999999897
2026-01-07 09:52:00,12937.459999999897,12937.459999999897
2026-01-07 10:52:00,12937.459999999897,12937.459999999897
2026-01-07 11:52:00,12937.459999999897,12937.459999999897
2026-01-07 12:52:00,12937.459999999897,12937.459999999897
2026-01-07 13:52:00,12937.459999999897,12937.459999999897
2026-01-07 14:52:00,12937.459999999897,12937.459999999897
2026-01-07 15:52:00,12937.459999999897,12937.459999999897
2026-01-07 16:52:00,12937.459999999897,12937.459999999897
2026-01-07 17:52:00,12937.459999999897,12937.459999999897
2026-01-07 18:52:00,12937.459999999897,12937.459999999897
2026-01-07 19:52:00,12937.459999999897,12937.459999999897
2026-01-07 20:52:00,12937.459999999897,12937.459999999897
2026-01-07 21:52:00,12937.459999999897,12937.459999999897
2026-01-07 22:52:00,12937.459999999897,12937.459999999897
2026-01-07 23:52:00,12937.459999999897,12937.459999999897
2026-01-08 01:53:00,12937.459999999897,12937.459999999897
2026-01-08 02:53:00,12937.459999999897,12937.459999999897
2026-01-08 03:53:00,12937.459999999897,12937.459999999897
2026-01-08 04:53:00,12937.459999999897,12937.459999999897
2026-01-08 05:53:00,12937.459999999897,12937.459999999897
2026-01-08 06:53:00,12937.459999999897,12937.459999999897
2026-01-08 07:53:00,12937.459999999897,12937.459999999897
2026-01-08 08:53:00,12937.459999999897,12937.459999999897
2026-01-08 09:53:00,12937.459999999897,12937.459999999897
2026-01-08 10:53:00,12937.459999999897,12937.459999999897
2026-01-08 11:53:00,12937.459999999897,12937.459999999897
2026-01-08 12:53:00,12937.459999999897,12937.459999999897
2026-01-08 13:53:00,12937.459999999897,12937.459999999897
2026-01-08 14:53:00,12937.459999999897,12937.459999999897
2026-01-08 15:53:00,12937.459999999897,12937.459999999897
2026-01-08 16:53:00,12937.459999999897,12937.459999999897
2026-01-08 17:53:00,12937.459999999897,12937.459999999897
2026-01-08 18:53:00,12937.459999999897,12937.459999999897
2026-01-08 19:53:00,12937.459999999897,12937.459999999897
2026-01-08 20:53:00,12937.459999999897,12937.459999999897
2026-01-08 21:53:00,12937.459999999897,12937.459999999897
2026-01-08 22:53:00,12937.459999999897,12937.459999999897
2026-01-08 23:53:00,12937.459999999897,12937.459999999897
2026-01-09 01:54:00,12937.459999999897,12937.459999999897
2026-01-09 02:54:00,12937.459999999897,12937.459999999897
2026-01-09 03:54:00,12937.459999999897,12937.459999999897
2026-01-09 04:54:00,12937.459999999897,12937.459999999897
2026-01-09 05:54:00,12937.459999999897,12937.459999999897
2026-01-09 06:54:00,12937.459999999897,12937.459999999897
2026-01-09 07:54:00,12937.459999999897,12937.459999999897
2026-01-09 08:54:00,12937.459999999897,12937.459999999897
2026-01-09 09:54:00,12937.459999999897,12937.459999999897
2026-01-09 10:54:00,12937.459999999897,12937.459999999897
2026-01-09 11:54:00,12937.459999999897,12937.459999999897
2026-01-09 12:54:00,12937.459999999897,12937.459999999897
2026-01-09 13:54:00,12937.459999999897,12937.459999999897
2026-01-09 14:54:00,12937.459999999897,12937.459999999897
2026-01-09 15:54:00,12950.509999999893,12950.509999999893
2026-01-09 16:54:00,12950.509999999893,12950.509999999893
2026-01-09 17:54:00,12950.509999999893,12950.509999999893
2026-01-09 18:54:00,12950.509999999893,12950.509999999893
2026-01-09 19:54:00,12949.459999999894,12939.559999999896
2026-01-09 20:54:00,12993.679999999893,13072.339999999891
2026-01-09 21:54:00,12993.679999999893,13108.159999999894
2026-01-09 22:54:00,13052.659999999893,13163.05999999989
2026-01-09 23:54:00,13052.659999999893,13185.259999999895
2026-01-12 01:55:00,13285.519999999895,13285.519999999895
2026-01-12 02:55:00,13285.519999999895,13285.519999999895
2026-01-12 03:55:00,13285.519999999895,13285.519999999895
2026-01-12 04:55:00,13285.519999999895,13285.519999999895
2026-01-12 05:55:00,13285.519999999895,13285.519999999895
2026-01-12 06:55:00,13285.519999999895,13285.519999999895
2026-01-12 07:55:00,13285.519999999895,13285.519999999895
2026-01-12 08:55:00,13285.519999999895,13285.519999999895
2026-01-12 09:55:00,13285.519999999895,13285.519999999895
2026-01-12 10:55:00,13285.519999999895,13285.519999999895
2026-01-12 11:55:00,13285.519999999895,13285.519999999895
2026-01-12 12:55:00,13285.519999999895,13285.519999999895
2026-01-12 13:55:00,13285.519999999895,13285.519999999895
2026-01-12 14:55:00,13285.519999999895,13285.519999999895
2026-01-12 15:55:00,13285.519999999895,13285.519999999895
2026-01-12 16:55:00,13299.87999999991,13299.87999999991
2026-01-12 17:55:00,13299.87999999991,13299.87999999991
2026-01-12 18:55:00,13299.87999999991,13299.87999999991
2026-01-12 19:55:00,13299.87999999991,13299.87999999991
2026-01-12 20:55:00,13299.87999999991,13299.87999999991
2026-01-12 21:55:00,13299.87999999991,13299.87999999991
2026-01-12 22:55:00,13299.87999999991,13299.87999999991
2026-01-12 23:55:00,13299.87999999991,13299.87999999991
2026-01-13 01:56:00,13299.87999999991,13299.87999999991
2026-01-13 02:56:00,13318.419999999907,13376.559999999907
2026-01-13 03:56:00,13357.149999999907,13452.009999999904
2026-01-13 04:56:00,13357.149999999907,13378.689999999908
2026-01-13 05:56:00,13355.709999999905,13384.269999999906
2026-01-13 06:56:00,13355.709999999905,13343.949999999899
2026-01-13 07:56:00,13375.089999999902,13410.2799999999
2026-01-13 08:56:00,13413.819999999901,13508.0199999999
2026-01-13 09:56:00,13413.819999999901,13519.659999999898
2026-01-13 10:56:00,13413.2199999999,13413.2199999999
2026-01-13 11:56:00,13413.2199999999,13413.2199999999
2026-01-13 12:56:00,13413.2199999999,13413.2199999999
2026-01-13 13:56:00,13413.2199999999,13413.2199999999
2026-01-13 14:56:00,13413.2199999999,13413.2199999999
2026-01-13 15:56:00,13413.2199999999,13413.2199999999
2026-01-13 16:56:00,13413.2199999999,13413.2199999999
2026-01-13 17:56:00,13413.2199999999,13413.2199999999
2026-01-13 18:56:00,13413.2199999999,13413.2199999999
2026-01-13 19:56:00,13413.2199999999,13413.2199999999
2026-01-13 20:56:00,13413.2199999999,13413.2199999999
2026-01-13 21:56:00,13413.2199999999,13413.2199999999
2026-01-13 22:56:00,13413.2199999999,13413.2199999999
2026-01-13 23:56:00,13413.2199999999,13413.2199999999
2026-01-14 01:57:00,13413.2199999999,13413.2199999999
2026-01-14 02:57:00,13413.2199999999,13413.2199999999
2026-01-14 03:57:00,13413.2199999999,13413.2199999999
2026-01-14 04:57:00,13413.2199999999,13413.2199999999
2026-01-14 05:57:00,13413.2199999999,13413.2199999999
2026-01-14 06:57:00,13413.2199999999,13413.2199999999
2026-01-14 07:57:00,13411.609999999899,13362.8499999999
2026-01-14 08:57:00,13426.959999999894,13426.959999999894
2026-01-14 09:57:00,13426.959999999894,13426.959999999894
2026-01-14 10:57:00,13426.959999999894,13426.959999999894
2026-01-14 11:57:00,13426.959999999894,13426.959999999894
2026-01-14 12:57:00,13424.929999999893,13486.11999999991
2026-01-14 13:57:00,13442.119999999908,13442.119999999908
2026-01-14 14:57:00,13442.119999999908,13442.119999999908
2026-01-14 15:57:00,13442.119999999908,13442.119999999908
2026-01-14 16:57:00,13442.119999999908,13442.119999999908
2026-01-14 17:57:00,13442.119999999908,13442.119999999908
2026-01-14 18:57:00,13442.119999999908,13442.119999999908
2026-01-14 19:57:00,13442.119999999908,13442.119999999908
2026-01-14 20:57:00,13442.119999999908,13442.119999999908
2026-01-14 21:57:00,13442.119999999908,13442.119999999908
2026-01-14 22:57:00,13442.119999999908,13442.119999999908
2026-01-14 23:57:00,13442.119999999908,13442.119999999908
2026-01-15 01:58:00,13442.119999999908,13442.119999999908
2026-01-15 02:58:00,13442.119999999908,13442.119999999908
2026-01-15 03:58:00,13442.119999999908,13442.119999999908
2026-01-15 04:58:00,13442.119999999908,13442.119999999908
2026-01-15 05:58:00,13442.119999999908,13442.119999999908
2026-01-15 06:58:00,13442.119999999908,13442.119999999908
2026-01-15 07:58:00,13442.119999999908,13442.119999999908
2026-01-15 08:58:00,13442.119999999908,13442.119999999908
2026-01-15 09:58:00,13442.119999999908,13442.119999999908
2026-01-15 10:58:00,13442.119999999908,13442.119999999908
2026-01-15 11:58:00,13442.119999999908,13442.119999999908
2026-01-15 12:58:00,13442.119999999908,13442.119999999908
2026-01-15 13:58:00,13442.119999999908,13442.119999999908
2026-01-15 14:58:00,13442.119999999908,13442.119999999908
2026-01-15 15:58:00,13442.119999999908,13442.119999999908
2026-01-15 16:58:00,13442.119999999908,13442.119999999908
2026-01-15 17:58:00,13442.119999999908,13442.119999999908
2026-01-15 18:58:00,13442.119999999908,13442.119999999908
2026-01-15 19:58:00,13442.119999999908,13442.119999999908
2026-01-15 20:58:00,13442.119999999908,13442.119999999908
2026-01-15 21:58:00,13442.119999999908,13442.119999999908
2026-01-15 22:58:00,13442.119999999908,13442.119999999908
2026-01-15 23:58:00,13442.119999999908,13442.119999999908
2026-01-16 01:59:00,13442.119999999908,13442.119999999908
2026-01-16 02:59:00,13442.119999999908,13442.119999999908
2026-01-16 03:59:00,13442.119999999908,13442.119999999908
2026-01-16 04:59:00,13442.119999999908,13442.119999999908
2026-01-16 05:59:00,13442.119999999908,13442.119999999908
2026-01-16 06:59:00,13442.119999999908,13442.119999999908
2026-01-16 07:59:00,13442.119999999908,13442.119999999908
2026-01-16 08:59:00,13442.119999999908,13442.119999999908
2026-01-16 09:59:00,13442.119999999908,13442.119999999908
2026-01-16 10:59:00,13442.119999999908,13442.119999999908
2026-01-16 11:59:00,13442.119999999908,13442.119999999908
2026-01-16 12:59:00,13442.119999999908,13442.119999999908
2026-01-16 13:59:00,13442.119999999908,13442.119999999908
2026-01-16 14:59:00,13442.119999999908,13442.119999999908
2026-01-16 15:59:00,13442.119999999908,13442.119999999908
2026-01-16 16:59:00,13442.119999999908,13442.119999999908
2026-01-16 17:59:00,13442.119999999908,13442.119999999908
2026-01-16 18:59:00,13442.119999999908,13442.119999999908
2026-01-16 19:59:00,13442.119999999908,13442.119999999908
2026-01-16 20:59:00,13442.119999999908,13442.119999999908
2026-01-16 21:59:00,13442.119999999908,13442.119999999908
2026-01-16 22:59:00,13442.119999999908,13442.119999999908
2026-01-19 01:00:00,13442.119999999908,13442.119999999908
2026-01-19 02:00:00,13442.119999999908,13442.119999999908
2026-01-19 03:00:00,13442.119999999908,13442.119999999908
2026-01-19 04:00:00,13442.119999999908,13442.119999999908
2026-01-19 05:00:00,13441.83999999991,13488.83999999991
2026-01-19 06:00:00,13441.83999999991,13461.319999999909
2026-01-19 07:00:00,13441.83999999991,13485.35999999991
2026-01-19 08:00:00,13441.83999999991,13506.919999999907
2026-01-19 09:00:00,13441.83999999991,13528.35999999991
2026-01-19 10:00:00,13441.83999999991,13495.399999999907
2026-01-19 11:00:00,13441.83999999991,13479.799999999908
2026-01-19 12:00:00,13441.83999999991,13500.959999999908
2026-01-19 13:00:00,13441.83999999991,13483.239999999907
2026-01-19 14:00:00,13441.83999999991,13475.999999999909
2026-01-19 15:00:00,13441.83999999991,13518.319999999909
2026-01-19 16:00:00,13441.83999999991,13495.87999999991
2026-01-19 17:00:00,13441.83999999991,13498.799999999908
2026-01-19 18:00:00,13441.83999999991,13528.51999999991
2026-01-19 19:00:00,13441.83999999991,13518.239999999907
2026-01-19 20:00:00,13441.83999999991,13529.439999999908
2026-01-19 21:00:00,13441.83999999991,13530.35999999991
2026-01-20 01:06:00,13439.83999999991,13500.959999999908
2026-01-20 02:06:00,13439.83999999991,13489.35999999991
2026-01-20 03:06:00,13439.83999999991,13505.479999999909
2026-01-20 04:06:00,13439.83999999991,13508.999999999909
2026-01-20 05:06:00,13439.83999999991,13494.51999999991
2026-01-20 06:06:00,13439.83999999991,13552.439999999908
2026-01-20 07:06:00,13439.83999999991,13628.079999999907
2026-01-20 08:06:00,13439.83999999991,13692.51999999991
2026-01-20 09:06:00,13439.83999999991,13679.919999999907
2026-01-20 10:06:00,13575.719999999907,13707.679999999906
2026-01-20 11:06:00,13575.719999999907,13730.819999999907
2026-01-20 12:06:00,13575.719999999907,13732.479999999907
2026-01-20 13:06:00,13574.319999999907,13595.319999999905
2026-01-20 14:06:00,13439.119999999923,13597.039999999923
2026-01-20 15:06:00,13439.119999999923,13582.179999999922
2026-01-20 16:06:00,13439.119999999923,13602.199999999923
2026-01-20 17:06:00,13439.119999999923,13620.619999999923
2026-01-20 18:06:00,13609.799999999908,13824.259999999906
2026-01-20 19:06:00,13834.039999999906,14025.159999999905
2026-01-20 20:06:00,13834.039999999906,14050.659999999905
2026-01-20 21:06:00,13834.039999999906,14045.679999999906
2026-01-20 22:06:00,13834.039999999906,14040.239999999905
2026-01-20 23:06:00,13834.039999999906,14046.299999999907
2026-01-21 01:07:00,13831.039999999906,14047.159999999905
2026-01-21 02:07:00,13831.039999999906,14073.279999999906
2026-01-21 03:07:00,13831.039999999906,14118.719999999907
2026-01-21 04:07:00,13831.039999999906,14196.979999999907
2026-01-21 05:07:00,13831.039999999906,14215.019999999906
2026-01-21 06:07:00,13831.039999999906,14206.839999999906
2026-01-21 07:07:00,13831.039999999906,14245.299999999907
2026-01-21 08:07:00,13831.039999999906,14260.039999999906
2026-01-21 09:07:00,13688.479999999905,14062.059999999905
2026-01-21 10:07:00,13688.479999999905,14106.139999999905
2026-01-21 11:07:00,13688.479999999905,14098.119999999904
2026-01-21 12:07:00,13688.479999999905,14113.519999999904
2026-01-21 13:07:00,13688.479999999905,14108.139999999905
2026-01-21 14:07:00,13688.479999999905,14109.679999999904
2026-01-21 15:07:00,13688.479999999905,14112.099999999904
2026-01-21 16:07:00,13688.479999999905,14110.859999999904
2026-01-21 17:07:00,13688.479999999905,14113.119999999904
2026-01-21 18:07:00,13790.959999999903,14385.659999999905
2026-01-21 19:07:00,13790.959999999903,14208.9799999999
2026-01-21 20:07:00,13806.989999999907,14187.869999999904
2026-01-21 21:07:00,13824.859999999906,14311.579999999905
2026-01-21 22:07:00,13860.399999999905,14116.959999999905
2026-01-21 23:07:00,13860.399999999905,14185.759999999904
2026-01-22 01:08:00,13859.399999999905,14170.319999999905
2026-01-22 02:08:00,13859.399999999905,14132.099999999904
2026-01-22 03:08:00,13859.399999999905,14121.179999999904
2026-01-22 04:08:00,13859.399999999905,14133.059999999905
2026-01-22 05:08:00,13859.399999999905,14123.339999999906
2026-01-22 06:08:00,13859.399999999905,14150.439999999904
2026-01-22 07:08:00,13859.399999999905,14149.719999999905
2026-01-22 08:08:00,13859.399999999905,14196.639999999905
2026-01-22 09:08:00,13859.399999999905,14217.139999999905
2026-01-22 10:08:00,13859.399999999905,14217.479999999905
2026-01-22 11:08:00,13859.399999999905,14218.659999999905
2026-01-22 12:08:00,13928.939999999902,14365.079999999902
2026-01-22 13:08:00,13928.939999999902,14522.4799999999
2026-01-22 14:08:00,14035.219999999901,14491.0799999999
2026-01-22 15:08:00,14034.619999999904,14418.479999999901
2026-01-22 16:08:00,14034.019999999902,14375.319999999901
2026-01-22 17:08:00,14034.019999999902,14394.259999999902
2026-01-22 18:08:00,14034.019999999902,14470.939999999902
2026-01-22 19:08:00,14034.019999999902,14470.799999999901
2026-01-22 20:08:00,14034.019999999902,14554.019999999902
2026-01-22 21:08:00,14034.019999999902,14572.879999999901
2026-01-22 22:08:00,14034.019999999902,14572.719999999901
2026-01-22 23:08:00,14595.239999999898,14670.979999999896
2026-01-23 01:09:00,14932.639999999896,14932.639999999896
2026-01-23 02:09:00,14932.639999999896,14932.639999999896
2026-01-23 03:09:00,14931.589999999896,14949.739999999896
2026-01-23 04:09:00,14947.819999999903,14947.819999999903
2026-01-23 05:09:00,14947.819999999903,14947.819999999903
2026-01-23 06:09:00,14947.819999999903,14947.819999999903
2026-01-23 07:09:00,14947.819999999903,14947.819999999903
2026-01-23 08:09:00,14947.819999999903,14947.819999999903
2026-01-23 09:09:00,14947.819999999903,14947.819999999903
2026-01-23 10:09:00,14947.819999999903,14947.819999999903
2026-01-23 11:09:00,14947.819999999903,14947.819999999903
2026-01-23 12:09:00,14947.819999999903,14947.819999999903
2026-01-23 13:09:00,14947.819999999903,14947.819999999903
2026-01-23 14:09:00,14947.819999999903,14947.819999999903
2026-01-23 15:09:00,14947.819999999903,14947.819999999903
2026-01-23 16:09:00,14947.819999999903,14947.819999999903
2026-01-23 17:09:00,14947.819999999903,14947.819999999903
2026-01-23 18:09:00,14947.819999999903,14947.819999999903
2026-01-23 19:09:00,14947.819999999903,14947.819999999903
2026-01-23 20:09:00,14968.4599999999,15041.059999999903
2026-01-23 21:09:00,15011.179999999898,15011.179999999898
2026-01-23 22:09:00,15011.179999999898,15011.179999999898
2026-01-23 23:09:00,15011.179999999898,15011.179999999898
2026-01-26 01:10:00,15011.179999999898,15011.179999999898
2026-01-26 02:10:00,15011.179999999898,15011.179999999898
2026-01-26 03:10:00,15011.179999999898,15011.179999999898
2026-01-26 04:10:00,15011.179999999898,15011.179999999898
2026-01-26 05:10:00,15011.179999999898,15011.179999999898
2026-01-26 06:10:00,15011.179999999898,15011.179999999898
2026-01-26 07:10:00,15011.179999999898,15011.179999999898
2026-01-26 08:10:00,15011.179999999898,15011.179999999898
2026-01-26 09:10:00,15011.179999999898,15011.179999999898
2026-01-26 10:10:00,15011.179999999898,15011.179999999898
2026-01-26 11:10:00,15011.179999999898,15011.179999999898
2026-01-26 12:10:00,15011.179999999898,15011.179999999898
2026-01-26 13:10:00,15009.849999999899,15010.609999999899
2026-01-26 14:10:00,15064.189999999893,15064.189999999893
2026-01-26 15:10:00,15064.189999999893,15064.189999999893
2026-01-26 16:10:00,15064.189999999893,15064.189999999893
2026-01-26 17:10:00,15064.189999999893,15064.189999999893
2026-01-26 18:10:00,15064.189999999893,15064.189999999893
2026-01-26 19:10:00,15064.189999999893,15064.189999999893
2026-01-26 20:10:00,15064.189999999893,15064.189999999893
2026-01-26 21:10:00,15153.609999999891,15378.72999999989
2026-01-26 22:10:00,14998.609999999877,14998.609999999877
2026-01-26 23:10:00,14998.609999999877,14998.609999999877
2026-01-27 01:11:00,14998.609999999877,14998.609999999877
2026-01-27 02:11:00,14998.609999999877,14998.609999999877
2026-01-27 03:11:00,14859.209999999877,14859.209999999877
2026-01-27 04:11:00,14870.729999999878,15026.959999999879
2026-01-27 05:11:00,14912.079999999878,15050.32999999988
2026-01-27 06:11:00,14912.079999999878,15099.019999999879
2026-01-27 07:11:00,14912.079999999878,14975.989999999878
2026-01-27 08:11:00,14945.339999999878,15159.029999999882
2026-01-27 09:11:00,14945.339999999878,15258.869999999879
2026-01-27 10:11:00,14945.339999999878,15187.829999999878
2026-01-27 11:11:00,14945.339999999878,15201.429999999877
2026-01-27 12:11:00,14945.339999999878,15262.469999999877
2026-01-27 13:11:00,14945.339999999878,15218.309999999881
2026-01-27 14:11:00,14945.339999999878,15167.109999999877
2026-01-27 15:11:00,14945.339999999878,15208.069999999876
2026-01-27 16:11:00,14945.339999999878,15040.069999999876
2026-01-27 17:11:00,14996.609999999884,14996.609999999884
2026-01-27 18:11:00,14996.609999999884,14996.609999999884
2026-01-27 19:11:00,14996.609999999884,14996.609999999884
2026-01-27 20:11:00,14996.609999999884,14996.609999999884
2026-01-27 21:11:00,14996.609999999884,14996.609999999884
2026-01-27 22:11:00,14996.609999999884,14996.609999999884
2026-01-27 23:11:00,14996.609999999884,14996.609999999884
2026-01-28 01:12:00,14996.609999999884,14996.609999999884
2026-01-28 02:12:00,14996.609999999884,14996.609999999884
2026-01-28 03:12:00,14996.609999999884,14996.609999999884
2026-01-28 04:12:00,14996.609999999884,14996.609999999884
2026-01-28 05:12:00,14996.609999999884,14996.609999999884
2026-01-28 06:12:00,14996.609999999884,14996.609999999884
2026-01-28 07:12:00,14996.609999999884,14996.609999999884
2026-01-28 08:12:00,14996.609999999884,14996.609999999884
2026-01-28 09:12:00,14996.609999999884,14996.609999999884
2026-01-28 10:12:00,14996.609999999884,14996.609999999884
2026-01-28 11:12:00,14996.609999999884,14996.609999999884
2026-01-28 12:12:00,14996.609999999884,14996.609999999884
2026-01-28 13:12:00,14996.609999999884,14996.609999999884
2026-01-28 14:12:00,14996.609999999884,14996.609999999884
2026-01-28 15:12:00,14996.609999999884,14996.609999999884
2026-01-28 16:12:00,14996.609999999884,14996.609999999884
2026-01-28 17:12:00,14847.96999999988,14847.96999999988
2026-01-28 18:12:00,14847.96999999988,14847.96999999988
2026-01-28 19:12:00,14847.96999999988,14847.96999999988
2026-01-28 20:12:00,14847.96999999988,14847.96999999988
2026-01-28 21:12:00,14847.96999999988,14847.96999999988
2026-01-28 22:12:00,14847.96999999988,14847.96999999988
2026-01-28 23:12:00,14847.96999999988,14847.96999999988
2026-01-29 01:13:00,14847.96999999988,14847.96999999988
2026-01-29 02:13:00,14847.96999999988,14847.96999999988
2026-01-29 03:13:00,14847.96999999988,14847.96999999988
2026-01-29 04:13:00,14847.96999999988,14847.96999999988
2026-01-29 05:13:00,14847.96999999988,14847.96999999988
2026-01-29 06:13:00,14847.96999999988,14847.96999999988
2026-01-29 07:13:00,14847.96999999988,14847.96999999988
2026-01-29 08:13:00,14847.96999999988,14847.96999999988
2026-01-29 09:13:00,14847.96999999988,14847.96999999988
2026-01-29 10:13:00,14847.96999999988,14847.96999999988
2026-01-29 11:13:00,14701.339999999876,14701.339999999876
2026-01-29 12:13:00,14701.339999999876,14701.339999999876
2026-01-29 13:13:00,14701.339999999876,14701.339999999876
2026-01-29 14:13:00,14701.339999999876,14701.339999999876
2026-01-29 15:13:00,14701.339999999876,14701.339999999876
2026-01-29 16:13:00,14701.339999999876,14701.339999999876
2026-01-29 17:13:00,14701.339999999876,14701.339999999876
2026-01-29 18:13:00,14701.339999999876,14701.339999999876
2026-01-29 19:13:00,14701.339999999876,14701.339999999876
2026-01-29 20:13:00,14582.779999999877,14582.779999999877
2026-01-29 21:13:00,14582.779999999877,14582.779999999877
2026-01-29 22:13:00,14582.779999999877,14582.779999999877
2026-01-29 23:13:00,14582.709999999877,14584.019999999877
2026-01-30 01:14:00,14582.719999999877,14560.119999999879
2026-01-30 02:14:00,14582.719999999877,14489.919999999878
2026-01-30 03:14:00,14662.099999999878,14856.809999999878
2026-01-30 04:14:00,14662.099999999878,15049.829999999878
2026-01-30 05:14:00,14661.959999999879,15176.929999999877
2026-01-30 06:14:00,14661.959999999879,15046.009999999875
2026-01-30 07:14:00,14661.959999999879,15005.569999999876
2026-01-30 08:14:00,14661.959999999879,15138.249999999876
2026-01-30 09:14:00,14730.259999999878,15238.309999999876
2026-01-30 10:14:00,14730.259999999878,15320.119999999877
2026-01-30 11:14:00,15047.779999999879,15589.879999999877
2026-01-30 12:14:00,15047.779999999879,15569.959999999877
2026-01-30 13:14:00,15047.779999999879,15407.039999999877
2026-01-30 14:14:00,15047.779999999879,15389.679999999877
2026-01-30 15:14:00,15047.779999999879,15495.539999999877
2026-01-30 16:14:00,15047.779999999879,15540.959999999877
2026-01-30 17:14:00,15047.779999999879,15591.639999999878
2026-01-30 18:14:00,15047.779999999879,15586.319999999878
2026-01-30 19:14:00,15320.999999999878,15792.469999999877
2026-01-30 20:14:00,15821.349999999878,15821.349999999878
2026-01-30 21:14:00,15821.349999999878,15821.349999999878
2026-01-30 22:14:00,15821.349999999878,15821.349999999878
2026-01-30 23:14:00,15821.349999999878,15821.349999999878
2026-02-02 01:15:00,15821.209999999879,15787.12999999988
2026-02-02 02:15:00,15888.81999999988,15902.80999999988
2026-02-02 03:15:00,15888.71999999988,16168.579999999878
2026-02-02 04:15:00,15888.71999999988,16040.419999999878
2026-02-02 05:15:00,15888.71999999988,16161.359999999879
2026-02-02 06:15:00,15888.71999999988,16165.07999999988
2026-02-02 07:15:00,15888.71999999988,16192.39999999988
2026-02-02 08:15:00,15888.71999999988,16421.219999999877
2026-02-02 09:15:00,16674.37999999988,16674.37999999988
2026-02-02 10:15:00,16674.37999999988,16674.37999999988
2026-02-02 11:15:00,16674.37999999988,16674.37999999988
2026-02-02 12:15:00,16674.37999999988,16674.37999999988
2026-02-02 13:15:00,16674.37999999988,16674.37999999988
2026-02-02 14:15:00,16674.37999999988,16674.37999999988
2026-02-02 15:15:00,16674.37999999988,16674.37999999988
2026-02-02 16:15:00,16674.37999999988,16674.37999999988
2026-02-02 17:15:00,16674.37999999988,16674.37999999988
2026-02-02 18:15:00,16674.37999999988,16674.37999999988
2026-02-02 19:15:00,16674.37999999988,16674.37999999988
2026-02-02 20:15:00,16674.37999999988,16674.37999999988
2026-02-02 21:15:00,16674.37999999988,16674.37999999988
2026-02-02 22:15:00,16674.37999999988,16674.37999999988
2026-02-02 23:15:00,16674.37999999988,16674.37999999988
2026-02-03 01:16:00,16674.37999999988,16674.37999999988
2026-02-03 02:16:00,16674.37999999988,16674.37999999988
2026-02-03 03:16:00,16674.37999999988,16674.37999999988
2026-02-03 04:16:00,16674.37999999988,16674.37999999988
2026-02-03 05:16:00,16674.37999999988,16674.37999999988
2026-02-03 06:16:00,16674.37999999988,16674.37999999988
2026-02-03 07:16:00,16674.37999999988,16674.37999999988
2026-02-03 08:16:00,16674.37999999988,16674.37999999988
2026-02-03 09:16:00,16674.37999999988,16674.37999999988
2026-02-03 10:16:00,16674.37999999988,16674.37999999988
2026-02-03 11:16:00,16674.37999999988,16674.37999999988
2026-02-03 12:16:00,16674.37999999988,16674.37999999988
2026-02-03 13:16:00,16674.37999999988,16674.37999999988
2026-02-03 14:16:00,16674.37999999988,16674.37999999988
2026-02-03 15:16:00,16674.37999999988,16674.37999999988
2026-02-03 16:16:00,16674.37999999988,16674.37999999988
2026-02-03 17:16:00,16674.37999999988,16674.37999999988
2026-02-03 18:16:00,16674.37999999988,16674.37999999988
2026-02-03 19:16:00,16674.37999999988,16674.37999999988
2026-02-03 20:16:00,16674.37999999988,16674.37999999988
2026-02-03 21:16:00,16674.37999999988,16674.37999999988
2026-02-03 22:16:00,16674.37999999988,16674.37999999988
2026-02-03 23:16:00,16674.37999999988,16674.37999999988
2026-02-04 01:17:00,16674.37999999988,16674.37999999988
2026-02-04 02:17:00,16674.37999999988,16674.37999999988
2026-02-04 03:17:00,16674.37999999988,16674.37999999988
2026-02-04 04:17:00,16674.37999999988,16674.37999999988
2026-02-04 05:17:00,16674.37999999988,16674.37999999988
2026-02-04 06:17:00,16674.37999999988,16674.37999999988
2026-02-04 07:17:00,16674.37999999988,16674.37999999988
2026-02-04 08:17:00,16674.37999999988,16674.37999999988
2026-02-04 09:17:00,16674.37999999988,16674.37999999988
2026-02-04 10:17:00,16674.37999999988,16674.37999999988
2026-02-04 11:17:00,16674.37999999988,16674.37999999988
2026-02-04 12:17:00,16674.37999999988,16674.37999999988
2026-02-04 13:17:00,16674.37999999988,16674.37999999988
2026-02-04 14:17:00,16674.37999999988,16674.37999999988
2026-02-04 15:17:00,16674.37999999988,16674.37999999988
2026-02-04 16:17:00,16674.37999999988,16674.37999999988
2026-02-04 17:17:00,16674.37999999988,16674.37999999988
2026-02-04 18:17:00,16674.37999999988,16674.37999999988
2026-02-04 19:17:00,16674.37999999988,16674.37999999988
2026-02-04 20:17:00,16674.37999999988,16674.37999999988
2026-02-04 21:17:00,16674.37999999988,16674.37999999988
2026-02-04 22:17:00,16674.37999999988,16674.37999999988
2026-02-04 23:17:00,16674.37999999988,16674.37999999988
2026-02-05 01:18:00,16674.37999999988,16674.37999999988
2026-02-05 02:18:00,16674.37999999988,16674.37999999988
2026-02-05 03:18:00,16674.37999999988,16674.37999999988
2026-02-05 04:18:00,16674.37999999988,16674.37999999988
2026-02-05 05:18:00,16674.37999999988,16674.37999999988
2026-02-05 06:18:00,16674.37999999988,16674.37999999988
2026-02-05 07:18:00,16674.37999999988,16674.37999999988
2026-02-05 08:18:00,16674.37999999988,16674.37999999988
2026-02-05 09:18:00,16674.37999999988,16674.37999999988
2026-02-05 10:18:00,16674.37999999988,16674.37999999988
2026-02-05 11:18:00,16674.099999999882,16661.69999999988
2026-02-05 12:18:00,16698.369999999886,16690.689999999886
2026-02-05 13:18:00,16698.369999999886,16754.609999999884
2026-02-05 14:18:00,16722.91999999989,16722.91999999989
2026-02-05 15:18:00,16722.91999999989,16722.91999999989
2026-02-05 16:18:00,16722.91999999989,16722.91999999989
2026-02-05 17:18:00,16722.91999999989,16722.91999999989
2026-02-05 18:18:00,16722.91999999989,16722.91999999989
2026-02-05 19:18:00,16722.91999999989,16722.91999999989
2026-02-05 20:18:00,16722.91999999989,16722.91999999989
2026-02-05 21:18:00,16722.91999999989,16722.91999999989
2026-02-05 22:18:00,16722.91999999989,16722.91999999989
2026-02-05 23:18:00,16722.91999999989,16722.91999999989
2026-02-06 01:19:00,16722.91999999989,16722.91999999989
2026-02-06 02:19:00,16722.91999999989,16722.91999999989
2026-02-06 03:19:00,16722.91999999989,16722.91999999989
2026-02-06 04:19:00,16722.91999999989,16722.91999999989
2026-02-06 05:19:00,16722.91999999989,16722.91999999989
2026-02-06 06:19:00,16722.91999999989,16722.91999999989
2026-02-06 07:19:00,16722.91999999989,16722.91999999989
2026-02-06 08:19:00,16722.91999999989,16722.91999999989
2026-02-06 09:19:00,16722.91999999989,16722.91999999989
2026-02-06 10:19:00,16722.91999999989,16722.91999999989
2026-02-06 11:19:00,16722.91999999989,16722.91999999989
2026-02-06 12:19:00,16722.91999999989,16722.91999999989
2026-02-06 13:19:00,16722.91999999989,16722.91999999989
2026-02-06 14:19:00,16722.91999999989,16722.91999999989
2026-02-06 15:19:00,16722.91999999989,16722.91999999989
2026-02-06 16:19:00,16722.91999999989,16722.91999999989
2026-02-06 17:19:00,16722.63999999989,16716.159999999887
2026-02-06 18:19:00,16722.63999999989,16730.59999999989
2026-02-06 19:19:00,16743.60999999989,16688.649999999892
2026-02-06 20:19:00,16743.60999999989,16666.289999999888
2026-02-06 21:19:00,16743.60999999989,16687.96999999989
2026-02-06 22:19:00,16743.60999999989,16710.44999999989
2026-02-06 23:19:00,16743.60999999989,16719.20999999989
2026-02-09 01:20:00,16586.689999999893,16586.689999999893
2026-02-09 02:20:00,16586.689999999893,16586.689999999893
2026-02-09 03:20:00,16616.149999999896,16633.049999999897
2026-02-09 04:20:00,16464.849999999893,16464.849999999893
2026-02-09 05:20:00,16464.849999999893,16464.849999999893
2026-02-09 06:20:00,16464.849999999893,16464.849999999893
2026-02-09 07:20:00,16464.849999999893,16464.849999999893
2026-02-09 08:20:00,16464.849999999893,16464.849999999893
2026-02-09 09:20:00,16464.849999999893,16464.849999999893
2026-02-09 10:20:00,16464.849999999893,16464.849999999893
2026-02-09 11:20:00,16464.849999999893,16464.849999999893
2026-02-09 12:20:00,16464.849999999893,16464.849999999893
2026-02-09 13:20:00,16464.849999999893,16464.849999999893
2026-02-09 14:20:00,16464.849999999893,16464.849999999893
2026-02-09 15:20:00,16464.849999999893,16464.849999999893
2026-02-09 16:20:00,16464.849999999893,16464.849999999893
2026-02-09 17:20:00,16464.849999999893,16464.849999999893
2026-02-09 18:20:00,16464.849999999893,16464.849999999893
2026-02-09 19:20:00,16464.849999999893,16464.849999999893
2026-02-09 20:20:00,16464.219999999892,16460.709999999897
2026-02-09 21:20:00,16484.31999999989,16589.52999999989
2026-02-09 22:20:00,16524.51999999989,16666.969999999892
2026-02-09 23:20:00,16524.51999999989,16583.219999999892
2026-02-10 01:21:00,16524.01999999989,16524.01999999989
2026-02-10 02:21:00,16523.38999999989,16557.319999999894
2026-02-10 03:21:00,16587.109999999888,16671.459999999886
2026-02-10 04:21:00,16586.609999999888,16586.609999999888
2026-02-10 05:21:00,16586.609999999888,16586.609999999888
2026-02-10 06:21:00,16586.609999999888,16586.609999999888
2026-02-10 07:21:00,16586.609999999888,16586.609999999888
2026-02-10 08:21:00,16586.609999999888,16586.609999999888
2026-02-10 09:21:00,16586.609999999888,16586.609999999888
2026-02-10 10:21:00,16586.609999999888,16586.609999999888
2026-02-10 11:21:00,16586.609999999888,16586.609999999888
2026-02-10 12:21:00,16586.609999999888,16586.609999999888
2026-02-10 13:21:00,16586.609999999888,16586.609999999888
2026-02-10 14:21:00,16586.609999999888,16586.609999999888
2026-02-10 15:21:00,16586.609999999888,16586.609999999888
2026-02-10 16:21:00,16586.609999999888,16586.609999999888
2026-02-10 17:21:00,16586.609999999888,16586.609999999888
2026-02-10 18:21:00,16586.609999999888,16586.609999999888
2026-02-10 19:21:00,16586.609999999888,16586.609999999888
2026-02-10 20:21:00,16586.609999999888,16586.609999999888
2026-02-10 21:21:00,16586.609999999888,16586.609999999888
2026-02-10 22:21:00,16586.609999999888,16586.609999999888
2026-02-10 23:21:00,16586.609999999888,16586.609999999888
2026-02-11 01:22:00,16586.609999999888,16586.609999999888
2026-02-11 02:22:00,16586.609999999888,16586.609999999888
2026-02-11 03:22:00,16586.609999999888,16586.609999999888
2026-02-11 04:22:00,16586.609999999888,16586.609999999888
2026-02-11 05:22:00,16586.609999999888,16586.609999999888
2026-02-11 06:22:00,16586.609999999888,16586.609999999888
2026-02-11 07:22:00,16586.609999999888,16586.609999999888
2026-02-11 08:22:00,16586.609999999888,16586.609999999888
2026-02-11 09:22:00,16586.609999999888,16586.609999999888
2026-02-11 10:22:00,16586.609999999888,16586.609999999888
2026-02-11 11:22:00,16586.609999999888,16586.609999999888
2026-02-11 12:22:00,16586.609999999888,16586.609999999888
2026-02-11 13:22:00,16586.609999999888,16586.609999999888
2026-02-11 14:22:00,16586.609999999888,16586.609999999888
2026-02-11 15:22:00,16586.609999999888,16586.609999999888
2026-02-11 16:22:00,16586.609999999888,16586.609999999888
2026-02-11 17:22:00,16586.609999999888,16586.609999999888
2026-02-11 18:22:00,16586.609999999888,16586.609999999888
2026-02-11 19:22:00,16586.609999999888,16586.609999999888
2026-02-11 20:22:00,16586.609999999888,16586.609999999888
2026-02-11 21:22:00,16586.609999999888,16586.609999999888
2026-02-11 22:22:00,16586.609999999888,16586.609999999888
2026-02-11 23:22:00,16586.609999999888,16586.609999999888
2026-02-12 01:23:00,16586.609999999888,16586.609999999888
2026-02-12 02:23:00,16586.609999999888,16586.609999999888
2026-02-12 03:23:00,16586.609999999888,16586.609999999888
2026-02-12 04:23:00,16586.609999999888,16586.609999999888
2026-02-12 05:23:00,16586.609999999888,16586.609999999888
2026-02-12 06:23:00,16586.609999999888,16586.609999999888
2026-02-12 07:23:00,16586.609999999888,16586.609999999888
2026-02-12 08:23:00,16586.609999999888,16586.609999999888
2026-02-12 09:23:00,16586.609999999888,16586.609999999888
2026-02-12 10:23:00,16586.609999999888,16586.609999999888
2026-02-12 11:23:00,16586.609999999888,16586.609999999888
2026-02-12 12:23:00,16605.66999999989,16709.589999999887
2026-02-12 13:23:00,16645.18999999989,16744.309999999892
2026-02-12 14:23:00,16645.18999999989,16745.089999999887
2026-02-12 15:23:00,16645.18999999989,16681.369999999886
2026-02-12 16:23:00,16644.58999999989,16644.58999999989
2026-02-12 17:23:00,16644.58999999989,16644.58999999989
2026-02-12 18:23:00,16644.58999999989,16644.58999999989
2026-02-12 19:23:00,16644.58999999989,16644.58999999989
2026-02-12 20:23:00,16644.58999999989,16644.58999999989
2026-02-12 21:23:00,16644.58999999989,16644.58999999989
2026-02-12 22:23:00,16644.58999999989,16644.58999999989
2026-02-12 23:23:00,16644.58999999989,16644.58999999989
2026-02-13 01:24:00,16644.58999999989,16644.58999999989
2026-02-13 02:24:00,16644.58999999989,16644.58999999989
2026-02-13 03:24:00,16644.58999999989,16644.58999999989
2026-02-13 04:24:00,16644.44999999989,16642.48999999989
2026-02-13 05:24:00,16644.44999999989,16657.54999999989
2026-02-13 06:24:00,16644.44999999989,16630.98999999989
2026-02-13 07:24:00,16644.44999999989,16644.469999999892
2026-02-13 08:24:00,16644.029999999893,16657.149999999892
2026-02-13 09:24:00,16644.029999999893,16701.06999999989
2026-02-13 10:24:00,16658.769999999895,16747.649999999892
2026-02-13 11:24:00,16658.769999999895,16747.049999999894
2026-02-13 12:24:00,16658.2699999999,16682.0099999999
2026-02-13 13:24:00,16658.2699999999,16744.229999999898
2026-02-13 14:24:00,16658.2699999999,16680.449999999895
2026-02-13 15:24:00,16658.2699999999,16683.7899999999
2026-02-13 16:24:00,16658.2699999999,16620.0899999999
2026-02-13 17:24:00,16658.2699999999,16618.449999999895
2026-02-13 18:24:00,16671.799999999897,16747.639999999898
2026-02-13 19:24:00,16699.8399999999,16764.0599999999
2026-02-13 20:24:00,16699.8399999999,16807.4899999999
2026-02-13 21:24:00,16640.169999999896,16865.609999999895
2026-02-13 22:24:00,16640.169999999896,16814.0899999999
2026-02-13 23:24:00,16640.169999999896,16816.0899999999
2026-02-16 01:25:00,16824.709999999897,16980.5899999999
2026-02-16 02:25:00,16824.709999999897,16909.709999999897
2026-02-16 03:25:00,16824.709999999897,16991.509999999897
2026-02-16 04:25:00,16824.709999999897,16959.989999999896
2026-02-16 05:25:00,16824.709999999897,16861.7899999999
2026-02-16 06:25:00,16824.309999999896,16824.309999999896
2026-02-16 07:25:00,16824.309999999896,16824.309999999896
2026-02-16 08:25:00,16824.309999999896,16824.309999999896
2026-02-16 09:25:00,16824.309999999896,16824.309999999896
2026-02-16 10:25:00,16885.899999999892,16936.389999999894
2026-02-16 11:25:00,16884.799999999886,16884.799999999886
2026-02-16 12:25:00,16884.799999999886,16884.799999999886
2026-02-16 13:25:00,16884.799999999886,16884.799999999886
2026-02-16 14:25:00,16884.799999999886,16884.799999999886
2026-02-16 15:25:00,16884.799999999886,16884.799999999886
2026-02-16 16:25:00,16884.799999999886,16884.799999999886
2026-02-16 17:25:00,16882.839999999887,16964.599999999864
2026-02-16 18:25:00,16882.839999999887,17044.67999999988
2026-02-16 19:25:00,17006.49999999989,17262.819999999883
2026-02-16 20:25:00,17006.49999999989,17295.93999999988
2026-02-16 21:25:00,17006.49999999989,17227.459999999883
2026-02-17 01:54:00,16998.49999999989,17264.099999999882
2026-02-17 02:54:00,16834.21999999988,16834.21999999988
2026-02-17 03:54:00,16834.21999999988,16834.21999999988
2026-02-17 04:54:00,16834.21999999988,16834.21999999988
2026-02-17 05:54:00,16834.21999999988,16834.21999999988
2026-02-17 06:54:00,16834.21999999988,16834.21999999988
2026-02-17 07:54:00,16670.65999999988,16670.65999999988
2026-02-17 08:54:00,16670.65999999988,16670.65999999988
2026-02-17 09:54:00,16670.65999999988,16670.65999999988
2026-02-17 10:54:00,16670.65999999988,16670.65999999988
2026-02-17 11:54:00,16670.65999999988,16670.65999999988
2026-02-17 12:54:00,16670.65999999988,16670.65999999988
2026-02-17 13:54:00,16670.65999999988,16670.65999999988
2026-02-17 14:54:00,16670.65999999988,16670.65999999988
2026-02-17 15:54:00,16670.65999999988,16670.65999999988
2026-02-17 16:54:00,16670.65999999988,16670.65999999988
2026-02-17 17:54:00,16670.65999999988,16670.65999999988
2026-02-17 18:54:00,16670.65999999988,16670.65999999988
2026-02-17 19:54:00,16670.65999999988,16670.65999999988
2026-02-17 20:54:00,16670.65999999988,16670.65999999988
2026-02-17 21:54:00,16670.65999999988,16670.65999999988
2026-02-17 22:54:00,16670.65999999988,16670.65999999988
2026-02-17 23:54:00,16670.65999999988,16670.65999999988
2026-02-18 01:55:00,16670.65999999988,16670.65999999988
2026-02-18 02:55:00,16670.65999999988,16670.65999999988
2026-02-18 03:55:00,16670.65999999988,16670.65999999988
2026-02-18 04:55:00,16670.65999999988,16670.65999999988
2026-02-18 05:55:00,16670.65999999988,16670.65999999988
2026-02-18 06:55:00,16670.65999999988,16670.65999999988
2026-02-18 07:55:00,16670.65999999988,16670.65999999988
2026-02-18 08:55:00,16670.65999999988,16670.65999999988
2026-02-18 09:55:00,16670.65999999988,16670.65999999988
2026-02-18 10:55:00,16670.65999999988,16670.65999999988
2026-02-18 11:55:00,16670.65999999988,16670.65999999988
2026-02-18 12:55:00,16670.65999999988,16670.65999999988
2026-02-18 13:55:00,16670.65999999988,16670.65999999988
2026-02-18 14:55:00,16670.65999999988,16670.65999999988
2026-02-18 15:55:00,16670.65999999988,16670.65999999988
2026-02-18 16:55:00,16670.65999999988,16670.65999999988
2026-02-18 17:55:00,16670.65999999988,16670.65999999988
2026-02-18 18:55:00,16670.65999999988,16670.65999999988
2026-02-18 19:55:00,16670.65999999988,16670.65999999988
2026-02-18 20:55:00,16670.65999999988,16670.65999999988
2026-02-18 21:55:00,16669.95999999988,16689.359999999884
2026-02-18 22:55:00,16669.95999999988,16693.25999999988
2026-02-18 23:55:00,16669.95999999988,16651.759999999882
2026-02-19 01:56:00,16511.759999999882,16511.759999999882
2026-02-19 02:56:00,16511.759999999882,16511.759999999882
2026-02-19 03:56:00,16511.759999999882,16511.759999999882
2026-02-19 04:56:00,16511.759999999882,16511.759999999882
2026-02-19 05:56:00,16511.759999999882,16511.759999999882
2026-02-19 06:56:00,16511.759999999882,16511.759999999882
2026-02-19 07:56:00,16511.759999999882,16511.759999999882
2026-02-19 08:56:00,16511.759999999882,16511.759999999882
2026-02-19 09:56:00,16511.759999999882,16511.759999999882
2026-02-19 10:56:00,16511.759999999882,16511.759999999882
2026-02-19 11:56:00,16511.759999999882,16511.759999999882
2026-02-19 12:56:00,16511.759999999882,16511.759999999882
2026-02-19 13:56:00,16511.759999999882,16511.759999999882
2026-02-19 14:56:00,16511.759999999882,16511.759999999882
2026-02-19 15:56:00,16511.759999999882,16511.759999999882
2026-02-19 16:56:00,16511.759999999882,16511.759999999882
2026-02-19 17:56:00,16511.759999999882,16511.759999999882
2026-02-19 18:56:00,16658.549999999883,16694.729999999887
2026-02-19 19:56:00,16657.64999999989,16657.64999999989
2026-02-19 20:56:00,16657.64999999989,16657.64999999989
2026-02-19 21:56:00,16657.64999999989,16657.64999999989
2026-02-19 22:56:00,16657.64999999989,16657.64999999989
2026-02-19 23:56:00,16657.64999999989,16657.64999999989
2026-02-20 01:57:00,16657.64999999989,16657.64999999989
2026-02-20 02:57:00,16657.64999999989,16657.64999999989
2026-02-20 03:57:00,16657.64999999989,16657.64999999989
2026-02-20 04:57:00,16657.64999999989,16657.64999999989
2026-02-20 05:57:00,16657.64999999989,16657.64999999989
2026-02-20 06:57:00,16657.64999999989,16657.64999999989
2026-02-20 07:57:00,16657.64999999989,16657.64999999989
2026-02-20 08:57:00,16657.64999999989,16657.64999999989
2026-02-20 09:57:00,16657.64999999989,16657.64999999989
2026-02-20 10:57:00,16657.64999999989,16657.64999999989
2026-02-20 11:57:00,16657.64999999989,16657.64999999989
2026-02-20 12:57:00,16657.64999999989,16657.64999999989
2026-02-20 13:57:00,16656.319999999887,16659.92999999988
2026-02-20 14:57:00,16512.149999999878,16512.149999999878
2026-02-20 15:57:00,16512.149999999878,16512.149999999878
2026-02-20 16:57:00,16512.149999999878,16512.149999999878
2026-02-20 17:57:00,16343.849999999873,16343.849999999873
2026-02-20 18:57:00,16343.849999999873,16343.849999999873
2026-02-20 19:57:00,16343.849999999873,16343.849999999873
2026-02-20 20:57:00,16343.849999999873,16343.849999999873
2026-02-20 21:57:00,16343.849999999873,16343.849999999873
2026-02-20 22:57:00,16343.849999999873,16343.849999999873
2026-02-20 23:57:00,16343.849999999873,16343.849999999873
2026-02-23 01:58:00,16343.849999999873,16343.849999999873
2026-02-23 02:58:00,16343.849999999873,16343.849999999873
2026-02-23 03:58:00,16343.849999999873,16343.849999999873
2026-02-23 04:58:00,16343.849999999873,16343.849999999873
2026-02-23 05:58:00,16343.849999999873,16343.849999999873
2026-02-23 06:58:00,16343.849999999873,16343.849999999873
2026-02-23 07:58:00,16343.849999999873,16343.849999999873
2026-02-23 08:58:00,16343.849999999873,16343.849999999873
2026-02-23 09:58:00,16343.849999999873,16343.849999999873
2026-02-23 10:58:00,16343.849999999873,16343.849999999873
2026-02-23 11:58:00,16343.849999999873,16343.849999999873
2026-02-23 12:58:00,16343.849999999873,16343.849999999873
2026-02-23 13:58:00,16343.849999999873,16343.849999999873
2026-02-23 14:58:00,16343.849999999873,16343.849999999873
2026-02-23 15:58:00,16343.849999999873,16343.849999999873
2026-02-23 16:58:00,16343.849999999873,16343.849999999873
2026-02-23 17:58:00,16343.849999999873,16343.849999999873
2026-02-23 18:58:00,16343.849999999873,16343.849999999873
2026-02-23 19:58:00,16342.729999999874,16521.129999999866
2026-02-23 20:58:00,16391.209999999875,16550.92999999988
2026-02-23 21:58:00,16391.209999999875,16626.769999999877
2026-02-23 22:58:00,16488.00999999988,16815.209999999875
2026-02-23 23:58:00,16525.189999999828,16778.149999999827
2026-02-24 01:59:00,16714.829999999827,16874.309999999827
2026-02-24 02:59:00,16714.829999999827,16826.869999999828
2026-02-24 03:59:00,16235.359999999815,16235.359999999815
2026-02-24 04:59:00,16235.359999999815,16235.359999999815
2026-02-24 05:59:00,16235.359999999815,16235.359999999815
2026-02-24 06:59:00,16235.359999999815,16235.359999999815
2026-02-24 07:59:00,16235.359999999815,16235.359999999815
2026-02-24 08:59:00,16235.359999999815,16235.359999999815
2026-02-24 09:59:00,16256.83999999981,16256.83999999981
2026-02-24 10:59:00,16256.83999999981,16256.83999999981
2026-02-24 11:59:00,16256.83999999981,16256.83999999981
2026-02-24 12:59:00,16256.83999999981,16256.83999999981
2026-02-24 13:59:00,16256.83999999981,16256.83999999981
2026-02-24 14:59:00,16256.83999999981,16256.83999999981
2026-02-24 15:59:00,16256.83999999981,16256.83999999981
2026-02-24 16:59:00,16256.83999999981,16256.83999999981
2026-02-24 17:59:00,16256.83999999981,16256.83999999981
2026-02-24 18:59:00,16256.83999999981,16256.83999999981
2026-02-24 19:59:00,16256.83999999981,16256.83999999981
2026-02-24 20:59:00,16256.83999999981,16256.83999999981
2026-02-24 21:59:00,16256.83999999981,16256.83999999981
2026-02-24 22:59:00,16256.83999999981,16256.83999999981
2026-02-25 01:00:00,16256.83999999981,16256.83999999981
2026-02-25 02:00:00,16089.439999999811,16089.439999999811
2026-02-25 03:00:00,16089.439999999811,16089.439999999811
2026-02-25 04:00:00,16089.439999999811,16089.439999999811
2026-02-25 05:00:00,16109.769999999813,16215.609999999811
2026-02-25 06:00:00,16109.769999999813,16175.569999999818
2026-02-25 07:00:00,16109.069999999818,16109.069999999818
2026-02-25 08:00:00,16109.069999999818,16109.069999999818
2026-02-25 09:00:00,16109.069999999818,16109.069999999818
2026-02-25 10:00:00,16109.069999999818,16109.069999999818
2026-02-25 11:00:00,16109.069999999818,16109.069999999818
2026-02-25 12:00:00,16109.069999999818,16109.069999999818
2026-02-25 13:00:00,16109.069999999818,16109.069999999818
2026-02-25 14:00:00,16109.069999999818,16109.069999999818
2026-02-25 15:00:00,16109.069999999818,16109.069999999818
2026-02-25 16:00:00,16109.069999999818,16109.069999999818
2026-02-25 17:00:00,16109.069999999818,16109.069999999818
2026-02-25 18:00:00,16109.069999999818,16109.069999999818
2026-02-25 19:00:00,16109.069999999818,16109.069999999818
2026-02-25 20:00:00,16172.479999999827,16247.479999999827
2026-02-25 21:00:00,16172.479999999827,16305.319999999823
2026-02-25 22:00:00,16259.12999999983,16329.899999999834
2026-02-25 23:00:00,16501.749999999836,16501.749999999836
2026-02-26 01:01:00,16501.749999999836,16501.749999999836
2026-02-26 02:01:00,16501.749999999836,16501.749999999836
2026-02-26 03:01:00,16501.749999999836,16501.749999999836
2026-02-26 04:01:00,16521.559999999838,16623.759999999842
2026-02-26 05:01:00,16520.229999999843,16588.899999999845
2026-02-26 06:01:00,16540.669999999845,16648.679999999847
2026-02-26 07:01:00,16540.669999999845,16637.129999999852
2026-02-26 08:01:00,16581.549999999846,16680.44999999985
2026-02-26 09:01:00,16581.549999999846,16639.849999999846
2026-02-26 10:01:00,16581.549999999846,16590.299999999846
2026-02-26 11:01:00,16581.049999999846,16581.049999999846
2026-02-26 12:01:00,16581.049999999846,16581.049999999846
2026-02-26 13:01:00,16581.049999999846,16581.049999999846
2026-02-26 14:01:00,16581.049999999846,16581.049999999846
2026-02-26 15:01:00,16581.049999999846,16581.049999999846
2026-02-26 16:01:00,16581.049999999846,16581.049999999846
2026-02-26 17:01:00,16581.049999999846,16581.049999999846
2026-02-26 18:01:00,16581.049999999846,16581.049999999846
2026-02-26 19:01:00,16581.049999999846,16581.049999999846
2026-02-26 20:01:00,16580.699999999848,16563.349999999846
2026-02-26 21:01:00,16580.699999999848,16636.39999999985
2026-02-26 22:01:00,16599.32999999985,16666.16999999985
2026-02-26 23:01:00,16599.32999999985,16698.68999999985
2026-02-27 01:02:00,16597.32999999985,16622.88999999985
2026-02-27 02:02:00,16597.32999999985,16634.32999999985
2026-02-27 03:02:00,16596.579999999856,16587.67999999986
2026-02-27 04:02:00,16453.619999999864,16535.139999999865
2026-02-27 05:02:00,16453.619999999864,16497.819999999865
2026-02-27 06:02:00,16453.619999999864,16503.779999999864
2026-02-27 07:02:00,16453.619999999864,16496.179999999866
2026-02-27 08:02:00,16453.619999999864,16544.659999999865
2026-02-27 09:02:00,16453.619999999864,16511.139999999865
2026-02-27 10:02:00,16453.619999999864,16484.299999999865
2026-02-27 11:02:00,16453.619999999864,16484.499999999865
2026-02-27 12:02:00,16453.21999999987,16453.21999999987
2026-02-27 13:02:00,16453.21999999987,16453.21999999987
2026-02-27 14:02:00,16453.21999999987,16453.21999999987
2026-02-27 15:02:00,16453.21999999987,16453.21999999987
2026-02-27 16:02:00,16453.21999999987,16453.21999999987
2026-02-27 17:02:00,16453.21999999987,16453.21999999987
2026-02-27 18:02:00,16453.21999999987,16453.21999999987
2026-02-27 19:02:00,16453.21999999987,16453.21999999987
2026-02-27 20:02:00,16453.21999999987,16453.21999999987
2026-02-27 21:02:00,16453.21999999987,16453.21999999987
2026-02-27 22:02:00,16453.21999999987,16453.21999999987
2026-02-27 23:02:00,16453.21999999987,16453.21999999987
2026-03-02 01:03:00,16453.21999999987,16453.21999999987
2026-03-02 02:03:00,16453.21999999987,16453.21999999987
2026-03-02 03:03:00,16452.93999999987,16352.199999999873
2026-03-02 04:03:00,16452.93999999987,16381.679999999873
2026-03-02 05:03:00,16452.93999999987,16497.71999999987
2026-03-02 06:03:00,16452.93999999987,16538.519999999873
2026-03-02 07:03:00,16452.93999999987,16492.07999999987
2026-03-02 08:03:00,16452.93999999987,16541.639999999872
2026-03-02 09:03:00,16452.93999999987,16638.27999999987
2026-03-02 10:03:00,16600.429999999873,16722.499999999873
2026-03-02 11:03:00,16600.429999999873,16708.219999999874
2026-03-02 12:03:00,16600.429999999873,16684.57999999987
2026-03-02 13:03:00,16600.429999999873,16693.959999999875
2026-03-02 14:03:00,16600.429999999873,16686.059999999874
2026-03-02 15:03:00,16600.429999999873,16714.299999999872
2026-03-02 16:03:00,16600.429999999873,16685.839999999873
2026-03-02 17:03:00,16600.089999999873,16559.749999999873
2026-03-02 18:03:00,16474.809999999874,16474.809999999874
2026-03-02 19:03:00,16474.809999999874,16474.809999999874
2026-03-02 20:03:00,16474.809999999874,16474.809999999874
2026-03-02 21:03:00,16474.809999999874,16474.809999999874
2026-03-02 22:03:00,16474.809999999874,16474.809999999874
2026-03-02 23:03:00,16474.809999999874,16474.809999999874
2026-03-03 01:04:00,16474.809999999874,16474.809999999874
2026-03-03 02:04:00,16474.809999999874,16474.809999999874
2026-03-03 03:04:00,16474.529999999875,16444.249999999876
2026-03-03 04:04:00,16494.679999999877,16517.659999999876
2026-03-03 05:04:00,16494.099999999882,16439.979999999883
2026-03-03 06:04:00,16494.099999999882,16455.73999999988
2026-03-03 07:04:00,16494.099999999882,16467.57999999988
2026-03-03 08:04:00,16554.55999999988,16631.97999999988
2026-03-03 09:04:00,16554.55999999988,16636.73999999988
2026-03-03 10:04:00,16554.55999999988,16601.53999999988
2026-03-03 11:04:00,16554.55999999988,16686.47999999988
2026-03-03 12:04:00,16635.17999999988,16706.98999999988
2026-03-03 13:04:00,16635.17999999988,16739.86999999988
2026-03-03 14:04:00,16796.40999999988,16796.40999999988
2026-03-03 15:04:00,16795.91999999988,16777.01999999988
2026-03-03 16:04:00,16634.149999999878,16634.149999999878
2026-03-03 17:04:00,16634.149999999878,16634.149999999878
2026-03-03 18:04:00,16476.709999999883,16476.709999999883
2026-03-03 19:04:00,16476.709999999883,16476.709999999883
2026-03-03 20:04:00,16476.709999999883,16476.709999999883
2026-03-03 21:04:00,16476.709999999883,16476.709999999883
2026-03-03 22:04:00,16476.709999999883,16476.709999999883
2026-03-03 23:04:00,16476.709999999883,16476.709999999883
2026-03-04 01:05:00,16476.709999999883,16476.709999999883
2026-03-04 02:05:00,16476.709999999883,16476.709999999883
2026-03-04 03:05:00,16476.709999999883,16476.709999999883
2026-03-04 04:05:00,16476.709999999883,16476.709999999883
2026-03-04 05:05:00,16476.709999999883,16476.709999999883
2026-03-04 06:05:00,16476.709999999883,16476.709999999883
2026-03-04 07:05:00,16476.709999999883,16476.709999999883
2026-03-04 08:05:00,16476.709999999883,16476.709999999883
2026-03-04 09:05:00,16476.709999999883,16476.709999999883
2026-03-04 10:05:00,16476.709999999883,16476.709999999883
2026-03-04 11:05:00,16476.709999999883,16476.709999999883
2026-03-04 12:05:00,16476.709999999883,16476.709999999883
2026-03-04 13:05:00,16476.709999999883,16476.709999999883
2026-03-04 14:05:00,16476.709999999883,16476.709999999883
2026-03-04 15:05:00,16476.709999999883,16476.709999999883
2026-03-04 16:05:00,16538.729999999883,16639.029999999882
2026-03-04 17:05:00,16537.72999999988,16537.72999999988
2026-03-04 18:05:00,16594.56999999988,16649.829999999878
2026-03-04 19:05:00,16594.56999999988,16681.449999999877
2026-03-04 20:05:00,16671.26999999988,16790.50999999988
2026-03-04 21:05:00,16671.26999999988,16802.46999999988
2026-03-04 22:05:00,16671.26999999988,16785.669999999882
2026-03-04 23:05:00,16671.26999999988,16765.46999999988
2026-03-05 01:06:00,16671.86999999988,16715.10999999988
2026-03-05 02:06:00,16671.46999999988,16671.46999999988
2026-03-05 03:06:00,16671.46999999988,16671.46999999988
2026-03-05 04:06:00,16671.46999999988,16671.46999999988
2026-03-05 05:06:00,16671.46999999988,16671.46999999988
2026-03-05 06:06:00,16671.46999999988,16671.46999999988
2026-03-05 07:06:00,16671.46999999988,16671.46999999988
2026-03-05 08:06:00,16671.46999999988,16671.46999999988
2026-03-05 09:06:00,16671.46999999988,16671.46999999988
2026-03-05 10:06:00,16671.46999999988,16671.46999999988
2026-03-05 11:06:00,16671.46999999988,16671.46999999988
2026-03-05 12:06:00,16671.46999999988,16671.46999999988
2026-03-05 13:06:00,16671.46999999988,16671.46999999988
2026-03-05 14:06:00,16671.46999999988,16671.46999999988
2026-03-05 15:06:00,16691.90999999987,16691.90999999987
2026-03-05 16:06:00,16691.90999999987,16691.90999999987
2026-03-05 17:06:00,16691.90999999987,16691.90999999987
2026-03-05 18:06:00,16691.90999999987,16691.90999999987
2026-03-05 19:06:00,16691.90999999987,16691.90999999987
2026-03-05 20:06:00,16691.90999999987,16691.90999999987
2026-03-05 21:06:00,16691.90999999987,16691.90999999987
2026-03-05 22:06:00,16691.90999999987,16691.90999999987
2026-03-05 23:06:00,16691.90999999987,16691.90999999987
2026-03-06 01:07:00,16691.90999999987,16691.90999999987
2026-03-06 02:07:00,16691.90999999987,16691.90999999987
2026-03-06 03:07:00,16691.90999999987,16691.90999999987
2026-03-06 04:07:00,16691.90999999987,16691.90999999987
2026-03-06 05:07:00,16691.90999999987,16691.90999999987
2026-03-06 06:07:00,16691.90999999987,16691.90999999987
2026-03-06 07:07:00,16691.90999999987,16691.90999999987
2026-03-06 08:07:00,16530.069999999865,16530.069999999865
2026-03-06 09:07:00,16530.069999999865,16530.069999999865
2026-03-06 10:07:00,16615.129999999874,16682.329999999878
2026-03-06 11:07:00,16613.96999999988,16568.929999999888
2026-03-06 12:07:00,16457.649999999878,16457.649999999878
2026-03-06 13:07:00,16457.649999999878,16457.649999999878
2026-03-06 14:07:00,16457.649999999878,16457.649999999878
2026-03-06 15:07:00,16457.649999999878,16457.649999999878
2026-03-06 16:07:00,16457.649999999878,16457.649999999878
2026-03-06 17:07:00,16457.649999999878,16457.649999999878
2026-03-06 18:07:00,16457.649999999878,16457.649999999878
2026-03-06 19:07:00,16457.649999999878,16457.649999999878
2026-03-06 20:07:00,16457.649999999878,16457.649999999878
2026-03-06 21:07:00,16457.649999999878,16457.649999999878
2026-03-06 22:07:00,16457.649999999878,16457.649999999878
2026-03-06 23:07:00,16457.649999999878,16457.649999999878
2026-03-09 00:08:00,16457.649999999878,16457.649999999878
2026-03-09 01:08:00,16457.649999999878,16457.649999999878
2026-03-09 02:08:00,16457.649999999878,16457.649999999878
2026-03-09 03:08:00,16457.649999999878,16457.649999999878
2026-03-09 04:08:00,16457.649999999878,16457.649999999878
2026-03-09 05:08:00,16457.649999999878,16457.649999999878
2026-03-09 06:08:00,16457.649999999878,16457.649999999878
2026-03-09 07:08:00,16457.649999999878,16457.649999999878
2026-03-09 08:08:00,16457.649999999878,16457.649999999878
2026-03-09 09:08:00,16457.649999999878,16457.649999999878
2026-03-09 10:08:00,16457.649999999878,16457.649999999878
2026-03-09 11:08:00,16457.649999999878,16457.649999999878
2026-03-09 12:08:00,16457.649999999878,16457.649999999878
2026-03-09 13:08:00,16457.649999999878,16457.649999999878
2026-03-09 14:08:00,16457.649999999878,16457.649999999878
2026-03-09 15:08:00,16457.649999999878,16457.649999999878
2026-03-09 16:08:00,16457.649999999878,16457.649999999878
2026-03-09 17:08:00,16457.649999999878,16457.649999999878
2026-03-09 18:08:00,16457.649999999878,16457.649999999878
2026-03-09 19:08:00,16457.649999999878,16457.649999999878
2026-03-09 20:08:00,16457.649999999878,16457.649999999878
2026-03-09 21:08:00,16457.649999999878,16457.649999999878
2026-03-09 22:08:00,16457.649999999878,16457.649999999878
2026-03-10 00:09:00,16457.649999999878,16457.649999999878
2026-03-10 01:09:00,16457.649999999878,16457.649999999878
2026-03-10 02:09:00,16457.649999999878,16457.649999999878
2026-03-10 03:09:00,16457.649999999878,16457.649999999878
2026-03-10 04:09:00,16457.649999999878,16457.649999999878
2026-03-10 05:09:00,16457.649999999878,16457.649999999878
2026-03-10 06:09:00,16455.339999999876,16441.149999999867
2026-03-10 07:09:00,16619.65999999987,16704.709999999868
2026-03-10 08:09:00,16619.65999999987,16778.149999999867
2026-03-10 09:09:00,16619.65999999987,16751.959999999868
2026-03-10 10:09:00,16830.88999999986,16830.88999999986
2026-03-10 11:09:00,16830.88999999986,16830.88999999986
2026-03-10 12:09:00,16830.88999999986,16830.88999999986
2026-03-10 13:09:00,16830.88999999986,16830.88999999986
2026-03-10 14:09:00,16830.88999999986,16830.88999999986
2026-03-10 15:09:00,16830.88999999986,16830.88999999986
2026-03-10 16:09:00,16830.88999999986,16830.88999999986
2026-03-10 17:09:00,16830.88999999986,16830.88999999986
2026-03-10 18:09:00,16830.88999999986,16830.88999999986
2026-03-10 19:09:00,16830.88999999986,16830.88999999986
2026-03-10 20:09:00,16830.88999999986,16830.88999999986
2026-03-10 21:09:00,16830.88999999986,16830.88999999986
2026-03-10 22:09:00,16830.88999999986,16830.88999999986
2026-03-11 00:10:00,16830.88999999986,16830.88999999986
2026-03-11 01:10:00,16830.88999999986,16830.88999999986
2026-03-11 02:10:00,16830.88999999986,16830.88999999986
2026-03-11 03:10:00,16830.88999999986,16830.88999999986
2026-03-11 04:10:00,16829.629999999863,16756.369999999868
2026-03-11 05:10:00,16896.309999999867,17005.70999999987
2026-03-11 06:10:00,16895.309999999874,16895.309999999874
2026-03-11 07:10:00,16895.309999999874,16895.309999999874
2026-03-11 08:10:00,16895.309999999874,16895.309999999874
2026-03-11 09:10:00,16895.309999999874,16895.309999999874
2026-03-11 10:10:00,16895.309999999874,16895.309999999874
2026-03-11 11:10:00,16895.309999999874,16895.309999999874
2026-03-11 12:10:00,16895.309999999874,16895.309999999874
2026-03-11 13:10:00,16895.309999999874,16895.309999999874
2026-03-11 14:10:00,16895.309999999874,16895.309999999874
2026-03-11 15:10:00,16895.309999999874,16895.309999999874
2026-03-11 16:10:00,16895.309999999874,16895.309999999874
2026-03-11 17:10:00,16895.309999999874,16895.309999999874
2026-03-11 18:10:00,16895.309999999874,16895.309999999874
2026-03-11 19:10:00,16895.309999999874,16895.309999999874
2026-03-11 20:10:00,16988.12999999987,17211.669999999875
2026-03-11 21:10:00,17029.67999999987,17238.239999999874
2026-03-11 22:10:00,17029.67999999987,17310.879999999874
2026-03-12 00:11:00,17021.67999999987,17210.71999999987
2026-03-12 01:11:00,17038.759999999875,17038.759999999875
2026-03-12 02:11:00,17038.759999999875,17038.759999999875
2026-03-12 03:11:00,17038.759999999875,17038.759999999875
2026-03-12 04:11:00,17038.759999999875,17038.759999999875
2026-03-12 05:11:00,17038.759999999875,17038.759999999875
2026-03-12 06:11:00,17038.759999999875,17038.759999999875
2026-03-12 07:11:00,17038.759999999875,17038.759999999875
2026-03-12 08:11:00,17038.759999999875,17038.759999999875
2026-03-12 09:11:00,17038.759999999875,17038.759999999875
2026-03-12 10:11:00,17038.759999999875,17038.759999999875
2026-03-12 11:11:00,17038.759999999875,17038.759999999875
2026-03-12 12:11:00,17038.759999999875,17038.759999999875
2026-03-12 13:11:00,17038.759999999875,17038.759999999875
2026-03-12 14:11:00,17038.759999999875,17038.759999999875
2026-03-12 15:11:00,17038.759999999875,17038.759999999875
2026-03-12 16:11:00,17038.759999999875,17038.759999999875
2026-03-12 17:11:00,17038.759999999875,17038.759999999875
2026-03-12 18:11:00,17038.759999999875,17038.759999999875
2026-03-12 19:11:00,17038.759999999875,17038.759999999875
2026-03-12 20:11:00,17038.759999999875,17038.759999999875
2026-03-12 21:11:00,17038.759999999875,17038.759999999875
2026-03-12 22:11:00,17038.759999999875,17038.759999999875
2026-03-13 00:12:00,17038.759999999875,17038.759999999875
2026-03-13 01:12:00,17038.759999999875,17038.759999999875
2026-03-13 02:12:00,17038.759999999875,17038.759999999875
2026-03-13 03:12:00,17038.759999999875,17038.759999999875
2026-03-13 04:12:00,17038.759999999875,17038.759999999875
2026-03-13 05:12:00,16871.539999999888,16871.539999999888
2026-03-13 06:12:00,16871.539999999888,16871.539999999888
2026-03-13 07:12:00,16871.539999999888,16871.539999999888
2026-03-13 08:12:00,16871.539999999888,16871.539999999888
2026-03-13 09:12:00,16871.539999999888,16871.539999999888
2026-03-13 10:12:00,16871.539999999888,16871.539999999888
2026-03-13 11:12:00,16871.539999999888,16871.539999999888
2026-03-13 12:12:00,16871.539999999888,16871.539999999888
2026-03-13 13:12:00,16871.539999999888,16871.539999999888
2026-03-13 14:12:00,16871.539999999888,16871.539999999888
2026-03-13 15:12:00,16871.539999999888,16871.539999999888
2026-03-13 16:12:00,16871.539999999888,16871.539999999888
2026-03-13 17:12:00,16870.97999999989,17035.859999999888
2026-03-13 18:12:00,16911.419999999896,16817.339999999895
2026-03-13 19:12:00,16911.419999999896,16944.85999999989
2026-03-13 20:12:00,16911.419999999896,16855.739999999896
2026-03-13 21:12:00,16911.419999999896,16798.13999999989
2026-03-13 22:12:00,16633.259999999893,16633.259999999893
2026-03-16 00:13:00,16633.259999999893,16633.259999999893
2026-03-16 01:13:00,16633.259999999893,16633.259999999893
2026-03-16 02:13:00,16633.259999999893,16633.259999999893
2026-03-16 03:13:00,16633.259999999893,16633.259999999893
2026-03-16 04:13:00,16633.259999999893,16633.259999999893
2026-03-16 05:13:00,16633.259999999893,16633.259999999893
2026-03-16 06:13:00,16633.259999999893,16633.259999999893
2026-03-16 07:13:00,16633.259999999893,16633.259999999893
2026-03-16 08:13:00,16633.259999999893,16633.259999999893
2026-03-16 09:13:00,16631.85999999989,16629.25999999989
2026-03-16 10:13:00,16463.659999999894,16463.659999999894
2026-03-16 11:13:00,16463.659999999894,16463.659999999894
2026-03-16 12:13:00,16463.659999999894,16463.659999999894
2026-03-16 13:13:00,16463.659999999894,16463.659999999894
2026-03-16 14:13:00,16463.659999999894,16463.659999999894
2026-03-16 15:13:00,16463.659999999894,16463.659999999894
2026-03-16 16:13:00,16463.659999999894,16463.659999999894
2026-03-16 17:13:00,16463.659999999894,16463.659999999894
2026-03-16 18:13:00,16463.659999999894,16463.659999999894
2026-03-16 19:13:00,16463.659999999894,16463.659999999894
2026-03-16 20:13:00,16463.659999999894,16463.659999999894
2026-03-16 21:13:00,16463.659999999894,16463.659999999894
2026-03-16 22:13:00,16463.659999999894,16463.659999999894
2026-03-17 00:14:00,16463.659999999894,16463.659999999894
2026-03-17 01:14:00,16463.659999999894,16463.659999999894
2026-03-17 02:14:00,16463.659999999894,16463.659999999894
2026-03-17 03:14:00,16463.659999999894,16463.659999999894
2026-03-17 04:14:00,16463.659999999894,16463.659999999894
2026-03-17 05:14:00,16463.659999999894,16463.659999999894
2026-03-17 06:14:00,16463.659999999894,16463.659999999894
2026-03-17 07:14:00,16463.659999999894,16463.659999999894
2026-03-17 08:14:00,16852.869999999904,16852.869999999904
2026-03-17 09:14:00,16852.869999999904,16852.869999999904
2026-03-17 10:14:00,16852.869999999904,16852.869999999904
2026-03-17 11:14:00,16852.869999999904,16852.869999999904
2026-03-17 12:14:00,16852.869999999904,16852.869999999904
2026-03-17 13:14:00,16852.869999999904,16852.869999999904
2026-03-17 14:14:00,16852.869999999904,16852.869999999904
2026-03-17 15:14:00,16852.869999999904,16852.869999999904
2026-03-17 16:14:00,16852.869999999904,16852.869999999904
2026-03-17 17:14:00,16852.869999999904,16852.869999999904
2026-03-17 18:14:00,16852.869999999904,16852.869999999904
2026-03-17 19:14:00,16852.869999999904,16852.869999999904
2026-03-17 20:14:00,16852.869999999904,16852.869999999904
2026-03-17 21:14:00,16852.869999999904,16852.869999999904
2026-03-17 22:14:00,16852.869999999904,16852.869999999904
2026-03-18 00:15:00,16852.869999999904,16852.869999999904
2026-03-18 01:15:00,16852.869999999904,16852.869999999904
2026-03-18 02:15:00,16852.869999999904,16852.869999999904
2026-03-18 03:15:00,16852.869999999904,16852.869999999904
2026-03-18 04:15:00,16852.869999999904,16852.869999999904
2026-03-18 05:15:00,16852.869999999904,16852.869999999904
2026-03-18 06:15:00,16852.869999999904,16852.869999999904
2026-03-18 07:15:00,16852.869999999904,16852.869999999904
2026-03-18 08:15:00,16852.869999999904,16852.869999999904
2026-03-18 09:15:00,16852.869999999904,16852.869999999904
2026-03-18 10:15:00,16852.869999999904,16852.869999999904
2026-03-18 11:15:00,16852.869999999904,16852.869999999904
2026-03-18 12:15:00,16924.719999999907,16947.91999999991
2026-03-18 13:15:00,16923.719999999914,16923.719999999914
2026-03-18 14:15:00,16923.719999999914,16923.719999999914
2026-03-18 15:15:00,16923.719999999914,16923.719999999914
2026-03-18 16:15:00,16923.719999999914,16923.719999999914
2026-03-18 17:15:00,16923.719999999914,16923.719999999914
2026-03-18 18:15:00,16923.719999999914,16923.719999999914
2026-03-18 19:15:00,16923.719999999914,16923.719999999914
2026-03-18 20:15:00,16923.719999999914,16923.719999999914
2026-03-18 21:15:00,16923.719999999914,16923.719999999914
2026-03-18 22:15:00,16923.719999999914,16923.719999999914
2026-03-19 00:16:00,16923.719999999914,16923.719999999914
2026-03-19 01:16:00,16923.719999999914,16923.719999999914
2026-03-19 02:16:00,16923.719999999914,16923.719999999914
2026-03-19 03:16:00,16923.719999999914,16923.719999999914
2026-03-19 04:16:00,16923.719999999914,16923.719999999914
2026-03-19 05:16:00,16923.719999999914,16923.719999999914
2026-03-19 06:16:00,16923.719999999914,16923.719999999914
2026-03-19 07:16:00,16923.719999999914,16923.719999999914
2026-03-19 08:16:00,16923.719999999914,16923.719999999914
2026-03-19 09:16:00,16923.719999999914,16923.719999999914
2026-03-19 10:16:00,16923.719999999914,16923.719999999914
2026-03-19 11:16:00,16923.719999999914,16923.719999999914
2026-03-19 12:16:00,16923.719999999914,16923.719999999914
2026-03-19 13:16:00,16923.719999999914,16923.719999999914
2026-03-19 14:16:00,16923.719999999914,16923.719999999914
2026-03-19 15:16:00,16923.719999999914,16923.719999999914
2026-03-19 16:16:00,16923.719999999914,16923.719999999914
2026-03-19 17:16:00,16923.719999999914,16923.719999999914
2026-03-19 18:16:00,16923.719999999914,16923.719999999914
2026-03-19 19:16:00,16923.719999999914,16923.719999999914
2026-03-19 20:16:00,16923.719999999914,16923.719999999914
2026-03-19 21:16:00,16923.719999999914,16923.719999999914
2026-03-19 22:16:00,16923.719999999914,16923.719999999914
2026-03-20 00:17:00,16923.719999999914,16923.719999999914
2026-03-20 01:17:00,16923.719999999914,16923.719999999914
2026-03-20 02:17:00,16922.45999999991,16732.91999999992
2026-03-20 03:17:00,16962.45999999991,16962.45999999991
2026-03-20 04:17:00,16962.45999999991,16962.45999999991
2026-03-20 05:17:00,16962.45999999991,16962.45999999991
2026-03-20 06:17:00,16962.45999999991,16962.45999999991
2026-03-20 07:17:00,17006.239999999914,17150.539999999928
2026-03-20 08:17:00,17046.43999999993,17046.43999999993
2026-03-20 09:17:00,17046.43999999993,17046.43999999993
2026-03-20 10:17:00,17046.43999999993,17046.43999999993
2026-03-20 11:17:00,17046.43999999993,17046.43999999993
2026-03-20 12:17:00,17046.43999999993,17046.43999999993
2026-03-20 13:17:00,17046.43999999993,17046.43999999993
2026-03-20 14:17:00,17046.43999999993,17046.43999999993
2026-03-20 15:17:00,17046.43999999993,17046.43999999993
2026-03-20 16:17:00,17046.43999999993,17046.43999999993
2026-03-20 17:17:00,17046.43999999993,17046.43999999993
2026-03-20 18:17:00,17046.43999999993,17046.43999999993
2026-03-20 19:17:00,17046.43999999993,17046.43999999993
2026-03-20 20:17:00,17046.43999999993,17046.43999999993
2026-03-20 21:17:00,17046.43999999993,17046.43999999993
2026-03-20 22:17:00,17046.43999999993,17046.43999999993
2026-03-23 00:18:00,17046.43999999993,17046.43999999993
2026-03-23 01:18:00,17046.43999999993,17046.43999999993
2026-03-23 02:18:00,17046.43999999993,17046.43999999993
2026-03-23 03:18:00,17046.43999999993,17046.43999999993
2026-03-23 04:18:00,17046.43999999993,17046.43999999993
2026-03-23 05:18:00,17046.43999999993,17046.43999999993
2026-03-23 06:18:00,17046.43999999993,17046.43999999993
2026-03-23 07:18:00,17046.43999999993,17046.43999999993
2026-03-23 08:18:00,17046.43999999993,17046.43999999993
2026-03-23 09:18:00,17046.43999999993,17046.43999999993
2026-03-23 10:18:00,17046.43999999993,17046.43999999993
2026-03-23 11:18:00,17045.949999999928,17054.279999999933
2026-03-23 12:18:00,17148.13999999993,17196.17999999993
2026-03-23 13:18:00,16976.239999999932,16976.239999999932
2026-03-23 14:18:00,16976.239999999932,16976.239999999932
2026-03-23 15:18:00,16976.239999999932,16976.239999999932
2026-03-23 16:18:00,16976.239999999932,16976.239999999932
2026-03-23 17:18:00,16976.239999999932,16976.239999999932
2026-03-23 18:18:00,16976.239999999932,16976.239999999932
2026-03-23 19:18:00,16976.239999999932,16976.239999999932
2026-03-23 20:18:00,16976.239999999932,16976.239999999932
2026-03-23 21:18:00,16976.239999999932,16976.239999999932
2026-03-23 22:18:00,16976.239999999932,16976.239999999932
2026-03-24 00:19:00,16976.239999999932,16976.239999999932
2026-03-24 01:19:00,16976.239999999932,16976.239999999932
2026-03-24 02:19:00,16976.239999999932,16976.239999999932
2026-03-24 03:19:00,16976.239999999932,16976.239999999932
2026-03-24 04:19:00,16976.239999999932,16976.239999999932
2026-03-24 05:19:00,16976.239999999932,16976.239999999932
2026-03-24 06:19:00,16975.67999999993,16953.119999999933
2026-03-24 07:19:00,16999.51999999994,16999.51999999994
2026-03-24 08:19:00,16999.51999999994,16999.51999999994
2026-03-24 09:19:00,16999.51999999994,16999.51999999994
2026-03-24 10:19:00,16999.51999999994,16999.51999999994
2026-03-24 11:19:00,16999.51999999994,16999.51999999994
2026-03-24 12:19:00,16999.51999999994,16999.51999999994
2026-03-24 13:19:00,16999.51999999994,16999.51999999994
2026-03-24 14:19:00,16999.51999999994,16999.51999999994
2026-03-24 15:19:00,16999.51999999994,16999.51999999994
2026-03-24 16:19:00,16999.51999999994,16999.51999999994
2026-03-24 17:19:00,16999.51999999994,16999.51999999994
2026-03-24 18:19:00,16999.51999999994,16999.51999999994
2026-03-24 19:19:00,16999.51999999994,16999.51999999994
2026-03-24 20:19:00,17012.639999999938,17124.719999999936
2026-03-24 21:19:00,17039.869999999937,17182.219999999936
2026-03-24 22:19:00,17039.869999999937,17191.069999999938
2026-03-25 00:20:00,17088.329999999936,17508.529999999933
2026-03-25 01:20:00,17523.969999999936,17523.969999999936
2026-03-25 02:20:00,17523.969999999936,17523.969999999936
2026-03-25 03:20:00,17700.96999999994,17847.189999999937
2026-03-25 04:20:00,17905.149999999943,17905.149999999943
2026-03-25 05:20:00,17905.149999999943,17905.149999999943
2026-03-25 06:20:00,17905.149999999943,17905.149999999943
2026-03-25 07:20:00,17905.149999999943,17905.149999999943
2026-03-25 08:20:00,17905.149999999943,17905.149999999943
2026-03-25 09:20:00,17905.149999999943,17905.149999999943
2026-03-25 10:20:00,17905.149999999943,17905.149999999943
2026-03-25 11:20:00,17905.149999999943,17905.149999999943
2026-03-25 12:20:00,17905.149999999943,17905.149999999943
2026-03-25 13:20:00,17905.149999999943,17905.149999999943
2026-03-25 14:20:00,17905.149999999943,17905.149999999943
2026-03-25 15:20:00,17744.289999999943,17744.289999999943
2026-03-25 16:20:00,17744.289999999943,17744.289999999943
2026-03-25 17:20:00,17744.289999999943,17744.289999999943
2026-03-25 18:20:00,17744.289999999943,17744.289999999943
2026-03-25 19:20:00,17744.289999999943,17744.289999999943
2026-03-25 20:20:00,17744.289999999943,17744.289999999943
2026-03-25 21:20:00,17744.289999999943,17744.289999999943
2026-03-25 22:20:00,17744.289999999943,17744.289999999943
2026-03-26 00:21:00,17744.289999999943,17744.289999999943
2026-03-26 01:21:00,17744.289999999943,17744.289999999943
2026-03-26 02:21:00,17744.289999999943,17744.289999999943
2026-03-26 03:21:00,17744.289999999943,17744.289999999943
2026-03-26 04:21:00,17744.289999999943,17744.289999999943
2026-03-26 05:21:00,17744.289999999943,17744.289999999943
2026-03-26 06:21:00,17744.289999999943,17744.289999999943
2026-03-26 07:21:00,17744.289999999943,17744.289999999943
2026-03-26 08:21:00,17744.289999999943,17744.289999999943
2026-03-26 09:21:00,17744.289999999943,17744.289999999943
2026-03-26 10:21:00,17744.289999999943,17744.289999999943
2026-03-26 11:21:00,17744.289999999943,17744.289999999943
2026-03-26 12:21:00,17744.289999999943,17744.289999999943
2026-03-26 13:21:00,17744.289999999943,17744.289999999943
2026-03-26 14:21:00,17744.289999999943,17744.289999999943
2026-03-26 15:21:00,17744.289999999943,17744.289999999943
2026-03-26 16:21:00,17744.289999999943,17744.289999999943
2026-03-26 17:21:00,17744.289999999943,17744.289999999943
2026-03-26 18:21:00,17744.289999999943,17744.289999999943
2026-03-26 19:21:00,17744.289999999943,17744.289999999943
2026-03-26 20:21:00,17744.289999999943,17744.289999999943
2026-03-26 21:21:00,17744.289999999943,17744.289999999943
2026-03-26 22:21:00,17744.289999999943,17744.289999999943
2026-03-27 00:22:00,17744.289999999943,17744.289999999943
2026-03-27 01:22:00,17744.289999999943,17744.289999999943
2026-03-27 02:22:00,17744.289999999943,17744.289999999943
2026-03-27 03:22:00,17744.289999999943,17744.289999999943
2026-03-27 04:22:00,17744.289999999943,17744.289999999943
2026-03-27 05:22:00,17744.289999999943,17744.289999999943
2026-03-27 06:22:00,17744.289999999943,17744.289999999943
2026-03-27 07:22:00,17744.289999999943,17744.289999999943
2026-03-27 08:22:00,17744.289999999943,17744.289999999943
2026-03-27 09:22:00,17744.289999999943,17744.289999999943
2026-03-27 10:22:00,17744.289999999943,17744.289999999943
2026-03-27 11:22:00,17744.289999999943,17744.289999999943
2026-03-27 12:22:00,17744.289999999943,17744.289999999943
2026-03-27 13:22:00,17744.289999999943,17744.289999999943
2026-03-27 14:22:00,17744.289999999943,17744.289999999943
2026-03-27 15:22:00,17744.289999999943,17744.289999999943
2026-03-27 16:22:00,17744.289999999943,17744.289999999943
2026-03-27 17:22:00,17744.289999999943,17744.289999999943
2026-03-27 18:22:00,17744.289999999943,17744.289999999943
2026-03-27 19:22:00,17743.589999999946,17697.98999999995
2026-03-27 20:22:00,17743.589999999946,17798.489999999943
2026-03-27 21:22:00,17781.629999999946,17943.549999999945
2026-03-27 22:22:00,17780.829999999954,17780.829999999954
2026-03-30 01:23:00,17780.829999999954,17780.829999999954
2026-03-30 02:23:00,17780.829999999954,17780.829999999954
2026-03-30 03:23:00,17779.849999999955,17800.289999999957
2026-03-30 04:23:00,17930.93999999996,17930.93999999996
2026-03-30 05:23:00,17930.93999999996,17930.93999999996
2026-03-30 06:23:00,17930.93999999996,17930.93999999996
2026-03-30 07:23:00,17930.93999999996,17930.93999999996
2026-03-30 08:23:00,17930.93999999996,17930.93999999996
2026-03-30 09:23:00,17930.93999999996,17930.93999999996
2026-03-30 10:23:00,17930.93999999996,17930.93999999996
2026-03-30 11:23:00,17930.93999999996,17930.93999999996
2026-03-30 12:23:00,17930.93999999996,17930.93999999996
2026-03-30 13:23:00,17930.93999999996,17930.93999999996
2026-03-30 14:23:00,17930.93999999996,17930.93999999996
2026-03-30 15:23:00,17930.93999999996,17930.93999999996
2026-03-30 16:23:00,17930.93999999996,17930.93999999996
2026-03-30 17:23:00,17930.93999999996,17930.93999999996
2026-03-30 18:23:00,17930.93999999996,17930.93999999996
2026-03-30 19:23:00,17930.93999999996,17930.93999999996
2026-03-30 20:23:00,17930.93999999996,17930.93999999996
2026-03-30 21:23:00,17930.93999999996,17930.93999999996
2026-03-30 22:23:00,17930.93999999996,17930.93999999996
2026-03-30 23:23:00,17930.93999999996,17930.93999999996
2026-03-31 01:24:00,17930.93999999996,17930.93999999996
2026-03-31 02:24:00,17930.93999999996,17930.93999999996
2026-03-31 03:24:00,17930.93999999996,17930.93999999996
2026-03-31 04:24:00,17930.93999999996,17930.93999999996
2026-03-31 05:24:00,17930.93999999996,17930.93999999996
2026-03-31 06:24:00,17929.88999999996,17739.23999999996
2026-03-31 07:24:00,17766.08999999996,17714.69999999996
2026-03-31 08:24:00,17766.08999999996,17752.139999999967
2026-03-31 09:24:00,17788.909999999963,17788.909999999963
2026-03-31 10:24:00,17812.439999999962,17866.839999999956
2026-03-31 11:24:00,17962.389999999963,18088.029999999962
2026-03-31 12:24:00,17962.389999999963,18081.849999999962
2026-03-31 13:24:00,17962.389999999963,18028.80999999996
2026-03-31 14:24:00,17961.78999999996,17961.78999999996
2026-03-31 15:24:00,17961.78999999996,17961.78999999996
2026-03-31 16:24:00,17961.78999999996,17961.78999999996
2026-03-31 17:24:00,17961.78999999996,17961.78999999996
2026-03-31 18:24:00,17961.78999999996,17961.78999999996
2026-03-31 19:24:00,17961.78999999996,17961.78999999996
2026-03-31 20:24:00,17961.78999999996,17961.78999999996
2026-03-31 21:24:00,17961.78999999996,17961.78999999996
2026-03-31 22:24:00,17961.78999999996,17961.78999999996
2026-03-31 23:24:00,17961.78999999996,17961.78999999996
2026-04-01 01:25:00,17961.78999999996,17961.78999999996
2026-04-01 02:25:00,17961.78999999996,17961.78999999996
2026-04-01 03:25:00,17961.78999999996,17961.78999999996
2026-04-01 04:25:00,17961.78999999996,17961.78999999996
2026-04-01 05:25:00,17961.78999999996,17961.78999999996
2026-04-01 06:25:00,17961.78999999996,17961.78999999996
2026-04-01 07:25:00,17961.78999999996,17961.78999999996
2026-04-01 08:25:00,17961.78999999996,17961.78999999996
2026-04-01 09:25:00,17961.78999999996,17961.78999999996
2026-04-01 10:25:00,17983.54999999996,17983.54999999996
2026-04-01 11:25:00,17983.54999999996,17983.54999999996
2026-04-01 12:25:00,17983.54999999996,17983.54999999996
2026-04-01 13:25:00,17983.54999999996,17983.54999999996
2026-04-01 14:25:00,17983.54999999996,17983.54999999996
2026-04-01 15:25:00,17983.54999999996,17983.54999999996
2026-04-01 16:25:00,17983.54999999996,17983.54999999996
2026-04-01 17:25:00,17983.54999999996,17983.54999999996
2026-04-01 18:25:00,17983.54999999996,17983.54999999996
2026-04-01 19:25:00,17983.54999999996,17983.54999999996
2026-04-01 20:25:00,17983.54999999996,17983.54999999996
2026-04-01 21:25:00,17983.54999999996,17983.54999999996
2026-04-01 22:25:00,17983.54999999996,17983.54999999996
2026-04-01 23:25:00,17983.54999999996,17983.54999999996
2026-04-02 01:26:00,17983.54999999996,17983.54999999996
2026-04-02 02:26:00,17983.54999999996,17983.54999999996
2026-04-02 03:26:00,17808.549999999952,17808.549999999952
2026-04-02 04:26:00,17808.549999999952,17808.549999999952
2026-04-02 05:26:00,17808.549999999952,17808.549999999952
2026-04-02 06:26:00,17808.549999999952,17808.549999999952
2026-04-02 07:26:00,17808.549999999952,17808.549999999952
2026-04-02 08:26:00,17808.549999999952,17808.549999999952
2026-04-02 09:26:00,17808.549999999952,17808.549999999952
2026-04-02 10:26:00,17808.549999999952,17808.549999999952
2026-04-02 11:26:00,17808.549999999952,17808.549999999952
2026-04-02 12:26:00,17808.549999999952,17808.549999999952
2026-04-02 13:26:00,17808.549999999952,17808.549999999952
2026-04-02 14:26:00,17808.549999999952,17808.549999999952
2026-04-02 15:26:00,17808.549999999952,17808.549999999952
2026-04-02 16:26:00,17808.549999999952,17808.549999999952
2026-04-02 17:26:00,17808.549999999952,17808.549999999952
2026-04-02 18:26:00,17808.549999999952,17808.549999999952
2026-04-02 19:26:00,17808.549999999952,17808.549999999952
2026-04-02 20:26:00,17808.549999999952,17808.549999999952
2026-04-02 21:26:00,17808.549999999952,17808.549999999952
2026-04-02 22:26:00,17808.549999999952,17808.549999999952
2026-04-02 23:26:00,17808.549999999952,17808.549999999952
2026-04-06 01:27:00,17808.269999999953,17846.50999999995
2026-04-06 02:27:00,17977.20999999995,17977.20999999995
2026-04-06 03:27:00,17977.20999999995,17977.20999999995
2026-04-06 04:27:00,17977.20999999995,17977.20999999995
2026-04-06 05:27:00,17977.20999999995,17977.20999999995
2026-04-06 06:27:00,17977.20999999995,17977.20999999995
2026-04-06 07:27:00,17977.20999999995,17977.20999999995
2026-04-06 08:27:00,17977.20999999995,17977.20999999995
2026-04-06 09:27:00,17977.20999999995,17977.20999999995
2026-04-06 10:27:00,18041.499999999938,18041.499999999938
2026-04-06 11:27:00,18041.499999999938,18041.499999999938
2026-04-06 12:27:00,18041.499999999938,18041.499999999938
2026-04-06 13:27:00,18041.35999999994,18073.83999999994
2026-04-06 14:27:00,18041.35999999994,18070.579999999936
2026-04-06 15:27:00,18041.35999999994,18117.139999999938
2026-04-06 16:27:00,18041.35999999994,18104.779999999937
2026-04-06 17:27:00,18041.35999999994,18078.19999999994
2026-04-06 18:27:00,18041.35999999994,18115.439999999937
2026-04-06 19:27:00,18041.35999999994,18114.69999999994
2026-04-06 20:27:00,18041.35999999994,18130.799999999937
2026-04-06 21:27:00,18041.35999999994,18121.83999999994
2026-04-06 22:27:00,18041.35999999994,18150.799999999937
2026-04-06 23:27:00,18041.35999999994,18134.939999999937
2026-04-07 01:28:00,18041.659999999938,18127.719999999936
2026-04-07 02:28:00,18041.659999999938,18138.299999999937
2026-04-07 03:28:00,18041.659999999938,18132.459999999937
2026-04-07 04:28:00,18041.659999999938,18143.919999999936
2026-04-07 05:28:00,18127.299999999937,18197.789999999935
2026-04-07 06:28:00,18127.299999999937,18187.669999999936
2026-04-07 07:28:00,18127.299999999937,18181.229999999938
2026-04-07 08:28:00,18127.299999999937,18198.809999999936
2026-04-07 09:28:00,18127.299999999937,18189.479999999938
2026-04-07 10:28:00,18127.299999999937,18189.849999999937
2026-04-07 11:28:00,18127.299999999937,18151.889999999938
2026-04-07 12:28:00,18127.299999999937,18141.899999999936
2026-04-07 13:28:00,18127.299999999937,18163.999999999935
2026-04-07 14:28:00,18127.299999999937,18180.189999999937
2026-04-07 15:28:00,18127.299999999937,18165.359999999935
2026-04-07 16:28:00,18127.299999999937,18172.049999999937
2026-04-07 17:28:00,18127.299999999937,18190.239999999936
2026-04-07 18:28:00,18127.299999999937,18181.259999999937
2026-04-07 19:28:00,18127.299999999937,18169.879999999936
2026-04-07 20:28:00,18127.299999999937,18173.44999999994
2026-04-07 21:28:00,18127.299999999937,18151.649999999936
2026-04-07 22:28:00,18127.299999999937,18140.539999999935
2026-04-07 23:28:00,18126.91999999994,18110.479999999938
2026-04-08 01:29:00,18128.719999999943,18018.079999999944
2026-04-08 02:29:00,17722.189999999944,17722.189999999944
2026-04-08 03:29:00,17722.189999999944,17722.189999999944
2026-04-08 04:29:00,17722.189999999944,17722.189999999944
2026-04-08 05:29:00,17722.189999999944,17722.189999999944
2026-04-08 06:29:00,17722.189999999944,17722.189999999944
2026-04-08 07:29:00,17722.189999999944,17722.189999999944
2026-04-08 08:29:00,17722.189999999944,17722.189999999944
2026-04-08 09:29:00,17722.189999999944,17722.189999999944
2026-04-08 10:29:00,17722.189999999944,17722.189999999944
2026-04-08 11:29:00,17722.189999999944,17722.189999999944
2026-04-08 12:29:00,17722.189999999944,17722.189999999944
2026-04-08 13:29:00,17722.189999999944,17722.189999999944
2026-04-08 14:29:00,17722.189999999944,17722.189999999944
2026-04-08 15:29:00,17722.189999999944,17722.189999999944
2026-04-08 16:29:00,17722.189999999944,17722.189999999944
2026-04-08 17:29:00,17722.189999999944,17722.189999999944
2026-04-08 18:29:00,17739.589999999946,17739.589999999946
2026-04-08 19:29:00,17739.589999999946,17739.589999999946
2026-04-08 20:29:00,17739.589999999946,17739.589999999946
2026-04-08 21:29:00,17739.589999999946,17739.589999999946
2026-04-08 22:29:00,17739.589999999946,17739.589999999946
2026-04-08 23:29:00,17739.589999999946,17739.589999999946
2026-04-09 01:30:00,17739.589999999946,17739.589999999946
2026-04-09 02:30:00,17739.589999999946,17739.589999999946
2026-04-09 03:30:00,17739.589999999946,17739.589999999946
2026-04-09 04:30:00,17739.589999999946,17739.589999999946
2026-04-09 05:30:00,17739.589999999946,17739.589999999946
2026-04-09 06:30:00,17739.589999999946,17739.589999999946
2026-04-09 07:30:00,17739.589999999946,17739.589999999946
2026-04-09 08:30:00,17739.589999999946,17739.589999999946
2026-04-09 09:30:00,17739.589999999946,17739.589999999946
2026-04-09 10:30:00,17739.589999999946,17739.589999999946
2026-04-09 11:30:00,17739.589999999946,17739.589999999946
2026-04-09 12:30:00,17739.589999999946,17739.589999999946
2026-04-09 13:30:00,17738.259999999944,17609.05999999994
2026-04-09 14:30:00,17563.45999999995,17563.45999999995
2026-04-09 15:30:00,17563.45999999995,17563.45999999995
2026-04-09 16:30:00,17563.45999999995,17563.45999999995
2026-04-09 17:30:00,17563.45999999995,17563.45999999995
2026-04-09 18:30:00,17563.45999999995,17563.45999999995
2026-04-09 19:30:00,17563.45999999995,17563.45999999995
2026-04-09 20:30:00,17563.45999999995,17563.45999999995
2026-04-09 21:30:00,17563.45999999995,17563.45999999995
2026-04-09 22:30:00,17563.45999999995,17563.45999999995
2026-04-09 23:30:00,17563.45999999995,17563.45999999995
2026-04-10 01:31:00,17563.45999999995,17563.45999999995
2026-04-10 02:31:00,17563.45999999995,17563.45999999995
2026-04-10 03:31:00,17563.45999999995,17563.45999999995
2026-04-10 04:31:00,17563.45999999995,17563.45999999995
2026-04-10 05:31:00,17563.45999999995,17563.45999999995
2026-04-10 06:31:00,17563.45999999995,17563.45999999995
2026-04-10 07:31:00,17563.45999999995,17563.45999999995
2026-04-10 08:31:00,17563.45999999995,17563.45999999995
2026-04-10 09:31:00,17582.829999999936,17582.829999999936
2026-04-10 10:31:00,17582.829999999936,17582.829999999936
2026-04-10 11:31:00,17582.829999999936,17582.829999999936
2026-04-10 12:31:00,17582.829999999936,17582.829999999936
2026-04-10 13:31:00,17582.829999999936,17582.829999999936
2026-04-10 14:31:00,17582.829999999936,17582.829999999936
2026-04-10 15:31:00,17582.829999999936,17582.829999999936
2026-04-10 16:31:00,17582.829999999936,17582.829999999936
2026-04-10 17:31:00,17582.829999999936,17582.829999999936
2026-04-10 18:31:00,17582.829999999936,17582.829999999936
2026-04-10 19:31:00,17654.579999999947,17818.09999999995
2026-04-10 20:31:00,17752.99999999995,17851.00999999995
2026-04-10 21:31:00,17752.099999999955,17752.099999999955
2026-04-10 22:31:00,17752.099999999955,17752.099999999955
2026-04-10 23:31:00,17752.099999999955,17752.099999999955
2026-04-13 01:32:00,17752.099999999955,17752.099999999955
2026-04-13 02:32:00,17752.099999999955,17752.099999999955
2026-04-13 03:32:00,17752.099999999955,17752.099999999955
2026-04-13 04:32:00,17752.099999999955,17752.099999999955
2026-04-13 05:32:00,17752.099999999955,17752.099999999955
2026-04-13 06:32:00,17752.099999999955,17752.099999999955
2026-04-13 07:32:00,17752.099999999955,17752.099999999955
2026-04-13 08:32:00,17752.099999999955,17752.099999999955
2026-04-13 09:32:00,17752.099999999955,17752.099999999955
2026-04-13 10:32:00,17752.099999999955,17752.099999999955
2026-04-13 11:32:00,17752.099999999955,17752.099999999955
2026-04-13 12:32:00,17752.099999999955,17752.099999999955
2026-04-13 13:32:00,17752.099999999955,17752.099999999955
2026-04-13 14:32:00,17752.099999999955,17752.099999999955
2026-04-13 15:32:00,17752.099999999955,17752.099999999955
2026-04-13 16:32:00,17752.099999999955,17752.099999999955
2026-04-13 17:32:00,17752.099999999955,17752.099999999955
2026-04-13 18:32:00,17752.099999999955,17752.099999999955
2026-04-13 19:32:00,17750.979999999956,17730.179999999953
2026-04-13 20:32:00,17573.699999999957,17573.699999999957
2026-04-13 21:32:00,17573.699999999957,17573.699999999957
2026-04-13 22:32:00,17573.699999999957,17573.699999999957
2026-04-13 23:32:00,17573.699999999957,17573.699999999957
2026-04-14 01:33:00,17573.699999999957,17573.699999999957
2026-04-14 02:33:00,17573.699999999957,17573.699999999957
2026-04-14 03:33:00,17573.699999999957,17573.699999999957
2026-04-14 04:33:00,17573.699999999957,17573.699999999957
2026-04-14 05:33:00,17573.699999999957,17573.699999999957
2026-04-14 06:33:00,17573.699999999957,17573.699999999957
2026-04-14 07:33:00,17573.699999999957,17573.699999999957
2026-04-14 08:33:00,17573.699999999957,17573.699999999957
2026-04-14 09:33:00,17573.699999999957,17573.699999999957
2026-04-14 10:33:00,17573.699999999957,17573.699999999957
2026-04-14 11:33:00,17573.699999999957,17573.699999999957
2026-04-14 12:33:00,17573.699999999957,17573.699999999957
2026-04-14 13:33:00,17573.699999999957,17573.699999999957
2026-04-14 14:33:00,17573.699999999957,17573.699999999957
2026-04-14 15:33:00,17573.699999999957,17573.699999999957
2026-04-14 16:33:00,17573.699999999957,17573.699999999957
2026-04-14 17:33:00,17573.699999999957,17573.699999999957
2026-04-14 18:33:00,17573.699999999957,17573.699999999957
2026-04-14 19:33:00,17573.699999999957,17573.699999999957
2026-04-14 20:33:00,17573.699999999957,17573.699999999957
2026-04-14 21:33:00,17573.699999999957,17573.699999999957
2026-04-14 22:33:00,17573.699999999957,17573.699999999957
2026-04-14 23:33:00,17573.699999999957,17573.699999999957
2026-04-15 01:34:00,17573.699999999957,17573.699999999957
2026-04-15 02:34:00,17573.699999999957,17573.699999999957
2026-04-15 03:34:00,17573.699999999957,17573.699999999957
2026-04-15 04:34:00,17573.699999999957,17573.699999999957
2026-04-15 05:34:00,17573.699999999957,17573.699999999957
2026-04-15 06:34:00,17573.699999999957,17573.699999999957
2026-04-15 07:34:00,17573.699999999957,17573.699999999957
2026-04-15 08:34:00,17573.699999999957,17573.699999999957
2026-04-15 09:34:00,17595.469999999972,17595.469999999972
2026-04-15 10:34:00,17595.469999999972,17595.469999999972
2026-04-15 11:34:00,17595.469999999972,17595.469999999972
2026-04-15 12:34:00,17595.469999999972,17595.469999999972
2026-04-15 13:34:00,17595.469999999972,17595.469999999972
2026-04-15 14:34:00,17595.469999999972,17595.469999999972
2026-04-15 15:34:00,17594.06999999997,17514.669999999966
2026-04-15 16:34:00,17416.669999999976,17416.669999999976
2026-04-15 17:34:00,17416.669999999976,17416.669999999976
2026-04-15 18:34:00,17416.669999999976,17416.669999999976
2026-04-15 19:34:00,17416.669999999976,17416.669999999976
2026-04-15 20:34:00,17416.669999999976,17416.669999999976
2026-04-15 21:34:00,17416.669999999976,17416.669999999976
2026-04-15 22:34:00,17416.669999999976,17416.669999999976
2026-04-15 23:34:00,17416.669999999976,17416.669999999976
2026-04-16 01:35:00,17416.669999999976,17416.669999999976
2026-04-16 02:35:00,17416.669999999976,17416.669999999976
2026-04-16 03:35:00,17416.669999999976,17416.669999999976
2026-04-16 04:35:00,17416.669999999976,17416.669999999976
2026-04-16 05:35:00,17416.669999999976,17416.669999999976
2026-04-16 06:35:00,17416.669999999976,17416.669999999976
2026-04-16 07:35:00,17416.669999999976,17416.669999999976
2026-04-16 08:35:00,17416.669999999976,17416.669999999976
2026-04-16 09:35:00,17416.669999999976,17416.669999999976
2026-04-16 10:35:00,17416.669999999976,17416.669999999976
2026-04-16 11:35:00,17416.669999999976,17416.669999999976
2026-04-16 12:35:00,17416.669999999976,17416.669999999976
2026-04-16 13:35:00,17416.669999999976,17416.669999999976
2026-04-16 14:35:00,17416.669999999976,17416.669999999976
2026-04-16 15:35:00,17480.88999999997,17709.81999999999
2026-04-16 16:35:00,17496.679999999986,17496.679999999986
2026-04-16 17:35:00,17496.679999999986,17496.679999999986
2026-04-16 18:35:00,17496.679999999986,17496.679999999986
2026-04-16 19:35:00,17496.679999999986,17496.679999999986
2026-04-16 20:35:00,17496.679999999986,17496.679999999986
2026-04-16 21:35:00,17496.679999999986,17496.679999999986
2026-04-16 22:35:00,17496.679999999986,17496.679999999986
2026-04-16 23:35:00,17496.679999999986,17496.679999999986
2026-04-17 01:36:00,17496.679999999986,17496.679999999986
2026-04-17 02:36:00,17496.679999999986,17496.679999999986
2026-04-17 03:36:00,17496.679999999986,17496.679999999986
2026-04-17 04:36:00,17496.679999999986,17496.679999999986
2026-04-17 05:36:00,17496.679999999986,17496.679999999986
2026-04-17 06:36:00,17570.719999999983,17648.11999999998
2026-04-17 07:36:00,17570.719999999983,17710.399999999987
2026-04-17 08:36:00,17671.639999999985,17748.97999999999
2026-04-17 09:36:00,17671.039999999986,17671.039999999986
2026-04-17 10:36:00,17671.039999999986,17671.039999999986
2026-04-17 11:36:00,17671.039999999986,17671.039999999986
2026-04-17 12:36:00,17671.039999999986,17671.039999999986
2026-04-17 13:36:00,17671.039999999986,17671.039999999986
2026-04-17 14:36:00,17671.039999999986,17671.039999999986
2026-04-17 15:36:00,17671.039999999986,17671.039999999986
2026-04-17 16:36:00,17671.039999999986,17671.039999999986
2026-04-17 17:36:00,17671.039999999986,17671.039999999986
2026-04-17 18:36:00,17671.039999999986,17671.039999999986
2026-04-17 19:36:00,17671.039999999986,17671.039999999986
2026-04-17 20:36:00,17671.039999999986,17671.039999999986
2026-04-17 21:36:00,17671.039999999986,17671.039999999986
2026-04-17 22:36:00,17671.039999999986,17671.039999999986
2026-04-17 23:36:00,17671.039999999986,17671.039999999986
2026-04-20 01:37:00,17671.039999999986,17671.039999999986
2026-04-20 02:37:00,17671.039999999986,17671.039999999986
2026-04-20 03:37:00,17671.039999999986,17671.039999999986
2026-04-20 04:37:00,17671.039999999986,17671.039999999986
2026-04-20 05:37:00,17671.039999999986,17671.039999999986
2026-04-20 06:37:00,17671.039999999986,17671.039999999986
2026-04-20 07:37:00,17670.199999999986,17673.679999999986
2026-04-20 08:37:00,17670.199999999986,17749.99999999998
2026-04-20 09:37:00,17745.919999999984,17813.23999999998
2026-04-20 10:37:00,17875.219999999987,17985.859999999986
2026-04-20 11:37:00,17873.47999999999,17935.399999999994
2026-04-20 12:37:00,17898.61999999999,17925.679999999993
2026-04-20 13:37:00,17898.61999999999,17988.73999999999
2026-04-20 14:37:00,17898.61999999999,17955.319999999992
2026-04-20 15:37:00,17921.739999999976,17921.739999999976
2026-04-20 16:37:00,17941.859999999968,17941.859999999968
2026-04-20 17:37:00,17941.859999999968,17941.859999999968
2026-04-20 18:37:00,17941.859999999968,17941.859999999968
2026-04-20 19:37:00,17941.859999999968,17941.859999999968
2026-04-20 20:37:00,17941.859999999968,17941.859999999968
2026-04-20 21:37:00,17940.73999999997,17948.419999999962
2026-04-20 22:37:00,17940.73999999997,17956.579999999965
2026-04-20 23:37:00,17940.73999999997,17898.659999999967
2026-04-21 01:38:00,17768.899999999972,17768.899999999972
2026-04-21 02:38:00,17768.899999999972,17768.899999999972
2026-04-21 03:38:00,17768.899999999972,17768.899999999972
2026-04-21 04:38:00,17768.899999999972,17768.899999999972
2026-04-21 05:38:00,17768.899999999972,17768.899999999972
2026-04-21 06:38:00,17768.899999999972,17768.899999999972
2026-04-21 07:38:00,17768.899999999972,17768.899999999972
2026-04-21 08:38:00,17768.899999999972,17768.899999999972
2026-04-21 09:38:00,17768.899999999972,17768.899999999972
2026-04-21 10:38:00,17768.899999999972,17768.899999999972
2026-04-21 11:38:00,17768.899999999972,17768.899999999972
2026-04-21 12:38:00,17768.899999999972,17768.899999999972
2026-04-21 13:38:00,17768.899999999972,17768.899999999972
2026-04-21 14:38:00,17768.899999999972,17768.899999999972
2026-04-21 15:38:00,17931.589999999975,18039.49999999997
2026-04-21 16:38:00,17930.68999999998,17930.68999999998
2026-04-21 17:38:00,17930.68999999998,17930.68999999998
2026-04-21 18:38:00,17929.91999999998,17972.92999999998
2026-04-21 19:38:00,17984.779999999984,18153.339999999982
2026-04-21 20:38:00,18057.939999999984,18245.639999999985
2026-04-21 21:38:00,18057.939999999984,18276.689999999984
2026-04-21 22:38:00,18057.939999999984,18281.989999999983
2026-04-21 23:38:00,18423.689999999988,18423.689999999988
2026-04-22 01:39:00,18423.689999999988,18423.689999999988
2026-04-22 02:39:00,18423.689999999988,18423.689999999988
2026-04-22 03:39:00,18423.689999999988,18423.689999999988
2026-04-22 04:39:00,18423.689999999988,18423.689999999988
2026-04-22 05:39:00,18423.689999999988,18423.689999999988
2026-04-22 06:39:00,18423.689999999988,18423.689999999988
2026-04-22 07:39:00,18423.689999999988,18423.689999999988
2026-04-22 08:39:00,18423.689999999988,18423.689999999988
2026-04-22 09:39:00,18423.689999999988,18423.689999999988
2026-04-22 10:39:00,18423.689999999988,18423.689999999988
2026-04-22 11:39:00,18423.689999999988,18423.689999999988
2026-04-22 12:39:00,18423.689999999988,18423.689999999988
2026-04-22 13:39:00,18423.689999999988,18423.689999999988
2026-04-22 14:39:00,18423.689999999988,18423.689999999988
2026-04-22 15:39:00,18423.689999999988,18423.689999999988
2026-04-22 16:39:00,18423.689999999988,18423.689999999988
2026-04-22 17:39:00,18423.689999999988,18423.689999999988
2026-04-22 18:39:00,18423.689999999988,18423.689999999988
2026-04-22 19:39:00,18423.689999999988,18423.689999999988
2026-04-22 20:39:00,18423.689999999988,18423.689999999988
2026-04-22 21:39:00,18423.689999999988,18423.689999999988
2026-04-22 22:39:00,18423.689999999988,18423.689999999988
2026-04-22 23:39:00,18423.689999999988,18423.689999999988
2026-04-23 01:40:00,18423.689999999988,18423.689999999988
2026-04-23 02:40:00,18423.689999999988,18423.689999999988
2026-04-23 03:40:00,18444.119999999988,18571.95999999999
2026-04-23 04:40:00,18444.119999999988,18521.599999999988
2026-04-23 05:40:00,18443.36999999999,18420.86999999999
2026-04-23 06:40:00,18443.36999999999,18390.21999999999
2026-04-23 07:40:00,18443.36999999999,18388.36999999999
2026-04-23 08:40:00,18443.36999999999,18386.41999999999
2026-04-23 09:40:00,18443.36999999999,18441.819999999992
2026-04-23 10:40:00,18443.36999999999,18417.11999999999
2026-04-23 11:40:00,18443.36999999999,18406.46999999999
2026-04-23 12:40:00,18443.36999999999,18372.61999999999
2026-04-23 13:40:00,18443.36999999999,18348.96999999999
2026-04-23 14:40:00,18443.36999999999,18384.569999999992
2026-04-23 15:40:00,18276.200000000015,18367.680000000015
2026-04-23 16:40:00,18276.200000000015,18353.760000000017
2026-04-23 17:40:00,18322.640000000018,18483.540000000015
2026-04-23 18:40:00,18371.930000000015,18535.12000000001
2026-04-23 19:40:00,18371.230000000014,18429.150000000016
2026-04-23 20:40:00,18370.830000000013,18370.830000000013
2026-04-23 21:40:00,18370.830000000013,18370.830000000013
2026-04-23 22:40:00,18370.830000000013,18370.830000000013
2026-04-23 23:40:00,18370.830000000013,18370.830000000013
2026-04-24 01:41:00,18370.830000000013,18370.830000000013
2026-04-24 02:41:00,18370.830000000013,18370.830000000013
2026-04-24 03:41:00,18370.830000000013,18370.830000000013
2026-04-24 04:41:00,18370.830000000013,18370.830000000013
2026-04-24 05:41:00,18370.830000000013,18370.830000000013
2026-04-24 06:41:00,18370.830000000013,18370.830000000013
2026-04-24 07:41:00,18370.830000000013,18370.830000000013
2026-04-24 08:41:00,18370.830000000013,18370.830000000013
2026-04-24 09:41:00,18370.830000000013,18370.830000000013
2026-04-24 10:41:00,18370.830000000013,18370.830000000013
2026-04-24 11:41:00,18370.830000000013,18370.830000000013
2026-04-24 12:41:00,18370.830000000013,18370.830000000013
2026-04-24 13:41:00,18370.830000000013,18370.830000000013
2026-04-24 14:41:00,18370.830000000013,18370.830000000013
2026-04-24 15:41:00,18370.830000000013,18370.830000000013
2026-04-24 16:41:00,18453.45000000001,18573.150000000012
2026-04-24 17:41:00,18539.34000000001,18755.040000000008
2026-04-24 18:41:00,18539.34000000001,18695.52000000001
2026-04-24 19:41:00,18539.34000000001,18724.500000000007
2026-04-24 20:41:00,18539.34000000001,18722.520000000008
2026-04-24 21:41:00,18539.34000000001,18704.76000000001
2026-04-24 22:41:00,18539.34000000001,18684.72000000001
2026-04-24 23:41:00,18539.34000000001,18624.72000000001
2026-04-27 01:42:00,18339.660000000018,18339.660000000018
2026-04-27 02:42:00,18339.660000000018,18339.660000000018
2026-04-27 03:42:00,18339.660000000018,18339.660000000018
2026-04-27 04:42:00,17972.060000000027,17972.060000000027
2026-04-27 05:42:00,17972.060000000027,17972.060000000027
2026-04-27 06:42:00,17972.060000000027,17972.060000000027
2026-04-27 07:42:00,17972.060000000027,17972.060000000027
2026-04-27 08:42:00,17972.060000000027,17972.060000000027
2026-04-27 09:42:00,17972.060000000027,17972.060000000027
2026-04-27 10:42:00,17972.060000000027,17972.060000000027
2026-04-27 11:42:00,17972.060000000027,17972.060000000027
2026-04-27 12:42:00,17972.060000000027,17972.060000000027
2026-04-27 13:42:00,17972.060000000027,17972.060000000027
2026-04-27 14:42:00,17972.060000000027,17972.060000000027
2026-04-27 15:42:00,17972.060000000027,17972.060000000027
2026-04-27 16:42:00,17972.060000000027,17972.060000000027
2026-04-27 17:42:00,17972.060000000027,17972.060000000027
2026-04-27 18:42:00,17972.060000000027,17972.060000000027
2026-04-27 19:42:00,17972.060000000027,17972.060000000027
2026-04-27 20:42:00,17972.060000000027,17972.060000000027
2026-04-27 21:42:00,17972.060000000027,17972.060000000027
2026-04-27 22:42:00,17972.060000000027,17972.060000000027
2026-04-27 23:42:00,17972.060000000027,17972.060000000027
2026-04-28 01:43:00,17972.060000000027,17972.060000000027
2026-04-28 02:43:00,17972.060000000027,17972.060000000027
2026-04-28 03:43:00,17972.060000000027,17972.060000000027
2026-04-28 04:43:00,17972.060000000027,17972.060000000027
2026-04-28 05:43:00,17972.060000000027,17972.060000000027
2026-04-28 06:43:00,17972.060000000027,17972.060000000027
2026-04-28 07:43:00,17972.060000000027,17972.060000000027
2026-04-28 08:43:00,17972.060000000027,17972.060000000027
2026-04-28 09:43:00,17972.060000000027,17972.060000000027
2026-04-28 10:43:00,17972.060000000027,17972.060000000027
2026-04-28 11:43:00,17972.060000000027,17972.060000000027
2026-04-28 12:43:00,17972.060000000027,17972.060000000027
2026-04-28 13:43:00,17972.060000000027,17972.060000000027
2026-04-28 14:43:00,17972.060000000027,17972.060000000027
2026-04-28 15:43:00,17972.060000000027,17972.060000000027
2026-04-28 16:43:00,17972.060000000027,17972.060000000027
2026-04-28 17:43:00,18148.24000000003,18233.800000000032
2026-04-28 18:43:00,18147.640000000036,18147.640000000036
2026-04-28 19:43:00,18147.640000000036,18147.640000000036
2026-04-28 20:43:00,18147.640000000036,18147.640000000036
2026-04-28 21:43:00,18147.640000000036,18147.640000000036
2026-04-28 22:43:00,18147.640000000036,18147.640000000036
2026-04-28 23:43:00,18147.640000000036,18147.640000000036
2026-04-29 01:44:00,18147.640000000036,18147.640000000036
2026-04-29 02:44:00,18147.640000000036,18147.640000000036
2026-04-29 03:44:00,18147.640000000036,18147.640000000036
2026-04-29 04:44:00,18147.640000000036,18147.640000000036
2026-04-29 05:44:00,18147.640000000036,18147.640000000036
2026-04-29 06:44:00,18147.640000000036,18147.640000000036
2026-04-29 07:44:00,18147.640000000036,18147.640000000036
2026-04-29 08:44:00,18147.640000000036,18147.640000000036
2026-04-29 09:44:00,18167.29000000003,18167.29000000003
2026-04-29 10:44:00,18167.29000000003,18167.29000000003
2026-04-29 11:44:00,18167.29000000003,18167.29000000003
2026-04-29 12:44:00,17981.550000000032,17981.550000000032
2026-04-29 13:44:00,18006.390000000032,18106.650000000045
2026-04-29 14:44:00,18004.59000000004,18004.59000000004
2026-04-29 15:44:00,18004.59000000004,18004.59000000004
2026-04-29 16:44:00,18004.59000000004,18004.59000000004
2026-04-29 17:44:00,18004.59000000004,18004.59000000004
2026-04-29 18:44:00,18004.59000000004,18004.59000000004
2026-04-29 19:44:00,18004.59000000004,18004.59000000004
2026-04-29 20:44:00,18004.59000000004,18004.59000000004
2026-04-29 21:44:00,18004.59000000004,18004.59000000004
2026-04-29 22:44:00,18004.59000000004,18004.59000000004
2026-04-29 23:44:00,18004.59000000004,18004.59000000004
2026-04-30 01:45:00,18004.59000000004,18004.59000000004
2026-04-30 02:45:00,18004.59000000004,18004.59000000004
2026-04-30 03:45:00,18004.59000000004,18004.59000000004
2026-04-30 04:45:00,18004.59000000004,18004.59000000004
2026-04-30 05:45:00,18004.59000000004,18004.59000000004
2026-04-30 06:45:00,18004.59000000004,18004.59000000004
2026-04-30 07:45:00,18004.59000000004,18004.59000000004
2026-04-30 08:45:00,18004.59000000004,18004.59000000004
2026-04-30 09:45:00,18004.59000000004,18004.59000000004
2026-04-30 10:45:00,18004.59000000004,18004.59000000004
2026-04-30 11:45:00,18004.59000000004,18004.59000000004
2026-04-30 12:45:00,18004.59000000004,18004.59000000004
2026-04-30 13:45:00,18004.59000000004,18004.59000000004
2026-04-30 14:45:00,18004.59000000004,18004.59000000004
2026-04-30 15:45:00,18004.59000000004,18004.59000000004
2026-04-30 16:45:00,18004.59000000004,18004.59000000004
2026-04-30 17:45:00,18004.59000000004,18004.59000000004
2026-04-30 18:45:00,18004.59000000004,18004.59000000004
2026-04-30 19:45:00,18004.59000000004,18004.59000000004
2026-04-30 20:45:00,18004.59000000004,18004.59000000004
2026-04-30 21:45:00,18004.59000000004,18004.59000000004
2026-04-30 22:45:00,18004.59000000004,18004.59000000004
2026-04-30 23:45:00,18004.59000000004,18004.59000000004
2026-05-01 01:46:00,18004.59000000004,18004.59000000004
2026-05-01 02:46:00,18004.59000000004,18004.59000000004
2026-05-01 03:46:00,18004.59000000004,18004.59000000004
2026-05-01 04:46:00,18004.59000000004,18004.59000000004
2026-05-01 05:46:00,18004.59000000004,18004.59000000004
2026-05-01 06:46:00,18004.59000000004,18004.59000000004
2026-05-01 07:46:00,18004.59000000004,18004.59000000004
2026-05-01 08:46:00,18004.59000000004,18004.59000000004
2026-05-01 09:46:00,18004.59000000004,18004.59000000004
2026-05-01 10:46:00,18004.59000000004,18004.59000000004
2026-05-01 11:46:00,18004.59000000004,18004.59000000004
2026-05-01 12:46:00,18004.59000000004,18004.59000000004
2026-05-01 13:46:00,18004.59000000004,18004.59000000004
2026-05-01 14:46:00,18004.59000000004,18004.59000000004
2026-05-01 15:46:00,18004.59000000004,18004.59000000004
2026-05-01 16:46:00,18004.59000000004,18004.59000000004
2026-05-01 17:46:00,18004.59000000004,18004.59000000004
2026-05-01 18:46:00,18004.59000000004,18004.59000000004
2026-05-01 19:46:00,18004.59000000004,18004.59000000004
2026-05-01 20:46:00,18004.59000000004,18004.59000000004
2026-05-01 21:46:00,18026.62000000003,18026.62000000003
2026-05-01 22:46:00,18026.62000000003,18026.62000000003
2026-05-01 23:46:00,18026.62000000003,18026.62000000003
2026-05-04 01:47:00,18026.62000000003,18026.62000000003
2026-05-04 02:47:00,18026.62000000003,18026.62000000003
2026-05-04 03:47:00,18026.62000000003,18026.62000000003
2026-05-04 04:47:00,18026.62000000003,18026.62000000003
2026-05-04 05:47:00,18026.62000000003,18026.62000000003
2026-05-04 06:47:00,18026.62000000003,18026.62000000003
2026-05-04 07:47:00,18026.62000000003,18026.62000000003
2026-05-04 08:47:00,18026.62000000003,18026.62000000003
2026-05-04 09:47:00,18026.62000000003,18026.62000000003
2026-05-04 10:47:00,18026.62000000003,18026.62000000003
2026-05-04 11:47:00,18026.62000000003,18026.62000000003
2026-05-04 12:47:00,18026.62000000003,18026.62000000003
2026-05-04 13:47:00,18026.62000000003,18026.62000000003
2026-05-04 14:47:00,18026.62000000003,18026.62000000003
2026-05-04 15:47:00,18026.62000000003,18026.62000000003
2026-05-04 16:47:00,18026.62000000003,18026.62000000003
2026-05-04 17:47:00,18026.62000000003,18026.62000000003
2026-05-04 18:47:00,18026.62000000003,18026.62000000003
2026-05-04 19:47:00,18026.62000000003,18026.62000000003
2026-05-04 20:47:00,18026.62000000003,18026.62000000003
2026-05-04 21:47:00,18026.62000000003,18026.62000000003
2026-05-04 22:47:00,18026.62000000003,18026.62000000003
2026-05-04 23:47:00,18026.62000000003,18026.62000000003
2026-05-05 01:48:00,18026.62000000003,18026.62000000003
2026-05-05 02:48:00,18026.62000000003,18026.62000000003
2026-05-05 03:48:00,18026.62000000003,18026.62000000003
2026-05-05 04:48:00,18026.62000000003,18026.62000000003
2026-05-05 05:48:00,18026.62000000003,18026.62000000003
2026-05-05 06:48:00,18026.62000000003,18026.62000000003
2026-05-05 07:48:00,18026.62000000003,18026.62000000003
2026-05-05 08:48:00,18026.62000000003,18026.62000000003
2026-05-05 09:48:00,18026.62000000003,18026.62000000003
2026-05-05 10:48:00,18026.62000000003,18026.62000000003
2026-05-05 11:48:00,18026.62000000003,18026.62000000003
2026-05-05 12:48:00,18026.62000000003,18026.62000000003
2026-05-05 13:48:00,18026.62000000003,18026.62000000003
2026-05-05 14:48:00,18204.75000000003,18418.95000000003
2026-05-05 15:48:00,18434.150000000023,18434.150000000023
2026-05-05 16:48:00,18432.610000000022,18453.51000000002
2026-05-05 17:48:00,18504.010000000017,18504.010000000017
2026-05-05 18:48:00,18504.010000000017,18504.010000000017
2026-05-05 19:48:00,18504.010000000017,18504.010000000017
2026-05-05 20:48:00,18504.010000000017,18504.010000000017
2026-05-05 21:48:00,18504.010000000017,18504.010000000017
2026-05-05 22:48:00,18504.010000000017,18504.010000000017
2026-05-05 23:48:00,18504.010000000017,18504.010000000017
2026-05-06 01:49:00,18502.260000000017,18421.010000000017
2026-05-06 02:49:00,18922.090000000007,18922.090000000007
2026-05-06 03:49:00,18922.090000000007,18922.090000000007
2026-05-06 04:49:00,18922.090000000007,18922.090000000007
2026-05-06 05:49:00,18922.090000000007,18922.090000000007
2026-05-06 06:49:00,18922.090000000007,18922.090000000007
2026-05-06 07:49:00,18922.090000000007,18922.090000000007
2026-05-06 08:49:00,18922.090000000007,18922.090000000007
2026-05-06 09:49:00,18922.090000000007,18922.090000000007
2026-05-06 10:49:00,18922.090000000007,18922.090000000007
2026-05-06 11:49:00,18922.090000000007,18922.090000000007
2026-05-06 12:49:00,18922.090000000007,18922.090000000007
2026-05-06 13:49:00,18922.090000000007,18922.090000000007
2026-05-06 14:49:00,18922.090000000007,18922.090000000007
2026-05-06 15:49:00,18922.090000000007,18922.090000000007
2026-05-06 16:49:00,18922.090000000007,18922.090000000007
2026-05-06 17:49:00,18922.090000000007,18922.090000000007
2026-05-06 18:49:00,18922.090000000007,18922.090000000007
2026-05-06 19:49:00,18922.090000000007,18922.090000000007
2026-05-06 20:49:00,18922.090000000007,18922.090000000007
2026-05-06 21:49:00,18922.090000000007,18922.090000000007
2026-05-06 22:49:00,18922.090000000007,18922.090000000007
2026-05-06 23:49:00,18922.090000000007,18922.090000000007
2026-05-07 01:50:00,18922.090000000007,18922.090000000007
2026-05-07 02:50:00,18922.090000000007,18922.090000000007
2026-05-07 03:50:00,18922.090000000007,18922.090000000007
2026-05-07 04:50:00,18922.090000000007,18922.090000000007
2026-05-07 05:50:00,18922.090000000007,18922.090000000007
2026-05-07 06:50:00,18922.090000000007,18922.090000000007
2026-05-07 07:50:00,18922.090000000007,18922.090000000007
2026-05-07 08:50:00,18922.090000000007,18922.090000000007
2026-05-07 09:50:00,18922.090000000007,18922.090000000007
2026-05-07 10:50:00,18922.090000000007,18922.090000000007
2026-05-07 11:50:00,18922.090000000007,18922.090000000007
2026-05-07 12:50:00,18922.090000000007,18922.090000000007
2026-05-07 13:50:00,18922.090000000007,18922.090000000007
2026-05-07 14:50:00,18922.090000000007,18922.090000000007
2026-05-07 15:50:00,18922.090000000007,18922.090000000007
2026-05-07 16:50:00,18922.090000000007,18922.090000000007
2026-05-07 17:50:00,18922.090000000007,18922.090000000007
2026-05-07 18:50:00,18922.090000000007,18922.090000000007
2026-05-07 19:50:00,18922.090000000007,18922.090000000007
2026-05-07 20:50:00,18922.090000000007,18922.090000000007
2026-05-07 21:50:00,18922.090000000007,18922.090000000007
2026-05-07 22:50:00,18922.090000000007,18922.090000000007
2026-05-07 23:50:00,18922.090000000007,18922.090000000007
2026-05-08 01:51:00,18922.090000000007,18922.090000000007
2026-05-08 02:51:00,18922.090000000007,18922.090000000007
2026-05-08 03:51:00,18922.090000000007,18922.090000000007
2026-05-08 04:51:00,18922.090000000007,18922.090000000007
2026-05-08 05:51:00,18731.790000000008,18731.790000000008
2026-05-08 06:51:00,18731.790000000008,18731.790000000008
2026-05-08 07:51:00,18731.790000000008,18731.790000000008
2026-05-08 08:51:00,18731.790000000008,18731.790000000008
2026-05-08 09:51:00,18731.790000000008,18731.790000000008
2026-05-08 10:51:00,18731.790000000008,18731.790000000008
2026-05-08 11:51:00,18731.790000000008,18731.790000000008
2026-05-08 12:51:00,18731.790000000008,18731.790000000008
2026-05-08 13:51:00,18731.790000000008,18731.790000000008
2026-05-08 14:51:00,18731.790000000008,18731.790000000008
2026-05-08 15:51:00,18752.78,18752.78
2026-05-08 16:51:00,18752.78,18752.78
2026-05-08 17:51:00,18816.479999999996,18977.699999999997
2026-05-08 18:51:00,18816.479999999996,19020.299999999992
2026-05-08 19:51:00,18816.479999999996,19008.119999999995
2026-05-08 20:51:00,18816.479999999996,18964.379999999994
2026-05-08 21:51:00,18816.479999999996,18943.259999999995
2026-05-08 22:51:00,18816.479999999996,18933.119999999995
2026-05-08 23:51:00,18816.479999999996,18994.079999999994
2026-05-11 01:52:00,18940.959999999995,19154.799999999996
2026-05-11 02:52:00,18940.959999999995,19135.239999999994
2026-05-11 03:52:00,18940.959999999995,19214.159999999996
2026-05-11 04:52:00,18964.889999999996,19298.509999999987
2026-05-11 05:52:00,19014.569999999996,19378.199999999997
2026-05-11 06:52:00,19014.569999999996,19403.16999999999
2026-05-11 07:52:00,19014.569999999996,19475.659999999996
2026-05-11 08:52:00,19457.409999999996,19643.249999999996
2026-05-11 09:52:00,19457.409999999996,19546.369999999995
2026-05-11 10:52:00,19457.409999999996,19596.409999999996
2026-05-11 11:52:00,19457.409999999996,19579.689999999995
2026-05-11 12:52:00,19457.409999999996,19618.53
2026-05-11 13:52:00,19457.409999999996,19591.369999999995
2026-05-11 14:52:00,19457.409999999996,19572.809999999998
2026-05-11 15:52:00,19457.409999999996,19490.609999999997
2026-05-11 16:52:00,19457.01,19457.01
2026-05-11 17:52:00,19457.01,19457.01
2026-05-11 18:52:00,19457.01,19457.01
2026-05-11 19:52:00,19455.82,19512.26000000001
2026-05-11 20:52:00,19482.420000000002,19626.98000000001
2026-05-11 21:52:00,19535.620000000003,19667.83000000001
2026-05-11 22:52:00,19535.620000000003,19717.33000000001
2026-05-11 23:52:00,19535.620000000003,19730.83000000001
2026-05-12 01:53:00,19639.480000000003,19841.980000000003
2026-05-12 02:53:00,19905.380000000005,19905.380000000005
2026-05-12 03:53:00,19905.380000000005,19905.380000000005
2026-05-12 04:53:00,19905.380000000005,19905.380000000005
2026-05-12 05:53:00,19905.380000000005,19905.380000000005
2026-05-12 06:53:00,19905.380000000005,19905.380000000005
2026-05-12 07:53:00,19905.380000000005,19905.380000000005
2026-05-12 08:53:00,19905.380000000005,19905.380000000005
2026-05-12 09:53:00,19905.380000000005,19905.380000000005
2026-05-12 10:53:00,19905.380000000005,19905.380000000005
2026-05-12 11:53:00,19905.380000000005,19905.380000000005
2026-05-12 12:53:00,19905.380000000005,19905.380000000005
2026-05-12 13:53:00,19905.380000000005,19905.380000000005
2026-05-12 14:53:00,19905.380000000005,19905.380000000005
2026-05-12 15:53:00,19905.380000000005,19905.380000000005
2026-05-12 16:53:00,19905.380000000005,19905.380000000005
2026-05-12 17:53:00,19982.74000000002,19982.74000000002
2026-05-12 18:53:00,19982.74000000002,19982.74000000002
2026-05-12 19:53:00,19982.74000000002,19982.74000000002
2026-05-12 20:53:00,19982.74000000002,19982.74000000002
2026-05-12 21:53:00,19982.74000000002,19982.74000000002
2026-05-12 22:53:00,19982.74000000002,19982.74000000002
2026-05-12 23:53:00,19982.74000000002,19982.74000000002
2026-05-13 01:54:00,19982.74000000002,19982.74000000002
2026-05-13 02:54:00,19982.74000000002,19982.74000000002
2026-05-13 03:54:00,19982.74000000002,19982.74000000002
2026-05-13 04:54:00,19982.74000000002,19982.74000000002
2026-05-13 05:54:00,19982.74000000002,19982.74000000002
2026-05-13 06:54:00,19982.74000000002,19982.74000000002
2026-05-13 07:54:00,19982.74000000002,19982.74000000002
2026-05-13 08:54:00,19982.74000000002,19982.74000000002
2026-05-13 09:54:00,19982.74000000002,19982.74000000002
2026-05-13 10:54:00,19982.74000000002,19982.74000000002
2026-05-13 11:54:00,19982.74000000002,19982.74000000002
2026-05-13 12:54:00,19982.74000000002,19982.74000000002
2026-05-13 13:54:00,19982.74000000002,19982.74000000002
2026-05-13 14:54:00,19982.74000000002,19982.74000000002
2026-05-13 15:54:00,19982.74000000002,19982.74000000002
2026-05-13 16:54:00,19982.74000000002,19982.74000000002
2026-05-13 17:54:00,19982.74000000002,19982.74000000002
2026-05-13 18:54:00,19982.74000000002,19982.74000000002
2026-05-13 19:54:00,19982.74000000002,19982.74000000002
2026-05-13 20:54:00,19982.74000000002,19982.74000000002
2026-05-13 21:54:00,19982.74000000002,19982.74000000002
2026-05-13 22:54:00,19982.74000000002,19982.74000000002
2026-05-13 23:54:00,19982.74000000002,19982.74000000002
2026-05-14 01:55:00,19982.74000000002,19982.74000000002
2026-05-14 02:55:00,19982.74000000002,19982.74000000002
2026-05-14 03:55:00,19982.74000000002,19982.74000000002
2026-05-14 04:55:00,19982.74000000002,19982.74000000002
2026-05-14 05:55:00,19982.74000000002,19982.74000000002
2026-05-14 06:55:00,19982.74000000002,19982.74000000002
2026-05-14 07:55:00,19982.74000000002,19982.74000000002
2026-05-14 08:55:00,19982.74000000002,19982.74000000002
2026-05-14 09:55:00,20116.520000000026,20355.320000000007
2026-05-14 10:55:00,20337.500000000015,20519.300000000017
2026-05-14 11:55:00,20336.70000000001,20392.980000000007
2026-05-14 12:55:00,20335.500000000015,20335.500000000015
2026-05-14 13:55:00,20335.500000000015,20335.500000000015
2026-05-14 14:55:00,20335.500000000015,20335.500000000015
2026-05-14 15:55:00,20335.500000000015,20335.500000000015
2026-05-14 16:55:00,20335.500000000015,20335.500000000015
2026-05-14 17:55:00,20335.500000000015,20335.500000000015
2026-05-14 18:55:00,20335.500000000015,20335.500000000015
2026-05-14 19:55:00,20335.500000000015,20335.500000000015
2026-05-14 20:55:00,20335.500000000015,20335.500000000015
2026-05-14 21:55:00,20335.500000000015,20335.500000000015
2026-05-14 22:55:00,20335.500000000015,20335.500000000015
2026-05-14 23:55:00,20335.500000000015,20335.500000000015
2026-05-15 01:56:00,20335.500000000015,20335.500000000015
2026-05-15 02:56:00,20335.500000000015,20335.500000000015
2026-05-15 03:56:00,20335.500000000015,20335.500000000015
2026-05-15 04:56:00,20359.190000000017,20359.190000000017
2026-05-15 05:56:00,20359.190000000017,20359.190000000017
2026-05-15 06:56:00,20359.190000000017,20359.190000000017
2026-05-15 07:56:00,20359.190000000017,20359.190000000017
2026-05-15 08:56:00,20359.190000000017,20359.190000000017
2026-05-15 09:56:00,20359.190000000017,20359.190000000017
2026-05-15 10:56:00,20359.190000000017,20359.190000000017
2026-05-15 11:56:00,20359.190000000017,20359.190000000017
2026-05-15 12:56:00,20359.190000000017,20359.190000000017
2026-05-15 13:56:00,20359.190000000017,20359.190000000017
2026-05-15 14:56:00,20359.190000000017,20359.190000000017
2026-05-15 15:56:00,20359.190000000017,20359.190000000017
2026-05-15 16:56:00,20359.190000000017,20359.190000000017
2026-05-15 17:56:00,20359.190000000017,20359.190000000017
2026-05-15 18:56:00,20359.190000000017,20359.190000000017
2026-05-15 19:56:00,20359.190000000017,20359.190000000017
2026-05-15 20:56:00,20359.190000000017,20359.190000000017
2026-05-15 21:56:00,20359.190000000017,20359.190000000017
2026-05-15 22:56:00,20359.190000000017,20359.190000000017
2026-05-15 23:56:00,20359.190000000017,20359.190000000017
2026-05-18 01:57:00,20359.190000000017,20359.190000000017
2026-05-18 02:57:00,20359.190000000017,20359.190000000017
2026-05-18 03:57:00,20359.190000000017,20359.190000000017
2026-05-18 04:57:00,20359.190000000017,20359.190000000017
2026-05-18 05:57:00,20359.190000000017,20359.190000000017
2026-05-18 06:57:00,20359.190000000017,20359.190000000017
2026-05-18 07:57:00,20359.190000000017,20359.190000000017
2026-05-18 08:57:00,20359.190000000017,20359.190000000017
2026-05-18 09:57:00,20359.190000000017,20359.190000000017
2026-05-18 10:57:00,20359.190000000017,20359.190000000017
2026-05-18 11:57:00,20359.190000000017,20359.190000000017
2026-05-18 12:57:00,20359.190000000017,20359.190000000017
2026-05-18 13:57:00,20359.190000000017,20359.190000000017
2026-05-18 14:57:00,20359.190000000017,20359.190000000017
2026-05-18 15:57:00,20359.190000000017,20359.190000000017
2026-05-18 16:57:00,20359.190000000017,20359.190000000017
2026-05-18 17:57:00,20385.17000000001,20385.17000000001
2026-05-18 18:57:00,20385.17000000001,20385.17000000001
2026-05-18 19:57:00,20385.17000000001,20385.17000000001
2026-05-18 20:57:00,20385.17000000001,20385.17000000001
2026-05-18 21:57:00,20385.17000000001,20385.17000000001
2026-05-18 22:57:00,20471.61000000001,20498.970000000012
2026-05-18 23:57:00,20469.69000000001,20422.97000000001
2026-05-19 01:58:00,20275.930000000008,20275.930000000008
2026-05-19 02:58:00,20275.930000000008,20275.930000000008
2026-05-19 03:58:00,20275.930000000008,20275.930000000008
2026-05-19 04:58:00,20275.930000000008,20275.930000000008
2026-05-19 05:58:00,20275.930000000008,20275.930000000008
2026-05-19 06:58:00,20275.930000000008,20275.930000000008
2026-05-19 07:58:00,20275.930000000008,20275.930000000008
2026-05-19 08:58:00,20275.930000000008,20275.930000000008
2026-05-19 09:58:00,20275.930000000008,20275.930000000008
2026-05-19 10:58:00,20275.930000000008,20275.930000000008
2026-05-19 11:58:00,20275.930000000008,20275.930000000008
2026-05-19 12:58:00,20275.930000000008,20275.930000000008
2026-05-19 13:58:00,20275.930000000008,20275.930000000008
2026-05-19 14:58:00,20275.930000000008,20275.930000000008
2026-05-19 15:58:00,20275.930000000008,20275.930000000008
2026-05-19 16:58:00,20275.930000000008,20275.930000000008
2026-05-19 17:58:00,20275.930000000008,20275.930000000008
2026-05-19 18:58:00,20275.930000000008,20275.930000000008
2026-05-19 19:58:00,20275.930000000008,20275.930000000008
2026-05-19 20:58:00,20275.930000000008,20275.930000000008
2026-05-19 21:58:00,20275.930000000008,20275.930000000008
2026-05-19 22:58:00,20275.930000000008,20275.930000000008
2026-05-19 23:58:00,20275.930000000008,20275.930000000008
2026-05-20 01:59:00,20275.930000000008,20275.930000000008
2026-05-20 02:59:00,20275.930000000008,20275.930000000008
2026-05-20 03:59:00,20275.930000000008,20275.930000000008
2026-05-20 04:59:00,20275.930000000008,20275.930000000008
2026-05-20 05:59:00,20275.930000000008,20275.930000000008
2026-05-20 06:59:00,20275.930000000008,20275.930000000008
2026-05-20 07:59:00,20275.930000000008,20275.930000000008
2026-05-20 08:59:00,20275.930000000008,20275.930000000008
2026-05-20 09:59:00,20275.930000000008,20275.930000000008
2026-05-20 10:59:00,20275.930000000008,20275.930000000008
2026-05-20 11:59:00,20275.930000000008,20275.930000000008
2026-05-20 12:59:00,20275.930000000008,20275.930000000008
2026-05-20 13:59:00,20275.930000000008,20275.930000000008
2026-05-20 14:59:00,20275.930000000008,20275.930000000008
2026-05-20 15:59:00,20275.930000000008,20275.930000000008
2026-05-20 16:59:00,20275.930000000008,20275.930000000008
2026-05-20 17:59:00,20299.89,20299.89
2026-05-20 18:59:00,20299.89,20299.89
2026-05-20 19:59:00,20299.89,20299.89
2026-05-20 20:59:00,20299.89,20299.89
2026-05-20 21:59:00,20299.89,20299.89
2026-05-20 22:59:00,20299.89,20299.89
2026-05-21 01:00:00,20299.89,20299.89
2026-05-21 02:00:00,20299.89,20299.89
2026-05-21 03:00:00,20299.89,20299.89
2026-05-21 04:00:00,20299.89,20299.89
2026-05-21 05:00:00,20299.89,20299.89
2026-05-21 06:00:00,20299.89,20299.89
2026-05-21 07:00:00,20299.89,20299.89
2026-05-21 08:00:00,20299.89,20299.89
2026-05-21 09:00:00,20299.89,20299.89
2026-05-21 10:00:00,20299.89,20299.89
2026-05-21 11:00:00,20327.18,20429.78000000001
2026-05-21 12:00:00,20501.24,20621.36
2026-05-21 13:00:00,20501.24,20610.720000000005
2026-05-21 14:00:00,20500.540000000005,20500.540000000005
2026-05-21 15:00:00,20523.910000000003,20568.430000000004
2026-05-21 16:00:00,20522.710000000003,20522.710000000003
2026-05-21 17:00:00,20522.710000000003,20522.710000000003
2026-05-21 18:00:00,20522.710000000003,20522.710000000003
2026-05-21 19:00:00,20522.710000000003,20522.710000000003
2026-05-21 20:00:00,20522.710000000003,20522.710000000003
2026-05-21 21:00:00,20522.710000000003,20522.710000000003
2026-05-21 22:00:00,20522.710000000003,20522.710000000003
2026-05-21 23:00:00,20522.710000000003,20522.710000000003
2026-05-22 01:01:00,20522.710000000003,20522.710000000003
2026-05-22 02:01:00,20522.710000000003,20522.710000000003
2026-05-22 03:01:00,20522.710000000003,20522.710000000003
2026-05-22 04:01:00,20604.710000000006,20696.830000000005
2026-05-22 05:01:00,20603.310000000012,20603.310000000012
2026-05-22 06:01:00,20603.310000000012,20603.310000000012
2026-05-22 07:01:00,20603.310000000012,20603.310000000012
2026-05-22 08:01:00,20603.310000000012,20603.310000000012
2026-05-22 09:01:00,20603.310000000012,20603.310000000012
2026-05-22 10:01:00,20603.310000000012,20603.310000000012
2026-05-22 11:01:00,20603.310000000012,20603.310000000012
2026-05-22 12:01:00,20603.310000000012,20603.310000000012
2026-05-22 13:01:00,20603.310000000012,20603.310000000012
2026-05-22 14:01:00,20603.310000000012,20603.310000000012
2026-05-22 15:01:00,20603.310000000012,20603.310000000012
2026-05-22 16:01:00,20603.310000000012,20603.310000000012
2026-05-22 17:01:00,20603.310000000012,20603.310000000012
2026-05-22 18:01:00,20603.310000000012,20603.310000000012
2026-05-22 19:01:00,20603.310000000012,20603.310000000012
2026-05-22 20:01:00,20603.310000000012,20603.310000000012
2026-05-22 21:01:00,20603.310000000012,20603.310000000012
2026-05-22 22:01:00,20603.310000000012,20603.310000000012
2026-05-22 23:01:00,20603.310000000012,20603.310000000012
2026-05-25 01:02:00,20603.310000000012,20603.310000000012
2026-05-25 02:02:00,20603.310000000012,20603.310000000012
2026-05-25 03:02:00,20603.310000000012,20603.310000000012
2026-05-25 04:02:00,20603.310000000012,20603.310000000012
2026-05-25 05:02:00,20603.310000000012,20603.310000000012
2026-05-25 06:02:00,20603.310000000012,20603.310000000012
2026-05-25 07:02:00,20603.310000000012,20603.310000000012
2026-05-25 08:02:00,20603.310000000012,20603.310000000012
2026-05-25 09:02:00,20603.310000000012,20603.310000000012
2026-05-25 10:02:00,20603.310000000012,20603.310000000012
2026-05-25 11:02:00,20603.310000000012,20603.310000000012
2026-05-25 12:02:00,20603.310000000012,20603.310000000012
2026-05-25 13:02:00,20603.310000000012,20603.310000000012
2026-05-25 14:02:00,20603.310000000012,20603.310000000012
2026-05-25 15:02:00,20603.310000000012,20603.310000000012
2026-05-25 16:02:00,20603.310000000012,20603.310000000012
2026-05-25 17:02:00,20603.310000000012,20603.310000000012
2026-05-25 18:02:00,20603.310000000012,20603.310000000012
2026-05-25 19:02:00,20603.310000000012,20603.310000000012
2026-05-25 20:02:00,20603.310000000012,20603.310000000012
2026-05-25 21:02:00,20603.310000000012,20603.310000000012
2026-05-25 22:03:00,20603.310000000012,20603.310000000012
2026-05-26 01:54:00,20603.310000000012,20603.310000000012
2026-05-26 02:54:00,20603.310000000012,20603.310000000012
2026-05-26 03:54:00,20602.960000000014,20569.910000000014
2026-05-26 04:54:00,20602.960000000014,20534.260000000013
2026-05-26 05:54:00,20602.960000000014,20520.460000000014
2026-05-26 06:54:00,20602.960000000014,20572.010000000017
2026-05-26 07:54:00,20602.960000000014,20497.110000000015
2026-05-26 08:54:00,20602.960000000014,20493.460000000014
2026-05-26 09:54:00,20602.960000000014,20516.060000000012
2026-05-26 10:54:00,20602.960000000014,20516.960000000014
2026-05-26 11:54:00,20602.960000000014,20479.760000000013
2026-05-26 12:54:00,20602.960000000014,20453.960000000014
2026-05-26 13:54:00,20602.960000000014,20532.210000000014
2026-05-26 14:54:00,20406.910000000018,20406.910000000018
2026-05-26 15:54:00,20406.910000000018,20406.910000000018
2026-05-26 16:54:00,20406.910000000018,20406.910000000018
2026-05-26 17:54:00,20406.910000000018,20406.910000000018
2026-05-26 18:54:00,20406.910000000018,20406.910000000018
2026-05-26 19:54:00,20406.910000000018,20406.910000000018
2026-05-26 20:54:00,20406.910000000018,20406.910000000018
2026-05-26 21:54:00,20406.910000000018,20406.910000000018
2026-05-26 22:54:00,20406.910000000018,20406.910000000018
2026-05-26 23:54:00,20406.910000000018,20406.910000000018
2026-05-27 01:55:00,20406.910000000018,20406.910000000018
2026-05-27 02:55:00,20406.910000000018,20406.910000000018
2026-05-27 03:55:00,20406.910000000018,20406.910000000018
2026-05-27 04:55:00,20406.910000000018,20406.910000000018
2026-05-27 05:55:00,20406.910000000018,20406.910000000018
2026-05-27 06:55:00,20406.910000000018,20406.910000000018
2026-05-27 07:55:00,20406.910000000018,20406.910000000018
2026-05-27 08:55:00,20406.910000000018,20406.910000000018
2026-05-27 09:55:00,20406.910000000018,20406.910000000018
2026-05-27 10:55:00,20406.910000000018,20406.910000000018
2026-05-27 11:55:00,20406.910000000018,20406.910000000018
2026-05-27 12:55:00,20406.910000000018,20406.910000000018
2026-05-27 13:55:00,20406.910000000018,20406.910000000018
2026-05-27 14:55:00,20406.910000000018,20406.910000000018
2026-05-27 15:55:00,20406.910000000018,20406.910000000018
2026-05-27 16:55:00,20406.910000000018,20406.910000000018
2026-05-27 17:55:00,20406.910000000018,20406.910000000018
2026-05-27 18:55:00,20406.910000000018,20406.910000000018
2026-05-27 19:55:00,20406.910000000018,20406.910000000018
2026-05-27 20:55:00,20406.910000000018,20406.910000000018
2026-05-27 21:55:00,20406.910000000018,20406.910000000018
2026-05-27 22:55:00,20406.910000000018,20406.910000000018
2026-05-27 23:55:00,20406.910000000018,20406.910000000018
2026-05-28 01:56:00,20406.910000000018,20406.910000000018
2026-05-28 02:56:00,20406.910000000018,20406.910000000018
2026-05-28 03:56:00,20406.910000000018,20406.910000000018
2026-05-28 04:56:00,20406.910000000018,20406.910000000018
2026-05-28 05:56:00,20406.910000000018,20406.910000000018
2026-05-28 06:56:00,20406.910000000018,20406.910000000018
2026-05-28 07:56:00,20406.910000000018,20406.910000000018
2026-05-28 08:56:00,20406.910000000018,20406.910000000018
2026-05-28 09:56:00,20406.910000000018,20406.910000000018
2026-05-28 10:56:00,20406.910000000018,20406.910000000018
2026-05-28 11:56:00,20406.910000000018,20406.910000000018
2026-05-28 12:56:00,20406.910000000018,20406.910000000018
2026-05-28 13:56:00,20406.910000000018,20406.910000000018
2026-05-28 14:56:00,20406.910000000018,20406.910000000018
2026-05-28 15:56:00,20406.910000000018,20406.910000000018
2026-05-28 16:56:00,20480.900000000016,20555.260000000017
2026-05-28 17:56:00,20730.850000000017,20730.850000000017
2026-05-28 18:56:00,20730.850000000017,20730.850000000017
2026-05-28 19:56:00,20730.850000000017,20730.850000000017
2026-05-28 20:56:00,20730.850000000017,20730.850000000017
2026-05-28 21:56:00,20730.850000000017,20730.850000000017
2026-05-28 22:56:00,20730.850000000017,20730.850000000017
2026-05-28 23:56:00,20729.660000000018,20698.89000000001
2026-05-29 01:57:00,20719.550000000017,20624.589999999993
2026-05-29 02:57:00,20719.550000000017,20679.789999999997
2026-05-29 03:57:00,20742.490000000013,20681.93000000001
2026-05-29 04:57:00,20851.040000000008,20926.46
2026-05-29 05:57:00,20851.040000000008,20909.810000000005
2026-05-29 06:57:00,20848.950000000008,20898.25
2026-05-29 07:57:00,20932.950000000008,21079.830000000005
2026-05-29 08:57:00,20932.950000000008,21061.110000000008
2026-05-29 09:57:00,20932.950000000008,21161.550000000003
2026-05-29 10:57:00,21044.990000000005,21181.990000000005
2026-05-29 11:57:00,20829.670000000006,20916.920000000006
2026-05-29 12:57:00,20829.670000000006,20999.170000000006
2026-05-29 13:57:00,20829.670000000006,21019.470000000005
2026-05-29 14:57:00,20829.670000000006,21014.820000000003
2026-05-29 15:57:00,20829.670000000006,20935.620000000003
2026-05-29 16:57:00,20829.670000000006,21037.570000000007
2026-05-29 17:57:00,21109.770000000004,21109.770000000004
2026-05-29 18:57:00,21109.770000000004,21109.770000000004
2026-05-29 19:57:00,21109.770000000004,21109.770000000004
2026-05-29 20:57:00,21108.790000000005,21068.890000000014
2026-05-29 21:57:00,21108.790000000005,21100.670000000006
2026-05-29 22:57:00,21108.790000000005,20950.730000000003
2026-05-29 23:57:00,20901.870000000006,20901.870000000006
2026-06-01 01:58:00,20901.870000000006,20901.870000000006
2026-06-01 02:58:00,20901.870000000006,20901.870000000006
2026-06-01 03:58:00,20901.870000000006,20901.870000000006
2026-06-01 04:58:00,20901.870000000006,20901.870000000006
2026-06-01 05:58:00,20901.870000000006,20901.870000000006
2026-06-01 06:58:00,20901.870000000006,20901.870000000006
2026-06-01 07:58:00,20901.870000000006,20901.870000000006
2026-06-01 08:58:00,20901.870000000006,20901.870000000006
2026-06-01 09:58:00,20901.870000000006,20901.870000000006
2026-06-01 10:58:00,20901.870000000006,20901.870000000006
2026-06-01 11:58:00,20901.870000000006,20901.870000000006
2026-06-01 12:58:00,20901.870000000006,20901.870000000006
2026-06-01 13:58:00,20901.870000000006,20901.870000000006
2026-06-01 14:58:00,20901.870000000006,20901.870000000006
2026-06-01 15:58:00,20901.870000000006,20901.870000000006
2026-06-01 16:58:00,20901.380000000005,20776.640000000007
2026-06-01 17:58:00,20901.380000000005,20817.52
2026-06-01 18:58:00,20901.380000000005,20935.890000000007
2026-06-01 19:58:00,20901.380000000005,20975.160000000003
2026-06-01 20:58:00,20919.000000000004,21032.940000000002
2026-06-01 21:58:00,20919.000000000004,21029.580000000005
2026-06-01 22:58:00,20919.000000000004,20989.740000000005
2026-06-01 23:58:00,20919.000000000004,21015.060000000005
2026-06-02 01:59:00,20916.000000000004,21017.460000000003
2026-06-02 02:59:00,20916.000000000004,21010.320000000007
2026-06-02 03:59:00,20916.000000000004,20993.22
2026-06-02 04:59:00,20914.91,20953.13
2026-06-02 05:59:00,20932.53,21035.85
2026-06-02 06:59:00,20932.53,21116.13
2026-06-02 07:59:00,20967.769999999997,21211.019999999997
2026-06-02 08:59:00,20967.769999999997,21209.219999999998
2026-06-02 09:59:00,20967.769999999997,21304.469999999998
2026-06-02 10:59:00,21038.259999999995,21303.699999999993
2026-06-02 11:59:00,21038.259999999995,21270.019999999993
2026-06-02 12:59:00,21038.259999999995,21283.259999999995
2026-06-02 13:59:00,21038.259999999995,21296.059999999994
2026-06-02 14:59:00,21038.259999999995,21273.339999999993
2026-06-02 15:59:00,21037.349999999995,21213.999999999993
2026-06-02 16:59:00,21063.759999999995,21039.469999999998
2026-06-02 17:59:00,20857.97,20999.33
2026-06-02 18:59:00,20857.97,20991.41
2026-06-02 19:59:00,20857.97,20950.61
2026-06-02 20:59:00,20857.97,20921.61
2026-06-02 21:59:00,20857.97,20932.57
2026-06-02 22:59:00,20857.97,20935.29
2026-06-03 01:00:00,20851.97,20945.97
2026-06-03 02:00:00,20851.97,20924.530000000002
2026-06-03 03:00:00,20851.57,20851.57
2026-06-03 04:00:00,20851.57,20851.57
2026-06-03 05:00:00,20851.57,20851.57
2026-06-03 06:00:00,20851.57,20851.57
2026-06-03 07:00:00,20851.57,20851.57
2026-06-03 08:00:00,20851.57,20851.57
2026-06-03 09:00:00,20851.57,20851.57
2026-06-03 10:00:00,20851.57,20851.57
2026-06-03 11:00:00,20851.57,20851.57
2026-06-03 12:00:00,20851.57,20851.57
2026-06-03 13:00:00,20851.57,20851.57
2026-06-03 14:00:00,20851.57,20851.57
2026-06-03 15:00:00,20851.57,20851.57
2026-06-03 16:00:00,20851.57,20851.57
2026-06-03 17:00:00,20851.57,20851.57
2026-06-03 18:00:00,20851.57,20851.57
2026-06-03 19:00:00,20851.57,20851.57
2026-06-03 20:00:00,20851.57,20851.57
2026-06-03 21:00:00,20851.57,20851.57
2026-06-03 22:00:00,20851.57,20851.57
2026-06-03 23:00:00,20851.57,20851.57
2026-06-04 01:01:00,20851.57,20851.57
2026-06-04 02:01:00,20851.57,20851.57
2026-06-04 03:01:00,20851.57,20851.57
2026-06-04 04:01:00,20851.57,20851.57
2026-06-04 05:01:00,20851.57,20851.57
2026-06-04 06:01:00,20851.57,20851.57
2026-06-04 07:01:00,20851.57,20851.57
2026-06-04 08:01:00,20851.57,20851.57
2026-06-04 09:01:00,20851.57,20851.57
2026-06-04 10:01:00,20851.57,20851.57
2026-06-04 11:01:00,20851.57,20851.57
2026-06-04 12:01:00,20851.57,20851.57
2026-06-04 13:01:00,20851.57,20851.57
2026-06-04 14:01:00,20851.57,20851.57
2026-06-04 15:01:00,20851.57,20851.57
2026-06-04 16:01:00,20851.57,20851.57
2026-06-04 17:01:00,20851.57,20851.57
2026-06-04 18:01:00,20640.159999999996,20640.159999999996
2026-06-04 19:01:00,20640.159999999996,20640.159999999996
2026-06-04 20:01:00,20640.159999999996,20640.159999999996
2026-06-04 21:01:00,20640.159999999996,20640.159999999996
2026-06-04 22:01:00,20640.159999999996,20640.159999999996
2026-06-04 23:01:00,20640.159999999996,20640.159999999996
2026-06-05 01:02:00,20640.159999999996,20640.159999999996
2026-06-05 02:02:00,20640.159999999996,20640.159999999996
2026-06-05 03:02:00,20640.159999999996,20640.159999999996
2026-06-05 04:02:00,20640.159999999996,20640.159999999996
2026-06-05 05:02:00,20640.159999999996,20640.159999999996
2026-06-05 06:02:00,20640.159999999996,20640.159999999996
2026-06-05 07:02:00,20640.159999999996,20640.159999999996
2026-06-05 08:02:00,20640.159999999996,20640.159999999996
2026-06-05 09:02:00,20640.159999999996,20640.159999999996
2026-06-05 10:02:00,20851.629999999997,20971.049999999996
2026-06-05 11:02:00,20851.629999999997,21038.459999999995
2026-06-05 12:02:00,20851.629999999997,21049.45
2026-06-05 13:02:00,20851.629999999997,21053.58
2026-06-05 14:02:00,20851.629999999997,21056.73
2026-06-05 15:02:00,21095.58,21095.58
2026-06-05 16:02:00,20892.37000000001,20855.830000000016
2026-06-05 17:02:00,20697.840000000007,20697.840000000007
2026-06-05 18:02:00,20697.840000000007,20697.840000000007
2026-06-05 19:02:00,20697.840000000007,20697.840000000007
2026-06-05 20:02:00,20697.840000000007,20697.840000000007
2026-06-05 21:02:00,20697.840000000007,20697.840000000007
2026-06-05 22:02:00,20697.840000000007,20697.840000000007
2026-06-05 23:02:00,20697.840000000007,20697.840000000007
2026-06-08 01:03:00,20697.840000000007,20697.840000000007
2026-06-08 02:03:00,20697.840000000007,20697.840000000007
2026-06-08 03:03:00,20697.840000000007,20697.840000000007
2026-06-08 04:03:00,20697.840000000007,20697.840000000007
2026-06-08 05:03:00,20697.840000000007,20697.840000000007
2026-06-08 06:03:00,20697.840000000007,20697.840000000007
2026-06-08 07:03:00,20697.840000000007,20697.840000000007
2026-06-08 08:03:00,20697.840000000007,20697.840000000007
2026-06-08 09:03:00,20697.840000000007,20697.840000000007
2026-06-08 10:03:00,20697.840000000007,20697.840000000007
2026-06-08 11:03:00,20697.840000000007,20697.840000000007
2026-06-08 12:03:00,20697.840000000007,20697.840000000007
2026-06-08 13:03:00,20697.840000000007,20697.840000000007
2026-06-08 14:03:00,20697.840000000007,20697.840000000007
2026-06-08 15:03:00,20697.840000000007,20697.840000000007
2026-06-08 16:03:00,20697.840000000007,20697.840000000007
2026-06-08 17:03:00,20697.840000000007,20697.840000000007
2026-06-08 18:03:00,20697.000000000007,20602.68
2026-06-08 19:03:00,20496.600000000013,20496.600000000013
2026-06-08 20:03:00,20496.600000000013,20496.600000000013
2026-06-08 21:03:00,20496.600000000013,20496.600000000013
2026-06-08 22:03:00,20496.600000000013,20496.600000000013
2026-06-08 23:03:00,20496.600000000013,20496.600000000013
2026-06-09 01:04:00,20496.600000000013,20496.600000000013
2026-06-09 02:04:00,20496.600000000013,20496.600000000013
2026-06-09 03:04:00,20496.600000000013,20496.600000000013
2026-06-09 04:04:00,20496.600000000013,20496.600000000013
2026-06-09 05:04:00,20496.600000000013,20496.600000000013
2026-06-09 06:04:00,20496.600000000013,20496.600000000013
2026-06-09 07:04:00,20496.600000000013,20496.600000000013
2026-06-09 08:04:00,20496.600000000013,20496.600000000013
2026-06-09 09:04:00,20496.600000000013,20496.600000000013
2026-06-09 10:04:00,20496.600000000013,20496.600000000013
2026-06-09 11:04:00,20496.600000000013,20496.600000000013
2026-06-09 12:04:00,20496.600000000013,20496.600000000013
2026-06-09 13:04:00,20496.600000000013,20496.600000000013
2026-06-09 14:04:00,20496.600000000013,20496.600000000013
2026-06-09 15:04:00,20496.600000000013,20496.600000000013
2026-06-09 16:04:00,20496.600000000013,20496.600000000013
2026-06-09 17:04:00,20496.600000000013,20496.600000000013
2026-06-09 18:04:00,20496.600000000013,20496.600000000013
2026-06-09 19:04:00,20496.600000000013,20496.600000000013
2026-06-09 20:04:00,20496.600000000013,20496.600000000013
2026-06-09 21:04:00,20496.600000000013,20496.600000000013
2026-06-09 22:04:00,20496.600000000013,20496.600000000013
2026-06-09 23:04:00,20496.600000000013,20496.600000000013
2026-06-10 01:05:00,20496.600000000013,20496.600000000013
2026-06-10 02:05:00,20496.600000000013,20496.600000000013
2026-06-10 03:05:00,20496.600000000013,20496.600000000013
2026-06-10 04:05:00,20496.600000000013,20496.600000000013
2026-06-10 05:05:00,20496.600000000013,20496.600000000013
2026-06-10 06:05:00,20496.600000000013,20496.600000000013
2026-06-10 07:05:00,20496.600000000013,20496.600000000013
2026-06-10 08:05:00,20496.600000000013,20496.600000000013
2026-06-10 09:05:00,20496.600000000013,20496.600000000013
2026-06-10 10:05:00,20496.600000000013,20496.600000000013
2026-06-10 11:05:00,20496.600000000013,20496.600000000013
2026-06-10 12:05:00,20496.600000000013,20496.600000000013
2026-06-10 13:05:00,20496.600000000013,20496.600000000013
2026-06-10 14:05:00,20496.600000000013,20496.600000000013
2026-06-10 15:05:00,20496.600000000013,20496.600000000013
2026-06-10 16:05:00,20496.600000000013,20496.600000000013
2026-06-10 17:05:00,20496.600000000013,20496.600000000013
2026-06-10 18:05:00,20496.600000000013,20496.600000000013
2026-06-10 19:05:00,20496.600000000013,20496.600000000013
2026-06-10 20:05:00,20496.600000000013,20496.600000000013
2026-06-10 21:05:00,20496.600000000013,20496.600000000013
2026-06-10 22:05:00,20496.600000000013,20496.600000000013
2026-06-10 23:05:00,20496.600000000013,20496.600000000013
2026-06-11 01:06:00,20496.600000000013,20496.600000000013
2026-06-11 02:06:00,20496.600000000013,20496.600000000013
2026-06-11 03:06:00,20496.600000000013,20496.600000000013
2026-06-11 04:06:00,20496.600000000013,20496.600000000013
2026-06-11 05:06:00,20496.600000000013,20496.600000000013
2026-06-11 06:06:00,20496.600000000013,20496.600000000013
2026-06-11 07:06:00,20496.600000000013,20496.600000000013
2026-06-11 08:06:00,20496.600000000013,20496.600000000013
2026-06-11 09:06:00,20496.600000000013,20496.600000000013
2026-06-11 10:06:00,20496.600000000013,20496.600000000013
2026-06-11 11:06:00,20496.600000000013,20496.600000000013
2026-06-11 12:06:00,20496.600000000013,20496.600000000013
2026-06-11 13:06:00,20496.600000000013,20496.600000000013
2026-06-11 14:06:00,20496.600000000013,20496.600000000013
2026-06-11 15:06:00,20496.600000000013,20496.600000000013
2026-06-11 16:06:00,20496.600000000013,20496.600000000013
2026-06-11 17:06:00,20496.600000000013,20496.600000000013
2026-06-11 18:06:00,20496.600000000013,20496.600000000013
2026-06-11 19:06:00,20496.600000000013,20496.600000000013
2026-06-11 20:06:00,20496.600000000013,20496.600000000013
2026-06-11 21:06:00,20496.600000000013,20496.600000000013
2026-06-11 22:06:00,20496.600000000013,20496.600000000013
2026-06-11 23:06:00,20496.600000000013,20496.600000000013
2026-06-12 01:07:00,20496.600000000013,20496.600000000013
2026-06-12 02:07:00,20496.600000000013,20496.600000000013
2026-06-12 03:07:00,20496.600000000013,20496.600000000013
2026-06-12 04:07:00,20525.400000000012,20577.75000000001
2026-06-12 05:07:00,20523.900000000023,20523.900000000023
2026-06-12 06:07:00,20523.900000000023,20523.900000000023
2026-06-12 07:07:00,20523.900000000023,20523.900000000023
2026-06-12 08:07:00,20523.900000000023,20523.900000000023
2026-06-12 09:07:00,20523.900000000023,20523.900000000023
2026-06-12 10:07:00,20523.900000000023,20523.900000000023
2026-06-12 11:07:00,20523.900000000023,20523.900000000023
2026-06-12 12:07:00,20523.900000000023,20523.900000000023
2026-06-12 13:07:00,20523.900000000023,20523.900000000023
2026-06-12 14:07:00,20523.900000000023,20523.900000000023
2026-06-12 15:07:00,20523.900000000023,20523.900000000023
2026-06-12 16:07:00,20523.900000000023,20523.900000000023
2026-06-12 17:07:00,20523.900000000023,20523.900000000023
2026-06-12 18:07:00,20523.900000000023,20523.900000000023
2026-06-12 19:07:00,20523.900000000023,20523.900000000023
2026-06-12 20:07:00,20523.900000000023,20523.900000000023
2026-06-12 21:07:00,20523.900000000023,20523.900000000023
2026-06-12 22:07:00,20523.900000000023,20523.900000000023
2026-06-12 23:07:00,20523.900000000023,20523.900000000023
2026-06-15 01:08:00,20523.900000000023,20523.900000000023
2026-06-15 02:08:00,20523.900000000023,20523.900000000023
2026-06-15 03:08:00,20523.900000000023,20523.900000000023
2026-06-15 04:08:00,20523.900000000023,20523.900000000023
2026-06-15 05:08:00,20523.900000000023,20523.900000000023
2026-06-15 06:08:00,20523.900000000023,20523.900000000023
2026-06-15 07:08:00,20523.900000000023,20523.900000000023
2026-06-15 08:08:00,20523.900000000023,20523.900000000023
2026-06-15 09:08:00,20523.900000000023,20523.900000000023
2026-06-15 10:08:00,20523.900000000023,20523.900000000023
2026-06-15 11:08:00,20523.900000000023,20523.900000000023
2026-06-15 12:08:00,20523.900000000023,20523.900000000023
2026-06-15 13:08:00,20523.900000000023,20523.900000000023
2026-06-15 14:08:00,20523.900000000023,20523.900000000023
2026-06-15 15:08:00,20523.900000000023,20523.900000000023
2026-06-15 16:08:00,20523.900000000023,20523.900000000023
2026-06-15 17:08:00,20523.900000000023,20523.900000000023
2026-06-15 18:08:00,20523.900000000023,20523.900000000023
2026-06-15 19:08:00,20523.900000000023,20523.900000000023
2026-06-15 20:08:00,20523.900000000023,20523.900000000023
2026-06-15 21:08:00,20523.900000000023,20523.900000000023
2026-06-15 22:08:00,20523.900000000023,20523.900000000023
2026-06-15 23:08:00,20523.900000000023,20523.900000000023
2026-06-16 01:09:00,20523.900000000023,20523.900000000023
2026-06-16 02:09:00,20523.900000000023,20523.900000000023
2026-06-16 03:09:00,20523.900000000023,20523.900000000023
2026-06-16 04:09:00,20523.900000000023,20523.900000000023
2026-06-16 05:09:00,20523.900000000023,20523.900000000023
2026-06-16 06:09:00,20523.900000000023,20523.900000000023
2026-06-16 07:09:00,20523.900000000023,20523.900000000023
2026-06-16 08:09:00,20523.900000000023,20523.900000000023
2026-06-16 09:09:00,20523.900000000023,20523.900000000023
2026-06-16 10:09:00,20523.900000000023,20523.900000000023
2026-06-16 11:09:00,20523.900000000023,20523.900000000023
2026-06-16 12:09:00,20523.900000000023,20523.900000000023
2026-06-16 13:09:00,20523.900000000023,20523.900000000023
2026-06-16 14:09:00,20523.900000000023,20523.900000000023
2026-06-16 15:09:00,20523.900000000023,20523.900000000023
2026-06-16 16:09:00,20523.900000000023,20523.900000000023
2026-06-16 17:09:00,20523.900000000023,20523.900000000023
2026-06-16 18:09:00,20523.900000000023,20523.900000000023
2026-06-16 19:09:00,20522.780000000024,20518.78000000001
2026-06-16 20:09:00,20522.780000000024,20554.940000000013
2026-06-16 21:09:00,20611.340000000022,20633.26000000002
2026-06-16 22:09:00,20611.340000000022,20623.340000000022
2026-06-16 23:09:00,20642.220000000023,20755.02000000002
2026-06-17 01:10:00,20647.620000000024,20754.180000000026
2026-06-17 02:10:00,20647.620000000024,20718.660000000025
2026-06-17 03:10:00,20647.620000000024,20676.42000000003
2026-06-17 04:10:00,20648.580000000024,20648.580000000024
2026-06-17 05:10:00,20648.580000000024,20648.580000000024
2026-06-17 06:10:00,20648.580000000024,20648.580000000024
2026-06-17 07:10:00,20648.580000000024,20648.580000000024
2026-06-17 08:10:00,20648.580000000024,20648.580000000024
2026-06-17 09:10:00,20648.580000000024,20648.580000000024
2026-06-17 10:10:00,20648.580000000024,20648.580000000024
2026-06-17 11:10:00,20648.580000000024,20648.580000000024
2026-06-17 12:10:00,20648.580000000024,20648.580000000024
2026-06-17 13:10:00,20648.580000000024,20648.580000000024
2026-06-17 14:10:00,20648.580000000024,20648.580000000024
2026-06-17 15:10:00,20648.580000000024,20648.580000000024
2026-06-17 16:10:00,20648.580000000024,20648.580000000024
2026-06-17 17:10:00,20648.580000000024,20648.580000000024
2026-06-17 18:10:00,20648.580000000024,20648.580000000024
2026-06-17 19:10:00,20648.580000000024,20648.580000000024
2026-06-17 20:10:00,20648.580000000024,20648.580000000024
2026-06-17 21:10:00,20933.180000000022,21572.49000000002
2026-06-17 22:10:00,21236.900000000023,21594.96000000002
2026-06-17 23:10:00,21362.480000000025,21332.160000000025
2026-06-18 01:11:00,21360.480000000025,21373.440000000024
2026-06-18 02:11:00,21360.480000000025,21421.200000000023
2026-06-18 03:11:00,21389.210000000025,21488.39000000002
2026-06-18 04:11:00,21446.670000000024,21574.590000000026
2026-06-18 05:11:00,21446.670000000024,21574.550000000025
2026-06-18 06:11:00,21446.670000000024,21544.170000000024
2026-06-18 07:11:00,21446.670000000024,21554.57000000002
2026-06-18 08:11:00,21446.670000000024,21557.290000000023
2026-06-18 09:11:00,21446.670000000024,21521.830000000024
2026-06-18 10:11:00,21446.670000000024,21537.750000000022
2026-06-18 11:11:00,21445.760000000024,21441.850000000035
2026-06-18 12:11:00,21242.350000000035,21239.670000000035
2026-06-18 13:11:00,21242.350000000035,21245.590000000033
2026-06-18 14:11:00,21242.350000000035,21167.030000000035
2026-06-18 15:11:00,21242.350000000035,21193.270000000033
2026-06-18 16:11:00,21242.350000000035,21219.270000000033
2026-06-18 17:11:00,21242.350000000035,21158.150000000034
2026-06-18 18:11:00,21242.350000000035,21202.150000000034
2026-06-18 19:11:00,21242.350000000035,21121.350000000035
2026-06-18 20:11:00,21050.430000000037,21050.430000000037
2026-06-18 21:11:00,21050.430000000037,21050.430000000037
2026-06-18 22:11:00,21050.430000000037,21050.430000000037
2026-06-18 23:11:00,21050.430000000037,21050.430000000037
2026-06-19 01:12:00,21050.430000000037,21050.430000000037
2026-06-19 02:12:00,21050.430000000037,21050.430000000037
2026-06-19 03:12:00,21050.430000000037,21050.430000000037
2026-06-19 04:12:00,21050.430000000037,21050.430000000037
2026-06-19 05:12:00,21050.430000000037,21050.430000000037
2026-06-19 06:12:00,21050.430000000037,21050.430000000037
2026-06-19 07:12:00,21050.430000000037,21050.430000000037
2026-06-19 08:12:00,21049.940000000035,21026.140000000032
2026-06-19 09:12:00,21049.940000000035,21144.650000000034
2026-06-19 10:12:00,21067.630000000034,21213.79000000003
2026-06-19 11:12:00,21103.020000000033,21279.22000000003
2026-06-19 12:12:00,21103.020000000033,21278.770000000033
2026-06-19 13:12:00,21103.020000000033,21220.57000000003
2026-06-19 14:12:00,21103.020000000033,21178.220000000034
2026-06-19 15:12:00,21103.020000000033,21234.820000000032
2026-06-19 16:12:00,21103.020000000033,21304.57000000003
2026-06-19 17:12:00,21103.020000000033,21192.47000000003
2026-06-19 18:12:00,21103.020000000033,21193.420000000035
2026-06-19 19:12:00,21103.020000000033,21171.47000000003
2026-06-22 01:11:00,21100.520000000033,21196.22000000003
2026-06-22 02:11:00,21100.520000000033,21245.22000000003
2026-06-22 03:11:00,21100.520000000033,21208.220000000034
2026-06-22 04:11:00,21171.300000000032,21485.94000000003
2026-06-22 05:11:00,20958.180000000026,21186.140000000025
2026-06-22 06:11:00,20958.180000000026,21168.220000000023
2026-06-22 07:11:00,20958.180000000026,21141.580000000024
2026-06-22 08:11:00,20958.180000000026,21162.700000000026
2026-06-22 09:11:00,20958.180000000026,21213.660000000025
2026-06-22 10:11:00,20958.180000000026,21230.940000000024
2026-06-22 11:11:00,20958.180000000026,21192.580000000024
2026-06-22 12:11:00,20958.180000000026,21257.140000000025
2026-06-22 13:11:00,20958.180000000026,21286.420000000024
2026-06-22 14:11:00,20958.180000000026,21263.700000000026
2026-06-22 15:11:00,20958.180000000026,21263.460000000025
2026-06-22 16:11:00,20958.180000000026,21204.340000000026
2026-06-22 17:11:00,20958.180000000026,21240.340000000026
2026-06-22 18:11:00,20958.180000000026,21226.380000000026
2026-06-22 19:11:00,20958.180000000026,21133.460000000025
2026-06-22 20:11:00,20958.180000000026,21185.260000000024
2026-06-22 21:11:00,20958.180000000026,21172.660000000025
2026-06-22 22:11:00,20958.180000000026,21198.780000000024
2026-06-22 23:11:00,20958.180000000026,21197.620000000024
2026-06-23 01:12:00,20956.180000000026,21200.300000000025
2026-06-23 02:12:00,20956.180000000026,21194.220000000023
2026-06-23 03:12:00,20956.180000000026,21148.180000000026
2026-06-23 04:12:00,20956.180000000026,21175.340000000026
2026-06-23 05:12:00,20955.410000000025,20964.69000000002
2026-06-23 06:12:00,20755.870000000028,20794.830000000027
2026-06-23 07:12:00,20754.980000000025,20828.200000000026
2026-06-23 08:12:00,20754.980000000025,20740.560000000023
2026-06-23 09:12:00,20754.980000000025,20697.37000000002
2026-06-23 10:12:00,20754.980000000025,20629.330000000027
2026-06-23 11:12:00,20547.850000000024,20547.850000000024
2026-06-23 12:12:00,20547.850000000024,20547.850000000024
2026-06-23 13:12:00,20547.850000000024,20547.850000000024
2026-06-23 14:12:00,20547.850000000024,20547.850000000024
2026-06-23 15:12:00,20547.850000000024,20547.850000000024
2026-06-23 16:12:00,20547.850000000024,20547.850000000024
2026-06-23 17:12:00,20547.850000000024,20547.850000000024
2026-06-23 18:12:00,20547.850000000024,20547.850000000024
2026-06-23 19:12:00,20547.850000000024,20547.850000000024
2026-06-23 20:12:00,20547.850000000024,20547.850000000024
2026-06-23 21:12:00,20547.850000000024,20547.850000000024
2026-06-23 22:12:00,20547.850000000024,20547.850000000024
2026-06-23 23:12:00,20547.850000000024,20547.850000000024
2026-06-24 01:13:00,20547.850000000024,20547.850000000024
2026-06-24 02:13:00,20547.850000000024,20547.850000000024
2026-06-24 03:13:00,20547.850000000024,20547.850000000024
2026-06-24 04:13:00,20547.850000000024,20547.850000000024
2026-06-24 05:13:00,20547.850000000024,20547.850000000024
2026-06-24 06:13:00,20547.850000000024,20547.850000000024
2026-06-24 07:13:00,20547.850000000024,20547.850000000024
2026-06-24 08:13:00,20547.850000000024,20547.850000000024
2026-06-24 09:13:00,20547.850000000024,20547.850000000024
2026-06-24 10:13:00,20547.850000000024,20547.850000000024
2026-06-24 11:13:00,20547.850000000024,20547.850000000024
2026-06-24 12:13:00,20547.850000000024,20547.850000000024
2026-06-24 13:13:00,20547.850000000024,20547.850000000024
2026-06-24 14:13:00,20547.850000000024,20547.850000000024
2026-06-24 15:13:00,20547.850000000024,20547.850000000024
2026-06-24 16:13:00,20547.850000000024,20547.850000000024
2026-06-24 17:13:00,20547.850000000024,20547.850000000024
2026-06-24 18:13:00,20547.850000000024,20547.850000000024
2026-06-24 19:13:00,20547.850000000024,20547.850000000024
2026-06-24 20:13:00,20547.850000000024,20547.850000000024
2026-06-24 21:13:00,20547.850000000024,20547.850000000024
2026-06-24 22:13:00,20547.850000000024,20547.850000000024
2026-06-24 23:13:00,20547.850000000024,20547.850000000024
2026-06-25 01:14:00,20547.850000000024,20547.850000000024
2026-06-25 02:14:00,20547.850000000024,20547.850000000024
2026-06-25 03:14:00,20545.960000000025,20474.950000000023
2026-06-25 04:14:00,20342.11000000002,20342.11000000002
2026-06-25 05:14:00,20342.11000000002,20342.11000000002
2026-06-25 06:14:00,20342.11000000002,20342.11000000002
2026-06-25 07:14:00,20342.11000000002,20342.11000000002
2026-06-25 08:14:00,20342.11000000002,20342.11000000002
2026-06-25 09:14:00,20342.11000000002,20342.11000000002
2026-06-25 10:14:00,20342.11000000002,20342.11000000002
2026-06-25 11:14:00,20342.11000000002,20342.11000000002
2026-06-25 12:14:00,20342.11000000002,20342.11000000002
2026-06-25 13:14:00,20342.11000000002,20342.11000000002
2026-06-25 14:14:00,20342.11000000002,20342.11000000002
2026-06-25 15:14:00,20342.11000000002,20342.11000000002
2026-06-25 16:14:00,20342.11000000002,20342.11000000002
2026-06-25 17:14:00,20342.11000000002,20342.11000000002
2026-06-25 18:14:00,20342.11000000002,20342.11000000002
2026-06-25 19:14:00,20342.11000000002,20342.11000000002
2026-06-25 20:14:00,20342.11000000002,20342.11000000002
2026-06-25 21:14:00,20342.11000000002,20342.11000000002
2026-06-25 22:14:00,20342.11000000002,20342.11000000002
2026-06-25 23:14:00,20342.11000000002,20342.11000000002
2026-06-26 01:15:00,20342.11000000002,20342.11000000002
2026-06-26 02:15:00,20342.11000000002,20342.11000000002
2026-06-26 03:15:00,20340.50000000002,20433.420000000016
2026-06-26 04:15:00,20365.000000000022,20365.000000000022
2026-06-26 05:15:00,20365.000000000022,20365.000000000022
2026-06-26 06:15:00,20365.000000000022,20365.000000000022
2026-06-26 07:15:00,20365.000000000022,20365.000000000022
2026-06-26 08:15:00,20365.000000000022,20365.000000000022
2026-06-26 09:15:00,20365.000000000022,20365.000000000022
2026-06-26 10:15:00,20365.000000000022,20365.000000000022
2026-06-26 11:15:00,20365.000000000022,20365.000000000022
2026-06-26 12:15:00,20365.000000000022,20365.000000000022
2026-06-26 13:15:00,20365.000000000022,20365.000000000022
2026-06-26 14:15:00,20365.000000000022,20365.000000000022
2026-06-26 15:15:00,20365.000000000022,20365.000000000022
2026-06-26 16:15:00,20365.000000000022,20365.000000000022
2026-06-26 17:15:00,20365.000000000022,20365.000000000022
2026-06-26 18:15:00,20365.000000000022,20365.000000000022
2026-06-26 19:15:00,20365.000000000022,20365.000000000022
2026-06-26 20:15:00,20365.000000000022,20365.000000000022
2026-06-26 21:15:00,20365.000000000022,20365.000000000022
2026-06-26 22:15:00,20365.000000000022,20365.000000000022
2026-06-26 23:15:00,20365.000000000022,20365.000000000022
2026-06-29 01:16:00,20365.000000000022,20365.000000000022
2026-06-29 02:16:00,20446.690000000024,20506.090000000026
2026-06-29 03:16:00,20470.940000000024,20470.940000000024
2026-06-29 04:16:00,20470.940000000024,20470.940000000024
2026-06-29 05:16:00,20470.940000000024,20470.940000000024
2026-06-29 06:16:00,20470.940000000024,20470.940000000024
2026-06-29 07:16:00,20470.940000000024,20470.940000000024
2026-06-29 08:16:00,20470.940000000024,20470.940000000024
2026-06-29 09:16:00,20470.940000000024,20470.940000000024
2026-06-29 10:16:00,20470.940000000024,20470.940000000024
2026-06-29 11:16:00,20470.940000000024,20470.940000000024
2026-06-29 12:16:00,20470.940000000024,20470.940000000024
2026-06-29 13:16:00,20470.940000000024,20470.940000000024
2026-06-29 14:16:00,20470.940000000024,20470.940000000024
2026-06-29 15:16:00,20470.940000000024,20470.940000000024
2026-06-29 16:16:00,20470.940000000024,20470.940000000024
2026-06-29 17:16:00,20470.940000000024,20470.940000000024
2026-06-29 18:16:00,20470.940000000024,20470.940000000024
2026-06-29 19:16:00,20470.940000000024,20470.940000000024
2026-06-29 20:16:00,20470.940000000024,20470.940000000024
2026-06-29 21:16:00,20470.940000000024,20470.940000000024
2026-06-29 22:16:00,20470.940000000024,20470.940000000024
2026-06-29 23:16:00,20470.940000000024,20470.940000000024
2026-06-30 01:17:00,20470.940000000024,20470.940000000024
2026-06-30 02:17:00,20470.940000000024,20470.940000000024
2026-06-30 03:17:00,20470.940000000024,20470.940000000024
2026-06-30 04:17:00,20470.940000000024,20470.940000000024
2026-06-30 05:17:00,20470.940000000024,20470.940000000024
2026-06-30 06:17:00,20470.940000000024,20470.940000000024
2026-06-30 07:17:00,20470.940000000024,20470.940000000024
2026-06-30 08:17:00,20470.940000000024,20470.940000000024
2026-06-30 09:17:00,20470.940000000024,20470.940000000024
2026-06-30 10:17:00,20470.940000000024,20470.940000000024
2026-06-30 11:17:00,20470.940000000024,20470.940000000024
2026-06-30 12:17:00,20470.940000000024,20470.940000000024
2026-06-30 13:17:00,20470.940000000024,20470.940000000024
2026-06-30 14:17:00,20468.980000000025,20398.14000000002
2026-06-30 15:17:00,20263.180000000022,20263.180000000022
2026-06-30 16:17:00,20396.95000000001,20891.15000000001
2026-06-30 17:17:00,20962.010000000013,21467.81000000001
2026-06-30 18:17:00,21066.030000000013,21286.380000000012
2026-06-30 19:17:00,21095.630000000012,21383.460000000003
2026-06-30 20:17:00,21094.130000000012,21297.06000000001
2026-06-30 21:17:00,21094.130000000012,21348.41000000001
2026-06-30 22:17:00,21094.130000000012,21263.78000000001
2026-06-30 23:17:00,21094.130000000012,21191.500000000007
2026-07-01 01:18:00,21052.01000000001,21113.630000000005
2026-07-01 02:18:00,21052.01000000001,21109.730000000003
2026-07-01 03:18:00,21052.01000000001,20910.05000000001
2026-07-01 04:18:00,20236.109999999993,20236.109999999993
2026-07-01 05:18:00,20236.109999999993,20236.109999999993
2026-07-01 06:18:00,20236.109999999993,20236.109999999993
2026-07-01 07:18:00,20258.72,20258.72
2026-07-01 08:18:00,20258.72,20258.72
2026-07-01 09:18:00,20258.72,20258.72
2026-07-01 10:18:00,20258.72,20258.72
2026-07-01 11:18:00,20258.72,20258.72
2026-07-01 12:18:00,20258.72,20258.72
2026-07-01 13:18:00,20258.72,20258.72
2026-07-01 14:18:00,20258.72,20258.72
2026-07-01 15:18:00,20258.72,20258.72
2026-07-01 16:18:00,20287.34,20399.39
2026-07-01 17:18:00,20699.869999999995,20699.869999999995
2026-07-01 18:18:00,20699.869999999995,20699.869999999995
2026-07-01 19:18:00,20699.869999999995,20699.869999999995
2026-07-01 20:18:00,20699.869999999995,20699.869999999995
2026-07-01 21:18:00,20699.869999999995,20699.869999999995
2026-07-01 22:18:00,20699.869999999995,20699.869999999995
2026-07-01 23:18:00,20699.869999999995,20699.869999999995
2026-07-02 01:19:00,20698.679999999997,20759.03
2026-07-02 02:19:00,20724.939999999995,20774.409999999993
2026-07-02 03:19:00,20748.479999999996,20721.3
2026-07-02 04:19:00,20538.05999999999,20538.05999999999
2026-07-02 05:19:00,20561.429999999997,20561.429999999997
2026-07-02 06:19:00,20561.429999999997,20561.429999999997
2026-07-02 07:19:00,20561.429999999997,20561.429999999997
2026-07-02 08:19:00,20561.429999999997,20561.429999999997
2026-07-02 09:19:00,20561.429999999997,20561.429999999997
2026-07-02 10:19:00,20561.429999999997,20561.429999999997
2026-07-02 11:19:00,20561.429999999997,20561.429999999997
2026-07-02 12:19:00,20561.429999999997,20561.429999999997
2026-07-02 13:19:00,20561.429999999997,20561.429999999997
2026-07-02 14:19:00,20561.429999999997,20561.429999999997
2026-07-02 15:19:00,20561.429999999997,20561.429999999997
2026-07-02 16:19:00,20561.429999999997,20561.429999999997
2026-07-02 17:19:00,20587.25,20677.969999999994
2026-07-02 18:19:00,20585.849999999995,20585.849999999995
2026-07-02 19:19:00,20585.849999999995,20585.849999999995
2026-07-02 20:19:00,20585.849999999995,20585.849999999995
2026-07-02 21:19:00,20585.849999999995,20585.849999999995
2026-07-02 22:19:00,20585.849999999995,20585.849999999995
2026-07-02 23:19:00,20585.849999999995,20585.849999999995
2026-07-03 01:20:00,20585.849999999995,20585.849999999995
2026-07-03 02:20:00,20585.849999999995,20585.849999999995
2026-07-03 03:20:00,20585.849999999995,20585.849999999995
2026-07-03 04:20:00,20585.849999999995,20585.849999999995
2026-07-03 05:20:00,20585.849999999995,20585.849999999995
2026-07-03 06:20:00,20585.849999999995,20585.849999999995
2026-07-03 07:20:00,20585.849999999995,20585.849999999995
2026-07-03 08:20:00,20585.849999999995,20585.849999999995
2026-07-03 09:20:00,20608.42999999998,20590.189999999973
2026-07-03 10:23:00,20638.369999999977,20679.409999999974
2026-07-03 11:23:00,20638.369999999977,20782.279999999973
2026-07-03 12:23:00,20638.369999999977,20692.729999999978
2026-07-03 13:23:00,20638.369999999977,20750.59999999997
2026-07-03 14:23:00,20638.369999999977,20798.839999999975
2026-07-03 15:23:00,20638.369999999977,20700.739999999972
2026-07-03 16:23:00,20636.62999999998,20640.469999999976
2026-07-03 17:23:00,20664.889999999978,20707.369999999966
2026-07-03 18:23:00,20724.769999999975,20885.44999999998
2026-07-03 19:23:00,20724.769999999975,20789.209999999974
2026-07-06 01:22:00,20867.029999999977,21126.739999999976
2026-07-06 02:22:00,20926.909999999974,21241.369999999966
2026-07-06 03:22:00,21166.549999999974,21224.32999999997
2026-07-06 04:22:00,21255.10999999997,21339.829999999973
2026-07-06 05:22:00,21255.10999999997,21340.12999999997
2026-07-06 06:22:00,21254.509999999973,21254.509999999973
2026-07-06 07:22:00,21254.509999999973,21254.509999999973
2026-07-06 08:22:00,21254.509999999973,21254.509999999973
2026-07-06 09:22:00,21254.509999999973,21254.509999999973
2026-07-06 10:22:00,21254.509999999973,21254.509999999973
2026-07-06 11:22:00,21254.509999999973,21254.509999999973
2026-07-06 12:22:00,21254.509999999973,21254.509999999973
2026-07-06 13:22:00,21254.509999999973,21254.509999999973
2026-07-06 14:22:00,21254.509999999973,21254.509999999973
2026-07-06 15:22:00,21254.509999999973,21254.509999999973
2026-07-06 16:22:00,21254.509999999973,21254.509999999973
2026-07-06 17:22:00,21254.509999999973,21254.509999999973
2026-07-06 18:22:00,21254.509999999973,21254.509999999973
2026-07-06 19:22:00,21254.509999999973,21254.509999999973
2026-07-06 20:22:00,21254.509999999973,21254.509999999973
2026-07-06 21:22:00,21254.509999999973,21254.509999999973
2026-07-06 22:22:00,21254.509999999973,21254.509999999973
2026-07-06 23:22:00,21254.509999999973,21254.509999999973
2026-07-07 01:23:00,21254.509999999973,21254.509999999973
2026-07-07 02:23:00,21254.509999999973,21254.509999999973
2026-07-07 03:23:00,21254.509999999973,21254.509999999973
2026-07-07 04:23:00,21254.509999999973,21254.509999999973
2026-07-07 05:23:00,21254.509999999973,21254.509999999973
2026-07-07 06:23:00,21254.509999999973,21254.509999999973
2026-07-07 07:23:00,21254.509999999973,21254.509999999973
2026-07-07 08:23:00,21254.509999999973,21254.509999999973
2026-07-07 09:23:00,21254.509999999973,21254.509999999973
2026-07-07 10:23:00,21254.509999999973,21254.509999999973
2026-07-07 11:23:00,21254.509999999973,21254.509999999973
2026-07-07 12:23:00,21254.509999999973,21254.509999999973
2026-07-07 13:23:00,21254.509999999973,21254.509999999973
2026-07-07 14:23:00,21254.509999999973,21254.509999999973
2026-07-07 15:23:00,21254.509999999973,21254.509999999973
2026-07-07 16:23:00,21254.509999999973,21254.509999999973
2026-07-07 17:23:00,21254.509999999973,21254.509999999973
2026-07-07 18:23:00,21254.509999999973,21254.509999999973
2026-07-07 19:23:00,21254.509999999973,21254.509999999973
2026-07-07 20:23:00,21254.509999999973,21254.509999999973
2026-07-07 21:23:00,21254.509999999973,21254.509999999973
2026-07-07 22:23:00,21254.509999999973,21254.509999999973
2026-07-07 23:23:00,21254.509999999973,21254.509999999973
2026-07-08 01:24:00,21254.509999999973,21254.509999999973
2026-07-08 02:24:00,21254.509999999973,21254.509999999973
2026-07-08 03:24:00,21254.509999999973,21254.509999999973
2026-07-08 04:24:00,21254.509999999973,21254.509999999973
2026-07-08 05:24:00,21254.509999999973,21254.509999999973
2026-07-08 06:24:00,21254.509999999973,21254.509999999973
2026-07-08 07:24:00,21254.509999999973,21254.509999999973
2026-07-08 08:24:00,21254.509999999973,21254.509999999973
2026-07-08 09:24:00,21254.509999999973,21254.509999999973
2026-07-08 10:24:00,21254.509999999973,21254.509999999973
2026-07-08 11:24:00,21254.509999999973,21254.509999999973
2026-07-08 12:24:00,21254.509999999973,21254.509999999973
2026-07-08 13:24:00,21254.509999999973,21254.509999999973
2026-07-08 14:24:00,21254.509999999973,21254.509999999973
2026-07-08 15:24:00,21254.509999999973,21254.509999999973
2026-07-08 16:24:00,21254.509999999973,21254.509999999973
2026-07-08 17:24:00,21254.509999999973,21254.509999999973
2026-07-08 18:24:00,21254.509999999973,21254.509999999973
2026-07-08 19:24:00,21254.509999999973,21254.509999999973
2026-07-08 20:24:00,21254.509999999973,21254.509999999973
2026-07-08 21:24:00,21254.509999999973,21254.509999999973
2026-07-08 22:24:00,21254.509999999973,21254.509999999973
2026-07-08 23:24:00,21254.509999999973,21254.509999999973
2026-07-09 01:25:00,21254.509999999973,21254.509999999973
2026-07-09 02:25:00,21254.509999999973,21254.509999999973
2026-07-09 03:25:00,21254.509999999973,21254.509999999973
2026-07-09 04:25:00,21254.509999999973,21254.509999999973
2026-07-09 05:25:00,21254.509999999973,21254.509999999973
2026-07-09 06:25:00,21254.509999999973,21254.509999999973
2026-07-09 07:25:00,21254.509999999973,21254.509999999973
2026-07-09 08:25:00,21254.509999999973,21254.509999999973
2026-07-09 09:25:00,21251.84999999997,21017.90999999996
2026-07-09 10:25:00,21251.84999999997,20796.74999999997
2026-07-09 11:25:00,20639.43999999997,20456.15999999997
2026-07-09 12:25:00,20639.43999999997,20505.599999999966
2026-07-09 13:25:00,20639.43999999997,20535.279999999966
2026-07-09 14:25:00,20666.68999999997,20656.109999999968
2026-07-09 15:25:00,20513.48999999997,20602.40999999997
2026-07-09 16:25:00,20627.249999999967,20770.39999999997
2026-07-09 17:25:00,20627.249999999967,20763.599999999966
2026-07-09 18:25:00,20627.249999999967,20789.849999999966
2026-07-09 19:25:00,20649.739999999958,20813.889999999956
2026-07-09 20:25:00,20649.739999999958,20800.989999999958
2026-07-09 21:25:00,20649.739999999958,20787.239999999958
2026-07-09 22:25:00,20649.739999999958,20773.68999999996
2026-07-09 23:25:00,20649.739999999958,20779.33999999996
2026-07-10 01:26:00,20647.239999999958,20788.93999999996
2026-07-10 02:26:00,20647.239999999958,20779.989999999958
2026-07-10 03:26:00,20647.239999999958,20762.789999999957
2026-07-10 04:26:00,20647.239999999958,20776.089999999956
2026-07-10 05:26:00,20647.239999999958,20789.68999999996
2026-07-10 06:26:00,20647.239999999958,20788.93999999996
2026-07-10 07:26:00,20647.239999999958,20732.73999999996
2026-07-10 08:26:00,20647.239999999958,20737.389999999956
2026-07-10 09:26:00,20647.239999999958,20754.18999999996
2026-07-10 10:26:00,20647.239999999958,20734.489999999958
2026-07-10 11:26:00,20647.239999999958,20692.589999999956
2026-07-10 12:26:00,20673.989999999958,20773.17999999996
2026-07-10 13:26:00,20730.86999999996,20848.499999999956
2026-07-10 14:26:00,20730.86999999996,20810.159999999963
2026-07-10 15:26:00,20730.86999999996,20829.86999999996
2026-07-10 16:26:00,20729.969999999958,20729.969999999958
2026-07-10 17:26:00,20756.079999999944,20756.079999999944
2026-07-10 18:26:00,20756.079999999944,20756.079999999944
2026-07-10 19:26:00,20756.079999999944,20756.079999999944
2026-07-10 20:26:00,20756.079999999944,20756.079999999944
2026-07-10 21:26:00,20756.079999999944,20756.079999999944
2026-07-10 22:26:00,20756.079999999944,20756.079999999944
2026-07-10 23:26:00,20756.079999999944,20756.079999999944
2026-07-13 01:27:00,20756.079999999944,20756.079999999944
2026-07-13 02:27:00,20756.079999999944,20756.079999999944
2026-07-13 03:27:00,20756.079999999944,20756.079999999944
2026-07-13 04:27:00,20756.079999999944,20756.079999999944
2026-07-13 05:27:00,20756.079999999944,20756.079999999944
2026-07-13 06:27:00,20756.079999999944,20756.079999999944
2026-07-13 07:27:00,20756.079999999944,20756.079999999944
2026-07-13 08:27:00,20756.079999999944,20756.079999999944
2026-07-13 09:27:00,20756.079999999944,20756.079999999944
2026-07-13 10:27:00,20756.079999999944,20756.079999999944
2026-07-13 11:27:00,20756.079999999944,20756.079999999944
2026-07-13 12:27:00,20756.079999999944,20756.079999999944
2026-07-13 13:27:00,20756.079999999944,20756.079999999944
2026-07-13 14:27:00,20756.079999999944,20756.079999999944
2026-07-13 15:27:00,20756.079999999944,20756.079999999944
2026-07-13 16:27:00,20756.079999999944,20756.079999999944
2026-07-13 17:27:00,20756.079999999944,20756.079999999944
2026-07-13 18:27:00,20756.079999999944,20756.079999999944
2026-07-13 19:27:00,20756.079999999944,20756.079999999944
2026-07-13 20:27:00,20756.079999999944,20756.079999999944
2026-07-13 21:27:00,20756.079999999944,20756.079999999944
2026-07-13 22:27:00,20756.079999999944,20756.079999999944
2026-07-13 23:27:00,20756.079999999944,20756.079999999944
2026-07-14 01:28:00,20756.079999999944,20756.079999999944
2026-07-14 02:28:00,20756.079999999944,20756.079999999944
2026-07-14 03:28:00,20756.079999999944,20756.079999999944
2026-07-14 04:28:00,20756.079999999944,20756.079999999944
2026-07-14 05:28:00,20756.079999999944,20756.079999999944
2026-07-14 06:28:00,20756.079999999944,20756.079999999944
2026-07-14 07:28:00,20756.079999999944,20756.079999999944
2026-07-14 08:28:00,20756.079999999944,20756.079999999944
2026-07-14 09:28:00,20756.079999999944,20756.079999999944
2026-07-14 10:28:00,20756.079999999944,20756.079999999944
2026-07-14 11:28:00,20756.079999999944,20756.079999999944
2026-07-14 12:28:00,20756.079999999944,20756.079999999944
2026-07-14 13:28:00,20756.079999999944,20756.079999999944
2026-07-14 14:28:00,20756.079999999944,20756.079999999944
2026-07-14 15:28:00,20756.079999999944,20756.079999999944
2026-07-14 16:28:00,20819.429999999946,20938.079999999947
2026-07-14 17:28:00,20819.429999999946,20994.009999999947
2026-07-14 18:28:00,20819.429999999946,20936.95999999995
2026-07-14 19:28:00,20904.559999999947,21065.70999999995
2026-07-14 20:28:00,20904.559999999947,21065.70999999995
2026-07-14 21:28:00,20904.559999999947,21065.759999999947
2026-07-14 22:28:00,20904.559999999947,21065.759999999947
2026-07-14 23:28:00,20904.559999999947,21065.509999999947
2026-07-15 01:29:00,20899.309999999947,21060.259999999947
2026-07-15 02:29:00,20899.309999999947,21060.509999999947
2026-07-15 03:29:00,20899.309999999947,21060.509999999947
2026-07-15 04:29:00,20899.309999999947,21060.509999999947
2026-07-15 05:29:00,20708.15999999995,21049.05999999995
2026-07-15 06:29:00,20708.15999999995,21059.45999999995
2026-07-15 07:29:00,20708.15999999995,21046.30999999995
2026-07-15 08:29:00,20708.15999999995,21089.10999999995
2026-07-15 09:29:00,20708.15999999995,21082.409999999953
2026-07-15 10:29:00,20708.15999999995,21093.95999999995
2026-07-15 11:29:00,20708.15999999995,21082.75999999995
2026-07-15 12:29:00,20708.15999999995,21077.50999999995
2026-07-15 13:29:00,20708.15999999995,21070.25999999995
2026-07-15 14:29:00,20708.15999999995,21060.80999999995
2026-07-15 15:29:00,20708.15999999995,21016.80999999995
2026-07-15 16:29:00,20708.15999999995,20934.85999999995
2026-07-15 17:29:00,20708.15999999995,20923.35999999995
2026-07-15 18:29:00,20730.50999999995,20991.859999999953
2026-07-15 19:29:00,20730.50999999995,21063.109999999953
2026-07-15 20:29:00,20730.50999999995,20999.309999999954
2026-07-15 21:29:00,20730.50999999995,20864.609999999953
2026-07-15 22:29:00,20730.50999999995,20956.75999999995
2026-07-15 23:29:00,20730.50999999995,20930.409999999953
2026-07-16 01:30:00,20733.97999999995,21033.669999999933
2026-07-16 02:30:00,20822.539999999946,21157.669999999936
2026-07-16 03:30:00,20822.539999999946,21104.99999999995
2026-07-16 04:30:00,20815.429999999935,21127.229999999934
2026-07-16 05:30:00,20815.429999999935,21148.829999999933
2026-07-16 06:30:00,20815.429999999935,21152.529999999937
2026-07-16 07:30:00,20815.429999999935,21151.829999999936
2026-07-16 08:30:00,20815.429999999935,21184.579999999936
2026-07-16 09:30:00,20815.429999999935,21173.679999999935
2026-07-16 10:30:00,20815.429999999935,21202.329999999936
2026-07-16 11:30:00,20815.429999999935,21155.829999999936
2026-07-16 12:30:00,20815.429999999935,21157.429999999935
2026-07-16 13:30:00,20815.429999999935,21158.129999999936
2026-07-16 14:30:00,20815.429999999935,21199.729999999934
2026-07-16 15:30:00,21242.879999999936,21242.879999999936
2026-07-16 16:30:00,21242.879999999936,21242.879999999936
2026-07-16 17:30:00,21242.879999999936,21242.879999999936
2026-07-16 18:30:00,21242.879999999936,21242.879999999936
2026-07-16 19:30:00,21029.93999999993,21029.93999999993
2026-07-16 20:30:00,21029.93999999993,21029.93999999993
2026-07-16 21:30:00,21029.93999999993,21029.93999999993
2026-07-16 22:30:00,21029.93999999993,21029.93999999993
2026-07-16 23:30:00,21029.93999999993,21029.93999999993
2026-07-17 01:31:00,21029.93999999993,21029.93999999993
2026-07-17 02:31:00,21029.93999999993,21029.93999999993
2026-07-17 03:31:00,21029.93999999993,21029.93999999993
2026-07-17 04:31:00,21029.93999999993,21029.93999999993
2026-07-17 05:31:00,21029.93999999993,21029.93999999993
2026-07-17 06:31:00,21029.93999999993,21029.93999999993
2026-07-17 07:31:00,21029.93999999993,21029.93999999993
2026-07-17 08:31:00,21029.93999999993,21029.93999999993
2026-07-17 09:31:00,21029.93999999993,21029.93999999993
2026-07-17 10:31:00,21029.93999999993,21029.93999999993
2026-07-17 11:31:00,21029.93999999993,21029.93999999993
2026-07-17 12:31:00,21029.93999999993,21029.93999999993
2026-07-17 13:31:00,21029.93999999993,21029.93999999993
2026-07-17 14:31:00,21029.93999999993,21029.93999999993
2026-07-17 15:31:00,21029.93999999993,21029.93999999993
2026-07-17 16:31:00,21029.93999999993,21029.93999999993
2026-07-17 17:31:00,21029.93999999993,21029.93999999993
2026-07-17 18:31:00,21029.93999999993,21029.93999999993
2026-07-17 19:31:00,21029.93999999993,21029.93999999993
2026-07-17 20:31:00,21029.93999999993,21029.93999999993
2026-07-17 21:31:00,21029.93999999993,21029.93999999993
2026-07-17 22:31:00,21029.93999999993,21029.93999999993
2026-07-17 23:31:00,21029.93999999993,21029.93999999993
2026-07-20 01:32:00,21029.93999999993,21029.93999999993
2026-07-20 02:32:00,21029.93999999993,21029.93999999993
2026-07-20 03:32:00,21027.20999999993,21089.099999999915
2026-07-20 04:32:00,20619.35999999994,20619.35999999994
2026-07-20 05:32:00,20619.35999999994,20619.35999999994
2026-07-20 06:32:00,20618.37999999994,20679.83999999994
2026-07-20 07:32:00,20618.37999999994,20632.659999999938
2026-07-20 08:32:00,20643.729999999938,20773.859999999935
2026-07-20 09:32:00,20694.42999999994,20862.66999999994
2026-07-20 10:32:00,20694.42999999994,20812.50999999994
2026-07-20 11:32:00,20692.64999999994,20737.86999999994
2026-07-20 12:32:00,20717.999999999938,20802.80999999994
2026-07-20 13:32:00,20717.999999999938,20740.769999999935
2026-07-20 14:32:00,20716.89999999994,20716.89999999994
2026-07-20 15:32:00,20716.89999999994,20716.89999999994
2026-07-20 16:32:00,20716.89999999994,20716.89999999994
2026-07-20 17:32:00,20716.89999999994,20716.89999999994
2026-07-20 18:32:00,20741.70999999994,20794.839999999946
2026-07-20 19:32:00,20739.609999999946,20739.609999999946
2026-07-20 20:32:00,20739.609999999946,20739.609999999946
2026-07-20 21:32:00,20739.609999999946,20739.609999999946
2026-07-20 22:32:00,20739.609999999946,20739.609999999946
2026-07-20 23:32:00,20739.609999999946,20739.609999999946
2026-07-21 01:33:00,20739.609999999946,20739.609999999946
2026-07-21 02:33:00,20739.609999999946,20739.609999999946
2026-07-21 03:33:00,20739.609999999946,20739.609999999946
2026-07-21 04:33:00,20739.609999999946,20739.609999999946
2026-07-21 05:33:00,20762.849999999933,20762.849999999933
2026-07-21 06:33:00,20762.849999999933,20762.849999999933
2026-07-21 07:33:00,20762.849999999933,20762.849999999933
2026-07-21 08:33:00,20762.849999999933,20762.849999999933
2026-07-21 09:33:00,20762.849999999933,20762.849999999933
2026-07-21 10:33:00,20762.849999999933,20762.849999999933
2026-07-21 11:33:00,20762.849999999933,20762.849999999933
2026-07-21 12:33:00,20762.849999999933,20762.849999999933
2026-07-21 13:33:00,20762.849999999933,20762.849999999933
2026-07-21 14:33:00,20762.849999999933,20762.849999999933
2026-07-21 15:33:00,20762.849999999933,20762.849999999933
2026-07-21 16:33:00,20762.849999999933,20762.849999999933
2026-07-21 17:33:00,20762.849999999933,20762.849999999933
2026-07-21 18:33:00,20762.849999999933,20762.849999999933
2026-07-21 19:33:00,20762.849999999933,20762.849999999933
2026-07-21 20:33:00,20762.849999999933,20762.849999999933
2026-07-21 21:33:00,20762.849999999933,20762.849999999933
2026-07-21 22:33:00,20762.849999999933,20762.849999999933
2026-07-21 23:33:00,20762.849999999933,20762.849999999933
2026-07-22 01:34:00,20762.849999999933,20762.849999999933
2026-07-22 02:34:00,20762.849999999933,20762.849999999933
2026-07-22 03:34:00,20762.849999999933,20762.849999999933
2026-07-22 04:34:00,20762.849999999933,20762.849999999933
2026-07-22 05:34:00,20762.849999999933,20762.849999999933
2026-07-22 06:34:00,20762.849999999933,20762.849999999933
2026-07-22 07:34:00,20762.849999999933,20762.849999999933
2026-07-22 08:34:00,20762.849999999933,20762.849999999933
2026-07-22 09:34:00,20762.849999999933,20762.849999999933
2026-07-22 10:34:00,20762.849999999933,20762.849999999933
2026-07-22 11:34:00,20791.129999999936,20867.209999999937
2026-07-22 12:34:00,20791.129999999936,20860.729999999938
2026-07-22 13:34:00,20791.129999999936,20878.489999999943
2026-07-22 14:34:00,20791.129999999936,20891.089999999946
2026-07-22 15:34:00,20849.92999999994,20979.04999999994
2026-07-22 16:34:00,20849.129999999943,20849.129999999943
2026-07-22 17:34:00,20849.129999999943,20849.129999999943
2026-07-22 18:34:00,20849.129999999943,20849.129999999943
2026-07-22 19:34:00,20849.129999999943,20849.129999999943
2026-07-22 20:34:00,20849.129999999943,20849.129999999943
2026-07-22 21:34:00,20849.129999999943,20849.129999999943
2026-07-22 22:34:00,20849.129999999943,20849.129999999943
2026-07-22 23:34:00,20849.129999999943,20849.129999999943
2026-07-23 01:35:00,20849.129999999943,20849.129999999943
2026-07-23 02:35:00,20849.129999999943,20849.129999999943
2026-07-23 03:35:00,20849.129999999943,20849.129999999943
2026-07-23 04:35:00,20849.129999999943,20849.129999999943
2026-07-23 05:35:00,20849.129999999943,20849.129999999943
2026-07-23 06:35:00,20849.129999999943,20849.129999999943
2026-07-23 07:35:00,20849.129999999943,20849.129999999943
2026-07-23 08:35:00,20849.129999999943,20849.129999999943
2026-07-23 09:35:00,20849.129999999943,20849.129999999943
2026-07-23 10:35:00,20849.129999999943,20849.129999999943
2026-07-23 11:35:00,20849.129999999943,20849.129999999943
2026-07-23 12:35:00,20849.129999999943,20849.129999999943
2026-07-23 13:35:00,20849.129999999943,20849.129999999943
2026-07-23 14:35:00,20849.129999999943,20849.129999999943
2026-07-23 15:35:00,20849.129999999943,20849.129999999943
2026-07-23 16:35:00,20849.129999999943,20849.129999999943
2026-07-23 17:35:00,20849.129999999943,20849.129999999943
2026-07-23 18:35:00,20849.129999999943,20849.129999999943
2026-07-23 19:35:00,20849.129999999943,20849.129999999943
2026-07-23 20:35:00,20849.129999999943,20849.129999999943
2026-07-23 21:35:00,20849.129999999943,20849.129999999943
2026-07-23 22:35:00,20849.129999999943,20849.129999999943
2026-07-23 23:35:00,20849.129999999943,20849.129999999943
2026-07-24 01:36:00,20849.129999999943,20849.129999999943
2026-07-24 02:36:00,20849.129999999943,20849.129999999943
2026-07-24 03:36:00,20849.129999999943,20849.129999999943
2026-07-24 04:36:00,20849.129999999943,20849.129999999943
2026-07-24 05:36:00,20849.129999999943,20849.129999999943
2026-07-24 06:36:00,20849.129999999943,20849.129999999943
2026-07-24 07:36:00,20849.129999999943,20849.129999999943
2026-07-24 08:36:00,20849.129999999943,20849.129999999943
2026-07-24 09:36:00,20849.129999999943,20849.129999999943
2026-07-24 10:36:00,20849.129999999943,20849.129999999943
2026-07-24 11:36:00,20849.129999999943,20849.129999999943
2026-07-24 12:36:00,20849.129999999943,20849.129999999943
2026-07-24 13:36:00,20849.129999999943,20849.129999999943
2026-07-24 14:36:00,20849.129999999943,20849.129999999943
2026-07-24 15:36:00,20849.129999999943,20849.129999999943
2026-07-24 16:36:00,20849.129999999943,20849.129999999943
2026-07-24 17:36:00,20849.129999999943,20849.129999999943
2026-07-24 18:36:00,20849.129999999943,20849.129999999943
2026-07-24 19:36:00,20875.589999999942,20875.589999999942
2026-07-24 20:36:00,20875.589999999942,20875.589999999942
2026-07-24 21:36:00,20875.589999999942,20875.589999999942
2026-07-24 22:36:00,20875.589999999942,20875.589999999942
2026-07-24 23:36:00,20875.589999999942,20875.589999999942
2026-07-27 01:37:00,20875.589999999942,20875.589999999942
2026-07-27 02:37:00,20875.589999999942,20875.589999999942
2026-07-27 03:37:00,20875.589999999942,20875.589999999942
2026-07-27 04:37:00,20875.589999999942,20875.589999999942
2026-07-27 05:37:00,20875.589999999942,20875.589999999942
2026-07-27 06:37:00,20875.589999999942,20875.589999999942
2026-07-27 07:37:00,20875.589999999942,20875.589999999942
2026-07-27 08:37:00,20875.589999999942,20875.589999999942
2026-07-27 09:37:00,20875.589999999942,20875.589999999942
2026-07-27 10:37:00,20875.589999999942,20875.589999999942
2026-07-27 11:37:00,20875.589999999942,20875.589999999942
2026-07-27 12:37:00,20875.589999999942,20875.589999999942
2026-07-27 13:37:00,20875.589999999942,20875.589999999942
2026-07-27 14:37:00,20875.589999999942,20875.589999999942
2026-07-27 15:37:00,20875.589999999942,20875.589999999942
2026-07-27 16:37:00,20875.589999999942,20875.589999999942
2026-07-27 17:37:00,20875.589999999942,20875.589999999942
2026-07-27 18:37:00,20875.589999999942,20875.589999999942
2026-07-27 19:37:00,20875.589999999942,20875.589999999942
2026-07-27 20:37:00,20875.589999999942,20875.589999999942
2026-07-27 21:37:00,20875.589999999942,20875.589999999942
2026-07-27 22:37:00,20875.589999999942,20875.589999999942
2026-07-27 23:37:00,20875.589999999942,20875.589999999942
2026-07-28 01:38:00,20875.589999999942,20875.589999999942
2026-07-28 02:38:00,20875.589999999942,20875.589999999942
2026-07-28 03:38:00,20875.589999999942,20875.589999999942
2026-07-28 04:38:00,20875.589999999942,20875.589999999942
2026-07-28 05:38:00,20875.589999999942,20875.589999999942
2026-07-28 06:38:00,20875.589999999942,20875.589999999942
2026-07-28 07:38:00,20875.589999999942,20875.589999999942
2026-07-28 08:38:00,20875.589999999942,20875.589999999942
2026-07-28 09:38:00,20875.589999999942,20875.589999999942
2026-07-28 10:38:00,20875.589999999942,20875.589999999942
2026-07-28 11:38:00,20875.589999999942,20875.589999999942
2026-07-28 12:38:00,20875.589999999942,20875.589999999942
2026-07-28 13:38:00,20875.589999999942,20875.589999999942
2026-07-28 14:38:00,20875.589999999942,20875.589999999942
2026-07-28 15:38:00,20875.589999999942,20875.589999999942
2026-07-28 16:38:00,20875.589999999942,20875.589999999942
2026-07-28 17:38:00,20875.589999999942,20875.589999999942
2026-07-28 18:38:00,20875.589999999942,20875.589999999942
2026-07-28 19:38:00,20875.589999999942,20875.589999999942
2026-07-28 20:38:00,20875.589999999942,20875.589999999942
2026-07-28 21:38:00,20875.589999999942,20875.589999999942
2026-07-28 22:38:00,20875.589999999942,20875.589999999942
2026-07-28 23:38:00,20875.589999999942,20875.589999999942
2026-07-29 01:39:00,20875.589999999942,20875.589999999942
2026-07-29 02:39:00,20875.589999999942,20875.589999999942
2026-07-29 03:39:00,20875.589999999942,20875.589999999942
2026-07-29 04:39:00,20875.589999999942,20875.589999999942
2026-07-29 05:39:00,20875.589999999942,20875.589999999942
2026-07-29 06:39:00,20875.589999999942,20875.589999999942
2026-07-29 07:39:00,20875.589999999942,20875.589999999942
2026-07-29 08:39:00,20875.589999999942,20875.589999999942
2026-07-29 09:39:00,20875.589999999942,20875.589999999942
2026-07-29 10:39:00,20875.589999999942,20875.589999999942
2026-07-29 11:39:00,20875.589999999942,20875.589999999942
2026-07-29 12:39:00,20875.589999999942,20875.589999999942
2026-07-29 13:39:00,20875.589999999942,20875.589999999942
2026-07-29 14:39:00,20875.589999999942,20875.589999999942
2026-07-29 15:39:00,20875.589999999942,20875.589999999942
2026-07-29 16:39:00,20875.589999999942,20875.589999999942
2026-07-29 17:39:00,20875.589999999942,20875.589999999942
2026-07-29 18:39:00,20875.589999999942,20875.589999999942
2026-07-29 19:39:00,20875.589999999942,20875.589999999942
2026-07-29 20:39:00,20875.589999999942,20875.589999999942
2026-07-29 21:39:00,20875.589999999942,20875.589999999942
2026-07-29 22:39:00,20875.589999999942,20875.589999999942
2026-07-29 23:39:00,20875.589999999942,20875.589999999942
2026-07-30 01:40:00,20875.589999999942,20875.589999999942
2026-07-30 02:40:00,20875.589999999942,20875.589999999942
2026-07-30 03:40:00,20875.589999999942,20875.589999999942
2026-07-30 04:40:00,20875.589999999942,20875.589999999942
2026-07-30 05:40:00,20875.589999999942,20875.589999999942
2026-07-30 06:40:00,20875.589999999942,20875.589999999942
2026-07-30 07:40:00,20875.589999999942,20875.589999999942
2026-07-30 08:40:00,20875.09999999994,20895.18999999994
2026-07-30 09:40:00,20875.09999999994,20896.659999999938
2026-07-30 10:40:00,20679.329999999944,20733.989999999943
2026-07-30 11:40:00,20712.799999999945,20873.899999999943
2026-07-30 12:40:00,20712.799999999945,20872.449999999943
2026-07-30 13:40:00,20712.799999999945,20952.449999999943
2026-07-30 14:40:00,20712.799999999945,20938.399999999943
2026-07-30 15:40:00,20712.799999999945,20919.699999999946
2026-07-30 16:40:00,20712.799999999945,21000.099999999944
2026-07-30 17:40:00,20779.739999999943,21073.699999999943
2026-07-30 18:40:00,20779.739999999943,21053.099999999944
2026-07-30 19:40:00,20779.739999999943,21089.379999999943
2026-07-30 20:40:00,20779.739999999943,21069.139999999945
2026-07-30 21:40:00,20779.739999999943,21071.459999999945
2026-07-30 22:40:00,20779.739999999943,21102.97999999994
2026-07-30 23:40:00,20779.739999999943,21075.779999999944
2026-07-31 01:41:00,20777.739999999943,21086.81999999994
2026-07-31 02:41:00,20777.739999999943,21073.859999999942
2026-07-31 03:41:00,20777.739999999943,21013.939999999944
2026-07-31 04:41:00,20777.739999999943,20989.979999999945
2026-07-31 05:41:00,20777.739999999943,20969.45999999994
2026-07-31 06:41:00,20777.739999999943,20951.77999999994
2026-07-31 07:41:00,20777.739999999943,20967.099999999944
2026-07-31 08:41:00,20777.739999999943,20956.45999999994
2026-07-31 09:41:00,20777.739999999943,20961.299999999945
2026-07-31 10:41:00,20777.739999999943,20938.259999999944
2026-07-31 11:41:00,20777.739999999943,20880.179999999942
2026-07-31 12:41:00,20777.739999999943,20854.739999999943
2026-07-31 13:41:00,20777.739999999943,20861.099999999944
2026-07-31 14:41:00,20777.739999999943,20855.539999999943
2026-07-31 15:41:00,20777.739999999943,20826.699999999943
2026-07-31 16:41:00,20776.84999999994,20745.06999999994
2026-07-31 17:41:00,20776.84999999994,20844.18999999994
2026-07-31 18:41:00,20793.57999999994,20850.81999999994
2026-07-31 19:41:00,20793.57999999994,20856.93999999994
2026-07-31 20:41:00,20793.57999999994,20903.37999999994
2026-07-31 21:41:00,20793.57999999994,20902.11999999994
2026-07-31 22:41:00,20793.57999999994,20900.91999999994
2026-07-31 23:41:00,20793.57999999994,20909.97999999994
2026-08-03 01:42:00,20836.63999999994,21012.53999999994
2026-08-03 02:42:00,20836.63999999994,21017.73999999994
2026-08-03 03:42:00,20836.63999999994,20964.589999999942
2026-08-03 04:42:00,20836.63999999994,20915.33999999994
2026-08-03 05:42:00,20836.63999999994,20970.63999999994
2026-08-03 06:42:00,20836.63999999994,20984.13999999994
2026-08-03 07:42:00,20836.63999999994,21019.73999999994
2026-08-03 08:42:00,20836.63999999994,20987.839999999942
2026-08-03 09:42:00,20836.63999999994,21001.28999999994
2026-08-03 10:42:00,20836.63999999994,20964.88999999994
2026-08-03 11:42:00,20836.63999999994,20972.63999999994
2026-08-03 12:42:00,20836.63999999994,20934.48999999994
2026-08-03 13:42:00,20836.63999999994,20921.18999999994
2026-08-03 14:42:00,20836.63999999994,20945.48999999994
2026-08-03 15:42:00,20836.63999999994,20891.039999999943
2026-08-03 16:42:00,20836.13999999994,20836.13999999994
2026-08-03 17:42:00,20836.13999999994,20836.13999999994
2026-08-03 18:42:00,20836.13999999994,20836.13999999994
2026-08-03 19:42:00,20836.13999999994,20836.13999999994
2026-08-03 20:42:00,20836.13999999994,20836.13999999994
2026-08-03 21:42:00,20836.13999999994,20836.13999999994
2026-08-03 22:42:00,20836.13999999994,20836.13999999994
2026-08-03 23:42:00,20836.13999999994,20836.13999999994
2026-08-04 01:43:00,20836.13999999994,20836.13999999994
2026-08-04 02:43:00,20836.13999999994,20836.13999999994
2026-08-04 03:43:00,20836.13999999994,20836.13999999994
2026-08-04 04:43:00,20836.13999999994,20836.13999999994
2026-08-04 05:43:00,20836.13999999994,20836.13999999994
2026-08-04 06:43:00,20836.13999999994,20836.13999999994
2026-08-04 07:43:00,20836.13999999994,20836.13999999994
2026-08-04 08:43:00,20836.13999999994,20836.13999999994
2026-08-04 09:43:00,20836.13999999994,20836.13999999994
2026-08-04 10:43:00,20836.13999999994,20836.13999999994
2026-08-04 11:43:00,20836.13999999994,20836.13999999994
2026-08-04 12:43:00,20836.13999999994,20836.13999999994
2026-08-04 13:43:00,20836.13999999994,20836.13999999994
2026-08-04 14:43:00,20836.13999999994,20836.13999999994
2026-08-04 15:43:00,20836.13999999994,20836.13999999994
2026-08-04 16:43:00,20836.13999999994,20836.13999999994
2026-08-04 17:43:00,20836.13999999994,20836.13999999994
2026-08-04 18:43:00,20836.13999999994,20836.13999999994
2026-08-04 19:43:00,20836.13999999994,20836.13999999994
2026-08-04 20:43:00,20836.13999999994,20836.13999999994
2026-08-04 21:43:00,20836.13999999994,20836.13999999994
2026-08-04 22:43:00,20836.13999999994,20836.13999999994
2026-08-04 23:43:00,20836.13999999994,20836.13999999994
2026-08-05 01:44:00,20836.13999999994,20836.13999999994
2026-08-05 02:44:00,20836.13999999994,20836.13999999994
2026-08-05 03:44:00,20836.13999999994,20836.13999999994
2026-08-05 04:44:00,20836.13999999994,20836.13999999994
2026-08-05 05:44:00,20836.13999999994,20836.13999999994
2026-08-05 06:44:00,20836.13999999994,20836.13999999994
2026-08-05 07:44:00,20836.13999999994,20836.13999999994
2026-08-05 08:44:00,20836.13999999994,20836.13999999994
2026-08-05 09:44:00,20836.13999999994,20836.13999999994
2026-08-05 10:44:00,20836.13999999994,20836.13999999994
2026-08-05 11:44:00,20836.13999999994,20836.13999999994
2026-08-05 12:44:00,20835.22999999994,20847.189999999944
2026-08-05 13:44:00,20835.22999999994,20808.57999999994
2026-08-05 14:44:00,20916.67999999994,21110.369999999937
2026-08-05 15:44:00,21025.249999999938,21175.289999999935
2026-08-05 16:44:00,21025.249999999938,21187.129999999936
2026-08-05 17:44:00,21314.769999999935,21314.769999999935
2026-08-05 18:44:00,21314.769999999935,21314.769999999935
2026-08-05 19:44:00,21416.919999999933,21736.179999999928
2026-08-05 20:44:00,21462.719999999932,21799.619999999933
2026-08-05 21:44:00,21570.719999999932,21972.719999999932
2026-08-05 22:44:00,21570.719999999932,21897.959999999937
2026-08-05 23:44:00,21570.719999999932,21805.319999999934
2026-08-06 01:45:00,21639.079999999925,22006.759999999915
2026-08-06 02:45:00,22153.279999999915,22674.979999999916
2026-08-06 03:45:00,22153.279999999915,22806.27999999992
2026-08-06 04:45:00,22513.279999999915,22821.479999999916
2026-08-06 05:45:00,22513.279999999915,22794.929999999913
2026-08-06 06:45:00,22513.279999999915,22689.829999999918
2026-08-06 07:45:00,22513.279999999915,22679.279999999915
2026-08-06 08:45:00,22513.279999999915,22711.629999999917
2026-08-06 09:45:00,22513.279999999915,22669.879999999914
2026-08-06 10:45:00,22513.279999999915,22651.429999999917
2026-08-06 11:45:00,22513.279999999915,22751.929999999913
2026-08-06 12:45:00,22513.279999999915,22758.229999999916
2026-08-06 13:45:00,22513.279999999915,22710.229999999916
2026-08-06 14:45:00,22513.279999999915,22670.979999999916
2026-08-06 15:45:00,22513.279999999915,22716.479999999916
2026-08-06 16:45:00,22298.329999999918,22512.52999999992
2026-08-06 17:45:00,22298.329999999918,22540.42999999992
2026-08-06 18:45:00,21848.50999999993,21970.909999999927
2026-08-06 19:45:00,21847.23999999993,21928.30999999993
2026-08-06 20:45:00,21870.139999999927,22012.789999999928
2026-08-06 21:45:00,21915.939999999926,22033.749999999927
2026-08-06 22:45:00,21915.939999999926,21991.189999999926
2026-08-06 23:45:00,21915.939999999926,21990.209999999923
2026-08-07 01:46:00,21912.439999999926,22020.869999999923
2026-08-07 02:46:00,21912.439999999926,22061.189999999926
2026-08-07 03:46:00,21912.439999999926,21979.429999999924
2026-08-07 04:46:00,21912.439999999926,22121.039999999928
2026-08-07 05:46:00,21912.439999999926,22074.139999999927
2026-08-07 06:46:00,21912.439999999926,22149.459999999923
2026-08-07 07:46:00,21912.439999999926,22175.289999999928
2026-08-07 08:46:00,22004.019999999924,22243.219999999925
2026-08-07 09:46:00,22004.019999999924,22341.569999999927
2026-08-07 10:46:00,22004.019999999924,22300.419999999922
2026-08-07 11:46:00,22004.019999999924,22429.419999999925
2026-08-07 12:46:00,22461.919999999925,22461.919999999925
2026-08-07 13:46:00,22461.919999999925,22461.919999999925
2026-08-07 14:46:00,22461.919999999925,22461.919999999925
2026-08-07 15:46:00,22461.919999999925,22461.919999999925
2026-08-07 16:46:00,22461.919999999925,22461.919999999925
2026-08-07 17:46:00,22461.919999999925,22461.919999999925
2026-08-07 18:46:00,22461.919999999925,22461.919999999925
2026-08-07 19:46:00,22461.919999999925,22461.919999999925
2026-08-07 20:46:00,22461.919999999925,22461.919999999925
2026-08-07 21:46:00,22461.919999999925,22461.919999999925
2026-08-07 22:46:00,22461.919999999925,22461.919999999925
2026-08-07 23:46:00,22461.919999999925,22461.919999999925
2026-08-10 01:47:00,22461.919999999925,22461.919999999925
2026-08-10 02:47:00,22461.919999999925,22461.919999999925
2026-08-10 03:47:00,22461.919999999925,22461.919999999925
2026-08-10 04:47:00,22458.909999999927,22130.709999999952
2026-08-10 05:47:00,22488.479999999927,22588.079999999925
2026-08-10 06:47:00,22551.11999999993,22696.669999999944
2026-08-10 07:47:00,22632.889999999934,22982.849999999926
2026-08-10 08:47:00,22799.059999999936,23304.869999999937
2026-08-10 09:47:00,22799.059999999936,23598.119999999948
2026-08-10 10:47:00,22903.399999999936,23672.199999999935
2026-08-10 11:47:00,22903.399999999936,23419.41999999994
2026-08-10 12:47:00,22903.399999999936,23328.99999999995
2026-08-10 13:47:00,22903.399999999936,23196.33999999993
2026-08-10 14:47:00,22903.399999999936,23153.219999999932
2026-08-10 15:47:00,22901.799999999945,22947.759999999944
2026-08-10 16:47:00,22901.799999999945,22934.079999999944
2026-08-10 17:47:00,22978.38999999995,23194.659999999953
2026-08-10 18:47:00,22978.38999999995,23229.489999999954
2026-08-10 19:47:00,23082.729999999952,23267.709999999952
2026-08-10 20:47:00,23082.729999999952,23293.329999999954
2026-08-10 21:47:00,23082.729999999952,23399.229999999952
2026-08-10 22:47:00,23500.029999999955,23500.029999999955
2026-08-10 23:47:00,23500.029999999955,23500.029999999955
2026-08-11 01:48:00,23500.029999999955,23500.029999999955
2026-08-11 02:48:00,23500.029999999955,23500.029999999955
2026-08-11 03:48:00,23500.029999999955,23500.029999999955
2026-08-11 04:48:00,23500.029999999955,23500.029999999955
2026-08-11 05:48:00,23500.029999999955,23500.029999999955
2026-08-11 06:48:00,23500.029999999955,23500.029999999955
2026-08-11 07:48:00,23500.029999999955,23500.029999999955
2026-08-11 08:48:00,23500.029999999955,23500.029999999955
2026-08-11 09:48:00,23500.029999999955,23500.029999999955
2026-08-11 10:48:00,23500.029999999955,23500.029999999955
2026-08-11 11:48:00,23500.029999999955,23500.029999999955
2026-08-11 12:48:00,23500.029999999955,23500.029999999955
2026-08-11 13:48:00,23500.029999999955,23500.029999999955
2026-08-11 14:48:00,23500.029999999955,23500.029999999955
2026-08-11 15:48:00,23500.029999999955,23500.029999999955
2026-08-11 16:48:00,23500.029999999955,23500.029999999955
2026-08-11 17:48:00,23500.029999999955,23500.029999999955
2026-08-11 18:48:00,23500.029999999955,23500.029999999955
2026-08-11 19:48:00,23500.029999999955,23500.029999999955
2026-08-11 20:48:00,23500.029999999955,23500.029999999955
2026-08-11 21:48:00,23500.029999999955,23500.029999999955
2026-08-11 22:48:00,23500.029999999955,23500.029999999955
2026-08-11 23:48:00,23500.029999999955,23500.029999999955
2026-08-12 01:49:00,23500.029999999955,23500.029999999955
2026-08-12 02:49:00,23500.029999999955,23500.029999999955
2026-08-12 03:49:00,23500.029999999955,23500.029999999955
2026-08-12 04:49:00,23500.029999999955,23500.029999999955
2026-08-12 05:49:00,23500.029999999955,23500.029999999955
2026-08-12 06:49:00,23500.029999999955,23500.029999999955
2026-08-12 07:49:00,23500.029999999955,23500.029999999955
2026-08-12 08:49:00,23596.839999999942,23596.839999999942
2026-08-12 09:49:00,23596.839999999942,23596.839999999942
2026-08-12 10:49:00,23596.839999999942,23596.839999999942
2026-08-12 11:49:00,23596.839999999942,23596.839999999942
2026-08-12 12:49:00,23596.839999999942,23596.839999999942
2026-08-12 13:49:00,23596.839999999942,23596.839999999942
2026-08-12 14:49:00,23596.839999999942,23596.839999999942
2026-08-12 15:49:00,23596.839999999942,23596.839999999942
2026-08-12 16:49:00,23596.839999999942,23596.839999999942
2026-08-12 17:49:00,23596.839999999942,23596.839999999942
2026-08-12 18:49:00,23596.839999999942,23596.839999999942
2026-08-12 19:49:00,23596.839999999942,23596.839999999942
2026-08-12 20:49:00,23596.839999999942,23596.839999999942
2026-08-12 21:49:00,23596.839999999942,23596.839999999942
2026-08-12 22:49:00,23596.839999999942,23596.839999999942
2026-08-12 23:49:00,23596.839999999942,23596.839999999942
2026-08-13 01:50:00,23596.839999999942,23596.839999999942
2026-08-13 02:50:00,23596.839999999942,23596.839999999942
2026-08-13 03:50:00,23596.839999999942,23596.839999999942
2026-08-13 04:50:00,23596.839999999942,23596.839999999942
2026-08-13 05:50:00,23596.839999999942,23596.839999999942
2026-08-13 06:50:00,23596.839999999942,23596.839999999942
2026-08-13 07:50:00,23596.839999999942,23596.839999999942
2026-08-13 08:50:00,23596.839999999942,23596.839999999942
2026-08-13 09:50:00,23596.839999999942,23596.839999999942
2026-08-13 10:50:00,23596.839999999942,23596.839999999942
2026-08-13 11:50:00,23596.839999999942,23596.839999999942
2026-08-13 12:50:00,23596.839999999942,23596.839999999942
2026-08-13 13:50:00,23596.839999999942,23596.839999999942
2026-08-13 14:50:00,23596.839999999942,23596.839999999942
2026-08-13 15:50:00,23697.81999999995,23697.81999999995
2026-08-13 16:50:00,23799.99999999995,24026.799999999945
2026-08-13 17:50:00,23938.53999999995,24020.97999999995
2026-08-13 18:50:00,23938.53999999995,24100.719999999954
2026-08-13 19:50:00,23938.53999999995,24121.779999999948
2026-08-13 20:50:00,23938.53999999995,24157.29999999995
2026-08-13 21:50:00,23938.53999999995,24182.79999999995
2026-08-13 22:50:00,24215.61999999995,24215.61999999995
2026-08-13 23:50:00,24215.61999999995,24215.61999999995
2026-08-14 01:51:00,24215.61999999995,24215.61999999995
2026-08-14 02:51:00,24215.61999999995,24215.61999999995
2026-08-14 03:51:00,24215.61999999995,24215.61999999995
2026-08-14 04:51:00,24215.61999999995,24215.61999999995
2026-08-14 05:51:00,24215.61999999995,24215.61999999995
2026-08-14 06:51:00,24215.61999999995,24215.61999999995
2026-08-14 07:51:00,24215.61999999995,24215.61999999995
2026-08-14 08:51:00,24215.61999999995,24215.61999999995
2026-08-14 09:51:00,24215.61999999995,24215.61999999995
2026-08-14 10:51:00,24215.61999999995,24215.61999999995
2026-08-14 11:51:00,24215.61999999995,24215.61999999995
2026-08-14 12:51:00,24215.61999999995,24215.61999999995
2026-08-14 13:51:00,24215.61999999995,24215.61999999995
2026-08-14 14:51:00,24215.61999999995,24215.61999999995
2026-08-14 15:51:00,24215.61999999995,24215.61999999995
2026-08-14 16:51:00,24214.21999999995,24258.619999999937
2026-08-14 17:51:00,24281.219999999958,24435.11999999996
2026-08-14 18:51:00,24279.71999999997,24279.71999999997
2026-08-14 19:51:00,24279.71999999997,24279.71999999997
2026-08-14 20:51:00,24279.71999999997,24279.71999999997
2026-08-14 21:51:00,24279.71999999997,24279.71999999997
2026-08-14 22:51:00,24279.71999999997,24279.71999999997
2026-08-14 23:51:00,24279.71999999997,24279.71999999997
2026-08-17 01:52:00,24279.71999999997,24279.71999999997
2026-08-17 02:52:00,24279.71999999997,24279.71999999997
2026-08-17 03:52:00,24279.71999999997,24279.71999999997
2026-08-17 04:52:00,24279.71999999997,24279.71999999997
2026-08-17 05:52:00,24279.71999999997,24279.71999999997
2026-08-17 06:52:00,24279.71999999997,24279.71999999997
2026-08-17 07:52:00,24279.71999999997,24279.71999999997
2026-08-17 08:52:00,24279.71999999997,24279.71999999997
2026-08-17 09:52:00,24279.71999999997,24279.71999999997
2026-08-17 10:52:00,24279.71999999997,24279.71999999997
2026-08-17 11:52:00,24279.71999999997,24279.71999999997
2026-08-17 12:52:00,24279.71999999997,24279.71999999997
2026-08-17 13:52:00,24279.71999999997,24279.71999999997
2026-08-17 14:52:00,24279.71999999997,24279.71999999997
2026-08-17 15:52:00,24380.03999999995,24380.03999999995
2026-08-17 16:52:00,24380.03999999995,24380.03999999995
2026-08-17 17:52:00,24380.03999999995,24380.03999999995
2026-08-17 18:52:00,24380.03999999995,24380.03999999995
2026-08-17 19:52:00,24380.03999999995,24380.03999999995
2026-08-17 20:52:00,24380.03999999995,24380.03999999995
2026-08-17 21:52:00,24380.03999999995,24380.03999999995
2026-08-17 22:52:00,24380.03999999995,24380.03999999995
2026-08-17 23:52:00,24380.03999999995,24380.03999999995
2026-08-18 01:53:00,24380.03999999995,24380.03999999995
2026-08-18 02:53:00,24380.03999999995,24380.03999999995
2026-08-18 03:53:00,24380.03999999995,24380.03999999995
2026-08-18 04:53:00,24380.03999999995,24380.03999999995
2026-08-18 05:53:00,24380.03999999995,24380.03999999995
2026-08-18 06:53:00,24380.03999999995,24380.03999999995
2026-08-18 07:53:00,24380.03999999995,24380.03999999995
2026-08-18 08:53:00,24380.03999999995,24380.03999999995
2026-08-18 09:53:00,24380.03999999995,24380.03999999995
2026-08-18 10:53:00,24380.03999999995,24380.03999999995
2026-08-18 11:53:00,24380.03999999995,24380.03999999995
2026-08-18 12:53:00,24380.03999999995,24380.03999999995
2026-08-18 13:53:00,24380.03999999995,24380.03999999995
2026-08-18 14:53:00,24380.03999999995,24380.03999999995
2026-08-18 15:53:00,24380.03999999995,24380.03999999995
2026-08-18 16:53:00,24380.03999999995,24380.03999999995
2026-08-18 17:53:00,23895.53999999997,23895.53999999997
2026-08-18 18:53:00,23895.53999999997,23895.53999999997
2026-08-18 19:53:00,23895.53999999997,23895.53999999997
2026-08-18 20:53:00,23895.53999999997,23895.53999999997
2026-08-18 21:53:00,23895.53999999997,23895.53999999997
2026-08-18 22:53:00,23895.53999999997,23895.53999999997
2026-08-18 23:53:00,23895.53999999997,23895.53999999997
2026-08-19 01:54:00,23895.53999999997,23895.53999999997
2026-08-19 02:54:00,23895.53999999997,23895.53999999997
2026-08-19 03:54:00,23895.53999999997,23895.53999999997
2026-08-19 04:54:00,24339.679999999964,24761.43999999996
2026-08-19 05:54:00,24339.679999999964,24772.479999999952
2026-08-19 06:54:00,24339.679999999964,24799.999999999956
2026-08-19 07:54:00,24339.679999999964,24626.559999999954
2026-08-19 08:54:00,24339.679999999964,24475.679999999964
2026-08-19 09:54:00,24339.679999999964,24670.87999999996
2026-08-19 10:54:00,24339.679999999964,24795.199999999953
2026-08-19 11:54:00,24339.679999999964,24840.79999999996
2026-08-19 12:54:00,24339.679999999964,24863.199999999953
2026-08-19 13:54:00,24709.039999999964,24991.979999999967
2026-08-19 14:54:00,25018.85999999996,25018.85999999996
2026-08-19 15:54:00,24524.639999999956,24524.639999999956
2026-08-19 16:54:00,24524.639999999956,24524.639999999956
2026-08-19 17:54:00,24524.639999999956,24524.639999999956
2026-08-19 18:54:00,24524.639999999956,24524.639999999956
2026-08-19 19:54:00,24524.639999999956,24524.639999999956
2026-08-19 20:54:00,24524.639999999956,24524.639999999956
2026-08-19 21:54:00,24524.639999999956,24524.639999999956
2026-08-19 22:54:00,24524.639999999956,24524.639999999956
2026-08-19 23:54:00,24524.639999999956,24524.639999999956
2026-08-20 01:55:00,24524.639999999956,24524.639999999956
2026-08-20 02:55:00,24552.20999999998,24552.20999999998
2026-08-20 03:55:00,24552.20999999998,24552.20999999998
2026-08-20 04:55:00,24550.87999999998,24527.889999999978
2026-08-20 05:55:00,24580.959999999977,24647.559999999972
2026-08-20 06:55:00,24580.959999999977,24768.459999999977
2026-08-20 07:55:00,24578.12999999997,24618.21999999996
2026-08-20 08:55:00,24578.12999999997,24418.149999999965
2026-08-20 09:55:00,24608.209999999966,24668.209999999966
2026-08-20 10:55:00,24606.70999999996,24606.70999999996
2026-08-20 11:55:00,24606.70999999996,24606.70999999996
2026-08-20 12:55:00,24606.70999999996,24606.70999999996
2026-08-20 13:55:00,24606.70999999996,24606.70999999996
2026-08-20 14:55:00,24606.70999999996,24606.70999999996
2026-08-20 15:55:00,24606.70999999996,24606.70999999996
2026-08-20 16:55:00,24606.70999999996,24606.70999999996
2026-08-20 17:55:00,24606.70999999996,24606.70999999996
2026-08-20 18:55:00,24606.70999999996,24606.70999999996
2026-08-20 19:55:00,24606.70999999996,24606.70999999996
2026-08-20 20:55:00,24606.70999999996,24606.70999999996
2026-08-20 21:55:00,24606.70999999996,24606.70999999996
2026-08-20 22:55:00,24606.70999999996,24606.70999999996
2026-08-20 23:55:00,24606.70999999996,24606.70999999996
2026-08-21 01:56:00,24606.70999999996,24606.70999999996
2026-08-21 02:56:00,24606.70999999996,24606.70999999996
2026-08-21 03:56:00,24606.70999999996,24606.70999999996
2026-08-21 04:56:00,24606.70999999996,24606.70999999996
2026-08-21 05:56:00,24606.70999999996,24606.70999999996
2026-08-21 06:56:00,24604.81999999996,24648.829999999936
2026-08-21 07:56:00,24702.73999999995,24853.48999999994
2026-08-21 08:56:00,24927.88999999994,25113.73999999994
2026-08-21 09:56:00,24927.88999999994,25228.669999999933
2026-08-21 10:56:00,24927.88999999994,25210.399999999936
2026-08-21 11:56:00,25319.74999999994,25319.74999999994
2026-08-21 12:56:00,25319.74999999994,25319.74999999994
2026-08-21 13:56:00,25319.74999999994,25319.74999999994
2026-08-21 14:56:00,25319.74999999994,25319.74999999994
2026-08-21 15:56:00,25319.74999999994,25319.74999999994
2026-08-21 16:56:00,25319.74999999994,25319.74999999994
2026-08-21 17:56:00,25319.74999999994,25319.74999999994
2026-08-21 18:56:00,25319.74999999994,25319.74999999994
2026-08-21 19:56:00,25319.74999999994,25319.74999999994
2026-08-21 20:56:00,25319.74999999994,25319.74999999994
2026-08-21 21:56:00,25319.74999999994,25319.74999999994
2026-08-21 22:56:00,25319.74999999994,25319.74999999994
2026-08-21 23:56:00,25319.74999999994,25319.74999999994
2026-08-24 01:57:00,25319.74999999994,25319.74999999994
2026-08-24 02:57:00,25319.74999999994,25319.74999999994
2026-08-24 03:57:00,25318.629999999943,25245.509999999947
2026-08-24 04:57:00,25064.869999999948,25064.869999999948
2026-08-24 05:57:00,25064.869999999948,25064.869999999948
2026-08-24 06:57:00,25064.869999999948,25064.869999999948
2026-08-24 07:57:00,25064.869999999948,25064.869999999948
2026-08-24 08:57:00,25064.869999999948,25064.869999999948
2026-08-24 09:57:00,25064.869999999948,25064.869999999948
2026-08-24 10:57:00,25064.869999999948,25064.869999999948
2026-08-24 11:57:00,25064.869999999948,25064.869999999948
2026-08-24 12:57:00,25064.869999999948,25064.869999999948
2026-08-24 13:57:00,25064.869999999948,25064.869999999948
2026-08-24 14:57:00,25064.869999999948,25064.869999999948
2026-08-24 15:57:00,25064.869999999948,25064.869999999948
2026-08-24 16:57:00,25064.869999999948,25064.869999999948
2026-08-24 17:57:00,25064.869999999948,25064.869999999948
2026-08-24 18:57:00,25064.869999999948,25064.869999999948
2026-08-24 19:57:00,25064.869999999948,25064.869999999948
2026-08-24 20:57:00,25064.869999999948,25064.869999999948
2026-08-24 21:57:00,25170.949999999953,25170.949999999953
2026-08-24 22:57:00,25170.949999999953,25170.949999999953
2026-08-24 23:57:00,25170.949999999953,25170.949999999953
2026-08-25 01:58:00,25170.949999999953,25170.949999999953
2026-08-25 02:58:00,25170.949999999953,25170.949999999953
2026-08-25 03:58:00,25170.949999999953,25170.949999999953
2026-08-25 04:58:00,25170.949999999953,25170.949999999953
2026-08-25 05:58:00,25170.949999999953,25170.949999999953
2026-08-25 06:58:00,25170.949999999953,25170.949999999953
2026-08-25 07:58:00,25170.949999999953,25170.949999999953
2026-08-25 08:58:00,25170.949999999953,25170.949999999953
2026-08-25 09:58:00,25170.949999999953,25170.949999999953
2026-08-25 10:58:00,25170.949999999953,25170.949999999953
2026-08-25 11:58:00,25170.949999999953,25170.949999999953
2026-08-25 12:58:00,25170.949999999953,25170.949999999953
2026-08-25 13:58:00,25170.949999999953,25170.949999999953
2026-08-25 14:58:00,25170.949999999953,25170.949999999953
2026-08-25 15:58:00,25170.949999999953,25170.949999999953
2026-08-25 16:58:00,25170.949999999953,25170.949999999953
2026-08-25 17:58:00,25170.949999999953,25170.949999999953
2026-08-25 18:58:00,25170.389999999952,25193.90999999995
2026-08-25 19:58:00,25170.389999999952,25271.189999999955
2026-08-25 20:58:00,25206.389999999952,25242.929999999953
2026-08-25 21:58:00,25205.789999999957,25205.789999999957
2026-08-25 22:58:00,25205.229999999956,25103.709999999952
2026-08-25 23:58:00,25205.229999999956,25168.429999999953
2026-08-26 01:59:00,25208.829999999954,25061.30999999995
2026-08-26 02:59:00,25208.829999999954,25202.909999999956
2026-08-26 03:59:00,25244.829999999954,25345.089999999953
2026-08-26 04:59:00,25244.22999999996,25244.22999999996
2026-08-26 05:59:00,25244.22999999996,25244.22999999996
2026-08-26 06:59:00,25244.22999999996,25244.22999999996
2026-08-26 07:59:00,25244.22999999996,25244.22999999996
2026-08-26 08:59:00,25244.22999999996,25244.22999999996
2026-08-26 09:59:00,25244.22999999996,25244.22999999996
2026-08-26 10:59:00,25244.22999999996,25244.22999999996
2026-08-26 11:59:00,25274.41999999996,25359.379999999946
2026-08-26 12:59:00,25272.61999999995,25272.61999999995
2026-08-26 13:59:00,25272.61999999995,25272.61999999995
2026-08-26 14:59:00,25272.61999999995,25272.61999999995
2026-08-26 15:59:00,25272.61999999995,25272.61999999995
2026-08-26 16:59:00,25272.61999999995,25272.61999999995
2026-08-26 17:59:00,25272.61999999995,25272.61999999995
2026-08-26 18:59:00,25272.61999999995,25272.61999999995
2026-08-26 19:59:00,25272.61999999995,25272.61999999995
2026-08-26 20:59:00,25272.61999999995,25272.61999999995
2026-08-26 21:59:00,25272.61999999995,25272.61999999995
2026-08-26 22:59:00,25272.61999999995,25272.61999999995
2026-08-27 01:00:00,25272.61999999995,25272.61999999995
2026-08-27 02:00:00,25271.77999999995,25281.73999999995
2026-08-27 03:00:00,25271.77999999995,25107.73999999995
2026-08-27 04:00:00,25271.77999999995,25336.819999999952
2026-08-27 05:00:00,25027.099999999944,25027.099999999944
2026-08-27 06:00:00,25027.099999999944,25027.099999999944
2026-08-27 07:00:00,25027.099999999944,25027.099999999944
2026-08-27 08:00:00,25027.099999999944,25027.099999999944
2026-08-27 09:00:00,24775.45999999995,24775.45999999995
2026-08-27 10:00:00,24775.45999999995,24775.45999999995
2026-08-27 11:00:00,24775.45999999995,24775.45999999995
2026-08-27 12:00:00,24775.45999999995,24775.45999999995
2026-08-27 13:00:00,24775.45999999995,24775.45999999995
2026-08-27 14:00:00,24775.45999999995,24775.45999999995
2026-08-27 15:00:00,24775.45999999995,24775.45999999995
2026-08-27 16:00:00,24775.45999999995,24775.45999999995
2026-08-27 17:00:00,24775.45999999995,24775.45999999995
2026-08-27 18:00:00,24775.45999999995,24775.45999999995
2026-08-27 19:00:00,24775.45999999995,24775.45999999995
2026-08-27 20:00:00,24775.45999999995,24775.45999999995
2026-08-27 21:00:00,24775.45999999995,24775.45999999995
2026-08-27 22:00:00,24775.45999999995,24775.45999999995
2026-08-27 23:00:00,24775.45999999995,24775.45999999995
2026-08-28 01:01:00,24775.45999999995,24775.45999999995
2026-08-28 02:01:00,24775.45999999995,24775.45999999995
2026-08-28 03:01:00,24772.939999999948,24775.099999999962
2026-08-28 04:01:00,24806.689999999966,24806.689999999966
2026-08-28 05:01:00,24806.689999999966,24806.689999999966
2026-08-28 06:01:00,24806.689999999966,24806.689999999966
2026-08-28 07:01:00,24806.689999999966,24806.689999999966
2026-08-28 08:01:00,24806.689999999966,24806.689999999966
2026-08-28 09:01:00,24806.689999999966,24806.689999999966
2026-08-28 10:01:00,24806.689999999966,24806.689999999966
2026-08-28 11:01:00,24806.689999999966,24806.689999999966
2026-08-28 12:01:00,24806.689999999966,24806.689999999966
2026-08-28 13:01:00,24806.689999999966,24806.689999999966
2026-08-28 14:01:00,24806.689999999966,24806.689999999966
2026-08-28 15:01:00,24802.55999999997,24542.369999999977
2026-08-28 16:01:00,24867.49999999994,24867.49999999994
2026-08-28 17:01:00,24867.49999999994,24867.49999999994
2026-08-28 18:01:00,24867.49999999994,24867.49999999994
2026-08-28 19:01:00,24867.49999999994,24867.49999999994
2026-08-28 20:01:00,24867.49999999994,24867.49999999994
2026-08-28 21:01:00,24867.49999999994,24867.49999999994
2026-08-28 22:01:00,24867.49999999994,24867.49999999994
2026-08-28 23:01:00,24867.49999999994,24867.49999999994
2026-08-31 01:02:00,24867.49999999994,24867.49999999994
2026-08-31 02:02:00,24867.49999999994,24867.49999999994
2026-08-31 03:02:00,24867.49999999994,24867.49999999994
2026-08-31 04:02:00,24867.49999999994,24867.49999999994
2026-08-31 05:02:00,24867.49999999994,24867.49999999994
2026-08-31 06:02:00,24866.519999999946,24967.519999999946
2026-08-31 07:02:00,24889.239999999947,24902.549999999945
2026-08-31 08:02:00,24921.019999999946,25187.97999999993
2026-08-31 09:02:00,25122.55999999994,25487.319999999934
2026-08-31 10:02:00,25122.55999999994,25553.469999999925
2026-08-31 11:02:00,25122.55999999994,25771.239999999943
2026-08-31 12:02:00,25122.55999999994,25545.069999999934
2026-08-31 13:02:00,25122.55999999994,25707.609999999928
2026-08-31 14:02:00,25182.979999999938,25908.639999999927
2026-08-31 15:02:00,25586.659999999934,25967.559999999932
2026-08-31 16:02:00,25586.659999999934,25773.35999999993
2026-08-31 17:02:00,25585.359999999942,25590.999999999945
2026-08-31 18:02:00,25585.359999999942,25710.41999999994
2026-08-31 19:02:00,25585.359999999942,25744.71999999994
2026-08-31 20:02:00,25585.359999999942,25766.699999999935
2026-08-31 21:02:00,25585.359999999942,25754.659999999938
2026-08-31 22:02:00,25585.359999999942,25739.81999999995
2026-08-31 23:02:00,25645.77999999994,26060.019999999935
2026-09-01 01:03:00,25639.77999999994,26026.059999999936
2026-09-01 02:03:00,25639.77999999994,25963.539999999935
2026-09-01 03:03:00,25639.77999999994,26022.459999999945
2026-09-01 04:03:00,25639.77999999994,25990.77999999994
2026-09-01 05:03:00,25639.77999999994,25941.69999999994
2026-09-01 06:03:00,25639.77999999994,25878.339999999942
2026-09-01 07:03:00,25639.77999999994,25840.419999999944
2026-09-01 08:03:00,25639.77999999994,25752.579999999936
2026-09-01 09:03:00,25638.97999999994,25739.49999999994
2026-09-01 10:03:00,25638.97999999994,25721.81999999994
2026-09-01 11:03:00,25638.97999999994,25645.45999999994
2026-09-01 12:03:00,25410.33999999994,25410.33999999994
2026-09-01 13:03:00,25410.33999999994,25410.33999999994
2026-09-01 14:03:00,25410.33999999994,25410.33999999994
2026-09-01 15:03:00,25410.33999999994,25410.33999999994
2026-09-01 16:03:00,25410.33999999994,25410.33999999994
2026-09-01 17:03:00,25410.33999999994,25410.33999999994
2026-09-01 18:03:00,25410.33999999994,25410.33999999994
2026-09-01 19:03:00,25410.33999999994,25410.33999999994
2026-09-01 20:03:00,25410.33999999994,25410.33999999994
2026-09-01 21:03:00,25410.33999999994,25410.33999999994
2026-09-01 22:03:00,25410.33999999994,25410.33999999994
2026-09-01 23:03:00,25410.33999999994,25410.33999999994
2026-09-02 01:04:00,25410.33999999994,25410.33999999994
2026-09-02 02:04:00,25410.33999999994,25410.33999999994
2026-09-02 03:04:00,25410.33999999994,25410.33999999994
2026-09-02 04:04:00,25410.33999999994,25410.33999999994
2026-09-02 05:04:00,25410.33999999994,25410.33999999994
2026-09-02 06:04:00,25410.33999999994,25410.33999999994
2026-09-02 07:04:00,25410.33999999994,25410.33999999994
2026-09-02 08:04:00,25410.33999999994,25410.33999999994
2026-09-02 09:04:00,25410.33999999994,25410.33999999994
2026-09-02 10:04:00,25410.33999999994,25410.33999999994
2026-09-02 11:04:00,25410.33999999994,25410.33999999994
2026-09-02 12:04:00,25410.33999999994,25410.33999999994
2026-09-02 13:04:00,25410.33999999994,25410.33999999994
2026-09-02 14:04:00,25410.33999999994,25410.33999999994
2026-09-02 15:04:00,25410.33999999994,25410.33999999994
2026-09-02 16:04:00,25410.33999999994,25410.33999999994
2026-09-02 17:04:00,25410.33999999994,25410.33999999994
2026-09-02 18:04:00,25153.089999999946,25153.089999999946
2026-09-02 19:04:00,25153.089999999946,25153.089999999946
2026-09-02 20:04:00,25153.089999999946,25153.089999999946
2026-09-02 21:04:00,25153.089999999946,25153.089999999946
2026-09-02 22:04:00,25153.089999999946,25153.089999999946
2026-09-02 23:04:00,25153.089999999946,25153.089999999946
2026-09-03 01:05:00,25153.089999999946,25153.089999999946
2026-09-03 02:05:00,25153.089999999946,25153.089999999946
2026-09-03 03:05:00,25153.089999999946,25153.089999999946
2026-09-03 04:05:00,25153.089999999946,25153.089999999946
2026-09-03 05:05:00,25153.089999999946,25153.089999999946
2026-09-03 06:05:00,25153.089999999946,25153.089999999946
2026-09-03 07:05:00,25153.089999999946,25153.089999999946
2026-09-03 08:05:00,25153.089999999946,25153.089999999946
2026-09-03 09:05:00,25153.089999999946,25153.089999999946
2026-09-03 10:05:00,25153.089999999946,25153.089999999946
2026-09-03 11:05:00,25153.089999999946,25153.089999999946
2026-09-03 12:05:00,25153.089999999946,25153.089999999946
2026-09-03 13:05:00,25153.089999999946,25153.089999999946
2026-09-03 14:05:00,25153.089999999946,25153.089999999946
2026-09-03 15:05:00,25153.089999999946,25153.089999999946
2026-09-03 16:05:00,25152.669999999947,25127.529999999948
2026-09-03 17:05:00,25174.70999999995,25276.309999999947
2026-09-03 18:05:00,25174.209999999952,25174.209999999952
2026-09-03 19:05:00,25210.23999999995,25335.87999999995
2026-09-03 20:05:00,25210.23999999995,25348.749999999953
2026-09-03 21:05:00,25210.23999999995,25377.549999999952
2026-09-03 22:05:00,25283.979999999952,25452.519999999953
2026-09-03 23:05:00,25283.979999999952,25470.039999999954
2026-09-04 01:06:00,25284.879999999954,25447.239999999954
2026-09-04 02:06:00,25284.879999999954,25470.759999999955
2026-09-04 03:06:00,25284.879999999954,25414.179999999957
2026-09-04 04:06:00,25284.879999999954,25443.699999999953
2026-09-04 05:06:00,25284.879999999954,25430.07999999995
2026-09-04 06:06:00,25284.879999999954,25465.659999999953
2026-09-04 07:06:00,25284.879999999954,25499.199999999953
2026-09-04 08:06:00,25284.879999999954,25493.499999999956
2026-09-04 09:06:00,25284.879999999954,25481.139999999956
2026-09-04 10:06:00,25284.879999999954,25512.519999999957
2026-09-04 11:06:00,25284.879999999954,25406.019999999957
2026-09-04 12:06:00,25284.879999999954,25461.399999999954
2026-09-04 13:06:00,25284.879999999954,25491.339999999953
2026-09-04 14:06:00,25284.879999999954,25483.959999999955
2026-09-04 15:06:00,25284.879999999954,25490.61999999995
2026-09-04 16:06:00,25727.229999999956,25727.229999999956
2026-09-04 17:06:00,25727.229999999956,25727.229999999956
2026-09-04 18:06:00,25727.229999999956,25727.229999999956
2026-09-04 19:06:00,25727.229999999956,25727.229999999956
2026-09-04 20:06:00,25727.229999999956,25727.229999999956
2026-09-04 21:06:00,25727.229999999956,25727.229999999956
2026-09-04 22:06:00,25727.229999999956,25727.229999999956
2026-09-04 23:06:00,25727.229999999956,25727.229999999956
2026-09-04 23:58:00,25727.229999999956,25727.229999999956
