time,balance,equity
2025-09-01 01:00:00,10000.0,10000.0
2025-09-01 02:00:00,10000.0,10000.0
2025-09-01 03:00:00,10000.0,10000.0
2025-09-01 04:00:00,10000.0,10000.0
2025-09-01 05:00:00,10000.0,10000.0
2025-09-01 06:00:00,10000.0,10000.0
2025-09-01 07:00:00,10000.0,10000.0
2025-09-01 08:00:00,10000.0,10000.0
2025-09-01 09:00:00,10000.0,10000.0
2025-09-01 10:00:00,10000.0,10000.0
2025-09-01 11:00:00,10000.0,10000.0
2025-09-01 12:00:00,10000.0,10000.0
2025-09-01 13:00:00,10000.0,10000.0
2025-09-01 14:00:00,10000.0,10000.0
2025-09-01 15:00:00,10000.0,10000.0
2025-09-01 16:00:00,10000.0,10000.0
2025-09-01 17:00:00,10000.0,10000.0
2025-09-01 18:00:00,10000.0,10000.0
2025-09-01 19:00:00,10000.0,10000.0
2025-09-01 20:00:00,10000.0,10000.0
2025-09-01 21:00:00,10000.0,10000.0
2025-09-02 01:29:00,10000.0,10000.0
2025-09-02 02:29:00,10000.0,10000.0
2025-09-02 03:29:00,10000.0,10000.0
2025-09-02 04:29:00,10000.0,10000.0
2025-09-02 05:29:00,10000.0,10000.0
2025-09-02 06:29:00,10000.0,10000.0
2025-09-02 07:29:00,10000.0,10000.0
2025-09-02 08:29:00,10000.0,10000.0
2025-09-02 09:29:00,10000.0,10000.0
2025-09-02 10:29:00,10000.0,10000.0
2025-09-02 11:29:00,10000.0,10000.0
2025-09-02 12:29:00,10000.0,10000.0
2025-09-02 13:29:00,10000.0,10000.0
2025-09-02 14:29:00,10000.0,10000.0
2025-09-02 15:29:00,10000.0,10000.0
2025-09-02 16:29:00,10000.0,10000.0
2025-09-02 17:29:00,10000.0,10000.0
2025-09-02 18:29:00,10000.0,10000.0
2025-09-02 19:29:00,10000.0,10000.0
2025-09-02 20:29:00,10000.0,10000.0
2025-09-02 21:29:00,10000.0,10000.0
2025-09-02 22:29:00,10000.0,10000.0
2025-09-02 23:29:00,10000.0,10000.0
2025-09-03 01:30:00,10000.0,10000.0
2025-09-03 02:30:00,10000.0,10000.0
2025-09-03 03:30:00,10000.0,10000.0
2025-09-03 04:30:00,10000.0,10000.0
2025-09-03 05:30:00,10000.0,10000.0
2025-09-03 06:30:00,10000.0,10000.0
2025-09-03 07:30:00,10000.0,10000.0
2025-09-03 08:30:00,10000.0,10000.0
2025-09-03 09:30:00,10000.0,10000.0
2025-09-03 10:30:00,10000.0,10000.0
2025-09-03 11:30:00,10000.0,10000.0
2025-09-03 12:30:00,10000.0,10000.0
2025-09-03 13:30:00,10000.0,10000.0
2025-09-03 14:30:00,10000.0,10000.0
2025-09-03 15:30:00,10000.0,10000.0
2025-09-03 16:30:00,10000.0,10000.0
2025-09-03 17:30:00,10000.0,10000.0
2025-09-03 18:30:00,10000.0,10000.0
2025-09-03 19:30:00,10000.0,10000.0
2025-09-03 20:30:00,10000.0,10000.0
2025-09-03 21:30:00,10000.0,10000.0
2025-09-03 22:30:00,10000.0,10000.0
2025-09-03 23:30:00,10000.0,10000.0
2025-09-04 01:31:00,10000.0,10000.0
2025-09-04 02:31:00,10000.0,10000.0
2025-09-04 03:31:00,10000.0,10000.0
2025-09-04 04:31:00,10000.0,10000.0
2025-09-04 05:31:00,10000.0,10000.0
2025-09-04 06:31:00,10000.0,10000.0
2025-09-04 07:31:00,10000.0,10000.0
2025-09-04 08:31:00,10000.0,10000.0
2025-09-04 09:31:00,10000.0,10000.0
2025-09-04 10:31:00,10000.0,10000.0
2025-09-04 11:31:00,10000.0,10000.0
2025-09-04 12:31:00,10000.0,10000.0
2025-09-04 13:31:00,10000.0,10000.0
2025-09-04 14:31:00,10000.0,10000.0
2025-09-04 15:31:00,10000.0,10000.0
2025-09-04 16:31:00,10000.0,10000.0
2025-09-04 17:31:00,10000.0,10000.0
2025-09-04 18:31:00,10000.0,10000.0
2025-09-04 19:31:00,10000.0,10000.0
2025-09-04 20:31:00,10000.0,10000.0
2025-09-04 21:31:00,10000.0,10000.0
2025-09-04 22:31:00,10000.0,10000.0
2025-09-04 23:31:00,10000.0,10000.0
2025-09-05 01:32:00,10000.0,10000.0
2025-09-05 02:32:00,10000.0,10000.0
2025-09-05 03:32:00,10000.0,10000.0
2025-09-05 04:32:00,10000.0,10000.0
2025-09-05 05:32:00,10000.0,10000.0
2025-09-05 06:32:00,10000.0,10000.0
2025-09-05 07:32:00,10000.0,10000.0
2025-09-05 08:32:00,10000.0,10000.0
2025-09-05 09:32:00,10000.0,10000.0
2025-09-05 10:32:00,10000.0,10000.0
2025-09-05 11:32:00,10000.0,10000.0
2025-09-05 12:32:00,10000.0,10000.0
2025-09-05 13:32:00,10000.0,10000.0
2025-09-05 14:32:00,10000.0,10000.0
2025-09-05 15:32:00,10000.0,10000.0
2025-09-05 16:32:00,10000.0,10000.0
2025-09-05 17:32:00,10000.0,10000.0
2025-09-05 18:32:00,10000.0,10000.0
2025-09-05 19:32:00,10000.0,10000.0
2025-09-05 20:32:00,10000.0,10000.0
2025-09-05 21:32:00,10000.0,10000.0
2025-09-05 22:32:00,10000.0,10000.0
2025-09-05 23:32:00,10000.0,10000.0
2025-09-08 01:33:00,10000.0,10000.0
2025-09-08 02:33:00,10000.0,10000.0
2025-09-08 03:33:00,10000.0,10000.0
2025-09-08 04:33:00,10000.0,10000.0
2025-09-08 05:33:00,10000.0,10000.0
2025-09-08 06:33:00,10000.0,10000.0
2025-09-08 07:33:00,10000.0,10000.0
2025-09-08 08:33:00,10000.0,10000.0
2025-09-08 09:33:00,10000.0,10000.0
2025-09-08 10:33:00,10000.0,10000.0
2025-09-08 11:33:00,10000.0,10000.0
2025-09-08 12:33:00,10000.0,10000.0
2025-09-08 13:33:00,10000.0,10000.0
2025-09-08 14:33:00,10000.0,10000.0
2025-09-08 15:33:00,10000.0,10000.0
2025-09-08 16:33:00,10000.0,10000.0
2025-09-08 17:33:00,10000.0,10000.0
2025-09-08 18:33:00,10000.0,10000.0
2025-09-08 19:33:00,10000.0,10000.0
2025-09-08 20:33:00,10000.0,10000.0
2025-09-08 21:33:00,10000.0,10000.0
2025-09-08 22:33:00,10000.0,10000.0
2025-09-08 23:33:00,10000.0,10000.0
2025-09-09 01:34:00,10000.0,10000.0
2025-09-09 02:34:00,10000.0,10000.0
2025-09-09 03:34:00,10000.0,10000.0
2025-09-09 04:34:00,10000.0,10000.0
2025-09-09 05:34:00,10000.0,10000.0
2025-09-09 06:34:00,10000.0,10000.0
2025-09-09 07:34:00,10000.0,10000.0
2025-09-09 08:34:00,10000.0,10000.0
2025-09-09 09:34:00,10000.0,10000.0
2025-09-09 10:34:00,10000.0,10000.0
2025-09-09 11:34:00,10000.0,10000.0
2025-09-09 12:34:00,10000.0,10000.0
2025-09-09 13:34:00,10000.0,10000.0
2025-09-09 14:34:00,10000.0,10000.0
2025-09-09 15:34:00,10000.0,10000.0
2025-09-09 16:34:00,10000.0,10000.0
2025-09-09 17:34:00,10000.0,10000.0
2025-09-09 18:34:00,10000.0,10000.0
2025-09-09 19:34:00,10000.0,10000.0
2025-09-09 20:34:00,10000.0,10000.0
2025-09-09 21:34:00,10000.0,10000.0
2025-09-09 22:34:00,10000.0,10000.0
2025-09-09 23:34:00,10000.0,10000.0
2025-09-10 01:35:00,10000.0,10000.0
2025-09-10 02:35:00,10000.0,10000.0
2025-09-10 03:35:00,10000.0,10000.0
2025-09-10 04:35:00,10000.0,10000.0
2025-09-10 05:35:00,10000.0,10000.0
2025-09-10 06:35:00,10000.0,10000.0
2025-09-10 07:35:00,10000.0,10000.0
2025-09-10 08:35:00,10000.0,10000.0
2025-09-10 09:35:00,10000.0,10000.0
2025-09-10 10:35:00,10000.0,10000.0
2025-09-10 11:35:00,10000.0,10000.0
2025-09-10 12:35:00,10000.0,10000.0
2025-09-10 13:35:00,10000.0,10000.0
2025-09-10 14:35:00,10010.130000000001,10060.73
2025-09-10 15:35:00,10034.310000000001,10089.670000000002
2025-09-10 16:35:00,10082.7,10112.05
2025-09-10 17:35:00,10082.7,10093.550000000001
2025-09-10 18:35:00,10082.7,10141.25
2025-09-10 19:35:00,10082.7,10166.500000000002
2025-09-10 20:35:00,10082.7,10140.650000000001
2025-09-10 21:35:00,10082.7,10130.850000000002
2025-09-10 22:35:00,10082.7,10184.900000000001
2025-09-10 23:35:00,10082.7,10170.45
2025-09-11 01:36:00,10083.45,10166.100000000002
2025-09-11 02:36:00,10083.45,10155.6
2025-09-11 03:36:00,10083.45,10148.8
2025-09-11 04:36:00,10083.45,10151.75
2025-09-11 05:36:00,10083.45,10180.2
2025-09-11 06:36:00,10083.45,10208.5
2025-09-11 07:36:00,10083.45,10208.8
2025-09-11 08:36:00,10083.45,10211.75
2025-09-11 09:36:00,10244.750000000002,10244.750000000002
2025-09-11 10:36:00,10244.750000000002,10244.750000000002
2025-09-11 11:36:00,10244.750000000002,10244.750000000002
2025-09-11 12:36:00,10244.750000000002,10244.750000000002
2025-09-11 13:36:00,10244.750000000002,10244.750000000002
2025-09-11 14:36:00,10244.750000000002,10244.750000000002
2025-09-11 15:36:00,10244.750000000002,10244.750000000002
2025-09-11 16:36:00,10244.750000000002,10244.750000000002
2025-09-11 17:36:00,10244.750000000002,10244.750000000002
2025-09-11 18:36:00,10244.750000000002,10244.750000000002
2025-09-11 19:36:00,10244.750000000002,10244.750000000002
2025-09-11 20:36:00,10244.750000000002,10244.750000000002
2025-09-11 21:36:00,10244.750000000002,10244.750000000002
2025-09-11 22:36:00,10244.750000000002,10244.750000000002
2025-09-11 23:36:00,10244.750000000002,10244.750000000002
2025-09-12 01:37:00,10244.750000000002,10244.750000000002
2025-09-12 02:37:00,10244.750000000002,10244.750000000002
2025-09-12 03:37:00,10244.750000000002,10244.750000000002
2025-09-12 04:37:00,10244.750000000002,10244.750000000002
2025-09-12 05:37:00,10244.750000000002,10244.750000000002
2025-09-12 06:37:00,10244.750000000002,10244.750000000002
2025-09-12 07:37:00,10244.750000000002,10244.750000000002
2025-09-12 08:37:00,10244.750000000002,10244.750000000002
2025-09-12 09:37:00,10244.750000000002,10244.750000000002
2025-09-12 10:37:00,10244.750000000002,10244.750000000002
2025-09-12 11:37:00,10244.750000000002,10244.750000000002
2025-09-12 12:37:00,10244.750000000002,10244.750000000002
2025-09-12 13:37:00,10244.750000000002,10244.750000000002
2025-09-12 14:37:00,10244.750000000002,10244.750000000002
2025-09-12 15:37:00,10244.750000000002,10244.750000000002
2025-09-12 16:37:00,10244.750000000002,10244.750000000002
2025-09-12 17:37:00,10244.750000000002,10244.750000000002
2025-09-12 18:37:00,10242.930000000002,10250.860000000004
2025-09-12 19:37:00,10242.930000000002,10254.110000000004
2025-09-12 20:37:00,10242.930000000002,10292.590000000004
2025-09-12 21:37:00,10242.930000000002,10272.570000000005
2025-09-12 22:37:00,10242.930000000002,10225.120000000003
2025-09-12 23:37:00,10242.930000000002,10191.45
2025-09-15 01:38:00,10236.430000000002,10175.330000000005
2025-09-15 02:38:00,10135.420000000004,10135.420000000004
2025-09-15 03:38:00,10135.420000000004,10135.420000000004
2025-09-15 04:38:00,10135.420000000004,10135.420000000004
2025-09-15 05:38:00,10135.420000000004,10135.420000000004
2025-09-15 06:38:00,10135.420000000004,10135.420000000004
2025-09-15 07:38:00,10135.420000000004,10135.420000000004
2025-09-15 08:38:00,10135.420000000004,10135.420000000004
2025-09-15 09:38:00,10135.420000000004,10135.420000000004
2025-09-15 10:38:00,10133.600000000004,10151.67000000001
2025-09-15 11:38:00,10147.250000000004,10170.650000000005
2025-09-15 12:38:00,10146.250000000005,10146.250000000005
2025-09-15 13:38:00,10146.250000000005,10146.250000000005
2025-09-15 14:38:00,10146.250000000005,10146.250000000005
2025-09-15 15:38:00,10146.250000000005,10146.250000000005
2025-09-15 16:38:00,10146.250000000005,10146.250000000005
2025-09-15 17:38:00,10146.250000000005,10146.250000000005
2025-09-15 18:38:00,10146.250000000005,10146.250000000005
2025-09-15 19:38:00,10146.250000000005,10146.250000000005
2025-09-15 20:38:00,10146.250000000005,10146.250000000005
2025-09-15 21:38:00,10146.250000000005,10146.250000000005
2025-09-15 22:38:00,10146.250000000005,10146.250000000005
2025-09-15 23:38:00,10146.250000000005,10146.250000000005
2025-09-16 01:39:00,10181.990000000003,10275.120000000003
2025-09-16 02:39:00,10181.990000000003,10269.540000000003
2025-09-16 03:39:00,10230.750000000004,10350.940000000004
2025-09-16 04:39:00,10256.890000000003,10327.259999999998
2025-09-16 05:39:00,10256.890000000003,10324.86
2025-09-16 06:39:00,10256.390000000003,10326.250000000004
2025-09-16 07:39:00,10256.390000000003,10310.010000000002
2025-09-16 08:39:00,10256.390000000003,10326.670000000004
2025-09-16 09:39:00,10256.390000000003,10360.480000000003
2025-09-16 10:39:00,10256.390000000003,10365.030000000002
2025-09-16 11:39:00,10256.390000000003,10402.480000000003
2025-09-16 12:39:00,10427.050000000005,10427.050000000005
2025-09-16 13:39:00,10427.050000000005,10427.050000000005
2025-09-16 14:39:00,10427.050000000005,10427.050000000005
2025-09-16 15:39:00,10427.050000000005,10427.050000000005
2025-09-16 16:39:00,10427.050000000005,10427.050000000005
2025-09-16 17:39:00,10427.050000000005,10427.050000000005
2025-09-16 18:39:00,10427.050000000005,10427.050000000005
2025-09-16 19:39:00,10427.050000000005,10427.050000000005
2025-09-16 20:39:00,10427.050000000005,10427.050000000005
2025-09-16 21:39:00,10427.050000000005,10427.050000000005
2025-09-16 22:39:00,10427.050000000005,10427.050000000005
2025-09-16 23:39:00,10427.050000000005,10427.050000000005
2025-09-17 01:40:00,10427.050000000005,10427.050000000005
2025-09-17 02:40:00,10427.050000000005,10427.050000000005
2025-09-17 03:40:00,10427.050000000005,10427.050000000005
2025-09-17 04:40:00,10427.050000000005,10427.050000000005
2025-09-17 05:40:00,10427.050000000005,10427.050000000005
2025-09-17 06:40:00,10435.419999999995,10435.419999999995
2025-09-17 07:40:00,10435.419999999995,10435.419999999995
2025-09-17 08:40:00,10435.419999999995,10435.419999999995
2025-09-17 09:40:00,10435.419999999995,10435.419999999995
2025-09-17 10:40:00,10435.419999999995,10435.419999999995
2025-09-17 11:40:00,10435.419999999995,10435.419999999995
2025-09-17 12:40:00,10435.419999999995,10435.419999999995
2025-09-17 13:40:00,10435.419999999995,10435.419999999995
2025-09-17 14:40:00,10435.419999999995,10435.419999999995
2025-09-17 15:40:00,10435.419999999995,10435.419999999995
2025-09-17 16:40:00,10435.419999999995,10435.419999999995
2025-09-17 17:40:00,10435.419999999995,10435.419999999995
2025-09-17 18:40:00,10435.419999999995,10435.419999999995
2025-09-17 19:40:00,10435.419999999995,10435.419999999995
2025-09-17 20:40:00,10435.419999999995,10435.419999999995
2025-09-17 21:40:00,10435.419999999995,10435.419999999995
2025-09-17 22:40:00,10435.419999999995,10435.419999999995
2025-09-17 23:40:00,10435.419999999995,10435.419999999995
2025-09-18 01:41:00,10435.419999999995,10435.419999999995
2025-09-18 02:41:00,10435.419999999995,10435.419999999995
2025-09-18 03:41:00,10435.419999999995,10435.419999999995
2025-09-18 04:41:00,10435.419999999995,10435.419999999995
2025-09-18 05:41:00,10435.419999999995,10435.419999999995
2025-09-18 06:41:00,10435.419999999995,10435.419999999995
2025-09-18 07:41:00,10435.419999999995,10435.419999999995
2025-09-18 08:41:00,10435.419999999995,10435.419999999995
2025-09-18 09:41:00,10435.419999999995,10435.419999999995
2025-09-18 10:41:00,10334.929999999993,10334.929999999993
2025-09-18 11:41:00,10334.929999999993,10334.929999999993
2025-09-18 12:41:00,10334.929999999993,10334.929999999993
2025-09-18 13:41:00,10334.929999999993,10334.929999999993
2025-09-18 14:41:00,10334.929999999993,10334.929999999993
2025-09-18 15:41:00,10334.929999999993,10334.929999999993
2025-09-18 16:41:00,10334.929999999993,10334.929999999993
2025-09-18 17:41:00,10334.929999999993,10334.929999999993
2025-09-18 18:41:00,10334.929999999993,10334.929999999993
2025-09-18 19:41:00,10334.929999999993,10334.929999999993
2025-09-18 20:41:00,10334.929999999993,10334.929999999993
2025-09-18 21:41:00,10334.929999999993,10334.929999999993
2025-09-18 22:41:00,10334.929999999993,10334.929999999993
2025-09-18 23:41:00,10334.929999999993,10334.929999999993
2025-09-19 01:42:00,10334.929999999993,10334.929999999993
2025-09-19 02:42:00,10334.929999999993,10334.929999999993
2025-09-19 03:42:00,10334.929999999993,10334.929999999993
2025-09-19 04:42:00,10334.929999999993,10334.929999999993
2025-09-19 05:42:00,10334.929999999993,10334.929999999993
2025-09-19 06:42:00,10334.929999999993,10334.929999999993
2025-09-19 07:42:00,10334.929999999993,10334.929999999993
2025-09-19 08:42:00,10334.929999999993,10334.929999999993
2025-09-19 09:42:00,10334.929999999993,10334.929999999993
2025-09-19 10:42:00,10334.929999999993,10334.929999999993
2025-09-19 11:42:00,10334.929999999993,10334.929999999993
2025-09-19 12:42:00,10334.929999999993,10334.929999999993
2025-09-19 13:42:00,10334.929999999993,10334.929999999993
2025-09-19 14:42:00,10334.929999999993,10334.929999999993
2025-09-19 15:42:00,10334.929999999993,10334.929999999993
2025-09-19 16:42:00,10334.929999999993,10334.929999999993
2025-09-19 17:42:00,10334.929999999993,10334.929999999993
2025-09-19 18:42:00,10334.929999999993,10334.929999999993
2025-09-19 19:42:00,10334.929999999993,10334.929999999993
2025-09-19 20:42:00,10334.929999999993,10334.929999999993
2025-09-19 21:42:00,10334.929999999993,10334.929999999993
2025-09-19 22:42:00,10334.929999999993,10334.929999999993
2025-09-19 23:42:00,10334.929999999993,10334.929999999993
2025-09-22 01:43:00,10334.929999999993,10334.929999999993
2025-09-22 02:43:00,10334.929999999993,10334.929999999993
2025-09-22 03:43:00,10334.929999999993,10334.929999999993
2025-09-22 04:43:00,10334.929999999993,10334.929999999993
2025-09-22 05:43:00,10334.929999999993,10334.929999999993
2025-09-22 06:43:00,10334.929999999993,10334.929999999993
2025-09-22 07:43:00,10334.929999999993,10334.929999999993
2025-09-22 08:43:00,10334.929999999993,10334.929999999993
2025-09-22 09:43:00,10334.929999999993,10334.929999999993
2025-09-22 10:43:00,10334.929999999993,10334.929999999993
2025-09-22 11:43:00,10334.929999999993,10334.929999999993
2025-09-22 12:43:00,10334.929999999993,10334.929999999993
2025-09-22 13:43:00,10334.929999999993,10334.929999999993
2025-09-22 14:43:00,10334.929999999993,10334.929999999993
2025-09-22 15:43:00,10334.929999999993,10334.929999999993
2025-09-22 16:43:00,10334.929999999993,10334.929999999993
2025-09-22 17:43:00,10334.929999999993,10334.929999999993
2025-09-22 18:43:00,10334.929999999993,10334.929999999993
2025-09-22 19:43:00,10334.929999999993,10334.929999999993
2025-09-22 20:43:00,10334.929999999993,10334.929999999993
2025-09-22 21:43:00,10334.929999999993,10334.929999999993
2025-09-22 22:43:00,10352.809999999994,10425.169999999976
2025-09-22 23:43:00,10408.32999999999,10533.34999999999
2025-09-23 01:44:00,10295.469999999983,10295.469999999983
2025-09-23 02:44:00,10295.469999999983,10295.469999999983
2025-09-23 03:44:00,10295.469999999983,10295.469999999983
2025-09-23 04:44:00,10295.469999999983,10295.469999999983
2025-09-23 05:44:00,10295.469999999983,10295.469999999983
2025-09-23 06:44:00,10295.469999999983,10295.469999999983
2025-09-23 07:44:00,10295.469999999983,10295.469999999983
2025-09-23 08:44:00,10295.469999999983,10295.469999999983
2025-09-23 09:44:00,10295.469999999983,10295.469999999983
2025-09-23 10:44:00,10295.469999999983,10295.469999999983
2025-09-23 11:44:00,10295.469999999983,10295.469999999983
2025-09-23 12:44:00,10295.469999999983,10295.469999999983
2025-09-23 13:44:00,10295.469999999983,10295.469999999983
2025-09-23 14:44:00,10295.469999999983,10295.469999999983
2025-09-23 15:44:00,10295.469999999983,10295.469999999983
2025-09-23 16:44:00,10295.469999999983,10295.469999999983
2025-09-23 17:44:00,10295.469999999983,10295.469999999983
2025-09-23 18:44:00,10295.469999999983,10295.469999999983
2025-09-23 19:44:00,10306.319999999983,10384.199999999983
2025-09-23 20:44:00,10383.089999999984,10439.889999999985
2025-09-23 21:44:00,10383.089999999984,10451.739999999983
2025-09-23 22:44:00,10286.379999999983,10286.379999999983
2025-09-23 23:44:00,10286.379999999983,10286.379999999983
2025-09-24 01:45:00,10286.379999999983,10286.379999999983
2025-09-24 02:45:00,10286.379999999983,10286.379999999983
2025-09-24 03:45:00,10286.379999999983,10286.379999999983
2025-09-24 04:45:00,10286.379999999983,10286.379999999983
2025-09-24 05:45:00,10286.379999999983,10286.379999999983
2025-09-24 06:45:00,10286.379999999983,10286.379999999983
2025-09-24 07:45:00,10286.379999999983,10286.379999999983
2025-09-24 08:45:00,10286.379999999983,10286.379999999983
2025-09-24 09:45:00,10286.379999999983,10286.379999999983
2025-09-24 10:45:00,10286.379999999983,10286.379999999983
2025-09-24 11:45:00,10286.379999999983,10286.379999999983
2025-09-24 12:45:00,10286.379999999983,10286.379999999983
2025-09-24 13:45:00,10286.379999999983,10286.379999999983
2025-09-24 14:45:00,10286.379999999983,10286.379999999983
2025-09-24 15:45:00,10286.379999999983,10286.379999999983
2025-09-24 16:45:00,10286.379999999983,10286.379999999983
2025-09-24 17:45:00,10286.379999999983,10286.379999999983
2025-09-24 18:45:00,10286.379999999983,10286.379999999983
2025-09-24 19:45:00,10286.379999999983,10286.379999999983
2025-09-24 20:45:00,10286.379999999983,10286.379999999983
2025-09-24 21:45:00,10286.379999999983,10286.379999999983
2025-09-24 22:45:00,10286.379999999983,10286.379999999983
2025-09-24 23:45:00,10286.379999999983,10286.379999999983
2025-09-25 01:46:00,10286.379999999983,10286.379999999983
2025-09-25 02:46:00,10286.379999999983,10286.379999999983
2025-09-25 03:46:00,10286.379999999983,10286.379999999983
2025-09-25 04:46:00,10286.379999999983,10286.379999999983
2025-09-25 05:46:00,10286.379999999983,10286.379999999983
2025-09-25 06:46:00,10286.379999999983,10286.379999999983
2025-09-25 07:46:00,10286.379999999983,10286.379999999983
2025-09-25 08:46:00,10286.379999999983,10286.379999999983
2025-09-25 09:46:00,10286.379999999983,10286.379999999983
2025-09-25 10:46:00,10286.379999999983,10286.379999999983
2025-09-25 11:46:00,10286.379999999983,10286.379999999983
2025-09-25 12:46:00,10286.379999999983,10286.379999999983
2025-09-25 13:46:00,10286.379999999983,10286.379999999983
2025-09-25 14:46:00,10286.379999999983,10286.379999999983
2025-09-25 15:46:00,10286.379999999983,10286.379999999983
2025-09-25 16:46:00,10286.379999999983,10286.379999999983
2025-09-25 17:46:00,10323.569999999982,10379.16999999998
2025-09-25 18:46:00,10322.769999999982,10322.769999999982
2025-09-25 19:46:00,10322.769999999982,10322.769999999982
2025-09-25 20:46:00,10322.769999999982,10322.769999999982
2025-09-25 21:46:00,10217.50999999999,10217.50999999999
2025-09-25 22:46:00,10217.50999999999,10217.50999999999
2025-09-25 23:46:00,10217.50999999999,10217.50999999999
2025-09-26 01:47:00,10217.50999999999,10217.50999999999
2025-09-26 02:47:00,10217.50999999999,10217.50999999999
2025-09-26 03:47:00,10217.50999999999,10217.50999999999
2025-09-26 04:47:00,10217.50999999999,10217.50999999999
2025-09-26 05:47:00,10217.50999999999,10217.50999999999
2025-09-26 06:47:00,10217.50999999999,10217.50999999999
2025-09-26 07:47:00,10217.50999999999,10217.50999999999
2025-09-26 08:47:00,10227.96999999999,10273.169999999995
2025-09-26 09:47:00,10254.769999999993,10254.769999999993
2025-09-26 10:47:00,10254.769999999993,10254.769999999993
2025-09-26 11:47:00,10254.769999999993,10254.769999999993
2025-09-26 12:47:00,10254.769999999993,10254.769999999993
2025-09-26 13:47:00,10254.769999999993,10254.769999999993
2025-09-26 14:47:00,10254.769999999993,10254.769999999993
2025-09-26 15:47:00,10254.769999999993,10254.769999999993
2025-09-26 16:47:00,10254.769999999993,10254.769999999993
2025-09-26 17:47:00,10254.769999999993,10254.769999999993
2025-09-26 18:47:00,10254.769999999993,10254.769999999993
2025-09-26 19:47:00,10254.769999999993,10254.769999999993
2025-09-26 20:47:00,10254.769999999993,10254.769999999993
2025-09-26 21:47:00,10254.769999999993,10254.769999999993
2025-09-26 22:47:00,10254.769999999993,10254.769999999993
2025-09-26 23:47:00,10254.769999999993,10254.769999999993
2025-09-29 01:48:00,10254.769999999993,10254.769999999993
2025-09-29 02:48:00,10254.769999999993,10254.769999999993
2025-09-29 03:48:00,10254.769999999993,10254.769999999993
2025-09-29 04:48:00,10254.769999999993,10254.769999999993
2025-09-29 05:48:00,10254.769999999993,10254.769999999993
2025-09-29 06:48:00,10254.769999999993,10254.769999999993
2025-09-29 07:48:00,10254.769999999993,10254.769999999993
2025-09-29 08:48:00,10254.769999999993,10254.769999999993
2025-09-29 09:48:00,10254.769999999993,10254.769999999993
2025-09-29 10:48:00,10254.769999999993,10254.769999999993
2025-09-29 11:48:00,10254.769999999993,10254.769999999993
2025-09-29 12:48:00,10254.769999999993,10254.769999999993
2025-09-29 13:48:00,10254.769999999993,10254.769999999993
2025-09-29 14:48:00,10254.769999999993,10254.769999999993
2025-09-29 15:48:00,10254.769999999993,10254.769999999993
2025-09-29 16:48:00,10254.769999999993,10254.769999999993
2025-09-29 17:48:00,10254.769999999993,10254.769999999993
2025-09-29 18:48:00,10254.769999999993,10254.769999999993
2025-09-29 19:48:00,10254.769999999993,10254.769999999993
2025-09-29 20:48:00,10254.769999999993,10254.769999999993
2025-09-29 21:48:00,10254.769999999993,10254.769999999993
2025-09-29 22:48:00,10254.769999999993,10254.769999999993
2025-09-29 23:48:00,10254.769999999993,10254.769999999993
2025-09-30 01:49:00,10254.769999999993,10254.769999999993
2025-09-30 02:49:00,10254.769999999993,10254.769999999993
2025-09-30 03:49:00,10254.769999999993,10254.769999999993
2025-09-30 04:49:00,10254.769999999993,10254.769999999993
2025-09-30 05:49:00,10254.769999999993,10254.769999999993
2025-09-30 06:49:00,10254.769999999993,10254.769999999993
2025-09-30 07:49:00,10254.769999999993,10254.769999999993
2025-09-30 08:49:00,10254.769999999993,10254.769999999993
2025-09-30 09:49:00,10254.769999999993,10254.769999999993
2025-09-30 10:49:00,10254.769999999993,10254.769999999993
2025-09-30 11:49:00,10254.769999999993,10254.769999999993
2025-09-30 12:49:00,10254.769999999993,10254.769999999993
2025-09-30 13:49:00,10254.769999999993,10254.769999999993
2025-09-30 14:49:00,10254.769999999993,10254.769999999993
2025-09-30 15:49:00,10254.769999999993,10254.769999999993
2025-09-30 16:49:00,10253.929999999993,10220.269999999995
2025-09-30 17:49:00,10160.089999999995,10160.089999999995
2025-09-30 18:49:00,10170.269999999997,10187.069999999996
2025-09-30 19:49:00,10181.809999999998,10260.529999999995
2025-09-30 20:49:00,10181.809999999998,10222.529999999995
2025-09-30 21:49:00,10181.809999999998,10260.529999999995
2025-09-30 22:49:00,10204.869999999997,10308.909999999996
2025-09-30 23:49:00,10204.869999999997,10328.109999999997
2025-10-01 01:50:00,10241.989999999998,10333.909999999998
2025-10-01 02:50:00,10241.989999999998,10340.069999999998
2025-10-01 03:50:00,10241.989999999998,10345.149999999998
2025-10-01 04:50:00,10241.989999999998,10364.549999999997
2025-10-01 05:50:00,10241.989999999998,10356.749999999998
2025-10-01 06:50:00,10241.989999999998,10341.309999999998
2025-10-01 07:50:00,10241.989999999998,10336.949999999997
2025-10-01 08:50:00,10241.989999999998,10344.749999999998
2025-10-01 09:50:00,10241.989999999998,10342.309999999998
2025-10-01 10:50:00,10241.989999999998,10389.309999999998
2025-10-01 11:50:00,10426.509999999998,10426.509999999998
2025-10-01 12:50:00,10426.509999999998,10426.509999999998
2025-10-01 13:50:00,10426.509999999998,10426.509999999998
2025-10-01 14:50:00,10426.509999999998,10426.509999999998
2025-10-01 15:50:00,10426.509999999998,10426.509999999998
2025-10-01 16:50:00,10426.509999999998,10426.509999999998
2025-10-01 17:50:00,10426.509999999998,10426.509999999998
2025-10-01 18:50:00,10426.509999999998,10426.509999999998
2025-10-01 19:50:00,10426.509999999998,10426.509999999998
2025-10-01 20:50:00,10426.509999999998,10426.509999999998
2025-10-01 21:50:00,10426.509999999998,10426.509999999998
2025-10-01 22:50:00,10426.509999999998,10426.509999999998
2025-10-01 23:50:00,10426.509999999998,10426.509999999998
2025-10-02 01:51:00,10426.509999999998,10426.509999999998
2025-10-02 02:51:00,10426.509999999998,10426.509999999998
2025-10-02 03:51:00,10426.509999999998,10426.509999999998
2025-10-02 04:51:00,10426.509999999998,10426.509999999998
2025-10-02 05:51:00,10426.509999999998,10426.509999999998
2025-10-02 06:51:00,10426.509999999998,10426.509999999998
2025-10-02 07:51:00,10426.509999999998,10426.509999999998
2025-10-02 08:51:00,10426.509999999998,10426.509999999998
2025-10-02 09:51:00,10426.509999999998,10426.509999999998
2025-10-02 10:51:00,10426.509999999998,10426.509999999998
2025-10-02 11:51:00,10426.509999999998,10426.509999999998
2025-10-02 12:51:00,10426.509999999998,10426.509999999998
2025-10-02 13:51:00,10445.740000000003,10445.740000000003
2025-10-02 14:51:00,10445.740000000003,10445.740000000003
2025-10-02 15:51:00,10445.740000000003,10445.740000000003
2025-10-02 16:51:00,10445.740000000003,10445.740000000003
2025-10-02 17:51:00,10445.740000000003,10445.740000000003
2025-10-02 18:51:00,10445.740000000003,10445.740000000003
2025-10-02 19:51:00,10445.740000000003,10445.740000000003
2025-10-02 20:51:00,10445.740000000003,10445.740000000003
2025-10-02 21:51:00,10445.740000000003,10445.740000000003
2025-10-02 22:51:00,10445.740000000003,10445.740000000003
2025-10-02 23:51:00,10445.740000000003,10445.740000000003
2025-10-03 01:52:00,10445.740000000003,10445.740000000003
2025-10-03 02:52:00,10445.740000000003,10445.740000000003
2025-10-03 03:52:00,10445.740000000003,10445.740000000003
2025-10-03 04:52:00,10445.740000000003,10445.740000000003
2025-10-03 05:52:00,10445.740000000003,10445.740000000003
2025-10-03 06:52:00,10445.740000000003,10445.740000000003
2025-10-03 07:52:00,10445.740000000003,10445.740000000003
2025-10-03 08:52:00,10445.740000000003,10445.740000000003
2025-10-03 09:52:00,10445.740000000003,10445.740000000003
2025-10-03 10:52:00,10445.180000000004,10446.420000000004
2025-10-03 11:52:00,10445.180000000004,10455.260000000004
2025-10-03 12:52:00,10445.180000000004,10453.860000000004
2025-10-03 13:52:00,10445.180000000004,10432.660000000003
2025-10-03 14:52:00,10445.180000000004,10447.780000000004
2025-10-03 15:52:00,10445.180000000004,10420.980000000005
2025-10-03 16:52:00,10356.100000000002,10356.100000000002
2025-10-03 17:52:00,10356.100000000002,10356.100000000002
2025-10-03 18:52:00,10356.100000000002,10356.100000000002
2025-10-03 19:52:00,10356.100000000002,10356.100000000002
2025-10-03 20:52:00,10356.100000000002,10356.100000000002
2025-10-03 21:52:00,10356.100000000002,10356.100000000002
2025-10-03 22:52:00,10356.100000000002,10356.100000000002
2025-10-03 23:52:00,10356.100000000002,10356.100000000002
2025-10-06 01:53:00,10356.100000000002,10356.100000000002
2025-10-06 02:53:00,10356.100000000002,10356.100000000002
2025-10-06 03:53:00,10356.100000000002,10356.100000000002
2025-10-06 04:53:00,10356.100000000002,10356.100000000002
2025-10-06 05:53:00,10356.100000000002,10356.100000000002
2025-10-06 06:53:00,10356.100000000002,10356.100000000002
2025-10-06 07:53:00,10356.100000000002,10356.100000000002
2025-10-06 08:53:00,10356.100000000002,10356.100000000002
2025-10-06 09:53:00,10356.100000000002,10356.100000000002
2025-10-06 10:53:00,10356.100000000002,10356.100000000002
2025-10-06 11:53:00,10356.100000000002,10356.100000000002
2025-10-06 12:53:00,10356.100000000002,10356.100000000002
2025-10-06 13:53:00,10356.100000000002,10356.100000000002
2025-10-06 14:53:00,10356.100000000002,10356.100000000002
2025-10-06 15:53:00,10356.100000000002,10356.100000000002
2025-10-06 16:53:00,10356.100000000002,10356.100000000002
2025-10-06 17:53:00,10356.100000000002,10356.100000000002
2025-10-06 18:53:00,10356.100000000002,10356.100000000002
2025-10-06 19:53:00,10356.100000000002,10356.100000000002
2025-10-06 20:53:00,10356.100000000002,10356.100000000002
2025-10-06 21:53:00,10356.100000000002,10356.100000000002
2025-10-06 22:53:00,10356.100000000002,10356.100000000002
2025-10-06 23:53:00,10356.100000000002,10356.100000000002
2025-10-07 01:54:00,10356.100000000002,10356.100000000002
2025-10-07 02:54:00,10356.100000000002,10356.100000000002
2025-10-07 03:54:00,10356.100000000002,10356.100000000002
2025-10-07 04:54:00,10356.100000000002,10356.100000000002
2025-10-07 05:54:00,10356.100000000002,10356.100000000002
2025-10-07 06:54:00,10356.100000000002,10356.100000000002
2025-10-07 07:54:00,10356.100000000002,10356.100000000002
2025-10-07 08:54:00,10356.100000000002,10356.100000000002
2025-10-07 09:54:00,10356.100000000002,10356.100000000002
2025-10-07 10:54:00,10356.100000000002,10356.100000000002
2025-10-07 11:54:00,10356.100000000002,10356.100000000002
2025-10-07 12:54:00,10356.100000000002,10356.100000000002
2025-10-07 13:54:00,10356.100000000002,10356.100000000002
2025-10-07 14:54:00,10356.100000000002,10356.100000000002
2025-10-07 15:54:00,10356.100000000002,10356.100000000002
2025-10-07 16:54:00,10356.100000000002,10356.100000000002
2025-10-07 17:54:00,10356.100000000002,10356.100000000002
2025-10-07 18:54:00,10356.100000000002,10356.100000000002
2025-10-07 19:54:00,10356.100000000002,10356.100000000002
2025-10-07 20:54:00,10356.100000000002,10356.100000000002
2025-10-07 21:54:00,10356.100000000002,10356.100000000002
2025-10-07 22:54:00,10356.100000000002,10356.100000000002
2025-10-07 23:54:00,10356.100000000002,10356.100000000002
2025-10-08 01:55:00,10356.100000000002,10356.100000000002
2025-10-08 02:55:00,10356.100000000002,10356.100000000002
2025-10-08 03:55:00,10356.100000000002,10356.100000000002
2025-10-08 04:55:00,10356.100000000002,10356.100000000002
2025-10-08 05:55:00,10356.100000000002,10356.100000000002
2025-10-08 06:55:00,10356.100000000002,10356.100000000002
2025-10-08 07:55:00,10356.100000000002,10356.100000000002
2025-10-08 08:55:00,10356.100000000002,10356.100000000002
2025-10-08 09:55:00,10356.100000000002,10356.100000000002
2025-10-08 10:55:00,10356.100000000002,10356.100000000002
2025-10-08 11:55:00,10356.100000000002,10356.100000000002
2025-10-08 12:55:00,10356.100000000002,10356.100000000002
2025-10-08 13:55:00,10356.100000000002,10356.100000000002
2025-10-08 14:55:00,10356.100000000002,10356.100000000002
2025-10-08 15:55:00,10356.100000000002,10356.100000000002
2025-10-08 16:55:00,10356.100000000002,10356.100000000002
2025-10-08 17:55:00,10356.100000000002,10356.100000000002
2025-10-08 18:55:00,10356.100000000002,10356.100000000002
2025-10-08 19:55:00,10356.100000000002,10356.100000000002
2025-10-08 20:55:00,10248.000000000005,10248.000000000005
2025-10-08 21:55:00,10248.000000000005,10248.000000000005
2025-10-08 22:55:00,10248.000000000005,10248.000000000005
2025-10-08 23:55:00,10248.000000000005,10248.000000000005
2025-10-09 01:56:00,10248.000000000005,10248.000000000005
2025-10-09 02:56:00,10248.000000000005,10248.000000000005
2025-10-09 03:56:00,10248.000000000005,10248.000000000005
2025-10-09 04:56:00,10279.720000000005,10305.410000000002
2025-10-09 05:56:00,10279.020000000002,10279.020000000002
2025-10-09 06:56:00,10279.020000000002,10279.020000000002
2025-10-09 07:56:00,10279.020000000002,10279.020000000002
2025-10-09 08:56:00,10279.020000000002,10279.020000000002
2025-10-09 09:56:00,10279.020000000002,10279.020000000002
2025-10-09 10:56:00,10279.020000000002,10279.020000000002
2025-10-09 11:56:00,10279.020000000002,10279.020000000002
2025-10-09 12:56:00,10279.020000000002,10279.020000000002
2025-10-09 13:56:00,10279.020000000002,10279.020000000002
2025-10-09 14:56:00,10279.020000000002,10279.020000000002
2025-10-09 15:56:00,10276.360000000002,10245.770000000008
2025-10-09 16:56:00,10173.950000000004,10173.950000000004
2025-10-09 17:56:00,10173.950000000004,10173.950000000004
2025-10-09 18:56:00,10173.950000000004,10173.950000000004
2025-10-09 19:56:00,10173.950000000004,10173.950000000004
2025-10-09 20:56:00,10173.950000000004,10173.950000000004
2025-10-09 21:56:00,10173.950000000004,10173.950000000004
2025-10-09 22:56:00,10173.670000000004,10170.350000000002
2025-10-09 23:56:00,10173.670000000004,10170.470000000005
2025-10-10 01:57:00,10185.450000000004,10230.750000000007
2025-10-10 02:57:00,10208.690000000004,10285.420000000004
2025-10-10 03:57:00,10259.670000000006,10259.89000000001
2025-10-10 04:57:00,10318.390000000005,10413.810000000005
2025-10-10 05:57:00,10318.090000000004,10409.650000000007
2025-10-10 06:57:00,10377.400000000005,10464.190000000006
2025-10-10 07:57:00,10496.620000000006,10514.420000000006
2025-10-10 08:57:00,10496.620000000006,10499.800000000007
2025-10-10 09:57:00,10496.620000000006,10507.340000000007
2025-10-10 10:57:00,10496.620000000006,10492.660000000007
2025-10-10 11:57:00,10496.620000000006,10459.360000000006
2025-10-10 12:57:00,10496.620000000006,10450.780000000006
2025-10-10 13:57:00,10496.620000000006,10454.920000000006
2025-10-10 14:57:00,10496.620000000006,10467.300000000007
2025-10-10 15:57:00,10496.620000000006,10473.840000000007
2025-10-10 16:57:00,10496.620000000006,10491.340000000007
2025-10-10 17:57:00,10506.730000000009,10484.51000000001
2025-10-10 18:57:00,10435.470000000008,10435.470000000008
2025-10-10 19:57:00,10435.470000000008,10435.470000000008
2025-10-10 20:57:00,10435.470000000008,10435.470000000008
2025-10-10 21:57:00,10435.470000000008,10435.470000000008
2025-10-10 22:57:00,10435.470000000008,10435.470000000008
2025-10-10 23:57:00,10435.470000000008,10435.470000000008
2025-10-13 01:58:00,10446.060000000007,10446.060000000007
2025-10-13 02:58:00,10446.060000000007,10446.060000000007
2025-10-13 03:58:00,10446.060000000007,10446.060000000007
2025-10-13 04:58:00,10446.060000000007,10446.060000000007
2025-10-13 05:58:00,10446.060000000007,10446.060000000007
2025-10-13 06:58:00,10446.060000000007,10446.060000000007
2025-10-13 07:58:00,10446.060000000007,10446.060000000007
2025-10-13 08:58:00,10446.060000000007,10446.060000000007
2025-10-13 09:58:00,10446.060000000007,10446.060000000007
2025-10-13 10:58:00,10446.060000000007,10446.060000000007
2025-10-13 11:58:00,10446.060000000007,10446.060000000007
2025-10-13 12:58:00,10446.060000000007,10446.060000000007
2025-10-13 13:58:00,10446.060000000007,10446.060000000007
2025-10-13 14:58:00,10446.060000000007,10446.060000000007
2025-10-13 15:58:00,10446.060000000007,10446.060000000007
2025-10-13 16:58:00,10446.060000000007,10446.060000000007
2025-10-13 17:58:00,10446.060000000007,10446.060000000007
2025-10-13 18:58:00,10446.060000000007,10446.060000000007
2025-10-13 19:58:00,10446.060000000007,10446.060000000007
2025-10-13 20:58:00,10446.060000000007,10446.060000000007
2025-10-13 21:58:00,10446.060000000007,10446.060000000007
2025-10-13 22:58:00,10446.060000000007,10446.060000000007
2025-10-13 23:58:00,10446.060000000007,10446.060000000007
2025-10-14 01:59:00,10446.060000000007,10446.060000000007
2025-10-14 02:59:00,10446.060000000007,10446.060000000007
2025-10-14 03:59:00,10446.060000000007,10446.060000000007
2025-10-14 04:59:00,10344.140000000016,10344.140000000016
2025-10-14 05:59:00,10344.140000000016,10344.140000000016
2025-10-14 06:59:00,10344.140000000016,10344.140000000016
2025-10-14 07:59:00,10344.140000000016,10344.140000000016
2025-10-14 08:59:00,10344.140000000016,10344.140000000016
2025-10-14 09:59:00,10344.140000000016,10344.140000000016
2025-10-14 10:59:00,10344.140000000016,10344.140000000016
2025-10-14 11:59:00,10343.580000000014,10315.180000000015
2025-10-14 12:59:00,10343.580000000014,10382.180000000015
2025-10-14 13:59:00,10343.580000000014,10364.820000000014
2025-10-14 14:59:00,10343.580000000014,10369.620000000014
2025-10-14 15:59:00,10343.580000000014,10465.380000000012
2025-10-14 16:59:00,10443.720000000008,10571.780000000006
2025-10-14 17:59:00,10560.060000000007,10591.060000000005
2025-10-14 18:59:00,10560.060000000007,10556.020000000004
2025-10-14 19:59:00,10560.060000000007,10546.820000000007
2025-10-14 20:59:00,10560.060000000007,10515.300000000007
2025-10-14 21:59:00,10560.060000000007,10515.140000000007
2025-10-14 22:59:00,10560.060000000007,10542.180000000008
2025-10-15 01:00:00,10561.860000000006,10534.580000000005
2025-10-15 02:00:00,10561.160000000005,10488.10000000001
2025-10-15 03:00:00,10561.160000000005,10471.450000000008
2025-10-15 04:00:00,10561.160000000005,10402.780000000006
2025-10-15 05:00:00,10301.520000000006,10301.520000000006
2025-10-15 06:00:00,10300.260000000006,10335.27
2025-10-15 07:00:00,10339.740000000005,10402.940000000002
2025-10-15 08:00:00,10339.240000000003,10339.240000000003
2025-10-15 09:00:00,10339.240000000003,10339.240000000003
2025-10-15 10:00:00,10339.240000000003,10339.240000000003
2025-10-15 11:00:00,10339.240000000003,10339.240000000003
2025-10-15 12:00:00,10339.240000000003,10339.240000000003
2025-10-15 13:00:00,10339.240000000003,10339.240000000003
2025-10-15 14:00:00,10339.240000000003,10339.240000000003
2025-10-15 15:00:00,10339.240000000003,10339.240000000003
2025-10-15 16:00:00,10339.240000000003,10339.240000000003
2025-10-15 17:00:00,10339.240000000003,10339.240000000003
2025-10-15 18:00:00,10339.240000000003,10339.240000000003
2025-10-15 19:00:00,10339.240000000003,10339.240000000003
2025-10-15 20:00:00,10339.240000000003,10339.240000000003
2025-10-15 21:00:00,10339.240000000003,10339.240000000003
2025-10-15 22:00:00,10339.240000000003,10339.240000000003
2025-10-15 23:00:00,10339.240000000003,10339.240000000003
2025-10-16 01:01:00,10339.240000000003,10339.240000000003
2025-10-16 02:01:00,10339.240000000003,10339.240000000003
2025-10-16 03:01:00,10339.240000000003,10339.240000000003
2025-10-16 04:01:00,10339.240000000003,10339.240000000003
2025-10-16 05:01:00,10339.240000000003,10339.240000000003
2025-10-16 06:01:00,10339.240000000003,10339.240000000003
2025-10-16 07:01:00,10339.240000000003,10339.240000000003
2025-10-16 08:01:00,10339.240000000003,10339.240000000003
2025-10-16 09:01:00,10339.240000000003,10339.240000000003
2025-10-16 10:01:00,10339.240000000003,10339.240000000003
2025-10-16 11:01:00,10339.240000000003,10339.240000000003
2025-10-16 12:01:00,10339.240000000003,10339.240000000003
2025-10-16 13:01:00,10339.240000000003,10339.240000000003
2025-10-16 14:01:00,10339.240000000003,10339.240000000003
2025-10-16 15:01:00,10339.240000000003,10339.240000000003
2025-10-16 16:01:00,10349.560000000003,10437.880000000003
2025-10-16 17:01:00,10419.820000000003,10510.340000000004
2025-10-16 18:01:00,10433.68,10614.650000000003
2025-10-16 19:01:00,10464.759999999998,10748.199999999995
2025-10-16 20:01:00,10714.289999999997,10800.149999999998
2025-10-16 21:01:00,10838.549999999997,10838.549999999997
2025-10-16 22:01:00,10838.549999999997,10838.549999999997
2025-10-16 23:01:00,10838.549999999997,10838.549999999997
2025-10-17 01:02:00,10838.549999999997,10838.549999999997
2025-10-17 02:02:00,10838.549999999997,10838.549999999997
2025-10-17 03:02:00,10838.549999999997,10838.549999999997
2025-10-17 04:02:00,10838.549999999997,10838.549999999997
2025-10-17 05:02:00,10838.549999999997,10838.549999999997
2025-10-17 06:02:00,10838.549999999997,10838.549999999997
2025-10-17 07:02:00,10838.549999999997,10838.549999999997
2025-10-17 08:02:00,10838.549999999997,10838.549999999997
2025-10-17 09:02:00,10838.549999999997,10838.549999999997
2025-10-17 10:02:00,10838.549999999997,10838.549999999997
2025-10-17 11:02:00,10838.549999999997,10838.549999999997
2025-10-17 12:02:00,10838.549999999997,10838.549999999997
2025-10-17 13:02:00,10838.549999999997,10838.549999999997
2025-10-17 14:02:00,10838.549999999997,10838.549999999997
2025-10-17 15:02:00,10838.549999999997,10838.549999999997
2025-10-17 16:02:00,10838.549999999997,10838.549999999997
2025-10-17 17:02:00,10838.549999999997,10838.549999999997
2025-10-17 18:02:00,10838.549999999997,10838.549999999997
2025-10-17 19:02:00,10838.549999999997,10838.549999999997
2025-10-17 20:02:00,10838.549999999997,10838.549999999997
2025-10-17 21:02:00,10838.549999999997,10838.549999999997
2025-10-17 22:02:00,10838.549999999997,10838.549999999997
2025-10-17 23:02:00,10838.549999999997,10838.549999999997
2025-10-20 01:03:00,10838.549999999997,10838.549999999997
2025-10-20 02:03:00,10838.549999999997,10838.549999999997
2025-10-20 03:03:00,10838.549999999997,10838.549999999997
2025-10-20 04:03:00,10838.549999999997,10838.549999999997
2025-10-20 05:03:00,10838.549999999997,10838.549999999997
2025-10-20 06:03:00,10838.549999999997,10838.549999999997
2025-10-20 07:03:00,10838.549999999997,10838.549999999997
2025-10-20 08:03:00,10838.549999999997,10838.549999999997
2025-10-20 09:03:00,10838.549999999997,10838.549999999997
2025-10-20 10:03:00,10838.549999999997,10838.549999999997
2025-10-20 11:03:00,10838.549999999997,10838.549999999997
2025-10-20 12:03:00,10838.549999999997,10838.549999999997
2025-10-20 13:03:00,10838.549999999997,10838.549999999997
2025-10-20 14:03:00,10915.099999999995,11004.929999999993
2025-10-20 15:03:00,11021.479999999992,11264.759999999991
2025-10-20 16:03:00,11369.759999999987,11369.759999999987
2025-10-20 17:03:00,11369.759999999987,11369.759999999987
2025-10-20 18:03:00,11369.759999999987,11369.759999999987
2025-10-20 19:03:00,11369.759999999987,11369.759999999987
2025-10-20 20:03:00,11369.759999999987,11369.759999999987
2025-10-20 21:03:00,11369.759999999987,11369.759999999987
2025-10-20 22:03:00,11369.759999999987,11369.759999999987
2025-10-20 23:03:00,11369.759999999987,11369.759999999987
2025-10-21 01:04:00,11252.219999999992,11250.779999999993
2025-10-21 02:04:00,11265.579999999989,11265.579999999989
2025-10-21 03:04:00,11265.579999999989,11265.579999999989
2025-10-21 04:04:00,11265.579999999989,11265.579999999989
2025-10-21 05:04:00,11265.579999999989,11265.579999999989
2025-10-21 06:04:00,11265.579999999989,11265.579999999989
2025-10-21 07:04:00,11265.579999999989,11265.579999999989
2025-10-21 08:04:00,11265.579999999989,11265.579999999989
2025-10-21 09:04:00,11265.579999999989,11265.579999999989
2025-10-21 10:04:00,11265.579999999989,11265.579999999989
2025-10-21 11:04:00,11165.279999999988,11165.279999999988
2025-10-21 12:04:00,11165.279999999988,11165.279999999988
2025-10-21 13:04:00,11165.279999999988,11165.279999999988
2025-10-21 14:04:00,11165.279999999988,11165.279999999988
2025-10-21 15:04:00,11165.279999999988,11165.279999999988
2025-10-21 16:04:00,11165.279999999988,11165.279999999988
2025-10-21 17:04:00,11165.279999999988,11165.279999999988
2025-10-21 18:04:00,11165.279999999988,11165.279999999988
2025-10-21 19:04:00,11165.279999999988,11165.279999999988
2025-10-21 20:04:00,11165.279999999988,11165.279999999988
2025-10-21 21:04:00,11165.279999999988,11165.279999999988
2025-10-21 22:04:00,11165.279999999988,11165.279999999988
2025-10-21 23:04:00,11165.279999999988,11165.279999999988
2025-10-22 01:05:00,11165.279999999988,11165.279999999988
2025-10-22 02:05:00,11165.279999999988,11165.279999999988
2025-10-22 03:05:00,11165.279999999988,11165.279999999988
2025-10-22 04:05:00,11165.279999999988,11165.279999999988
2025-10-22 05:05:00,11165.279999999988,11165.279999999988
2025-10-22 06:05:00,11165.279999999988,11165.279999999988
2025-10-22 07:05:00,11165.279999999988,11165.279999999988
2025-10-22 08:05:00,11165.279999999988,11165.279999999988
2025-10-22 09:05:00,11165.279999999988,11165.279999999988
2025-10-22 10:05:00,11165.279999999988,11165.279999999988
2025-10-22 11:05:00,11165.279999999988,11165.279999999988
2025-10-22 12:05:00,11165.279999999988,11165.279999999988
2025-10-22 13:05:00,11165.279999999988,11165.279999999988
2025-10-22 14:05:00,11165.279999999988,11165.279999999988
2025-10-22 15:05:00,11165.279999999988,11165.279999999988
2025-10-22 16:05:00,11165.279999999988,11165.279999999988
2025-10-22 17:05:00,11173.629999999988,11173.629999999988
2025-10-22 18:05:00,11173.629999999988,11173.629999999988
2025-10-22 19:05:00,11173.629999999988,11173.629999999988
2025-10-22 20:05:00,11173.629999999988,11173.629999999988
2025-10-22 21:05:00,11173.629999999988,11173.629999999988
2025-10-22 22:05:00,11173.629999999988,11173.629999999988
2025-10-22 23:05:00,11173.629999999988,11173.629999999988
2025-10-23 01:06:00,11173.629999999988,11173.629999999988
2025-10-23 02:06:00,11173.629999999988,11173.629999999988
2025-10-23 03:06:00,11173.629999999988,11173.629999999988
2025-10-23 04:06:00,11173.629999999988,11173.629999999988
2025-10-23 05:06:00,11077.289999999985,11077.289999999985
2025-10-23 06:06:00,11077.289999999985,11077.289999999985
2025-10-23 07:06:00,11077.289999999985,11077.289999999985
2025-10-23 08:06:00,11077.289999999985,11077.289999999985
2025-10-23 09:06:00,11076.029999999984,11028.23999999998
2025-10-23 10:06:00,10983.889999999985,11051.209999999981
2025-10-23 11:06:00,11009.269999999984,11074.879999999981
2025-10-23 12:06:00,11009.269999999984,11067.289999999983
2025-10-23 13:06:00,11009.269999999984,11049.769999999984
2025-10-23 14:06:00,11053.30999999999,11106.529999999988
2025-10-23 15:06:00,11053.30999999999,11116.279999999988
2025-10-23 16:06:00,11053.00999999999,11053.00999999999
2025-10-23 17:06:00,11053.00999999999,11053.00999999999
2025-10-23 18:06:00,11053.00999999999,11053.00999999999
2025-10-23 19:06:00,11053.00999999999,11053.00999999999
2025-10-23 20:06:00,11053.00999999999,11053.00999999999
2025-10-23 21:06:00,11053.00999999999,11053.00999999999
2025-10-23 22:06:00,11053.00999999999,11053.00999999999
2025-10-23 23:06:00,11053.00999999999,11053.00999999999
2025-10-24 01:07:00,11053.00999999999,11053.00999999999
2025-10-24 02:07:00,11053.00999999999,11053.00999999999
2025-10-24 03:07:00,11053.00999999999,11053.00999999999
2025-10-24 04:07:00,11053.00999999999,11053.00999999999
2025-10-24 05:07:00,11053.00999999999,11053.00999999999
2025-10-24 06:07:00,11053.00999999999,11053.00999999999
2025-10-24 07:07:00,11053.00999999999,11053.00999999999
2025-10-24 08:07:00,11053.00999999999,11053.00999999999
2025-10-24 09:07:00,11053.00999999999,11053.00999999999
2025-10-24 10:07:00,11053.00999999999,11053.00999999999
2025-10-24 11:07:00,11053.00999999999,11053.00999999999
2025-10-24 12:07:00,11053.00999999999,11053.00999999999
2025-10-24 13:07:00,11053.00999999999,11053.00999999999
2025-10-24 14:07:00,11053.00999999999,11053.00999999999
2025-10-24 15:07:00,11053.00999999999,11053.00999999999
2025-10-24 16:07:00,11053.00999999999,11053.00999999999
2025-10-24 17:07:00,11060.76999999999,11108.469999999988
2025-10-24 18:07:00,11078.249999999989,11148.799999999988
2025-10-24 19:07:00,11078.249999999989,11214.94999999999
2025-10-24 20:07:00,11078.249999999989,11196.24999999999
2025-10-24 21:07:00,11077.749999999987,11077.749999999987
2025-10-24 22:07:00,11077.749999999987,11077.749999999987
2025-10-24 23:07:00,11077.749999999987,11077.749999999987
2025-10-27 00:08:00,11077.749999999987,11077.749999999987
2025-10-27 01:08:00,10968.079999999984,10968.079999999984
2025-10-27 02:08:00,10968.079999999984,10968.079999999984
2025-10-27 03:08:00,10968.079999999984,10968.079999999984
2025-10-27 04:08:00,10968.079999999984,10968.079999999984
2025-10-27 05:08:00,10968.079999999984,10968.079999999984
2025-10-27 06:08:00,10968.079999999984,10968.079999999984
2025-10-27 07:08:00,10968.079999999984,10968.079999999984
2025-10-27 08:08:00,10968.079999999984,10968.079999999984
2025-10-27 09:08:00,10968.079999999984,10968.079999999984
2025-10-27 10:08:00,10968.079999999984,10968.079999999984
2025-10-27 11:08:00,10968.079999999984,10968.079999999984
2025-10-27 12:08:00,10968.079999999984,10968.079999999984
2025-10-27 13:08:00,10968.079999999984,10968.079999999984
2025-10-27 14:08:00,10968.079999999984,10968.079999999984
2025-10-27 15:08:00,10968.079999999984,10968.079999999984
2025-10-27 16:08:00,10968.079999999984,10968.079999999984
2025-10-27 17:08:00,10968.079999999984,10968.079999999984
2025-10-27 18:08:00,10968.079999999984,10968.079999999984
2025-10-27 19:08:00,10968.079999999984,10968.079999999984
2025-10-27 20:08:00,10968.079999999984,10968.079999999984
2025-10-27 21:08:00,10968.079999999984,10968.079999999984
2025-10-27 22:08:00,10968.079999999984,10968.079999999984
2025-10-28 00:09:00,10968.079999999984,10968.079999999984
2025-10-28 01:09:00,10968.079999999984,10968.079999999984
2025-10-28 02:09:00,10968.079999999984,10968.079999999984
2025-10-28 03:09:00,10968.079999999984,10968.079999999984
2025-10-28 04:09:00,10968.079999999984,10968.079999999984
2025-10-28 05:09:00,10968.079999999984,10968.079999999984
2025-10-28 06:09:00,10968.079999999984,10968.079999999984
2025-10-28 07:09:00,10968.079999999984,10968.079999999984
2025-10-28 08:09:00,10968.079999999984,10968.079999999984
2025-10-28 09:09:00,10968.079999999984,10968.079999999984
2025-10-28 10:09:00,10968.079999999984,10968.079999999984
2025-10-28 11:09:00,10968.079999999984,10968.079999999984
2025-10-28 12:09:00,10968.079999999984,10968.079999999984
2025-10-28 13:09:00,10968.079999999984,10968.079999999984
2025-10-28 14:09:00,10968.079999999984,10968.079999999984
2025-10-28 15:09:00,10968.079999999984,10968.079999999984
2025-10-28 16:09:00,10968.079999999984,10968.079999999984
2025-10-28 17:09:00,10968.079999999984,10968.079999999984
2025-10-28 18:09:00,10968.079999999984,10968.079999999984
2025-10-28 19:09:00,10968.079999999984,10968.079999999984
2025-10-28 20:09:00,10968.079999999984,10968.079999999984
2025-10-28 21:09:00,10968.079999999984,10968.079999999984
2025-10-28 22:09:00,10968.079999999984,10968.079999999984
2025-10-29 00:10:00,10967.239999999983,11022.379999999983
2025-10-29 01:10:00,10977.619999999984,10977.619999999984
2025-10-29 02:10:00,10977.619999999984,10977.619999999984
2025-10-29 03:10:00,10977.619999999984,10977.619999999984
2025-10-29 04:10:00,10977.619999999984,10977.619999999984
2025-10-29 05:10:00,10977.619999999984,10977.619999999984
2025-10-29 06:10:00,10977.619999999984,10977.619999999984
2025-10-29 07:10:00,10977.619999999984,10977.619999999984
2025-10-29 08:10:00,10977.619999999984,10977.619999999984
2025-10-29 09:10:00,10977.619999999984,10977.619999999984
2025-10-29 10:10:00,10977.619999999984,10977.619999999984
2025-10-29 11:10:00,10977.619999999984,10977.619999999984
2025-10-29 12:10:00,10977.619999999984,10977.619999999984
2025-10-29 13:10:00,10977.619999999984,10977.619999999984
2025-10-29 14:10:00,10977.619999999984,10977.619999999984
2025-10-29 15:10:00,10977.619999999984,10977.619999999984
2025-10-29 16:10:00,10977.619999999984,10977.619999999984
2025-10-29 17:10:00,10977.619999999984,10977.619999999984
2025-10-29 18:10:00,10866.27999999998,10866.27999999998
2025-10-29 19:10:00,10866.27999999998,10866.27999999998
2025-10-29 20:10:00,10866.27999999998,10866.27999999998
2025-10-29 21:10:00,10866.27999999998,10866.27999999998
2025-10-29 22:10:00,10866.27999999998,10866.27999999998
2025-10-30 00:11:00,10866.27999999998,10866.27999999998
2025-10-30 01:11:00,10866.27999999998,10866.27999999998
2025-10-30 02:11:00,10866.27999999998,10866.27999999998
2025-10-30 03:11:00,10866.27999999998,10866.27999999998
2025-10-30 04:11:00,10866.27999999998,10866.27999999998
2025-10-30 05:11:00,10866.27999999998,10866.27999999998
2025-10-30 06:11:00,10866.27999999998,10866.27999999998
2025-10-30 07:11:00,10866.27999999998,10866.27999999998
2025-10-30 08:11:00,10866.27999999998,10866.27999999998
2025-10-30 09:11:00,10866.27999999998,10866.27999999998
2025-10-30 10:11:00,10866.27999999998,10866.27999999998
2025-10-30 11:11:00,10866.27999999998,10866.27999999998
2025-10-30 12:11:00,10866.27999999998,10866.27999999998
2025-10-30 13:11:00,10766.83999999998,10766.83999999998
2025-10-30 14:11:00,10766.83999999998,10766.83999999998
2025-10-30 15:11:00,10766.83999999998,10766.83999999998
2025-10-30 16:11:00,10766.83999999998,10766.83999999998
2025-10-30 17:11:00,10766.83999999998,10766.83999999998
2025-10-30 18:11:00,10766.83999999998,10766.83999999998
2025-10-30 19:11:00,10766.83999999998,10766.83999999998
2025-10-30 20:11:00,10766.83999999998,10766.83999999998
2025-10-30 21:11:00,10766.83999999998,10766.83999999998
2025-10-30 22:11:00,10766.83999999998,10766.83999999998
2025-10-31 00:12:00,10766.83999999998,10766.83999999998
2025-10-31 01:12:00,10766.83999999998,10766.83999999998
2025-10-31 02:12:00,10806.27999999998,10868.679999999978
2025-10-31 03:12:00,10861.00999999998,10861.00999999998
2025-10-31 04:12:00,10861.00999999998,10861.00999999998
2025-10-31 05:12:00,10861.00999999998,10861.00999999998
2025-10-31 06:12:00,10861.00999999998,10861.00999999998
2025-10-31 07:12:00,10861.00999999998,10861.00999999998
2025-10-31 08:12:00,10861.00999999998,10861.00999999998
2025-10-31 09:12:00,10861.00999999998,10861.00999999998
2025-10-31 10:12:00,10861.00999999998,10861.00999999998
2025-10-31 11:12:00,10861.00999999998,10861.00999999998
2025-10-31 12:12:00,10861.00999999998,10861.00999999998
2025-10-31 13:12:00,10861.00999999998,10861.00999999998
2025-10-31 14:12:00,10861.00999999998,10861.00999999998
2025-10-31 15:12:00,10861.00999999998,10861.00999999998
2025-10-31 16:12:00,10861.00999999998,10861.00999999998
2025-10-31 17:12:00,10861.00999999998,10861.00999999998
2025-10-31 18:12:00,10861.00999999998,10861.00999999998
2025-10-31 19:12:00,10861.00999999998,10861.00999999998
2025-10-31 20:12:00,10752.449999999983,10705.009999999984
2025-10-31 21:12:00,10752.449999999983,10716.289999999983
2025-10-31 22:12:00,10766.94999999998,10766.94999999998
2025-11-03 01:13:00,10766.94999999998,10766.94999999998
2025-11-03 02:13:00,10766.94999999998,10766.94999999998
2025-11-03 03:13:00,10766.94999999998,10766.94999999998
2025-11-03 04:13:00,10766.94999999998,10766.94999999998
2025-11-03 05:13:00,10766.94999999998,10766.94999999998
2025-11-03 06:13:00,10766.94999999998,10766.94999999998
2025-11-03 07:13:00,10766.94999999998,10766.94999999998
2025-11-03 08:13:00,10766.94999999998,10766.94999999998
2025-11-03 09:13:00,10766.94999999998,10766.94999999998
2025-11-03 10:13:00,10766.94999999998,10766.94999999998
2025-11-03 11:13:00,10766.94999999998,10766.94999999998
2025-11-03 12:13:00,10766.94999999998,10766.94999999998
2025-11-03 13:13:00,10766.94999999998,10766.94999999998
2025-11-03 14:13:00,10764.709999999981,10761.189999999977
2025-11-03 15:13:00,10778.949999999975,10778.949999999975
2025-11-03 16:13:00,10778.949999999975,10778.949999999975
2025-11-03 17:13:00,10778.949999999975,10778.949999999975
2025-11-03 18:13:00,10778.949999999975,10778.949999999975
2025-11-03 19:13:00,10778.949999999975,10778.949999999975
2025-11-03 20:13:00,10778.949999999975,10778.949999999975
2025-11-03 21:13:00,10778.949999999975,10778.949999999975
2025-11-03 22:13:00,10778.949999999975,10778.949999999975
2025-11-03 23:13:00,10778.949999999975,10778.949999999975
2025-11-04 01:14:00,10778.949999999975,10778.949999999975
2025-11-04 02:14:00,10778.949999999975,10778.949999999975
2025-11-04 03:14:00,10821.739999999978,10876.269999999979
2025-11-04 04:14:00,10821.039999999979,10821.039999999979
2025-11-04 05:14:00,10821.039999999979,10821.039999999979
2025-11-04 06:14:00,10821.039999999979,10821.039999999979
2025-11-04 07:14:00,10821.039999999979,10821.039999999979
2025-11-04 08:14:00,10821.039999999979,10821.039999999979
2025-11-04 09:14:00,10821.039999999979,10821.039999999979
2025-11-04 10:14:00,10821.039999999979,10821.039999999979
2025-11-04 11:14:00,10821.039999999979,10821.039999999979
2025-11-04 12:14:00,10821.039999999979,10821.039999999979
2025-11-04 13:14:00,10821.039999999979,10821.039999999979
2025-11-04 14:14:00,10821.039999999979,10821.039999999979
2025-11-04 15:14:00,10821.039999999979,10821.039999999979
2025-11-04 16:14:00,10821.039999999979,10821.039999999979
2025-11-04 17:14:00,10821.039999999979,10821.039999999979
2025-11-04 18:14:00,10821.039999999979,10821.039999999979
2025-11-04 19:14:00,10821.039999999979,10821.039999999979
2025-11-04 20:14:00,10821.039999999979,10821.039999999979
2025-11-04 21:14:00,10821.039999999979,10821.039999999979
2025-11-04 22:14:00,10821.039999999979,10821.039999999979
2025-11-04 23:14:00,10821.039999999979,10821.039999999979
2025-11-05 01:15:00,10821.039999999979,10821.039999999979
2025-11-05 02:15:00,10821.039999999979,10821.039999999979
2025-11-05 03:15:00,10821.039999999979,10821.039999999979
2025-11-05 04:15:00,10821.039999999979,10821.039999999979
2025-11-05 05:15:00,10821.039999999979,10821.039999999979
2025-11-05 06:15:00,10821.039999999979,10821.039999999979
2025-11-05 07:15:00,10821.039999999979,10821.039999999979
2025-11-05 08:15:00,10821.039999999979,10821.039999999979
2025-11-05 09:15:00,10821.039999999979,10821.039999999979
2025-11-05 10:15:00,10821.039999999979,10821.039999999979
2025-11-05 11:15:00,10821.039999999979,10821.039999999979
2025-11-05 12:15:00,10821.039999999979,10821.039999999979
2025-11-05 13:15:00,10821.039999999979,10821.039999999979
2025-11-05 14:15:00,10821.039999999979,10821.039999999979
2025-11-05 15:15:00,10821.039999999979,10821.039999999979
2025-11-05 16:15:00,10821.039999999979,10821.039999999979
2025-11-05 17:15:00,10821.039999999979,10821.039999999979
2025-11-05 18:15:00,10821.039999999979,10821.039999999979
2025-11-05 19:15:00,10821.039999999979,10821.039999999979
2025-11-05 20:15:00,10821.039999999979,10821.039999999979
2025-11-05 21:15:00,10821.039999999979,10821.039999999979
2025-11-05 22:15:00,10821.039999999979,10821.039999999979
2025-11-05 23:15:00,10821.039999999979,10821.039999999979
2025-11-06 01:16:00,10821.039999999979,10821.039999999979
2025-11-06 02:16:00,10821.039999999979,10821.039999999979
2025-11-06 03:16:00,10821.039999999979,10821.039999999979
2025-11-06 04:16:00,10821.039999999979,10821.039999999979
2025-11-06 05:16:00,10821.039999999979,10821.039999999979
2025-11-06 06:16:00,10821.039999999979,10821.039999999979
2025-11-06 07:16:00,10821.039999999979,10821.039999999979
2025-11-06 08:16:00,10821.039999999979,10821.039999999979
2025-11-06 09:16:00,10821.039999999979,10821.039999999979
2025-11-06 10:16:00,10821.039999999979,10821.039999999979
2025-11-06 11:16:00,10821.039999999979,10821.039999999979
2025-11-06 12:16:00,10821.039999999979,10821.039999999979
2025-11-06 13:16:00,10821.039999999979,10821.039999999979
2025-11-06 14:16:00,10821.039999999979,10821.039999999979
2025-11-06 15:16:00,10832.939999999979,10882.289999999977
2025-11-06 16:16:00,10832.939999999979,10843.089999999978
2025-11-06 17:16:00,10832.239999999976,10832.239999999976
2025-11-06 18:16:00,10832.239999999976,10832.239999999976
2025-11-06 19:16:00,10832.239999999976,10832.239999999976
2025-11-06 20:16:00,10832.239999999976,10832.239999999976
2025-11-06 21:16:00,10832.239999999976,10832.239999999976
2025-11-06 22:16:00,10832.239999999976,10832.239999999976
2025-11-06 23:16:00,10832.239999999976,10832.239999999976
2025-11-07 01:17:00,10832.239999999976,10832.239999999976
2025-11-07 02:17:00,10832.239999999976,10832.239999999976
2025-11-07 03:17:00,10832.239999999976,10832.239999999976
2025-11-07 04:17:00,10832.239999999976,10832.239999999976
2025-11-07 05:17:00,10832.239999999976,10832.239999999976
2025-11-07 06:17:00,10832.239999999976,10832.239999999976
2025-11-07 07:17:00,10832.239999999976,10832.239999999976
2025-11-07 08:17:00,10832.239999999976,10832.239999999976
2025-11-07 09:17:00,10832.239999999976,10832.239999999976
2025-11-07 10:17:00,10832.239999999976,10832.239999999976
2025-11-07 11:17:00,10832.239999999976,10832.239999999976
2025-11-07 12:17:00,10832.239999999976,10832.239999999976
2025-11-07 13:17:00,10832.239999999976,10832.239999999976
2025-11-07 14:17:00,10832.239999999976,10832.239999999976
2025-11-07 15:17:00,10832.239999999976,10832.239999999976
2025-11-07 16:17:00,10832.239999999976,10832.239999999976
2025-11-07 17:17:00,10832.239999999976,10832.239999999976
2025-11-07 18:17:00,10832.239999999976,10832.239999999976
2025-11-07 19:17:00,10832.239999999976,10832.239999999976
2025-11-07 20:17:00,10832.239999999976,10832.239999999976
2025-11-07 21:17:00,10832.239999999976,10832.239999999976
2025-11-07 22:17:00,10832.239999999976,10832.239999999976
2025-11-07 23:17:00,10832.239999999976,10832.239999999976
2025-11-10 01:18:00,10832.239999999976,10832.239999999976
2025-11-10 02:18:00,10832.239999999976,10832.239999999976
2025-11-10 03:18:00,10832.239999999976,10832.239999999976
2025-11-10 04:18:00,10830.559999999976,10879.879999999977
2025-11-10 05:18:00,10830.559999999976,10862.839999999976
2025-11-10 06:18:00,10877.749999999978,10940.929999999978
2025-11-10 07:18:00,10877.749999999978,10934.389999999978
2025-11-10 08:18:00,10940.689999999979,11021.38999999998
2025-11-10 09:18:00,10940.689999999979,11038.609999999979
2025-11-10 10:18:00,10940.689999999979,11041.429999999978
2025-11-10 11:18:00,10940.689999999979,11039.62999999998
2025-11-10 12:18:00,11066.539999999979,11066.539999999979
2025-11-10 13:18:00,11066.539999999979,11066.539999999979
2025-11-10 14:18:00,11066.539999999979,11066.539999999979
2025-11-10 15:18:00,11066.539999999979,11066.539999999979
2025-11-10 16:18:00,11066.539999999979,11066.539999999979
2025-11-10 17:18:00,11066.539999999979,11066.539999999979
2025-11-10 18:18:00,11066.539999999979,11066.539999999979
2025-11-10 19:18:00,11066.539999999979,11066.539999999979
2025-11-10 20:18:00,11066.539999999979,11066.539999999979
2025-11-10 21:18:00,11066.539999999979,11066.539999999979
2025-11-10 22:18:00,11066.539999999979,11066.539999999979
2025-11-10 23:18:00,11066.539999999979,11066.539999999979
2025-11-11 01:19:00,11066.539999999979,11066.539999999979
2025-11-11 02:19:00,11066.539999999979,11066.539999999979
2025-11-11 03:19:00,11066.539999999979,11066.539999999979
2025-11-11 04:19:00,11066.539999999979,11066.539999999979
2025-11-11 05:19:00,11066.539999999979,11066.539999999979
2025-11-11 06:19:00,11066.539999999979,11066.539999999979
2025-11-11 07:19:00,11066.539999999979,11066.539999999979
2025-11-11 08:19:00,11066.539999999979,11066.539999999979
2025-11-11 09:19:00,11066.539999999979,11066.539999999979
2025-11-11 10:19:00,11066.539999999979,11066.539999999979
2025-11-11 11:19:00,11066.539999999979,11066.539999999979
2025-11-11 12:19:00,11066.539999999979,11066.539999999979
2025-11-11 13:19:00,11066.539999999979,11066.539999999979
2025-11-11 14:19:00,11066.539999999979,11066.539999999979
2025-11-11 15:19:00,11066.539999999979,11066.539999999979
2025-11-11 16:19:00,11066.539999999979,11066.539999999979
2025-11-11 17:19:00,11066.539999999979,11066.539999999979
2025-11-11 18:19:00,11066.539999999979,11066.539999999979
2025-11-11 19:19:00,11066.539999999979,11066.539999999979
2025-11-11 20:19:00,11066.539999999979,11066.539999999979
2025-11-11 21:19:00,11066.539999999979,11066.539999999979
2025-11-11 22:19:00,11066.539999999979,11066.539999999979
2025-11-11 23:19:00,11066.539999999979,11066.539999999979
2025-11-12 01:20:00,11066.539999999979,11066.539999999979
2025-11-12 02:20:00,11066.539999999979,11066.539999999979
2025-11-12 03:20:00,11066.539999999979,11066.539999999979
2025-11-12 04:20:00,11066.539999999979,11066.539999999979
2025-11-12 05:20:00,11066.539999999979,11066.539999999979
2025-11-12 06:20:00,11066.539999999979,11066.539999999979
2025-11-12 07:20:00,11066.539999999979,11066.539999999979
2025-11-12 08:20:00,11066.539999999979,11066.539999999979
2025-11-12 09:20:00,11066.539999999979,11066.539999999979
2025-11-12 10:20:00,11066.539999999979,11066.539999999979
2025-11-12 11:20:00,11066.539999999979,11066.539999999979
2025-11-12 12:20:00,11066.539999999979,11066.539999999979
2025-11-12 13:20:00,11066.539999999979,11066.539999999979
2025-11-12 14:20:00,11066.539999999979,11066.539999999979
2025-11-12 15:20:00,11066.539999999979,11066.539999999979
2025-11-12 16:20:00,11066.539999999979,11066.539999999979
2025-11-12 17:20:00,11066.539999999979,11066.539999999979
2025-11-12 18:20:00,11066.539999999979,11066.539999999979
2025-11-12 19:20:00,11066.539999999979,11066.539999999979
2025-11-12 20:20:00,11066.539999999979,11066.539999999979
2025-11-12 21:20:00,11066.539999999979,11066.539999999979
2025-11-12 22:20:00,11066.539999999979,11066.539999999979
2025-11-12 23:20:00,11066.539999999979,11066.539999999979
2025-11-13 01:21:00,11066.539999999979,11066.539999999979
2025-11-13 02:21:00,11066.539999999979,11066.539999999979
2025-11-13 03:21:00,11066.539999999979,11066.539999999979
2025-11-13 04:21:00,11066.539999999979,11066.539999999979
2025-11-13 05:21:00,11066.539999999979,11066.539999999979
2025-11-13 06:21:00,11066.539999999979,11066.539999999979
2025-11-13 07:21:00,11066.539999999979,11066.539999999979
2025-11-13 08:21:00,11066.539999999979,11066.539999999979
2025-11-13 09:21:00,11066.539999999979,11066.539999999979
2025-11-13 10:21:00,11066.539999999979,11066.539999999979
2025-11-13 11:21:00,11066.539999999979,11066.539999999979
2025-11-13 12:21:00,11066.539999999979,11066.539999999979
2025-11-13 13:21:00,11066.539999999979,11066.539999999979
2025-11-13 14:21:00,11066.539999999979,11066.539999999979
2025-11-13 15:21:00,11079.659999999976,11079.659999999976
2025-11-13 16:21:00,11079.659999999976,11079.659999999976
2025-11-13 17:21:00,11079.659999999976,11079.659999999976
2025-11-13 18:21:00,11079.659999999976,11079.659999999976
2025-11-13 19:21:00,11079.659999999976,11079.659999999976
2025-11-13 20:21:00,11079.659999999976,11079.659999999976
2025-11-13 21:21:00,11077.419999999976,10998.919999999973
2025-11-13 22:21:00,11086.829999999976,11105.46999999998
2025-11-13 23:21:00,11117.269999999977,11305.079999999984
2025-11-14 01:22:00,11126.469999999978,11355.449999999979
2025-11-14 02:22:00,11149.699999999979,11444.329999999984
2025-11-14 03:22:00,11149.699999999979,11359.629999999976
2025-11-14 04:22:00,11149.699999999979,11525.839999999982
2025-11-14 05:22:00,11265.179999999978,11628.459999999975
2025-11-14 06:22:00,11265.179999999978,11573.419999999982
2025-11-14 07:22:00,11265.179999999978,11469.739999999982
2025-11-14 08:22:00,11265.179999999978,11429.899999999978
2025-11-14 09:22:00,11264.979999999981,11282.659999999982
2025-11-14 10:22:00,11264.379999999981,11264.379999999981
2025-11-14 11:22:00,11264.379999999981,11264.379999999981
2025-11-14 12:22:00,11264.379999999981,11264.379999999981
2025-11-14 13:22:00,11264.379999999981,11264.379999999981
2025-11-14 14:22:00,11264.379999999981,11264.379999999981
2025-11-14 15:22:00,11264.379999999981,11264.379999999981
2025-11-14 16:22:00,11264.379999999981,11264.379999999981
2025-11-14 17:22:00,11264.379999999981,11264.379999999981
2025-11-14 18:22:00,11278.899999999978,11278.899999999978
2025-11-14 19:22:00,11278.899999999978,11278.899999999978
2025-11-14 20:22:00,11278.899999999978,11278.899999999978
2025-11-14 21:22:00,11278.899999999978,11278.899999999978
2025-11-14 22:22:00,11278.899999999978,11278.899999999978
2025-11-14 23:22:00,11278.899999999978,11278.899999999978
2025-11-17 01:23:00,11278.899999999978,11278.899999999978
2025-11-17 02:23:00,11278.899999999978,11278.899999999978
2025-11-17 03:23:00,11278.899999999978,11278.899999999978
2025-11-17 04:23:00,11278.899999999978,11278.899999999978
2025-11-17 05:23:00,11278.899999999978,11278.899999999978
2025-11-17 06:23:00,11278.899999999978,11278.899999999978
2025-11-17 07:23:00,11278.899999999978,11278.899999999978
2025-11-17 08:23:00,11278.339999999978,11294.339999999978
2025-11-17 09:23:00,11292.669999999978,11353.509999999977
2025-11-17 10:23:00,11321.329999999978,11377.589999999978
2025-11-17 11:23:00,11321.329999999978,11378.349999999977
2025-11-17 12:23:00,11321.329999999978,11383.469999999978
2025-11-17 13:23:00,11321.329999999978,11349.469999999978
2025-11-17 14:23:00,11321.329999999978,11367.629999999977
2025-11-17 15:23:00,11321.329999999978,11372.989999999978
2025-11-17 16:23:00,11321.329999999978,11342.889999999978
2025-11-17 17:23:00,11321.329999999978,11352.349999999977
2025-11-17 18:23:00,11321.129999999977,11321.129999999977
2025-11-17 19:23:00,11321.129999999977,11321.129999999977
2025-11-17 20:23:00,11321.129999999977,11321.129999999977
2025-11-17 21:23:00,11321.129999999977,11321.129999999977
2025-11-17 22:23:00,11321.129999999977,11321.129999999977
2025-11-17 23:23:00,11321.129999999977,11321.129999999977
2025-11-18 01:24:00,11321.129999999977,11321.129999999977
2025-11-18 02:24:00,11321.129999999977,11321.129999999977
2025-11-18 03:24:00,11321.129999999977,11321.129999999977
2025-11-18 04:24:00,11321.129999999977,11321.129999999977
2025-11-18 05:24:00,11321.129999999977,11321.129999999977
2025-11-18 06:24:00,11321.129999999977,11321.129999999977
2025-11-18 07:24:00,11321.129999999977,11321.129999999977
2025-11-18 08:24:00,11321.129999999977,11321.129999999977
2025-11-18 09:24:00,11321.129999999977,11321.129999999977
2025-11-18 10:24:00,11321.129999999977,11321.129999999977
2025-11-18 11:24:00,11207.569999999978,11207.569999999978
2025-11-18 12:24:00,11207.569999999978,11207.569999999978
2025-11-18 13:24:00,11207.569999999978,11207.569999999978
2025-11-18 14:24:00,11207.569999999978,11207.569999999978
2025-11-18 15:24:00,11207.569999999978,11207.569999999978
2025-11-18 16:24:00,11207.569999999978,11207.569999999978
2025-11-18 17:24:00,11207.569999999978,11207.569999999978
2025-11-18 18:24:00,11207.569999999978,11207.569999999978
2025-11-18 19:24:00,11207.569999999978,11207.569999999978
2025-11-18 20:24:00,11207.569999999978,11207.569999999978
2025-11-18 21:24:00,11207.569999999978,11207.569999999978
2025-11-18 22:24:00,11207.569999999978,11207.569999999978
2025-11-18 23:24:00,11207.569999999978,11207.569999999978
2025-11-19 01:25:00,11207.569999999978,11207.569999999978
2025-11-19 02:25:00,11207.569999999978,11207.569999999978
2025-11-19 03:25:00,11207.569999999978,11207.569999999978
2025-11-19 04:25:00,11207.569999999978,11207.569999999978
2025-11-19 05:25:00,11207.569999999978,11207.569999999978
2025-11-19 06:25:00,11207.569999999978,11207.569999999978
2025-11-19 07:25:00,11207.569999999978,11207.569999999978
2025-11-19 08:25:00,11207.569999999978,11207.569999999978
2025-11-19 09:25:00,11216.439999999979,11309.259999999984
2025-11-19 10:25:00,11281.999999999982,11281.999999999982
2025-11-19 11:25:00,11281.999999999982,11281.999999999982
2025-11-19 12:25:00,11281.999999999982,11281.999999999982
2025-11-19 13:25:00,11281.999999999982,11281.999999999982
2025-11-19 14:25:00,11281.999999999982,11281.999999999982
2025-11-19 15:25:00,11293.239999999983,11320.679999999986
2025-11-19 16:25:00,11318.519999999984,11357.339999999986
2025-11-19 17:25:00,11317.919999999987,11317.919999999987
2025-11-19 18:25:00,11200.789999999995,11200.789999999995
2025-11-19 19:25:00,11200.789999999995,11200.789999999995
2025-11-19 20:25:00,11200.789999999995,11200.789999999995
2025-11-19 21:25:00,11200.789999999995,11200.789999999995
2025-11-19 22:25:00,11200.789999999995,11200.789999999995
2025-11-19 23:25:00,11200.789999999995,11200.789999999995
2025-11-20 01:26:00,11200.789999999995,11200.789999999995
2025-11-20 02:26:00,11199.389999999996,11140.789999999994
2025-11-20 03:26:00,11213.089999999997,11251.310000000001
2025-11-20 04:26:00,11368.479999999996,11550.459999999995
2025-11-20 05:26:00,11368.479999999996,11472.539999999994
2025-11-20 06:26:00,11368.479999999996,11454.859999999993
2025-11-20 07:26:00,11368.479999999996,11485.499999999996
2025-11-20 08:26:00,11368.479999999996,11523.099999999995
2025-11-20 09:26:00,11368.479999999996,11521.699999999997
2025-11-20 10:26:00,11141.679999999993,11374.619999999992
2025-11-20 11:26:00,11141.679999999993,11290.099999999991
2025-11-20 12:26:00,11141.679999999993,11289.979999999992
2025-11-20 13:26:00,11141.679999999993,11330.73999999999
2025-11-20 14:26:00,11141.679999999993,11250.379999999994
2025-11-20 15:26:00,11141.679999999993,11183.819999999992
2025-11-20 16:26:00,11141.679999999993,11208.739999999994
2025-11-20 17:26:00,11141.279999999992,11141.279999999992
2025-11-20 18:26:00,11141.279999999992,11141.279999999992
2025-11-20 19:26:00,11179.76999999999,11255.369999999986
2025-11-20 20:26:00,11178.869999999986,11178.869999999986
2025-11-20 21:26:00,11178.869999999986,11178.869999999986
2025-11-20 22:26:00,11178.869999999986,11178.869999999986
2025-11-20 23:26:00,11178.869999999986,11178.869999999986
2025-11-21 01:27:00,11178.869999999986,11178.869999999986
2025-11-21 02:27:00,11177.049999999987,11218.519999999988
2025-11-21 03:27:00,11191.229999999983,11191.229999999983
2025-11-21 04:27:00,11191.229999999983,11191.229999999983
2025-11-21 05:27:00,11191.229999999983,11191.229999999983
2025-11-21 06:27:00,11191.229999999983,11191.229999999983
2025-11-21 07:27:00,11191.229999999983,11191.229999999983
2025-11-21 08:27:00,11191.229999999983,11191.229999999983
2025-11-21 09:27:00,11191.229999999983,11191.229999999983
2025-11-21 10:27:00,11189.829999999984,11167.029999999986
2025-11-21 11:27:00,11202.389999999983,11202.389999999983
2025-11-21 12:27:00,11202.389999999983,11202.389999999983
2025-11-21 13:27:00,11202.389999999983,11202.389999999983
2025-11-21 14:27:00,11202.389999999983,11202.389999999983
2025-11-21 15:27:00,11202.389999999983,11202.389999999983
2025-11-21 16:27:00,11202.389999999983,11202.389999999983
2025-11-21 17:27:00,11202.389999999983,11202.389999999983
2025-11-21 18:27:00,11254.46999999998,11347.109999999979
2025-11-21 19:27:00,11495.959999999977,11495.959999999977
2025-11-21 20:27:00,11495.959999999977,11495.959999999977
2025-11-21 21:27:00,11495.959999999977,11495.959999999977
2025-11-21 22:27:00,11495.959999999977,11495.959999999977
2025-11-21 23:27:00,11506.639999999978,11506.639999999978
2025-11-24 01:28:00,11506.639999999978,11506.639999999978
2025-11-24 02:28:00,11506.639999999978,11506.639999999978
2025-11-24 03:28:00,11506.639999999978,11506.639999999978
2025-11-24 04:28:00,11506.639999999978,11506.639999999978
2025-11-24 05:28:00,11506.639999999978,11506.639999999978
2025-11-24 06:28:00,11506.639999999978,11506.639999999978
2025-11-24 07:28:00,11506.639999999978,11506.639999999978
2025-11-24 08:28:00,11506.639999999978,11506.639999999978
2025-11-24 09:28:00,11506.639999999978,11506.639999999978
2025-11-24 10:28:00,11506.639999999978,11506.639999999978
2025-11-24 11:28:00,11506.639999999978,11506.639999999978
2025-11-24 12:28:00,11506.639999999978,11506.639999999978
2025-11-24 13:28:00,11506.639999999978,11506.639999999978
2025-11-24 14:28:00,11506.639999999978,11506.639999999978
2025-11-24 15:28:00,11506.639999999978,11506.639999999978
2025-11-24 16:28:00,11506.639999999978,11506.639999999978
2025-11-24 17:28:00,11506.639999999978,11506.639999999978
2025-11-24 18:28:00,11506.639999999978,11506.639999999978
2025-11-24 19:28:00,11506.639999999978,11506.639999999978
2025-11-24 20:28:00,11506.639999999978,11506.639999999978
2025-11-24 21:28:00,11506.639999999978,11506.639999999978
2025-11-24 22:28:00,11506.639999999978,11506.639999999978
2025-11-24 23:28:00,11506.639999999978,11506.639999999978
2025-11-25 01:29:00,11506.639999999978,11506.639999999978
2025-11-25 02:29:00,11506.639999999978,11506.639999999978
2025-11-25 03:29:00,11506.639999999978,11506.639999999978
2025-11-25 04:29:00,11506.639999999978,11506.639999999978
2025-11-25 05:29:00,11506.639999999978,11506.639999999978
2025-11-25 06:29:00,11506.639999999978,11506.639999999978
2025-11-25 07:29:00,11506.639999999978,11506.639999999978
2025-11-25 08:29:00,11506.639999999978,11506.639999999978
2025-11-25 09:29:00,11506.639999999978,11506.639999999978
2025-11-25 10:29:00,11506.639999999978,11506.639999999978
2025-11-25 11:29:00,11556.999999999982,11701.799999999987
2025-11-25 12:29:00,11556.999999999982,11764.799999999988
2025-11-25 13:29:00,11556.999999999982,11779.799999999988
2025-11-25 14:29:00,11556.999999999982,11782.299999999988
2025-11-25 15:29:00,11671.259999999984,11972.579999999984
2025-11-25 16:29:00,11670.05999999999,11863.419999999991
2025-11-25 17:29:00,11670.05999999999,11810.859999999993
2025-11-25 18:29:00,11670.05999999999,11911.659999999989
2025-11-25 19:29:00,11670.05999999999,11986.619999999995
2025-11-25 20:29:00,11670.05999999999,11930.219999999994
2025-11-25 21:29:00,11670.05999999999,11828.69999999999
2025-11-25 22:29:00,11670.05999999999,11846.139999999992
2025-11-25 23:29:00,11670.05999999999,11829.33999999999
2025-11-26 01:30:00,11658.05999999999,11831.499999999993
2025-11-26 02:30:00,11658.05999999999,11909.259999999995
2025-11-26 03:30:00,11658.05999999999,11944.859999999993
2025-11-26 04:30:00,11658.05999999999,12087.899999999994
2025-11-26 05:30:00,11658.05999999999,12085.899999999994
2025-11-26 06:30:00,11658.05999999999,12034.139999999992
2025-11-26 07:30:00,11658.05999999999,12103.099999999991
2025-11-26 08:30:00,11658.05999999999,12026.459999999992
2025-11-26 09:30:00,11658.05999999999,11994.779999999992
2025-11-26 10:30:00,11658.05999999999,12105.099999999991
2025-11-26 11:30:00,11658.05999999999,12072.05999999999
2025-11-26 12:30:00,11658.05999999999,12053.419999999991
2025-11-26 13:30:00,11658.05999999999,12108.539999999994
2025-11-26 14:30:00,11658.05999999999,12078.459999999992
2025-11-26 15:30:00,11658.05999999999,12059.419999999991
2025-11-26 16:30:00,11658.05999999999,11932.859999999993
2025-11-26 17:30:00,11658.05999999999,12058.219999999994
2025-11-26 18:30:00,11658.05999999999,12080.37999999999
2025-11-26 19:30:00,11658.05999999999,12118.459999999992
2025-11-26 20:30:00,11658.05999999999,12099.979999999989
2025-11-26 21:30:00,11658.05999999999,12114.779999999992
2025-11-26 22:30:00,11658.05999999999,12105.179999999993
2025-11-26 23:30:00,11658.05999999999,12083.579999999994
2025-11-27 01:31:00,11654.05999999999,12084.219999999994
2025-11-27 02:31:00,11654.05999999999,12104.459999999992
2025-11-27 03:31:00,11654.05999999999,12015.73999999999
2025-11-27 04:31:00,11654.05999999999,11969.419999999991
2025-11-27 05:31:00,11654.05999999999,11961.179999999993
2025-11-27 06:31:00,11654.05999999999,11985.579999999994
2025-11-27 07:31:00,11654.05999999999,11988.69999999999
2025-11-27 08:31:00,11654.05999999999,12013.73999999999
2025-11-27 09:31:00,11654.05999999999,12039.73999999999
2025-11-27 10:31:00,11654.05999999999,12082.219999999994
2025-11-27 11:31:00,11654.05999999999,12001.179999999993
2025-11-27 12:31:00,11654.05999999999,12007.73999999999
2025-11-27 13:31:00,11654.05999999999,12043.33999999999
2025-11-27 14:31:00,11654.05999999999,12029.33999999999
2025-11-27 15:31:00,11654.05999999999,12011.579999999994
2025-11-27 16:31:00,11654.05999999999,12031.179999999993
2025-11-27 17:31:00,11654.05999999999,12054.779999999992
2025-11-27 18:31:00,11654.05999999999,12017.179999999993
2025-11-27 19:31:00,11654.05999999999,12029.01999999999
2025-11-27 20:31:00,11654.05999999999,12022.539999999994
2025-11-28 01:00:00,11650.05999999999,12051.499999999993
2025-11-28 02:00:00,11650.05999999999,12076.459999999992
2025-11-28 03:00:00,12207.979999999989,12207.979999999989
2025-11-28 04:00:00,12207.979999999989,12207.979999999989
2025-11-28 05:00:00,12207.979999999989,12207.979999999989
2025-11-28 06:00:00,12207.979999999989,12207.979999999989
2025-11-28 07:00:00,12207.979999999989,12207.979999999989
2025-11-28 08:00:00,12323.47999999998,12323.47999999998
2025-11-28 09:00:00,12323.47999999998,12323.47999999998
2025-11-28 10:00:00,12323.47999999998,12323.47999999998
2025-11-28 11:00:00,12323.47999999998,12323.47999999998
2025-11-28 12:00:00,12323.47999999998,12323.47999999998
2025-11-28 13:00:00,12323.47999999998,12323.47999999998
2025-11-28 14:00:00,12320.25999999998,12336.129999999972
2025-11-28 15:00:00,12367.20999999998,12470.429999999975
2025-11-28 16:00:00,12365.909999999974,12365.909999999974
2025-11-28 17:00:00,12365.909999999974,12365.909999999974
2025-11-28 18:00:00,12363.109999999975,12339.50999999997
2025-11-28 19:00:00,12379.30999999997,12379.30999999997
2025-11-28 20:00:00,12379.30999999997,12379.30999999997
2025-11-28 21:00:00,12379.30999999997,12379.30999999997
2025-12-01 01:14:00,12379.30999999997,12379.30999999997
2025-12-01 02:14:00,12379.30999999997,12379.30999999997
2025-12-01 03:14:00,12379.30999999997,12379.30999999997
2025-12-01 04:14:00,12379.30999999997,12379.30999999997
2025-12-01 05:14:00,12379.30999999997,12379.30999999997
2025-12-01 06:14:00,12379.30999999997,12379.30999999997
2025-12-01 07:14:00,12379.30999999997,12379.30999999997
2025-12-01 08:14:00,12376.509999999971,12383.10999999997
2025-12-01 09:14:00,12392.959999999966,12392.959999999966
2025-12-01 10:14:00,12392.959999999966,12392.959999999966
2025-12-01 11:14:00,12392.959999999966,12392.959999999966
2025-12-01 12:14:00,12392.959999999966,12392.959999999966
2025-12-01 13:14:00,12392.959999999966,12392.959999999966
2025-12-01 14:14:00,12392.959999999966,12392.959999999966
2025-12-01 15:14:00,12392.959999999966,12392.959999999966
2025-12-01 16:14:00,12392.959999999966,12392.959999999966
2025-12-01 17:14:00,12392.959999999966,12392.959999999966
2025-12-01 18:14:00,12392.959999999966,12392.959999999966
2025-12-01 19:14:00,12392.959999999966,12392.959999999966
2025-12-01 20:14:00,12392.959999999966,12392.959999999966
2025-12-01 21:14:00,12392.959999999966,12392.959999999966
2025-12-01 22:14:00,12392.959999999966,12392.959999999966
2025-12-01 23:14:00,12407.319999999967,12459.159999999963
2025-12-02 01:15:00,12405.719999999961,12405.719999999961
2025-12-02 02:15:00,12405.719999999961,12405.719999999961
2025-12-02 03:15:00,12405.719999999961,12405.719999999961
2025-12-02 04:15:00,12405.719999999961,12405.719999999961
2025-12-02 05:15:00,12405.719999999961,12405.719999999961
2025-12-02 06:15:00,12405.719999999961,12405.719999999961
2025-12-02 07:15:00,12405.719999999961,12405.719999999961
2025-12-02 08:15:00,12405.719999999961,12405.719999999961
2025-12-02 09:15:00,12405.719999999961,12405.719999999961
2025-12-02 10:15:00,12405.719999999961,12405.719999999961
2025-12-02 11:15:00,12405.719999999961,12405.719999999961
2025-12-02 12:15:00,12405.719999999961,12405.719999999961
2025-12-02 13:15:00,12405.719999999961,12405.719999999961
2025-12-02 14:15:00,12405.719999999961,12405.719999999961
2025-12-02 15:15:00,12405.719999999961,12405.719999999961
2025-12-02 16:15:00,12405.719999999961,12405.719999999961
2025-12-02 17:15:00,12405.719999999961,12405.719999999961
2025-12-02 18:15:00,12405.719999999961,12405.719999999961
2025-12-02 19:15:00,12405.719999999961,12405.719999999961
2025-12-02 20:15:00,12405.719999999961,12405.719999999961
2025-12-02 21:15:00,12405.719999999961,12405.719999999961
2025-12-02 22:15:00,12405.719999999961,12405.719999999961
2025-12-02 23:15:00,12405.719999999961,12405.719999999961
2025-12-03 01:16:00,12405.719999999961,12405.719999999961
2025-12-03 02:16:00,12405.719999999961,12405.719999999961
2025-12-03 03:16:00,12405.719999999961,12405.719999999961
2025-12-03 04:16:00,12405.719999999961,12405.719999999961
2025-12-03 05:16:00,12405.719999999961,12405.719999999961
2025-12-03 06:16:00,12405.719999999961,12405.719999999961
2025-12-03 07:16:00,12405.719999999961,12405.719999999961
2025-12-03 08:16:00,12405.719999999961,12405.719999999961
2025-12-03 09:16:00,12405.719999999961,12405.719999999961
2025-12-03 10:16:00,12405.719999999961,12405.719999999961
2025-12-03 11:16:00,12405.719999999961,12405.719999999961
2025-12-03 12:16:00,12405.719999999961,12405.719999999961
2025-12-03 13:16:00,12405.719999999961,12405.719999999961
2025-12-03 14:16:00,12405.719999999961,12405.719999999961
2025-12-03 15:16:00,12405.719999999961,12405.719999999961
2025-12-03 16:16:00,12405.719999999961,12405.719999999961
2025-12-03 17:16:00,12405.719999999961,12405.719999999961
2025-12-03 18:16:00,12405.719999999961,12405.719999999961
2025-12-03 19:16:00,12279.119999999952,12279.119999999952
2025-12-03 20:16:00,12279.119999999952,12279.119999999952
2025-12-03 21:16:00,12279.119999999952,12279.119999999952
2025-12-03 22:16:00,12279.119999999952,12279.119999999952
2025-12-03 23:16:00,12279.119999999952,12279.119999999952
2025-12-04 01:17:00,12279.119999999952,12279.119999999952
2025-12-04 02:17:00,12279.119999999952,12279.119999999952
2025-12-04 03:17:00,12279.119999999952,12279.119999999952
2025-12-04 04:17:00,12279.119999999952,12279.119999999952
2025-12-04 05:17:00,12279.119999999952,12279.119999999952
2025-12-04 06:17:00,12279.119999999952,12279.119999999952
2025-12-04 07:17:00,12279.119999999952,12279.119999999952
2025-12-04 08:17:00,12279.119999999952,12279.119999999952
2025-12-04 09:17:00,12279.119999999952,12279.119999999952
2025-12-04 10:17:00,12279.119999999952,12279.119999999952
2025-12-04 11:17:00,12279.119999999952,12279.119999999952
2025-12-04 12:17:00,12279.119999999952,12279.119999999952
2025-12-04 13:17:00,12279.119999999952,12279.119999999952
2025-12-04 14:17:00,12279.119999999952,12279.119999999952
2025-12-04 15:17:00,12279.119999999952,12279.119999999952
2025-12-04 16:17:00,12279.119999999952,12279.119999999952
2025-12-04 17:17:00,12279.119999999952,12279.119999999952
2025-12-04 18:17:00,12279.119999999952,12279.119999999952
2025-12-04 19:17:00,12279.119999999952,12279.119999999952
2025-12-04 20:17:00,12279.119999999952,12279.119999999952
2025-12-04 21:17:00,12279.119999999952,12279.119999999952
2025-12-04 22:17:00,12279.119999999952,12279.119999999952
2025-12-04 23:17:00,12279.119999999952,12279.119999999952
2025-12-05 01:18:00,12279.119999999952,12279.119999999952
2025-12-05 02:18:00,12279.119999999952,12279.119999999952
2025-12-05 03:18:00,12279.119999999952,12279.119999999952
2025-12-05 04:18:00,12279.119999999952,12279.119999999952
2025-12-05 05:18:00,12279.119999999952,12279.119999999952
2025-12-05 06:18:00,12279.119999999952,12279.119999999952
2025-12-05 07:18:00,12279.119999999952,12279.119999999952
2025-12-05 08:18:00,12279.119999999952,12279.119999999952
2025-12-05 09:18:00,12279.119999999952,12279.119999999952
2025-12-05 10:18:00,12279.119999999952,12279.119999999952
2025-12-05 11:18:00,12279.119999999952,12279.119999999952
2025-12-05 12:18:00,12279.119999999952,12279.119999999952
2025-12-05 13:18:00,12279.119999999952,12279.119999999952
2025-12-05 14:18:00,12279.119999999952,12279.119999999952
2025-12-05 15:18:00,12279.119999999952,12279.119999999952
2025-12-05 16:18:00,12279.119999999952,12279.119999999952
2025-12-05 17:18:00,12279.119999999952,12279.119999999952
2025-12-05 18:18:00,12565.40999999995,12565.40999999995
2025-12-05 19:18:00,12565.40999999995,12565.40999999995
2025-12-05 20:18:00,12565.40999999995,12565.40999999995
2025-12-05 21:18:00,12565.40999999995,12565.40999999995
2025-12-05 22:18:00,12565.40999999995,12565.40999999995
2025-12-05 23:18:00,12565.40999999995,12565.40999999995
2025-12-08 01:19:00,12565.40999999995,12565.40999999995
2025-12-08 02:19:00,12565.40999999995,12565.40999999995
2025-12-08 03:19:00,12565.40999999995,12565.40999999995
2025-12-08 04:19:00,12565.40999999995,12565.40999999995
2025-12-08 05:19:00,12565.40999999995,12565.40999999995
2025-12-08 06:19:00,12565.40999999995,12565.40999999995
2025-12-08 07:19:00,12565.40999999995,12565.40999999995
2025-12-08 08:19:00,12565.40999999995,12565.40999999995
2025-12-08 09:19:00,12565.40999999995,12565.40999999995
2025-12-08 10:19:00,12565.40999999995,12565.40999999995
2025-12-08 11:19:00,12565.40999999995,12565.40999999995
2025-12-08 12:19:00,12565.40999999995,12565.40999999995
2025-12-08 13:19:00,12565.40999999995,12565.40999999995
2025-12-08 14:19:00,12565.40999999995,12565.40999999995
2025-12-08 15:19:00,12565.40999999995,12565.40999999995
2025-12-08 16:19:00,12565.40999999995,12565.40999999995
2025-12-08 17:19:00,12565.40999999995,12565.40999999995
2025-12-08 18:19:00,12565.40999999995,12565.40999999995
2025-12-08 19:19:00,12565.40999999995,12565.40999999995
2025-12-08 20:19:00,12565.40999999995,12565.40999999995
2025-12-08 21:19:00,12565.40999999995,12565.40999999995
2025-12-08 22:19:00,12565.40999999995,12565.40999999995
2025-12-08 23:19:00,12565.40999999995,12565.40999999995
2025-12-09 01:20:00,12565.40999999995,12565.40999999995
2025-12-09 02:20:00,12565.40999999995,12565.40999999995
2025-12-09 03:20:00,12565.40999999995,12565.40999999995
2025-12-09 04:20:00,12565.40999999995,12565.40999999995
2025-12-09 05:20:00,12565.40999999995,12565.40999999995
2025-12-09 06:20:00,12565.40999999995,12565.40999999995
2025-12-09 07:20:00,12565.40999999995,12565.40999999995
2025-12-09 08:20:00,12565.40999999995,12565.40999999995
2025-12-09 09:20:00,12565.40999999995,12565.40999999995
2025-12-09 10:20:00,12565.40999999995,12565.40999999995
2025-12-09 11:20:00,12309.769999999946,12309.769999999946
2025-12-09 12:20:00,12309.769999999946,12309.769999999946
2025-12-09 13:20:00,12309.769999999946,12309.769999999946
2025-12-09 14:20:00,12307.949999999946,12289.359999999942
2025-12-09 15:20:00,12323.819999999945,12342.819999999942
2025-12-09 16:20:00,12322.819999999942,12322.819999999942
2025-12-09 17:20:00,12322.819999999942,12322.819999999942
2025-12-09 18:20:00,12322.819999999942,12322.819999999942
2025-12-09 19:20:00,12322.819999999942,12322.819999999942
2025-12-09 20:20:00,12322.819999999942,12322.819999999942
2025-12-09 21:20:00,12322.819999999942,12322.819999999942
2025-12-09 22:20:00,12322.819999999942,12322.819999999942
2025-12-09 23:20:00,12322.819999999942,12322.819999999942
2025-12-10 01:21:00,12322.819999999942,12322.819999999942
2025-12-10 02:21:00,12322.819999999942,12322.819999999942
2025-12-10 03:21:00,12322.819999999942,12322.819999999942
2025-12-10 04:21:00,12322.819999999942,12322.819999999942
2025-12-10 05:21:00,12322.819999999942,12322.819999999942
2025-12-10 06:21:00,12322.819999999942,12322.819999999942
2025-12-10 07:21:00,12322.819999999942,12322.819999999942
2025-12-10 08:21:00,12322.819999999942,12322.819999999942
2025-12-10 09:21:00,12322.819999999942,12322.819999999942
2025-12-10 10:21:00,12322.819999999942,12322.819999999942
2025-12-10 11:21:00,12322.819999999942,12322.819999999942
2025-12-10 12:21:00,12322.819999999942,12322.819999999942
2025-12-10 13:21:00,12322.819999999942,12322.819999999942
2025-12-10 14:21:00,12322.819999999942,12322.819999999942
2025-12-10 15:21:00,12322.819999999942,12322.819999999942
2025-12-10 16:21:00,12322.819999999942,12322.819999999942
2025-12-10 17:21:00,12322.819999999942,12322.819999999942
2025-12-10 18:21:00,12322.819999999942,12322.819999999942
2025-12-10 19:21:00,12322.819999999942,12322.819999999942
2025-12-10 20:21:00,12322.819999999942,12322.819999999942
2025-12-10 21:21:00,12322.819999999942,12322.819999999942
2025-12-10 22:21:00,12321.839999999942,12291.459999999941
2025-12-10 23:21:00,12331.809999999941,12372.00999999994
2025-12-11 01:22:00,12332.709999999941,12364.089999999938
2025-12-11 02:22:00,12330.989999999938,12301.469999999941
2025-12-11 03:22:00,12330.989999999938,12337.949999999937
2025-12-11 04:22:00,12330.989999999938,12375.78999999994
2025-12-11 05:22:00,12381.129999999937,12491.93999999994
2025-12-11 06:22:00,12381.129999999937,12494.489999999942
2025-12-11 07:22:00,12381.129999999937,12490.299999999941
2025-12-11 08:22:00,12448.469999999937,12499.209999999937
2025-12-11 09:22:00,12448.469999999937,12504.969999999937
2025-12-11 10:22:00,12448.469999999937,12514.509999999938
2025-12-11 11:22:00,12448.469999999937,12511.179999999938
2025-12-11 12:22:00,12448.469999999937,12517.659999999938
2025-12-11 13:22:00,12448.469999999937,12513.28999999994
2025-12-11 14:22:00,12448.469999999937,12517.509999999938
2025-12-11 15:22:00,12448.469999999937,12498.789999999939
2025-12-11 16:22:00,12463.309999999938,12552.62999999994
2025-12-11 17:22:00,12493.079999999938,12584.069999999938
2025-12-11 18:22:00,12493.079999999938,12639.38999999994
2025-12-11 19:22:00,12552.459999999937,12681.639999999938
2025-12-11 20:22:00,12552.459999999937,12691.979999999938
2025-12-11 21:22:00,12548.959999999937,12711.069999999949
2025-12-11 22:22:00,12565.93999999994,12622.899999999945
2025-12-11 23:22:00,12565.93999999994,12762.249999999944
2025-12-12 01:23:00,12611.05999999994,12793.929999999938
2025-12-12 02:23:00,12611.05999999994,12792.579999999942
2025-12-12 03:23:00,12610.359999999937,12721.519999999937
2025-12-12 04:23:00,12610.359999999937,12735.379999999937
2025-12-12 05:23:00,12610.359999999937,12727.739999999938
2025-12-12 06:23:00,12610.359999999937,12722.219999999937
2025-12-12 07:23:00,12610.359999999937,12729.219999999937
2025-12-12 08:23:00,12610.359999999937,12745.179999999938
2025-12-12 09:23:00,12610.359999999937,12755.739999999938
2025-12-12 10:23:00,12610.359999999937,12771.799999999937
2025-12-12 11:23:00,12610.359999999937,12817.039999999937
2025-12-12 12:23:00,12610.359999999937,12828.599999999939
2025-12-12 13:23:00,12847.859999999937,12847.859999999937
2025-12-12 14:23:00,12847.859999999937,12847.859999999937
2025-12-12 15:23:00,12847.859999999937,12847.859999999937
2025-12-12 16:23:00,12847.859999999937,12847.859999999937
2025-12-12 17:23:00,12847.859999999937,12847.859999999937
2025-12-12 18:23:00,12847.859999999937,12847.859999999937
2025-12-12 19:23:00,12847.859999999937,12847.859999999937
2025-12-12 20:23:00,12847.859999999937,12847.859999999937
2025-12-12 21:23:00,12847.859999999937,12847.859999999937
2025-12-12 22:23:00,12847.859999999937,12847.859999999937
2025-12-12 23:23:00,12847.859999999937,12847.859999999937
2025-12-15 01:24:00,12847.859999999937,12847.859999999937
2025-12-15 02:24:00,12847.859999999937,12847.859999999937
2025-12-15 03:24:00,12847.859999999937,12847.859999999937
2025-12-15 04:24:00,12847.859999999937,12847.859999999937
2025-12-15 05:24:00,12861.059999999936,12927.80999999992
2025-12-15 06:24:00,12860.359999999933,12851.079999999934
2025-12-15 07:24:00,12860.359999999933,12855.87999999993
2025-12-15 08:24:00,12737.159999999929,12737.159999999929
2025-12-15 09:24:00,12737.159999999929,12737.159999999929
2025-12-15 10:24:00,12788.199999999924,12872.699999999924
2025-12-15 11:24:00,12860.919999999924,12924.54999999992
2025-12-15 12:24:00,12860.919999999924,12931.54999999992
2025-12-15 13:24:00,12860.219999999921,12860.219999999921
2025-12-15 14:24:00,12860.219999999921,12860.219999999921
2025-12-15 15:24:00,12860.219999999921,12860.219999999921
2025-12-15 16:24:00,12860.219999999921,12860.219999999921
2025-12-15 17:24:00,12860.219999999921,12860.219999999921
2025-12-15 18:24:00,12860.219999999921,12860.219999999921
2025-12-15 19:24:00,12860.219999999921,12860.219999999921
2025-12-15 20:24:00,12860.219999999921,12860.219999999921
2025-12-15 21:24:00,12860.219999999921,12860.219999999921
2025-12-15 22:24:00,12860.219999999921,12860.219999999921
2025-12-15 23:24:00,12860.219999999921,12860.219999999921
2025-12-16 01:25:00,12860.219999999921,12860.219999999921
2025-12-16 02:25:00,12860.219999999921,12860.219999999921
2025-12-16 03:25:00,12860.219999999921,12860.219999999921
2025-12-16 04:25:00,12860.219999999921,12860.219999999921
2025-12-16 05:25:00,12860.219999999921,12860.219999999921
2025-12-16 06:25:00,12860.219999999921,12860.219999999921
2025-12-16 07:25:00,12860.219999999921,12860.219999999921
2025-12-16 08:25:00,12860.219999999921,12860.219999999921
2025-12-16 09:25:00,12860.219999999921,12860.219999999921
2025-12-16 10:25:00,12860.219999999921,12860.219999999921
2025-12-16 11:25:00,12860.219999999921,12860.219999999921
2025-12-16 12:25:00,12860.219999999921,12860.219999999921
2025-12-16 13:25:00,12860.219999999921,12860.219999999921
2025-12-16 14:25:00,12860.219999999921,12860.219999999921
2025-12-16 15:25:00,12860.219999999921,12860.219999999921
2025-12-16 16:25:00,12730.439999999926,12730.439999999926
2025-12-16 17:25:00,12730.439999999926,12730.439999999926
2025-12-16 18:25:00,12730.439999999926,12730.439999999926
2025-12-16 19:25:00,12730.439999999926,12730.439999999926
2025-12-16 20:25:00,12730.439999999926,12730.439999999926
2025-12-16 21:25:00,12730.439999999926,12730.439999999926
2025-12-16 22:25:00,12730.439999999926,12730.439999999926
2025-12-16 23:25:00,12730.439999999926,12730.439999999926
2025-12-17 01:26:00,12730.439999999926,12730.439999999926
2025-12-17 02:26:00,12730.439999999926,12730.439999999926
2025-12-17 03:26:00,12730.439999999926,12730.439999999926
2025-12-17 04:26:00,12730.439999999926,12730.439999999926
2025-12-17 05:26:00,12730.439999999926,12730.439999999926
2025-12-17 06:26:00,12730.439999999926,12730.439999999926
2025-12-17 07:26:00,12730.439999999926,12730.439999999926
2025-12-17 08:26:00,12730.439999999926,12730.439999999926
2025-12-17 09:26:00,12730.439999999926,12730.439999999926
2025-12-17 10:26:00,12730.439999999926,12730.439999999926
2025-12-17 11:26:00,12730.439999999926,12730.439999999926
2025-12-17 12:26:00,12730.439999999926,12730.439999999926
2025-12-17 13:26:00,12730.439999999926,12730.439999999926
2025-12-17 14:26:00,12730.439999999926,12730.439999999926
2025-12-17 15:26:00,12730.439999999926,12730.439999999926
2025-12-17 16:26:00,12730.439999999926,12730.439999999926
2025-12-17 17:26:00,12730.439999999926,12730.439999999926
2025-12-17 18:26:00,12730.439999999926,12730.439999999926
2025-12-17 19:26:00,12730.439999999926,12730.439999999926
2025-12-17 20:26:00,12730.439999999926,12730.439999999926
2025-12-17 21:26:00,12730.439999999926,12730.439999999926
2025-12-17 22:26:00,12730.439999999926,12730.439999999926
2025-12-17 23:26:00,12730.439999999926,12730.439999999926
2025-12-18 01:27:00,12730.439999999926,12730.439999999926
2025-12-18 02:27:00,12730.439999999926,12730.439999999926
2025-12-18 03:27:00,12730.439999999926,12730.439999999926
2025-12-18 04:27:00,12730.439999999926,12730.439999999926
2025-12-18 05:27:00,12730.439999999926,12730.439999999926
2025-12-18 06:27:00,12730.439999999926,12730.439999999926
2025-12-18 07:27:00,12730.439999999926,12730.439999999926
2025-12-18 08:27:00,12730.439999999926,12730.439999999926
2025-12-18 09:27:00,12730.439999999926,12730.439999999926
2025-12-18 10:27:00,12730.439999999926,12730.439999999926
2025-12-18 11:27:00,12730.439999999926,12730.439999999926
2025-12-18 12:27:00,12730.439999999926,12730.439999999926
2025-12-18 13:27:00,12730.439999999926,12730.439999999926
2025-12-18 14:27:00,12730.439999999926,12730.439999999926
2025-12-18 15:27:00,12730.439999999926,12730.439999999926
2025-12-18 16:27:00,12730.439999999926,12730.439999999926
2025-12-18 17:27:00,12744.11999999993,12744.11999999993
2025-12-18 18:27:00,12744.11999999993,12744.11999999993
2025-12-18 19:27:00,12744.11999999993,12744.11999999993
2025-12-18 20:27:00,12744.11999999993,12744.11999999993
2025-12-18 21:27:00,12744.11999999993,12744.11999999993
2025-12-18 22:27:00,12744.11999999993,12744.11999999993
2025-12-18 23:27:00,12744.11999999993,12744.11999999993
2025-12-19 01:28:00,12744.11999999993,12744.11999999993
2025-12-19 02:28:00,12744.11999999993,12744.11999999993
2025-12-19 03:28:00,12744.11999999993,12744.11999999993
2025-12-19 04:28:00,12744.11999999993,12744.11999999993
2025-12-19 05:28:00,12744.11999999993,12744.11999999993
2025-12-19 06:28:00,12744.11999999993,12744.11999999993
2025-12-19 07:28:00,12744.11999999993,12744.11999999993
2025-12-19 08:28:00,12744.11999999993,12744.11999999993
2025-12-19 09:28:00,12744.11999999993,12744.11999999993
2025-12-19 10:28:00,12744.11999999993,12744.11999999993
2025-12-19 11:28:00,12744.11999999993,12744.11999999993
2025-12-19 12:28:00,12744.11999999993,12744.11999999993
2025-12-19 13:28:00,12744.11999999993,12744.11999999993
2025-12-19 14:28:00,12744.11999999993,12744.11999999993
2025-12-19 15:28:00,12744.11999999993,12744.11999999993
2025-12-19 16:28:00,12744.11999999993,12744.11999999993
2025-12-19 17:28:00,12742.999999999929,12771.559999999927
2025-12-19 18:28:00,12742.999999999929,12704.999999999929
2025-12-19 19:28:00,12742.999999999929,12661.07999999993
2025-12-19 20:28:00,12626.839999999926,12626.839999999926
2025-12-19 21:28:00,12626.839999999926,12626.839999999926
2025-12-19 22:28:00,12626.839999999926,12626.839999999926
2025-12-19 23:28:00,12626.839999999926,12626.839999999926
2025-12-22 01:29:00,12626.839999999926,12626.839999999926
2025-12-22 02:29:00,12626.839999999926,12626.839999999926
2025-12-22 03:29:00,12626.839999999926,12626.839999999926
2025-12-22 04:29:00,12626.839999999926,12626.839999999926
2025-12-22 05:29:00,12626.839999999926,12626.839999999926
2025-12-22 06:29:00,12626.839999999926,12626.839999999926
2025-12-22 07:29:00,12626.839999999926,12626.839999999926
2025-12-22 08:29:00,12626.839999999926,12626.839999999926
2025-12-22 09:29:00,12626.839999999926,12626.839999999926
2025-12-22 10:29:00,12626.839999999926,12626.839999999926
2025-12-22 11:29:00,12626.839999999926,12626.839999999926
2025-12-22 12:29:00,12626.839999999926,12626.839999999926
2025-12-22 13:29:00,12626.839999999926,12626.839999999926
2025-12-22 14:29:00,12626.839999999926,12626.839999999926
2025-12-22 15:29:00,12626.839999999926,12626.839999999926
2025-12-22 16:29:00,12626.839999999926,12626.839999999926
2025-12-22 17:29:00,12626.839999999926,12626.839999999926
2025-12-22 18:29:00,12626.839999999926,12626.839999999926
2025-12-22 19:29:00,12626.839999999926,12626.839999999926
2025-12-22 20:29:00,12626.839999999926,12626.839999999926
2025-12-22 21:29:00,12626.839999999926,12626.839999999926
2025-12-22 22:29:00,12626.839999999926,12626.839999999926
2025-12-22 23:29:00,12626.839999999926,12626.839999999926
2025-12-23 01:30:00,12626.839999999926,12626.839999999926
2025-12-23 02:30:00,12626.839999999926,12626.839999999926
2025-12-23 03:30:00,12626.839999999926,12626.839999999926
2025-12-23 04:30:00,12626.839999999926,12626.839999999926
2025-12-23 05:30:00,12626.839999999926,12626.839999999926
2025-12-23 06:30:00,12626.839999999926,12626.839999999926
2025-12-23 07:30:00,12626.839999999926,12626.839999999926
2025-12-23 08:30:00,12626.839999999926,12626.839999999926
2025-12-23 09:30:00,12626.839999999926,12626.839999999926
2025-12-23 10:30:00,12626.839999999926,12626.839999999926
2025-12-23 11:30:00,12626.839999999926,12626.839999999926
2025-12-23 12:30:00,12626.839999999926,12626.839999999926
2025-12-23 13:30:00,12626.839999999926,12626.839999999926
2025-12-23 14:30:00,12626.839999999926,12626.839999999926
2025-12-23 15:30:00,12626.839999999926,12626.839999999926
2025-12-23 16:30:00,12626.839999999926,12626.839999999926
2025-12-23 17:30:00,12626.839999999926,12626.839999999926
2025-12-23 18:30:00,12626.839999999926,12626.839999999926
2025-12-23 19:30:00,12626.839999999926,12626.839999999926
2025-12-23 20:30:00,12626.839999999926,12626.839999999926
2025-12-23 21:30:00,12626.839999999926,12626.839999999926
2025-12-23 22:30:00,12626.839999999926,12626.839999999926
2025-12-23 23:30:00,12626.839999999926,12626.839999999926
2025-12-24 01:31:00,12652.449999999926,12762.22999999993
2025-12-24 02:31:00,12890.729999999932,12890.729999999932
2025-12-24 03:31:00,12890.729999999932,12890.729999999932
2025-12-24 04:31:00,12890.729999999932,12890.729999999932
2025-12-24 05:31:00,12890.729999999932,12890.729999999932
2025-12-24 06:31:00,12890.729999999932,12890.729999999932
2025-12-24 07:31:00,12890.729999999932,12890.729999999932
2025-12-24 08:31:00,12890.729999999932,12890.729999999932
2025-12-24 09:31:00,12890.729999999932,12890.729999999932
2025-12-24 10:31:00,12890.729999999932,12890.729999999932
2025-12-24 11:31:00,12890.729999999932,12890.729999999932
2025-12-24 12:31:00,12890.729999999932,12890.729999999932
2025-12-24 13:31:00,12890.729999999932,12890.729999999932
2025-12-24 14:31:00,12890.729999999932,12890.729999999932
2025-12-24 15:31:00,12890.729999999932,12890.729999999932
2025-12-24 16:31:00,12890.729999999932,12890.729999999932
2025-12-24 17:31:00,12890.729999999932,12890.729999999932
2025-12-24 18:31:00,12890.729999999932,12890.729999999932
2025-12-24 19:31:00,12890.729999999932,12890.729999999932
2025-12-24 20:31:00,12890.729999999932,12890.729999999932
2025-12-26 01:45:00,12890.729999999932,12890.729999999932
2025-12-26 02:45:00,12890.729999999932,12890.729999999932
2025-12-26 03:45:00,12890.729999999932,12890.729999999932
2025-12-26 04:45:00,12890.729999999932,12890.729999999932
2025-12-26 05:45:00,12890.729999999932,12890.729999999932
2025-12-26 06:45:00,12890.729999999932,12890.729999999932
2025-12-26 07:45:00,12890.729999999932,12890.729999999932
2025-12-26 08:45:00,12890.729999999932,12890.729999999932
2025-12-26 09:45:00,12890.729999999932,12890.729999999932
2025-12-26 10:45:00,12890.729999999932,12890.729999999932
2025-12-26 11:45:00,12890.729999999932,12890.729999999932
2025-12-26 12:45:00,12890.729999999932,12890.729999999932
2025-12-26 13:45:00,12890.729999999932,12890.729999999932
2025-12-26 14:45:00,12890.729999999932,12890.729999999932
2025-12-26 15:45:00,12890.729999999932,12890.729999999932
2025-12-26 16:45:00,12890.729999999932,12890.729999999932
2025-12-26 17:45:00,12890.729999999932,12890.729999999932
2025-12-26 18:45:00,12890.729999999932,12890.729999999932
2025-12-26 19:45:00,12890.729999999932,12890.729999999932
2025-12-26 20:45:00,12890.729999999932,12890.729999999932
2025-12-26 21:45:00,12890.729999999932,12890.729999999932
2025-12-26 22:45:00,12890.729999999932,12890.729999999932
2025-12-26 23:45:00,12890.729999999932,12890.729999999932
2025-12-29 01:46:00,12890.729999999932,12890.729999999932
2025-12-29 02:46:00,12890.729999999932,12890.729999999932
2025-12-29 03:46:00,12890.729999999932,12890.729999999932
2025-12-29 04:46:00,12890.729999999932,12890.729999999932
2025-12-29 05:46:00,12890.729999999932,12890.729999999932
2025-12-29 06:46:00,12890.729999999932,12890.729999999932
2025-12-29 07:46:00,12890.729999999932,12890.729999999932
2025-12-29 08:46:00,12890.729999999932,12890.729999999932
2025-12-29 09:46:00,12890.729999999932,12890.729999999932
2025-12-29 10:46:00,12890.729999999932,12890.729999999932
2025-12-29 11:46:00,12890.729999999932,12890.729999999932
2025-12-29 12:46:00,12890.729999999932,12890.729999999932
2025-12-29 13:46:00,12890.729999999932,12890.729999999932
2025-12-29 14:46:00,12890.729999999932,12890.729999999932
2025-12-29 15:46:00,12890.729999999932,12890.729999999932
2025-12-29 16:46:00,12890.729999999932,12890.729999999932
2025-12-29 17:46:00,12890.729999999932,12890.729999999932
2025-12-29 18:46:00,12890.729999999932,12890.729999999932
2025-12-29 19:46:00,12993.409999999929,13178.029999999926
2025-12-29 20:46:00,12993.409999999929,13106.389999999934
2025-12-29 21:46:00,12993.409999999929,13089.019999999931
2025-12-29 22:46:00,12993.009999999927,13053.809999999927
2025-12-29 23:46:00,12993.009999999927,13064.209999999926
2025-12-30 01:47:00,12993.259999999926,12993.259999999926
2025-12-30 02:47:00,12993.259999999926,12993.259999999926
2025-12-30 03:47:00,12993.259999999926,12993.259999999926
2025-12-30 04:47:00,12993.259999999926,12993.259999999926
2025-12-30 05:47:00,12993.259999999926,12993.259999999926
2025-12-30 06:47:00,12993.259999999926,12993.259999999926
2025-12-30 07:47:00,12993.259999999926,12993.259999999926
2025-12-30 08:47:00,12993.259999999926,12993.259999999926
2025-12-30 09:47:00,12993.259999999926,12993.259999999926
2025-12-30 10:47:00,12993.259999999926,12993.259999999926
2025-12-30 11:47:00,12993.259999999926,12993.259999999926
2025-12-30 12:47:00,12992.279999999926,13051.00999999993
2025-12-30 13:47:00,13001.859999999931,13001.859999999931
2025-12-30 14:47:00,13001.859999999931,13001.859999999931
2025-12-30 15:47:00,13001.859999999931,13001.859999999931
2025-12-30 16:47:00,13001.859999999931,13001.859999999931
2025-12-30 17:47:00,13001.859999999931,13001.859999999931
2025-12-30 18:47:00,13001.859999999931,13001.859999999931
2025-12-30 19:47:00,13001.859999999931,13001.859999999931
2025-12-30 20:47:00,13001.859999999931,13001.859999999931
2025-12-30 21:47:00,13001.859999999931,13001.859999999931
2025-12-30 22:47:00,13001.859999999931,13001.859999999931
2025-12-30 23:47:00,13001.859999999931,13001.859999999931
2025-12-31 01:48:00,13001.859999999931,13001.859999999931
2025-12-31 02:48:00,13001.859999999931,13001.859999999931
2025-12-31 03:48:00,13001.859999999931,13001.859999999931
2025-12-31 04:48:00,13001.859999999931,13001.859999999931
2025-12-31 05:48:00,13001.859999999931,13001.859999999931
2025-12-31 06:48:00,13001.859999999931,13001.859999999931
2025-12-31 07:48:00,13001.859999999931,13001.859999999931
2025-12-31 08:48:00,13001.859999999931,13001.859999999931
2025-12-31 09:48:00,13001.859999999931,13001.859999999931
2025-12-31 10:48:00,13001.859999999931,13001.859999999931
2025-12-31 11:48:00,13001.859999999931,13001.859999999931
2025-12-31 12:48:00,13001.859999999931,13001.859999999931
2025-12-31 13:48:00,12999.479999999932,12989.109999999939
2025-12-31 14:48:00,13051.259999999926,13051.259999999926
2025-12-31 15:48:00,13051.259999999926,13051.259999999926
2025-12-31 16:48:00,13051.259999999926,13051.259999999926
2025-12-31 17:48:00,13051.259999999926,13051.259999999926
2025-12-31 18:48:00,13066.22999999992,13066.22999999992
2025-12-31 19:48:00,13066.22999999992,13066.22999999992
2025-12-31 20:48:00,13066.22999999992,13066.22999999992
2025-12-31 21:48:00,13066.22999999992,13066.22999999992
2025-12-31 22:48:00,13066.22999999992,13066.22999999992
2025-12-31 23:48:00,13066.22999999992,13066.22999999992
2026-01-02 01:49:00,13066.22999999992,13066.22999999992
2026-01-02 02:49:00,13066.22999999992,13066.22999999992
2026-01-02 03:49:00,13066.22999999992,13066.22999999992
2026-01-02 04:49:00,13066.22999999992,13066.22999999992
2026-01-02 05:49:00,13066.22999999992,13066.22999999992
2026-01-02 06:49:00,13066.22999999992,13066.22999999992
2026-01-02 07:49:00,13066.22999999992,13066.22999999992
2026-01-02 08:49:00,13066.22999999992,13066.22999999992
2026-01-02 09:49:00,13066.22999999992,13066.22999999992
2026-01-02 10:49:00,13066.22999999992,13066.22999999992
2026-01-02 11:49:00,13066.22999999992,13066.22999999992
2026-01-02 12:49:00,13066.22999999992,13066.22999999992
2026-01-02 13:49:00,13066.22999999992,13066.22999999992
2026-01-02 14:49:00,13066.22999999992,13066.22999999992
2026-01-02 15:49:00,13066.22999999992,13066.22999999992
2026-01-02 16:49:00,13135.509999999911,13135.509999999911
2026-01-02 17:49:00,13135.509999999911,13135.509999999911
2026-01-02 18:49:00,12876.25999999991,12876.25999999991
2026-01-02 19:49:00,12876.25999999991,12876.25999999991
2026-01-02 20:49:00,12876.25999999991,12876.25999999991
2026-01-02 21:49:00,12876.25999999991,12876.25999999991
2026-01-02 22:49:00,12876.25999999991,12876.25999999991
2026-01-02 23:49:00,12876.25999999991,12876.25999999991
2026-01-05 01:50:00,12876.25999999991,12876.25999999991
2026-01-05 02:50:00,12876.25999999991,12876.25999999991
2026-01-05 03:50:00,12876.25999999991,12876.25999999991
2026-01-05 04:50:00,12876.25999999991,12876.25999999991
2026-01-05 05:50:00,12876.25999999991,12876.25999999991
2026-01-05 06:50:00,12876.25999999991,12876.25999999991
2026-01-05 07:50:00,12876.25999999991,12876.25999999991
2026-01-05 08:50:00,12874.859999999908,12897.45999999991
2026-01-05 09:50:00,12874.859999999908,12880.959999999914
2026-01-05 10:50:00,12873.739999999907,12736.179999999917
2026-01-05 11:50:00,12873.739999999907,12691.359999999904
2026-01-05 12:50:00,12873.739999999907,12659.679999999917
2026-01-05 13:50:00,12892.659999999907,12876.67999999991
2026-01-05 14:50:00,12959.259999999906,13169.179999999904
2026-01-05 15:50:00,12959.259999999906,13072.339999999896
2026-01-05 16:50:00,12958.059999999905,12958.059999999905
2026-01-05 17:50:00,12958.059999999905,12958.059999999905
2026-01-05 18:50:00,12958.059999999905,12958.059999999905
2026-01-05 19:50:00,12958.059999999905,12958.059999999905
2026-01-05 20:50:00,12958.059999999905,12958.059999999905
2026-01-05 21:50:00,12958.059999999905,12958.059999999905
2026-01-05 22:50:00,12958.059999999905,12958.059999999905
2026-01-05 23:50:00,12958.059999999905,12958.059999999905
2026-01-06 01:51:00,12958.059999999905,12958.059999999905
2026-01-06 02:51:00,12958.059999999905,12958.059999999905
2026-01-06 03:51:00,12958.059999999905,12958.059999999905
2026-01-06 04:51:00,12958.059999999905,12958.059999999905
2026-01-06 05:51:00,12958.059999999905,12958.059999999905
2026-01-06 06:51:00,12958.059999999905,12958.059999999905
2026-01-06 07:51:00,12958.059999999905,12958.059999999905
2026-01-06 08:51:00,12958.059999999905,12958.059999999905
2026-01-06 09:51:00,12958.059999999905,12958.059999999905
2026-01-06 10:51:00,12958.059999999905,12958.059999999905
2026-01-06 11:51:00,12958.059999999905,12958.059999999905
2026-01-06 12:51:00,12958.059999999905,12958.059999999905
2026-01-06 13:51:00,12958.059999999905,12958.059999999905
2026-01-06 14:51:00,12958.059999999905,12958.059999999905
2026-01-06 15:51:00,12958.059999999905,12958.059999999905
2026-01-06 16:51:00,12958.059999999905,12958.059999999905
2026-01-06 17:51:00,12826.959999999917,12826.959999999917
2026-01-06 18:51:00,12826.959999999917,12826.959999999917
2026-01-06 19:51:00,12826.959999999917,12826.959999999917
2026-01-06 20:51:00,12826.959999999917,12826.959999999917
2026-01-06 21:51:00,12826.959999999917,12826.959999999917
2026-01-06 22:51:00,12826.959999999917,12826.959999999917
2026-01-06 23:51:00,12826.959999999917,12826.959999999917
2026-01-07 01:52:00,12826.959999999917,12826.959999999917
2026-01-07 02:52:00,12826.959999999917,12826.959999999917
2026-01-07 03:52:00,12826.959999999917,12826.959999999917
2026-01-07 04:52:00,12826.959999999917,12826.959999999917
2026-01-07 05:52:00,12826.959999999917,12826.959999999917
2026-01-07 06:52:00,12826.959999999917,12826.959999999917
2026-01-07 07:52:00,12826.959999999917,12826.959999999917
2026-01-07 08:52:00,12826.959999999917,12826.959999999917
2026-01-07 09:52:00,12826.959999999917,12826.959999999917
2026-01-07 10:52:00,12826.959999999917,12826.959999999917
2026-01-07 11:52:00,12826.959999999917,12826.959999999917
2026-01-07 12:52:00,12826.959999999917,12826.959999999917
2026-01-07 13:52:00,12826.959999999917,12826.959999999917
2026-01-07 14:52:00,12826.959999999917,12826.959999999917
2026-01-07 15:52:00,12826.959999999917,12826.959999999917
2026-01-07 16:52:00,12826.959999999917,12826.959999999917
2026-01-07 17:52:00,12826.959999999917,12826.959999999917
2026-01-07 18:52:00,12826.959999999917,12826.959999999917
2026-01-07 19:52:00,12826.959999999917,12826.959999999917
2026-01-07 20:52:00,12826.959999999917,12826.959999999917
2026-01-07 21:52:00,12826.959999999917,12826.959999999917
2026-01-07 22:52:00,12826.959999999917,12826.959999999917
2026-01-07 23:52:00,12826.959999999917,12826.959999999917
2026-01-08 01:53:00,12826.959999999917,12826.959999999917
2026-01-08 02:53:00,12826.959999999917,12826.959999999917
2026-01-08 03:53:00,12826.959999999917,12826.959999999917
2026-01-08 04:53:00,12826.959999999917,12826.959999999917
2026-01-08 05:53:00,12826.959999999917,12826.959999999917
2026-01-08 06:53:00,12826.959999999917,12826.959999999917
2026-01-08 07:53:00,12826.119999999917,12820.599999999917
2026-01-08 08:53:00,12837.979999999916,12909.529999999919
2026-01-08 09:53:00,12837.979999999916,12898.729999999914
2026-01-08 10:53:00,12837.979999999916,12881.229999999914
2026-01-08 11:53:00,12837.979999999916,12895.779999999919
2026-01-08 12:53:00,12837.979999999916,12896.079999999914
2026-01-08 13:53:00,12837.979999999916,12861.829999999914
2026-01-08 14:53:00,12837.479999999914,12837.479999999914
2026-01-08 15:53:00,12837.479999999914,12837.479999999914
2026-01-08 16:53:00,12837.479999999914,12837.479999999914
2026-01-08 17:53:00,12837.479999999914,12837.479999999914
2026-01-08 18:53:00,12837.479999999914,12837.479999999914
2026-01-08 19:53:00,12837.479999999914,12837.479999999914
2026-01-08 20:53:00,12837.479999999914,12837.479999999914
2026-01-08 21:53:00,12837.479999999914,12837.479999999914
2026-01-08 22:53:00,12837.479999999914,12837.479999999914
2026-01-08 23:53:00,12837.479999999914,12837.479999999914
2026-01-09 01:54:00,12837.479999999914,12837.479999999914
2026-01-09 02:54:00,12837.479999999914,12837.479999999914
2026-01-09 03:54:00,12837.479999999914,12837.479999999914
2026-01-09 04:54:00,12837.479999999914,12837.479999999914
2026-01-09 05:54:00,12837.479999999914,12837.479999999914
2026-01-09 06:54:00,12837.479999999914,12837.479999999914
2026-01-09 07:54:00,12837.479999999914,12837.479999999914
2026-01-09 08:54:00,12837.479999999914,12837.479999999914
2026-01-09 09:54:00,12837.479999999914,12837.479999999914
2026-01-09 10:54:00,12837.479999999914,12837.479999999914
2026-01-09 11:54:00,12837.479999999914,12837.479999999914
2026-01-09 12:54:00,12837.479999999914,12837.479999999914
2026-01-09 13:54:00,12837.479999999914,12837.479999999914
2026-01-09 14:54:00,12837.479999999914,12837.479999999914
2026-01-09 15:54:00,12849.19999999991,12849.19999999991
2026-01-09 16:54:00,12849.19999999991,12849.19999999991
2026-01-09 17:54:00,12849.19999999991,12849.19999999991
2026-01-09 18:54:00,12849.19999999991,12849.19999999991
2026-01-09 19:54:00,12847.09999999991,12837.199999999912
2026-01-09 20:54:00,12891.319999999909,12969.979999999907
2026-01-09 21:54:00,12891.319999999909,13005.79999999991
2026-01-09 22:54:00,12950.299999999908,13060.699999999906
2026-01-09 23:54:00,12950.299999999908,13082.89999999991
2026-01-12 01:55:00,13183.15999999991,13183.15999999991
2026-01-12 02:55:00,13183.15999999991,13183.15999999991
2026-01-12 03:55:00,13183.15999999991,13183.15999999991
2026-01-12 04:55:00,13183.15999999991,13183.15999999991
2026-01-12 05:55:00,13183.15999999991,13183.15999999991
2026-01-12 06:55:00,13183.15999999991,13183.15999999991
2026-01-12 07:55:00,13183.15999999991,13183.15999999991
2026-01-12 08:55:00,13183.15999999991,13183.15999999991
2026-01-12 09:55:00,13183.15999999991,13183.15999999991
2026-01-12 10:55:00,13183.15999999991,13183.15999999991
2026-01-12 11:55:00,13183.15999999991,13183.15999999991
2026-01-12 12:55:00,13183.15999999991,13183.15999999991
2026-01-12 13:55:00,13183.15999999991,13183.15999999991
2026-01-12 14:55:00,13183.15999999991,13183.15999999991
2026-01-12 15:55:00,13183.15999999991,13183.15999999991
2026-01-12 16:55:00,13183.15999999991,13183.15999999991
2026-01-12 17:55:00,13183.15999999991,13183.15999999991
2026-01-12 18:55:00,13183.15999999991,13183.15999999991
2026-01-12 19:55:00,13183.15999999991,13183.15999999991
2026-01-12 20:55:00,13183.15999999991,13183.15999999991
2026-01-12 21:55:00,13183.15999999991,13183.15999999991
2026-01-12 22:55:00,13183.15999999991,13183.15999999991
2026-01-12 23:55:00,13183.15999999991,13183.15999999991
2026-01-13 01:56:00,13183.15999999991,13183.15999999991
2026-01-13 02:56:00,13200.859999999908,13258.999999999909
2026-01-13 03:56:00,13239.589999999907,13334.449999999904
2026-01-13 04:56:00,13239.589999999907,13261.129999999908
2026-01-13 05:56:00,13238.989999999905,13238.989999999905
2026-01-13 06:56:00,13238.989999999905,13238.989999999905
2026-01-13 07:56:00,13238.989999999905,13238.989999999905
2026-01-13 08:56:00,13238.989999999905,13238.989999999905
2026-01-13 09:56:00,13238.989999999905,13238.989999999905
2026-01-13 10:56:00,13238.989999999905,13238.989999999905
2026-01-13 11:56:00,13238.989999999905,13238.989999999905
2026-01-13 12:56:00,13238.989999999905,13238.989999999905
2026-01-13 13:56:00,13238.989999999905,13238.989999999905
2026-01-13 14:56:00,13238.989999999905,13238.989999999905
2026-01-13 15:56:00,13238.989999999905,13238.989999999905
2026-01-13 16:56:00,13238.989999999905,13238.989999999905
2026-01-13 17:56:00,13238.989999999905,13238.989999999905
2026-01-13 18:56:00,13238.989999999905,13238.989999999905
2026-01-13 19:56:00,13238.989999999905,13238.989999999905
2026-01-13 20:56:00,13238.989999999905,13238.989999999905
2026-01-13 21:56:00,13238.989999999905,13238.989999999905
2026-01-13 22:56:00,13238.989999999905,13238.989999999905
2026-01-13 23:56:00,13238.989999999905,13238.989999999905
2026-01-14 01:57:00,13238.989999999905,13238.989999999905
2026-01-14 02:57:00,13238.989999999905,13238.989999999905
2026-01-14 03:57:00,13238.989999999905,13238.989999999905
2026-01-14 04:57:00,13238.989999999905,13238.989999999905
2026-01-14 05:57:00,13238.989999999905,13238.989999999905
2026-01-14 06:57:00,13238.989999999905,13238.989999999905
2026-01-14 07:57:00,13235.769999999906,13187.009999999907
2026-01-14 08:57:00,13251.1199999999,13251.1199999999
2026-01-14 09:57:00,13251.1199999999,13251.1199999999
2026-01-14 10:57:00,13251.1199999999,13251.1199999999
2026-01-14 11:57:00,13251.1199999999,13251.1199999999
2026-01-14 12:57:00,13251.1199999999,13251.1199999999
2026-01-14 13:57:00,13251.1199999999,13251.1199999999
2026-01-14 14:57:00,13251.1199999999,13251.1199999999
2026-01-14 15:57:00,13251.1199999999,13251.1199999999
2026-01-14 16:57:00,13251.1199999999,13251.1199999999
2026-01-14 17:57:00,13251.1199999999,13251.1199999999
2026-01-14 18:57:00,13251.1199999999,13251.1199999999
2026-01-14 19:57:00,13251.1199999999,13251.1199999999
2026-01-14 20:57:00,13251.1199999999,13251.1199999999
2026-01-14 21:57:00,13251.1199999999,13251.1199999999
2026-01-14 22:57:00,13251.1199999999,13251.1199999999
2026-01-14 23:57:00,13251.1199999999,13251.1199999999
2026-01-15 01:58:00,13251.1199999999,13251.1199999999
2026-01-15 02:58:00,13251.1199999999,13251.1199999999
2026-01-15 03:58:00,13251.1199999999,13251.1199999999
2026-01-15 04:58:00,13251.1199999999,13251.1199999999
2026-01-15 05:58:00,13251.1199999999,13251.1199999999
2026-01-15 06:58:00,13251.1199999999,13251.1199999999
2026-01-15 07:58:00,13251.1199999999,13251.1199999999
2026-01-15 08:58:00,13251.1199999999,13251.1199999999
2026-01-15 09:58:00,13251.1199999999,13251.1199999999
2026-01-15 10:58:00,13251.1199999999,13251.1199999999
2026-01-15 11:58:00,13251.1199999999,13251.1199999999
2026-01-15 12:58:00,13251.1199999999,13251.1199999999
2026-01-15 13:58:00,13251.1199999999,13251.1199999999
2026-01-15 14:58:00,13251.1199999999,13251.1199999999
2026-01-15 15:58:00,13251.1199999999,13251.1199999999
2026-01-15 16:58:00,13251.1199999999,13251.1199999999
2026-01-15 17:58:00,13251.1199999999,13251.1199999999
2026-01-15 18:58:00,13251.1199999999,13251.1199999999
2026-01-15 19:58:00,13251.1199999999,13251.1199999999
2026-01-15 20:58:00,13251.1199999999,13251.1199999999
2026-01-15 21:58:00,13251.1199999999,13251.1199999999
2026-01-15 22:58:00,13251.1199999999,13251.1199999999
2026-01-15 23:58:00,13251.1199999999,13251.1199999999
2026-01-16 01:59:00,13251.1199999999,13251.1199999999
2026-01-16 02:59:00,13251.1199999999,13251.1199999999
2026-01-16 03:59:00,13251.1199999999,13251.1199999999
2026-01-16 04:59:00,13251.1199999999,13251.1199999999
2026-01-16 05:59:00,13251.1199999999,13251.1199999999
2026-01-16 06:59:00,13251.1199999999,13251.1199999999
2026-01-16 07:59:00,13251.1199999999,13251.1199999999
2026-01-16 08:59:00,13251.1199999999,13251.1199999999
2026-01-16 09:59:00,13251.1199999999,13251.1199999999
2026-01-16 10:59:00,13251.1199999999,13251.1199999999
2026-01-16 11:59:00,13251.1199999999,13251.1199999999
2026-01-16 12:59:00,13251.1199999999,13251.1199999999
2026-01-16 13:59:00,13251.1199999999,13251.1199999999
2026-01-16 14:59:00,13251.1199999999,13251.1199999999
2026-01-16 15:59:00,13251.1199999999,13251.1199999999
2026-01-16 16:59:00,13251.1199999999,13251.1199999999
2026-01-16 17:59:00,13251.1199999999,13251.1199999999
2026-01-16 18:59:00,13251.1199999999,13251.1199999999
2026-01-16 19:59:00,13251.1199999999,13251.1199999999
2026-01-16 20:59:00,13251.1199999999,13251.1199999999
2026-01-16 21:59:00,13251.1199999999,13251.1199999999
2026-01-16 22:59:00,13251.1199999999,13251.1199999999
2026-01-19 01:00:00,13251.1199999999,13251.1199999999
2026-01-19 02:00:00,13251.1199999999,13251.1199999999
2026-01-19 03:00:00,13251.1199999999,13251.1199999999
2026-01-19 04:00:00,13251.1199999999,13251.1199999999
2026-01-19 05:00:00,13250.5599999999,13297.5599999999
2026-01-19 06:00:00,13250.5599999999,13270.039999999899
2026-01-19 07:00:00,13250.5599999999,13294.0799999999
2026-01-19 08:00:00,13250.5599999999,13315.639999999898
2026-01-19 09:00:00,13250.5599999999,13337.0799999999
2026-01-19 10:00:00,13250.5599999999,13304.119999999897
2026-01-19 11:00:00,13250.5599999999,13288.519999999899
2026-01-19 12:00:00,13250.5599999999,13309.679999999898
2026-01-19 13:00:00,13250.5599999999,13291.959999999897
2026-01-19 14:00:00,13250.5599999999,13284.7199999999
2026-01-19 15:00:00,13250.5599999999,13327.039999999899
2026-01-19 16:00:00,13250.5599999999,13304.5999999999
2026-01-19 17:00:00,13250.5599999999,13307.519999999899
2026-01-19 18:00:00,13250.5599999999,13337.2399999999
2026-01-19 19:00:00,13250.5599999999,13326.959999999897
2026-01-19 20:00:00,13250.5599999999,13338.159999999898
2026-01-19 21:00:00,13250.5599999999,13339.0799999999
2026-01-20 01:06:00,13248.5599999999,13309.679999999898
2026-01-20 02:06:00,13248.5599999999,13298.0799999999
2026-01-20 03:06:00,13248.5599999999,13314.199999999899
2026-01-20 04:06:00,13248.5599999999,13317.7199999999
2026-01-20 05:06:00,13248.5599999999,13303.2399999999
2026-01-20 06:06:00,13248.5599999999,13361.159999999898
2026-01-20 07:06:00,13248.5599999999,13436.799999999897
2026-01-20 08:06:00,13248.5599999999,13501.2399999999
2026-01-20 09:06:00,13248.5599999999,13488.639999999898
2026-01-20 10:06:00,13384.439999999897,13516.399999999896
2026-01-20 11:06:00,13384.439999999897,13539.539999999897
2026-01-20 12:06:00,13384.439999999897,13541.199999999897
2026-01-20 13:06:00,13381.639999999898,13402.639999999896
2026-01-20 14:06:00,13246.439999999915,13404.359999999915
2026-01-20 15:06:00,13246.439999999915,13389.499999999915
2026-01-20 16:06:00,13246.439999999915,13409.519999999915
2026-01-20 17:06:00,13246.439999999915,13427.939999999915
2026-01-20 18:06:00,13294.709999999908,13452.609999999908
2026-01-20 19:06:00,13294.709999999908,13485.829999999907
2026-01-20 20:06:00,13294.709999999908,13511.329999999907
2026-01-20 21:06:00,13294.709999999908,13506.349999999908
2026-01-20 22:06:00,13294.709999999908,13500.909999999907
2026-01-20 23:06:00,13294.709999999908,13506.969999999908
2026-01-21 01:07:00,13291.709999999908,13507.829999999907
2026-01-21 02:07:00,13291.709999999908,13533.949999999908
2026-01-21 03:07:00,13291.709999999908,13579.389999999908
2026-01-21 04:07:00,13291.709999999908,13657.649999999909
2026-01-21 05:07:00,13291.709999999908,13675.689999999908
2026-01-21 06:07:00,13291.709999999908,13667.509999999907
2026-01-21 07:07:00,13291.709999999908,13705.969999999908
2026-01-21 08:07:00,13291.709999999908,13720.709999999908
2026-01-21 09:07:00,13291.709999999908,13665.289999999908
2026-01-21 10:07:00,13291.709999999908,13709.369999999908
2026-01-21 11:07:00,13291.709999999908,13701.349999999908
2026-01-21 12:07:00,13291.709999999908,13716.749999999907
2026-01-21 13:07:00,13291.709999999908,13711.369999999908
2026-01-21 14:07:00,13291.709999999908,13712.909999999907
2026-01-21 15:07:00,13291.709999999908,13715.329999999907
2026-01-21 16:07:00,13291.709999999908,13714.089999999907
2026-01-21 17:07:00,13291.709999999908,13716.349999999908
2026-01-21 18:07:00,13393.699999999908,13948.999999999909
2026-01-21 19:07:00,13393.699999999908,13797.559999999905
2026-01-21 20:07:00,13439.739999999912,13890.779999999912
2026-01-21 21:07:00,13481.759999999913,14049.299999999914
2026-01-21 22:07:00,13481.359999999911,13737.919999999911
2026-01-21 23:07:00,13481.359999999911,13806.71999999991
2026-01-22 01:08:00,13480.359999999911,13791.279999999912
2026-01-22 02:08:00,13480.359999999911,13753.05999999991
2026-01-22 03:08:00,13480.359999999911,13742.13999999991
2026-01-22 04:08:00,13480.359999999911,13754.019999999911
2026-01-22 05:08:00,13480.359999999911,13744.299999999912
2026-01-22 06:08:00,13480.359999999911,13771.39999999991
2026-01-22 07:08:00,13480.359999999911,13770.679999999911
2026-01-22 08:08:00,13480.359999999911,13817.599999999911
2026-01-22 09:08:00,13480.359999999911,13838.099999999911
2026-01-22 10:08:00,13480.359999999911,13838.439999999911
2026-01-22 11:08:00,13480.359999999911,13839.619999999912
2026-01-22 12:08:00,13547.93999999991,13984.079999999909
2026-01-22 13:08:00,13547.93999999991,14141.479999999907
2026-01-22 14:08:00,13654.219999999908,14110.079999999907
2026-01-22 15:08:00,13653.619999999912,14037.479999999909
2026-01-22 16:08:00,13653.01999999991,13994.319999999909
2026-01-22 17:08:00,13653.01999999991,14013.25999999991
2026-01-22 18:08:00,13653.01999999991,14089.93999999991
2026-01-22 19:08:00,13653.01999999991,14089.799999999908
2026-01-22 20:08:00,13653.01999999991,14173.01999999991
2026-01-22 21:08:00,13653.01999999991,14191.879999999908
2026-01-22 22:08:00,13653.01999999991,14191.719999999908
2026-01-22 23:08:00,14212.979999999905,14288.719999999903
2026-01-23 01:09:00,14550.379999999903,14550.379999999903
2026-01-23 02:09:00,14550.379999999903,14550.379999999903
2026-01-23 03:09:00,14548.279999999902,14566.429999999902
2026-01-23 04:09:00,14564.50999999991,14564.50999999991
2026-01-23 05:09:00,14564.50999999991,14564.50999999991
2026-01-23 06:09:00,14564.50999999991,14564.50999999991
2026-01-23 07:09:00,14564.50999999991,14564.50999999991
2026-01-23 08:09:00,14564.50999999991,14564.50999999991
2026-01-23 09:09:00,14564.50999999991,14564.50999999991
2026-01-23 10:09:00,14564.50999999991,14564.50999999991
2026-01-23 11:09:00,14564.50999999991,14564.50999999991
2026-01-23 12:09:00,14564.50999999991,14564.50999999991
2026-01-23 13:09:00,14564.50999999991,14564.50999999991
2026-01-23 14:09:00,14564.50999999991,14564.50999999991
2026-01-23 15:09:00,14564.50999999991,14564.50999999991
2026-01-23 16:09:00,14564.50999999991,14564.50999999991
2026-01-23 17:09:00,14564.50999999991,14564.50999999991
2026-01-23 18:09:00,14564.50999999991,14564.50999999991
2026-01-23 19:09:00,14564.50999999991,14564.50999999991
2026-01-23 20:09:00,14584.029999999908,14656.62999999991
2026-01-23 21:09:00,14626.749999999905,14626.749999999905
2026-01-23 22:09:00,14626.749999999905,14626.749999999905
2026-01-23 23:09:00,14626.749999999905,14626.749999999905
2026-01-26 01:10:00,14626.749999999905,14626.749999999905
2026-01-26 02:10:00,14626.749999999905,14626.749999999905
2026-01-26 03:10:00,14626.749999999905,14626.749999999905
2026-01-26 04:10:00,14626.749999999905,14626.749999999905
2026-01-26 05:10:00,14626.749999999905,14626.749999999905
2026-01-26 06:10:00,14626.749999999905,14626.749999999905
2026-01-26 07:10:00,14639.1099999999,14639.1099999999
2026-01-26 08:10:00,14639.1099999999,14639.1099999999
2026-01-26 09:10:00,14639.1099999999,14639.1099999999
2026-01-26 10:10:00,14639.1099999999,14639.1099999999
2026-01-26 11:10:00,14639.1099999999,14639.1099999999
2026-01-26 12:10:00,14639.1099999999,14639.1099999999
2026-01-26 13:10:00,14636.4499999999,14637.2099999999
2026-01-26 14:10:00,14690.789999999895,14690.789999999895
2026-01-26 15:10:00,14690.789999999895,14690.789999999895
2026-01-26 16:10:00,14690.789999999895,14690.789999999895
2026-01-26 17:10:00,14690.789999999895,14690.789999999895
2026-01-26 18:10:00,14690.789999999895,14690.789999999895
2026-01-26 19:10:00,14690.789999999895,14690.789999999895
2026-01-26 20:10:00,14690.789999999895,14690.789999999895
2026-01-26 21:10:00,14778.669999999893,15003.789999999892
2026-01-26 22:10:00,14777.269999999888,14777.269999999888
2026-01-26 23:10:00,14777.269999999888,14777.269999999888
2026-01-27 01:11:00,14777.269999999888,14777.269999999888
2026-01-27 02:11:00,14777.269999999888,14777.269999999888
2026-01-27 03:11:00,14637.16999999989,14637.16999999989
2026-01-27 04:11:00,14636.469999999888,14710.619999999888
2026-01-27 05:11:00,14653.09999999989,14717.09999999989
2026-01-27 06:11:00,14653.09999999989,14738.739999999889
2026-01-27 07:11:00,14653.09999999989,14684.059999999889
2026-01-27 08:11:00,14686.35999999989,14768.64999999989
2026-01-27 09:11:00,14686.35999999989,14806.08999999989
2026-01-27 10:11:00,14686.35999999989,14779.449999999888
2026-01-27 11:11:00,14686.35999999989,14784.549999999888
2026-01-27 12:11:00,14686.35999999989,14807.43999999989
2026-01-27 13:11:00,14686.35999999989,14790.87999999989
2026-01-27 14:11:00,14686.35999999989,14771.679999999888
2026-01-27 15:11:00,14686.35999999989,14787.039999999888
2026-01-27 16:11:00,14686.35999999989,14724.039999999888
2026-01-27 17:11:00,14686.059999999889,14686.059999999889
2026-01-27 18:11:00,14686.059999999889,14686.059999999889
2026-01-27 19:11:00,14686.059999999889,14686.059999999889
2026-01-27 20:11:00,14686.059999999889,14686.059999999889
2026-01-27 21:11:00,14686.059999999889,14686.059999999889
2026-01-27 22:11:00,14686.059999999889,14686.059999999889
2026-01-27 23:11:00,14686.059999999889,14686.059999999889
2026-01-28 01:12:00,14686.059999999889,14686.059999999889
2026-01-28 02:12:00,14686.059999999889,14686.059999999889
2026-01-28 03:12:00,14686.059999999889,14686.059999999889
2026-01-28 04:12:00,14686.059999999889,14686.059999999889
2026-01-28 05:12:00,14686.059999999889,14686.059999999889
2026-01-28 06:12:00,14686.059999999889,14686.059999999889
2026-01-28 07:12:00,14686.059999999889,14686.059999999889
2026-01-28 08:12:00,14686.059999999889,14686.059999999889
2026-01-28 09:12:00,14686.059999999889,14686.059999999889
2026-01-28 10:12:00,14686.059999999889,14686.059999999889
2026-01-28 11:12:00,14686.059999999889,14686.059999999889
2026-01-28 12:12:00,14686.059999999889,14686.059999999889
2026-01-28 13:12:00,14686.059999999889,14686.059999999889
2026-01-28 14:12:00,14686.059999999889,14686.059999999889
2026-01-28 15:12:00,14686.059999999889,14686.059999999889
2026-01-28 16:12:00,14686.059999999889,14686.059999999889
2026-01-28 17:12:00,14536.299999999885,14536.299999999885
2026-01-28 18:12:00,14536.299999999885,14536.299999999885
2026-01-28 19:12:00,14536.299999999885,14536.299999999885
2026-01-28 20:12:00,14536.299999999885,14536.299999999885
2026-01-28 21:12:00,14536.299999999885,14536.299999999885
2026-01-28 22:12:00,14536.299999999885,14536.299999999885
2026-01-28 23:12:00,14536.299999999885,14536.299999999885
2026-01-29 01:13:00,14536.299999999885,14536.299999999885
2026-01-29 02:13:00,14536.299999999885,14536.299999999885
2026-01-29 03:13:00,14536.299999999885,14536.299999999885
2026-01-29 04:13:00,14536.299999999885,14536.299999999885
2026-01-29 05:13:00,14536.299999999885,14536.299999999885
2026-01-29 06:13:00,14536.299999999885,14536.299999999885
2026-01-29 07:13:00,14536.299999999885,14536.299999999885
2026-01-29 08:13:00,14536.299999999885,14536.299999999885
2026-01-29 09:13:00,14536.299999999885,14536.299999999885
2026-01-29 10:13:00,14536.299999999885,14536.299999999885
2026-01-29 11:13:00,14388.899999999881,14388.899999999881
2026-01-29 12:13:00,14388.899999999881,14388.899999999881
2026-01-29 13:13:00,14388.899999999881,14388.899999999881
2026-01-29 14:13:00,14388.899999999881,14388.899999999881
2026-01-29 15:13:00,14388.899999999881,14388.899999999881
2026-01-29 16:13:00,14388.899999999881,14388.899999999881
2026-01-29 17:13:00,14388.899999999881,14388.899999999881
2026-01-29 18:13:00,14388.899999999881,14388.899999999881
2026-01-29 19:13:00,14388.899999999881,14388.899999999881
2026-01-29 20:13:00,14270.129999999883,14270.129999999883
2026-01-29 21:13:00,14270.129999999883,14270.129999999883
2026-01-29 22:13:00,14270.129999999883,14270.129999999883
2026-01-29 23:13:00,14270.129999999883,14270.129999999883
2026-01-30 01:14:00,14269.849999999882,14282.709999999883
2026-01-30 02:14:00,14269.849999999882,14235.909999999883
2026-01-30 03:14:00,14349.229999999883,14467.529999999882
2026-01-30 04:14:00,14349.229999999883,14564.039999999883
2026-01-30 05:14:00,14348.949999999882,14659.10999999988
2026-01-30 06:14:00,14348.949999999882,14560.91999999988
2026-01-30 07:14:00,14348.949999999882,14530.58999999988
2026-01-30 08:14:00,14348.949999999882,14630.099999999882
2026-01-30 09:14:00,14417.249999999884,14712.219999999881
2026-01-30 10:14:00,14417.249999999884,14766.759999999882
2026-01-30 11:14:00,14734.769999999884,14919.279999999882
2026-01-30 12:14:00,14734.769999999884,14909.319999999883
2026-01-30 13:14:00,14734.769999999884,14827.859999999884
2026-01-30 14:14:00,14734.769999999884,14819.179999999884
2026-01-30 15:14:00,14734.769999999884,14872.109999999884
2026-01-30 16:14:00,14734.769999999884,14894.819999999883
2026-01-30 17:14:00,14734.769999999884,14920.159999999883
2026-01-30 18:14:00,14734.769999999884,14917.499999999884
2026-01-30 19:14:00,15007.989999999883,15007.989999999883
2026-01-30 20:14:00,15007.989999999883,15007.989999999883
2026-01-30 21:14:00,15007.989999999883,15007.989999999883
2026-01-30 22:14:00,15007.989999999883,15007.989999999883
2026-01-30 23:14:00,15007.989999999883,15007.989999999883
2026-02-02 01:15:00,15007.709999999883,14973.629999999883
2026-02-02 02:15:00,15075.179999999884,15089.169999999884
2026-02-02 03:15:00,15075.079999999884,15354.939999999882
2026-02-02 04:15:00,15075.079999999884,15226.779999999882
2026-02-02 05:15:00,15075.079999999884,15347.719999999883
2026-02-02 06:15:00,15075.079999999884,15351.439999999884
2026-02-02 07:15:00,15075.079999999884,15378.759999999884
2026-02-02 08:15:00,15075.079999999884,15607.579999999884
2026-02-02 09:15:00,15860.739999999883,15860.739999999883
2026-02-02 10:15:00,15860.739999999883,15860.739999999883
2026-02-02 11:15:00,15860.739999999883,15860.739999999883
2026-02-02 12:15:00,15860.739999999883,15860.739999999883
2026-02-02 13:15:00,15860.739999999883,15860.739999999883
2026-02-02 14:15:00,15860.739999999883,15860.739999999883
2026-02-02 15:15:00,15860.739999999883,15860.739999999883
2026-02-02 16:15:00,15860.739999999883,15860.739999999883
2026-02-02 17:15:00,15860.739999999883,15860.739999999883
2026-02-02 18:15:00,15860.739999999883,15860.739999999883
2026-02-02 19:15:00,15860.739999999883,15860.739999999883
2026-02-02 20:15:00,15860.739999999883,15860.739999999883
2026-02-02 21:15:00,15860.739999999883,15860.739999999883
2026-02-02 22:15:00,15860.739999999883,15860.739999999883
2026-02-02 23:15:00,15860.739999999883,15860.739999999883
2026-02-03 01:16:00,15860.739999999883,15860.739999999883
2026-02-03 02:16:00,15860.739999999883,15860.739999999883
2026-02-03 03:16:00,15860.739999999883,15860.739999999883
2026-02-03 04:16:00,15860.739999999883,15860.739999999883
2026-02-03 05:16:00,15860.739999999883,15860.739999999883
2026-02-03 06:16:00,15860.739999999883,15860.739999999883
2026-02-03 07:16:00,15860.739999999883,15860.739999999883
2026-02-03 08:16:00,15860.739999999883,15860.739999999883
2026-02-03 09:16:00,15860.739999999883,15860.739999999883
2026-02-03 10:16:00,15860.739999999883,15860.739999999883
2026-02-03 11:16:00,15860.739999999883,15860.739999999883
2026-02-03 12:16:00,15860.739999999883,15860.739999999883
2026-02-03 13:16:00,15860.739999999883,15860.739999999883
2026-02-03 14:16:00,15860.739999999883,15860.739999999883
2026-02-03 15:16:00,15860.739999999883,15860.739999999883
2026-02-03 16:16:00,15860.739999999883,15860.739999999883
2026-02-03 17:16:00,15860.739999999883,15860.739999999883
2026-02-03 18:16:00,15860.739999999883,15860.739999999883
2026-02-03 19:16:00,15860.739999999883,15860.739999999883
2026-02-03 20:16:00,15860.739999999883,15860.739999999883
2026-02-03 21:16:00,15860.739999999883,15860.739999999883
2026-02-03 22:16:00,15860.739999999883,15860.739999999883
2026-02-03 23:16:00,15860.739999999883,15860.739999999883
2026-02-04 01:17:00,15860.739999999883,15860.739999999883
2026-02-04 02:17:00,15860.739999999883,15860.739999999883
2026-02-04 03:17:00,15860.739999999883,15860.739999999883
2026-02-04 04:17:00,15860.739999999883,15860.739999999883
2026-02-04 05:17:00,15860.739999999883,15860.739999999883
2026-02-04 06:17:00,15860.739999999883,15860.739999999883
2026-02-04 07:17:00,15860.739999999883,15860.739999999883
2026-02-04 08:17:00,15860.739999999883,15860.739999999883
2026-02-04 09:17:00,15860.739999999883,15860.739999999883
2026-02-04 10:17:00,15860.739999999883,15860.739999999883
2026-02-04 11:17:00,15860.739999999883,15860.739999999883
2026-02-04 12:17:00,15860.739999999883,15860.739999999883
2026-02-04 13:17:00,15860.739999999883,15860.739999999883
2026-02-04 14:17:00,15860.739999999883,15860.739999999883
2026-02-04 15:17:00,15860.739999999883,15860.739999999883
2026-02-04 16:17:00,15860.739999999883,15860.739999999883
2026-02-04 17:17:00,15860.739999999883,15860.739999999883
2026-02-04 18:17:00,15860.739999999883,15860.739999999883
2026-02-04 19:17:00,15860.739999999883,15860.739999999883
2026-02-04 20:17:00,15860.739999999883,15860.739999999883
2026-02-04 21:17:00,15860.739999999883,15860.739999999883
2026-02-04 22:17:00,15860.739999999883,15860.739999999883
2026-02-04 23:17:00,15860.739999999883,15860.739999999883
2026-02-05 01:18:00,15860.739999999883,15860.739999999883
2026-02-05 02:18:00,15860.739999999883,15860.739999999883
2026-02-05 03:18:00,15860.739999999883,15860.739999999883
2026-02-05 04:18:00,15860.739999999883,15860.739999999883
2026-02-05 05:18:00,15860.739999999883,15860.739999999883
2026-02-05 06:18:00,15860.739999999883,15860.739999999883
2026-02-05 07:18:00,15860.739999999883,15860.739999999883
2026-02-05 08:18:00,15860.739999999883,15860.739999999883
2026-02-05 09:18:00,15860.739999999883,15860.739999999883
2026-02-05 10:18:00,15860.739999999883,15860.739999999883
2026-02-05 11:18:00,15860.739999999883,15860.739999999883
2026-02-05 12:18:00,15860.739999999883,15860.739999999883
2026-02-05 13:18:00,15860.739999999883,15860.739999999883
2026-02-05 14:18:00,15860.739999999883,15860.739999999883
2026-02-05 15:18:00,15860.739999999883,15860.739999999883
2026-02-05 16:18:00,15860.739999999883,15860.739999999883
2026-02-05 17:18:00,15860.739999999883,15860.739999999883
2026-02-05 18:18:00,15860.739999999883,15860.739999999883
2026-02-05 19:18:00,15860.739999999883,15860.739999999883
2026-02-05 20:18:00,15860.739999999883,15860.739999999883
2026-02-05 21:18:00,15860.739999999883,15860.739999999883
2026-02-05 22:18:00,15860.739999999883,15860.739999999883
2026-02-05 23:18:00,15860.739999999883,15860.739999999883
2026-02-06 01:19:00,15860.739999999883,15860.739999999883
2026-02-06 02:19:00,15860.739999999883,15860.739999999883
2026-02-06 03:19:00,15860.739999999883,15860.739999999883
2026-02-06 04:19:00,15860.739999999883,15860.739999999883
2026-02-06 05:19:00,15860.739999999883,15860.739999999883
2026-02-06 06:19:00,15860.739999999883,15860.739999999883
2026-02-06 07:19:00,15860.739999999883,15860.739999999883
2026-02-06 08:19:00,15860.739999999883,15860.739999999883
2026-02-06 09:19:00,15860.739999999883,15860.739999999883
2026-02-06 10:19:00,15860.739999999883,15860.739999999883
2026-02-06 11:19:00,15860.739999999883,15860.739999999883
2026-02-06 12:19:00,15860.739999999883,15860.739999999883
2026-02-06 13:19:00,15860.739999999883,15860.739999999883
2026-02-06 14:19:00,15860.739999999883,15860.739999999883
2026-02-06 15:19:00,15860.739999999883,15860.739999999883
2026-02-06 16:19:00,15860.739999999883,15860.739999999883
2026-02-06 17:19:00,15860.179999999884,15853.69999999988
2026-02-06 18:19:00,15860.179999999884,15868.139999999883
2026-02-06 19:19:00,15881.429999999882,15881.429999999882
2026-02-06 20:19:00,15881.429999999882,15881.429999999882
2026-02-06 21:19:00,15881.429999999882,15881.429999999882
2026-02-06 22:19:00,15881.429999999882,15881.429999999882
2026-02-06 23:19:00,15881.429999999882,15881.429999999882
2026-02-09 01:20:00,15881.429999999882,15881.429999999882
2026-02-09 02:20:00,15881.429999999882,15881.429999999882
2026-02-09 03:20:00,15910.399999999878,15910.399999999878
2026-02-09 04:20:00,15910.399999999878,15910.399999999878
2026-02-09 05:20:00,15910.399999999878,15910.399999999878
2026-02-09 06:20:00,15910.399999999878,15910.399999999878
2026-02-09 07:20:00,15910.399999999878,15910.399999999878
2026-02-09 08:20:00,15910.399999999878,15910.399999999878
2026-02-09 09:20:00,15910.399999999878,15910.399999999878
2026-02-09 10:20:00,15910.399999999878,15910.399999999878
2026-02-09 11:20:00,15910.399999999878,15910.399999999878
2026-02-09 12:20:00,15910.399999999878,15910.399999999878
2026-02-09 13:20:00,15910.399999999878,15910.399999999878
2026-02-09 14:20:00,15910.399999999878,15910.399999999878
2026-02-09 15:20:00,15910.399999999878,15910.399999999878
2026-02-09 16:20:00,15910.399999999878,15910.399999999878
2026-02-09 17:20:00,15910.399999999878,15910.399999999878
2026-02-09 18:20:00,15910.399999999878,15910.399999999878
2026-02-09 19:20:00,15910.399999999878,15910.399999999878
2026-02-09 20:20:00,15926.839999999873,15923.329999999878
2026-02-09 21:20:00,15946.939999999873,16052.14999999987
2026-02-09 22:20:00,15987.139999999874,16129.589999999873
2026-02-09 23:20:00,15987.139999999874,16045.839999999873
2026-02-10 01:21:00,15986.639999999876,15986.639999999876
2026-02-10 02:21:00,15985.379999999876,16019.30999999988
2026-02-10 03:21:00,16049.099999999875,16133.449999999873
2026-02-10 04:21:00,16048.599999999873,16048.599999999873
2026-02-10 05:21:00,16048.599999999873,16048.599999999873
2026-02-10 06:21:00,16048.599999999873,16048.599999999873
2026-02-10 07:21:00,16048.599999999873,16048.599999999873
2026-02-10 08:21:00,16048.599999999873,16048.599999999873
2026-02-10 09:21:00,16048.599999999873,16048.599999999873
2026-02-10 10:21:00,16048.599999999873,16048.599999999873
2026-02-10 11:21:00,16048.599999999873,16048.599999999873
2026-02-10 12:21:00,16048.599999999873,16048.599999999873
2026-02-10 13:21:00,16048.599999999873,16048.599999999873
2026-02-10 14:21:00,16048.599999999873,16048.599999999873
2026-02-10 15:21:00,16048.599999999873,16048.599999999873
2026-02-10 16:21:00,16048.599999999873,16048.599999999873
2026-02-10 17:21:00,16048.599999999873,16048.599999999873
2026-02-10 18:21:00,16048.599999999873,16048.599999999873
2026-02-10 19:21:00,16048.599999999873,16048.599999999873
2026-02-10 20:21:00,16048.599999999873,16048.599999999873
2026-02-10 21:21:00,16048.599999999873,16048.599999999873
2026-02-10 22:21:00,16048.599999999873,16048.599999999873
2026-02-10 23:21:00,16048.599999999873,16048.599999999873
2026-02-11 01:22:00,16048.599999999873,16048.599999999873
2026-02-11 02:22:00,16048.599999999873,16048.599999999873
2026-02-11 03:22:00,16048.599999999873,16048.599999999873
2026-02-11 04:22:00,16048.599999999873,16048.599999999873
2026-02-11 05:22:00,16048.599999999873,16048.599999999873
2026-02-11 06:22:00,16048.599999999873,16048.599999999873
2026-02-11 07:22:00,16048.599999999873,16048.599999999873
2026-02-11 08:22:00,16048.599999999873,16048.599999999873
2026-02-11 09:22:00,16048.599999999873,16048.599999999873
2026-02-11 10:22:00,16048.599999999873,16048.599999999873
2026-02-11 11:22:00,16048.599999999873,16048.599999999873
2026-02-11 12:22:00,16048.599999999873,16048.599999999873
2026-02-11 13:22:00,16048.599999999873,16048.599999999873
2026-02-11 14:22:00,16048.599999999873,16048.599999999873
2026-02-11 15:22:00,16048.599999999873,16048.599999999873
2026-02-11 16:22:00,16048.599999999873,16048.599999999873
2026-02-11 17:22:00,16048.599999999873,16048.599999999873
2026-02-11 18:22:00,16048.599999999873,16048.599999999873
2026-02-11 19:22:00,16048.599999999873,16048.599999999873
2026-02-11 20:22:00,16048.599999999873,16048.599999999873
2026-02-11 21:22:00,16048.599999999873,16048.599999999873
2026-02-11 22:22:00,16048.599999999873,16048.599999999873
2026-02-11 23:22:00,16048.599999999873,16048.599999999873
2026-02-12 01:23:00,16048.599999999873,16048.599999999873
2026-02-12 02:23:00,16048.599999999873,16048.599999999873
2026-02-12 03:23:00,16048.599999999873,16048.599999999873
2026-02-12 04:23:00,16048.599999999873,16048.599999999873
2026-02-12 05:23:00,16048.599999999873,16048.599999999873
2026-02-12 06:23:00,16048.599999999873,16048.599999999873
2026-02-12 07:23:00,16048.599999999873,16048.599999999873
2026-02-12 08:23:00,16048.599999999873,16048.599999999873
2026-02-12 09:23:00,16048.599999999873,16048.599999999873
2026-02-12 10:23:00,16048.599999999873,16048.599999999873
2026-02-12 11:23:00,16048.599999999873,16048.599999999873
2026-02-12 12:23:00,16067.099999999873,16158.029999999872
2026-02-12 13:23:00,16106.619999999873,16189.219999999876
2026-02-12 14:23:00,16106.619999999873,16189.869999999872
2026-02-12 15:23:00,16106.619999999873,16136.769999999873
2026-02-12 16:23:00,16106.119999999875,16106.119999999875
2026-02-12 17:23:00,16106.119999999875,16106.119999999875
2026-02-12 18:23:00,16106.119999999875,16106.119999999875
2026-02-12 19:23:00,16106.119999999875,16106.119999999875
2026-02-12 20:23:00,16106.119999999875,16106.119999999875
2026-02-12 21:23:00,16106.119999999875,16106.119999999875
2026-02-12 22:23:00,16106.119999999875,16106.119999999875
2026-02-12 23:23:00,16106.119999999875,16106.119999999875
2026-02-13 01:24:00,16106.119999999875,16106.119999999875
2026-02-13 02:24:00,16106.119999999875,16106.119999999875
2026-02-13 03:24:00,16106.119999999875,16106.119999999875
2026-02-13 04:24:00,16105.839999999875,16103.879999999874
2026-02-13 05:24:00,16105.839999999875,16118.939999999873
2026-02-13 06:24:00,16105.839999999875,16092.379999999874
2026-02-13 07:24:00,16105.839999999875,16105.859999999873
2026-02-13 08:24:00,16104.999999999874,16118.119999999875
2026-02-13 09:24:00,16104.999999999874,16162.039999999874
2026-02-13 10:24:00,16119.739999999874,16208.619999999873
2026-02-13 11:24:00,16119.739999999874,16208.019999999873
2026-02-13 12:24:00,16119.239999999878,16142.979999999878
2026-02-13 13:24:00,16119.239999999878,16205.199999999877
2026-02-13 14:24:00,16119.239999999878,16141.419999999876
2026-02-13 15:24:00,16119.239999999878,16144.759999999877
2026-02-13 16:24:00,16119.239999999878,16081.059999999878
2026-02-13 17:24:00,16119.239999999878,16079.419999999876
2026-02-13 18:24:00,16132.419999999878,16186.40999999988
2026-02-13 19:24:00,16160.459999999879,16199.41999999988
2026-02-13 20:24:00,16160.459999999879,16228.37999999988
2026-02-13 21:24:00,16100.789999999877,16269.869999999875
2026-02-13 22:24:00,16100.789999999877,16231.22999999988
2026-02-13 23:24:00,16100.789999999877,16232.72999999988
2026-02-16 01:25:00,16284.009999999878,16400.91999999988
2026-02-16 02:25:00,16284.009999999878,16347.759999999878
2026-02-16 03:25:00,16284.009999999878,16409.109999999877
2026-02-16 04:25:00,16284.009999999878,16385.469999999877
2026-02-16 05:25:00,16284.009999999878,16311.81999999988
2026-02-16 06:25:00,16283.709999999877,16283.709999999877
2026-02-16 07:25:00,16283.709999999877,16283.709999999877
2026-02-16 08:25:00,16283.709999999877,16283.709999999877
2026-02-16 09:25:00,16283.709999999877,16283.709999999877
2026-02-16 10:25:00,16344.109999999875,16390.00999999988
2026-02-16 11:25:00,16343.109999999871,16343.109999999871
2026-02-16 12:25:00,16343.109999999871,16343.109999999871
2026-02-16 13:25:00,16343.109999999871,16343.109999999871
2026-02-16 14:25:00,16343.109999999871,16343.109999999871
2026-02-16 15:25:00,16343.109999999871,16343.109999999871
2026-02-16 16:25:00,16343.109999999871,16343.109999999871
2026-02-16 17:25:00,16339.189999999873,16420.94999999985
2026-02-16 18:25:00,16339.189999999873,16501.029999999868
2026-02-16 19:25:00,16462.849999999875,16719.169999999867
2026-02-16 20:25:00,16462.849999999875,16752.289999999863
2026-02-16 21:25:00,16462.849999999875,16683.809999999867
2026-02-17 01:54:00,16454.849999999875,16720.449999999866
2026-02-17 02:54:00,16453.24999999987,16453.24999999987
2026-02-17 03:54:00,16453.24999999987,16453.24999999987
2026-02-17 04:54:00,16453.24999999987,16453.24999999987
2026-02-17 05:54:00,16453.24999999987,16453.24999999987
2026-02-17 06:54:00,16453.24999999987,16453.24999999987
2026-02-17 07:54:00,16453.24999999987,16453.24999999987
2026-02-17 08:54:00,16453.24999999987,16453.24999999987
2026-02-17 09:54:00,16453.24999999987,16453.24999999987
2026-02-17 10:54:00,16453.24999999987,16453.24999999987
2026-02-17 11:54:00,16453.24999999987,16453.24999999987
2026-02-17 12:54:00,16453.24999999987,16453.24999999987
2026-02-17 13:54:00,16453.24999999987,16453.24999999987
2026-02-17 14:54:00,16453.24999999987,16453.24999999987
2026-02-17 15:54:00,16453.24999999987,16453.24999999987
2026-02-17 16:54:00,16453.24999999987,16453.24999999987
2026-02-17 17:54:00,16453.24999999987,16453.24999999987
2026-02-17 18:54:00,16453.24999999987,16453.24999999987
2026-02-17 19:54:00,16453.24999999987,16453.24999999987
2026-02-17 20:54:00,16453.24999999987,16453.24999999987
2026-02-17 21:54:00,16453.24999999987,16453.24999999987
2026-02-17 22:54:00,16453.24999999987,16453.24999999987
2026-02-17 23:54:00,16453.24999999987,16453.24999999987
2026-02-18 01:55:00,16453.24999999987,16453.24999999987
2026-02-18 02:55:00,16453.24999999987,16453.24999999987
2026-02-18 03:55:00,16453.24999999987,16453.24999999987
2026-02-18 04:55:00,16453.24999999987,16453.24999999987
2026-02-18 05:55:00,16453.24999999987,16453.24999999987
2026-02-18 06:55:00,16453.24999999987,16453.24999999987
2026-02-18 07:55:00,16453.24999999987,16453.24999999987
2026-02-18 08:55:00,16453.24999999987,16453.24999999987
2026-02-18 09:55:00,16453.24999999987,16453.24999999987
2026-02-18 10:55:00,16453.24999999987,16453.24999999987
2026-02-18 11:55:00,16453.24999999987,16453.24999999987
2026-02-18 12:55:00,16453.24999999987,16453.24999999987
2026-02-18 13:55:00,16453.24999999987,16453.24999999987
2026-02-18 14:55:00,16453.24999999987,16453.24999999987
2026-02-18 15:55:00,16453.24999999987,16453.24999999987
2026-02-18 16:55:00,16453.24999999987,16453.24999999987
2026-02-18 17:55:00,16453.24999999987,16453.24999999987
2026-02-18 18:55:00,16453.24999999987,16453.24999999987
2026-02-18 19:55:00,16453.24999999987,16453.24999999987
2026-02-18 20:55:00,16453.24999999987,16453.24999999987
2026-02-18 21:55:00,16451.849999999868,16471.249999999873
2026-02-18 22:55:00,16451.849999999868,16475.149999999867
2026-02-18 23:55:00,16451.849999999868,16433.64999999987
2026-02-19 01:56:00,16293.64999999987,16293.64999999987
2026-02-19 02:56:00,16293.64999999987,16293.64999999987
2026-02-19 03:56:00,16293.64999999987,16293.64999999987
2026-02-19 04:56:00,16293.64999999987,16293.64999999987
2026-02-19 05:56:00,16293.64999999987,16293.64999999987
2026-02-19 06:56:00,16293.64999999987,16293.64999999987
2026-02-19 07:56:00,16293.64999999987,16293.64999999987
2026-02-19 08:56:00,16293.64999999987,16293.64999999987
2026-02-19 09:56:00,16293.64999999987,16293.64999999987
2026-02-19 10:56:00,16293.64999999987,16293.64999999987
2026-02-19 11:56:00,16293.64999999987,16293.64999999987
2026-02-19 12:56:00,16293.64999999987,16293.64999999987
2026-02-19 13:56:00,16293.64999999987,16293.64999999987
2026-02-19 14:56:00,16293.64999999987,16293.64999999987
2026-02-19 15:56:00,16293.64999999987,16293.64999999987
2026-02-19 16:56:00,16293.64999999987,16293.64999999987
2026-02-19 17:56:00,16293.64999999987,16293.64999999987
2026-02-19 18:56:00,16438.54999999987,16474.729999999872
2026-02-19 19:56:00,16437.649999999874,16437.649999999874
2026-02-19 20:56:00,16437.649999999874,16437.649999999874
2026-02-19 21:56:00,16437.649999999874,16437.649999999874
2026-02-19 22:56:00,16437.649999999874,16437.649999999874
2026-02-19 23:56:00,16437.649999999874,16437.649999999874
2026-02-20 01:57:00,16437.649999999874,16437.649999999874
2026-02-20 02:57:00,16437.649999999874,16437.649999999874
2026-02-20 03:57:00,16437.649999999874,16437.649999999874
2026-02-20 04:57:00,16437.649999999874,16437.649999999874
2026-02-20 05:57:00,16437.649999999874,16437.649999999874
2026-02-20 06:57:00,16437.649999999874,16437.649999999874
2026-02-20 07:57:00,16437.649999999874,16437.649999999874
2026-02-20 08:57:00,16437.649999999874,16437.649999999874
2026-02-20 09:57:00,16437.649999999874,16437.649999999874
2026-02-20 10:57:00,16437.649999999874,16437.649999999874
2026-02-20 11:57:00,16437.649999999874,16437.649999999874
2026-02-20 12:57:00,16437.649999999874,16437.649999999874
2026-02-20 13:57:00,16437.649999999874,16437.649999999874
2026-02-20 14:57:00,16437.649999999874,16437.649999999874
2026-02-20 15:57:00,16437.649999999874,16437.649999999874
2026-02-20 16:57:00,16437.649999999874,16437.649999999874
2026-02-20 17:57:00,16275.529999999875,16275.529999999875
2026-02-20 18:57:00,16275.529999999875,16275.529999999875
2026-02-20 19:57:00,16275.529999999875,16275.529999999875
2026-02-20 20:57:00,16275.529999999875,16275.529999999875
2026-02-20 21:57:00,16275.529999999875,16275.529999999875
2026-02-20 22:57:00,16275.529999999875,16275.529999999875
2026-02-20 23:57:00,16275.529999999875,16275.529999999875
2026-02-23 01:58:00,16275.529999999875,16275.529999999875
2026-02-23 02:58:00,16275.529999999875,16275.529999999875
2026-02-23 03:58:00,16275.529999999875,16275.529999999875
2026-02-23 04:58:00,16275.529999999875,16275.529999999875
2026-02-23 05:58:00,16275.529999999875,16275.529999999875
2026-02-23 06:58:00,16275.529999999875,16275.529999999875
2026-02-23 07:58:00,16275.529999999875,16275.529999999875
2026-02-23 08:58:00,16275.529999999875,16275.529999999875
2026-02-23 09:58:00,16275.529999999875,16275.529999999875
2026-02-23 10:58:00,16275.529999999875,16275.529999999875
2026-02-23 11:58:00,16275.529999999875,16275.529999999875
2026-02-23 12:58:00,16275.529999999875,16275.529999999875
2026-02-23 13:58:00,16275.529999999875,16275.529999999875
2026-02-23 14:58:00,16275.529999999875,16275.529999999875
2026-02-23 15:58:00,16275.529999999875,16275.529999999875
2026-02-23 16:58:00,16275.529999999875,16275.529999999875
2026-02-23 17:58:00,16275.529999999875,16275.529999999875
2026-02-23 18:58:00,16275.529999999875,16275.529999999875
2026-02-23 19:58:00,16273.289999999874,16451.689999999868
2026-02-23 20:58:00,16321.769999999873,16481.489999999878
2026-02-23 21:58:00,16321.769999999873,16557.329999999874
2026-02-23 22:58:00,16418.569999999872,16745.76999999987
2026-02-23 23:58:00,16434.07999999985,16687.039999999848
2026-02-24 01:59:00,16623.71999999985,16783.199999999848
2026-02-24 02:59:00,16623.71999999985,16735.75999999985
2026-02-24 03:59:00,16469.05999999985,16469.05999999985
2026-02-24 04:59:00,16469.05999999985,16469.05999999985
2026-02-24 05:59:00,16469.05999999985,16469.05999999985
2026-02-24 06:59:00,16469.05999999985,16469.05999999985
2026-02-24 07:59:00,16469.05999999985,16469.05999999985
2026-02-24 08:59:00,16469.05999999985,16469.05999999985
2026-02-24 09:59:00,16489.419999999842,16489.419999999842
2026-02-24 10:59:00,16489.419999999842,16489.419999999842
2026-02-24 11:59:00,16489.419999999842,16489.419999999842
2026-02-24 12:59:00,16489.419999999842,16489.419999999842
2026-02-24 13:59:00,16489.419999999842,16489.419999999842
2026-02-24 14:59:00,16489.419999999842,16489.419999999842
2026-02-24 15:59:00,16489.419999999842,16489.419999999842
2026-02-24 16:59:00,16489.419999999842,16489.419999999842
2026-02-24 17:59:00,16489.419999999842,16489.419999999842
2026-02-24 18:59:00,16489.419999999842,16489.419999999842
2026-02-24 19:59:00,16489.419999999842,16489.419999999842
2026-02-24 20:59:00,16489.419999999842,16489.419999999842
2026-02-24 21:59:00,16487.319999999843,16509.819999999843
2026-02-24 22:59:00,16543.299999999843,16651.029999999846
2026-02-25 01:00:00,16542.39999999985,16542.39999999985
2026-02-25 02:00:00,16542.39999999985,16542.39999999985
2026-02-25 03:00:00,16542.39999999985,16542.39999999985
2026-02-25 04:00:00,16542.39999999985,16542.39999999985
2026-02-25 05:00:00,16562.099999999853,16667.939999999853
2026-02-25 06:00:00,16562.099999999853,16627.899999999856
2026-02-25 07:00:00,16561.39999999986,16561.39999999986
2026-02-25 08:00:00,16561.39999999986,16561.39999999986
2026-02-25 09:00:00,16561.39999999986,16561.39999999986
2026-02-25 10:00:00,16561.39999999986,16561.39999999986
2026-02-25 11:00:00,16561.39999999986,16561.39999999986
2026-02-25 12:00:00,16561.39999999986,16561.39999999986
2026-02-25 13:00:00,16561.39999999986,16561.39999999986
2026-02-25 14:00:00,16561.39999999986,16561.39999999986
2026-02-25 15:00:00,16561.39999999986,16561.39999999986
2026-02-25 16:00:00,16561.39999999986,16561.39999999986
2026-02-25 17:00:00,16561.39999999986,16561.39999999986
2026-02-25 18:00:00,16561.39999999986,16561.39999999986
2026-02-25 19:00:00,16561.39999999986,16561.39999999986
2026-02-25 20:00:00,16623.269999999866,16698.269999999866
2026-02-25 21:00:00,16623.269999999866,16756.109999999862
2026-02-25 22:00:00,16709.91999999987,16780.689999999875
2026-02-25 23:00:00,16952.539999999877,16952.539999999877
2026-02-26 01:01:00,16952.539999999877,16952.539999999877
2026-02-26 02:01:00,16952.539999999877,16952.539999999877
2026-02-26 03:01:00,16952.539999999877,16952.539999999877
2026-02-26 04:01:00,16971.719999999877,17073.919999999882
2026-02-26 05:01:00,16971.019999999884,16971.019999999884
2026-02-26 06:01:00,16971.019999999884,16971.019999999884
2026-02-26 07:01:00,16971.019999999884,16971.019999999884
2026-02-26 08:01:00,16971.019999999884,16971.019999999884
2026-02-26 09:01:00,16971.019999999884,16971.019999999884
2026-02-26 10:01:00,16971.019999999884,16971.019999999884
2026-02-26 11:01:00,16971.019999999884,16971.019999999884
2026-02-26 12:01:00,16971.019999999884,16971.019999999884
2026-02-26 13:01:00,16971.019999999884,16971.019999999884
2026-02-26 14:01:00,16971.019999999884,16971.019999999884
2026-02-26 15:01:00,16971.019999999884,16971.019999999884
2026-02-26 16:01:00,16971.019999999884,16971.019999999884
2026-02-26 17:01:00,16971.019999999884,16971.019999999884
2026-02-26 18:01:00,16971.019999999884,16971.019999999884
2026-02-26 19:01:00,16971.019999999884,16971.019999999884
2026-02-26 20:01:00,16970.319999999883,16952.96999999988
2026-02-26 21:01:00,16970.319999999883,17026.019999999884
2026-02-26 22:01:00,16988.949999999884,17055.789999999884
2026-02-26 23:01:00,16988.949999999884,17088.309999999885
2026-02-27 01:02:00,16986.949999999884,17012.509999999886
2026-02-27 02:02:00,16986.949999999884,17023.949999999884
2026-02-27 03:02:00,16986.549999999886,16986.549999999886
2026-02-27 04:02:00,16824.049999999894,16824.049999999894
2026-02-27 05:02:00,16824.049999999894,16824.049999999894
2026-02-27 06:02:00,16824.049999999894,16824.049999999894
2026-02-27 07:02:00,16824.049999999894,16824.049999999894
2026-02-27 08:02:00,16824.049999999894,16824.049999999894
2026-02-27 09:02:00,16824.049999999894,16824.049999999894
2026-02-27 10:02:00,16824.049999999894,16824.049999999894
2026-02-27 11:02:00,16824.049999999894,16824.049999999894
2026-02-27 12:02:00,16824.049999999894,16824.049999999894
2026-02-27 13:02:00,16824.049999999894,16824.049999999894
2026-02-27 14:02:00,16824.049999999894,16824.049999999894
2026-02-27 15:02:00,16824.049999999894,16824.049999999894
2026-02-27 16:02:00,16824.049999999894,16824.049999999894
2026-02-27 17:02:00,16824.049999999894,16824.049999999894
2026-02-27 18:02:00,16824.049999999894,16824.049999999894
2026-02-27 19:02:00,16824.049999999894,16824.049999999894
2026-02-27 20:02:00,16824.049999999894,16824.049999999894
2026-02-27 21:02:00,16824.049999999894,16824.049999999894
2026-02-27 22:02:00,16824.049999999894,16824.049999999894
2026-02-27 23:02:00,16824.049999999894,16824.049999999894
2026-03-02 01:03:00,16824.049999999894,16824.049999999894
2026-03-02 02:03:00,16824.049999999894,16824.049999999894
2026-03-02 03:03:00,16823.489999999896,16722.749999999898
2026-03-02 04:03:00,16823.489999999896,16752.229999999898
2026-03-02 05:03:00,16823.489999999896,16868.269999999895
2026-03-02 06:03:00,16823.489999999896,16909.069999999898
2026-03-02 07:03:00,16823.489999999896,16862.629999999896
2026-03-02 08:03:00,16823.489999999896,16912.189999999897
2026-03-02 09:03:00,16823.489999999896,17008.829999999896
2026-03-02 10:03:00,16970.979999999898,17093.049999999897
2026-03-02 11:03:00,16970.979999999898,17078.7699999999
2026-03-02 12:03:00,16970.979999999898,17055.129999999896
2026-03-02 13:03:00,16970.979999999898,17064.5099999999
2026-03-02 14:03:00,16970.979999999898,17056.6099999999
2026-03-02 15:03:00,16970.979999999898,17084.849999999897
2026-03-02 16:03:00,16970.979999999898,17056.389999999898
2026-03-02 17:03:00,16970.779999999897,16970.779999999897
2026-03-02 18:03:00,16970.779999999897,16970.779999999897
2026-03-02 19:03:00,16970.779999999897,16970.779999999897
2026-03-02 20:03:00,16970.779999999897,16970.779999999897
2026-03-02 21:03:00,16970.779999999897,16970.779999999897
2026-03-02 22:03:00,16970.779999999897,16970.779999999897
2026-03-02 23:03:00,16970.779999999897,16970.779999999897
2026-03-03 01:04:00,16970.779999999897,16970.779999999897
2026-03-03 02:04:00,16970.779999999897,16970.779999999897
2026-03-03 03:04:00,16970.079999999896,16932.229999999898
2026-03-03 04:04:00,16990.229999999894,17020.869999999893
2026-03-03 05:04:00,16989.829999999896,16989.829999999896
2026-03-03 06:04:00,16989.829999999896,16989.829999999896
2026-03-03 07:04:00,16989.829999999896,16989.829999999896
2026-03-03 08:04:00,16989.829999999896,16989.829999999896
2026-03-03 09:04:00,16989.829999999896,16989.829999999896
2026-03-03 10:04:00,16989.829999999896,16989.829999999896
2026-03-03 11:04:00,16989.829999999896,16989.829999999896
2026-03-03 12:04:00,16989.829999999896,16989.829999999896
2026-03-03 13:04:00,16989.829999999896,16989.829999999896
2026-03-03 14:04:00,16989.829999999896,16989.829999999896
2026-03-03 15:04:00,16988.849999999897,16969.9499999999
2026-03-03 16:04:00,16827.079999999896,16827.079999999896
2026-03-03 17:04:00,16827.079999999896,16827.079999999896
2026-03-03 18:04:00,16669.2199999999,16669.2199999999
2026-03-03 19:04:00,16669.2199999999,16669.2199999999
2026-03-03 20:04:00,16669.2199999999,16669.2199999999
2026-03-03 21:04:00,16669.2199999999,16669.2199999999
2026-03-03 22:04:00,16669.2199999999,16669.2199999999
2026-03-03 23:04:00,16669.2199999999,16669.2199999999
2026-03-04 01:05:00,16669.2199999999,16669.2199999999
2026-03-04 02:05:00,16669.2199999999,16669.2199999999
2026-03-04 03:05:00,16669.2199999999,16669.2199999999
2026-03-04 04:05:00,16669.2199999999,16669.2199999999
2026-03-04 05:05:00,16669.2199999999,16669.2199999999
2026-03-04 06:05:00,16669.2199999999,16669.2199999999
2026-03-04 07:05:00,16669.2199999999,16669.2199999999
2026-03-04 08:05:00,16669.2199999999,16669.2199999999
2026-03-04 09:05:00,16669.2199999999,16669.2199999999
2026-03-04 10:05:00,16669.2199999999,16669.2199999999
2026-03-04 11:05:00,16669.2199999999,16669.2199999999
2026-03-04 12:05:00,16669.2199999999,16669.2199999999
2026-03-04 13:05:00,16669.2199999999,16669.2199999999
2026-03-04 14:05:00,16669.2199999999,16669.2199999999
2026-03-04 15:05:00,16669.2199999999,16669.2199999999
2026-03-04 16:05:00,16729.979999999898,16830.279999999897
2026-03-04 17:05:00,16728.979999999894,16728.979999999894
2026-03-04 18:05:00,16785.119999999893,16840.379999999896
2026-03-04 19:05:00,16785.119999999893,16871.99999999989
2026-03-04 20:05:00,16861.819999999894,16981.059999999892
2026-03-04 21:05:00,16861.819999999894,16993.019999999895
2026-03-04 22:05:00,16861.819999999894,16976.219999999896
2026-03-04 23:05:00,16861.819999999894,16956.019999999895
2026-03-05 01:06:00,16862.419999999893,16905.659999999894
2026-03-05 02:06:00,16862.019999999895,16862.019999999895
2026-03-05 03:06:00,16862.019999999895,16862.019999999895
2026-03-05 04:06:00,16862.019999999895,16862.019999999895
2026-03-05 05:06:00,16862.019999999895,16862.019999999895
2026-03-05 06:06:00,16862.019999999895,16862.019999999895
2026-03-05 07:06:00,16862.019999999895,16862.019999999895
2026-03-05 08:06:00,16862.019999999895,16862.019999999895
2026-03-05 09:06:00,16862.019999999895,16862.019999999895
2026-03-05 10:06:00,16862.019999999895,16862.019999999895
2026-03-05 11:06:00,16862.019999999895,16862.019999999895
2026-03-05 12:06:00,16862.019999999895,16862.019999999895
2026-03-05 13:06:00,16862.019999999895,16862.019999999895
2026-03-05 14:06:00,16862.019999999895,16862.019999999895
2026-03-05 15:06:00,16880.499999999884,16880.499999999884
2026-03-05 16:06:00,16880.499999999884,16880.499999999884
2026-03-05 17:06:00,16880.499999999884,16880.499999999884
2026-03-05 18:06:00,16880.499999999884,16880.499999999884
2026-03-05 19:06:00,16880.499999999884,16880.499999999884
2026-03-05 20:06:00,16880.499999999884,16880.499999999884
2026-03-05 21:06:00,16880.499999999884,16880.499999999884
2026-03-05 22:06:00,16880.499999999884,16880.499999999884
2026-03-05 23:06:00,16880.499999999884,16880.499999999884
2026-03-06 01:07:00,16880.499999999884,16880.499999999884
2026-03-06 02:07:00,16880.499999999884,16880.499999999884
2026-03-06 03:07:00,16880.499999999884,16880.499999999884
2026-03-06 04:07:00,16880.499999999884,16880.499999999884
2026-03-06 05:07:00,16880.499999999884,16880.499999999884
2026-03-06 06:07:00,16880.499999999884,16880.499999999884
2026-03-06 07:07:00,16880.499999999884,16880.499999999884
2026-03-06 08:07:00,16717.67999999988,16717.67999999988
2026-03-06 09:07:00,16717.67999999988,16717.67999999988
2026-03-06 10:07:00,16800.91999999989,16868.119999999893
2026-03-06 11:07:00,16800.319999999898,16800.319999999898
2026-03-06 12:07:00,16800.319999999898,16800.319999999898
2026-03-06 13:07:00,16800.319999999898,16800.319999999898
2026-03-06 14:07:00,16800.319999999898,16800.319999999898
2026-03-06 15:07:00,16800.319999999898,16800.319999999898
2026-03-06 16:07:00,16800.319999999898,16800.319999999898
2026-03-06 17:07:00,16800.319999999898,16800.319999999898
2026-03-06 18:07:00,16800.319999999898,16800.319999999898
2026-03-06 19:07:00,16816.5399999999,16826.5399999999
2026-03-06 20:07:00,16816.5399999999,16880.7799999999
2026-03-06 21:07:00,16850.3799999999,16966.7199999999
2026-03-06 22:07:00,16850.3799999999,16949.7099999999
2026-03-06 23:07:00,16850.3799999999,16965.0399999999
2026-03-09 00:08:00,16916.8599999999,16916.8599999999
2026-03-09 01:08:00,16916.8599999999,16916.8599999999
2026-03-09 02:08:00,16916.8599999999,16916.8599999999
2026-03-09 03:08:00,16916.8599999999,16916.8599999999
2026-03-09 04:08:00,16916.8599999999,16916.8599999999
2026-03-09 05:08:00,16916.8599999999,16916.8599999999
2026-03-09 06:08:00,16916.8599999999,16916.8599999999
2026-03-09 07:08:00,16916.8599999999,16916.8599999999
2026-03-09 08:08:00,16916.8599999999,16916.8599999999
2026-03-09 09:08:00,16916.8599999999,16916.8599999999
2026-03-09 10:08:00,16916.8599999999,16916.8599999999
2026-03-09 11:08:00,16916.8599999999,16916.8599999999
2026-03-09 12:08:00,16916.8599999999,16916.8599999999
2026-03-09 13:08:00,16916.8599999999,16916.8599999999
2026-03-09 14:08:00,16916.8599999999,16916.8599999999
2026-03-09 15:08:00,16916.8599999999,16916.8599999999
2026-03-09 16:08:00,16916.8599999999,16916.8599999999
2026-03-09 17:08:00,16916.8599999999,16916.8599999999
2026-03-09 18:08:00,16916.8599999999,16916.8599999999
2026-03-09 19:08:00,16916.8599999999,16916.8599999999
2026-03-09 20:08:00,16916.8599999999,16916.8599999999
2026-03-09 21:08:00,16916.8599999999,16916.8599999999
2026-03-09 22:08:00,16916.8599999999,16916.8599999999
2026-03-10 00:09:00,16916.8599999999,16916.8599999999
2026-03-10 01:09:00,16916.8599999999,16916.8599999999
2026-03-10 02:09:00,16916.8599999999,16916.8599999999
2026-03-10 03:09:00,16916.8599999999,16916.8599999999
2026-03-10 04:09:00,16916.8599999999,16916.8599999999
2026-03-10 05:09:00,16916.8599999999,16916.8599999999
2026-03-10 06:09:00,16916.8599999999,16916.8599999999
2026-03-10 07:09:00,16916.8599999999,16916.8599999999
2026-03-10 08:09:00,16916.8599999999,16916.8599999999
2026-03-10 09:09:00,16916.8599999999,16916.8599999999
2026-03-10 10:09:00,16916.8599999999,16916.8599999999
2026-03-10 11:09:00,16916.8599999999,16916.8599999999
2026-03-10 12:09:00,16916.8599999999,16916.8599999999
2026-03-10 13:09:00,16916.8599999999,16916.8599999999
2026-03-10 14:09:00,16916.8599999999,16916.8599999999
2026-03-10 15:09:00,16916.8599999999,16916.8599999999
2026-03-10 16:09:00,16916.8599999999,16916.8599999999
2026-03-10 17:09:00,16916.8599999999,16916.8599999999
2026-03-10 18:09:00,16916.8599999999,16916.8599999999
2026-03-10 19:09:00,16916.8599999999,16916.8599999999
2026-03-10 20:09:00,16916.8599999999,16916.8599999999
2026-03-10 21:09:00,16916.8599999999,16916.8599999999
2026-03-10 22:09:00,16916.8599999999,16916.8599999999
2026-03-11 00:10:00,16916.8599999999,16916.8599999999
2026-03-11 01:10:00,16916.8599999999,16916.8599999999
2026-03-11 02:10:00,16916.8599999999,16916.8599999999
2026-03-11 03:10:00,16916.8599999999,16916.8599999999
2026-03-11 04:10:00,16914.3399999999,16841.079999999904
2026-03-11 05:10:00,16981.019999999902,17090.419999999907
2026-03-11 06:10:00,16980.01999999991,16980.01999999991
2026-03-11 07:10:00,16980.01999999991,16980.01999999991
2026-03-11 08:10:00,16980.01999999991,16980.01999999991
2026-03-11 09:10:00,16980.01999999991,16980.01999999991
2026-03-11 10:10:00,16980.01999999991,16980.01999999991
2026-03-11 11:10:00,16980.01999999991,16980.01999999991
2026-03-11 12:10:00,16980.01999999991,16980.01999999991
2026-03-11 13:10:00,16980.01999999991,16980.01999999991
2026-03-11 14:10:00,16980.01999999991,16980.01999999991
2026-03-11 15:10:00,16980.01999999991,16980.01999999991
2026-03-11 16:10:00,16980.01999999991,16980.01999999991
2026-03-11 17:10:00,16980.01999999991,16980.01999999991
2026-03-11 18:10:00,16980.01999999991,16980.01999999991
2026-03-11 19:10:00,16980.01999999991,16980.01999999991
2026-03-11 20:10:00,17070.739999999907,17294.27999999991
2026-03-11 21:10:00,17112.289999999906,17320.84999999991
2026-03-11 22:10:00,17112.289999999906,17393.48999999991
2026-03-12 00:11:00,17104.289999999906,17293.329999999907
2026-03-12 01:11:00,17102.689999999908,17102.689999999908
2026-03-12 02:11:00,17102.689999999908,17102.689999999908
2026-03-12 03:11:00,17102.689999999908,17102.689999999908
2026-03-12 04:11:00,17102.689999999908,17102.689999999908
2026-03-12 05:11:00,17102.689999999908,17102.689999999908
2026-03-12 06:11:00,17102.689999999908,17102.689999999908
2026-03-12 07:11:00,17102.689999999908,17102.689999999908
2026-03-12 08:11:00,17102.689999999908,17102.689999999908
2026-03-12 09:11:00,17102.689999999908,17102.689999999908
2026-03-12 10:11:00,17102.689999999908,17102.689999999908
2026-03-12 11:11:00,17102.689999999908,17102.689999999908
2026-03-12 12:11:00,17102.689999999908,17102.689999999908
2026-03-12 13:11:00,17102.689999999908,17102.689999999908
2026-03-12 14:11:00,17102.689999999908,17102.689999999908
2026-03-12 15:11:00,17102.689999999908,17102.689999999908
2026-03-12 16:11:00,17102.689999999908,17102.689999999908
2026-03-12 17:11:00,17102.689999999908,17102.689999999908
2026-03-12 18:11:00,17102.689999999908,17102.689999999908
2026-03-12 19:11:00,17102.689999999908,17102.689999999908
2026-03-12 20:11:00,17102.689999999908,17102.689999999908
2026-03-12 21:11:00,17102.689999999908,17102.689999999908
2026-03-12 22:11:00,17102.689999999908,17102.689999999908
2026-03-13 00:12:00,17102.689999999908,17102.689999999908
2026-03-13 01:12:00,17102.689999999908,17102.689999999908
2026-03-13 02:12:00,17102.689999999908,17102.689999999908
2026-03-13 03:12:00,17102.689999999908,17102.689999999908
2026-03-13 04:12:00,17102.689999999908,17102.689999999908
2026-03-13 05:12:00,16934.20999999992,16934.20999999992
2026-03-13 06:12:00,16934.20999999992,16934.20999999992
2026-03-13 07:12:00,16934.20999999992,16934.20999999992
2026-03-13 08:12:00,16934.20999999992,16934.20999999992
2026-03-13 09:12:00,16934.20999999992,16934.20999999992
2026-03-13 10:12:00,16934.20999999992,16934.20999999992
2026-03-13 11:12:00,16934.20999999992,16934.20999999992
2026-03-13 12:12:00,16934.20999999992,16934.20999999992
2026-03-13 13:12:00,16934.20999999992,16934.20999999992
2026-03-13 14:12:00,16934.20999999992,16934.20999999992
2026-03-13 15:12:00,16934.20999999992,16934.20999999992
2026-03-13 16:12:00,16934.20999999992,16934.20999999992
2026-03-13 17:12:00,16933.089999999916,17097.969999999914
2026-03-13 18:12:00,16974.089999999924,16974.089999999924
2026-03-13 19:12:00,16974.089999999924,16974.089999999924
2026-03-13 20:12:00,16974.089999999924,16974.089999999924
2026-03-13 21:12:00,16974.089999999924,16974.089999999924
2026-03-13 22:12:00,16974.089999999924,16974.089999999924
2026-03-16 00:13:00,16974.089999999924,16974.089999999924
2026-03-16 01:13:00,16974.089999999924,16974.089999999924
2026-03-16 02:13:00,16974.089999999924,16974.089999999924
2026-03-16 03:13:00,16974.089999999924,16974.089999999924
2026-03-16 04:13:00,16974.089999999924,16974.089999999924
2026-03-16 05:13:00,16974.089999999924,16974.089999999924
2026-03-16 06:13:00,16974.089999999924,16974.089999999924
2026-03-16 07:13:00,16974.089999999924,16974.089999999924
2026-03-16 08:13:00,16974.089999999924,16974.089999999924
2026-03-16 09:13:00,16971.289999999924,16968.689999999922
2026-03-16 10:13:00,16803.089999999927,16803.089999999927
2026-03-16 11:13:00,16803.089999999927,16803.089999999927
2026-03-16 12:13:00,16803.089999999927,16803.089999999927
2026-03-16 13:13:00,16803.089999999927,16803.089999999927
2026-03-16 14:13:00,16803.089999999927,16803.089999999927
2026-03-16 15:13:00,16803.089999999927,16803.089999999927
2026-03-16 16:13:00,16803.089999999927,16803.089999999927
2026-03-16 17:13:00,16803.089999999927,16803.089999999927
2026-03-16 18:13:00,16803.089999999927,16803.089999999927
2026-03-16 19:13:00,16803.089999999927,16803.089999999927
2026-03-16 20:13:00,16803.089999999927,16803.089999999927
2026-03-16 21:13:00,16803.089999999927,16803.089999999927
2026-03-16 22:13:00,16803.089999999927,16803.089999999927
2026-03-17 00:14:00,16803.089999999927,16803.089999999927
2026-03-17 01:14:00,16803.089999999927,16803.089999999927
2026-03-17 02:14:00,16803.089999999927,16803.089999999927
2026-03-17 03:14:00,16803.089999999927,16803.089999999927
2026-03-17 04:14:00,16803.089999999927,16803.089999999927
2026-03-17 05:14:00,16803.089999999927,16803.089999999927
2026-03-17 06:14:00,16803.089999999927,16803.089999999927
2026-03-17 07:14:00,16803.089999999927,16803.089999999927
2026-03-17 08:14:00,17215.929999999935,17215.929999999935
2026-03-17 09:14:00,17215.929999999935,17215.929999999935
2026-03-17 10:14:00,17215.929999999935,17215.929999999935
2026-03-17 11:14:00,17215.929999999935,17215.929999999935
2026-03-17 12:14:00,17215.929999999935,17215.929999999935
2026-03-17 13:14:00,17215.929999999935,17215.929999999935
2026-03-17 14:14:00,17215.929999999935,17215.929999999935
2026-03-17 15:14:00,17215.929999999935,17215.929999999935
2026-03-17 16:14:00,17215.929999999935,17215.929999999935
2026-03-17 17:14:00,17215.929999999935,17215.929999999935
2026-03-17 18:14:00,17215.929999999935,17215.929999999935
2026-03-17 19:14:00,17215.929999999935,17215.929999999935
2026-03-17 20:14:00,17215.929999999935,17215.929999999935
2026-03-17 21:14:00,17215.929999999935,17215.929999999935
2026-03-17 22:14:00,17215.929999999935,17215.929999999935
2026-03-18 00:15:00,17215.929999999935,17215.929999999935
2026-03-18 01:15:00,17215.929999999935,17215.929999999935
2026-03-18 02:15:00,17215.929999999935,17215.929999999935
2026-03-18 03:15:00,17215.929999999935,17215.929999999935
2026-03-18 04:15:00,17215.929999999935,17215.929999999935
2026-03-18 05:15:00,17215.929999999935,17215.929999999935
2026-03-18 06:15:00,17215.929999999935,17215.929999999935
2026-03-18 07:15:00,17215.929999999935,17215.929999999935
2026-03-18 08:15:00,17215.929999999935,17215.929999999935
2026-03-18 09:15:00,17215.929999999935,17215.929999999935
2026-03-18 10:15:00,17215.929999999935,17215.929999999935
2026-03-18 11:15:00,17215.929999999935,17215.929999999935
2026-03-18 12:15:00,17286.23999999994,17311.759999999947
2026-03-18 13:15:00,17285.13999999995,17285.13999999995
2026-03-18 14:15:00,17285.13999999995,17285.13999999995
2026-03-18 15:15:00,17285.13999999995,17285.13999999995
2026-03-18 16:15:00,17285.13999999995,17285.13999999995
2026-03-18 17:15:00,17285.13999999995,17285.13999999995
2026-03-18 18:15:00,17285.13999999995,17285.13999999995
2026-03-18 19:15:00,17285.13999999995,17285.13999999995
2026-03-18 20:15:00,17285.13999999995,17285.13999999995
2026-03-18 21:15:00,17285.13999999995,17285.13999999995
2026-03-18 22:15:00,17285.13999999995,17285.13999999995
2026-03-19 00:16:00,17285.13999999995,17285.13999999995
2026-03-19 01:16:00,17285.13999999995,17285.13999999995
2026-03-19 02:16:00,17285.13999999995,17285.13999999995
2026-03-19 03:16:00,17285.13999999995,17285.13999999995
2026-03-19 04:16:00,17285.13999999995,17285.13999999995
2026-03-19 05:16:00,17285.13999999995,17285.13999999995
2026-03-19 06:16:00,17285.13999999995,17285.13999999995
2026-03-19 07:16:00,17285.13999999995,17285.13999999995
2026-03-19 08:16:00,17285.13999999995,17285.13999999995
2026-03-19 09:16:00,17285.13999999995,17285.13999999995
2026-03-19 10:16:00,17285.13999999995,17285.13999999995
2026-03-19 11:16:00,17285.13999999995,17285.13999999995
2026-03-19 12:16:00,17285.13999999995,17285.13999999995
2026-03-19 13:16:00,17285.13999999995,17285.13999999995
2026-03-19 14:16:00,17285.13999999995,17285.13999999995
2026-03-19 15:16:00,17285.13999999995,17285.13999999995
2026-03-19 16:16:00,17285.13999999995,17285.13999999995
2026-03-19 17:16:00,17285.13999999995,17285.13999999995
2026-03-19 18:16:00,17285.13999999995,17285.13999999995
2026-03-19 19:16:00,17285.13999999995,17285.13999999995
2026-03-19 20:16:00,17285.13999999995,17285.13999999995
2026-03-19 21:16:00,17285.13999999995,17285.13999999995
2026-03-19 22:16:00,17285.13999999995,17285.13999999995
2026-03-20 00:17:00,17285.13999999995,17285.13999999995
2026-03-20 01:17:00,17285.13999999995,17285.13999999995
2026-03-20 02:17:00,17283.87999999995,17189.109999999953
2026-03-20 03:17:00,17304.079999999947,17304.079999999947
2026-03-20 04:17:00,17304.079999999947,17304.079999999947
2026-03-20 05:17:00,17304.079999999947,17304.079999999947
2026-03-20 06:17:00,17304.079999999947,17304.079999999947
2026-03-20 07:17:00,17349.259999999947,17493.55999999996
2026-03-20 08:17:00,17398.09999999996,17398.09999999996
2026-03-20 09:17:00,17398.09999999996,17398.09999999996
2026-03-20 10:17:00,17398.09999999996,17398.09999999996
2026-03-20 11:17:00,17398.09999999996,17398.09999999996
2026-03-20 12:17:00,17398.09999999996,17398.09999999996
2026-03-20 13:17:00,17398.09999999996,17398.09999999996
2026-03-20 14:17:00,17398.09999999996,17398.09999999996
2026-03-20 15:17:00,17398.09999999996,17398.09999999996
2026-03-20 16:17:00,17398.09999999996,17398.09999999996
2026-03-20 17:17:00,17398.09999999996,17398.09999999996
2026-03-20 18:17:00,17398.09999999996,17398.09999999996
2026-03-20 19:17:00,17398.09999999996,17398.09999999996
2026-03-20 20:17:00,17398.09999999996,17398.09999999996
2026-03-20 21:17:00,17398.09999999996,17398.09999999996
2026-03-20 22:17:00,17398.09999999996,17398.09999999996
2026-03-23 00:18:00,17398.09999999996,17398.09999999996
2026-03-23 01:18:00,17398.09999999996,17398.09999999996
2026-03-23 02:18:00,17398.09999999996,17398.09999999996
2026-03-23 03:18:00,17398.09999999996,17398.09999999996
2026-03-23 04:18:00,17398.09999999996,17398.09999999996
2026-03-23 05:18:00,17398.09999999996,17398.09999999996
2026-03-23 06:18:00,17398.09999999996,17398.09999999996
2026-03-23 07:18:00,17398.09999999996,17398.09999999996
2026-03-23 08:18:00,17398.09999999996,17398.09999999996
2026-03-23 09:18:00,17398.09999999996,17398.09999999996
2026-03-23 10:18:00,17398.09999999996,17398.09999999996
2026-03-23 11:18:00,17397.11999999996,17405.44999999996
2026-03-23 12:18:00,17499.30999999996,17547.349999999962
2026-03-23 13:18:00,17498.909999999963,17498.909999999963
2026-03-23 14:18:00,17498.909999999963,17498.909999999963
2026-03-23 15:18:00,17498.909999999963,17498.909999999963
2026-03-23 16:18:00,17498.909999999963,17498.909999999963
2026-03-23 17:18:00,17498.909999999963,17498.909999999963
2026-03-23 18:18:00,17498.909999999963,17498.909999999963
2026-03-23 19:18:00,17498.909999999963,17498.909999999963
2026-03-23 20:18:00,17498.909999999963,17498.909999999963
2026-03-23 21:18:00,17498.909999999963,17498.909999999963
2026-03-23 22:18:00,17498.909999999963,17498.909999999963
2026-03-24 00:19:00,17498.909999999963,17498.909999999963
2026-03-24 01:19:00,17498.909999999963,17498.909999999963
2026-03-24 02:19:00,17498.909999999963,17498.909999999963
2026-03-24 03:19:00,17498.909999999963,17498.909999999963
2026-03-24 04:19:00,17498.909999999963,17498.909999999963
2026-03-24 05:19:00,17498.909999999963,17498.909999999963
2026-03-24 06:19:00,17497.789999999964,17475.229999999967
2026-03-24 07:19:00,17521.629999999976,17521.629999999976
2026-03-24 08:19:00,17521.629999999976,17521.629999999976
2026-03-24 09:19:00,17521.629999999976,17521.629999999976
2026-03-24 10:19:00,17521.629999999976,17521.629999999976
2026-03-24 11:19:00,17521.629999999976,17521.629999999976
2026-03-24 12:19:00,17521.629999999976,17521.629999999976
2026-03-24 13:19:00,17521.629999999976,17521.629999999976
2026-03-24 14:19:00,17521.629999999976,17521.629999999976
2026-03-24 15:19:00,17521.629999999976,17521.629999999976
2026-03-24 16:19:00,17521.629999999976,17521.629999999976
2026-03-24 17:19:00,17521.629999999976,17521.629999999976
2026-03-24 18:19:00,17521.629999999976,17521.629999999976
2026-03-24 19:19:00,17521.629999999976,17521.629999999976
2026-03-24 20:19:00,17534.259999999977,17646.339999999975
2026-03-24 21:19:00,17561.489999999976,17703.839999999975
2026-03-24 22:19:00,17561.489999999976,17712.689999999977
2026-03-25 00:20:00,17609.949999999975,18030.149999999972
2026-03-25 01:20:00,18045.589999999975,18045.589999999975
2026-03-25 02:20:00,18045.589999999975,18045.589999999975
2026-03-25 03:20:00,18220.76999999998,18391.35999999998
2026-03-25 04:20:00,18458.979999999985,18458.979999999985
2026-03-25 05:20:00,18458.979999999985,18458.979999999985
2026-03-25 06:20:00,18458.979999999985,18458.979999999985
2026-03-25 07:20:00,18458.979999999985,18458.979999999985
2026-03-25 08:20:00,18281.05999999999,18281.05999999999
2026-03-25 09:20:00,18281.05999999999,18281.05999999999
2026-03-25 10:20:00,18281.05999999999,18281.05999999999
2026-03-25 11:20:00,18281.05999999999,18281.05999999999
2026-03-25 12:20:00,18357.73999999999,18453.05999999999
2026-03-25 13:20:00,18357.73999999999,18504.09999999999
2026-03-25 14:20:00,18461.459999999992,18529.73999999999
2026-03-25 15:20:00,18276.859999999993,18276.859999999993
2026-03-25 16:20:00,18276.859999999993,18276.859999999993
2026-03-25 17:20:00,18276.859999999993,18276.859999999993
2026-03-25 18:20:00,18276.859999999993,18276.859999999993
2026-03-25 19:20:00,18276.859999999993,18276.859999999993
2026-03-25 20:20:00,18276.859999999993,18276.859999999993
2026-03-25 21:20:00,18276.859999999993,18276.859999999993
2026-03-25 22:20:00,18276.859999999993,18276.859999999993
2026-03-26 00:21:00,18276.859999999993,18276.859999999993
2026-03-26 01:21:00,18276.859999999993,18276.859999999993
2026-03-26 02:21:00,18276.859999999993,18276.859999999993
2026-03-26 03:21:00,18276.859999999993,18276.859999999993
2026-03-26 04:21:00,18276.859999999993,18276.859999999993
2026-03-26 05:21:00,18276.859999999993,18276.859999999993
2026-03-26 06:21:00,18276.859999999993,18276.859999999993
2026-03-26 07:21:00,18276.859999999993,18276.859999999993
2026-03-26 08:21:00,18276.299999999992,18211.33999999999
2026-03-26 09:21:00,18276.299999999992,18268.05999999999
2026-03-26 10:21:00,18276.299999999992,18262.17999999999
2026-03-26 11:21:00,18276.299999999992,18216.49999999999
2026-03-26 12:21:00,18276.299999999992,18235.57999999999
2026-03-26 13:21:00,18276.299999999992,18280.33999999999
2026-03-26 14:21:00,18276.299999999992,18235.979999999992
2026-03-26 15:21:00,18276.299999999992,18262.09999999999
2026-03-26 16:21:00,18276.299999999992,18297.57999999999
2026-03-26 17:21:00,18300.309999999998,18300.309999999998
2026-03-26 18:21:00,18300.309999999998,18300.309999999998
2026-03-26 19:21:00,18300.309999999998,18300.309999999998
2026-03-26 20:21:00,18300.309999999998,18300.309999999998
2026-03-26 21:21:00,18300.309999999998,18300.309999999998
2026-03-26 22:21:00,18300.309999999998,18300.309999999998
2026-03-27 00:22:00,18300.309999999998,18300.309999999998
2026-03-27 01:22:00,18300.309999999998,18300.309999999998
2026-03-27 02:22:00,18300.309999999998,18300.309999999998
2026-03-27 03:22:00,18300.309999999998,18300.309999999998
2026-03-27 04:22:00,18300.309999999998,18300.309999999998
2026-03-27 05:22:00,18300.309999999998,18300.309999999998
2026-03-27 06:22:00,18300.309999999998,18300.309999999998
2026-03-27 07:22:00,18300.309999999998,18300.309999999998
2026-03-27 08:22:00,18300.309999999998,18300.309999999998
2026-03-27 09:22:00,18300.309999999998,18300.309999999998
2026-03-27 10:22:00,18300.309999999998,18300.309999999998
2026-03-27 11:22:00,18300.309999999998,18300.309999999998
2026-03-27 12:22:00,18300.309999999998,18300.309999999998
2026-03-27 13:22:00,18300.309999999998,18300.309999999998
2026-03-27 14:22:00,18300.309999999998,18300.309999999998
2026-03-27 15:22:00,18300.309999999998,18300.309999999998
2026-03-27 16:22:00,18300.309999999998,18300.309999999998
2026-03-27 17:22:00,18300.309999999998,18300.309999999998
2026-03-27 18:22:00,18300.309999999998,18300.309999999998
2026-03-27 19:22:00,18298.769999999997,18248.61
2026-03-27 20:22:00,18298.769999999997,18359.159999999996
2026-03-27 21:22:00,18336.809999999998,18518.969999999994
2026-03-27 22:22:00,18335.910000000007,18335.910000000007
2026-03-30 01:23:00,18335.910000000007,18335.910000000007
2026-03-30 02:23:00,18335.910000000007,18335.910000000007
2026-03-30 03:23:00,18333.81000000001,18355.71000000001
2026-03-30 04:23:00,18484.80000000001,18484.80000000001
2026-03-30 05:23:00,18484.80000000001,18484.80000000001
2026-03-30 06:23:00,18484.80000000001,18484.80000000001
2026-03-30 07:23:00,18484.80000000001,18484.80000000001
2026-03-30 08:23:00,18484.80000000001,18484.80000000001
2026-03-30 09:23:00,18484.80000000001,18484.80000000001
2026-03-30 10:23:00,18484.80000000001,18484.80000000001
2026-03-30 11:23:00,18484.80000000001,18484.80000000001
2026-03-30 12:23:00,18484.80000000001,18484.80000000001
2026-03-30 13:23:00,18484.80000000001,18484.80000000001
2026-03-30 14:23:00,18484.80000000001,18484.80000000001
2026-03-30 15:23:00,18484.80000000001,18484.80000000001
2026-03-30 16:23:00,18484.80000000001,18484.80000000001
2026-03-30 17:23:00,18484.80000000001,18484.80000000001
2026-03-30 18:23:00,18484.80000000001,18484.80000000001
2026-03-30 19:23:00,18484.80000000001,18484.80000000001
2026-03-30 20:23:00,18484.80000000001,18484.80000000001
2026-03-30 21:23:00,18484.80000000001,18484.80000000001
2026-03-30 22:23:00,18484.80000000001,18484.80000000001
2026-03-30 23:23:00,18484.80000000001,18484.80000000001
2026-03-31 01:24:00,18484.80000000001,18484.80000000001
2026-03-31 02:24:00,18484.80000000001,18484.80000000001
2026-03-31 03:24:00,18484.80000000001,18484.80000000001
2026-03-31 04:24:00,18484.80000000001,18484.80000000001
2026-03-31 05:24:00,18484.80000000001,18484.80000000001
2026-03-31 06:24:00,18482.70000000001,18292.050000000014
2026-03-31 07:24:00,18318.900000000012,18267.510000000013
2026-03-31 08:24:00,18318.900000000012,18304.95000000002
2026-03-31 09:24:00,18341.72000000002,18341.72000000002
2026-03-31 10:24:00,18363.78000000002,18418.180000000015
2026-03-31 11:24:00,18513.73000000002,18639.370000000017
2026-03-31 12:24:00,18513.73000000002,18633.19000000002
2026-03-31 13:24:00,18513.73000000002,18580.15000000002
2026-03-31 14:24:00,18513.13000000002,18513.13000000002
2026-03-31 15:24:00,18513.13000000002,18513.13000000002
2026-03-31 16:24:00,18513.13000000002,18513.13000000002
2026-03-31 17:24:00,18513.13000000002,18513.13000000002
2026-03-31 18:24:00,18513.13000000002,18513.13000000002
2026-03-31 19:24:00,18513.13000000002,18513.13000000002
2026-03-31 20:24:00,18513.13000000002,18513.13000000002
2026-03-31 21:24:00,18513.13000000002,18513.13000000002
2026-03-31 22:24:00,18513.13000000002,18513.13000000002
2026-03-31 23:24:00,18513.13000000002,18513.13000000002
2026-04-01 01:25:00,18513.13000000002,18513.13000000002
2026-04-01 02:25:00,18513.13000000002,18513.13000000002
2026-04-01 03:25:00,18513.13000000002,18513.13000000002
2026-04-01 04:25:00,18513.13000000002,18513.13000000002
2026-04-01 05:25:00,18513.13000000002,18513.13000000002
2026-04-01 06:25:00,18513.13000000002,18513.13000000002
2026-04-01 07:25:00,18513.13000000002,18513.13000000002
2026-04-01 08:25:00,18513.13000000002,18513.13000000002
2026-04-01 09:25:00,18513.13000000002,18513.13000000002
2026-04-01 10:25:00,18533.74000000002,18533.74000000002
2026-04-01 11:25:00,18533.74000000002,18533.74000000002
2026-04-01 12:25:00,18533.74000000002,18533.74000000002
2026-04-01 13:25:00,18533.74000000002,18533.74000000002
2026-04-01 14:25:00,18533.74000000002,18533.74000000002
2026-04-01 15:25:00,18533.74000000002,18533.74000000002
2026-04-01 16:25:00,18533.74000000002,18533.74000000002
2026-04-01 17:25:00,18533.74000000002,18533.74000000002
2026-04-01 18:25:00,18533.74000000002,18533.74000000002
2026-04-01 19:25:00,18533.18000000002,18558.060000000016
2026-04-01 20:25:00,18533.18000000002,18521.740000000016
2026-04-01 21:25:00,18558.75000000002,18637.530000000017
2026-04-01 22:25:00,18558.75000000002,18620.580000000016
2026-04-01 23:25:00,18558.75000000002,18617.010000000017
2026-04-02 01:26:00,18559.20000000002,18596.79000000002
2026-04-02 02:26:00,18558.900000000023,18558.900000000023
2026-04-02 03:26:00,18373.68000000002,18373.68000000002
2026-04-02 04:26:00,18373.68000000002,18373.68000000002
2026-04-02 05:26:00,18373.68000000002,18373.68000000002
2026-04-02 06:26:00,18373.68000000002,18373.68000000002
2026-04-02 07:26:00,18373.68000000002,18373.68000000002
2026-04-02 08:26:00,18373.68000000002,18373.68000000002
2026-04-02 09:26:00,18373.68000000002,18373.68000000002
2026-04-02 10:26:00,18373.68000000002,18373.68000000002
2026-04-02 11:26:00,18373.68000000002,18373.68000000002
2026-04-02 12:26:00,18373.68000000002,18373.68000000002
2026-04-02 13:26:00,18373.68000000002,18373.68000000002
2026-04-02 14:26:00,18373.68000000002,18373.68000000002
2026-04-02 15:26:00,18373.68000000002,18373.68000000002
2026-04-02 16:26:00,18373.68000000002,18373.68000000002
2026-04-02 17:26:00,18373.68000000002,18373.68000000002
2026-04-02 18:26:00,18373.68000000002,18373.68000000002
2026-04-02 19:26:00,18373.68000000002,18373.68000000002
2026-04-02 20:26:00,18373.68000000002,18373.68000000002
2026-04-02 21:26:00,18373.68000000002,18373.68000000002
2026-04-02 22:26:00,18373.68000000002,18373.68000000002
2026-04-02 23:26:00,18373.68000000002,18373.68000000002
2026-04-06 01:27:00,18373.120000000017,18411.360000000015
2026-04-06 02:27:00,18457.030000000017,18457.030000000017
2026-04-06 03:27:00,18457.030000000017,18457.030000000017
2026-04-06 04:27:00,18457.030000000017,18457.030000000017
2026-04-06 05:27:00,18457.030000000017,18457.030000000017
2026-04-06 06:27:00,18457.030000000017,18457.030000000017
2026-04-06 07:27:00,18457.030000000017,18457.030000000017
2026-04-06 08:27:00,18457.030000000017,18457.030000000017
2026-04-06 09:27:00,18457.030000000017,18457.030000000017
2026-04-06 10:27:00,18519.99000000001,18519.99000000001
2026-04-06 11:27:00,18519.99000000001,18519.99000000001
2026-04-06 12:27:00,18519.99000000001,18519.99000000001
2026-04-06 13:27:00,18519.71000000001,18552.19000000001
2026-04-06 14:27:00,18519.71000000001,18548.930000000008
2026-04-06 15:27:00,18519.71000000001,18595.49000000001
2026-04-06 16:27:00,18519.71000000001,18583.13000000001
2026-04-06 17:27:00,18519.71000000001,18556.55000000001
2026-04-06 18:27:00,18519.71000000001,18593.790000000008
2026-04-06 19:27:00,18519.71000000001,18593.05000000001
2026-04-06 20:27:00,18519.71000000001,18609.15000000001
2026-04-06 21:27:00,18519.71000000001,18600.19000000001
2026-04-06 22:27:00,18519.71000000001,18629.15000000001
2026-04-06 23:27:00,18519.71000000001,18613.290000000008
2026-04-07 01:28:00,18520.01000000001,18606.070000000007
2026-04-07 02:28:00,18520.01000000001,18616.65000000001
2026-04-07 03:28:00,18520.01000000001,18610.81000000001
2026-04-07 04:28:00,18520.01000000001,18622.270000000008
2026-04-07 05:28:00,18605.65000000001,18676.140000000007
2026-04-07 06:28:00,18605.65000000001,18666.020000000008
2026-04-07 07:28:00,18605.65000000001,18659.58000000001
2026-04-07 08:28:00,18605.65000000001,18677.160000000007
2026-04-07 09:28:00,18605.65000000001,18667.83000000001
2026-04-07 10:28:00,18605.65000000001,18668.200000000008
2026-04-07 11:28:00,18605.65000000001,18630.24000000001
2026-04-07 12:28:00,18605.65000000001,18620.250000000007
2026-04-07 13:28:00,18605.65000000001,18642.350000000006
2026-04-07 14:28:00,18605.65000000001,18658.540000000008
2026-04-07 15:28:00,18605.65000000001,18643.710000000006
2026-04-07 16:28:00,18605.65000000001,18650.40000000001
2026-04-07 17:28:00,18605.65000000001,18668.590000000007
2026-04-07 18:28:00,18605.65000000001,18659.610000000008
2026-04-07 19:28:00,18605.65000000001,18648.230000000007
2026-04-07 20:28:00,18605.65000000001,18651.80000000001
2026-04-07 21:28:00,18605.65000000001,18630.000000000007
2026-04-07 22:28:00,18605.65000000001,18618.890000000007
2026-04-07 23:28:00,18605.27000000001,18604.87000000001
2026-04-08 01:29:00,18606.170000000013,18558.670000000013
2026-04-08 02:29:00,18287.37000000002,18287.37000000002
2026-04-08 03:29:00,18287.37000000002,18287.37000000002
2026-04-08 04:29:00,18286.250000000022,18232.810000000027
2026-04-08 05:29:00,18311.250000000022,18376.050000000025
2026-04-08 06:29:00,18310.65000000003,18310.65000000003
2026-04-08 07:29:00,18310.65000000003,18310.65000000003
2026-04-08 08:29:00,18310.65000000003,18310.65000000003
2026-04-08 09:29:00,18310.65000000003,18310.65000000003
2026-04-08 10:29:00,18310.65000000003,18310.65000000003
2026-04-08 11:29:00,18310.65000000003,18310.65000000003
2026-04-08 12:29:00,18310.65000000003,18310.65000000003
2026-04-08 13:29:00,18310.65000000003,18310.65000000003
2026-04-08 14:29:00,18310.65000000003,18310.65000000003
2026-04-08 15:29:00,18310.65000000003,18310.65000000003
2026-04-08 16:29:00,18310.65000000003,18310.65000000003
2026-04-08 17:29:00,18310.65000000003,18310.65000000003
2026-04-08 18:29:00,18152.070000000036,18152.070000000036
2026-04-08 19:29:00,18152.070000000036,18152.070000000036
2026-04-08 20:29:00,18152.070000000036,18152.070000000036
2026-04-08 21:29:00,18152.070000000036,18152.070000000036
2026-04-08 22:29:00,18152.070000000036,18152.070000000036
2026-04-08 23:29:00,18152.070000000036,18152.070000000036
2026-04-09 01:30:00,18152.070000000036,18152.070000000036
2026-04-09 02:30:00,18152.070000000036,18152.070000000036
2026-04-09 03:30:00,18152.070000000036,18152.070000000036
2026-04-09 04:30:00,18152.070000000036,18152.070000000036
2026-04-09 05:30:00,18152.070000000036,18152.070000000036
2026-04-09 06:30:00,18152.070000000036,18152.070000000036
2026-04-09 07:30:00,18152.070000000036,18152.070000000036
2026-04-09 08:30:00,18152.070000000036,18152.070000000036
2026-04-09 09:30:00,18152.070000000036,18152.070000000036
2026-04-09 10:30:00,18152.070000000036,18152.070000000036
2026-04-09 11:30:00,18152.070000000036,18152.070000000036
2026-04-09 12:30:00,18152.070000000036,18152.070000000036
2026-04-09 13:30:00,18149.410000000036,18020.210000000032
2026-04-09 14:30:00,17974.61000000004,17974.61000000004
2026-04-09 15:30:00,17974.61000000004,17974.61000000004
2026-04-09 16:30:00,17974.61000000004,17974.61000000004
2026-04-09 17:30:00,17974.61000000004,17974.61000000004
2026-04-09 18:30:00,17974.61000000004,17974.61000000004
2026-04-09 19:30:00,17974.61000000004,17974.61000000004
2026-04-09 20:30:00,17974.61000000004,17974.61000000004
2026-04-09 21:30:00,17974.61000000004,17974.61000000004
2026-04-09 22:30:00,17974.61000000004,17974.61000000004
2026-04-09 23:30:00,17974.61000000004,17974.61000000004
2026-04-10 01:31:00,17974.61000000004,17974.61000000004
2026-04-10 02:31:00,17974.61000000004,17974.61000000004
2026-04-10 03:31:00,17974.61000000004,17974.61000000004
2026-04-10 04:31:00,17974.61000000004,17974.61000000004
2026-04-10 05:31:00,17974.61000000004,17974.61000000004
2026-04-10 06:31:00,17974.61000000004,17974.61000000004
2026-04-10 07:31:00,17974.61000000004,17974.61000000004
2026-04-10 08:31:00,17974.61000000004,17974.61000000004
2026-04-10 09:31:00,17991.32000000003,17991.32000000003
2026-04-10 10:31:00,17991.32000000003,17991.32000000003
2026-04-10 11:31:00,17991.32000000003,17991.32000000003
2026-04-10 12:31:00,17991.32000000003,17991.32000000003
2026-04-10 13:31:00,17991.32000000003,17991.32000000003
2026-04-10 14:31:00,17991.32000000003,17991.32000000003
2026-04-10 15:31:00,17991.32000000003,17991.32000000003
2026-04-10 16:31:00,17991.32000000003,17991.32000000003
2026-04-10 17:31:00,17991.32000000003,17991.32000000003
2026-04-10 18:31:00,17991.32000000003,17991.32000000003
2026-04-10 19:31:00,18060.970000000038,18224.49000000004
2026-04-10 20:31:00,18159.39000000004,18257.40000000004
2026-04-10 21:31:00,18158.490000000045,18158.490000000045
2026-04-10 22:31:00,18158.490000000045,18158.490000000045
2026-04-10 23:31:00,18158.490000000045,18158.490000000045
2026-04-13 01:32:00,18158.490000000045,18158.490000000045
2026-04-13 02:32:00,18158.490000000045,18158.490000000045
2026-04-13 03:32:00,18158.490000000045,18158.490000000045
2026-04-13 04:32:00,18158.490000000045,18158.490000000045
2026-04-13 05:32:00,18158.490000000045,18158.490000000045
2026-04-13 06:32:00,18158.490000000045,18158.490000000045
2026-04-13 07:32:00,18158.490000000045,18158.490000000045
2026-04-13 08:32:00,18158.490000000045,18158.490000000045
2026-04-13 09:32:00,18158.490000000045,18158.490000000045
2026-04-13 10:32:00,18158.490000000045,18158.490000000045
2026-04-13 11:32:00,18158.490000000045,18158.490000000045
2026-04-13 12:32:00,18158.490000000045,18158.490000000045
2026-04-13 13:32:00,18158.490000000045,18158.490000000045
2026-04-13 14:32:00,18158.490000000045,18158.490000000045
2026-04-13 15:32:00,18158.490000000045,18158.490000000045
2026-04-13 16:32:00,18158.490000000045,18158.490000000045
2026-04-13 17:32:00,18158.490000000045,18158.490000000045
2026-04-13 18:32:00,18158.490000000045,18158.490000000045
2026-04-13 19:32:00,18156.250000000044,18135.45000000004
2026-04-13 20:32:00,17978.970000000045,17978.970000000045
2026-04-13 21:32:00,17978.970000000045,17978.970000000045
2026-04-13 22:32:00,17978.970000000045,17978.970000000045
2026-04-13 23:32:00,17978.970000000045,17978.970000000045
2026-04-14 01:33:00,17978.970000000045,17978.970000000045
2026-04-14 02:33:00,17978.970000000045,17978.970000000045
2026-04-14 03:33:00,17978.970000000045,17978.970000000045
2026-04-14 04:33:00,17978.970000000045,17978.970000000045
2026-04-14 05:33:00,17978.970000000045,17978.970000000045
2026-04-14 06:33:00,17978.970000000045,17978.970000000045
2026-04-14 07:33:00,17978.970000000045,17978.970000000045
2026-04-14 08:33:00,17978.970000000045,17978.970000000045
2026-04-14 09:33:00,17978.970000000045,17978.970000000045
2026-04-14 10:33:00,17978.970000000045,17978.970000000045
2026-04-14 11:33:00,17978.970000000045,17978.970000000045
2026-04-14 12:33:00,17978.970000000045,17978.970000000045
2026-04-14 13:33:00,17978.970000000045,17978.970000000045
2026-04-14 14:33:00,17978.970000000045,17978.970000000045
2026-04-14 15:33:00,17978.970000000045,17978.970000000045
2026-04-14 16:33:00,17978.970000000045,17978.970000000045
2026-04-14 17:33:00,17978.970000000045,17978.970000000045
2026-04-14 18:33:00,17978.970000000045,17978.970000000045
2026-04-14 19:33:00,17978.970000000045,17978.970000000045
2026-04-14 20:33:00,17978.970000000045,17978.970000000045
2026-04-14 21:33:00,17978.970000000045,17978.970000000045
2026-04-14 22:33:00,17978.970000000045,17978.970000000045
2026-04-14 23:33:00,17978.970000000045,17978.970000000045
2026-04-15 01:34:00,17978.970000000045,17978.970000000045
2026-04-15 02:34:00,17978.970000000045,17978.970000000045
2026-04-15 03:34:00,17978.970000000045,17978.970000000045
2026-04-15 04:34:00,17978.970000000045,17978.970000000045
2026-04-15 05:34:00,17978.970000000045,17978.970000000045
2026-04-15 06:34:00,17978.970000000045,17978.970000000045
2026-04-15 07:34:00,17978.970000000045,17978.970000000045
2026-04-15 08:34:00,17978.970000000045,17978.970000000045
2026-04-15 09:34:00,17998.54000000006,17998.54000000006
2026-04-15 10:34:00,17998.54000000006,17998.54000000006
2026-04-15 11:34:00,17998.54000000006,17998.54000000006
2026-04-15 12:34:00,17998.54000000006,17998.54000000006
2026-04-15 13:34:00,17998.54000000006,17998.54000000006
2026-04-15 14:34:00,17998.54000000006,17998.54000000006
2026-04-15 15:34:00,17995.74000000006,17916.340000000055
2026-04-15 16:34:00,17818.340000000066,17818.340000000066
2026-04-15 17:34:00,17818.340000000066,17818.340000000066
2026-04-15 18:34:00,17818.340000000066,17818.340000000066
2026-04-15 19:34:00,17818.340000000066,17818.340000000066
2026-04-15 20:34:00,17818.340000000066,17818.340000000066
2026-04-15 21:34:00,17818.340000000066,17818.340000000066
2026-04-15 22:34:00,17818.340000000066,17818.340000000066
2026-04-15 23:34:00,17818.340000000066,17818.340000000066
2026-04-16 01:35:00,17818.340000000066,17818.340000000066
2026-04-16 02:35:00,17818.340000000066,17818.340000000066
2026-04-16 03:35:00,17818.340000000066,17818.340000000066
2026-04-16 04:35:00,17818.340000000066,17818.340000000066
2026-04-16 05:35:00,17818.340000000066,17818.340000000066
2026-04-16 06:35:00,17818.340000000066,17818.340000000066
2026-04-16 07:35:00,17818.340000000066,17818.340000000066
2026-04-16 08:35:00,17818.340000000066,17818.340000000066
2026-04-16 09:35:00,17818.340000000066,17818.340000000066
2026-04-16 10:35:00,17818.340000000066,17818.340000000066
2026-04-16 11:35:00,17818.340000000066,17818.340000000066
2026-04-16 12:35:00,17818.340000000066,17818.340000000066
2026-04-16 13:35:00,17818.340000000066,17818.340000000066
2026-04-16 14:35:00,17818.340000000066,17818.340000000066
2026-04-16 15:35:00,17836.880000000056,17836.880000000056
2026-04-16 16:35:00,17836.880000000056,17836.880000000056
2026-04-16 17:35:00,17836.880000000056,17836.880000000056
2026-04-16 18:35:00,17836.880000000056,17836.880000000056
2026-04-16 19:35:00,17836.880000000056,17836.880000000056
2026-04-16 20:35:00,17836.880000000056,17836.880000000056
2026-04-16 21:35:00,17836.880000000056,17836.880000000056
2026-04-16 22:35:00,17836.880000000056,17836.880000000056
2026-04-16 23:35:00,17836.880000000056,17836.880000000056
2026-04-17 01:36:00,17836.880000000056,17836.880000000056
2026-04-17 02:36:00,17836.880000000056,17836.880000000056
2026-04-17 03:36:00,17836.880000000056,17836.880000000056
2026-04-17 04:36:00,17836.880000000056,17836.880000000056
2026-04-17 05:36:00,17836.880000000056,17836.880000000056
2026-04-17 06:36:00,17909.100000000053,17992.95000000005
2026-04-17 07:36:00,17909.100000000053,18060.420000000056
2026-04-17 08:36:00,18010.020000000055,18100.25000000006
2026-04-17 09:36:00,18009.320000000058,18009.320000000058
2026-04-17 10:36:00,18009.320000000058,18009.320000000058
2026-04-17 11:36:00,18009.320000000058,18009.320000000058
2026-04-17 12:36:00,18009.320000000058,18009.320000000058
2026-04-17 13:36:00,18009.320000000058,18009.320000000058
2026-04-17 14:36:00,18009.320000000058,18009.320000000058
2026-04-17 15:36:00,18009.320000000058,18009.320000000058
2026-04-17 16:36:00,18009.320000000058,18009.320000000058
2026-04-17 17:36:00,18009.320000000058,18009.320000000058
2026-04-17 18:36:00,18009.320000000058,18009.320000000058
2026-04-17 19:36:00,18009.320000000058,18009.320000000058
2026-04-17 20:36:00,18009.320000000058,18009.320000000058
2026-04-17 21:36:00,18009.320000000058,18009.320000000058
2026-04-17 22:36:00,18009.320000000058,18009.320000000058
2026-04-17 23:36:00,18009.320000000058,18009.320000000058
2026-04-20 01:37:00,18009.320000000058,18009.320000000058
2026-04-20 02:37:00,18009.320000000058,18009.320000000058
2026-04-20 03:37:00,18009.320000000058,18009.320000000058
2026-04-20 04:37:00,18009.320000000058,18009.320000000058
2026-04-20 05:37:00,18009.320000000058,18009.320000000058
2026-04-20 06:37:00,18009.320000000058,18009.320000000058
2026-04-20 07:37:00,18007.640000000058,18011.120000000057
2026-04-20 08:37:00,18007.640000000058,18087.440000000053
2026-04-20 09:37:00,18081.54000000005,18155.31000000005
2026-04-20 10:37:00,18210.840000000055,18333.230000000054
2026-04-20 11:37:00,18209.940000000057,18268.04000000006
2026-04-20 12:37:00,18209.940000000057,18241.51000000006
2026-04-20 13:37:00,18209.940000000057,18315.080000000053
2026-04-20 14:37:00,18209.940000000057,18276.090000000055
2026-04-20 15:37:00,18265.520000000044,18265.520000000044
2026-04-20 16:37:00,18283.580000000038,18283.580000000038
2026-04-20 17:37:00,18283.580000000038,18283.580000000038
2026-04-20 18:37:00,18283.580000000038,18283.580000000038
2026-04-20 19:37:00,18283.580000000038,18283.580000000038
2026-04-20 20:37:00,18283.580000000038,18283.580000000038
2026-04-20 21:37:00,18281.200000000037,18289.36000000003
2026-04-20 22:37:00,18281.200000000037,18298.030000000035
2026-04-20 23:37:00,18281.200000000037,18236.490000000034
2026-04-21 01:38:00,18098.62000000004,18098.62000000004
2026-04-21 02:38:00,18098.62000000004,18098.62000000004
2026-04-21 03:38:00,18098.62000000004,18098.62000000004
2026-04-21 04:38:00,18098.62000000004,18098.62000000004
2026-04-21 05:38:00,18098.62000000004,18098.62000000004
2026-04-21 06:38:00,18098.62000000004,18098.62000000004
2026-04-21 07:38:00,18098.62000000004,18098.62000000004
2026-04-21 08:38:00,18098.62000000004,18098.62000000004
2026-04-21 09:38:00,18098.62000000004,18098.62000000004
2026-04-21 10:38:00,18098.62000000004,18098.62000000004
2026-04-21 11:38:00,18098.62000000004,18098.62000000004
2026-04-21 12:38:00,18098.62000000004,18098.62000000004
2026-04-21 13:38:00,18098.62000000004,18098.62000000004
2026-04-21 14:38:00,18098.62000000004,18098.62000000004
2026-04-21 15:38:00,18259.420000000042,18367.330000000038
2026-04-21 16:38:00,18258.520000000048,18258.520000000048
2026-04-21 17:38:00,18258.520000000048,18258.520000000048
2026-04-21 18:38:00,18256.980000000047,18299.990000000045
2026-04-21 19:38:00,18311.840000000047,18480.400000000045
2026-04-21 20:38:00,18385.000000000047,18572.700000000048
2026-04-21 21:38:00,18385.000000000047,18603.750000000047
2026-04-21 22:38:00,18385.000000000047,18609.050000000047
2026-04-21 23:38:00,18750.75000000005,18750.75000000005
2026-04-22 01:39:00,18750.75000000005,18750.75000000005
2026-04-22 02:39:00,18750.75000000005,18750.75000000005
2026-04-22 03:39:00,18750.75000000005,18750.75000000005
2026-04-22 04:39:00,18750.75000000005,18750.75000000005
2026-04-22 05:39:00,18750.75000000005,18750.75000000005
2026-04-22 06:39:00,18750.75000000005,18750.75000000005
2026-04-22 07:39:00,18750.75000000005,18750.75000000005
2026-04-22 08:39:00,18750.75000000005,18750.75000000005
2026-04-22 09:39:00,18750.75000000005,18750.75000000005
2026-04-22 10:39:00,18750.75000000005,18750.75000000005
2026-04-22 11:39:00,18750.75000000005,18750.75000000005
2026-04-22 12:39:00,18750.75000000005,18750.75000000005
2026-04-22 13:39:00,18750.75000000005,18750.75000000005
2026-04-22 14:39:00,18750.75000000005,18750.75000000005
2026-04-22 15:39:00,18750.75000000005,18750.75000000005
2026-04-22 16:39:00,18750.75000000005,18750.75000000005
2026-04-22 17:39:00,18750.75000000005,18750.75000000005
2026-04-22 18:39:00,18750.75000000005,18750.75000000005
2026-04-22 19:39:00,18750.75000000005,18750.75000000005
2026-04-22 20:39:00,18750.75000000005,18750.75000000005
2026-04-22 21:39:00,18750.75000000005,18750.75000000005
2026-04-22 22:39:00,18750.75000000005,18750.75000000005
2026-04-22 23:39:00,18750.75000000005,18750.75000000005
2026-04-23 01:40:00,18750.75000000005,18750.75000000005
2026-04-23 02:40:00,18750.75000000005,18750.75000000005
2026-04-23 03:40:00,18770.83000000005,18898.67000000005
2026-04-23 04:40:00,18770.83000000005,18848.31000000005
2026-04-23 05:40:00,18770.430000000048,18770.430000000048
2026-04-23 06:40:00,18770.430000000048,18770.430000000048
2026-04-23 07:40:00,18770.430000000048,18770.430000000048
2026-04-23 08:40:00,18770.430000000048,18770.430000000048
2026-04-23 09:40:00,18770.430000000048,18770.430000000048
2026-04-23 10:40:00,18770.430000000048,18770.430000000048
2026-04-23 11:40:00,18770.430000000048,18770.430000000048
2026-04-23 12:40:00,18770.430000000048,18770.430000000048
2026-04-23 13:40:00,18770.430000000048,18770.430000000048
2026-04-23 14:40:00,18770.430000000048,18770.430000000048
2026-04-23 15:40:00,18574.590000000073,18574.590000000073
2026-04-23 16:40:00,18574.590000000073,18574.590000000073
2026-04-23 17:40:00,18596.400000000074,18596.400000000074
2026-04-23 18:40:00,18596.400000000074,18596.400000000074
2026-04-23 19:40:00,18596.400000000074,18596.400000000074
2026-04-23 20:40:00,18596.400000000074,18596.400000000074
2026-04-23 21:40:00,18596.400000000074,18596.400000000074
2026-04-23 22:40:00,18596.400000000074,18596.400000000074
2026-04-23 23:40:00,18596.400000000074,18596.400000000074
2026-04-24 01:41:00,18596.400000000074,18596.400000000074
2026-04-24 02:41:00,18596.400000000074,18596.400000000074
2026-04-24 03:41:00,18596.400000000074,18596.400000000074
2026-04-24 04:41:00,18596.400000000074,18596.400000000074
2026-04-24 05:41:00,18596.400000000074,18596.400000000074
2026-04-24 06:41:00,18596.400000000074,18596.400000000074
2026-04-24 07:41:00,18596.400000000074,18596.400000000074
2026-04-24 08:41:00,18596.400000000074,18596.400000000074
2026-04-24 09:41:00,18596.400000000074,18596.400000000074
2026-04-24 10:41:00,18596.400000000074,18596.400000000074
2026-04-24 11:41:00,18596.400000000074,18596.400000000074
2026-04-24 12:41:00,18596.400000000074,18596.400000000074
2026-04-24 13:41:00,18596.400000000074,18596.400000000074
2026-04-24 14:41:00,18596.400000000074,18596.400000000074
2026-04-24 15:41:00,18596.400000000074,18596.400000000074
2026-04-24 16:41:00,18614.580000000075,18614.580000000075
2026-04-24 17:41:00,18614.580000000075,18614.580000000075
2026-04-24 18:41:00,18614.580000000075,18614.580000000075
2026-04-24 19:41:00,18614.580000000075,18614.580000000075
2026-04-24 20:41:00,18614.580000000075,18614.580000000075
2026-04-24 21:41:00,18614.580000000075,18614.580000000075
2026-04-24 22:41:00,18614.580000000075,18614.580000000075
2026-04-24 23:41:00,18614.580000000075,18614.580000000075
2026-04-27 01:42:00,18416.82000000008,18416.82000000008
2026-04-27 02:42:00,18416.82000000008,18416.82000000008
2026-04-27 03:42:00,18416.82000000008,18416.82000000008
2026-04-27 04:42:00,18232.320000000083,18232.320000000083
2026-04-27 05:42:00,18232.320000000083,18232.320000000083
2026-04-27 06:42:00,18232.320000000083,18232.320000000083
2026-04-27 07:42:00,18232.320000000083,18232.320000000083
2026-04-27 08:42:00,18232.320000000083,18232.320000000083
2026-04-27 09:42:00,18232.320000000083,18232.320000000083
2026-04-27 10:42:00,18232.320000000083,18232.320000000083
2026-04-27 11:42:00,18232.320000000083,18232.320000000083
2026-04-27 12:42:00,18232.320000000083,18232.320000000083
2026-04-27 13:42:00,18232.320000000083,18232.320000000083
2026-04-27 14:42:00,18232.320000000083,18232.320000000083
2026-04-27 15:42:00,18232.320000000083,18232.320000000083
2026-04-27 16:42:00,18232.320000000083,18232.320000000083
2026-04-27 17:42:00,18232.320000000083,18232.320000000083
2026-04-27 18:42:00,18232.320000000083,18232.320000000083
2026-04-27 19:42:00,18232.320000000083,18232.320000000083
2026-04-27 20:42:00,18232.320000000083,18232.320000000083
2026-04-27 21:42:00,18232.320000000083,18232.320000000083
2026-04-27 22:42:00,18232.320000000083,18232.320000000083
2026-04-27 23:42:00,18232.320000000083,18232.320000000083
2026-04-28 01:43:00,18232.320000000083,18232.320000000083
2026-04-28 02:43:00,18232.320000000083,18232.320000000083
2026-04-28 03:43:00,18232.320000000083,18232.320000000083
2026-04-28 04:43:00,18232.320000000083,18232.320000000083
2026-04-28 05:43:00,18232.320000000083,18232.320000000083
2026-04-28 06:43:00,18232.320000000083,18232.320000000083
2026-04-28 07:43:00,18232.320000000083,18232.320000000083
2026-04-28 08:43:00,18232.320000000083,18232.320000000083
2026-04-28 09:43:00,18232.320000000083,18232.320000000083
2026-04-28 10:43:00,18232.320000000083,18232.320000000083
2026-04-28 11:43:00,18232.320000000083,18232.320000000083
2026-04-28 12:43:00,18232.320000000083,18232.320000000083
2026-04-28 13:43:00,18232.320000000083,18232.320000000083
2026-04-28 14:43:00,18232.320000000083,18232.320000000083
2026-04-28 15:43:00,18232.320000000083,18232.320000000083
2026-04-28 16:43:00,18232.320000000083,18232.320000000083
2026-04-28 17:43:00,18407.03000000009,18492.59000000009
2026-04-28 18:43:00,18406.430000000095,18406.430000000095
2026-04-28 19:43:00,18406.430000000095,18406.430000000095
2026-04-28 20:43:00,18406.430000000095,18406.430000000095
2026-04-28 21:43:00,18406.430000000095,18406.430000000095
2026-04-28 22:43:00,18406.430000000095,18406.430000000095
2026-04-28 23:43:00,18406.430000000095,18406.430000000095
2026-04-29 01:44:00,18406.430000000095,18406.430000000095
2026-04-29 02:44:00,18406.430000000095,18406.430000000095
2026-04-29 03:44:00,18406.430000000095,18406.430000000095
2026-04-29 04:44:00,18406.430000000095,18406.430000000095
2026-04-29 05:44:00,18406.430000000095,18406.430000000095
2026-04-29 06:44:00,18406.430000000095,18406.430000000095
2026-04-29 07:44:00,18406.430000000095,18406.430000000095
2026-04-29 08:44:00,18406.430000000095,18406.430000000095
2026-04-29 09:44:00,18427.99000000008,18427.99000000008
2026-04-29 10:44:00,18427.99000000008,18427.99000000008
2026-04-29 11:44:00,18427.99000000008,18427.99000000008
2026-04-29 12:44:00,18427.99000000008,18427.99000000008
2026-04-29 13:44:00,18451.010000000082,18556.840000000095
2026-04-29 14:44:00,18449.110000000088,18449.110000000088
2026-04-29 15:44:00,18449.110000000088,18449.110000000088
2026-04-29 16:44:00,18449.110000000088,18449.110000000088
2026-04-29 17:44:00,18449.110000000088,18449.110000000088
2026-04-29 18:44:00,18449.110000000088,18449.110000000088
2026-04-29 19:44:00,18449.110000000088,18449.110000000088
2026-04-29 20:44:00,18449.110000000088,18449.110000000088
2026-04-29 21:44:00,18449.110000000088,18449.110000000088
2026-04-29 22:44:00,18449.110000000088,18449.110000000088
2026-04-29 23:44:00,18449.110000000088,18449.110000000088
2026-04-30 01:45:00,18449.110000000088,18449.110000000088
2026-04-30 02:45:00,18449.110000000088,18449.110000000088
2026-04-30 03:45:00,18449.110000000088,18449.110000000088
2026-04-30 04:45:00,18449.110000000088,18449.110000000088
2026-04-30 05:45:00,18449.110000000088,18449.110000000088
2026-04-30 06:45:00,18449.110000000088,18449.110000000088
2026-04-30 07:45:00,18449.110000000088,18449.110000000088
2026-04-30 08:45:00,18449.110000000088,18449.110000000088
2026-04-30 09:45:00,18449.110000000088,18449.110000000088
2026-04-30 10:45:00,18449.110000000088,18449.110000000088
2026-04-30 11:45:00,18449.110000000088,18449.110000000088
2026-04-30 12:45:00,18449.110000000088,18449.110000000088
2026-04-30 13:45:00,18449.110000000088,18449.110000000088
2026-04-30 14:45:00,18449.110000000088,18449.110000000088
2026-04-30 15:45:00,18449.110000000088,18449.110000000088
2026-04-30 16:45:00,18449.110000000088,18449.110000000088
2026-04-30 17:45:00,18449.110000000088,18449.110000000088
2026-04-30 18:45:00,18449.110000000088,18449.110000000088
2026-04-30 19:45:00,18449.110000000088,18449.110000000088
2026-04-30 20:45:00,18449.110000000088,18449.110000000088
2026-04-30 21:45:00,18449.110000000088,18449.110000000088
2026-04-30 22:45:00,18449.110000000088,18449.110000000088
2026-04-30 23:45:00,18449.110000000088,18449.110000000088
2026-05-01 01:46:00,18449.110000000088,18449.110000000088
2026-05-01 02:46:00,18449.110000000088,18449.110000000088
2026-05-01 03:46:00,18449.110000000088,18449.110000000088
2026-05-01 04:46:00,18449.110000000088,18449.110000000088
2026-05-01 05:46:00,18449.110000000088,18449.110000000088
2026-05-01 06:46:00,18449.110000000088,18449.110000000088
2026-05-01 07:46:00,18449.110000000088,18449.110000000088
2026-05-01 08:46:00,18449.110000000088,18449.110000000088
2026-05-01 09:46:00,18449.110000000088,18449.110000000088
2026-05-01 10:46:00,18449.110000000088,18449.110000000088
2026-05-01 11:46:00,18449.110000000088,18449.110000000088
2026-05-01 12:46:00,18449.110000000088,18449.110000000088
2026-05-01 13:46:00,18449.110000000088,18449.110000000088
2026-05-01 14:46:00,18449.110000000088,18449.110000000088
2026-05-01 15:46:00,18449.110000000088,18449.110000000088
2026-05-01 16:46:00,18449.110000000088,18449.110000000088
2026-05-01 17:46:00,18449.110000000088,18449.110000000088
2026-05-01 18:46:00,18449.110000000088,18449.110000000088
2026-05-01 19:46:00,18449.110000000088,18449.110000000088
2026-05-01 20:46:00,18449.110000000088,18449.110000000088
2026-05-01 21:46:00,18469.39000000008,18469.39000000008
2026-05-01 22:46:00,18469.39000000008,18469.39000000008
2026-05-01 23:46:00,18469.39000000008,18469.39000000008
2026-05-04 01:47:00,18469.39000000008,18469.39000000008
2026-05-04 02:47:00,18469.39000000008,18469.39000000008
2026-05-04 03:47:00,18469.39000000008,18469.39000000008
2026-05-04 04:47:00,18469.39000000008,18469.39000000008
2026-05-04 05:47:00,18469.39000000008,18469.39000000008
2026-05-04 06:47:00,18469.39000000008,18469.39000000008
2026-05-04 07:47:00,18469.39000000008,18469.39000000008
2026-05-04 08:47:00,18469.39000000008,18469.39000000008
2026-05-04 09:47:00,18469.39000000008,18469.39000000008
2026-05-04 10:47:00,18469.39000000008,18469.39000000008
2026-05-04 11:47:00,18469.39000000008,18469.39000000008
2026-05-04 12:47:00,18469.39000000008,18469.39000000008
2026-05-04 13:47:00,18469.39000000008,18469.39000000008
2026-05-04 14:47:00,18469.39000000008,18469.39000000008
2026-05-04 15:47:00,18469.39000000008,18469.39000000008
2026-05-04 16:47:00,18469.39000000008,18469.39000000008
2026-05-04 17:47:00,18469.39000000008,18469.39000000008
2026-05-04 18:47:00,18469.39000000008,18469.39000000008
2026-05-04 19:47:00,18469.39000000008,18469.39000000008
2026-05-04 20:47:00,18469.39000000008,18469.39000000008
2026-05-04 21:47:00,18469.39000000008,18469.39000000008
2026-05-04 22:47:00,18469.39000000008,18469.39000000008
2026-05-04 23:47:00,18469.39000000008,18469.39000000008
2026-05-05 01:48:00,18469.39000000008,18469.39000000008
2026-05-05 02:48:00,18469.39000000008,18469.39000000008
2026-05-05 03:48:00,18469.39000000008,18469.39000000008
2026-05-05 04:48:00,18469.39000000008,18469.39000000008
2026-05-05 05:48:00,18469.39000000008,18469.39000000008
2026-05-05 06:48:00,18469.39000000008,18469.39000000008
2026-05-05 07:48:00,18469.39000000008,18469.39000000008
2026-05-05 08:48:00,18469.39000000008,18469.39000000008
2026-05-05 09:48:00,18469.39000000008,18469.39000000008
2026-05-05 10:48:00,18469.39000000008,18469.39000000008
2026-05-05 11:48:00,18469.39000000008,18469.39000000008
2026-05-05 12:48:00,18469.39000000008,18469.39000000008
2026-05-05 13:48:00,18469.39000000008,18469.39000000008
2026-05-05 14:48:00,18469.39000000008,18469.39000000008
2026-05-05 15:48:00,18469.39000000008,18469.39000000008
2026-05-05 16:48:00,18466.310000000078,18487.210000000076
2026-05-05 17:48:00,18537.710000000072,18537.710000000072
2026-05-05 18:48:00,18537.710000000072,18537.710000000072
2026-05-05 19:48:00,18537.710000000072,18537.710000000072
2026-05-05 20:48:00,18537.710000000072,18537.710000000072
2026-05-05 21:48:00,18537.710000000072,18537.710000000072
2026-05-05 22:48:00,18537.710000000072,18537.710000000072
2026-05-05 23:48:00,18537.710000000072,18537.710000000072
2026-05-06 01:49:00,18534.210000000072,18452.960000000072
2026-05-06 02:49:00,18954.040000000063,18954.040000000063
2026-05-06 03:49:00,18954.040000000063,18954.040000000063
2026-05-06 04:49:00,18954.040000000063,18954.040000000063
2026-05-06 05:49:00,18954.040000000063,18954.040000000063
2026-05-06 06:49:00,18954.040000000063,18954.040000000063
2026-05-06 07:49:00,18954.040000000063,18954.040000000063
2026-05-06 08:49:00,18954.040000000063,18954.040000000063
2026-05-06 09:49:00,18954.040000000063,18954.040000000063
2026-05-06 10:49:00,18954.040000000063,18954.040000000063
2026-05-06 11:49:00,18954.040000000063,18954.040000000063
2026-05-06 12:49:00,18954.040000000063,18954.040000000063
2026-05-06 13:49:00,18954.040000000063,18954.040000000063
2026-05-06 14:49:00,18954.040000000063,18954.040000000063
2026-05-06 15:49:00,18954.040000000063,18954.040000000063
2026-05-06 16:49:00,18954.040000000063,18954.040000000063
2026-05-06 17:49:00,18954.040000000063,18954.040000000063
2026-05-06 18:49:00,18954.040000000063,18954.040000000063
2026-05-06 19:49:00,18954.040000000063,18954.040000000063
2026-05-06 20:49:00,18954.040000000063,18954.040000000063
2026-05-06 21:49:00,18954.040000000063,18954.040000000063
2026-05-06 22:49:00,18954.040000000063,18954.040000000063
2026-05-06 23:49:00,18954.040000000063,18954.040000000063
2026-05-07 01:50:00,18954.040000000063,18954.040000000063
2026-05-07 02:50:00,18954.040000000063,18954.040000000063
2026-05-07 03:50:00,18954.040000000063,18954.040000000063
2026-05-07 04:50:00,18954.040000000063,18954.040000000063
2026-05-07 05:50:00,18954.040000000063,18954.040000000063
2026-05-07 06:50:00,18954.040000000063,18954.040000000063
2026-05-07 07:50:00,18954.040000000063,18954.040000000063
2026-05-07 08:50:00,18954.040000000063,18954.040000000063
2026-05-07 09:50:00,18954.040000000063,18954.040000000063
2026-05-07 10:50:00,18954.040000000063,18954.040000000063
2026-05-07 11:50:00,18954.040000000063,18954.040000000063
2026-05-07 12:50:00,18954.040000000063,18954.040000000063
2026-05-07 13:50:00,18954.040000000063,18954.040000000063
2026-05-07 14:50:00,18954.040000000063,18954.040000000063
2026-05-07 15:50:00,18954.040000000063,18954.040000000063
2026-05-07 16:50:00,18954.040000000063,18954.040000000063
2026-05-07 17:50:00,18954.040000000063,18954.040000000063
2026-05-07 18:50:00,18954.040000000063,18954.040000000063
2026-05-07 19:50:00,18954.040000000063,18954.040000000063
2026-05-07 20:50:00,18954.040000000063,18954.040000000063
2026-05-07 21:50:00,18954.040000000063,18954.040000000063
2026-05-07 22:50:00,18954.040000000063,18954.040000000063
2026-05-07 23:50:00,18954.040000000063,18954.040000000063
2026-05-08 01:51:00,18954.040000000063,18954.040000000063
2026-05-08 02:51:00,18954.040000000063,18954.040000000063
2026-05-08 03:51:00,18954.040000000063,18954.040000000063
2026-05-08 04:51:00,18954.040000000063,18954.040000000063
2026-05-08 05:51:00,18762.200000000063,18762.200000000063
2026-05-08 06:51:00,18762.200000000063,18762.200000000063
2026-05-08 07:51:00,18762.200000000063,18762.200000000063
2026-05-08 08:51:00,18762.200000000063,18762.200000000063
2026-05-08 09:51:00,18762.200000000063,18762.200000000063
2026-05-08 10:51:00,18762.200000000063,18762.200000000063
2026-05-08 11:51:00,18762.200000000063,18762.200000000063
2026-05-08 12:51:00,18762.200000000063,18762.200000000063
2026-05-08 13:51:00,18762.200000000063,18762.200000000063
2026-05-08 14:51:00,18762.200000000063,18762.200000000063
2026-05-08 15:51:00,18762.200000000063,18762.200000000063
2026-05-08 16:51:00,18762.200000000063,18762.200000000063
2026-05-08 17:51:00,18825.200000000063,18986.420000000064
2026-05-08 18:51:00,18825.200000000063,19029.02000000006
2026-05-08 19:51:00,18825.200000000063,19016.840000000062
2026-05-08 20:51:00,18825.200000000063,18973.10000000006
2026-05-08 21:51:00,18825.200000000063,18951.98000000006
2026-05-08 22:51:00,18825.200000000063,18941.840000000062
2026-05-08 23:51:00,18825.200000000063,19002.80000000006
2026-05-11 01:52:00,18949.680000000062,19163.520000000062
2026-05-11 02:52:00,18949.680000000062,19143.96000000006
2026-05-11 03:52:00,18949.680000000062,19222.880000000063
2026-05-11 04:52:00,18972.700000000063,19306.320000000058
2026-05-11 05:52:00,19022.380000000063,19386.010000000064
2026-05-11 06:52:00,19022.380000000063,19410.98000000006
2026-05-11 07:52:00,19022.380000000063,19483.47000000006
2026-05-11 08:52:00,19465.220000000063,19651.060000000063
2026-05-11 09:52:00,19465.220000000063,19554.180000000062
2026-05-11 10:52:00,19465.220000000063,19604.220000000063
2026-05-11 11:52:00,19465.220000000063,19587.500000000062
2026-05-11 12:52:00,19465.220000000063,19626.340000000066
2026-05-11 13:52:00,19465.220000000063,19599.180000000062
2026-05-11 14:52:00,19465.220000000063,19580.620000000064
2026-05-11 15:52:00,19465.220000000063,19498.420000000064
2026-05-11 16:52:00,19464.820000000065,19464.820000000065
2026-05-11 17:52:00,19464.820000000065,19464.820000000065
2026-05-11 18:52:00,19464.820000000065,19464.820000000065
2026-05-11 19:52:00,19462.440000000064,19518.880000000074
2026-05-11 20:52:00,19489.040000000066,19633.60000000008
2026-05-11 21:52:00,19542.240000000067,19674.45000000007
2026-05-11 22:52:00,19542.240000000067,19723.95000000007
2026-05-11 23:52:00,19542.240000000067,19737.45000000007
2026-05-12 01:53:00,19646.100000000068,19848.600000000068
2026-05-12 02:53:00,19912.00000000007,19912.00000000007
2026-05-12 03:53:00,19912.00000000007,19912.00000000007
2026-05-12 04:53:00,19912.00000000007,19912.00000000007
2026-05-12 05:53:00,19912.00000000007,19912.00000000007
2026-05-12 06:53:00,19912.00000000007,19912.00000000007
2026-05-12 07:53:00,19912.00000000007,19912.00000000007
2026-05-12 08:53:00,19912.00000000007,19912.00000000007
2026-05-12 09:53:00,19912.00000000007,19912.00000000007
2026-05-12 10:53:00,19912.00000000007,19912.00000000007
2026-05-12 11:53:00,19912.00000000007,19912.00000000007
2026-05-12 12:53:00,19912.00000000007,19912.00000000007
2026-05-12 13:53:00,19912.00000000007,19912.00000000007
2026-05-12 14:53:00,19912.00000000007,19912.00000000007
2026-05-12 15:53:00,19912.00000000007,19912.00000000007
2026-05-12 16:53:00,19912.00000000007,19912.00000000007
2026-05-12 17:53:00,19987.260000000082,19987.260000000082
2026-05-12 18:53:00,19987.260000000082,19987.260000000082
2026-05-12 19:53:00,19987.260000000082,19987.260000000082
2026-05-12 20:53:00,19987.260000000082,19987.260000000082
2026-05-12 21:53:00,19987.260000000082,19987.260000000082
2026-05-12 22:53:00,19987.260000000082,19987.260000000082
2026-05-12 23:53:00,19987.260000000082,19987.260000000082
2026-05-13 01:54:00,19987.260000000082,19987.260000000082
2026-05-13 02:54:00,19987.260000000082,19987.260000000082
2026-05-13 03:54:00,19987.260000000082,19987.260000000082
2026-05-13 04:54:00,19987.260000000082,19987.260000000082
2026-05-13 05:54:00,19987.260000000082,19987.260000000082
2026-05-13 06:54:00,19987.260000000082,19987.260000000082
2026-05-13 07:54:00,19987.260000000082,19987.260000000082
2026-05-13 08:54:00,19987.260000000082,19987.260000000082
2026-05-13 09:54:00,19987.260000000082,19987.260000000082
2026-05-13 10:54:00,19987.260000000082,19987.260000000082
2026-05-13 11:54:00,19987.260000000082,19987.260000000082
2026-05-13 12:54:00,19987.260000000082,19987.260000000082
2026-05-13 13:54:00,19987.260000000082,19987.260000000082
2026-05-13 14:54:00,19987.260000000082,19987.260000000082
2026-05-13 15:54:00,19987.260000000082,19987.260000000082
2026-05-13 16:54:00,19987.260000000082,19987.260000000082
2026-05-13 17:54:00,19987.260000000082,19987.260000000082
2026-05-13 18:54:00,19987.260000000082,19987.260000000082
2026-05-13 19:54:00,19987.260000000082,19987.260000000082
2026-05-13 20:54:00,19987.260000000082,19987.260000000082
2026-05-13 21:54:00,19987.260000000082,19987.260000000082
2026-05-13 22:54:00,19987.260000000082,19987.260000000082
2026-05-13 23:54:00,19987.260000000082,19987.260000000082
2026-05-14 01:55:00,19987.260000000082,19987.260000000082
2026-05-14 02:55:00,19987.260000000082,19987.260000000082
2026-05-14 03:55:00,19987.260000000082,19987.260000000082
2026-05-14 04:55:00,19987.260000000082,19987.260000000082
2026-05-14 05:55:00,19987.260000000082,19987.260000000082
2026-05-14 06:55:00,19987.260000000082,19987.260000000082
2026-05-14 07:55:00,19987.260000000082,19987.260000000082
2026-05-14 08:55:00,19987.260000000082,19987.260000000082
2026-05-14 09:55:00,20117.54000000009,20356.34000000007
2026-05-14 10:55:00,20338.520000000077,20520.32000000008
2026-05-14 11:55:00,20337.720000000074,20394.00000000007
2026-05-14 12:55:00,20336.520000000077,20336.520000000077
2026-05-14 13:55:00,20336.520000000077,20336.520000000077
2026-05-14 14:55:00,20336.520000000077,20336.520000000077
2026-05-14 15:55:00,20336.520000000077,20336.520000000077
2026-05-14 16:55:00,20336.520000000077,20336.520000000077
2026-05-14 17:55:00,20336.520000000077,20336.520000000077
2026-05-14 18:55:00,20336.520000000077,20336.520000000077
2026-05-14 19:55:00,20336.520000000077,20336.520000000077
2026-05-14 20:55:00,20336.520000000077,20336.520000000077
2026-05-14 21:55:00,20336.520000000077,20336.520000000077
2026-05-14 22:55:00,20336.520000000077,20336.520000000077
2026-05-14 23:55:00,20336.520000000077,20336.520000000077
2026-05-15 01:56:00,20336.520000000077,20336.520000000077
2026-05-15 02:56:00,20336.520000000077,20336.520000000077
2026-05-15 03:56:00,20336.520000000077,20336.520000000077
2026-05-15 04:56:00,20359.230000000076,20359.230000000076
2026-05-15 05:56:00,20359.230000000076,20359.230000000076
2026-05-15 06:56:00,20359.230000000076,20359.230000000076
2026-05-15 07:56:00,20359.230000000076,20359.230000000076
2026-05-15 08:56:00,20359.230000000076,20359.230000000076
2026-05-15 09:56:00,20359.230000000076,20359.230000000076
2026-05-15 10:56:00,20359.230000000076,20359.230000000076
2026-05-15 11:56:00,20359.230000000076,20359.230000000076
2026-05-15 12:56:00,20359.230000000076,20359.230000000076
2026-05-15 13:56:00,20359.230000000076,20359.230000000076
2026-05-15 14:56:00,20359.230000000076,20359.230000000076
2026-05-15 15:56:00,20359.230000000076,20359.230000000076
2026-05-15 16:56:00,20359.230000000076,20359.230000000076
2026-05-15 17:56:00,20359.230000000076,20359.230000000076
2026-05-15 18:56:00,20359.230000000076,20359.230000000076
2026-05-15 19:56:00,20359.230000000076,20359.230000000076
2026-05-15 20:56:00,20359.230000000076,20359.230000000076
2026-05-15 21:56:00,20359.230000000076,20359.230000000076
2026-05-15 22:56:00,20359.230000000076,20359.230000000076
2026-05-15 23:56:00,20359.230000000076,20359.230000000076
2026-05-18 01:57:00,20359.230000000076,20359.230000000076
2026-05-18 02:57:00,20359.230000000076,20359.230000000076
2026-05-18 03:57:00,20359.230000000076,20359.230000000076
2026-05-18 04:57:00,20359.230000000076,20359.230000000076
2026-05-18 05:57:00,20359.230000000076,20359.230000000076
2026-05-18 06:57:00,20359.230000000076,20359.230000000076
2026-05-18 07:57:00,20359.230000000076,20359.230000000076
2026-05-18 08:57:00,20359.230000000076,20359.230000000076
2026-05-18 09:57:00,20359.230000000076,20359.230000000076
2026-05-18 10:57:00,20359.230000000076,20359.230000000076
2026-05-18 11:57:00,20359.230000000076,20359.230000000076
2026-05-18 12:57:00,20359.230000000076,20359.230000000076
2026-05-18 13:57:00,20359.230000000076,20359.230000000076
2026-05-18 14:57:00,20359.230000000076,20359.230000000076
2026-05-18 15:57:00,20359.230000000076,20359.230000000076
2026-05-18 16:57:00,20359.230000000076,20359.230000000076
2026-05-18 17:57:00,20383.530000000068,20383.530000000068
2026-05-18 18:57:00,20383.530000000068,20383.530000000068
2026-05-18 19:57:00,20383.530000000068,20383.530000000068
2026-05-18 20:57:00,20383.530000000068,20383.530000000068
2026-05-18 21:57:00,20383.530000000068,20383.530000000068
2026-05-18 22:57:00,20468.850000000068,20496.21000000007
2026-05-18 23:57:00,20468.050000000065,20468.050000000065
2026-05-19 01:58:00,20468.050000000065,20468.050000000065
2026-05-19 02:58:00,20468.050000000065,20468.050000000065
2026-05-19 03:58:00,20468.050000000065,20468.050000000065
2026-05-19 04:58:00,20468.050000000065,20468.050000000065
2026-05-19 05:58:00,20468.050000000065,20468.050000000065
2026-05-19 06:58:00,20468.050000000065,20468.050000000065
2026-05-19 07:58:00,20468.050000000065,20468.050000000065
2026-05-19 08:58:00,20468.050000000065,20468.050000000065
2026-05-19 09:58:00,20468.050000000065,20468.050000000065
2026-05-19 10:58:00,20468.050000000065,20468.050000000065
2026-05-19 11:58:00,20468.050000000065,20468.050000000065
2026-05-19 12:58:00,20468.050000000065,20468.050000000065
2026-05-19 13:58:00,20468.050000000065,20468.050000000065
2026-05-19 14:58:00,20468.050000000065,20468.050000000065
2026-05-19 15:58:00,20468.050000000065,20468.050000000065
2026-05-19 16:58:00,20468.050000000065,20468.050000000065
2026-05-19 17:58:00,20468.050000000065,20468.050000000065
2026-05-19 18:58:00,20468.050000000065,20468.050000000065
2026-05-19 19:58:00,20468.050000000065,20468.050000000065
2026-05-19 20:58:00,20468.050000000065,20468.050000000065
2026-05-19 21:58:00,20468.050000000065,20468.050000000065
2026-05-19 22:58:00,20468.050000000065,20468.050000000065
2026-05-19 23:58:00,20468.050000000065,20468.050000000065
2026-05-20 01:59:00,20468.050000000065,20468.050000000065
2026-05-20 02:59:00,20468.050000000065,20468.050000000065
2026-05-20 03:59:00,20468.050000000065,20468.050000000065
2026-05-20 04:59:00,20468.050000000065,20468.050000000065
2026-05-20 05:59:00,20468.050000000065,20468.050000000065
2026-05-20 06:59:00,20468.050000000065,20468.050000000065
2026-05-20 07:59:00,20468.050000000065,20468.050000000065
2026-05-20 08:59:00,20468.050000000065,20468.050000000065
2026-05-20 09:59:00,20468.050000000065,20468.050000000065
2026-05-20 10:59:00,20468.050000000065,20468.050000000065
2026-05-20 11:59:00,20468.050000000065,20468.050000000065
2026-05-20 12:59:00,20468.050000000065,20468.050000000065
2026-05-20 13:59:00,20468.050000000065,20468.050000000065
2026-05-20 14:59:00,20468.050000000065,20468.050000000065
2026-05-20 15:59:00,20468.050000000065,20468.050000000065
2026-05-20 16:59:00,20468.050000000065,20468.050000000065
2026-05-20 17:59:00,20490.470000000052,20490.470000000052
2026-05-20 18:59:00,20490.470000000052,20490.470000000052
2026-05-20 19:59:00,20490.470000000052,20490.470000000052
2026-05-20 20:59:00,20490.470000000052,20490.470000000052
2026-05-20 21:59:00,20490.470000000052,20490.470000000052
2026-05-20 22:59:00,20490.470000000052,20490.470000000052
2026-05-21 01:00:00,20490.470000000052,20490.470000000052
2026-05-21 02:00:00,20490.470000000052,20490.470000000052
2026-05-21 03:00:00,20490.470000000052,20490.470000000052
2026-05-21 04:00:00,20490.470000000052,20490.470000000052
2026-05-21 05:00:00,20490.470000000052,20490.470000000052
2026-05-21 06:00:00,20490.470000000052,20490.470000000052
2026-05-21 07:00:00,20490.470000000052,20490.470000000052
2026-05-21 08:00:00,20490.470000000052,20490.470000000052
2026-05-21 09:00:00,20490.470000000052,20490.470000000052
2026-05-21 10:00:00,20490.470000000052,20490.470000000052
2026-05-21 11:00:00,20516.010000000053,20618.610000000062
2026-05-21 12:00:00,20690.070000000054,20810.190000000053
2026-05-21 13:00:00,20690.070000000054,20799.550000000057
2026-05-21 14:00:00,20689.370000000057,20689.370000000057
2026-05-21 15:00:00,20711.690000000057,20756.210000000057
2026-05-21 16:00:00,20710.490000000056,20710.490000000056
2026-05-21 17:00:00,20710.490000000056,20710.490000000056
2026-05-21 18:00:00,20710.490000000056,20710.490000000056
2026-05-21 19:00:00,20710.490000000056,20710.490000000056
2026-05-21 20:00:00,20710.490000000056,20710.490000000056
2026-05-21 21:00:00,20710.490000000056,20710.490000000056
2026-05-21 22:00:00,20710.490000000056,20710.490000000056
2026-05-21 23:00:00,20710.490000000056,20710.490000000056
2026-05-22 01:01:00,20710.490000000056,20710.490000000056
2026-05-22 02:01:00,20710.490000000056,20710.490000000056
2026-05-22 03:01:00,20710.490000000056,20710.490000000056
2026-05-22 04:01:00,20790.67000000006,20882.79000000006
2026-05-22 05:01:00,20789.27000000007,20789.27000000007
2026-05-22 06:01:00,20789.27000000007,20789.27000000007
2026-05-22 07:01:00,20789.27000000007,20789.27000000007
2026-05-22 08:01:00,20789.27000000007,20789.27000000007
2026-05-22 09:01:00,20789.27000000007,20789.27000000007
2026-05-22 10:01:00,20789.27000000007,20789.27000000007
2026-05-22 11:01:00,20789.27000000007,20789.27000000007
2026-05-22 12:01:00,20789.27000000007,20789.27000000007
2026-05-22 13:01:00,20789.27000000007,20789.27000000007
2026-05-22 14:01:00,20789.27000000007,20789.27000000007
2026-05-22 15:01:00,20789.27000000007,20789.27000000007
2026-05-22 16:01:00,20789.27000000007,20789.27000000007
2026-05-22 17:01:00,20789.27000000007,20789.27000000007
2026-05-22 18:01:00,20789.27000000007,20789.27000000007
2026-05-22 19:01:00,20789.27000000007,20789.27000000007
2026-05-22 20:01:00,20789.27000000007,20789.27000000007
2026-05-22 21:01:00,20789.27000000007,20789.27000000007
2026-05-22 22:01:00,20789.27000000007,20789.27000000007
2026-05-22 23:01:00,20789.27000000007,20789.27000000007
2026-05-25 01:02:00,20789.27000000007,20789.27000000007
2026-05-25 02:02:00,20789.27000000007,20789.27000000007
2026-05-25 03:02:00,20789.27000000007,20789.27000000007
2026-05-25 04:02:00,20789.27000000007,20789.27000000007
2026-05-25 05:02:00,20789.27000000007,20789.27000000007
2026-05-25 06:02:00,20789.27000000007,20789.27000000007
2026-05-25 07:02:00,20789.27000000007,20789.27000000007
2026-05-25 08:02:00,20789.27000000007,20789.27000000007
2026-05-25 09:02:00,20789.27000000007,20789.27000000007
2026-05-25 10:02:00,20789.27000000007,20789.27000000007
2026-05-25 11:02:00,20789.27000000007,20789.27000000007
2026-05-25 12:02:00,20789.27000000007,20789.27000000007
2026-05-25 13:02:00,20789.27000000007,20789.27000000007
2026-05-25 14:02:00,20789.27000000007,20789.27000000007
2026-05-25 15:02:00,20789.27000000007,20789.27000000007
2026-05-25 16:02:00,20789.27000000007,20789.27000000007
2026-05-25 17:02:00,20789.27000000007,20789.27000000007
2026-05-25 18:02:00,20789.27000000007,20789.27000000007
2026-05-25 19:02:00,20789.27000000007,20789.27000000007
2026-05-25 20:02:00,20789.27000000007,20789.27000000007
2026-05-25 21:02:00,20789.27000000007,20789.27000000007
2026-05-25 22:03:00,20789.27000000007,20789.27000000007
2026-05-26 01:54:00,20789.27000000007,20789.27000000007
2026-05-26 02:54:00,20789.27000000007,20789.27000000007
2026-05-26 03:54:00,20788.57000000007,20755.52000000007
2026-05-26 04:54:00,20788.57000000007,20719.870000000068
2026-05-26 05:54:00,20788.57000000007,20706.07000000007
2026-05-26 06:54:00,20788.57000000007,20757.62000000007
2026-05-26 07:54:00,20788.57000000007,20682.720000000067
2026-05-26 08:54:00,20788.57000000007,20679.070000000072
2026-05-26 09:54:00,20788.57000000007,20701.670000000067
2026-05-26 10:54:00,20788.57000000007,20702.57000000007
2026-05-26 11:54:00,20788.57000000007,20665.370000000068
2026-05-26 12:54:00,20788.57000000007,20639.57000000007
2026-05-26 13:54:00,20788.57000000007,20717.82000000007
2026-05-26 14:54:00,20592.52000000007,20592.52000000007
2026-05-26 15:54:00,20592.52000000007,20592.52000000007
2026-05-26 16:54:00,20592.52000000007,20592.52000000007
2026-05-26 17:54:00,20616.880000000067,20616.880000000067
2026-05-26 18:54:00,20616.880000000067,20616.880000000067
2026-05-26 19:54:00,20616.880000000067,20616.880000000067
2026-05-26 20:54:00,20616.880000000067,20616.880000000067
2026-05-26 21:54:00,20616.880000000067,20616.880000000067
2026-05-26 22:54:00,20616.880000000067,20616.880000000067
2026-05-26 23:54:00,20616.880000000067,20616.880000000067
2026-05-27 01:55:00,20616.880000000067,20616.880000000067
2026-05-27 02:55:00,20616.880000000067,20616.880000000067
2026-05-27 03:55:00,20616.880000000067,20616.880000000067
2026-05-27 04:55:00,20616.880000000067,20616.880000000067
2026-05-27 05:55:00,20616.880000000067,20616.880000000067
2026-05-27 06:55:00,20616.880000000067,20616.880000000067
2026-05-27 07:55:00,20616.880000000067,20616.880000000067
2026-05-27 08:55:00,20616.880000000067,20616.880000000067
2026-05-27 09:55:00,20616.880000000067,20616.880000000067
2026-05-27 10:55:00,20616.880000000067,20616.880000000067
2026-05-27 11:55:00,20616.880000000067,20616.880000000067
2026-05-27 12:55:00,20616.880000000067,20616.880000000067
2026-05-27 13:55:00,20616.880000000067,20616.880000000067
2026-05-27 14:55:00,20616.880000000067,20616.880000000067
2026-05-27 15:55:00,20616.880000000067,20616.880000000067
2026-05-27 16:55:00,20616.880000000067,20616.880000000067
2026-05-27 17:55:00,20616.880000000067,20616.880000000067
2026-05-27 18:55:00,20616.880000000067,20616.880000000067
2026-05-27 19:55:00,20616.880000000067,20616.880000000067
2026-05-27 20:55:00,20616.880000000067,20616.880000000067
2026-05-27 21:55:00,20616.880000000067,20616.880000000067
2026-05-27 22:55:00,20616.880000000067,20616.880000000067
2026-05-27 23:55:00,20616.880000000067,20616.880000000067
2026-05-28 01:56:00,20616.880000000067,20616.880000000067
2026-05-28 02:56:00,20616.880000000067,20616.880000000067
2026-05-28 03:56:00,20616.880000000067,20616.880000000067
2026-05-28 04:56:00,20616.880000000067,20616.880000000067
2026-05-28 05:56:00,20616.880000000067,20616.880000000067
2026-05-28 06:56:00,20616.880000000067,20616.880000000067
2026-05-28 07:56:00,20616.880000000067,20616.880000000067
2026-05-28 08:56:00,20616.880000000067,20616.880000000067
2026-05-28 09:56:00,20616.880000000067,20616.880000000067
2026-05-28 10:56:00,20616.880000000067,20616.880000000067
2026-05-28 11:56:00,20616.880000000067,20616.880000000067
2026-05-28 12:56:00,20616.880000000067,20616.880000000067
2026-05-28 13:56:00,20616.880000000067,20616.880000000067
2026-05-28 14:56:00,20616.880000000067,20616.880000000067
2026-05-28 15:56:00,20616.880000000067,20616.880000000067
2026-05-28 16:56:00,20689.540000000066,20763.900000000067
2026-05-28 17:56:00,21141.41000000007,21141.41000000007
2026-05-28 18:56:00,21141.41000000007,21141.41000000007
2026-05-28 19:56:00,21141.41000000007,21141.41000000007
2026-05-28 20:56:00,21141.41000000007,21141.41000000007
2026-05-28 21:56:00,21141.41000000007,21141.41000000007
2026-05-28 22:56:00,21141.41000000007,21141.41000000007
2026-05-28 23:56:00,21138.89000000007,21106.310000000063
2026-05-29 01:57:00,21126.530000000068,21026.390000000043
2026-05-29 02:57:00,21126.530000000068,21084.35000000005
2026-05-29 03:57:00,21156.35000000006,21099.29000000006
2026-05-29 04:57:00,21240.35000000006,21324.150000000052
2026-05-29 05:57:00,21326.520000000066,21472.00000000007
2026-05-29 06:57:00,21323.62000000007,21323.62000000007
2026-05-29 07:57:00,21323.62000000007,21323.62000000007
2026-05-29 08:57:00,21323.62000000007,21323.62000000007
2026-05-29 09:57:00,21323.62000000007,21323.62000000007
2026-05-29 10:57:00,21323.62000000007,21323.62000000007
2026-05-29 11:57:00,21106.340000000073,21106.340000000073
2026-05-29 12:57:00,21106.340000000073,21106.340000000073
2026-05-29 13:57:00,21106.340000000073,21106.340000000073
2026-05-29 14:57:00,21106.340000000073,21106.340000000073
2026-05-29 15:57:00,21106.340000000073,21106.340000000073
2026-05-29 16:57:00,21106.340000000073,21106.340000000073
2026-05-29 17:57:00,21106.340000000073,21106.340000000073
2026-05-29 18:57:00,21106.340000000073,21106.340000000073
2026-05-29 19:57:00,21106.340000000073,21106.340000000073
2026-05-29 20:57:00,21104.380000000074,21064.480000000083
2026-05-29 21:57:00,21104.380000000074,21096.260000000075
2026-05-29 22:57:00,21104.380000000074,20946.320000000072
2026-05-29 23:57:00,20897.460000000076,20897.460000000076
2026-06-01 01:58:00,20897.460000000076,20897.460000000076
2026-06-01 02:58:00,20897.460000000076,20897.460000000076
2026-06-01 03:58:00,20897.460000000076,20897.460000000076
2026-06-01 04:58:00,20897.460000000076,20897.460000000076
2026-06-01 05:58:00,20897.460000000076,20897.460000000076
2026-06-01 06:58:00,20897.460000000076,20897.460000000076
2026-06-01 07:58:00,20897.460000000076,20897.460000000076
2026-06-01 08:58:00,20897.460000000076,20897.460000000076
2026-06-01 09:58:00,20897.460000000076,20897.460000000076
2026-06-01 10:58:00,20897.460000000076,20897.460000000076
2026-06-01 11:58:00,20897.460000000076,20897.460000000076
2026-06-01 12:58:00,20897.460000000076,20897.460000000076
2026-06-01 13:58:00,20897.460000000076,20897.460000000076
2026-06-01 14:58:00,20897.460000000076,20897.460000000076
2026-06-01 15:58:00,20897.460000000076,20897.460000000076
2026-06-01 16:58:00,20896.480000000076,20771.740000000078
2026-06-01 17:58:00,20896.480000000076,20812.62000000007
2026-06-01 18:58:00,20896.480000000076,20930.990000000078
2026-06-01 19:58:00,20896.480000000076,20970.260000000075
2026-06-01 20:58:00,20914.100000000075,21028.040000000074
2026-06-01 21:58:00,20914.100000000075,21024.680000000077
2026-06-01 22:58:00,20914.100000000075,20984.840000000077
2026-06-01 23:58:00,20914.100000000075,21010.160000000076
2026-06-02 01:59:00,20911.100000000075,21012.560000000074
2026-06-02 02:59:00,20911.100000000075,21005.42000000008
2026-06-02 03:59:00,20911.100000000075,20988.320000000072
2026-06-02 04:59:00,20910.500000000073,20910.500000000073
2026-06-02 05:59:00,20910.500000000073,20910.500000000073
2026-06-02 06:59:00,20910.500000000073,20910.500000000073
2026-06-02 07:59:00,20910.500000000073,20910.500000000073
2026-06-02 08:59:00,20910.500000000073,20910.500000000073
2026-06-02 09:59:00,20910.500000000073,20910.500000000073
2026-06-02 10:59:00,20910.500000000073,20910.500000000073
2026-06-02 11:59:00,20910.500000000073,20910.500000000073
2026-06-02 12:59:00,20910.500000000073,20910.500000000073
2026-06-02 13:59:00,20910.500000000073,20910.500000000073
2026-06-02 14:59:00,20910.500000000073,20910.500000000073
2026-06-02 15:59:00,20908.680000000073,20901.53000000007
2026-06-02 16:59:00,20936.000000000073,20936.000000000073
2026-06-02 17:59:00,20936.000000000073,20936.000000000073
2026-06-02 18:59:00,20936.000000000073,20936.000000000073
2026-06-02 19:59:00,20936.000000000073,20936.000000000073
2026-06-02 20:59:00,20936.000000000073,20936.000000000073
2026-06-02 21:59:00,20936.000000000073,20936.000000000073
2026-06-02 22:59:00,20936.000000000073,20936.000000000073
2026-06-03 01:00:00,20936.000000000073,20936.000000000073
2026-06-03 02:00:00,20936.000000000073,20936.000000000073
2026-06-03 03:00:00,20936.000000000073,20936.000000000073
2026-06-03 04:00:00,20936.000000000073,20936.000000000073
2026-06-03 05:00:00,20936.000000000073,20936.000000000073
2026-06-03 06:00:00,20936.000000000073,20936.000000000073
2026-06-03 07:00:00,20936.000000000073,20936.000000000073
2026-06-03 08:00:00,20936.000000000073,20936.000000000073
2026-06-03 09:00:00,20936.000000000073,20936.000000000073
2026-06-03 10:00:00,20936.000000000073,20936.000000000073
2026-06-03 11:00:00,20936.000000000073,20936.000000000073
2026-06-03 12:00:00,20936.000000000073,20936.000000000073
2026-06-03 13:00:00,20936.000000000073,20936.000000000073
2026-06-03 14:00:00,20936.000000000073,20936.000000000073
2026-06-03 15:00:00,20936.000000000073,20936.000000000073
2026-06-03 16:00:00,20936.000000000073,20936.000000000073
2026-06-03 17:00:00,20936.000000000073,20936.000000000073
2026-06-03 18:00:00,20936.000000000073,20936.000000000073
2026-06-03 19:00:00,20936.000000000073,20936.000000000073
2026-06-03 20:00:00,20936.000000000073,20936.000000000073
2026-06-03 21:00:00,20936.000000000073,20936.000000000073
2026-06-03 22:00:00,20936.000000000073,20936.000000000073
2026-06-03 23:00:00,20936.000000000073,20936.000000000073
2026-06-04 01:01:00,20936.000000000073,20936.000000000073
2026-06-04 02:01:00,20936.000000000073,20936.000000000073
2026-06-04 03:01:00,20936.000000000073,20936.000000000073
2026-06-04 04:01:00,20936.000000000073,20936.000000000073
2026-06-04 05:01:00,20936.000000000073,20936.000000000073
2026-06-04 06:01:00,20936.000000000073,20936.000000000073
2026-06-04 07:01:00,20936.000000000073,20936.000000000073
2026-06-04 08:01:00,20936.000000000073,20936.000000000073
2026-06-04 09:01:00,20936.000000000073,20936.000000000073
2026-06-04 10:01:00,20936.000000000073,20936.000000000073
2026-06-04 11:01:00,20936.000000000073,20936.000000000073
2026-06-04 12:01:00,20936.000000000073,20936.000000000073
2026-06-04 13:01:00,20936.000000000073,20936.000000000073
2026-06-04 14:01:00,20936.000000000073,20936.000000000073
2026-06-04 15:01:00,20936.000000000073,20936.000000000073
2026-06-04 16:01:00,20936.000000000073,20936.000000000073
2026-06-04 17:01:00,20936.000000000073,20936.000000000073
2026-06-04 18:01:00,20722.70000000007,20722.70000000007
2026-06-04 19:01:00,20722.70000000007,20722.70000000007
2026-06-04 20:01:00,20722.70000000007,20722.70000000007
2026-06-04 21:01:00,20722.70000000007,20722.70000000007
2026-06-04 22:01:00,20722.70000000007,20722.70000000007
2026-06-04 23:01:00,20722.70000000007,20722.70000000007
2026-06-05 01:02:00,20722.70000000007,20722.70000000007
2026-06-05 02:02:00,20722.70000000007,20722.70000000007
2026-06-05 03:02:00,20722.70000000007,20722.70000000007
2026-06-05 04:02:00,20722.70000000007,20722.70000000007
2026-06-05 05:02:00,20722.70000000007,20722.70000000007
2026-06-05 06:02:00,20722.70000000007,20722.70000000007
2026-06-05 07:02:00,20722.70000000007,20722.70000000007
2026-06-05 08:02:00,20722.70000000007,20722.70000000007
2026-06-05 09:02:00,20722.70000000007,20722.70000000007
2026-06-05 10:02:00,20932.210000000072,21051.63000000007
2026-06-05 11:02:00,20932.210000000072,21119.04000000007
2026-06-05 12:02:00,20932.210000000072,21130.030000000075
2026-06-05 13:02:00,20932.210000000072,21134.160000000076
2026-06-05 14:02:00,20932.210000000072,21137.310000000074
2026-06-05 15:02:00,21176.160000000076,21176.160000000076
2026-06-05 16:02:00,20971.340000000084,20934.80000000009
2026-06-05 17:02:00,20776.81000000008,20776.81000000008
2026-06-05 18:02:00,20776.81000000008,20776.81000000008
2026-06-05 19:02:00,20776.81000000008,20776.81000000008
2026-06-05 20:02:00,20776.81000000008,20776.81000000008
2026-06-05 21:02:00,20776.81000000008,20776.81000000008
2026-06-05 22:02:00,20776.81000000008,20776.81000000008
2026-06-05 23:02:00,20776.81000000008,20776.81000000008
2026-06-08 01:03:00,20776.81000000008,20776.81000000008
2026-06-08 02:03:00,20776.81000000008,20776.81000000008
2026-06-08 03:03:00,20776.81000000008,20776.81000000008
2026-06-08 04:03:00,20776.81000000008,20776.81000000008
2026-06-08 05:03:00,20776.81000000008,20776.81000000008
2026-06-08 06:03:00,20776.81000000008,20776.81000000008
2026-06-08 07:03:00,20776.81000000008,20776.81000000008
2026-06-08 08:03:00,20776.81000000008,20776.81000000008
2026-06-08 09:03:00,20776.81000000008,20776.81000000008
2026-06-08 10:03:00,20776.81000000008,20776.81000000008
2026-06-08 11:03:00,20776.81000000008,20776.81000000008
2026-06-08 12:03:00,20776.81000000008,20776.81000000008
2026-06-08 13:03:00,20776.81000000008,20776.81000000008
2026-06-08 14:03:00,20776.81000000008,20776.81000000008
2026-06-08 15:03:00,20776.81000000008,20776.81000000008
2026-06-08 16:03:00,20776.81000000008,20776.81000000008
2026-06-08 17:03:00,20776.81000000008,20776.81000000008
2026-06-08 18:03:00,20775.13000000008,20680.810000000074
2026-06-08 19:03:00,20574.730000000087,20574.730000000087
2026-06-08 20:03:00,20574.730000000087,20574.730000000087
2026-06-08 21:03:00,20574.730000000087,20574.730000000087
2026-06-08 22:03:00,20574.730000000087,20574.730000000087
2026-06-08 23:03:00,20574.730000000087,20574.730000000087
2026-06-09 01:04:00,20574.730000000087,20574.730000000087
2026-06-09 02:04:00,20574.730000000087,20574.730000000087
2026-06-09 03:04:00,20574.730000000087,20574.730000000087
2026-06-09 04:04:00,20574.730000000087,20574.730000000087
2026-06-09 05:04:00,20574.730000000087,20574.730000000087
2026-06-09 06:04:00,20574.730000000087,20574.730000000087
2026-06-09 07:04:00,20574.730000000087,20574.730000000087
2026-06-09 08:04:00,20574.730000000087,20574.730000000087
2026-06-09 09:04:00,20574.730000000087,20574.730000000087
2026-06-09 10:04:00,20574.730000000087,20574.730000000087
2026-06-09 11:04:00,20574.730000000087,20574.730000000087
2026-06-09 12:04:00,20574.730000000087,20574.730000000087
2026-06-09 13:04:00,20574.730000000087,20574.730000000087
2026-06-09 14:04:00,20574.730000000087,20574.730000000087
2026-06-09 15:04:00,20574.730000000087,20574.730000000087
2026-06-09 16:04:00,20574.730000000087,20574.730000000087
2026-06-09 17:04:00,20574.730000000087,20574.730000000087
2026-06-09 18:04:00,20574.730000000087,20574.730000000087
2026-06-09 19:04:00,20574.730000000087,20574.730000000087
2026-06-09 20:04:00,20574.730000000087,20574.730000000087
2026-06-09 21:04:00,20574.730000000087,20574.730000000087
2026-06-09 22:04:00,20574.730000000087,20574.730000000087
2026-06-09 23:04:00,20574.730000000087,20574.730000000087
2026-06-10 01:05:00,20574.730000000087,20574.730000000087
2026-06-10 02:05:00,20574.730000000087,20574.730000000087
2026-06-10 03:05:00,20574.730000000087,20574.730000000087
2026-06-10 04:05:00,20574.730000000087,20574.730000000087
2026-06-10 05:05:00,20574.730000000087,20574.730000000087
2026-06-10 06:05:00,20574.730000000087,20574.730000000087
2026-06-10 07:05:00,20574.730000000087,20574.730000000087
2026-06-10 08:05:00,20574.730000000087,20574.730000000087
2026-06-10 09:05:00,20574.730000000087,20574.730000000087
2026-06-10 10:05:00,20574.730000000087,20574.730000000087
2026-06-10 11:05:00,20574.730000000087,20574.730000000087
2026-06-10 12:05:00,20574.730000000087,20574.730000000087
2026-06-10 13:05:00,20574.730000000087,20574.730000000087
2026-06-10 14:05:00,20574.730000000087,20574.730000000087
2026-06-10 15:05:00,20574.730000000087,20574.730000000087
2026-06-10 16:05:00,20574.730000000087,20574.730000000087
2026-06-10 17:05:00,20574.730000000087,20574.730000000087
2026-06-10 18:05:00,20574.730000000087,20574.730000000087
2026-06-10 19:05:00,20574.730000000087,20574.730000000087
2026-06-10 20:05:00,20574.730000000087,20574.730000000087
2026-06-10 21:05:00,20574.730000000087,20574.730000000087
2026-06-10 22:05:00,20574.730000000087,20574.730000000087
2026-06-10 23:05:00,20574.730000000087,20574.730000000087
2026-06-11 01:06:00,20574.730000000087,20574.730000000087
2026-06-11 02:06:00,20574.730000000087,20574.730000000087
2026-06-11 03:06:00,20574.730000000087,20574.730000000087
2026-06-11 04:06:00,20574.730000000087,20574.730000000087
2026-06-11 05:06:00,20574.730000000087,20574.730000000087
2026-06-11 06:06:00,20574.730000000087,20574.730000000087
2026-06-11 07:06:00,20574.730000000087,20574.730000000087
2026-06-11 08:06:00,20574.730000000087,20574.730000000087
2026-06-11 09:06:00,20574.730000000087,20574.730000000087
2026-06-11 10:06:00,20574.730000000087,20574.730000000087
2026-06-11 11:06:00,20574.730000000087,20574.730000000087
2026-06-11 12:06:00,20574.730000000087,20574.730000000087
2026-06-11 13:06:00,20574.730000000087,20574.730000000087
2026-06-11 14:06:00,20574.730000000087,20574.730000000087
2026-06-11 15:06:00,20574.730000000087,20574.730000000087
2026-06-11 16:06:00,20574.730000000087,20574.730000000087
2026-06-11 17:06:00,20574.730000000087,20574.730000000087
2026-06-11 18:06:00,20574.730000000087,20574.730000000087
2026-06-11 19:06:00,20574.730000000087,20574.730000000087
2026-06-11 20:06:00,20574.730000000087,20574.730000000087
2026-06-11 21:06:00,20574.730000000087,20574.730000000087
2026-06-11 22:06:00,20574.730000000087,20574.730000000087
2026-06-11 23:06:00,20574.730000000087,20574.730000000087
2026-06-12 01:07:00,20574.730000000087,20574.730000000087
2026-06-12 02:07:00,20574.730000000087,20574.730000000087
2026-06-12 03:07:00,20574.730000000087,20574.730000000087
2026-06-12 04:07:00,20602.13000000009,20654.480000000087
2026-06-12 05:07:00,20600.6300000001,20600.6300000001
2026-06-12 06:07:00,20600.6300000001,20600.6300000001
2026-06-12 07:07:00,20600.6300000001,20600.6300000001
2026-06-12 08:07:00,20600.6300000001,20600.6300000001
2026-06-12 09:07:00,20600.6300000001,20600.6300000001
2026-06-12 10:07:00,20600.6300000001,20600.6300000001
2026-06-12 11:07:00,20600.6300000001,20600.6300000001
2026-06-12 12:07:00,20600.6300000001,20600.6300000001
2026-06-12 13:07:00,20600.6300000001,20600.6300000001
2026-06-12 14:07:00,20600.6300000001,20600.6300000001
2026-06-12 15:07:00,20600.6300000001,20600.6300000001
2026-06-12 16:07:00,20600.6300000001,20600.6300000001
2026-06-12 17:07:00,20600.6300000001,20600.6300000001
2026-06-12 18:07:00,20600.6300000001,20600.6300000001
2026-06-12 19:07:00,20600.6300000001,20600.6300000001
2026-06-12 20:07:00,20600.6300000001,20600.6300000001
2026-06-12 21:07:00,20600.6300000001,20600.6300000001
2026-06-12 22:07:00,20600.6300000001,20600.6300000001
2026-06-12 23:07:00,20600.6300000001,20600.6300000001
2026-06-15 01:08:00,20600.6300000001,20600.6300000001
2026-06-15 02:08:00,20600.6300000001,20600.6300000001
2026-06-15 03:08:00,20600.6300000001,20600.6300000001
2026-06-15 04:08:00,20600.6300000001,20600.6300000001
2026-06-15 05:08:00,20600.6300000001,20600.6300000001
2026-06-15 06:08:00,20600.6300000001,20600.6300000001
2026-06-15 07:08:00,20600.6300000001,20600.6300000001
2026-06-15 08:08:00,20600.6300000001,20600.6300000001
2026-06-15 09:08:00,20600.6300000001,20600.6300000001
2026-06-15 10:08:00,20600.6300000001,20600.6300000001
2026-06-15 11:08:00,20600.6300000001,20600.6300000001
2026-06-15 12:08:00,20600.6300000001,20600.6300000001
2026-06-15 13:08:00,20600.6300000001,20600.6300000001
2026-06-15 14:08:00,20600.6300000001,20600.6300000001
2026-06-15 15:08:00,20600.6300000001,20600.6300000001
2026-06-15 16:08:00,20600.6300000001,20600.6300000001
2026-06-15 17:08:00,20600.6300000001,20600.6300000001
2026-06-15 18:08:00,20600.6300000001,20600.6300000001
2026-06-15 19:08:00,20600.6300000001,20600.6300000001
2026-06-15 20:08:00,20600.6300000001,20600.6300000001
2026-06-15 21:08:00,20600.6300000001,20600.6300000001
2026-06-15 22:08:00,20600.6300000001,20600.6300000001
2026-06-15 23:08:00,20600.6300000001,20600.6300000001
2026-06-16 01:09:00,20600.6300000001,20600.6300000001
2026-06-16 02:09:00,20600.6300000001,20600.6300000001
2026-06-16 03:09:00,20600.6300000001,20600.6300000001
2026-06-16 04:09:00,20600.6300000001,20600.6300000001
2026-06-16 05:09:00,20600.6300000001,20600.6300000001
2026-06-16 06:09:00,20600.6300000001,20600.6300000001
2026-06-16 07:09:00,20600.6300000001,20600.6300000001
2026-06-16 08:09:00,20600.6300000001,20600.6300000001
2026-06-16 09:09:00,20600.6300000001,20600.6300000001
2026-06-16 10:09:00,20600.6300000001,20600.6300000001
2026-06-16 11:09:00,20600.6300000001,20600.6300000001
2026-06-16 12:09:00,20600.6300000001,20600.6300000001
2026-06-16 13:09:00,20600.6300000001,20600.6300000001
2026-06-16 14:09:00,20600.6300000001,20600.6300000001
2026-06-16 15:09:00,20600.6300000001,20600.6300000001
2026-06-16 16:09:00,20600.6300000001,20600.6300000001
2026-06-16 17:09:00,20600.6300000001,20600.6300000001
2026-06-16 18:09:00,20600.6300000001,20600.6300000001
2026-06-16 19:09:00,20595.730000000098,20623.46000000007
2026-06-16 20:09:00,20595.730000000098,20702.560000000074
2026-06-16 21:09:00,20762.09000000009,20796.300000000087
2026-06-16 22:09:00,20762.09000000009,20789.48000000009
2026-06-16 23:09:00,20762.09000000009,20884.630000000085
2026-06-17 01:10:00,20767.040000000092,20883.86000000009
2026-06-17 02:10:00,20767.040000000092,20851.30000000009
2026-06-17 03:10:00,20767.040000000092,20812.580000000096
2026-06-17 04:10:00,20765.940000000086,20765.940000000086
2026-06-17 05:10:00,20765.940000000086,20765.940000000086
2026-06-17 06:10:00,20765.940000000086,20765.940000000086
2026-06-17 07:10:00,20765.940000000086,20765.940000000086
2026-06-17 08:10:00,20765.940000000086,20765.940000000086
2026-06-17 09:10:00,20765.940000000086,20765.940000000086
2026-06-17 10:10:00,20765.940000000086,20765.940000000086
2026-06-17 11:10:00,20765.940000000086,20765.940000000086
2026-06-17 12:10:00,20765.940000000086,20765.940000000086
2026-06-17 13:10:00,20765.940000000086,20765.940000000086
2026-06-17 14:10:00,20765.940000000086,20765.940000000086
2026-06-17 15:10:00,20765.940000000086,20765.940000000086
2026-06-17 16:10:00,20765.940000000086,20765.940000000086
2026-06-17 17:10:00,20765.940000000086,20765.940000000086
2026-06-17 18:10:00,20765.940000000086,20765.940000000086
2026-06-17 19:10:00,20765.940000000086,20765.940000000086
2026-06-17 20:10:00,20765.940000000086,20765.940000000086
2026-06-17 21:10:00,21049.420000000093,21688.73000000009
2026-06-17 22:10:00,21353.140000000094,21763.73000000009
2026-06-17 23:10:00,21664.230000000094,21633.910000000094
2026-06-18 01:11:00,21662.230000000094,21675.190000000093
2026-06-18 02:11:00,21662.230000000094,21722.95000000009
2026-06-18 03:11:00,21690.530000000093,21789.710000000094
2026-06-18 04:11:00,21747.130000000092,21875.05000000009
2026-06-18 05:11:00,21747.130000000092,21875.01000000009
2026-06-18 06:11:00,21747.130000000092,21844.630000000092
2026-06-18 07:11:00,21747.130000000092,21855.030000000093
2026-06-18 08:11:00,21747.130000000092,21857.75000000009
2026-06-18 09:11:00,21747.130000000092,21822.290000000092
2026-06-18 10:11:00,21747.130000000092,21838.210000000094
2026-06-18 11:11:00,21745.170000000093,21736.670000000104
2026-06-18 12:11:00,21526.430000000102,21526.430000000102
2026-06-18 13:11:00,21526.430000000102,21526.430000000102
2026-06-18 14:11:00,21526.430000000102,21526.430000000102
2026-06-18 15:11:00,21526.430000000102,21526.430000000102
2026-06-18 16:11:00,21526.430000000102,21526.430000000102
2026-06-18 17:11:00,21526.430000000102,21526.430000000102
2026-06-18 18:11:00,21526.430000000102,21526.430000000102
2026-06-18 19:11:00,21526.430000000102,21526.430000000102
2026-06-18 20:11:00,21526.430000000102,21526.430000000102
2026-06-18 21:11:00,21526.430000000102,21526.430000000102
2026-06-18 22:11:00,21526.430000000102,21526.430000000102
2026-06-18 23:11:00,21526.430000000102,21526.430000000102
2026-06-19 01:12:00,21526.430000000102,21526.430000000102
2026-06-19 02:12:00,21526.430000000102,21526.430000000102
2026-06-19 03:12:00,21526.430000000102,21526.430000000102
2026-06-19 04:12:00,21526.430000000102,21526.430000000102
2026-06-19 05:12:00,21526.430000000102,21526.430000000102
2026-06-19 06:12:00,21526.430000000102,21526.430000000102
2026-06-19 07:12:00,21526.430000000102,21526.430000000102
2026-06-19 08:12:00,21525.450000000103,21501.6500000001
2026-06-19 09:12:00,21525.450000000103,21620.1600000001
2026-06-19 10:12:00,21543.1400000001,21689.300000000097
2026-06-19 11:12:00,21578.5300000001,21754.730000000098
2026-06-19 12:12:00,21578.5300000001,21754.2800000001
2026-06-19 13:12:00,21578.5300000001,21696.080000000096
2026-06-19 14:12:00,21578.5300000001,21653.7300000001
2026-06-19 15:12:00,21578.5300000001,21710.3300000001
2026-06-19 16:12:00,21578.5300000001,21780.080000000096
2026-06-19 17:12:00,21578.5300000001,21667.980000000098
2026-06-19 18:12:00,21578.5300000001,21668.930000000102
2026-06-19 19:12:00,21578.5300000001,21646.980000000098
2026-06-22 01:11:00,21576.0300000001,21671.730000000098
2026-06-22 02:11:00,21576.0300000001,21720.730000000098
2026-06-22 03:11:00,21576.0300000001,21683.7300000001
2026-06-22 04:11:00,21646.8100000001,21961.4500000001
2026-06-22 05:11:00,21432.43000000009,21660.39000000009
2026-06-22 06:11:00,21432.43000000009,21642.47000000009
2026-06-22 07:11:00,21432.43000000009,21615.83000000009
2026-06-22 08:11:00,21432.43000000009,21636.95000000009
2026-06-22 09:11:00,21432.43000000009,21687.91000000009
2026-06-22 10:11:00,21432.43000000009,21705.19000000009
2026-06-22 11:11:00,21432.43000000009,21666.83000000009
2026-06-22 12:11:00,21432.43000000009,21731.39000000009
2026-06-22 13:11:00,21432.43000000009,21760.67000000009
2026-06-22 14:11:00,21432.43000000009,21737.95000000009
2026-06-22 15:11:00,21432.43000000009,21737.71000000009
2026-06-22 16:11:00,21432.43000000009,21678.59000000009
2026-06-22 17:11:00,21432.43000000009,21714.59000000009
2026-06-22 18:11:00,21432.43000000009,21700.630000000092
2026-06-22 19:11:00,21432.43000000009,21607.71000000009
2026-06-22 20:11:00,21432.43000000009,21659.51000000009
2026-06-22 21:11:00,21432.43000000009,21646.91000000009
2026-06-22 22:11:00,21432.43000000009,21673.03000000009
2026-06-22 23:11:00,21432.43000000009,21671.87000000009
2026-06-23 01:12:00,21430.43000000009,21674.55000000009
2026-06-23 02:12:00,21430.43000000009,21668.47000000009
2026-06-23 03:12:00,21430.43000000009,21622.43000000009
2026-06-23 04:12:00,21430.43000000009,21649.59000000009
2026-06-23 05:12:00,21430.43000000009,21511.87000000009
2026-06-23 06:12:00,21430.43000000009,21469.39000000009
2026-06-23 07:12:00,21430.03000000009,21430.03000000009
2026-06-23 08:12:00,21430.03000000009,21430.03000000009
2026-06-23 09:12:00,21430.03000000009,21430.03000000009
2026-06-23 10:12:00,21430.03000000009,21430.03000000009
2026-06-23 11:12:00,21430.03000000009,21430.03000000009
2026-06-23 12:12:00,21430.03000000009,21430.03000000009
2026-06-23 13:12:00,21430.03000000009,21430.03000000009
2026-06-23 14:12:00,21430.03000000009,21430.03000000009
2026-06-23 15:12:00,21430.03000000009,21430.03000000009
2026-06-23 16:12:00,21430.03000000009,21430.03000000009
2026-06-23 17:12:00,21430.03000000009,21430.03000000009
2026-06-23 18:12:00,21430.03000000009,21430.03000000009
2026-06-23 19:12:00,21430.03000000009,21430.03000000009
2026-06-23 20:12:00,21430.03000000009,21430.03000000009
2026-06-23 21:12:00,21430.03000000009,21430.03000000009
2026-06-23 22:12:00,21430.03000000009,21430.03000000009
2026-06-23 23:12:00,21430.03000000009,21430.03000000009
2026-06-24 01:13:00,21430.03000000009,21430.03000000009
2026-06-24 02:13:00,21430.03000000009,21430.03000000009
2026-06-24 03:13:00,21430.03000000009,21430.03000000009
2026-06-24 04:13:00,21430.03000000009,21430.03000000009
2026-06-24 05:13:00,21430.03000000009,21430.03000000009
2026-06-24 06:13:00,21430.03000000009,21430.03000000009
2026-06-24 07:13:00,21430.03000000009,21430.03000000009
2026-06-24 08:13:00,21430.03000000009,21430.03000000009
2026-06-24 09:13:00,21430.03000000009,21430.03000000009
2026-06-24 10:13:00,21430.03000000009,21430.03000000009
2026-06-24 11:13:00,21430.03000000009,21430.03000000009
2026-06-24 12:13:00,21430.03000000009,21430.03000000009
2026-06-24 13:13:00,21430.03000000009,21430.03000000009
2026-06-24 14:13:00,21430.03000000009,21430.03000000009
2026-06-24 15:13:00,21430.03000000009,21430.03000000009
2026-06-24 16:13:00,21430.03000000009,21430.03000000009
2026-06-24 17:13:00,21430.03000000009,21430.03000000009
2026-06-24 18:13:00,21430.03000000009,21430.03000000009
2026-06-24 19:13:00,21430.03000000009,21430.03000000009
2026-06-24 20:13:00,21430.03000000009,21430.03000000009
2026-06-24 21:13:00,21430.03000000009,21430.03000000009
2026-06-24 22:13:00,21430.03000000009,21430.03000000009
2026-06-24 23:13:00,21430.03000000009,21430.03000000009
2026-06-25 01:14:00,21430.03000000009,21430.03000000009
2026-06-25 02:14:00,21430.03000000009,21430.03000000009
2026-06-25 03:14:00,21426.11000000009,21352.47000000009
2026-06-25 04:14:00,21214.710000000083,21214.710000000083
2026-06-25 05:14:00,21214.710000000083,21214.710000000083
2026-06-25 06:14:00,21214.710000000083,21214.710000000083
2026-06-25 07:14:00,21214.710000000083,21214.710000000083
2026-06-25 08:14:00,21214.710000000083,21214.710000000083
2026-06-25 09:14:00,21214.710000000083,21214.710000000083
2026-06-25 10:14:00,21214.710000000083,21214.710000000083
2026-06-25 11:14:00,21214.710000000083,21214.710000000083
2026-06-25 12:14:00,21214.710000000083,21214.710000000083
2026-06-25 13:14:00,21214.710000000083,21214.710000000083
2026-06-25 14:14:00,21214.710000000083,21214.710000000083
2026-06-25 15:14:00,21214.710000000083,21214.710000000083
2026-06-25 16:14:00,21214.710000000083,21214.710000000083
2026-06-25 17:14:00,21214.710000000083,21214.710000000083
2026-06-25 18:14:00,21214.710000000083,21214.710000000083
2026-06-25 19:14:00,21214.710000000083,21214.710000000083
2026-06-25 20:14:00,21214.710000000083,21214.710000000083
2026-06-25 21:14:00,21214.710000000083,21214.710000000083
2026-06-25 22:14:00,21214.710000000083,21214.710000000083
2026-06-25 23:14:00,21214.710000000083,21214.710000000083
2026-06-26 01:15:00,21214.710000000083,21214.710000000083
2026-06-26 02:15:00,21214.710000000083,21214.710000000083
2026-06-26 03:15:00,21211.350000000082,21308.31000000008
2026-06-26 04:15:00,21241.110000000088,21241.110000000088
2026-06-26 05:15:00,21241.110000000088,21241.110000000088
2026-06-26 06:15:00,21241.110000000088,21241.110000000088
2026-06-26 07:15:00,21241.110000000088,21241.110000000088
2026-06-26 08:15:00,21241.110000000088,21241.110000000088
2026-06-26 09:15:00,21241.110000000088,21241.110000000088
2026-06-26 10:15:00,21241.110000000088,21241.110000000088
2026-06-26 11:15:00,21241.110000000088,21241.110000000088
2026-06-26 12:15:00,21241.110000000088,21241.110000000088
2026-06-26 13:15:00,21241.110000000088,21241.110000000088
2026-06-26 14:15:00,21241.110000000088,21241.110000000088
2026-06-26 15:15:00,21241.110000000088,21241.110000000088
2026-06-26 16:15:00,21241.110000000088,21241.110000000088
2026-06-26 17:15:00,21241.110000000088,21241.110000000088
2026-06-26 18:15:00,21241.110000000088,21241.110000000088
2026-06-26 19:15:00,21241.110000000088,21241.110000000088
2026-06-26 20:15:00,21241.110000000088,21241.110000000088
2026-06-26 21:15:00,21241.110000000088,21241.110000000088
2026-06-26 22:15:00,21241.110000000088,21241.110000000088
2026-06-26 23:15:00,21241.110000000088,21241.110000000088
2026-06-29 01:16:00,21241.110000000088,21241.110000000088
2026-06-29 02:16:00,21321.47000000009,21387.470000000092
2026-06-29 03:16:00,21320.47000000009,21320.47000000009
2026-06-29 04:16:00,21320.47000000009,21320.47000000009
2026-06-29 05:16:00,21320.47000000009,21320.47000000009
2026-06-29 06:16:00,21320.47000000009,21320.47000000009
2026-06-29 07:16:00,21320.47000000009,21320.47000000009
2026-06-29 08:16:00,21320.47000000009,21320.47000000009
2026-06-29 09:16:00,21320.47000000009,21320.47000000009
2026-06-29 10:16:00,21320.47000000009,21320.47000000009
2026-06-29 11:16:00,21320.47000000009,21320.47000000009
2026-06-29 12:16:00,21320.47000000009,21320.47000000009
2026-06-29 13:16:00,21320.47000000009,21320.47000000009
2026-06-29 14:16:00,21320.47000000009,21320.47000000009
2026-06-29 15:16:00,21320.47000000009,21320.47000000009
2026-06-29 16:16:00,21320.47000000009,21320.47000000009
2026-06-29 17:16:00,21320.47000000009,21320.47000000009
2026-06-29 18:16:00,21320.47000000009,21320.47000000009
2026-06-29 19:16:00,21320.47000000009,21320.47000000009
2026-06-29 20:16:00,21320.47000000009,21320.47000000009
2026-06-29 21:16:00,21320.47000000009,21320.47000000009
2026-06-29 22:16:00,21320.47000000009,21320.47000000009
2026-06-29 23:16:00,21320.47000000009,21320.47000000009
2026-06-30 01:17:00,21320.47000000009,21320.47000000009
2026-06-30 02:17:00,21320.47000000009,21320.47000000009
2026-06-30 03:17:00,21320.47000000009,21320.47000000009
2026-06-30 04:17:00,21320.47000000009,21320.47000000009
2026-06-30 05:17:00,21320.47000000009,21320.47000000009
2026-06-30 06:17:00,21320.47000000009,21320.47000000009
2026-06-30 07:17:00,21320.47000000009,21320.47000000009
2026-06-30 08:17:00,21320.47000000009,21320.47000000009
2026-06-30 09:17:00,21320.47000000009,21320.47000000009
2026-06-30 10:17:00,21320.47000000009,21320.47000000009
2026-06-30 11:17:00,21320.47000000009,21320.47000000009
2026-06-30 12:17:00,21320.47000000009,21320.47000000009
2026-06-30 13:17:00,21320.47000000009,21320.47000000009
2026-06-30 14:17:00,21316.410000000087,21243.04000000008
2026-06-30 15:17:00,21103.260000000086,21103.260000000086
2026-06-30 16:17:00,21233.180000000088,21755.620000000083
2026-06-30 17:17:00,21882.680000000084,22354.760000000082
2026-06-30 18:17:00,21986.700000000084,22190.100000000082
2026-06-30 19:17:00,22014.760000000086,22289.840000000077
2026-06-30 20:17:00,22013.160000000087,22200.480000000083
2026-06-30 21:17:00,22013.160000000087,22247.880000000085
2026-06-30 22:17:00,22013.160000000087,22169.760000000082
2026-06-30 23:17:00,22013.160000000087,22103.040000000085
2026-07-01 01:18:00,22011.960000000086,22011.960000000086
2026-07-01 02:18:00,22011.960000000086,22011.960000000086
2026-07-01 03:18:00,22011.960000000086,22011.960000000086
2026-07-01 04:18:00,21786.210000000086,21786.210000000086
2026-07-01 05:18:00,21786.210000000086,21786.210000000086
2026-07-01 06:18:00,21786.210000000086,21786.210000000086
2026-07-01 07:18:00,21786.210000000086,21786.210000000086
2026-07-01 08:18:00,21786.210000000086,21786.210000000086
2026-07-01 09:18:00,21786.210000000086,21786.210000000086
2026-07-01 10:18:00,21786.210000000086,21786.210000000086
2026-07-01 11:18:00,21786.210000000086,21786.210000000086
2026-07-01 12:18:00,21786.210000000086,21786.210000000086
2026-07-01 13:18:00,21786.210000000086,21786.210000000086
2026-07-01 14:18:00,21786.210000000086,21786.210000000086
2026-07-01 15:18:00,21786.210000000086,21786.210000000086
2026-07-01 16:18:00,21813.850000000086,21938.350000000082
2026-07-01 17:18:00,22304.960000000083,22304.960000000083
2026-07-01 18:18:00,22304.960000000083,22304.960000000083
2026-07-01 19:18:00,22304.960000000083,22304.960000000083
2026-07-01 20:18:00,22304.960000000083,22304.960000000083
2026-07-01 21:18:00,22304.960000000083,22304.960000000083
2026-07-01 22:18:00,22304.960000000083,22304.960000000083
2026-07-01 23:18:00,22304.960000000083,22304.960000000083
2026-07-02 01:19:00,22302.300000000083,22369.750000000087
2026-07-02 02:19:00,22332.300000000083,22384.97000000008
2026-07-02 03:19:00,22356.800000000087,22356.800000000087
2026-07-02 04:19:00,22356.800000000087,22356.800000000087
2026-07-02 05:19:00,22382.220000000085,22382.220000000085
2026-07-02 06:19:00,22382.220000000085,22382.220000000085
2026-07-02 07:19:00,22382.220000000085,22382.220000000085
2026-07-02 08:19:00,22382.220000000085,22382.220000000085
2026-07-02 09:19:00,22382.220000000085,22382.220000000085
2026-07-02 10:19:00,22382.220000000085,22382.220000000085
2026-07-02 11:19:00,22382.220000000085,22382.220000000085
2026-07-02 12:19:00,22382.220000000085,22382.220000000085
2026-07-02 13:19:00,22382.220000000085,22382.220000000085
2026-07-02 14:19:00,22382.220000000085,22382.220000000085
2026-07-02 15:19:00,22382.220000000085,22382.220000000085
2026-07-02 16:19:00,22382.220000000085,22382.220000000085
2026-07-02 17:19:00,22406.640000000087,22503.84000000008
2026-07-02 18:19:00,22405.14000000008,22405.14000000008
2026-07-02 19:19:00,22405.14000000008,22405.14000000008
2026-07-02 20:19:00,22405.14000000008,22405.14000000008
2026-07-02 21:19:00,22405.14000000008,22405.14000000008
2026-07-02 22:19:00,22405.14000000008,22405.14000000008
2026-07-02 23:19:00,22405.14000000008,22405.14000000008
2026-07-03 01:20:00,22405.14000000008,22405.14000000008
2026-07-03 02:20:00,22405.14000000008,22405.14000000008
2026-07-03 03:20:00,22405.14000000008,22405.14000000008
2026-07-03 04:20:00,22405.14000000008,22405.14000000008
2026-07-03 05:20:00,22405.14000000008,22405.14000000008
2026-07-03 06:20:00,22405.14000000008,22405.14000000008
2026-07-03 07:20:00,22405.14000000008,22405.14000000008
2026-07-03 08:20:00,22405.14000000008,22405.14000000008
2026-07-03 09:20:00,22427.290000000063,22407.530000000057
2026-07-03 10:23:00,22457.23000000006,22502.830000000056
2026-07-03 11:23:00,22457.23000000006,22617.13000000006
2026-07-03 12:23:00,22457.23000000006,22517.63000000006
2026-07-03 13:23:00,22457.23000000006,22581.930000000055
2026-07-03 14:23:00,22457.23000000006,22635.53000000006
2026-07-03 15:23:00,22457.23000000006,22526.530000000057
2026-07-03 16:23:00,22456.23000000006,22456.23000000006
2026-07-03 17:23:00,22482.39000000006,22581.93000000006
2026-07-03 18:23:00,22542.27000000006,22705.020000000062
2026-07-03 19:23:00,22542.27000000006,22644.87000000006
2026-07-06 01:22:00,22657.590000000062,22858.290000000063
2026-07-06 02:22:00,22657.590000000062,22930.83000000006
2026-07-06 03:22:00,23017.050000000057,23017.050000000057
2026-07-06 04:22:00,23104.010000000053,23104.010000000053
2026-07-06 05:22:00,23104.010000000053,23104.010000000053
2026-07-06 06:22:00,23104.010000000053,23104.010000000053
2026-07-06 07:22:00,23104.010000000053,23104.010000000053
2026-07-06 08:22:00,23104.010000000053,23104.010000000053
2026-07-06 09:22:00,23104.010000000053,23104.010000000053
2026-07-06 10:22:00,23104.010000000053,23104.010000000053
2026-07-06 11:22:00,23104.010000000053,23104.010000000053
2026-07-06 12:22:00,23104.010000000053,23104.010000000053
2026-07-06 13:22:00,23104.010000000053,23104.010000000053
2026-07-06 14:22:00,23104.010000000053,23104.010000000053
2026-07-06 15:22:00,23104.010000000053,23104.010000000053
2026-07-06 16:22:00,23104.010000000053,23104.010000000053
2026-07-06 17:22:00,23104.010000000053,23104.010000000053
2026-07-06 18:22:00,23104.010000000053,23104.010000000053
2026-07-06 19:22:00,23104.010000000053,23104.010000000053
2026-07-06 20:22:00,23104.010000000053,23104.010000000053
2026-07-06 21:22:00,23104.010000000053,23104.010000000053
2026-07-06 22:22:00,23104.010000000053,23104.010000000053
2026-07-06 23:22:00,23104.010000000053,23104.010000000053
2026-07-07 01:23:00,23104.010000000053,23104.010000000053
2026-07-07 02:23:00,23104.010000000053,23104.010000000053
2026-07-07 03:23:00,23104.010000000053,23104.010000000053
2026-07-07 04:23:00,23104.010000000053,23104.010000000053
2026-07-07 05:23:00,23104.010000000053,23104.010000000053
2026-07-07 06:23:00,23104.010000000053,23104.010000000053
2026-07-07 07:23:00,23104.010000000053,23104.010000000053
2026-07-07 08:23:00,23104.010000000053,23104.010000000053
2026-07-07 09:23:00,23104.010000000053,23104.010000000053
2026-07-07 10:23:00,23104.010000000053,23104.010000000053
2026-07-07 11:23:00,23104.010000000053,23104.010000000053
2026-07-07 12:23:00,23104.010000000053,23104.010000000053
2026-07-07 13:23:00,23104.010000000053,23104.010000000053
2026-07-07 14:23:00,23104.010000000053,23104.010000000053
2026-07-07 15:23:00,23104.010000000053,23104.010000000053
2026-07-07 16:23:00,23104.010000000053,23104.010000000053
2026-07-07 17:23:00,23104.010000000053,23104.010000000053
2026-07-07 18:23:00,23104.010000000053,23104.010000000053
2026-07-07 19:23:00,23104.010000000053,23104.010000000053
2026-07-07 20:23:00,23104.010000000053,23104.010000000053
2026-07-07 21:23:00,23104.010000000053,23104.010000000053
2026-07-07 22:23:00,23104.010000000053,23104.010000000053
2026-07-07 23:23:00,23104.010000000053,23104.010000000053
2026-07-08 01:24:00,23104.010000000053,23104.010000000053
2026-07-08 02:24:00,23104.010000000053,23104.010000000053
2026-07-08 03:24:00,23104.010000000053,23104.010000000053
2026-07-08 04:24:00,23104.010000000053,23104.010000000053
2026-07-08 05:24:00,23104.010000000053,23104.010000000053
2026-07-08 06:24:00,23104.010000000053,23104.010000000053
2026-07-08 07:24:00,23104.010000000053,23104.010000000053
2026-07-08 08:24:00,23104.010000000053,23104.010000000053
2026-07-08 09:24:00,23104.010000000053,23104.010000000053
2026-07-08 10:24:00,23104.010000000053,23104.010000000053
2026-07-08 11:24:00,23104.010000000053,23104.010000000053
2026-07-08 12:24:00,23104.010000000053,23104.010000000053
2026-07-08 13:24:00,23104.010000000053,23104.010000000053
2026-07-08 14:24:00,23104.010000000053,23104.010000000053
2026-07-08 15:24:00,23104.010000000053,23104.010000000053
2026-07-08 16:24:00,23104.010000000053,23104.010000000053
2026-07-08 17:24:00,23104.010000000053,23104.010000000053
2026-07-08 18:24:00,23104.010000000053,23104.010000000053
2026-07-08 19:24:00,23104.010000000053,23104.010000000053
2026-07-08 20:24:00,23104.010000000053,23104.010000000053
2026-07-08 21:24:00,23104.010000000053,23104.010000000053
2026-07-08 22:24:00,23104.010000000053,23104.010000000053
2026-07-08 23:24:00,23104.010000000053,23104.010000000053
2026-07-09 01:25:00,23104.010000000053,23104.010000000053
2026-07-09 02:25:00,23104.010000000053,23104.010000000053
2026-07-09 03:25:00,23104.010000000053,23104.010000000053
2026-07-09 04:25:00,23104.010000000053,23104.010000000053
2026-07-09 05:25:00,23104.010000000053,23104.010000000053
2026-07-09 06:25:00,23101.070000000054,23143.910000000054
2026-07-09 07:25:00,23131.070000000058,23131.070000000058
2026-07-09 08:25:00,23131.070000000058,23131.070000000058
2026-07-09 09:25:00,23125.33000000006,22874.45000000005
2026-07-09 10:25:00,23125.33000000006,22635.830000000064
2026-07-09 11:25:00,22450.54000000006,22267.26000000006
2026-07-09 12:25:00,22450.54000000006,22316.700000000055
2026-07-09 13:25:00,22450.54000000006,22346.380000000056
2026-07-09 14:25:00,22476.460000000057,22470.580000000053
2026-07-09 15:25:00,22323.260000000057,22422.060000000056
2026-07-09 16:25:00,22437.020000000055,22608.800000000054
2026-07-09 17:25:00,22437.020000000055,22600.64000000005
2026-07-09 18:25:00,22437.020000000055,22632.14000000005
2026-07-09 19:25:00,22437.020000000055,22634.000000000055
2026-07-09 20:25:00,22437.020000000055,22618.520000000055
2026-07-09 21:25:00,22437.020000000055,22602.020000000055
2026-07-09 22:25:00,22437.020000000055,22585.760000000053
2026-07-09 23:25:00,22437.020000000055,22592.540000000055
2026-07-10 01:26:00,22434.020000000055,22604.060000000056
2026-07-10 02:26:00,22434.020000000055,22593.320000000058
2026-07-10 03:26:00,22434.020000000055,22572.68000000005
2026-07-10 04:26:00,22434.020000000055,22588.64000000005
2026-07-10 05:26:00,22434.020000000055,22604.960000000054
2026-07-10 06:26:00,22434.020000000055,22604.060000000056
2026-07-10 07:26:00,22434.020000000055,22536.620000000057
2026-07-10 08:26:00,22434.020000000055,22542.200000000055
2026-07-10 09:26:00,22434.020000000055,22562.36000000006
2026-07-10 10:26:00,22434.020000000055,22538.720000000052
2026-07-10 11:26:00,22434.020000000055,22488.440000000053
2026-07-10 12:26:00,22433.420000000056,22433.420000000056
2026-07-10 13:26:00,22433.420000000056,22433.420000000056
2026-07-10 14:26:00,22433.420000000056,22433.420000000056
2026-07-10 15:26:00,22433.420000000056,22433.420000000056
2026-07-10 16:26:00,22433.420000000056,22433.420000000056
2026-07-10 17:26:00,22433.420000000056,22433.420000000056
2026-07-10 18:26:00,22433.420000000056,22433.420000000056
2026-07-10 19:26:00,22433.420000000056,22433.420000000056
2026-07-10 20:26:00,22433.420000000056,22433.420000000056
2026-07-10 21:26:00,22433.420000000056,22433.420000000056
2026-07-10 22:26:00,22433.420000000056,22433.420000000056
2026-07-10 23:26:00,22433.420000000056,22433.420000000056
2026-07-13 01:27:00,22433.420000000056,22433.420000000056
2026-07-13 02:27:00,22433.420000000056,22433.420000000056
2026-07-13 03:27:00,22433.420000000056,22433.420000000056
2026-07-13 04:27:00,22433.420000000056,22433.420000000056
2026-07-13 05:27:00,22433.420000000056,22433.420000000056
2026-07-13 06:27:00,22433.420000000056,22433.420000000056
2026-07-13 07:27:00,22433.420000000056,22433.420000000056
2026-07-13 08:27:00,22459.720000000056,22571.520000000048
2026-07-13 09:27:00,22639.420000000056,22716.220000000056
2026-07-13 10:27:00,22639.420000000056,22710.940000000053
2026-07-13 11:27:00,22638.620000000057,22638.620000000057
2026-07-13 12:27:00,22638.620000000057,22638.620000000057
2026-07-13 13:27:00,22638.620000000057,22638.620000000057
2026-07-13 14:27:00,22638.620000000057,22638.620000000057
2026-07-13 15:27:00,22638.620000000057,22638.620000000057
2026-07-13 16:27:00,22638.620000000057,22638.620000000057
2026-07-13 17:27:00,22638.620000000057,22638.620000000057
2026-07-13 18:27:00,22638.620000000057,22638.620000000057
2026-07-13 19:27:00,22638.620000000057,22638.620000000057
2026-07-13 20:27:00,22638.620000000057,22638.620000000057
2026-07-13 21:27:00,22638.620000000057,22638.620000000057
2026-07-13 22:27:00,22638.620000000057,22638.620000000057
2026-07-13 23:27:00,22638.620000000057,22638.620000000057
2026-07-14 01:28:00,22638.620000000057,22638.620000000057
2026-07-14 02:28:00,22638.620000000057,22638.620000000057
2026-07-14 03:28:00,22638.620000000057,22638.620000000057
2026-07-14 04:28:00,22638.620000000057,22638.620000000057
2026-07-14 05:28:00,22638.620000000057,22638.620000000057
2026-07-14 06:28:00,22638.620000000057,22638.620000000057
2026-07-14 07:28:00,22638.620000000057,22638.620000000057
2026-07-14 08:28:00,22638.620000000057,22638.620000000057
2026-07-14 09:28:00,22638.620000000057,22638.620000000057
2026-07-14 10:28:00,22638.620000000057,22638.620000000057
2026-07-14 11:28:00,22638.620000000057,22638.620000000057
2026-07-14 12:28:00,22638.620000000057,22638.620000000057
2026-07-14 13:28:00,22638.620000000057,22638.620000000057
2026-07-14 14:28:00,22638.620000000057,22638.620000000057
2026-07-14 15:28:00,22638.620000000057,22638.620000000057
2026-07-14 16:28:00,22733.120000000057,22834.820000000058
2026-07-14 17:28:00,22733.120000000057,22882.760000000057
2026-07-14 18:28:00,22733.120000000057,22833.86000000006
2026-07-14 19:28:00,22860.640000000058,22939.93000000006
2026-07-14 20:28:00,22860.640000000058,22945.210000000057
2026-07-14 21:28:00,22860.640000000058,22935.460000000057
2026-07-14 22:28:00,22860.640000000058,22923.00000000006
2026-07-14 23:28:00,22860.640000000058,22925.650000000056
2026-07-15 01:29:00,22854.490000000056,22916.340000000055
2026-07-15 02:29:00,22854.490000000056,22921.09000000006
2026-07-15 03:29:00,22854.490000000056,22929.470000000056
2026-07-15 04:29:00,22854.490000000056,22922.030000000057
2026-07-15 05:29:00,22663.34000000006,22867.88000000006
2026-07-15 06:29:00,22663.34000000006,22874.120000000057
2026-07-15 07:29:00,22663.34000000006,22866.230000000058
2026-07-15 08:29:00,22663.34000000006,22891.910000000058
2026-07-15 09:29:00,22663.34000000006,22887.890000000058
2026-07-15 10:29:00,22663.34000000006,22894.820000000058
2026-07-15 11:29:00,22663.34000000006,22888.100000000057
2026-07-15 12:29:00,22663.34000000006,22884.95000000006
2026-07-15 13:29:00,22663.34000000006,22880.600000000057
2026-07-15 14:29:00,22663.34000000006,22874.93000000006
2026-07-15 15:29:00,22663.34000000006,22848.53000000006
2026-07-15 16:29:00,22663.34000000006,22799.36000000006
2026-07-15 17:29:00,22663.34000000006,22792.460000000057
2026-07-15 18:29:00,22692.70000000005,22849.510000000053
2026-07-15 19:29:00,22692.70000000005,22892.260000000053
2026-07-15 20:29:00,22692.70000000005,22853.980000000054
2026-07-15 21:29:00,22692.70000000005,22773.16000000005
2026-07-15 22:29:00,22783.010000000053,23077.380000000052
2026-07-15 23:29:00,22783.010000000053,23024.68000000006
2026-07-16 01:30:00,22784.880000000052,23134.370000000035
2026-07-16 02:30:00,22884.51000000005,23285.12000000004
2026-07-16 03:30:00,22884.51000000005,23218.71000000005
2026-07-16 04:30:00,23199.610000000037,23545.770000000037
2026-07-16 05:30:00,23199.610000000037,23576.010000000035
2026-07-16 06:30:00,23199.610000000037,23581.19000000004
2026-07-16 07:30:00,23199.610000000037,23580.21000000004
2026-07-16 08:30:00,23199.610000000037,23626.060000000038
2026-07-16 09:30:00,23199.610000000037,23610.800000000036
2026-07-16 10:30:00,23199.610000000037,23650.910000000036
2026-07-16 11:30:00,23199.610000000037,23585.810000000038
2026-07-16 12:30:00,23199.610000000037,23588.050000000036
2026-07-16 13:30:00,23199.610000000037,23589.03000000004
2026-07-16 14:30:00,23199.610000000037,23647.270000000037
2026-07-16 15:30:00,23456.080000000038,23660.16000000004
2026-07-16 16:30:00,23783.640000000036,23783.640000000036
2026-07-16 17:30:00,23783.640000000036,23783.640000000036
2026-07-16 18:30:00,23783.640000000036,23783.640000000036
2026-07-16 19:30:00,23544.10000000002,23544.10000000002
2026-07-16 20:30:00,23544.10000000002,23544.10000000002
2026-07-16 21:30:00,23544.10000000002,23544.10000000002
2026-07-16 22:30:00,23544.10000000002,23544.10000000002
2026-07-16 23:30:00,23544.10000000002,23544.10000000002
2026-07-17 01:31:00,23544.10000000002,23544.10000000002
2026-07-17 02:31:00,23544.10000000002,23544.10000000002
2026-07-17 03:31:00,23544.10000000002,23544.10000000002
2026-07-17 04:31:00,23544.10000000002,23544.10000000002
2026-07-17 05:31:00,23544.10000000002,23544.10000000002
2026-07-17 06:31:00,23544.10000000002,23544.10000000002
2026-07-17 07:31:00,23544.10000000002,23544.10000000002
2026-07-17 08:31:00,23544.10000000002,23544.10000000002
2026-07-17 09:31:00,23544.10000000002,23544.10000000002
2026-07-17 10:31:00,23544.10000000002,23544.10000000002
2026-07-17 11:31:00,23544.10000000002,23544.10000000002
2026-07-17 12:31:00,23544.10000000002,23544.10000000002
2026-07-17 13:31:00,23544.10000000002,23544.10000000002
2026-07-17 14:31:00,23544.10000000002,23544.10000000002
2026-07-17 15:31:00,23544.10000000002,23544.10000000002
2026-07-17 16:31:00,23544.10000000002,23544.10000000002
2026-07-17 17:31:00,23544.10000000002,23544.10000000002
2026-07-17 18:31:00,23544.10000000002,23544.10000000002
2026-07-17 19:31:00,23544.10000000002,23544.10000000002
2026-07-17 20:31:00,23544.10000000002,23544.10000000002
2026-07-17 21:31:00,23544.10000000002,23544.10000000002
2026-07-17 22:31:00,23544.10000000002,23544.10000000002
2026-07-17 23:31:00,23544.10000000002,23544.10000000002
2026-07-20 01:32:00,23544.10000000002,23544.10000000002
2026-07-20 02:32:00,23544.10000000002,23544.10000000002
2026-07-20 03:32:00,23537.94000000002,23607.840000000004
2026-07-20 04:32:00,23077.450000000026,23077.450000000026
2026-07-20 05:32:00,23077.450000000026,23077.450000000026
2026-07-20 06:32:00,23075.210000000025,23145.450000000023
2026-07-20 07:32:00,23075.210000000025,23091.530000000024
2026-07-20 08:32:00,23109.010000000024,23250.970000000023
2026-07-20 09:32:00,23176.610000000022,23344.850000000024
2026-07-20 10:32:00,23176.610000000022,23294.690000000024
2026-07-20 11:32:00,23175.81000000002,23175.81000000002
2026-07-20 12:32:00,23175.81000000002,23175.81000000002
2026-07-20 13:32:00,23175.81000000002,23175.81000000002
2026-07-20 14:32:00,23175.81000000002,23175.81000000002
2026-07-20 15:32:00,23175.81000000002,23175.81000000002
2026-07-20 16:32:00,23175.81000000002,23175.81000000002
2026-07-20 17:32:00,23175.81000000002,23175.81000000002
2026-07-20 18:32:00,23202.620000000017,23263.340000000022
2026-07-20 19:32:00,23200.220000000016,23200.220000000016
2026-07-20 20:32:00,23200.220000000016,23200.220000000016
2026-07-20 21:32:00,23200.220000000016,23200.220000000016
2026-07-20 22:32:00,23200.220000000016,23200.220000000016
2026-07-20 23:32:00,23200.220000000016,23200.220000000016
2026-07-21 01:33:00,23200.220000000016,23200.220000000016
2026-07-21 02:33:00,23200.220000000016,23200.220000000016
2026-07-21 03:33:00,23200.220000000016,23200.220000000016
2026-07-21 04:33:00,23200.220000000016,23200.220000000016
2026-07-21 05:33:00,23200.220000000016,23200.220000000016
2026-07-21 06:33:00,23200.220000000016,23200.220000000016
2026-07-21 07:33:00,23200.220000000016,23200.220000000016
2026-07-21 08:33:00,23200.220000000016,23200.220000000016
2026-07-21 09:33:00,23200.220000000016,23200.220000000016
2026-07-21 10:33:00,23200.220000000016,23200.220000000016
2026-07-21 11:33:00,23200.220000000016,23200.220000000016
2026-07-21 12:33:00,23200.220000000016,23200.220000000016
2026-07-21 13:33:00,23200.220000000016,23200.220000000016
2026-07-21 14:33:00,23200.220000000016,23200.220000000016
2026-07-21 15:33:00,23200.220000000016,23200.220000000016
2026-07-21 16:33:00,23200.220000000016,23200.220000000016
2026-07-21 17:33:00,23200.220000000016,23200.220000000016
2026-07-21 18:33:00,23200.220000000016,23200.220000000016
2026-07-21 19:33:00,23200.220000000016,23200.220000000016
2026-07-21 20:33:00,23200.220000000016,23200.220000000016
2026-07-21 21:33:00,23200.220000000016,23200.220000000016
2026-07-21 22:33:00,23200.220000000016,23200.220000000016
2026-07-21 23:33:00,23200.220000000016,23200.220000000016
2026-07-22 01:34:00,23200.220000000016,23200.220000000016
2026-07-22 02:34:00,23200.220000000016,23200.220000000016
2026-07-22 03:34:00,23200.220000000016,23200.220000000016
2026-07-22 04:34:00,23200.220000000016,23200.220000000016
2026-07-22 05:34:00,23200.220000000016,23200.220000000016
2026-07-22 06:34:00,23200.220000000016,23200.220000000016
2026-07-22 07:34:00,23200.220000000016,23200.220000000016
2026-07-22 08:34:00,23200.220000000016,23200.220000000016
2026-07-22 09:34:00,23200.220000000016,23200.220000000016
2026-07-22 10:34:00,23200.220000000016,23200.220000000016
2026-07-22 11:34:00,23227.100000000017,23315.86000000002
2026-07-22 12:34:00,23227.100000000017,23308.300000000017
2026-07-22 13:34:00,23227.100000000017,23329.020000000026
2026-07-22 14:34:00,23227.100000000017,23343.72000000003
2026-07-22 15:34:00,23285.90000000002,23447.300000000025
2026-07-22 16:34:00,23284.900000000023,23284.900000000023
2026-07-22 17:34:00,23284.900000000023,23284.900000000023
2026-07-22 18:34:00,23284.900000000023,23284.900000000023
2026-07-22 19:34:00,23284.900000000023,23284.900000000023
2026-07-22 20:34:00,23284.900000000023,23284.900000000023
2026-07-22 21:34:00,23284.900000000023,23284.900000000023
2026-07-22 22:34:00,23284.900000000023,23284.900000000023
2026-07-22 23:34:00,23284.900000000023,23284.900000000023
2026-07-23 01:35:00,23284.900000000023,23284.900000000023
2026-07-23 02:35:00,23284.900000000023,23284.900000000023
2026-07-23 03:35:00,23284.900000000023,23284.900000000023
2026-07-23 04:35:00,23284.900000000023,23284.900000000023
2026-07-23 05:35:00,23284.900000000023,23284.900000000023
2026-07-23 06:35:00,23284.900000000023,23284.900000000023
2026-07-23 07:35:00,23284.900000000023,23284.900000000023
2026-07-23 08:35:00,23284.900000000023,23284.900000000023
2026-07-23 09:35:00,23284.900000000023,23284.900000000023
2026-07-23 10:35:00,23284.900000000023,23284.900000000023
2026-07-23 11:35:00,23284.900000000023,23284.900000000023
2026-07-23 12:35:00,23284.900000000023,23284.900000000023
2026-07-23 13:35:00,23284.900000000023,23284.900000000023
2026-07-23 14:35:00,23284.900000000023,23284.900000000023
2026-07-23 15:35:00,23284.900000000023,23284.900000000023
2026-07-23 16:35:00,23284.900000000023,23284.900000000023
2026-07-23 17:35:00,23284.900000000023,23284.900000000023
2026-07-23 18:35:00,23284.900000000023,23284.900000000023
2026-07-23 19:35:00,23284.900000000023,23284.900000000023
2026-07-23 20:35:00,23284.900000000023,23284.900000000023
2026-07-23 21:35:00,23284.900000000023,23284.900000000023
2026-07-23 22:35:00,23284.900000000023,23284.900000000023
2026-07-23 23:35:00,23284.900000000023,23284.900000000023
2026-07-24 01:36:00,23284.900000000023,23284.900000000023
2026-07-24 02:36:00,23284.900000000023,23284.900000000023
2026-07-24 03:36:00,23284.900000000023,23284.900000000023
2026-07-24 04:36:00,23284.900000000023,23284.900000000023
2026-07-24 05:36:00,23284.900000000023,23284.900000000023
2026-07-24 06:36:00,23284.900000000023,23284.900000000023
2026-07-24 07:36:00,23284.900000000023,23284.900000000023
2026-07-24 08:36:00,23284.900000000023,23284.900000000023
2026-07-24 09:36:00,23284.900000000023,23284.900000000023
2026-07-24 10:36:00,23284.900000000023,23284.900000000023
2026-07-24 11:36:00,23284.900000000023,23284.900000000023
2026-07-24 12:36:00,23284.900000000023,23284.900000000023
2026-07-24 13:36:00,23284.900000000023,23284.900000000023
2026-07-24 14:36:00,23284.900000000023,23284.900000000023
2026-07-24 15:36:00,23284.900000000023,23284.900000000023
2026-07-24 16:36:00,23284.900000000023,23284.900000000023
2026-07-24 17:36:00,23284.900000000023,23284.900000000023
2026-07-24 18:36:00,23284.900000000023,23284.900000000023
2026-07-24 19:36:00,23312.900000000027,23312.900000000027
2026-07-24 20:36:00,23312.900000000027,23312.900000000027
2026-07-24 21:36:00,23312.900000000027,23312.900000000027
2026-07-24 22:36:00,23312.900000000027,23312.900000000027
2026-07-24 23:36:00,23312.900000000027,23312.900000000027
2026-07-27 01:37:00,23312.900000000027,23312.900000000027
2026-07-27 02:37:00,23312.900000000027,23312.900000000027
2026-07-27 03:37:00,23312.900000000027,23312.900000000027
2026-07-27 04:37:00,23312.900000000027,23312.900000000027
2026-07-27 05:37:00,23312.900000000027,23312.900000000027
2026-07-27 06:37:00,23312.900000000027,23312.900000000027
2026-07-27 07:37:00,23312.900000000027,23312.900000000027
2026-07-27 08:37:00,23312.900000000027,23312.900000000027
2026-07-27 09:37:00,23312.900000000027,23312.900000000027
2026-07-27 10:37:00,23312.900000000027,23312.900000000027
2026-07-27 11:37:00,23312.900000000027,23312.900000000027
2026-07-27 12:37:00,23312.900000000027,23312.900000000027
2026-07-27 13:37:00,23312.900000000027,23312.900000000027
2026-07-27 14:37:00,23312.900000000027,23312.900000000027
2026-07-27 15:37:00,23312.900000000027,23312.900000000027
2026-07-27 16:37:00,23312.900000000027,23312.900000000027
2026-07-27 17:37:00,23312.900000000027,23312.900000000027
2026-07-27 18:37:00,23312.900000000027,23312.900000000027
2026-07-27 19:37:00,23312.900000000027,23312.900000000027
2026-07-27 20:37:00,23312.900000000027,23312.900000000027
2026-07-27 21:37:00,23312.900000000027,23312.900000000027
2026-07-27 22:37:00,23312.900000000027,23312.900000000027
2026-07-27 23:37:00,23312.900000000027,23312.900000000027
2026-07-28 01:38:00,23312.900000000027,23312.900000000027
2026-07-28 02:38:00,23312.900000000027,23312.900000000027
2026-07-28 03:38:00,23312.900000000027,23312.900000000027
2026-07-28 04:38:00,23312.900000000027,23312.900000000027
2026-07-28 05:38:00,23312.900000000027,23312.900000000027
2026-07-28 06:38:00,23312.900000000027,23312.900000000027
2026-07-28 07:38:00,23312.900000000027,23312.900000000027
2026-07-28 08:38:00,23312.900000000027,23312.900000000027
2026-07-28 09:38:00,23312.900000000027,23312.900000000027
2026-07-28 10:38:00,23312.900000000027,23312.900000000027
2026-07-28 11:38:00,23312.900000000027,23312.900000000027
2026-07-28 12:38:00,23312.900000000027,23312.900000000027
2026-07-28 13:38:00,23312.900000000027,23312.900000000027
2026-07-28 14:38:00,23312.900000000027,23312.900000000027
2026-07-28 15:38:00,23312.900000000027,23312.900000000027
2026-07-28 16:38:00,23312.900000000027,23312.900000000027
2026-07-28 17:38:00,23312.900000000027,23312.900000000027
2026-07-28 18:38:00,23312.900000000027,23312.900000000027
2026-07-28 19:38:00,23312.900000000027,23312.900000000027
2026-07-28 20:38:00,23312.900000000027,23312.900000000027
2026-07-28 21:38:00,23312.900000000027,23312.900000000027
2026-07-28 22:38:00,23312.900000000027,23312.900000000027
2026-07-28 23:38:00,23312.900000000027,23312.900000000027
2026-07-29 01:39:00,23312.900000000027,23312.900000000027
2026-07-29 02:39:00,23312.900000000027,23312.900000000027
2026-07-29 03:39:00,23312.900000000027,23312.900000000027
2026-07-29 04:39:00,23312.900000000027,23312.900000000027
2026-07-29 05:39:00,23312.900000000027,23312.900000000027
2026-07-29 06:39:00,23312.900000000027,23312.900000000027
2026-07-29 07:39:00,23312.900000000027,23312.900000000027
2026-07-29 08:39:00,23312.900000000027,23312.900000000027
2026-07-29 09:39:00,23312.900000000027,23312.900000000027
2026-07-29 10:39:00,23312.900000000027,23312.900000000027
2026-07-29 11:39:00,23312.900000000027,23312.900000000027
2026-07-29 12:39:00,23312.900000000027,23312.900000000027
2026-07-29 13:39:00,23312.900000000027,23312.900000000027
2026-07-29 14:39:00,23312.900000000027,23312.900000000027
2026-07-29 15:39:00,23312.900000000027,23312.900000000027
2026-07-29 16:39:00,23312.900000000027,23312.900000000027
2026-07-29 17:39:00,23312.900000000027,23312.900000000027
2026-07-29 18:39:00,23312.900000000027,23312.900000000027
2026-07-29 19:39:00,23312.900000000027,23312.900000000027
2026-07-29 20:39:00,23312.900000000027,23312.900000000027
2026-07-29 21:39:00,23312.900000000027,23312.900000000027
2026-07-29 22:39:00,23312.900000000027,23312.900000000027
2026-07-29 23:39:00,23312.900000000027,23312.900000000027
2026-07-30 01:40:00,23312.900000000027,23312.900000000027
2026-07-30 02:40:00,23312.900000000027,23312.900000000027
2026-07-30 03:40:00,23312.900000000027,23312.900000000027
2026-07-30 04:40:00,23312.900000000027,23312.900000000027
2026-07-30 05:40:00,23312.900000000027,23312.900000000027
2026-07-30 06:40:00,23312.900000000027,23312.900000000027
2026-07-30 07:40:00,23312.900000000027,23312.900000000027
2026-07-30 08:40:00,23311.780000000028,23334.740000000027
2026-07-30 09:40:00,23311.780000000028,23336.420000000027
2026-07-30 10:40:00,23105.08000000003,23159.74000000003
2026-07-30 11:40:00,23172.02000000003,23300.90000000003
2026-07-30 12:40:00,23172.02000000003,23299.740000000027
2026-07-30 13:40:00,23172.02000000003,23363.740000000027
2026-07-30 14:40:00,23172.02000000003,23352.50000000003
2026-07-30 15:40:00,23172.02000000003,23337.54000000003
2026-07-30 16:40:00,23172.02000000003,23401.86000000003
2026-07-30 17:40:00,23305.90000000003,23452.88000000003
2026-07-30 18:40:00,23305.90000000003,23442.58000000003
2026-07-30 19:40:00,23305.90000000003,23460.72000000003
2026-07-30 20:40:00,23305.90000000003,23450.60000000003
2026-07-30 21:40:00,23305.90000000003,23451.76000000003
2026-07-30 22:40:00,23305.90000000003,23467.52000000003
2026-07-30 23:40:00,23305.90000000003,23453.92000000003
2026-07-31 01:41:00,23304.90000000003,23459.44000000003
2026-07-31 02:41:00,23304.90000000003,23452.96000000003
2026-07-31 03:41:00,23304.90000000003,23423.00000000003
2026-07-31 04:41:00,23304.90000000003,23411.02000000003
2026-07-31 05:41:00,23304.90000000003,23400.76000000003
2026-07-31 06:41:00,23304.90000000003,23391.92000000003
2026-07-31 07:41:00,23304.90000000003,23399.58000000003
2026-07-31 08:41:00,23304.90000000003,23394.26000000003
2026-07-31 09:41:00,23304.90000000003,23396.68000000003
2026-07-31 10:41:00,23304.90000000003,23385.160000000033
2026-07-31 11:41:00,23304.90000000003,23356.12000000003
2026-07-31 12:41:00,23304.90000000003,23343.40000000003
2026-07-31 13:41:00,23304.90000000003,23346.58000000003
2026-07-31 14:41:00,23304.90000000003,23343.800000000032
2026-07-31 15:41:00,23304.90000000003,23329.38000000003
2026-07-31 16:41:00,23304.70000000003,23304.70000000003
2026-07-31 17:41:00,23304.70000000003,23304.70000000003
2026-07-31 18:41:00,23304.70000000003,23304.70000000003
2026-07-31 19:41:00,23304.70000000003,23304.70000000003
2026-07-31 20:41:00,23304.70000000003,23304.70000000003
2026-07-31 21:41:00,23304.70000000003,23304.70000000003
2026-07-31 22:41:00,23304.70000000003,23304.70000000003
2026-07-31 23:41:00,23304.70000000003,23304.70000000003
2026-08-03 01:42:00,23304.70000000003,23304.70000000003
2026-08-03 02:42:00,23304.70000000003,23304.70000000003
2026-08-03 03:42:00,23304.70000000003,23304.70000000003
2026-08-03 04:42:00,23304.70000000003,23304.70000000003
2026-08-03 05:42:00,23304.70000000003,23304.70000000003
2026-08-03 06:42:00,23304.70000000003,23304.70000000003
2026-08-03 07:42:00,23304.70000000003,23304.70000000003
2026-08-03 08:42:00,23304.70000000003,23304.70000000003
2026-08-03 09:42:00,23304.70000000003,23304.70000000003
2026-08-03 10:42:00,23304.70000000003,23304.70000000003
2026-08-03 11:42:00,23304.70000000003,23304.70000000003
2026-08-03 12:42:00,23304.70000000003,23304.70000000003
2026-08-03 13:42:00,23304.70000000003,23304.70000000003
2026-08-03 14:42:00,23304.70000000003,23304.70000000003
2026-08-03 15:42:00,23304.70000000003,23304.70000000003
2026-08-03 16:42:00,23304.70000000003,23304.70000000003
2026-08-03 17:42:00,23304.70000000003,23304.70000000003
2026-08-03 18:42:00,23304.70000000003,23304.70000000003
2026-08-03 19:42:00,23304.70000000003,23304.70000000003
2026-08-03 20:42:00,23304.70000000003,23304.70000000003
2026-08-03 21:42:00,23304.70000000003,23304.70000000003
2026-08-03 22:42:00,23304.70000000003,23304.70000000003
2026-08-03 23:42:00,23304.70000000003,23304.70000000003
2026-08-04 01:43:00,23304.70000000003,23304.70000000003
2026-08-04 02:43:00,23304.70000000003,23304.70000000003
2026-08-04 03:43:00,23304.70000000003,23304.70000000003
2026-08-04 04:43:00,23304.70000000003,23304.70000000003
2026-08-04 05:43:00,23304.70000000003,23304.70000000003
2026-08-04 06:43:00,23304.70000000003,23304.70000000003
2026-08-04 07:43:00,23304.70000000003,23304.70000000003
2026-08-04 08:43:00,23304.70000000003,23304.70000000003
2026-08-04 09:43:00,23304.70000000003,23304.70000000003
2026-08-04 10:43:00,23304.70000000003,23304.70000000003
2026-08-04 11:43:00,23304.70000000003,23304.70000000003
2026-08-04 12:43:00,23304.70000000003,23304.70000000003
2026-08-04 13:43:00,23304.70000000003,23304.70000000003
2026-08-04 14:43:00,23304.70000000003,23304.70000000003
2026-08-04 15:43:00,23304.70000000003,23304.70000000003
2026-08-04 16:43:00,23304.70000000003,23304.70000000003
2026-08-04 17:43:00,23304.70000000003,23304.70000000003
2026-08-04 18:43:00,23304.70000000003,23304.70000000003
2026-08-04 19:43:00,23304.70000000003,23304.70000000003
2026-08-04 20:43:00,23304.70000000003,23304.70000000003
2026-08-04 21:43:00,23304.70000000003,23304.70000000003
2026-08-04 22:43:00,23304.70000000003,23304.70000000003
2026-08-04 23:43:00,23304.70000000003,23304.70000000003
2026-08-05 01:44:00,23304.70000000003,23304.70000000003
2026-08-05 02:44:00,23304.70000000003,23304.70000000003
2026-08-05 03:44:00,23304.70000000003,23304.70000000003
2026-08-05 04:44:00,23304.70000000003,23304.70000000003
2026-08-05 05:44:00,23304.70000000003,23304.70000000003
2026-08-05 06:44:00,23304.70000000003,23304.70000000003
2026-08-05 07:44:00,23304.70000000003,23304.70000000003
2026-08-05 08:44:00,23304.70000000003,23304.70000000003
2026-08-05 09:44:00,23304.70000000003,23304.70000000003
2026-08-05 10:44:00,23304.70000000003,23304.70000000003
2026-08-05 11:44:00,23304.70000000003,23304.70000000003
2026-08-05 12:44:00,23302.60000000003,23316.40000000003
2026-08-05 13:44:00,23302.60000000003,23271.850000000028
2026-08-05 14:44:00,23384.05000000003,23633.08000000003
2026-08-05 15:44:00,23492.620000000028,23717.680000000022
2026-08-05 16:44:00,23492.620000000028,23735.440000000024
2026-08-05 17:44:00,23926.900000000023,23926.900000000023
2026-08-05 18:44:00,23926.900000000023,23926.900000000023
2026-08-05 19:44:00,24038.470000000023,24376.510000000017
2026-08-05 20:44:00,24107.17000000002,24444.07000000002
2026-08-05 21:44:00,24215.17000000002,24617.17000000002
2026-08-05 22:44:00,24215.17000000002,24542.410000000025
2026-08-05 23:44:00,24215.17000000002,24449.770000000022
2026-08-06 01:45:00,24287.22000000001,24668.219999999998
2026-08-06 02:45:00,24909.359999999997,25378.89
2026-08-06 03:45:00,24909.359999999997,25497.059999999998
2026-08-06 04:45:00,25341.359999999997,25526.28
2026-08-06 05:45:00,25341.359999999997,25510.35
2026-08-06 06:45:00,25341.359999999997,25447.289999999997
2026-08-06 07:45:00,25341.359999999997,25440.959999999995
2026-08-06 08:45:00,25341.359999999997,25460.369999999995
2026-08-06 09:45:00,25341.359999999997,25435.319999999996
2026-08-06 10:45:00,25341.359999999997,25424.249999999996
2026-08-06 11:45:00,25341.359999999997,25484.549999999996
2026-08-06 12:45:00,25341.359999999997,25488.329999999994
2026-08-06 13:45:00,25341.359999999997,25459.53
2026-08-06 14:45:00,25341.359999999997,25435.979999999996
2026-08-06 15:45:00,25341.359999999997,25463.28
2026-08-06 16:45:00,25096.55999999999,25225.07999999999
2026-08-06 17:45:00,25096.55999999999,25241.819999999992
2026-08-06 18:45:00,24584.58000000001,24658.020000000008
2026-08-06 19:45:00,24584.28000000001,24584.28000000001
2026-08-06 20:45:00,24584.28000000001,24584.28000000001
2026-08-06 21:45:00,24584.28000000001,24584.28000000001
2026-08-06 22:45:00,24584.28000000001,24584.28000000001
2026-08-06 23:45:00,24584.28000000001,24584.28000000001
2026-08-07 01:46:00,24584.28000000001,24584.28000000001
2026-08-07 02:46:00,24584.28000000001,24584.28000000001
2026-08-07 03:46:00,24584.28000000001,24584.28000000001
2026-08-07 04:46:00,24584.28000000001,24584.28000000001
2026-08-07 05:46:00,24584.28000000001,24584.28000000001
2026-08-07 06:46:00,24584.28000000001,24584.28000000001
2026-08-07 07:46:00,24584.28000000001,24584.28000000001
2026-08-07 08:46:00,24584.28000000001,24584.28000000001
2026-08-07 09:46:00,24584.28000000001,24584.28000000001
2026-08-07 10:46:00,24584.28000000001,24584.28000000001
2026-08-07 11:46:00,24584.28000000001,24584.28000000001
2026-08-07 12:46:00,24584.28000000001,24584.28000000001
2026-08-07 13:46:00,24584.28000000001,24584.28000000001
2026-08-07 14:46:00,24584.28000000001,24584.28000000001
2026-08-07 15:46:00,24584.28000000001,24584.28000000001
2026-08-07 16:46:00,24584.28000000001,24584.28000000001
2026-08-07 17:46:00,24584.28000000001,24584.28000000001
2026-08-07 18:46:00,24584.28000000001,24584.28000000001
2026-08-07 19:46:00,24584.28000000001,24584.28000000001
2026-08-07 20:46:00,24584.28000000001,24584.28000000001
2026-08-07 21:46:00,24584.28000000001,24584.28000000001
2026-08-07 22:46:00,24584.28000000001,24584.28000000001
2026-08-07 23:46:00,24584.28000000001,24584.28000000001
2026-08-10 01:47:00,24584.28000000001,24584.28000000001
2026-08-10 02:47:00,24584.28000000001,24584.28000000001
2026-08-10 03:47:00,24584.28000000001,24584.28000000001
2026-08-10 04:47:00,24577.84000000001,24226.680000000037
2026-08-10 05:47:00,24605.380000000012,24717.68000000001
2026-08-10 06:47:00,24668.020000000015,24829.51000000003
2026-08-10 07:47:00,24758.280000000028,25127.88000000002
2026-08-10 08:47:00,24941.84000000003,25466.06000000003
2026-08-10 09:47:00,24941.84000000003,25771.040000000045
2026-08-10 10:47:00,25080.960000000032,25847.08000000003
2026-08-10 11:47:00,25080.960000000032,25594.300000000036
2026-08-10 12:47:00,25080.960000000032,25503.88000000004
2026-08-10 13:47:00,25080.960000000032,25371.22000000003
2026-08-10 14:47:00,25080.960000000032,25328.100000000028
2026-08-10 15:47:00,25079.16000000004,25109.80000000004
2026-08-10 16:47:00,25079.16000000004,25100.68000000004
2026-08-10 17:47:00,25078.760000000042,25078.760000000042
2026-08-10 18:47:00,25078.760000000042,25078.760000000042
2026-08-10 19:47:00,25078.760000000042,25078.760000000042
2026-08-10 20:47:00,25078.760000000042,25078.760000000042
2026-08-10 21:47:00,25078.760000000042,25078.760000000042
2026-08-10 22:47:00,25078.760000000042,25078.760000000042
2026-08-10 23:47:00,25078.760000000042,25078.760000000042
2026-08-11 01:48:00,25078.760000000042,25078.760000000042
2026-08-11 02:48:00,25078.760000000042,25078.760000000042
2026-08-11 03:48:00,25078.760000000042,25078.760000000042
2026-08-11 04:48:00,25078.760000000042,25078.760000000042
2026-08-11 05:48:00,25078.760000000042,25078.760000000042
2026-08-11 06:48:00,25114.08000000004,25186.800000000047
2026-08-11 07:48:00,25112.88000000005,25112.88000000005
2026-08-11 08:48:00,25112.88000000005,25112.88000000005
2026-08-11 09:48:00,25112.88000000005,25112.88000000005
2026-08-11 10:48:00,25112.88000000005,25112.88000000005
2026-08-11 11:48:00,25112.88000000005,25112.88000000005
2026-08-11 12:48:00,25112.88000000005,25112.88000000005
2026-08-11 13:48:00,25112.88000000005,25112.88000000005
2026-08-11 14:48:00,25112.88000000005,25112.88000000005
2026-08-11 15:48:00,25112.88000000005,25112.88000000005
2026-08-11 16:48:00,25112.88000000005,25112.88000000005
2026-08-11 17:48:00,25112.88000000005,25112.88000000005
2026-08-11 18:48:00,25112.88000000005,25112.88000000005
2026-08-11 19:48:00,25112.88000000005,25112.88000000005
2026-08-11 20:48:00,25112.88000000005,25112.88000000005
2026-08-11 21:48:00,25112.88000000005,25112.88000000005
2026-08-11 22:48:00,25112.88000000005,25112.88000000005
2026-08-11 23:48:00,25112.88000000005,25112.88000000005
2026-08-12 01:49:00,25112.88000000005,25112.88000000005
2026-08-12 02:49:00,25112.88000000005,25112.88000000005
2026-08-12 03:49:00,25112.88000000005,25112.88000000005
2026-08-12 04:49:00,25112.88000000005,25112.88000000005
2026-08-12 05:49:00,25112.88000000005,25112.88000000005
2026-08-12 06:49:00,25112.88000000005,25112.88000000005
2026-08-12 07:49:00,25112.88000000005,25112.88000000005
2026-08-12 08:49:00,25112.88000000005,25112.88000000005
2026-08-12 09:49:00,25112.88000000005,25112.88000000005
2026-08-12 10:49:00,25112.88000000005,25112.88000000005
2026-08-12 11:49:00,25112.88000000005,25112.88000000005
2026-08-12 12:49:00,25112.88000000005,25112.88000000005
2026-08-12 13:49:00,25112.88000000005,25112.88000000005
2026-08-12 14:49:00,25112.88000000005,25112.88000000005
2026-08-12 15:49:00,25112.88000000005,25112.88000000005
2026-08-12 16:49:00,25112.88000000005,25112.88000000005
2026-08-12 17:49:00,25112.88000000005,25112.88000000005
2026-08-12 18:49:00,25112.88000000005,25112.88000000005
2026-08-12 19:49:00,25112.88000000005,25112.88000000005
2026-08-12 20:49:00,25112.88000000005,25112.88000000005
2026-08-12 21:49:00,25112.88000000005,25112.88000000005
2026-08-12 22:49:00,25112.88000000005,25112.88000000005
2026-08-12 23:49:00,25112.88000000005,25112.88000000005
2026-08-13 01:50:00,25112.88000000005,25112.88000000005
2026-08-13 02:50:00,25112.88000000005,25112.88000000005
2026-08-13 03:50:00,25112.88000000005,25112.88000000005
2026-08-13 04:50:00,25112.88000000005,25112.88000000005
2026-08-13 05:50:00,25112.88000000005,25112.88000000005
2026-08-13 06:50:00,25112.88000000005,25112.88000000005
2026-08-13 07:50:00,25112.88000000005,25112.88000000005
2026-08-13 08:50:00,25112.88000000005,25112.88000000005
2026-08-13 09:50:00,25112.88000000005,25112.88000000005
2026-08-13 10:50:00,25112.88000000005,25112.88000000005
2026-08-13 11:50:00,25112.88000000005,25112.88000000005
2026-08-13 12:50:00,25112.88000000005,25112.88000000005
2026-08-13 13:50:00,25112.88000000005,25112.88000000005
2026-08-13 14:50:00,25112.88000000005,25112.88000000005
2026-08-13 15:50:00,25211.700000000055,25211.700000000055
2026-08-13 16:50:00,25211.700000000055,25211.700000000055
2026-08-13 17:50:00,25211.700000000055,25211.700000000055
2026-08-13 18:50:00,25211.700000000055,25211.700000000055
2026-08-13 19:50:00,25211.700000000055,25211.700000000055
2026-08-13 20:50:00,25211.700000000055,25211.700000000055
2026-08-13 21:50:00,25211.700000000055,25211.700000000055
2026-08-13 22:50:00,25211.700000000055,25211.700000000055
2026-08-13 23:50:00,25211.700000000055,25211.700000000055
2026-08-14 01:51:00,25211.700000000055,25211.700000000055
2026-08-14 02:51:00,25211.700000000055,25211.700000000055
2026-08-14 03:51:00,25211.700000000055,25211.700000000055
2026-08-14 04:51:00,25211.700000000055,25211.700000000055
2026-08-14 05:51:00,25211.700000000055,25211.700000000055
2026-08-14 06:51:00,25211.700000000055,25211.700000000055
2026-08-14 07:51:00,25211.700000000055,25211.700000000055
2026-08-14 08:51:00,25211.700000000055,25211.700000000055
2026-08-14 09:51:00,25211.700000000055,25211.700000000055
2026-08-14 10:51:00,25211.700000000055,25211.700000000055
2026-08-14 11:51:00,25211.700000000055,25211.700000000055
2026-08-14 12:51:00,25211.700000000055,25211.700000000055
2026-08-14 13:51:00,25211.700000000055,25211.700000000055
2026-08-14 14:51:00,25211.700000000055,25211.700000000055
2026-08-14 15:51:00,25211.700000000055,25211.700000000055
2026-08-14 16:51:00,25208.760000000057,25255.38000000004
2026-08-14 17:51:00,25242.110000000066,25242.110000000066
2026-08-14 18:51:00,25242.110000000066,25242.110000000066
2026-08-14 19:51:00,25242.110000000066,25242.110000000066
2026-08-14 20:51:00,25242.110000000066,25242.110000000066
2026-08-14 21:51:00,25242.110000000066,25242.110000000066
2026-08-14 22:51:00,25242.110000000066,25242.110000000066
2026-08-14 23:51:00,25242.110000000066,25242.110000000066
2026-08-17 01:52:00,25242.110000000066,25242.110000000066
2026-08-17 02:52:00,25242.110000000066,25242.110000000066
2026-08-17 03:52:00,25242.110000000066,25242.110000000066
2026-08-17 04:52:00,25242.110000000066,25242.110000000066
2026-08-17 05:52:00,25242.110000000066,25242.110000000066
2026-08-17 06:52:00,25242.110000000066,25242.110000000066
2026-08-17 07:52:00,25242.110000000066,25242.110000000066
2026-08-17 08:52:00,25242.110000000066,25242.110000000066
2026-08-17 09:52:00,25242.110000000066,25242.110000000066
2026-08-17 10:52:00,25242.110000000066,25242.110000000066
2026-08-17 11:52:00,25242.110000000066,25242.110000000066
2026-08-17 12:52:00,25242.110000000066,25242.110000000066
2026-08-17 13:52:00,25242.110000000066,25242.110000000066
2026-08-17 14:52:00,25242.110000000066,25242.110000000066
2026-08-17 15:52:00,25240.150000000067,25217.470000000067
2026-08-17 16:52:00,25271.980000000065,25458.32000000006
2026-08-17 17:52:00,25335.670000000064,25599.11000000006
2026-08-17 18:52:00,25335.670000000064,25640.710000000065
2026-08-17 19:52:00,25463.050000000065,25647.450000000066
2026-08-17 20:52:00,25463.050000000065,25622.250000000062
2026-08-17 21:52:00,25463.050000000065,25567.800000000065
2026-08-17 22:52:00,25463.050000000065,25621.750000000065
2026-08-17 23:52:00,25463.050000000065,25610.200000000063
2026-08-18 01:53:00,25460.550000000065,25599.850000000064
2026-08-18 02:53:00,25460.550000000065,25646.700000000063
2026-08-18 03:53:00,25460.550000000065,25676.700000000063
2026-08-18 04:53:00,25460.550000000065,25558.250000000065
2026-08-18 05:53:00,25460.550000000065,25520.60000000006
2026-08-18 06:53:00,25460.550000000065,25497.950000000063
2026-08-18 07:53:00,25460.550000000065,25503.700000000066
2026-08-18 08:53:00,25460.550000000065,25512.800000000065
2026-08-18 09:53:00,25460.550000000065,25523.000000000065
2026-08-18 10:53:00,25460.550000000065,25522.700000000063
2026-08-18 11:53:00,25460.550000000065,25495.500000000065
2026-08-18 12:53:00,25460.550000000065,25497.800000000065
2026-08-18 13:53:00,25460.550000000065,25517.05000000006
2026-08-18 14:53:00,25460.550000000065,25484.500000000065
2026-08-18 15:53:00,25460.550000000065,25505.700000000063
2026-08-18 16:53:00,25460.05000000006,25460.05000000006
2026-08-18 17:53:00,24947.25000000008,24947.25000000008
2026-08-18 18:53:00,24947.25000000008,24947.25000000008
2026-08-18 19:53:00,24947.25000000008,24947.25000000008
2026-08-18 20:53:00,24947.25000000008,24947.25000000008
2026-08-18 21:53:00,24947.25000000008,24947.25000000008
2026-08-18 22:53:00,24947.25000000008,24947.25000000008
2026-08-18 23:53:00,24947.25000000008,24947.25000000008
2026-08-19 01:54:00,24947.25000000008,24947.25000000008
2026-08-19 02:54:00,24947.25000000008,24947.25000000008
2026-08-19 03:54:00,24947.25000000008,24947.25000000008
2026-08-19 04:54:00,25194.56000000007,25405.440000000068
2026-08-19 05:54:00,25194.56000000007,25410.960000000065
2026-08-19 06:54:00,25194.56000000007,25424.720000000067
2026-08-19 07:54:00,25194.56000000007,25338.000000000065
2026-08-19 08:54:00,25194.56000000007,25262.56000000007
2026-08-19 09:54:00,25194.56000000007,25360.16000000007
2026-08-19 10:54:00,25194.56000000007,25422.320000000065
2026-08-19 11:54:00,25194.56000000007,25445.120000000068
2026-08-19 12:54:00,25194.56000000007,25456.320000000065
2026-08-19 13:54:00,25522.88000000007,25522.88000000007
2026-08-19 14:54:00,25522.88000000007,25522.88000000007
2026-08-19 15:54:00,25017.030000000064,25017.030000000064
2026-08-19 16:54:00,25017.030000000064,25017.030000000064
2026-08-19 17:54:00,25017.030000000064,25017.030000000064
2026-08-19 18:54:00,25017.030000000064,25017.030000000064
2026-08-19 19:54:00,25017.030000000064,25017.030000000064
2026-08-19 20:54:00,25017.030000000064,25017.030000000064
2026-08-19 21:54:00,25017.030000000064,25017.030000000064
2026-08-19 22:54:00,25017.030000000064,25017.030000000064
2026-08-19 23:54:00,25017.030000000064,25017.030000000064
2026-08-20 01:55:00,25017.030000000064,25017.030000000064
2026-08-20 02:55:00,25045.430000000084,25045.430000000084
2026-08-20 03:55:00,25045.430000000084,25045.430000000084
2026-08-20 04:55:00,25040.250000000084,24976.940000000086
2026-08-20 05:55:00,25101.490000000078,25168.090000000073
2026-08-20 06:55:00,25101.490000000078,25288.990000000078
2026-08-20 07:55:00,25099.99000000007,25099.99000000007
2026-08-20 08:55:00,25099.99000000007,25099.99000000007
2026-08-20 09:55:00,25099.99000000007,25099.99000000007
2026-08-20 10:55:00,25099.99000000007,25099.99000000007
2026-08-20 11:55:00,25099.99000000007,25099.99000000007
2026-08-20 12:55:00,25099.99000000007,25099.99000000007
2026-08-20 13:55:00,25099.99000000007,25099.99000000007
2026-08-20 14:55:00,25099.99000000007,25099.99000000007
2026-08-20 15:55:00,25099.99000000007,25099.99000000007
2026-08-20 16:55:00,25099.99000000007,25099.99000000007
2026-08-20 17:55:00,25099.99000000007,25099.99000000007
2026-08-20 18:55:00,25099.99000000007,25099.99000000007
2026-08-20 19:55:00,25099.99000000007,25099.99000000007
2026-08-20 20:55:00,25099.99000000007,25099.99000000007
2026-08-20 21:55:00,25099.99000000007,25099.99000000007
2026-08-20 22:55:00,25099.99000000007,25099.99000000007
2026-08-20 23:55:00,25099.99000000007,25099.99000000007
2026-08-21 01:56:00,25099.99000000007,25099.99000000007
2026-08-21 02:56:00,25099.99000000007,25099.99000000007
2026-08-21 03:56:00,25099.99000000007,25099.99000000007
2026-08-21 04:56:00,25099.99000000007,25099.99000000007
2026-08-21 05:56:00,25099.99000000007,25099.99000000007
2026-08-21 06:56:00,25096.210000000072,25140.220000000052
2026-08-21 07:56:00,25194.130000000067,25344.880000000056
2026-08-21 08:56:00,25192.630000000063,25192.630000000063
2026-08-21 09:56:00,25192.630000000063,25192.630000000063
2026-08-21 10:56:00,25192.630000000063,25192.630000000063
2026-08-21 11:56:00,25192.630000000063,25192.630000000063
2026-08-21 12:56:00,25192.630000000063,25192.630000000063
2026-08-21 13:56:00,25192.630000000063,25192.630000000063
2026-08-21 14:56:00,25192.630000000063,25192.630000000063
2026-08-21 15:56:00,25219.87000000004,25219.87000000004
2026-08-21 16:56:00,25219.87000000004,25219.87000000004
2026-08-21 17:56:00,25219.87000000004,25219.87000000004
2026-08-21 18:56:00,25219.87000000004,25219.87000000004
2026-08-21 19:56:00,25219.87000000004,25219.87000000004
2026-08-21 20:56:00,25219.87000000004,25219.87000000004
2026-08-21 21:56:00,25219.87000000004,25219.87000000004
2026-08-21 22:56:00,25219.87000000004,25219.87000000004
2026-08-21 23:56:00,25219.87000000004,25219.87000000004
2026-08-24 01:57:00,25219.87000000004,25219.87000000004
2026-08-24 02:57:00,25219.87000000004,25219.87000000004
2026-08-24 03:57:00,25217.630000000037,25144.510000000042
2026-08-24 04:57:00,24963.870000000043,24963.870000000043
2026-08-24 05:57:00,24963.870000000043,24963.870000000043
2026-08-24 06:57:00,24963.870000000043,24963.870000000043
2026-08-24 07:57:00,24963.870000000043,24963.870000000043
2026-08-24 08:57:00,24963.870000000043,24963.870000000043
2026-08-24 09:57:00,24963.870000000043,24963.870000000043
2026-08-24 10:57:00,24963.870000000043,24963.870000000043
2026-08-24 11:57:00,24963.870000000043,24963.870000000043
2026-08-24 12:57:00,24963.870000000043,24963.870000000043
2026-08-24 13:57:00,24963.870000000043,24963.870000000043
2026-08-24 14:57:00,24963.870000000043,24963.870000000043
2026-08-24 15:57:00,24963.870000000043,24963.870000000043
2026-08-24 16:57:00,24963.870000000043,24963.870000000043
2026-08-24 17:57:00,24963.870000000043,24963.870000000043
2026-08-24 18:57:00,24963.870000000043,24963.870000000043
2026-08-24 19:57:00,24963.870000000043,24963.870000000043
2026-08-24 20:57:00,24963.870000000043,24963.870000000043
2026-08-24 21:57:00,25067.71000000005,25067.71000000005
2026-08-24 22:57:00,25067.71000000005,25067.71000000005
2026-08-24 23:57:00,25067.71000000005,25067.71000000005
2026-08-25 01:58:00,25067.71000000005,25067.71000000005
2026-08-25 02:58:00,25067.71000000005,25067.71000000005
2026-08-25 03:58:00,25067.71000000005,25067.71000000005
2026-08-25 04:58:00,25067.71000000005,25067.71000000005
2026-08-25 05:58:00,25067.71000000005,25067.71000000005
2026-08-25 06:58:00,25067.71000000005,25067.71000000005
2026-08-25 07:58:00,25067.71000000005,25067.71000000005
2026-08-25 08:58:00,25067.71000000005,25067.71000000005
2026-08-25 09:58:00,25067.71000000005,25067.71000000005
2026-08-25 10:58:00,25067.71000000005,25067.71000000005
2026-08-25 11:58:00,25067.71000000005,25067.71000000005
2026-08-25 12:58:00,25067.71000000005,25067.71000000005
2026-08-25 13:58:00,25067.71000000005,25067.71000000005
2026-08-25 14:58:00,25067.71000000005,25067.71000000005
2026-08-25 15:58:00,25067.71000000005,25067.71000000005
2026-08-25 16:58:00,25067.71000000005,25067.71000000005
2026-08-25 17:58:00,25067.71000000005,25067.71000000005
2026-08-25 18:58:00,25066.59000000005,25090.110000000048
2026-08-25 19:58:00,25066.59000000005,25167.390000000054
2026-08-25 20:58:00,25102.59000000005,25139.130000000052
2026-08-25 21:58:00,25101.990000000056,25101.990000000056
2026-08-25 22:58:00,25101.990000000056,25101.990000000056
2026-08-25 23:58:00,25101.990000000056,25101.990000000056
2026-08-26 01:59:00,25101.990000000056,25101.990000000056
2026-08-26 02:59:00,25101.990000000056,25101.990000000056
2026-08-26 03:59:00,25101.990000000056,25101.990000000056
2026-08-26 04:59:00,25101.990000000056,25101.990000000056
2026-08-26 05:59:00,25101.990000000056,25101.990000000056
2026-08-26 06:59:00,25101.990000000056,25101.990000000056
2026-08-26 07:59:00,25101.990000000056,25101.990000000056
2026-08-26 08:59:00,25101.990000000056,25101.990000000056
2026-08-26 09:59:00,25101.990000000056,25101.990000000056
2026-08-26 10:59:00,25101.990000000056,25101.990000000056
2026-08-26 11:59:00,25130.570000000054,25215.530000000042
2026-08-26 12:59:00,25128.770000000048,25128.770000000048
2026-08-26 13:59:00,25128.770000000048,25128.770000000048
2026-08-26 14:59:00,25128.770000000048,25128.770000000048
2026-08-26 15:59:00,25128.770000000048,25128.770000000048
2026-08-26 16:59:00,25128.770000000048,25128.770000000048
2026-08-26 17:59:00,25128.770000000048,25128.770000000048
2026-08-26 18:59:00,25128.770000000048,25128.770000000048
2026-08-26 19:59:00,25128.770000000048,25128.770000000048
2026-08-26 20:59:00,25128.770000000048,25128.770000000048
2026-08-26 21:59:00,25128.770000000048,25128.770000000048
2026-08-26 22:59:00,25128.770000000048,25128.770000000048
2026-08-27 01:00:00,25128.770000000048,25128.770000000048
2026-08-27 02:00:00,25127.090000000047,25137.050000000047
2026-08-27 03:00:00,25127.090000000047,24963.050000000047
2026-08-27 04:00:00,25127.090000000047,25192.13000000005
2026-08-27 05:00:00,24882.41000000004,24882.41000000004
2026-08-27 06:00:00,24882.41000000004,24882.41000000004
2026-08-27 07:00:00,24882.41000000004,24882.41000000004
2026-08-27 08:00:00,24882.41000000004,24882.41000000004
2026-08-27 09:00:00,24628.250000000044,24628.250000000044
2026-08-27 10:00:00,24628.250000000044,24628.250000000044
2026-08-27 11:00:00,24628.250000000044,24628.250000000044
2026-08-27 12:00:00,24628.250000000044,24628.250000000044
2026-08-27 13:00:00,24628.250000000044,24628.250000000044
2026-08-27 14:00:00,24628.250000000044,24628.250000000044
2026-08-27 15:00:00,24628.250000000044,24628.250000000044
2026-08-27 16:00:00,24628.250000000044,24628.250000000044
2026-08-27 17:00:00,24628.250000000044,24628.250000000044
2026-08-27 18:00:00,24628.250000000044,24628.250000000044
2026-08-27 19:00:00,24628.250000000044,24628.250000000044
2026-08-27 20:00:00,24628.250000000044,24628.250000000044
2026-08-27 21:00:00,24628.250000000044,24628.250000000044
2026-08-27 22:00:00,24628.250000000044,24628.250000000044
2026-08-27 23:00:00,24628.250000000044,24628.250000000044
2026-08-28 01:01:00,24628.250000000044,24628.250000000044
2026-08-28 02:01:00,24628.250000000044,24628.250000000044
2026-08-28 03:01:00,24623.210000000043,24625.370000000057
2026-08-28 04:01:00,24656.96000000006,24656.96000000006
2026-08-28 05:01:00,24656.96000000006,24656.96000000006
2026-08-28 06:01:00,24656.96000000006,24656.96000000006
2026-08-28 07:01:00,24656.96000000006,24656.96000000006
2026-08-28 08:01:00,24656.96000000006,24656.96000000006
2026-08-28 09:01:00,24656.96000000006,24656.96000000006
2026-08-28 10:01:00,24656.96000000006,24656.96000000006
2026-08-28 11:01:00,24656.96000000006,24656.96000000006
2026-08-28 12:01:00,24656.96000000006,24656.96000000006
2026-08-28 13:01:00,24656.96000000006,24656.96000000006
2026-08-28 14:01:00,24656.96000000006,24656.96000000006
2026-08-28 15:01:00,24648.70000000006,24388.510000000068
2026-08-28 16:01:00,24713.64000000003,24713.64000000003
2026-08-28 17:01:00,24713.64000000003,24713.64000000003
2026-08-28 18:01:00,24713.64000000003,24713.64000000003
2026-08-28 19:01:00,24713.64000000003,24713.64000000003
2026-08-28 20:01:00,24713.64000000003,24713.64000000003
2026-08-28 21:01:00,24713.64000000003,24713.64000000003
2026-08-28 22:01:00,24713.64000000003,24713.64000000003
2026-08-28 23:01:00,24713.64000000003,24713.64000000003
2026-08-31 01:02:00,24713.64000000003,24713.64000000003
2026-08-31 02:02:00,24713.64000000003,24713.64000000003
2026-08-31 03:02:00,24713.64000000003,24713.64000000003
2026-08-31 04:02:00,24713.64000000003,24713.64000000003
2026-08-31 05:02:00,24713.64000000003,24713.64000000003
2026-08-31 06:02:00,24711.680000000026,24812.680000000026
2026-08-31 07:02:00,24734.400000000027,24747.710000000025
2026-08-31 08:02:00,24764.360000000022,25031.320000000007
2026-08-31 09:02:00,24965.900000000016,25330.66000000001
2026-08-31 10:02:00,24965.900000000016,25396.81
2026-08-31 11:02:00,24965.900000000016,25614.58000000002
2026-08-31 12:02:00,24965.900000000016,25388.41000000001
2026-08-31 13:02:00,24965.900000000016,25550.950000000004
2026-08-31 14:02:00,25026.320000000014,25751.980000000003
2026-08-31 15:02:00,25430.00000000001,25810.90000000001
2026-08-31 16:02:00,25430.00000000001,25616.700000000008
2026-08-31 17:02:00,25429.400000000016,25467.440000000017
2026-08-31 18:02:00,25429.400000000016,25501.560000000016
2026-08-31 19:02:00,25429.400000000016,25511.360000000015
2026-08-31 20:02:00,25429.400000000016,25517.640000000014
2026-08-31 21:02:00,25429.400000000016,25514.200000000015
2026-08-31 22:02:00,25429.400000000016,25509.960000000017
2026-08-31 23:02:00,25429.400000000016,25601.480000000014
2026-09-01 01:03:00,25427.400000000016,25590.160000000014
2026-09-01 02:03:00,25427.400000000016,25569.320000000014
2026-09-01 03:03:00,25427.400000000016,25588.960000000017
2026-09-01 04:03:00,25427.400000000016,25578.400000000016
2026-09-01 05:03:00,25427.400000000016,25562.040000000015
2026-09-01 06:03:00,25427.400000000016,25540.920000000016
2026-09-01 07:03:00,25427.400000000016,25528.280000000017
2026-09-01 08:03:00,25427.400000000016,25499.000000000015
2026-09-01 09:03:00,25427.400000000016,25527.920000000016
2026-09-01 10:03:00,25427.400000000016,25510.240000000016
2026-09-01 11:03:00,25427.400000000016,25433.880000000016
2026-09-01 12:03:00,25427.00000000002,25427.00000000002
2026-09-01 13:03:00,25427.00000000002,25427.00000000002
2026-09-01 14:03:00,25427.00000000002,25427.00000000002
2026-09-01 15:03:00,25427.00000000002,25427.00000000002
2026-09-01 16:03:00,25427.00000000002,25427.00000000002
2026-09-01 17:03:00,25427.00000000002,25427.00000000002
2026-09-01 18:03:00,25427.00000000002,25427.00000000002
2026-09-01 19:03:00,25427.00000000002,25427.00000000002
2026-09-01 20:03:00,25427.00000000002,25427.00000000002
2026-09-01 21:03:00,25427.00000000002,25427.00000000002
2026-09-01 22:03:00,25427.00000000002,25427.00000000002
2026-09-01 23:03:00,25427.00000000002,25427.00000000002
2026-09-02 01:04:00,25427.00000000002,25427.00000000002
2026-09-02 02:04:00,25427.00000000002,25427.00000000002
2026-09-02 03:04:00,25427.00000000002,25427.00000000002
2026-09-02 04:04:00,25427.00000000002,25427.00000000002
2026-09-02 05:04:00,25427.00000000002,25427.00000000002
2026-09-02 06:04:00,25427.00000000002,25427.00000000002
2026-09-02 07:04:00,25427.00000000002,25427.00000000002
2026-09-02 08:04:00,25427.00000000002,25427.00000000002
2026-09-02 09:04:00,25427.00000000002,25427.00000000002
2026-09-02 10:04:00,25427.00000000002,25427.00000000002
2026-09-02 11:04:00,25427.00000000002,25427.00000000002
2026-09-02 12:04:00,25427.00000000002,25427.00000000002
2026-09-02 13:04:00,25427.00000000002,25427.00000000002
2026-09-02 14:04:00,25427.00000000002,25427.00000000002
2026-09-02 15:04:00,25427.00000000002,25427.00000000002
2026-09-02 16:04:00,25427.00000000002,25427.00000000002
2026-09-02 17:04:00,25427.00000000002,25427.00000000002
2026-09-02 18:04:00,25167.300000000025,25167.300000000025
2026-09-02 19:04:00,25167.300000000025,25167.300000000025
2026-09-02 20:04:00,25167.300000000025,25167.300000000025
2026-09-02 21:04:00,25167.300000000025,25167.300000000025
2026-09-02 22:04:00,25167.300000000025,25167.300000000025
2026-09-02 23:04:00,25167.300000000025,25167.300000000025
2026-09-03 01:05:00,25167.300000000025,25167.300000000025
2026-09-03 02:05:00,25167.300000000025,25167.300000000025
2026-09-03 03:05:00,25167.300000000025,25167.300000000025
2026-09-03 04:05:00,25167.300000000025,25167.300000000025
2026-09-03 05:05:00,25167.300000000025,25167.300000000025
2026-09-03 06:05:00,25167.300000000025,25167.300000000025
2026-09-03 07:05:00,25167.300000000025,25167.300000000025
2026-09-03 08:05:00,25167.300000000025,25167.300000000025
2026-09-03 09:05:00,25167.300000000025,25167.300000000025
2026-09-03 10:05:00,25167.300000000025,25167.300000000025
2026-09-03 11:05:00,25167.300000000025,25167.300000000025
2026-09-03 12:05:00,25167.300000000025,25167.300000000025
2026-09-03 13:05:00,25167.300000000025,25167.300000000025
2026-09-03 14:05:00,25167.300000000025,25167.300000000025
2026-09-03 15:05:00,25167.300000000025,25167.300000000025
2026-09-03 16:05:00,25166.460000000025,25141.32000000003
2026-09-03 17:05:00,25188.500000000025,25290.100000000024
2026-09-03 18:05:00,25188.00000000003,25188.00000000003
2026-09-03 19:05:00,25223.190000000028,25348.830000000027
2026-09-03 20:05:00,25223.190000000028,25361.70000000003
2026-09-03 21:05:00,25223.190000000028,25390.50000000003
2026-09-03 22:05:00,25296.93000000003,25465.47000000003
2026-09-03 23:05:00,25296.93000000003,25482.99000000003
2026-09-04 01:06:00,25297.83000000003,25460.19000000003
2026-09-04 02:06:00,25297.83000000003,25483.710000000032
2026-09-04 03:06:00,25297.83000000003,25427.130000000034
2026-09-04 04:06:00,25297.83000000003,25456.65000000003
2026-09-04 05:06:00,25297.83000000003,25443.030000000028
2026-09-04 06:06:00,25297.83000000003,25478.61000000003
2026-09-04 07:06:00,25297.83000000003,25512.15000000003
2026-09-04 08:06:00,25297.83000000003,25506.450000000033
2026-09-04 09:06:00,25297.83000000003,25494.090000000033
2026-09-04 10:06:00,25297.83000000003,25525.470000000034
2026-09-04 11:06:00,25297.83000000003,25418.970000000034
2026-09-04 12:06:00,25297.83000000003,25474.35000000003
2026-09-04 13:06:00,25297.83000000003,25504.29000000003
2026-09-04 14:06:00,25297.83000000003,25496.910000000033
2026-09-04 15:06:00,25297.83000000003,25503.57000000003
2026-09-04 16:06:00,25740.180000000033,25740.180000000033
2026-09-04 17:06:00,25740.180000000033,25740.180000000033
2026-09-04 18:06:00,25740.180000000033,25740.180000000033
2026-09-04 19:06:00,25740.180000000033,25740.180000000033
2026-09-04 20:06:00,25740.180000000033,25740.180000000033
2026-09-04 21:06:00,25740.180000000033,25740.180000000033
2026-09-04 22:06:00,25740.180000000033,25740.180000000033
2026-09-04 23:06:00,25740.180000000033,25740.180000000033
2026-09-04 23:58:00,25740.180000000033,25740.180000000033
