time,balance,equity
2025-09-01 01:00:00,10000.0,10000.0
2025-09-01 02:00:00,10000.0,10000.0
2025-09-01 03:00:00,10000.0,10000.0
2025-09-01 04:00:00,10000.0,10000.0
2025-09-01 05:00:00,10000.0,10000.0
2025-09-01 06:00:00,10000.0,10000.0
2025-09-01 07:00:00,10000.0,10000.0
2025-09-01 08:00:00,10000.0,10000.0
2025-09-01 09:00:00,10000.0,10000.0
2025-09-01 10:00:00,10000.0,10000.0
2025-09-01 11:00:00,10000.0,10000.0
2025-09-01 12:00:00,10000.0,10000.0
2025-09-01 13:00:00,10000.0,10000.0
2025-09-01 14:00:00,10000.0,10000.0
2025-09-01 15:00:00,10000.0,10000.0
2025-09-01 16:00:00,10000.0,10000.0
2025-09-01 17:00:00,10000.0,10000.0
2025-09-01 18:00:00,10031.67,10082.820000000002
2025-09-01 19:00:00,10031.67,10106.249999999996
2025-09-01 20:00:00,10031.67,10069.619999999999
2025-09-01 21:00:00,10031.67,10061.039999999995
2025-09-02 01:29:00,10033.32,10054.0
2025-09-02 02:29:00,10032.220000000001,10032.220000000001
2025-09-02 03:29:00,10032.220000000001,10032.220000000001
2025-09-02 04:29:00,10032.220000000001,10032.220000000001
2025-09-02 05:29:00,10032.220000000001,10032.220000000001
2025-09-02 06:29:00,10032.220000000001,10032.220000000001
2025-09-02 07:29:00,10032.220000000001,10032.220000000001
2025-09-02 08:29:00,10032.220000000001,10032.220000000001
2025-09-02 09:29:00,10032.220000000001,10032.220000000001
2025-09-02 10:29:00,10032.220000000001,10032.220000000001
2025-09-02 11:29:00,10032.220000000001,10032.220000000001
2025-09-02 12:29:00,10032.220000000001,10032.220000000001
2025-09-02 13:29:00,10032.220000000001,10032.220000000001
2025-09-02 14:29:00,10032.220000000001,10032.220000000001
2025-09-02 15:29:00,10032.220000000001,10032.220000000001
2025-09-02 16:29:00,10032.220000000001,10032.220000000001
2025-09-02 17:29:00,10032.220000000001,10032.220000000001
2025-09-02 18:29:00,10032.220000000001,10032.220000000001
2025-09-02 19:29:00,10032.220000000001,10032.220000000001
2025-09-02 20:29:00,10032.220000000001,10032.220000000001
2025-09-02 21:29:00,10032.220000000001,10032.220000000001
2025-09-02 22:29:00,10032.220000000001,10032.220000000001
2025-09-02 23:29:00,10032.220000000001,10032.220000000001
2025-09-03 01:30:00,10032.220000000001,10032.220000000001
2025-09-03 02:30:00,10031.03,9973.059999999996
2025-09-03 03:30:00,10120.229999999998,10142.279999999997
2025-09-03 04:30:00,10120.229999999998,10160.879999999996
2025-09-03 05:30:00,10120.229999999998,10165.879999999996
2025-09-03 06:30:00,10119.729999999996,10119.729999999996
2025-09-03 07:30:00,10119.729999999996,10119.729999999996
2025-09-03 08:30:00,10119.729999999996,10119.729999999996
2025-09-03 09:30:00,10119.729999999996,10119.729999999996
2025-09-03 10:30:00,10119.729999999996,10119.729999999996
2025-09-03 11:30:00,10119.729999999996,10119.729999999996
2025-09-03 12:30:00,10119.729999999996,10119.729999999996
2025-09-03 13:30:00,10119.729999999996,10119.729999999996
2025-09-03 14:30:00,10119.729999999996,10119.729999999996
2025-09-03 15:30:00,10119.729999999996,10119.729999999996
2025-09-03 16:30:00,10119.729999999996,10119.729999999996
2025-09-03 17:30:00,10119.729999999996,10119.729999999996
2025-09-03 18:30:00,10119.729999999996,10119.729999999996
2025-09-03 19:30:00,10119.729999999996,10119.729999999996
2025-09-03 20:30:00,10119.729999999996,10119.729999999996
2025-09-03 21:30:00,10119.729999999996,10119.729999999996
2025-09-03 22:30:00,10119.729999999996,10119.729999999996
2025-09-03 23:30:00,10119.729999999996,10119.729999999996
2025-09-04 01:31:00,10119.729999999996,10119.729999999996
2025-09-04 02:31:00,10119.729999999996,10119.729999999996
2025-09-04 03:31:00,10119.729999999996,10119.729999999996
2025-09-04 04:31:00,10119.729999999996,10119.729999999996
2025-09-04 05:31:00,10119.729999999996,10119.729999999996
2025-09-04 06:31:00,10119.729999999996,10119.729999999996
2025-09-04 07:31:00,10119.729999999996,10119.729999999996
2025-09-04 08:31:00,10119.729999999996,10119.729999999996
2025-09-04 09:31:00,10119.729999999996,10119.729999999996
2025-09-04 10:31:00,10119.729999999996,10119.729999999996
2025-09-04 11:31:00,10119.729999999996,10119.729999999996
2025-09-04 12:31:00,10119.729999999996,10119.729999999996
2025-09-04 13:31:00,10119.729999999996,10119.729999999996
2025-09-04 14:31:00,10119.729999999996,10119.729999999996
2025-09-04 15:31:00,10119.729999999996,10119.729999999996
2025-09-04 16:31:00,10119.729999999996,10119.729999999996
2025-09-04 17:31:00,10119.729999999996,10119.729999999996
2025-09-04 18:31:00,10119.729999999996,10119.729999999996
2025-09-04 19:31:00,10119.729999999996,10119.729999999996
2025-09-04 20:31:00,10119.729999999996,10119.729999999996
2025-09-04 21:31:00,10119.729999999996,10119.729999999996
2025-09-04 22:31:00,10119.729999999996,10119.729999999996
2025-09-04 23:31:00,10119.729999999996,10119.729999999996
2025-09-05 01:32:00,10119.729999999996,10119.729999999996
2025-09-05 02:32:00,10119.729999999996,10119.729999999996
2025-09-05 03:32:00,10119.729999999996,10119.729999999996
2025-09-05 04:32:00,10119.729999999996,10119.729999999996
2025-09-05 05:32:00,10119.729999999996,10119.729999999996
2025-09-05 06:32:00,10119.729999999996,10119.729999999996
2025-09-05 07:32:00,10119.729999999996,10119.729999999996
2025-09-05 08:32:00,10119.729999999996,10119.729999999996
2025-09-05 09:32:00,10119.729999999996,10119.729999999996
2025-09-05 10:32:00,10119.729999999996,10119.729999999996
2025-09-05 11:32:00,10119.729999999996,10119.729999999996
2025-09-05 12:32:00,10119.729999999996,10119.729999999996
2025-09-05 13:32:00,10119.729999999996,10119.729999999996
2025-09-05 14:32:00,10119.729999999996,10119.729999999996
2025-09-05 15:32:00,10119.729999999996,10119.729999999996
2025-09-05 16:32:00,10119.729999999996,10119.729999999996
2025-09-05 17:32:00,10119.729999999996,10119.729999999996
2025-09-05 18:32:00,10119.729999999996,10119.729999999996
2025-09-05 19:32:00,10119.729999999996,10119.729999999996
2025-09-05 20:32:00,10119.729999999996,10119.729999999996
2025-09-05 21:32:00,10119.729999999996,10119.729999999996
2025-09-05 22:32:00,10119.729999999996,10119.729999999996
2025-09-05 23:32:00,10119.729999999996,10119.729999999996
2025-09-08 01:33:00,10119.729999999996,10119.729999999996
2025-09-08 02:33:00,10119.729999999996,10119.729999999996
2025-09-08 03:33:00,10119.729999999996,10119.729999999996
2025-09-08 04:33:00,10119.729999999996,10119.729999999996
2025-09-08 05:33:00,10119.729999999996,10119.729999999996
2025-09-08 06:33:00,10119.729999999996,10119.729999999996
2025-09-08 07:33:00,10119.729999999996,10119.729999999996
2025-09-08 08:33:00,10119.729999999996,10119.729999999996
2025-09-08 09:33:00,10119.729999999996,10119.729999999996
2025-09-08 10:33:00,10119.729999999996,10119.729999999996
2025-09-08 11:33:00,10119.729999999996,10119.729999999996
2025-09-08 12:33:00,10119.729999999996,10119.729999999996
2025-09-08 13:33:00,10119.729999999996,10119.729999999996
2025-09-08 14:33:00,10119.729999999996,10119.729999999996
2025-09-08 15:33:00,10119.729999999996,10119.729999999996
2025-09-08 16:33:00,10119.729999999996,10119.729999999996
2025-09-08 17:33:00,10119.729999999996,10119.729999999996
2025-09-08 18:33:00,10119.729999999996,10119.729999999996
2025-09-08 19:33:00,10119.729999999996,10119.729999999996
2025-09-08 20:33:00,10119.729999999996,10119.729999999996
2025-09-08 21:33:00,10119.729999999996,10119.729999999996
2025-09-08 22:33:00,10119.729999999996,10119.729999999996
2025-09-08 23:33:00,10119.729999999996,10119.729999999996
2025-09-09 01:34:00,10119.729999999996,10119.729999999996
2025-09-09 02:34:00,10119.729999999996,10119.729999999996
2025-09-09 03:34:00,10119.729999999996,10119.729999999996
2025-09-09 04:34:00,10119.729999999996,10119.729999999996
2025-09-09 05:34:00,10119.729999999996,10119.729999999996
2025-09-09 06:34:00,10119.729999999996,10119.729999999996
2025-09-09 07:34:00,10119.729999999996,10119.729999999996
2025-09-09 08:34:00,10119.729999999996,10119.729999999996
2025-09-09 09:34:00,10119.729999999996,10119.729999999996
2025-09-09 10:34:00,10119.729999999996,10119.729999999996
2025-09-09 11:34:00,10119.729999999996,10119.729999999996
2025-09-09 12:34:00,10119.729999999996,10119.729999999996
2025-09-09 13:34:00,10119.729999999996,10119.729999999996
2025-09-09 14:34:00,10119.729999999996,10119.729999999996
2025-09-09 15:34:00,10119.729999999996,10119.729999999996
2025-09-09 16:34:00,10119.729999999996,10119.729999999996
2025-09-09 17:34:00,10119.729999999996,10119.729999999996
2025-09-09 18:34:00,10119.729999999996,10119.729999999996
2025-09-09 19:34:00,10119.729999999996,10119.729999999996
2025-09-09 20:34:00,10119.729999999996,10119.729999999996
2025-09-09 21:34:00,10119.729999999996,10119.729999999996
2025-09-09 22:34:00,10119.729999999996,10119.729999999996
2025-09-09 23:34:00,10119.729999999996,10119.729999999996
2025-09-10 01:35:00,10119.729999999996,10119.729999999996
2025-09-10 02:35:00,10119.729999999996,10119.729999999996
2025-09-10 03:35:00,10119.729999999996,10119.729999999996
2025-09-10 04:35:00,10119.729999999996,10119.729999999996
2025-09-10 05:35:00,10119.729999999996,10119.729999999996
2025-09-10 06:35:00,10119.729999999996,10119.729999999996
2025-09-10 07:35:00,10119.729999999996,10119.729999999996
2025-09-10 08:35:00,10119.729999999996,10119.729999999996
2025-09-10 09:35:00,10119.729999999996,10119.729999999996
2025-09-10 10:35:00,10119.729999999996,10119.729999999996
2025-09-10 11:35:00,10119.729999999996,10119.729999999996
2025-09-10 12:35:00,10119.729999999996,10119.729999999996
2025-09-10 13:35:00,10119.729999999996,10119.729999999996
2025-09-10 14:35:00,10130.909999999996,10176.909999999996
2025-09-10 15:35:00,10155.089999999997,10203.529999999997
2025-09-10 16:35:00,10203.479999999996,10226.959999999995
2025-09-10 17:35:00,10203.479999999996,10212.159999999996
2025-09-10 18:35:00,10203.479999999996,10250.319999999996
2025-09-10 19:35:00,10203.479999999996,10270.519999999997
2025-09-10 20:35:00,10203.479999999996,10249.839999999997
2025-09-10 21:35:00,10203.479999999996,10241.999999999996
2025-09-10 22:35:00,10203.479999999996,10285.239999999996
2025-09-10 23:35:00,10203.479999999996,10273.679999999997
2025-09-11 01:36:00,10204.079999999996,10270.199999999997
2025-09-11 02:36:00,10204.079999999996,10261.799999999996
2025-09-11 03:36:00,10204.079999999996,10256.359999999995
2025-09-11 04:36:00,10204.079999999996,10258.719999999996
2025-09-11 05:36:00,10204.079999999996,10281.479999999996
2025-09-11 06:36:00,10204.079999999996,10304.119999999995
2025-09-11 07:36:00,10204.079999999996,10304.359999999995
2025-09-11 08:36:00,10204.079999999996,10306.719999999996
2025-09-11 09:36:00,10333.119999999997,10333.119999999997
2025-09-11 10:36:00,10333.119999999997,10333.119999999997
2025-09-11 11:36:00,10333.119999999997,10333.119999999997
2025-09-11 12:36:00,10333.119999999997,10333.119999999997
2025-09-11 13:36:00,10333.119999999997,10333.119999999997
2025-09-11 14:36:00,10333.119999999997,10333.119999999997
2025-09-11 15:36:00,10333.119999999997,10333.119999999997
2025-09-11 16:36:00,10333.119999999997,10333.119999999997
2025-09-11 17:36:00,10333.119999999997,10333.119999999997
2025-09-11 18:36:00,10333.119999999997,10333.119999999997
2025-09-11 19:36:00,10333.119999999997,10333.119999999997
2025-09-11 20:36:00,10333.119999999997,10333.119999999997
2025-09-11 21:36:00,10333.119999999997,10333.119999999997
2025-09-11 22:36:00,10333.119999999997,10333.119999999997
2025-09-11 23:36:00,10333.119999999997,10333.119999999997
2025-09-12 01:37:00,10333.119999999997,10333.119999999997
2025-09-12 02:37:00,10333.119999999997,10333.119999999997
2025-09-12 03:37:00,10333.119999999997,10333.119999999997
2025-09-12 04:37:00,10333.119999999997,10333.119999999997
2025-09-12 05:37:00,10333.119999999997,10333.119999999997
2025-09-12 06:37:00,10333.119999999997,10333.119999999997
2025-09-12 07:37:00,10333.119999999997,10333.119999999997
2025-09-12 08:37:00,10333.119999999997,10333.119999999997
2025-09-12 09:37:00,10333.119999999997,10333.119999999997
2025-09-12 10:37:00,10333.119999999997,10333.119999999997
2025-09-12 11:37:00,10333.119999999997,10333.119999999997
2025-09-12 12:37:00,10333.119999999997,10333.119999999997
2025-09-12 13:37:00,10333.119999999997,10333.119999999997
2025-09-12 14:37:00,10333.119999999997,10333.119999999997
2025-09-12 15:37:00,10333.119999999997,10333.119999999997
2025-09-12 16:37:00,10333.119999999997,10333.119999999997
2025-09-12 17:37:00,10333.119999999997,10333.119999999997
2025-09-12 18:37:00,10332.279999999997,10339.599999999999
2025-09-12 19:37:00,10332.279999999997,10342.599999999999
2025-09-12 20:37:00,10332.279999999997,10378.119999999999
2025-09-12 21:37:00,10332.279999999997,10359.64
2025-09-12 22:37:00,10332.279999999997,10315.839999999998
2025-09-12 23:37:00,10332.279999999997,10284.759999999997
2025-09-15 01:38:00,10326.279999999997,10269.88
2025-09-15 02:38:00,10233.039999999999,10233.039999999999
2025-09-15 03:38:00,10233.039999999999,10233.039999999999
2025-09-15 04:38:00,10233.039999999999,10233.039999999999
2025-09-15 05:38:00,10233.039999999999,10233.039999999999
2025-09-15 06:38:00,10233.039999999999,10233.039999999999
2025-09-15 07:38:00,10233.039999999999,10233.039999999999
2025-09-15 08:38:00,10233.039999999999,10233.039999999999
2025-09-15 09:38:00,10233.039999999999,10233.039999999999
2025-09-15 10:38:00,10231.919999999998,10254.160000000003
2025-09-15 11:38:00,10250.119999999999,10278.2
2025-09-15 12:38:00,10248.92,10248.92
2025-09-15 13:38:00,10248.92,10248.92
2025-09-15 14:38:00,10248.92,10248.92
2025-09-15 15:38:00,10248.92,10248.92
2025-09-15 16:38:00,10248.92,10248.92
2025-09-15 17:38:00,10248.92,10248.92
2025-09-15 18:38:00,10248.92,10248.92
2025-09-15 19:38:00,10248.92,10248.92
2025-09-15 20:38:00,10248.92,10248.92
2025-09-15 21:38:00,10248.92,10248.92
2025-09-15 22:38:00,10248.92,10248.92
2025-09-15 23:38:00,10248.92,10248.92
2025-09-16 01:39:00,10301.219999999996,10425.989999999994
2025-09-16 02:39:00,10301.219999999996,10418.549999999996
2025-09-16 03:39:00,10374.359999999997,10528.889999999998
2025-09-16 04:39:00,10400.499999999996,10493.729999999992
2025-09-16 05:39:00,10405.779999999992,10495.80999999999
2025-09-16 06:39:00,10405.07999999999,10494.89999999999
2025-09-16 07:39:00,10405.07999999999,10474.01999999999
2025-09-16 08:39:00,10405.07999999999,10495.439999999991
2025-09-16 09:39:00,10405.07999999999,10538.909999999989
2025-09-16 10:39:00,10405.07999999999,10544.759999999991
2025-09-16 11:39:00,10405.07999999999,10592.909999999989
2025-09-16 12:39:00,10624.499999999993,10624.499999999993
2025-09-16 13:39:00,10624.499999999993,10624.499999999993
2025-09-16 14:39:00,10624.499999999993,10624.499999999993
2025-09-16 15:39:00,10624.499999999993,10624.499999999993
2025-09-16 16:39:00,10624.499999999993,10624.499999999993
2025-09-16 17:39:00,10624.499999999993,10624.499999999993
2025-09-16 18:39:00,10624.499999999993,10624.499999999993
2025-09-16 19:39:00,10624.499999999993,10624.499999999993
2025-09-16 20:39:00,10624.499999999993,10624.499999999993
2025-09-16 21:39:00,10624.499999999993,10624.499999999993
2025-09-16 22:39:00,10624.499999999993,10624.499999999993
2025-09-16 23:39:00,10624.499999999993,10624.499999999993
2025-09-17 01:40:00,10624.499999999993,10624.499999999993
2025-09-17 02:40:00,10624.499999999993,10624.499999999993
2025-09-17 03:40:00,10624.499999999993,10624.499999999993
2025-09-17 04:40:00,10624.499999999993,10624.499999999993
2025-09-17 05:40:00,10624.499999999993,10624.499999999993
2025-09-17 06:40:00,10633.049999999983,10633.049999999983
2025-09-17 07:40:00,10633.049999999983,10633.049999999983
2025-09-17 08:40:00,10633.049999999983,10633.049999999983
2025-09-17 09:40:00,10633.049999999983,10633.049999999983
2025-09-17 10:40:00,10633.049999999983,10633.049999999983
2025-09-17 11:40:00,10633.049999999983,10633.049999999983
2025-09-17 12:40:00,10633.049999999983,10633.049999999983
2025-09-17 13:40:00,10633.049999999983,10633.049999999983
2025-09-17 14:40:00,10633.049999999983,10633.049999999983
2025-09-17 15:40:00,10633.049999999983,10633.049999999983
2025-09-17 16:40:00,10633.049999999983,10633.049999999983
2025-09-17 17:40:00,10633.049999999983,10633.049999999983
2025-09-17 18:40:00,10633.049999999983,10633.049999999983
2025-09-17 19:40:00,10633.049999999983,10633.049999999983
2025-09-17 20:40:00,10633.049999999983,10633.049999999983
2025-09-17 21:40:00,10633.049999999983,10633.049999999983
2025-09-17 22:40:00,10633.049999999983,10633.049999999983
2025-09-17 23:40:00,10633.049999999983,10633.049999999983
2025-09-18 01:41:00,10633.049999999983,10633.049999999983
2025-09-18 02:41:00,10633.049999999983,10633.049999999983
2025-09-18 03:41:00,10633.049999999983,10633.049999999983
2025-09-18 04:41:00,10633.049999999983,10633.049999999983
2025-09-18 05:41:00,10633.049999999983,10633.049999999983
2025-09-18 06:41:00,10633.049999999983,10633.049999999983
2025-09-18 07:41:00,10633.049999999983,10633.049999999983
2025-09-18 08:41:00,10633.049999999983,10633.049999999983
2025-09-18 09:41:00,10633.049999999983,10633.049999999983
2025-09-18 10:41:00,10502.82999999998,10502.82999999998
2025-09-18 11:41:00,10502.82999999998,10502.82999999998
2025-09-18 12:41:00,10502.82999999998,10502.82999999998
2025-09-18 13:41:00,10502.82999999998,10502.82999999998
2025-09-18 14:41:00,10502.82999999998,10502.82999999998
2025-09-18 15:41:00,10502.82999999998,10502.82999999998
2025-09-18 16:41:00,10502.82999999998,10502.82999999998
2025-09-18 17:41:00,10502.82999999998,10502.82999999998
2025-09-18 18:41:00,10502.82999999998,10502.82999999998
2025-09-18 19:41:00,10502.82999999998,10502.82999999998
2025-09-18 20:41:00,10502.82999999998,10502.82999999998
2025-09-18 21:41:00,10502.82999999998,10502.82999999998
2025-09-18 22:41:00,10502.82999999998,10502.82999999998
2025-09-18 23:41:00,10502.82999999998,10502.82999999998
2025-09-19 01:42:00,10502.82999999998,10502.82999999998
2025-09-19 02:42:00,10502.82999999998,10502.82999999998
2025-09-19 03:42:00,10502.82999999998,10502.82999999998
2025-09-19 04:42:00,10502.82999999998,10502.82999999998
2025-09-19 05:42:00,10502.82999999998,10502.82999999998
2025-09-19 06:42:00,10502.82999999998,10502.82999999998
2025-09-19 07:42:00,10502.82999999998,10502.82999999998
2025-09-19 08:42:00,10502.82999999998,10502.82999999998
2025-09-19 09:42:00,10502.82999999998,10502.82999999998
2025-09-19 10:42:00,10502.82999999998,10502.82999999998
2025-09-19 11:42:00,10502.82999999998,10502.82999999998
2025-09-19 12:42:00,10502.82999999998,10502.82999999998
2025-09-19 13:42:00,10502.82999999998,10502.82999999998
2025-09-19 14:42:00,10502.82999999998,10502.82999999998
2025-09-19 15:42:00,10502.82999999998,10502.82999999998
2025-09-19 16:42:00,10502.82999999998,10502.82999999998
2025-09-19 17:42:00,10502.82999999998,10502.82999999998
2025-09-19 18:42:00,10502.82999999998,10502.82999999998
2025-09-19 19:42:00,10502.82999999998,10502.82999999998
2025-09-19 20:42:00,10502.82999999998,10502.82999999998
2025-09-19 21:42:00,10502.82999999998,10502.82999999998
2025-09-19 22:42:00,10502.82999999998,10502.82999999998
2025-09-19 23:42:00,10502.82999999998,10502.82999999998
2025-09-22 01:43:00,10502.82999999998,10502.82999999998
2025-09-22 02:43:00,10502.82999999998,10502.82999999998
2025-09-22 03:43:00,10502.82999999998,10502.82999999998
2025-09-22 04:43:00,10502.82999999998,10502.82999999998
2025-09-22 05:43:00,10502.82999999998,10502.82999999998
2025-09-22 06:43:00,10502.82999999998,10502.82999999998
2025-09-22 07:43:00,10502.82999999998,10502.82999999998
2025-09-22 08:43:00,10502.82999999998,10502.82999999998
2025-09-22 09:43:00,10502.82999999998,10502.82999999998
2025-09-22 10:43:00,10502.82999999998,10502.82999999998
2025-09-22 11:43:00,10502.82999999998,10502.82999999998
2025-09-22 12:43:00,10502.82999999998,10502.82999999998
2025-09-22 13:43:00,10502.82999999998,10502.82999999998
2025-09-22 14:43:00,10502.82999999998,10502.82999999998
2025-09-22 15:43:00,10502.82999999998,10502.82999999998
2025-09-22 16:43:00,10502.82999999998,10502.82999999998
2025-09-22 17:43:00,10502.82999999998,10502.82999999998
2025-09-22 18:43:00,10502.82999999998,10502.82999999998
2025-09-22 19:43:00,10502.82999999998,10502.82999999998
2025-09-22 20:43:00,10502.82999999998,10502.82999999998
2025-09-22 21:43:00,10502.82999999998,10502.82999999998
2025-09-22 22:43:00,10536.03999999998,10631.179999999958
2025-09-22 23:43:00,10615.849999999977,10773.769999999975
2025-09-23 01:44:00,10473.289999999964,10473.289999999964
2025-09-23 02:44:00,10473.289999999964,10473.289999999964
2025-09-23 03:44:00,10473.289999999964,10473.289999999964
2025-09-23 04:44:00,10473.289999999964,10473.289999999964
2025-09-23 05:44:00,10473.289999999964,10473.289999999964
2025-09-23 06:44:00,10473.289999999964,10473.289999999964
2025-09-23 07:44:00,10473.289999999964,10473.289999999964
2025-09-23 08:44:00,10473.289999999964,10473.289999999964
2025-09-23 09:44:00,10473.289999999964,10473.289999999964
2025-09-23 10:44:00,10473.289999999964,10473.289999999964
2025-09-23 11:44:00,10473.289999999964,10473.289999999964
2025-09-23 12:44:00,10473.289999999964,10473.289999999964
2025-09-23 13:44:00,10473.289999999964,10473.289999999964
2025-09-23 14:44:00,10473.289999999964,10473.289999999964
2025-09-23 15:44:00,10473.289999999964,10473.289999999964
2025-09-23 16:44:00,10473.289999999964,10473.289999999964
2025-09-23 17:44:00,10473.289999999964,10473.289999999964
2025-09-23 18:44:00,10473.289999999964,10473.289999999964
2025-09-23 19:44:00,10497.019999999964,10645.699999999963
2025-09-23 20:44:00,10650.559999999965,10752.799999999967
2025-09-23 21:44:00,10650.559999999965,10774.129999999965
2025-09-23 22:44:00,10554.079999999965,10554.079999999965
2025-09-23 23:44:00,10554.079999999965,10554.079999999965
2025-09-24 01:45:00,10554.079999999965,10554.079999999965
2025-09-24 02:45:00,10554.079999999965,10554.079999999965
2025-09-24 03:45:00,10554.079999999965,10554.079999999965
2025-09-24 04:45:00,10554.079999999965,10554.079999999965
2025-09-24 05:45:00,10554.079999999965,10554.079999999965
2025-09-24 06:45:00,10554.079999999965,10554.079999999965
2025-09-24 07:45:00,10554.079999999965,10554.079999999965
2025-09-24 08:45:00,10554.079999999965,10554.079999999965
2025-09-24 09:45:00,10554.079999999965,10554.079999999965
2025-09-24 10:45:00,10554.079999999965,10554.079999999965
2025-09-24 11:45:00,10554.079999999965,10554.079999999965
2025-09-24 12:45:00,10554.079999999965,10554.079999999965
2025-09-24 13:45:00,10554.079999999965,10554.079999999965
2025-09-24 14:45:00,10554.079999999965,10554.079999999965
2025-09-24 15:45:00,10554.079999999965,10554.079999999965
2025-09-24 16:45:00,10554.079999999965,10554.079999999965
2025-09-24 17:45:00,10554.079999999965,10554.079999999965
2025-09-24 18:45:00,10554.079999999965,10554.079999999965
2025-09-24 19:45:00,10554.079999999965,10554.079999999965
2025-09-24 20:45:00,10554.079999999965,10554.079999999965
2025-09-24 21:45:00,10554.079999999965,10554.079999999965
2025-09-24 22:45:00,10554.079999999965,10554.079999999965
2025-09-24 23:45:00,10554.079999999965,10554.079999999965
2025-09-25 01:46:00,10554.079999999965,10554.079999999965
2025-09-25 02:46:00,10554.079999999965,10554.079999999965
2025-09-25 03:46:00,10554.079999999965,10554.079999999965
2025-09-25 04:46:00,10554.079999999965,10554.079999999965
2025-09-25 05:46:00,10554.079999999965,10554.079999999965
2025-09-25 06:46:00,10554.079999999965,10554.079999999965
2025-09-25 07:46:00,10554.079999999965,10554.079999999965
2025-09-25 08:46:00,10554.079999999965,10554.079999999965
2025-09-25 09:46:00,10554.079999999965,10554.079999999965
2025-09-25 10:46:00,10554.079999999965,10554.079999999965
2025-09-25 11:46:00,10554.079999999965,10554.079999999965
2025-09-25 12:46:00,10554.079999999965,10554.079999999965
2025-09-25 13:46:00,10554.079999999965,10554.079999999965
2025-09-25 14:46:00,10554.079999999965,10554.079999999965
2025-09-25 15:46:00,10554.079999999965,10554.079999999965
2025-09-25 16:46:00,10554.079999999965,10554.079999999965
2025-09-25 17:46:00,10592.319999999963,10640.969999999961
2025-09-25 18:46:00,10591.619999999964,10591.619999999964
2025-09-25 19:46:00,10591.619999999964,10591.619999999964
2025-09-25 20:46:00,10591.619999999964,10591.619999999964
2025-09-25 21:46:00,10330.199999999975,10330.199999999975
2025-09-25 22:46:00,10330.199999999975,10330.199999999975
2025-09-25 23:46:00,10330.199999999975,10330.199999999975
2025-09-26 01:47:00,10330.199999999975,10330.199999999975
2025-09-26 02:47:00,10330.199999999975,10330.199999999975
2025-09-26 03:47:00,10330.199999999975,10330.199999999975
2025-09-26 04:47:00,10330.199999999975,10330.199999999975
2025-09-26 05:47:00,10330.199999999975,10330.199999999975
2025-09-26 06:47:00,10330.199999999975,10330.199999999975
2025-09-26 07:47:00,10330.199999999975,10330.199999999975
2025-09-26 08:47:00,10334.129999999976,10354.469999999978
2025-09-26 09:47:00,10342.829999999976,10342.829999999976
2025-09-26 10:47:00,10342.829999999976,10342.829999999976
2025-09-26 11:47:00,10342.829999999976,10342.829999999976
2025-09-26 12:47:00,10342.829999999976,10342.829999999976
2025-09-26 13:47:00,10338.769999999977,10326.589999999975
2025-09-26 14:47:00,10468.129999999986,10587.009999999991
2025-09-26 15:47:00,10637.089999999993,10637.089999999993
2025-09-26 16:47:00,10637.089999999993,10637.089999999993
2025-09-26 17:47:00,10637.089999999993,10637.089999999993
2025-09-26 18:47:00,10637.089999999993,10637.089999999993
2025-09-26 19:47:00,10637.089999999993,10637.089999999993
2025-09-26 20:47:00,10637.089999999993,10637.089999999993
2025-09-26 21:47:00,10637.089999999993,10637.089999999993
2025-09-26 22:47:00,10637.089999999993,10637.089999999993
2025-09-26 23:47:00,10637.089999999993,10637.089999999993
2025-09-29 01:48:00,10637.089999999993,10637.089999999993
2025-09-29 02:48:00,10637.089999999993,10637.089999999993
2025-09-29 03:48:00,10637.089999999993,10637.089999999993
2025-09-29 04:48:00,10637.089999999993,10637.089999999993
2025-09-29 05:48:00,10637.089999999993,10637.089999999993
2025-09-29 06:48:00,10637.089999999993,10637.089999999993
2025-09-29 07:48:00,10637.089999999993,10637.089999999993
2025-09-29 08:48:00,10637.089999999993,10637.089999999993
2025-09-29 09:48:00,10637.089999999993,10637.089999999993
2025-09-29 10:48:00,10637.089999999993,10637.089999999993
2025-09-29 11:48:00,10637.089999999993,10637.089999999993
2025-09-29 12:48:00,10637.089999999993,10637.089999999993
2025-09-29 13:48:00,10637.089999999993,10637.089999999993
2025-09-29 14:48:00,10637.089999999993,10637.089999999993
2025-09-29 15:48:00,10637.089999999993,10637.089999999993
2025-09-29 16:48:00,10637.089999999993,10637.089999999993
2025-09-29 17:48:00,10637.089999999993,10637.089999999993
2025-09-29 18:48:00,10637.089999999993,10637.089999999993
2025-09-29 19:48:00,10637.089999999993,10637.089999999993
2025-09-29 20:48:00,10637.089999999993,10637.089999999993
2025-09-29 21:48:00,10637.089999999993,10637.089999999993
2025-09-29 22:48:00,10637.089999999993,10637.089999999993
2025-09-29 23:48:00,10637.089999999993,10637.089999999993
2025-09-30 01:49:00,10637.089999999993,10637.089999999993
2025-09-30 02:49:00,10637.089999999993,10637.089999999993
2025-09-30 03:49:00,10637.089999999993,10637.089999999993
2025-09-30 04:49:00,10637.089999999993,10637.089999999993
2025-09-30 05:49:00,10637.089999999993,10637.089999999993
2025-09-30 06:49:00,10637.089999999993,10637.089999999993
2025-09-30 07:49:00,10637.089999999993,10637.089999999993
2025-09-30 08:49:00,10637.089999999993,10637.089999999993
2025-09-30 09:49:00,10637.089999999993,10637.089999999993
2025-09-30 10:49:00,10637.089999999993,10637.089999999993
2025-09-30 11:49:00,10637.089999999993,10637.089999999993
2025-09-30 12:49:00,10637.089999999993,10637.089999999993
2025-09-30 13:49:00,10637.089999999993,10637.089999999993
2025-09-30 14:49:00,10637.089999999993,10637.089999999993
2025-09-30 15:49:00,10637.089999999993,10637.089999999993
2025-09-30 16:49:00,10636.809999999992,10614.369999999994
2025-09-30 17:49:00,10574.249999999995,10574.249999999995
2025-09-30 18:49:00,10590.529999999993,10597.249999999993
2025-09-30 19:49:00,10595.389999999994,10572.77999999999
2025-09-30 20:49:00,10595.389999999994,10620.27999999999
2025-09-30 21:49:00,10595.389999999994,10572.77999999999
2025-09-30 22:49:00,10473.929999999993,10508.609999999993
2025-09-30 23:49:00,10473.929999999993,10515.009999999993
2025-10-01 01:50:00,10493.989999999993,10516.969999999992
2025-10-01 02:50:00,10493.989999999993,10518.509999999993
2025-10-01 03:50:00,10493.989999999993,10519.779999999992
2025-10-01 04:50:00,10493.989999999993,10524.629999999992
2025-10-01 05:50:00,10493.989999999993,10522.679999999993
2025-10-01 06:50:00,10493.989999999993,10518.819999999992
2025-10-01 07:50:00,10493.989999999993,10517.729999999992
2025-10-01 08:50:00,10493.989999999993,10519.679999999993
2025-10-01 09:50:00,10493.989999999993,10519.069999999992
2025-10-01 10:50:00,10493.989999999993,10530.819999999992
2025-10-01 11:50:00,10540.119999999992,10540.119999999992
2025-10-01 12:50:00,10540.119999999992,10540.119999999992
2025-10-01 13:50:00,10540.119999999992,10540.119999999992
2025-10-01 14:50:00,10540.119999999992,10540.119999999992
2025-10-01 15:50:00,10540.119999999992,10540.119999999992
2025-10-01 16:50:00,10540.119999999992,10540.119999999992
2025-10-01 17:50:00,10540.119999999992,10540.119999999992
2025-10-01 18:50:00,10540.119999999992,10540.119999999992
2025-10-01 19:50:00,10540.119999999992,10540.119999999992
2025-10-01 20:50:00,10540.119999999992,10540.119999999992
2025-10-01 21:50:00,10540.119999999992,10540.119999999992
2025-10-01 22:50:00,10540.119999999992,10540.119999999992
2025-10-01 23:50:00,10540.119999999992,10540.119999999992
2025-10-02 01:51:00,10540.119999999992,10540.119999999992
2025-10-02 02:51:00,10540.119999999992,10540.119999999992
2025-10-02 03:51:00,10540.119999999992,10540.119999999992
2025-10-02 04:51:00,10540.119999999992,10540.119999999992
2025-10-02 05:51:00,10540.119999999992,10540.119999999992
2025-10-02 06:51:00,10540.119999999992,10540.119999999992
2025-10-02 07:51:00,10540.119999999992,10540.119999999992
2025-10-02 08:51:00,10540.119999999992,10540.119999999992
2025-10-02 09:51:00,10540.119999999992,10540.119999999992
2025-10-02 10:51:00,10540.119999999992,10540.119999999992
2025-10-02 11:51:00,10540.119999999992,10540.119999999992
2025-10-02 12:51:00,10540.119999999992,10540.119999999992
2025-10-02 13:51:00,10562.55,10562.55
2025-10-02 14:51:00,10562.55,10562.55
2025-10-02 15:51:00,10562.55,10562.55
2025-10-02 16:51:00,10562.55,10562.55
2025-10-02 17:51:00,10562.55,10562.55
2025-10-02 18:51:00,10562.55,10562.55
2025-10-02 19:51:00,10562.55,10562.55
2025-10-02 20:51:00,10562.55,10562.55
2025-10-02 21:51:00,10562.55,10562.55
2025-10-02 22:51:00,10562.55,10562.55
2025-10-02 23:51:00,10562.55,10562.55
2025-10-03 01:52:00,10562.55,10562.55
2025-10-03 02:52:00,10562.55,10562.55
2025-10-03 03:52:00,10562.55,10562.55
2025-10-03 04:52:00,10562.55,10562.55
2025-10-03 05:52:00,10562.55,10562.55
2025-10-03 06:52:00,10562.55,10562.55
2025-10-03 07:52:00,10562.55,10562.55
2025-10-03 08:52:00,10562.55,10562.55
2025-10-03 09:52:00,10562.55,10562.55
2025-10-03 10:52:00,10562.199999999999,10563.749999999998
2025-10-03 11:52:00,10562.199999999999,10574.8
2025-10-03 12:52:00,10562.199999999999,10573.05
2025-10-03 13:52:00,10562.199999999999,10546.55
2025-10-03 14:52:00,10562.199999999999,10565.449999999999
2025-10-03 15:52:00,10562.199999999999,10531.95
2025-10-03 16:52:00,10450.849999999999,10450.849999999999
2025-10-03 17:52:00,10450.849999999999,10450.849999999999
2025-10-03 18:52:00,10450.849999999999,10450.849999999999
2025-10-03 19:52:00,10450.849999999999,10450.849999999999
2025-10-03 20:52:00,10450.849999999999,10450.849999999999
2025-10-03 21:52:00,10450.849999999999,10450.849999999999
2025-10-03 22:52:00,10450.849999999999,10450.849999999999
2025-10-03 23:52:00,10450.849999999999,10450.849999999999
2025-10-06 01:53:00,10450.849999999999,10450.849999999999
2025-10-06 02:53:00,10450.849999999999,10450.849999999999
2025-10-06 03:53:00,10450.849999999999,10450.849999999999
2025-10-06 04:53:00,10450.849999999999,10450.849999999999
2025-10-06 05:53:00,10450.849999999999,10450.849999999999
2025-10-06 06:53:00,10450.849999999999,10450.849999999999
2025-10-06 07:53:00,10450.849999999999,10450.849999999999
2025-10-06 08:53:00,10450.849999999999,10450.849999999999
2025-10-06 09:53:00,10450.849999999999,10450.849999999999
2025-10-06 10:53:00,10450.849999999999,10450.849999999999
2025-10-06 11:53:00,10450.849999999999,10450.849999999999
2025-10-06 12:53:00,10450.849999999999,10450.849999999999
2025-10-06 13:53:00,10450.849999999999,10450.849999999999
2025-10-06 14:53:00,10450.849999999999,10450.849999999999
2025-10-06 15:53:00,10450.849999999999,10450.849999999999
2025-10-06 16:53:00,10450.849999999999,10450.849999999999
2025-10-06 17:53:00,10450.849999999999,10450.849999999999
2025-10-06 18:53:00,10450.849999999999,10450.849999999999
2025-10-06 19:53:00,10450.849999999999,10450.849999999999
2025-10-06 20:53:00,10450.849999999999,10450.849999999999
2025-10-06 21:53:00,10450.849999999999,10450.849999999999
2025-10-06 22:53:00,10450.849999999999,10450.849999999999
2025-10-06 23:53:00,10450.849999999999,10450.849999999999
2025-10-07 01:54:00,10450.849999999999,10450.849999999999
2025-10-07 02:54:00,10450.849999999999,10450.849999999999
2025-10-07 03:54:00,10450.849999999999,10450.849999999999
2025-10-07 04:54:00,10450.849999999999,10450.849999999999
2025-10-07 05:54:00,10450.849999999999,10450.849999999999
2025-10-07 06:54:00,10450.849999999999,10450.849999999999
2025-10-07 07:54:00,10450.849999999999,10450.849999999999
2025-10-07 08:54:00,10450.849999999999,10450.849999999999
2025-10-07 09:54:00,10450.849999999999,10450.849999999999
2025-10-07 10:54:00,10450.849999999999,10450.849999999999
2025-10-07 11:54:00,10450.849999999999,10450.849999999999
2025-10-07 12:54:00,10450.849999999999,10450.849999999999
2025-10-07 13:54:00,10450.849999999999,10450.849999999999
2025-10-07 14:54:00,10450.849999999999,10450.849999999999
2025-10-07 15:54:00,10450.849999999999,10450.849999999999
2025-10-07 16:54:00,10450.849999999999,10450.849999999999
2025-10-07 17:54:00,10450.849999999999,10450.849999999999
2025-10-07 18:54:00,10450.849999999999,10450.849999999999
2025-10-07 19:54:00,10450.849999999999,10450.849999999999
2025-10-07 20:54:00,10450.849999999999,10450.849999999999
2025-10-07 21:54:00,10450.849999999999,10450.849999999999
2025-10-07 22:54:00,10450.849999999999,10450.849999999999
2025-10-07 23:54:00,10450.849999999999,10450.849999999999
2025-10-08 01:55:00,10450.849999999999,10450.849999999999
2025-10-08 02:55:00,10450.849999999999,10450.849999999999
2025-10-08 03:55:00,10450.849999999999,10450.849999999999
2025-10-08 04:55:00,10450.849999999999,10450.849999999999
2025-10-08 05:55:00,10450.849999999999,10450.849999999999
2025-10-08 06:55:00,10450.849999999999,10450.849999999999
2025-10-08 07:55:00,10450.849999999999,10450.849999999999
2025-10-08 08:55:00,10450.849999999999,10450.849999999999
2025-10-08 09:55:00,10450.849999999999,10450.849999999999
2025-10-08 10:55:00,10450.849999999999,10450.849999999999
2025-10-08 11:55:00,10450.849999999999,10450.849999999999
2025-10-08 12:55:00,10450.849999999999,10450.849999999999
2025-10-08 13:55:00,10450.849999999999,10450.849999999999
2025-10-08 14:55:00,10450.849999999999,10450.849999999999
2025-10-08 15:55:00,10450.849999999999,10450.849999999999
2025-10-08 16:55:00,10450.849999999999,10450.849999999999
2025-10-08 17:55:00,10450.849999999999,10450.849999999999
2025-10-08 18:55:00,10450.849999999999,10450.849999999999
2025-10-08 19:55:00,10450.849999999999,10450.849999999999
2025-10-08 20:55:00,10353.620000000003,10353.620000000003
2025-10-08 21:55:00,10353.620000000003,10353.620000000003
2025-10-08 22:55:00,10353.620000000003,10353.620000000003
2025-10-08 23:55:00,10353.620000000003,10353.620000000003
2025-10-09 01:56:00,10353.620000000003,10353.620000000003
2025-10-09 02:56:00,10353.620000000003,10353.620000000003
2025-10-09 03:56:00,10353.620000000003,10353.620000000003
2025-10-09 04:56:00,10402.460000000001,10435.489999999998
2025-10-09 05:56:00,10401.559999999998,10401.559999999998
2025-10-09 06:56:00,10401.559999999998,10401.559999999998
2025-10-09 07:56:00,10401.559999999998,10401.559999999998
2025-10-09 08:56:00,10401.559999999998,10401.559999999998
2025-10-09 09:56:00,10401.559999999998,10401.559999999998
2025-10-09 10:56:00,10401.559999999998,10401.559999999998
2025-10-09 11:56:00,10401.559999999998,10401.559999999998
2025-10-09 12:56:00,10401.559999999998,10401.559999999998
2025-10-09 13:56:00,10401.559999999998,10401.559999999998
2025-10-09 14:56:00,10401.559999999998,10401.559999999998
2025-10-09 15:56:00,10400.369999999997,10373.000000000004
2025-10-09 16:56:00,10308.74,10308.74
2025-10-09 17:56:00,10308.74,10308.74
2025-10-09 18:56:00,10308.74,10308.74
2025-10-09 19:56:00,10308.74,10308.74
2025-10-09 20:56:00,10308.74,10308.74
2025-10-09 21:56:00,10308.74,10308.74
2025-10-09 22:56:00,10308.67,10307.01
2025-10-09 23:56:00,10308.67,10307.07
2025-10-10 01:57:00,10321.000000000002,10360.200000000004
2025-10-10 02:57:00,10345.990000000003,10404.770000000002
2025-10-10 03:57:00,10396.970000000005,10400.470000000007
2025-10-10 04:57:00,10410.960000000005,10470.420000000006
2025-10-10 05:57:00,10410.560000000003,10449.800000000005
2025-10-10 06:57:00,10410.360000000002,10465.510000000002
2025-10-10 07:57:00,10439.110000000002,10472.290000000003
2025-10-10 08:57:00,10439.110000000002,10457.670000000002
2025-10-10 09:57:00,10439.110000000002,10465.210000000003
2025-10-10 10:57:00,10439.110000000002,10450.530000000002
2025-10-10 11:57:00,10439.010000000002,10420.380000000001
2025-10-10 12:57:00,10439.010000000002,10416.090000000002
2025-10-10 13:57:00,10439.010000000002,10418.160000000002
2025-10-10 14:57:00,10494.130000000001,10516.75
2025-10-10 15:57:00,10493.330000000002,10481.940000000002
2025-10-10 16:57:00,10493.330000000002,10490.690000000002
2025-10-10 17:57:00,10500.95,10489.84
2025-10-10 18:57:00,10465.32,10465.32
2025-10-10 19:57:00,10465.32,10465.32
2025-10-10 20:57:00,10465.32,10465.32
2025-10-10 21:57:00,10465.32,10465.32
2025-10-10 22:57:00,10465.32,10465.32
2025-10-10 23:57:00,10465.32,10465.32
2025-10-13 01:58:00,10465.11,10429.080000000002
2025-10-13 02:58:00,10406.37,10406.37
2025-10-13 03:58:00,10406.37,10406.37
2025-10-13 04:58:00,10406.37,10406.37
2025-10-13 05:58:00,10406.37,10406.37
2025-10-13 06:58:00,10406.37,10406.37
2025-10-13 07:58:00,10406.37,10406.37
2025-10-13 08:58:00,10406.37,10406.37
2025-10-13 09:58:00,10406.37,10406.37
2025-10-13 10:58:00,10406.37,10406.37
2025-10-13 11:58:00,10406.37,10406.37
2025-10-13 12:58:00,10406.37,10406.37
2025-10-13 13:58:00,10406.37,10406.37
2025-10-13 14:58:00,10406.37,10406.37
2025-10-13 15:58:00,10406.37,10406.37
2025-10-13 16:58:00,10406.37,10406.37
2025-10-13 17:58:00,10406.37,10406.37
2025-10-13 18:58:00,10406.37,10406.37
2025-10-13 19:58:00,10406.37,10406.37
2025-10-13 20:58:00,10406.37,10406.37
2025-10-13 21:58:00,10406.37,10406.37
2025-10-13 22:58:00,10406.37,10406.37
2025-10-13 23:58:00,10406.37,10406.37
2025-10-14 01:59:00,10406.37,10406.37
2025-10-14 02:59:00,10406.37,10406.37
2025-10-14 03:59:00,10406.37,10406.37
2025-10-14 04:59:00,10312.640000000009,10312.640000000009
2025-10-14 05:59:00,10312.640000000009,10312.640000000009
2025-10-14 06:59:00,10312.640000000009,10312.640000000009
2025-10-14 07:59:00,10312.640000000009,10312.640000000009
2025-10-14 08:59:00,10312.640000000009,10312.640000000009
2025-10-14 09:59:00,10312.640000000009,10312.640000000009
2025-10-14 10:59:00,10312.640000000009,10312.640000000009
2025-10-14 11:59:00,10312.36000000001,10284.28000000001
2025-10-14 12:59:00,10312.36000000001,10351.28000000001
2025-10-14 13:59:00,10312.36000000001,10333.92000000001
2025-10-14 14:59:00,10312.36000000001,10338.720000000008
2025-10-14 15:59:00,10312.36000000001,10434.480000000007
2025-10-14 16:59:00,10379.680000000008,10482.680000000004
2025-10-14 17:59:00,10457.240000000007,10488.560000000005
2025-10-14 18:59:00,10457.240000000007,10453.520000000004
2025-10-14 19:59:00,10457.240000000007,10444.320000000007
2025-10-14 20:59:00,10457.240000000007,10412.800000000007
2025-10-14 21:59:00,10457.240000000007,10412.640000000007
2025-10-14 22:59:00,10457.240000000007,10439.680000000008
2025-10-15 01:00:00,10459.040000000008,10432.080000000009
2025-10-15 02:00:00,10458.620000000008,10387.540000000015
2025-10-15 03:00:00,10458.620000000008,10369.040000000012
2025-10-15 04:00:00,10458.620000000008,10292.740000000009
2025-10-15 05:00:00,10183.900000000009,10183.900000000009
2025-10-15 06:00:00,10183.34000000001,10214.460000000005
2025-10-15 07:00:00,10222.820000000009,10273.380000000006
2025-10-15 08:00:00,10222.420000000007,10222.420000000007
2025-10-15 09:00:00,10222.420000000007,10222.420000000007
2025-10-15 10:00:00,10222.420000000007,10222.420000000007
2025-10-15 11:00:00,10222.420000000007,10222.420000000007
2025-10-15 12:00:00,10222.420000000007,10222.420000000007
2025-10-15 13:00:00,10222.420000000007,10222.420000000007
2025-10-15 14:00:00,10222.420000000007,10222.420000000007
2025-10-15 15:00:00,10222.420000000007,10222.420000000007
2025-10-15 16:00:00,10222.420000000007,10222.420000000007
2025-10-15 17:00:00,10222.420000000007,10222.420000000007
2025-10-15 18:00:00,10222.420000000007,10222.420000000007
2025-10-15 19:00:00,10301.570000000007,10371.430000000011
2025-10-15 20:00:00,10301.570000000007,10409.02000000001
2025-10-15 21:00:00,10301.570000000007,10425.890000000009
2025-10-15 22:00:00,10462.500000000013,10462.500000000013
2025-10-15 23:00:00,10462.500000000013,10462.500000000013
2025-10-16 01:01:00,10462.500000000013,10462.500000000013
2025-10-16 02:01:00,10462.500000000013,10462.500000000013
2025-10-16 03:01:00,10462.500000000013,10462.500000000013
2025-10-16 04:01:00,10462.500000000013,10462.500000000013
2025-10-16 05:01:00,10462.500000000013,10462.500000000013
2025-10-16 06:01:00,10462.500000000013,10462.500000000013
2025-10-16 07:01:00,10462.500000000013,10462.500000000013
2025-10-16 08:01:00,10462.500000000013,10462.500000000013
2025-10-16 09:01:00,10462.500000000013,10462.500000000013
2025-10-16 10:01:00,10462.500000000013,10462.500000000013
2025-10-16 11:01:00,10462.500000000013,10462.500000000013
2025-10-16 12:01:00,10462.500000000013,10462.500000000013
2025-10-16 13:01:00,10462.500000000013,10462.500000000013
2025-10-16 14:01:00,10462.500000000013,10462.500000000013
2025-10-16 15:01:00,10462.500000000013,10462.500000000013
2025-10-16 16:01:00,10479.100000000011,10600.540000000012
2025-10-16 17:01:00,10584.49000000001,10697.64000000001
2025-10-16 18:01:00,10594.080000000009,10804.520000000013
2025-10-16 19:01:00,10614.800000000008,10959.420000000006
2025-10-16 20:01:00,10949.309999999992,11092.409999999993
2025-10-16 21:01:00,11156.409999999993,11156.409999999993
2025-10-16 22:01:00,11156.409999999993,11156.409999999993
2025-10-16 23:01:00,11156.409999999993,11156.409999999993
2025-10-17 01:02:00,11156.409999999993,11156.409999999993
2025-10-17 02:02:00,11156.409999999993,11156.409999999993
2025-10-17 03:02:00,11156.409999999993,11156.409999999993
2025-10-17 04:02:00,11156.409999999993,11156.409999999993
2025-10-17 05:02:00,11156.409999999993,11156.409999999993
2025-10-17 06:02:00,11156.409999999993,11156.409999999993
2025-10-17 07:02:00,11156.409999999993,11156.409999999993
2025-10-17 08:02:00,11156.409999999993,11156.409999999993
2025-10-17 09:02:00,11156.409999999993,11156.409999999993
2025-10-17 10:02:00,11156.409999999993,11156.409999999993
2025-10-17 11:02:00,11156.409999999993,11156.409999999993
2025-10-17 12:02:00,11156.409999999993,11156.409999999993
2025-10-17 13:02:00,11156.409999999993,11156.409999999993
2025-10-17 14:02:00,11156.409999999993,11156.409999999993
2025-10-17 15:02:00,11156.409999999993,11156.409999999993
2025-10-17 16:02:00,11156.409999999993,11156.409999999993
2025-10-17 17:02:00,11156.409999999993,11156.409999999993
2025-10-17 18:02:00,11156.409999999993,11156.409999999993
2025-10-17 19:02:00,11156.409999999993,11156.409999999993
2025-10-17 20:02:00,11156.409999999993,11156.409999999993
2025-10-17 21:02:00,11156.409999999993,11156.409999999993
2025-10-17 22:02:00,11156.409999999993,11156.409999999993
2025-10-17 23:02:00,11156.409999999993,11156.409999999993
2025-10-20 01:03:00,11156.409999999993,11156.409999999993
2025-10-20 02:03:00,11156.409999999993,11156.409999999993
2025-10-20 03:03:00,11156.409999999993,11156.409999999993
2025-10-20 04:03:00,11156.409999999993,11156.409999999993
2025-10-20 05:03:00,11156.409999999993,11156.409999999993
2025-10-20 06:03:00,11156.409999999993,11156.409999999993
2025-10-20 07:03:00,11156.409999999993,11156.409999999993
2025-10-20 08:03:00,11156.409999999993,11156.409999999993
2025-10-20 09:03:00,11156.409999999993,11156.409999999993
2025-10-20 10:03:00,11156.409999999993,11156.409999999993
2025-10-20 11:03:00,11156.409999999993,11156.409999999993
2025-10-20 12:03:00,11156.409999999993,11156.409999999993
2025-10-20 13:03:00,11156.409999999993,11156.409999999993
2025-10-20 14:03:00,11266.729999999989,11377.289999999986
2025-10-20 15:03:00,11416.649999999985,11690.339999999984
2025-10-20 16:03:00,11803.519999999979,11803.519999999979
2025-10-20 17:03:00,11803.519999999979,11803.519999999979
2025-10-20 18:03:00,11803.519999999979,11803.519999999979
2025-10-20 19:03:00,11803.519999999979,11803.519999999979
2025-10-20 20:03:00,11803.519999999979,11803.519999999979
2025-10-20 21:03:00,11803.519999999979,11803.519999999979
2025-10-20 22:03:00,11803.519999999979,11803.519999999979
2025-10-20 23:03:00,11803.519999999979,11803.519999999979
2025-10-21 01:04:00,11694.91999999998,11694.27999999998
2025-10-21 02:04:00,11701.64999999998,11701.64999999998
2025-10-21 03:04:00,11701.64999999998,11701.64999999998
2025-10-21 04:04:00,11701.64999999998,11701.64999999998
2025-10-21 05:04:00,11701.64999999998,11701.64999999998
2025-10-21 06:04:00,11701.64999999998,11701.64999999998
2025-10-21 07:04:00,11701.64999999998,11701.64999999998
2025-10-21 08:04:00,11701.64999999998,11701.64999999998
2025-10-21 09:04:00,11701.64999999998,11701.64999999998
2025-10-21 10:04:00,11701.64999999998,11701.64999999998
2025-10-21 11:04:00,11419.319999999978,11419.319999999978
2025-10-21 12:04:00,11419.319999999978,11419.319999999978
2025-10-21 13:04:00,11419.319999999978,11419.319999999978
2025-10-21 14:04:00,11419.319999999978,11419.319999999978
2025-10-21 15:04:00,11419.319999999978,11419.319999999978
2025-10-21 16:04:00,11419.319999999978,11419.319999999978
2025-10-21 17:04:00,11419.319999999978,11419.319999999978
2025-10-21 18:04:00,11419.319999999978,11419.319999999978
2025-10-21 19:04:00,11419.319999999978,11419.319999999978
2025-10-21 20:04:00,11419.319999999978,11419.319999999978
2025-10-21 21:04:00,11419.319999999978,11419.319999999978
2025-10-21 22:04:00,11419.319999999978,11419.319999999978
2025-10-21 23:04:00,11419.319999999978,11419.319999999978
2025-10-22 01:05:00,11419.319999999978,11419.319999999978
2025-10-22 02:05:00,11419.319999999978,11419.319999999978
2025-10-22 03:05:00,11419.319999999978,11419.319999999978
2025-10-22 04:05:00,11419.319999999978,11419.319999999978
2025-10-22 05:05:00,11419.319999999978,11419.319999999978
2025-10-22 06:05:00,11419.319999999978,11419.319999999978
2025-10-22 07:05:00,11419.319999999978,11419.319999999978
2025-10-22 08:05:00,11419.319999999978,11419.319999999978
2025-10-22 09:05:00,11419.319999999978,11419.319999999978
2025-10-22 10:05:00,11419.319999999978,11419.319999999978
2025-10-22 11:05:00,11419.319999999978,11419.319999999978
2025-10-22 12:05:00,11419.319999999978,11419.319999999978
2025-10-22 13:05:00,11419.319999999978,11419.319999999978
2025-10-22 14:05:00,11419.319999999978,11419.319999999978
2025-10-22 15:05:00,11419.319999999978,11419.319999999978
2025-10-22 16:05:00,11419.319999999978,11419.319999999978
2025-10-22 17:05:00,11428.429999999977,11428.429999999977
2025-10-22 18:05:00,11428.429999999977,11428.429999999977
2025-10-22 19:05:00,11428.429999999977,11428.429999999977
2025-10-22 20:05:00,11428.429999999977,11428.429999999977
2025-10-22 21:05:00,11428.429999999977,11428.429999999977
2025-10-22 22:05:00,11428.429999999977,11428.429999999977
2025-10-22 23:05:00,11428.429999999977,11428.429999999977
2025-10-23 01:06:00,11428.429999999977,11428.429999999977
2025-10-23 02:06:00,11428.429999999977,11428.429999999977
2025-10-23 03:06:00,11428.429999999977,11428.429999999977
2025-10-23 04:06:00,11428.429999999977,11428.429999999977
2025-10-23 05:06:00,11339.169999999973,11339.169999999973
2025-10-23 06:06:00,11339.169999999973,11339.169999999973
2025-10-23 07:06:00,11339.169999999973,11339.169999999973
2025-10-23 08:06:00,11339.169999999973,11339.169999999973
2025-10-23 09:06:00,11338.889999999972,11317.64999999997
2025-10-23 10:06:00,11292.469999999974,11326.129999999972
2025-10-23 11:06:00,11317.849999999973,11339.719999999972
2025-10-23 12:06:00,11317.849999999973,11337.189999999973
2025-10-23 13:06:00,11317.849999999973,11331.349999999973
2025-10-23 14:06:00,11328.629999999976,11346.369999999974
2025-10-23 15:06:00,11328.629999999976,11349.619999999974
2025-10-23 16:06:00,11328.529999999975,11328.529999999975
2025-10-23 17:06:00,11328.529999999975,11328.529999999975
2025-10-23 18:06:00,11328.529999999975,11328.529999999975
2025-10-23 19:06:00,11328.529999999975,11328.529999999975
2025-10-23 20:06:00,11328.529999999975,11328.529999999975
2025-10-23 21:06:00,11328.529999999975,11328.529999999975
2025-10-23 22:06:00,11328.529999999975,11328.529999999975
2025-10-23 23:06:00,11328.529999999975,11328.529999999975
2025-10-24 01:07:00,11328.529999999975,11328.529999999975
2025-10-24 02:07:00,11328.529999999975,11328.529999999975
2025-10-24 03:07:00,11328.529999999975,11328.529999999975
2025-10-24 04:07:00,11328.529999999975,11328.529999999975
2025-10-24 05:07:00,11328.529999999975,11328.529999999975
2025-10-24 06:07:00,11328.529999999975,11328.529999999975
2025-10-24 07:07:00,11328.529999999975,11328.529999999975
2025-10-24 08:07:00,11328.529999999975,11328.529999999975
2025-10-24 09:07:00,11328.529999999975,11328.529999999975
2025-10-24 10:07:00,11328.529999999975,11328.529999999975
2025-10-24 11:07:00,11328.529999999975,11328.529999999975
2025-10-24 12:07:00,11328.529999999975,11328.529999999975
2025-10-24 13:07:00,11328.529999999975,11328.529999999975
2025-10-24 14:07:00,11328.529999999975,11328.529999999975
2025-10-24 15:07:00,11328.529999999975,11328.529999999975
2025-10-24 16:07:00,11328.529999999975,11328.529999999975
2025-10-24 17:07:00,11336.849999999975,11376.599999999973
2025-10-24 18:07:00,11354.329999999974,11410.769999999973
2025-10-24 19:07:00,11354.329999999974,11463.689999999975
2025-10-24 20:07:00,11354.329999999974,11448.729999999976
2025-10-24 21:07:00,11353.929999999973,11353.929999999973
2025-10-24 22:07:00,11353.929999999973,11353.929999999973
2025-10-24 23:07:00,11353.929999999973,11353.929999999973
2025-10-27 00:08:00,11353.929999999973,11353.929999999973
2025-10-27 01:08:00,11254.92999999997,11254.92999999997
2025-10-27 02:08:00,11254.92999999997,11254.92999999997
2025-10-27 03:08:00,11254.92999999997,11254.92999999997
2025-10-27 04:08:00,11254.92999999997,11254.92999999997
2025-10-27 05:08:00,11254.92999999997,11254.92999999997
2025-10-27 06:08:00,11254.92999999997,11254.92999999997
2025-10-27 07:08:00,11254.92999999997,11254.92999999997
2025-10-27 08:08:00,11254.92999999997,11254.92999999997
2025-10-27 09:08:00,11254.92999999997,11254.92999999997
2025-10-27 10:08:00,11254.92999999997,11254.92999999997
2025-10-27 11:08:00,11254.92999999997,11254.92999999997
2025-10-27 12:08:00,11254.92999999997,11254.92999999997
2025-10-27 13:08:00,11254.92999999997,11254.92999999997
2025-10-27 14:08:00,11254.92999999997,11254.92999999997
2025-10-27 15:08:00,11254.92999999997,11254.92999999997
2025-10-27 16:08:00,11254.92999999997,11254.92999999997
2025-10-27 17:08:00,11254.92999999997,11254.92999999997
2025-10-27 18:08:00,11254.92999999997,11254.92999999997
2025-10-27 19:08:00,11254.92999999997,11254.92999999997
2025-10-27 20:08:00,11254.92999999997,11254.92999999997
2025-10-27 21:08:00,11254.92999999997,11254.92999999997
2025-10-27 22:08:00,11254.92999999997,11254.92999999997
2025-10-28 00:09:00,11254.92999999997,11254.92999999997
2025-10-28 01:09:00,11254.92999999997,11254.92999999997
2025-10-28 02:09:00,11254.92999999997,11254.92999999997
2025-10-28 03:09:00,11254.92999999997,11254.92999999997
2025-10-28 04:09:00,11254.92999999997,11254.92999999997
2025-10-28 05:09:00,11254.92999999997,11254.92999999997
2025-10-28 06:09:00,11254.92999999997,11254.92999999997
2025-10-28 07:09:00,11254.92999999997,11254.92999999997
2025-10-28 08:09:00,11254.92999999997,11254.92999999997
2025-10-28 09:09:00,11254.92999999997,11254.92999999997
2025-10-28 10:09:00,11254.92999999997,11254.92999999997
2025-10-28 11:09:00,11254.92999999997,11254.92999999997
2025-10-28 12:09:00,11254.92999999997,11254.92999999997
2025-10-28 13:09:00,11254.92999999997,11254.92999999997
2025-10-28 14:09:00,11254.92999999997,11254.92999999997
2025-10-28 15:09:00,11254.92999999997,11254.92999999997
2025-10-28 16:09:00,11254.92999999997,11254.92999999997
2025-10-28 17:09:00,11254.92999999997,11254.92999999997
2025-10-28 18:09:00,11254.92999999997,11254.92999999997
2025-10-28 19:09:00,11254.92999999997,11254.92999999997
2025-10-28 20:09:00,11254.92999999997,11254.92999999997
2025-10-28 21:09:00,11254.92999999997,11254.92999999997
2025-10-28 22:09:00,11254.92999999997,11254.92999999997
2025-10-29 00:10:00,11309.349999999971,11509.519999999971
2025-10-29 01:10:00,11394.14999999997,11498.049999999972
2025-10-29 02:10:00,11394.14999999997,11567.99999999997
2025-10-29 03:10:00,11642.549999999972,11642.549999999972
2025-10-29 04:10:00,11642.549999999972,11642.549999999972
2025-10-29 05:10:00,11642.549999999972,11642.549999999972
2025-10-29 06:10:00,11642.549999999972,11642.549999999972
2025-10-29 07:10:00,11642.549999999972,11642.549999999972
2025-10-29 08:10:00,11642.549999999972,11642.549999999972
2025-10-29 09:10:00,11642.549999999972,11642.549999999972
2025-10-29 10:10:00,11642.549999999972,11642.549999999972
2025-10-29 11:10:00,11642.549999999972,11642.549999999972
2025-10-29 12:10:00,11642.549999999972,11642.549999999972
2025-10-29 13:10:00,11642.549999999972,11642.549999999972
2025-10-29 14:10:00,11642.549999999972,11642.549999999972
2025-10-29 15:10:00,11642.549999999972,11642.549999999972
2025-10-29 16:10:00,11642.549999999972,11642.549999999972
2025-10-29 17:10:00,11642.549999999972,11642.549999999972
2025-10-29 18:10:00,11590.43999999997,11590.43999999997
2025-10-29 19:10:00,11590.43999999997,11590.43999999997
2025-10-29 20:10:00,11590.43999999997,11590.43999999997
2025-10-29 21:10:00,11590.43999999997,11590.43999999997
2025-10-29 22:10:00,11590.43999999997,11590.43999999997
2025-10-30 00:11:00,11590.43999999997,11590.43999999997
2025-10-30 01:11:00,11590.43999999997,11590.43999999997
2025-10-30 02:11:00,11590.43999999997,11590.43999999997
2025-10-30 03:11:00,11590.43999999997,11590.43999999997
2025-10-30 04:11:00,11590.43999999997,11590.43999999997
2025-10-30 05:11:00,11590.43999999997,11590.43999999997
2025-10-30 06:11:00,11590.43999999997,11590.43999999997
2025-10-30 07:11:00,11590.43999999997,11590.43999999997
2025-10-30 08:11:00,11590.43999999997,11590.43999999997
2025-10-30 09:11:00,11590.43999999997,11590.43999999997
2025-10-30 10:11:00,11590.43999999997,11590.43999999997
2025-10-30 11:11:00,11590.43999999997,11590.43999999997
2025-10-30 12:11:00,11590.43999999997,11590.43999999997
2025-10-30 13:11:00,11540.999999999967,11540.999999999967
2025-10-30 14:11:00,11540.999999999967,11540.999999999967
2025-10-30 15:11:00,11540.999999999967,11540.999999999967
2025-10-30 16:11:00,11540.999999999967,11540.999999999967
2025-10-30 17:11:00,11540.999999999967,11540.999999999967
2025-10-30 18:11:00,11540.999999999967,11540.999999999967
2025-10-30 19:11:00,11540.999999999967,11540.999999999967
2025-10-30 20:11:00,11540.999999999967,11540.999999999967
2025-10-30 21:11:00,11540.999999999967,11540.999999999967
2025-10-30 22:11:00,11540.999999999967,11540.999999999967
2025-10-31 00:12:00,11540.999999999967,11540.999999999967
2025-10-31 01:12:00,11540.999999999967,11540.999999999967
2025-10-31 02:12:00,11554.379999999968,11585.579999999967
2025-10-31 03:12:00,11572.489999999969,11572.489999999969
2025-10-31 04:12:00,11572.489999999969,11572.489999999969
2025-10-31 05:12:00,11572.489999999969,11572.489999999969
2025-10-31 06:12:00,11572.489999999969,11572.489999999969
2025-10-31 07:12:00,11572.489999999969,11572.489999999969
2025-10-31 08:12:00,11572.489999999969,11572.489999999969
2025-10-31 09:12:00,11572.489999999969,11572.489999999969
2025-10-31 10:12:00,11572.489999999969,11572.489999999969
2025-10-31 11:12:00,11572.489999999969,11572.489999999969
2025-10-31 12:12:00,11572.489999999969,11572.489999999969
2025-10-31 13:12:00,11572.489999999969,11572.489999999969
2025-10-31 14:12:00,11572.489999999969,11572.489999999969
2025-10-31 15:12:00,11572.489999999969,11572.489999999969
2025-10-31 16:12:00,11572.489999999969,11572.489999999969
2025-10-31 17:12:00,11572.489999999969,11572.489999999969
2025-10-31 18:12:00,11572.489999999969,11572.489999999969
2025-10-31 19:12:00,11572.489999999969,11572.489999999969
2025-10-31 20:12:00,11465.46999999997,11400.239999999972
2025-10-31 21:12:00,11465.46999999997,11415.74999999997
2025-10-31 22:12:00,11479.66999999997,11479.66999999997
2025-11-03 01:13:00,11479.66999999997,11479.66999999997
2025-11-03 02:13:00,11479.66999999997,11479.66999999997
2025-11-03 03:13:00,11479.66999999997,11479.66999999997
2025-11-03 04:13:00,11479.66999999997,11479.66999999997
2025-11-03 05:13:00,11479.66999999997,11479.66999999997
2025-11-03 06:13:00,11479.66999999997,11479.66999999997
2025-11-03 07:13:00,11479.66999999997,11479.66999999997
2025-11-03 08:13:00,11479.66999999997,11479.66999999997
2025-11-03 09:13:00,11479.66999999997,11479.66999999997
2025-11-03 10:13:00,11479.66999999997,11479.66999999997
2025-11-03 11:13:00,11479.66999999997,11479.66999999997
2025-11-03 12:13:00,11479.66999999997,11479.66999999997
2025-11-03 13:13:00,11479.66999999997,11479.66999999997
2025-11-03 14:13:00,11479.10999999997,11477.349999999968
2025-11-03 15:13:00,11484.949999999968,11484.949999999968
2025-11-03 16:13:00,11484.949999999968,11484.949999999968
2025-11-03 17:13:00,11484.949999999968,11484.949999999968
2025-11-03 18:13:00,11484.949999999968,11484.949999999968
2025-11-03 19:13:00,11484.949999999968,11484.949999999968
2025-11-03 20:13:00,11484.949999999968,11484.949999999968
2025-11-03 21:13:00,11484.949999999968,11484.949999999968
2025-11-03 22:13:00,11484.949999999968,11484.949999999968
2025-11-03 23:13:00,11484.949999999968,11484.949999999968
2025-11-04 01:14:00,11484.949999999968,11484.949999999968
2025-11-04 02:14:00,11484.949999999968,11484.949999999968
2025-11-04 03:14:00,11533.319999999969,11603.429999999968
2025-11-04 04:14:00,11554.739999999969,11554.739999999969
2025-11-04 05:14:00,11554.739999999969,11554.739999999969
2025-11-04 06:14:00,11554.739999999969,11554.739999999969
2025-11-04 07:14:00,11554.739999999969,11554.739999999969
2025-11-04 08:14:00,11554.739999999969,11554.739999999969
2025-11-04 09:14:00,11554.739999999969,11554.739999999969
2025-11-04 10:14:00,11554.739999999969,11554.739999999969
2025-11-04 11:14:00,11554.739999999969,11554.739999999969
2025-11-04 12:14:00,11554.739999999969,11554.739999999969
2025-11-04 13:14:00,11554.739999999969,11554.739999999969
2025-11-04 14:14:00,11554.739999999969,11554.739999999969
2025-11-04 15:14:00,11554.739999999969,11554.739999999969
2025-11-04 16:14:00,11554.739999999969,11554.739999999969
2025-11-04 17:14:00,11554.739999999969,11554.739999999969
2025-11-04 18:14:00,11554.739999999969,11554.739999999969
2025-11-04 19:14:00,11554.739999999969,11554.739999999969
2025-11-04 20:14:00,11554.739999999969,11554.739999999969
2025-11-04 21:14:00,11554.739999999969,11554.739999999969
2025-11-04 22:14:00,11554.739999999969,11554.739999999969
2025-11-04 23:14:00,11554.739999999969,11554.739999999969
2025-11-05 01:15:00,11554.739999999969,11554.739999999969
2025-11-05 02:15:00,11554.739999999969,11554.739999999969
2025-11-05 03:15:00,11554.739999999969,11554.739999999969
2025-11-05 04:15:00,11554.739999999969,11554.739999999969
2025-11-05 05:15:00,11554.739999999969,11554.739999999969
2025-11-05 06:15:00,11554.739999999969,11554.739999999969
2025-11-05 07:15:00,11554.739999999969,11554.739999999969
2025-11-05 08:15:00,11554.739999999969,11554.739999999969
2025-11-05 09:15:00,11554.739999999969,11554.739999999969
2025-11-05 10:15:00,11554.739999999969,11554.739999999969
2025-11-05 11:15:00,11554.739999999969,11554.739999999969
2025-11-05 12:15:00,11554.739999999969,11554.739999999969
2025-11-05 13:15:00,11554.739999999969,11554.739999999969
2025-11-05 14:15:00,11554.739999999969,11554.739999999969
2025-11-05 15:15:00,11554.739999999969,11554.739999999969
2025-11-05 16:15:00,11554.739999999969,11554.739999999969
2025-11-05 17:15:00,11554.739999999969,11554.739999999969
2025-11-05 18:15:00,11554.739999999969,11554.739999999969
2025-11-05 19:15:00,11554.739999999969,11554.739999999969
2025-11-05 20:15:00,11554.739999999969,11554.739999999969
2025-11-05 21:15:00,11554.739999999969,11554.739999999969
2025-11-05 22:15:00,11554.739999999969,11554.739999999969
2025-11-05 23:15:00,11554.739999999969,11554.739999999969
2025-11-06 01:16:00,11554.739999999969,11554.739999999969
2025-11-06 02:16:00,11440.139999999972,11440.139999999972
2025-11-06 03:16:00,11440.139999999972,11440.139999999972
2025-11-06 04:16:00,11440.139999999972,11440.139999999972
2025-11-06 05:16:00,11440.139999999972,11440.139999999972
2025-11-06 06:16:00,11440.139999999972,11440.139999999972
2025-11-06 07:16:00,11440.139999999972,11440.139999999972
2025-11-06 08:16:00,11440.139999999972,11440.139999999972
2025-11-06 09:16:00,11440.139999999972,11440.139999999972
2025-11-06 10:16:00,11440.139999999972,11440.139999999972
2025-11-06 11:16:00,11440.139999999972,11440.139999999972
2025-11-06 12:16:00,11440.139999999972,11440.139999999972
2025-11-06 13:16:00,11440.139999999972,11440.139999999972
2025-11-06 14:16:00,11440.139999999972,11440.139999999972
2025-11-06 15:16:00,11450.489999999972,11499.839999999971
2025-11-06 16:16:00,11488.379999999968,11488.379999999968
2025-11-06 17:16:00,11488.379999999968,11488.379999999968
2025-11-06 18:16:00,11488.379999999968,11488.379999999968
2025-11-06 19:16:00,11488.379999999968,11488.379999999968
2025-11-06 20:16:00,11488.379999999968,11488.379999999968
2025-11-06 21:16:00,11488.379999999968,11488.379999999968
2025-11-06 22:16:00,11488.379999999968,11488.379999999968
2025-11-06 23:16:00,11488.379999999968,11488.379999999968
2025-11-07 01:17:00,11488.379999999968,11488.379999999968
2025-11-07 02:17:00,11488.379999999968,11488.379999999968
2025-11-07 03:17:00,11488.379999999968,11488.379999999968
2025-11-07 04:17:00,11488.379999999968,11488.379999999968
2025-11-07 05:17:00,11488.379999999968,11488.379999999968
2025-11-07 06:17:00,11488.379999999968,11488.379999999968
2025-11-07 07:17:00,11488.379999999968,11488.379999999968
2025-11-07 08:17:00,11488.379999999968,11488.379999999968
2025-11-07 09:17:00,11488.379999999968,11488.379999999968
2025-11-07 10:17:00,11488.379999999968,11488.379999999968
2025-11-07 11:17:00,11488.379999999968,11488.379999999968
2025-11-07 12:17:00,11488.379999999968,11488.379999999968
2025-11-07 13:17:00,11488.379999999968,11488.379999999968
2025-11-07 14:17:00,11488.379999999968,11488.379999999968
2025-11-07 15:17:00,11488.379999999968,11488.379999999968
2025-11-07 16:17:00,11488.379999999968,11488.379999999968
2025-11-07 17:17:00,11488.379999999968,11488.379999999968
2025-11-07 18:17:00,11488.379999999968,11488.379999999968
2025-11-07 19:17:00,11488.379999999968,11488.379999999968
2025-11-07 20:17:00,11488.379999999968,11488.379999999968
2025-11-07 21:17:00,11488.379999999968,11488.379999999968
2025-11-07 22:17:00,11488.379999999968,11488.379999999968
2025-11-07 23:17:00,11488.379999999968,11488.379999999968
2025-11-10 01:18:00,11488.379999999968,11488.379999999968
2025-11-10 02:18:00,11488.379999999968,11488.379999999968
2025-11-10 03:18:00,11488.379999999968,11488.379999999968
2025-11-10 04:18:00,11488.029999999968,11508.579999999969
2025-11-10 05:18:00,11492.399999999969,11503.159999999969
2025-11-10 06:18:00,11501.139999999968,11532.729999999969
2025-11-10 07:18:00,11501.139999999968,11529.459999999968
2025-11-10 08:18:00,11557.949999999968,11557.949999999968
2025-11-10 09:18:00,11557.949999999968,11557.949999999968
2025-11-10 10:18:00,11557.949999999968,11557.949999999968
2025-11-10 11:18:00,11557.949999999968,11557.949999999968
2025-11-10 12:18:00,11557.949999999968,11557.949999999968
2025-11-10 13:18:00,11557.949999999968,11557.949999999968
2025-11-10 14:18:00,11557.949999999968,11557.949999999968
2025-11-10 15:18:00,11557.949999999968,11557.949999999968
2025-11-10 16:18:00,11557.949999999968,11557.949999999968
2025-11-10 17:18:00,11557.949999999968,11557.949999999968
2025-11-10 18:18:00,11557.949999999968,11557.949999999968
2025-11-10 19:18:00,11557.949999999968,11557.949999999968
2025-11-10 20:18:00,11557.949999999968,11557.949999999968
2025-11-10 21:18:00,11557.949999999968,11557.949999999968
2025-11-10 22:18:00,11557.949999999968,11557.949999999968
2025-11-10 23:18:00,11557.949999999968,11557.949999999968
2025-11-11 01:19:00,11557.949999999968,11557.949999999968
2025-11-11 02:19:00,11557.949999999968,11557.949999999968
2025-11-11 03:19:00,11557.949999999968,11557.949999999968
2025-11-11 04:19:00,11557.949999999968,11557.949999999968
2025-11-11 05:19:00,11557.949999999968,11557.949999999968
2025-11-11 06:19:00,11557.949999999968,11557.949999999968
2025-11-11 07:19:00,11557.949999999968,11557.949999999968
2025-11-11 08:19:00,11557.949999999968,11557.949999999968
2025-11-11 09:19:00,11557.949999999968,11557.949999999968
2025-11-11 10:19:00,11557.949999999968,11557.949999999968
2025-11-11 11:19:00,11557.949999999968,11557.949999999968
2025-11-11 12:19:00,11557.949999999968,11557.949999999968
2025-11-11 13:19:00,11557.949999999968,11557.949999999968
2025-11-11 14:19:00,11557.949999999968,11557.949999999968
2025-11-11 15:19:00,11557.949999999968,11557.949999999968
2025-11-11 16:19:00,11557.949999999968,11557.949999999968
2025-11-11 17:19:00,11557.949999999968,11557.949999999968
2025-11-11 18:19:00,11557.949999999968,11557.949999999968
2025-11-11 19:19:00,11557.949999999968,11557.949999999968
2025-11-11 20:19:00,11557.949999999968,11557.949999999968
2025-11-11 21:19:00,11557.949999999968,11557.949999999968
2025-11-11 22:19:00,11557.949999999968,11557.949999999968
2025-11-11 23:19:00,11557.949999999968,11557.949999999968
2025-11-12 01:20:00,11557.949999999968,11557.949999999968
2025-11-12 02:20:00,11557.949999999968,11557.949999999968
2025-11-12 03:20:00,11557.949999999968,11557.949999999968
2025-11-12 04:20:00,11557.949999999968,11557.949999999968
2025-11-12 05:20:00,11557.949999999968,11557.949999999968
2025-11-12 06:20:00,11557.949999999968,11557.949999999968
2025-11-12 07:20:00,11557.949999999968,11557.949999999968
2025-11-12 08:20:00,11557.949999999968,11557.949999999968
2025-11-12 09:20:00,11557.949999999968,11557.949999999968
2025-11-12 10:20:00,11557.949999999968,11557.949999999968
2025-11-12 11:20:00,11557.949999999968,11557.949999999968
2025-11-12 12:20:00,11557.949999999968,11557.949999999968
2025-11-12 13:20:00,11557.949999999968,11557.949999999968
2025-11-12 14:20:00,11557.949999999968,11557.949999999968
2025-11-12 15:20:00,11557.949999999968,11557.949999999968
2025-11-12 16:20:00,11557.949999999968,11557.949999999968
2025-11-12 17:20:00,11557.949999999968,11557.949999999968
2025-11-12 18:20:00,11557.949999999968,11557.949999999968
2025-11-12 19:20:00,11557.949999999968,11557.949999999968
2025-11-12 20:20:00,11557.949999999968,11557.949999999968
2025-11-12 21:20:00,11557.949999999968,11557.949999999968
2025-11-12 22:20:00,11557.949999999968,11557.949999999968
2025-11-12 23:20:00,11557.949999999968,11557.949999999968
2025-11-13 01:21:00,11557.949999999968,11557.949999999968
2025-11-13 02:21:00,11557.949999999968,11557.949999999968
2025-11-13 03:21:00,11557.949999999968,11557.949999999968
2025-11-13 04:21:00,11557.949999999968,11557.949999999968
2025-11-13 05:21:00,11557.949999999968,11557.949999999968
2025-11-13 06:21:00,11557.949999999968,11557.949999999968
2025-11-13 07:21:00,11557.949999999968,11557.949999999968
2025-11-13 08:21:00,11557.949999999968,11557.949999999968
2025-11-13 09:21:00,11557.949999999968,11557.949999999968
2025-11-13 10:21:00,11557.949999999968,11557.949999999968
2025-11-13 11:21:00,11557.949999999968,11557.949999999968
2025-11-13 12:21:00,11557.949999999968,11557.949999999968
2025-11-13 13:21:00,11557.949999999968,11557.949999999968
2025-11-13 14:21:00,11557.949999999968,11557.949999999968
2025-11-13 15:21:00,11566.289999999968,11566.289999999968
2025-11-13 16:21:00,11566.289999999968,11566.289999999968
2025-11-13 17:21:00,11566.289999999968,11566.289999999968
2025-11-13 18:21:00,11566.289999999968,11566.289999999968
2025-11-13 19:21:00,11566.289999999968,11566.289999999968
2025-11-13 20:21:00,11566.289999999968,11566.289999999968
2025-11-13 21:21:00,11564.399999999969,11444.529999999962
2025-11-13 22:21:00,11599.43999999997,11635.899999999976
2025-11-13 23:21:00,11702.819999999969,11957.249999999978
2025-11-14 01:22:00,11694.319999999969,12021.339999999971
2025-11-14 02:22:00,11799.439999999968,12146.189999999973
2025-11-14 03:22:00,11799.439999999968,12046.089999999964
2025-11-14 04:22:00,11825.599999999968,12239.039999999972
2025-11-14 05:22:00,12224.439999999971,12352.59999999997
2025-11-14 06:22:00,12274.989999999972,12342.709999999974
2025-11-14 07:22:00,12274.989999999972,12316.789999999974
2025-11-14 08:22:00,12274.989999999972,12306.829999999973
2025-11-14 09:22:00,12290.489999999972,12290.489999999972
2025-11-14 10:22:00,12290.489999999972,12290.489999999972
2025-11-14 11:22:00,12290.489999999972,12290.489999999972
2025-11-14 12:22:00,12290.489999999972,12290.489999999972
2025-11-14 13:22:00,12290.489999999972,12290.489999999972
2025-11-14 14:22:00,12290.489999999972,12290.489999999972
2025-11-14 15:22:00,12290.489999999972,12290.489999999972
2025-11-14 16:22:00,12290.489999999972,12290.489999999972
2025-11-14 17:22:00,12290.489999999972,12290.489999999972
2025-11-14 18:22:00,12302.69999999997,12302.69999999997
2025-11-14 19:22:00,12302.69999999997,12302.69999999997
2025-11-14 20:22:00,12302.69999999997,12302.69999999997
2025-11-14 21:22:00,12302.69999999997,12302.69999999997
2025-11-14 22:22:00,12302.69999999997,12302.69999999997
2025-11-14 23:22:00,12302.69999999997,12302.69999999997
2025-11-17 01:23:00,12302.69999999997,12302.69999999997
2025-11-17 02:23:00,12302.69999999997,12302.69999999997
2025-11-17 03:23:00,12302.69999999997,12302.69999999997
2025-11-17 04:23:00,12302.69999999997,12302.69999999997
2025-11-17 05:23:00,12302.69999999997,12302.69999999997
2025-11-17 06:23:00,12302.69999999997,12302.69999999997
2025-11-17 07:23:00,12302.69999999997,12302.69999999997
2025-11-17 08:23:00,12302.06999999997,12338.06999999997
2025-11-17 09:23:00,12330.72999999997,12472.68999999997
2025-11-17 10:23:00,12388.04999999997,12528.699999999968
2025-11-17 11:23:00,12388.04999999997,12530.59999999997
2025-11-17 12:23:00,12388.04999999997,12543.399999999969
2025-11-17 13:23:00,12388.04999999997,12458.399999999969
2025-11-17 14:23:00,12388.04999999997,12503.799999999968
2025-11-17 15:23:00,12388.04999999997,12517.19999999997
2025-11-17 16:23:00,12388.04999999997,12441.949999999968
2025-11-17 17:23:00,12388.04999999997,12465.59999999997
2025-11-17 18:23:00,12387.549999999968,12387.549999999968
2025-11-17 19:23:00,12387.549999999968,12387.549999999968
2025-11-17 20:23:00,12387.549999999968,12387.549999999968
2025-11-17 21:23:00,12387.549999999968,12387.549999999968
2025-11-17 22:23:00,12387.549999999968,12387.549999999968
2025-11-17 23:23:00,12387.549999999968,12387.549999999968
2025-11-18 01:24:00,12387.549999999968,12387.549999999968
2025-11-18 02:24:00,12387.549999999968,12387.549999999968
2025-11-18 03:24:00,12387.549999999968,12387.549999999968
2025-11-18 04:24:00,12387.549999999968,12387.549999999968
2025-11-18 05:24:00,12387.549999999968,12387.549999999968
2025-11-18 06:24:00,12387.549999999968,12387.549999999968
2025-11-18 07:24:00,12387.549999999968,12387.549999999968
2025-11-18 08:24:00,12387.549999999968,12387.549999999968
2025-11-18 09:24:00,12387.549999999968,12387.549999999968
2025-11-18 10:24:00,12387.549999999968,12387.549999999968
2025-11-18 11:24:00,12261.95999999997,12261.95999999997
2025-11-18 12:24:00,12261.95999999997,12261.95999999997
2025-11-18 13:24:00,12261.95999999997,12261.95999999997
2025-11-18 14:24:00,12261.95999999997,12261.95999999997
2025-11-18 15:24:00,12261.95999999997,12261.95999999997
2025-11-18 16:24:00,12261.95999999997,12261.95999999997
2025-11-18 17:24:00,12261.95999999997,12261.95999999997
2025-11-18 18:24:00,12261.95999999997,12261.95999999997
2025-11-18 19:24:00,12261.95999999997,12261.95999999997
2025-11-18 20:24:00,12261.95999999997,12261.95999999997
2025-11-18 21:24:00,12261.95999999997,12261.95999999997
2025-11-18 22:24:00,12261.95999999997,12261.95999999997
2025-11-18 23:24:00,12261.95999999997,12261.95999999997
2025-11-19 01:25:00,12261.95999999997,12261.95999999997
2025-11-19 02:25:00,12261.95999999997,12261.95999999997
2025-11-19 03:25:00,12261.95999999997,12261.95999999997
2025-11-19 04:25:00,12261.95999999997,12261.95999999997
2025-11-19 05:25:00,12261.95999999997,12261.95999999997
2025-11-19 06:25:00,12261.95999999997,12261.95999999997
2025-11-19 07:25:00,12261.95999999997,12261.95999999997
2025-11-19 08:25:00,12261.95999999997,12261.95999999997
2025-11-19 09:25:00,12264.44999999997,12353.699999999973
2025-11-19 10:25:00,12326.669999999975,12326.669999999975
2025-11-19 11:25:00,12326.669999999975,12326.669999999975
2025-11-19 12:25:00,12326.669999999975,12326.669999999975
2025-11-19 13:25:00,12326.669999999975,12326.669999999975
2025-11-19 14:25:00,12326.669999999975,12326.669999999975
2025-11-19 15:25:00,12344.649999999976,12382.37999999998
2025-11-19 16:25:00,12382.569999999978,12434.32999999998
2025-11-19 17:25:00,12381.76999999998,12381.76999999998
2025-11-19 18:25:00,12224.909999999989,12224.909999999989
2025-11-19 19:25:00,12224.909999999989,12224.909999999989
2025-11-19 20:25:00,12224.909999999989,12224.909999999989
2025-11-19 21:25:00,12224.909999999989,12224.909999999989
2025-11-19 22:25:00,12224.909999999989,12224.909999999989
2025-11-19 23:25:00,12224.909999999989,12224.909999999989
2025-11-20 01:26:00,12224.909999999989,12224.909999999989
2025-11-20 02:26:00,12224.069999999989,12147.109999999986
2025-11-20 03:26:00,12237.76999999999,12278.949999999995
2025-11-20 04:26:00,12466.319999999989,12604.879999999988
2025-11-20 05:26:00,12466.319999999989,12546.439999999988
2025-11-20 06:26:00,12466.319999999989,12533.179999999988
2025-11-20 07:26:00,12466.319999999989,12556.159999999989
2025-11-20 08:26:00,12466.319999999989,12584.35999999999
2025-11-20 09:26:00,12466.319999999989,12583.309999999989
2025-11-20 10:26:00,12225.419999999991,12402.19999999999
2025-11-20 11:26:00,12225.419999999991,12338.80999999999
2025-11-20 12:26:00,12225.419999999991,12338.71999999999
2025-11-20 13:26:00,12225.419999999991,12369.28999999999
2025-11-20 14:26:00,12225.419999999991,12309.019999999991
2025-11-20 15:26:00,12225.419999999991,12259.099999999991
2025-11-20 16:26:00,12225.419999999991,12277.789999999992
2025-11-20 17:26:00,12225.11999999999,12225.11999999999
2025-11-20 18:26:00,12225.11999999999,12225.11999999999
2025-11-20 19:26:00,12251.479999999989,12301.879999999986
2025-11-20 20:26:00,12250.879999999986,12250.879999999986
2025-11-20 21:26:00,12250.879999999986,12250.879999999986
2025-11-20 22:26:00,12250.879999999986,12250.879999999986
2025-11-20 23:26:00,12250.879999999986,12250.879999999986
2025-11-21 01:27:00,12250.879999999986,12250.879999999986
2025-11-21 02:27:00,12249.549999999987,12310.159999999987
2025-11-21 03:27:00,12268.28999999998,12268.28999999998
2025-11-21 04:27:00,12268.28999999998,12268.28999999998
2025-11-21 05:27:00,12268.28999999998,12268.28999999998
2025-11-21 06:27:00,12268.28999999998,12268.28999999998
2025-11-21 07:27:00,12268.28999999998,12268.28999999998
2025-11-21 08:27:00,12268.28999999998,12268.28999999998
2025-11-21 09:27:00,12268.28999999998,12268.28999999998
2025-11-21 10:27:00,12267.379999999981,12237.739999999983
2025-11-21 11:27:00,12286.419999999984,12286.419999999984
2025-11-21 12:27:00,12286.419999999984,12286.419999999984
2025-11-21 13:27:00,12286.419999999984,12286.419999999984
2025-11-21 14:27:00,12286.419999999984,12286.419999999984
2025-11-21 15:27:00,12286.419999999984,12286.419999999984
2025-11-21 16:27:00,12286.419999999984,12286.419999999984
2025-11-21 17:27:00,12286.419999999984,12286.419999999984
2025-11-21 18:27:00,12354.459999999977,12481.839999999976
2025-11-21 19:27:00,12688.829999999974,12688.829999999974
2025-11-21 20:27:00,12688.829999999974,12688.829999999974
2025-11-21 21:27:00,12688.829999999974,12688.829999999974
2025-11-21 22:27:00,12688.829999999974,12688.829999999974
2025-11-21 23:27:00,12700.769999999975,12700.769999999975
2025-11-24 01:28:00,12700.769999999975,12700.769999999975
2025-11-24 02:28:00,12700.769999999975,12700.769999999975
2025-11-24 03:28:00,12700.769999999975,12700.769999999975
2025-11-24 04:28:00,12700.769999999975,12700.769999999975
2025-11-24 05:28:00,12700.769999999975,12700.769999999975
2025-11-24 06:28:00,12700.769999999975,12700.769999999975
2025-11-24 07:28:00,12700.769999999975,12700.769999999975
2025-11-24 08:28:00,12700.769999999975,12700.769999999975
2025-11-24 09:28:00,12700.769999999975,12700.769999999975
2025-11-24 10:28:00,12700.769999999975,12700.769999999975
2025-11-24 11:28:00,12700.769999999975,12700.769999999975
2025-11-24 12:28:00,12700.769999999975,12700.769999999975
2025-11-24 13:28:00,12700.769999999975,12700.769999999975
2025-11-24 14:28:00,12700.769999999975,12700.769999999975
2025-11-24 15:28:00,12700.769999999975,12700.769999999975
2025-11-24 16:28:00,12700.769999999975,12700.769999999975
2025-11-24 17:28:00,12700.769999999975,12700.769999999975
2025-11-24 18:28:00,12700.769999999975,12700.769999999975
2025-11-24 19:28:00,12700.769999999975,12700.769999999975
2025-11-24 20:28:00,12700.769999999975,12700.769999999975
2025-11-24 21:28:00,12700.769999999975,12700.769999999975
2025-11-24 22:28:00,12700.769999999975,12700.769999999975
2025-11-24 23:28:00,12700.769999999975,12700.769999999975
2025-11-25 01:29:00,12700.769999999975,12700.769999999975
2025-11-25 02:29:00,12700.769999999975,12700.769999999975
2025-11-25 03:29:00,12700.769999999975,12700.769999999975
2025-11-25 04:29:00,12700.769999999975,12700.769999999975
2025-11-25 05:29:00,12700.769999999975,12700.769999999975
2025-11-25 06:29:00,12700.769999999975,12700.769999999975
2025-11-25 07:29:00,12700.769999999975,12700.769999999975
2025-11-25 08:29:00,12700.769999999975,12700.769999999975
2025-11-25 09:29:00,12700.769999999975,12700.769999999975
2025-11-25 10:29:00,12700.769999999975,12700.769999999975
2025-11-25 11:29:00,12803.069999999978,13005.789999999985
2025-11-25 12:29:00,12890.229999999978,13098.029999999984
2025-11-25 13:29:00,12890.229999999978,13113.029999999984
2025-11-25 14:29:00,12890.229999999978,13115.529999999984
2025-11-25 15:29:00,12936.18999999998,13300.32999999998
2025-11-25 16:29:00,13244.629999999983,13292.969999999983
2025-11-25 17:29:00,13254.469999999983,13254.469999999983
2025-11-25 18:29:00,13254.469999999983,13254.469999999983
2025-11-25 19:29:00,13254.469999999983,13254.469999999983
2025-11-25 20:29:00,13254.469999999983,13254.469999999983
2025-11-25 21:29:00,13254.469999999983,13254.469999999983
2025-11-25 22:29:00,13254.469999999983,13254.469999999983
2025-11-25 23:29:00,13254.469999999983,13254.469999999983
2025-11-26 01:30:00,13254.469999999983,13254.469999999983
2025-11-26 02:30:00,13254.469999999983,13254.469999999983
2025-11-26 03:30:00,13254.469999999983,13254.469999999983
2025-11-26 04:30:00,13254.469999999983,13254.469999999983
2025-11-26 05:30:00,13254.469999999983,13254.469999999983
2025-11-26 06:30:00,13254.469999999983,13254.469999999983
2025-11-26 07:30:00,13254.469999999983,13254.469999999983
2025-11-26 08:30:00,13254.469999999983,13254.469999999983
2025-11-26 09:30:00,13254.469999999983,13254.469999999983
2025-11-26 10:30:00,13254.469999999983,13254.469999999983
2025-11-26 11:30:00,13254.469999999983,13254.469999999983
2025-11-26 12:30:00,13254.469999999983,13254.469999999983
2025-11-26 13:30:00,13254.469999999983,13254.469999999983
2025-11-26 14:30:00,13254.469999999983,13254.469999999983
2025-11-26 15:30:00,13254.469999999983,13254.469999999983
2025-11-26 16:30:00,13254.469999999983,13254.469999999983
2025-11-26 17:30:00,13254.469999999983,13254.469999999983
2025-11-26 18:30:00,13254.469999999983,13254.469999999983
2025-11-26 19:30:00,13254.469999999983,13254.469999999983
2025-11-26 20:30:00,13254.469999999983,13254.469999999983
2025-11-26 21:30:00,13254.469999999983,13254.469999999983
2025-11-26 22:30:00,13254.469999999983,13254.469999999983
2025-11-26 23:30:00,13254.469999999983,13254.469999999983
2025-11-27 01:31:00,13254.469999999983,13254.469999999983
2025-11-27 02:31:00,13254.469999999983,13254.469999999983
2025-11-27 03:31:00,13254.469999999983,13254.469999999983
2025-11-27 04:31:00,13254.469999999983,13254.469999999983
2025-11-27 05:31:00,13254.469999999983,13254.469999999983
2025-11-27 06:31:00,13254.469999999983,13254.469999999983
2025-11-27 07:31:00,13254.469999999983,13254.469999999983
2025-11-27 08:31:00,13254.469999999983,13254.469999999983
2025-11-27 09:31:00,13254.469999999983,13254.469999999983
2025-11-27 10:31:00,13254.469999999983,13254.469999999983
2025-11-27 11:31:00,13254.469999999983,13254.469999999983
2025-11-27 12:31:00,13254.469999999983,13254.469999999983
2025-11-27 13:31:00,13254.469999999983,13254.469999999983
2025-11-27 14:31:00,13254.469999999983,13254.469999999983
2025-11-27 15:31:00,13254.469999999983,13254.469999999983
2025-11-27 16:31:00,13254.469999999983,13254.469999999983
2025-11-27 17:31:00,13254.469999999983,13254.469999999983
2025-11-27 18:31:00,13254.469999999983,13254.469999999983
2025-11-27 19:31:00,13254.469999999983,13254.469999999983
2025-11-27 20:31:00,13254.469999999983,13254.469999999983
2025-11-28 01:00:00,13254.469999999983,13254.469999999983
2025-11-28 02:00:00,13254.469999999983,13254.469999999983
2025-11-28 03:00:00,13254.469999999983,13254.469999999983
2025-11-28 04:00:00,13254.469999999983,13254.469999999983
2025-11-28 05:00:00,13254.469999999983,13254.469999999983
2025-11-28 06:00:00,13254.469999999983,13254.469999999983
2025-11-28 07:00:00,13254.469999999983,13254.469999999983
2025-11-28 08:00:00,13425.189999999988,13425.189999999988
2025-11-28 09:00:00,13425.189999999988,13425.189999999988
2025-11-28 10:00:00,13425.189999999988,13425.189999999988
2025-11-28 11:00:00,13425.189999999988,13425.189999999988
2025-11-28 12:00:00,13425.189999999988,13425.189999999988
2025-11-28 13:00:00,13425.189999999988,13425.189999999988
2025-11-28 14:00:00,13423.579999999987,13439.449999999979
2025-11-28 15:00:00,13501.879999999983,13565.39999999998
2025-11-28 16:00:00,13513.639999999978,13513.639999999978
2025-11-28 17:00:00,13513.639999999978,13513.639999999978
2025-11-28 18:00:00,13512.099999999977,13486.13999999997
2025-11-28 19:00:00,13525.14999999997,13525.14999999997
2025-11-28 20:00:00,13525.14999999997,13525.14999999997
2025-11-28 21:00:00,13525.14999999997,13525.14999999997
2025-12-01 01:14:00,13525.14999999997,13525.14999999997
2025-12-01 02:14:00,13525.14999999997,13525.14999999997
2025-12-01 03:14:00,13525.14999999997,13525.14999999997
2025-12-01 04:14:00,13525.14999999997,13525.14999999997
2025-12-01 05:14:00,13525.14999999997,13525.14999999997
2025-12-01 06:14:00,13525.14999999997,13525.14999999997
2025-12-01 07:14:00,13525.14999999997,13525.14999999997
2025-12-01 08:14:00,13523.60999999997,13530.869999999968
2025-12-01 09:14:00,13588.909999999967,13588.909999999967
2025-12-01 10:14:00,13588.909999999967,13588.909999999967
2025-12-01 11:14:00,13588.909999999967,13588.909999999967
2025-12-01 12:14:00,13588.909999999967,13588.909999999967
2025-12-01 13:14:00,13588.909999999967,13588.909999999967
2025-12-01 14:14:00,13588.909999999967,13588.909999999967
2025-12-01 15:14:00,13588.909999999967,13588.909999999967
2025-12-01 16:14:00,13588.909999999967,13588.909999999967
2025-12-01 17:14:00,13588.909999999967,13588.909999999967
2025-12-01 18:14:00,13588.909999999967,13588.909999999967
2025-12-01 19:14:00,13588.909999999967,13588.909999999967
2025-12-01 20:14:00,13588.909999999967,13588.909999999967
2025-12-01 21:14:00,13588.909999999967,13588.909999999967
2025-12-01 22:14:00,13588.909999999967,13588.909999999967
2025-12-01 23:14:00,13588.909999999967,13588.909999999967
2025-12-02 01:15:00,13588.909999999967,13588.909999999967
2025-12-02 02:15:00,13588.909999999967,13588.909999999967
2025-12-02 03:15:00,13588.909999999967,13588.909999999967
2025-12-02 04:15:00,13588.909999999967,13588.909999999967
2025-12-02 05:15:00,13588.909999999967,13588.909999999967
2025-12-02 06:15:00,13588.909999999967,13588.909999999967
2025-12-02 07:15:00,13588.909999999967,13588.909999999967
2025-12-02 08:15:00,13588.909999999967,13588.909999999967
2025-12-02 09:15:00,13588.909999999967,13588.909999999967
2025-12-02 10:15:00,13588.909999999967,13588.909999999967
2025-12-02 11:15:00,13588.909999999967,13588.909999999967
2025-12-02 12:15:00,13675.54999999998,13695.289999999979
2025-12-02 13:15:00,13683.769999999984,13683.769999999984
2025-12-02 14:15:00,13550.149999999983,13550.149999999983
2025-12-02 15:15:00,13550.149999999983,13550.149999999983
2025-12-02 16:15:00,13550.149999999983,13550.149999999983
2025-12-02 17:15:00,13550.149999999983,13550.149999999983
2025-12-02 18:15:00,13550.149999999983,13550.149999999983
2025-12-02 19:15:00,13550.149999999983,13550.149999999983
2025-12-02 20:15:00,13550.149999999983,13550.149999999983
2025-12-02 21:15:00,13550.149999999983,13550.149999999983
2025-12-02 22:15:00,13549.659999999983,13551.129999999983
2025-12-02 23:15:00,13481.269999999982,13490.969999999985
2025-12-03 01:16:00,13515.64999999998,13515.64999999998
2025-12-03 02:16:00,13515.64999999998,13515.64999999998
2025-12-03 03:16:00,13515.64999999998,13515.64999999998
2025-12-03 04:16:00,13515.64999999998,13515.64999999998
2025-12-03 05:16:00,13515.64999999998,13515.64999999998
2025-12-03 06:16:00,13515.64999999998,13515.64999999998
2025-12-03 07:16:00,13515.64999999998,13515.64999999998
2025-12-03 08:16:00,13515.64999999998,13515.64999999998
2025-12-03 09:16:00,13515.64999999998,13515.64999999998
2025-12-03 10:16:00,13515.64999999998,13515.64999999998
2025-12-03 11:16:00,13515.64999999998,13515.64999999998
2025-12-03 12:16:00,13515.64999999998,13515.64999999998
2025-12-03 13:16:00,13515.64999999998,13515.64999999998
2025-12-03 14:16:00,13515.64999999998,13515.64999999998
2025-12-03 15:16:00,13515.64999999998,13515.64999999998
2025-12-03 16:16:00,13515.64999999998,13515.64999999998
2025-12-03 17:16:00,13515.64999999998,13515.64999999998
2025-12-03 18:16:00,13515.64999999998,13515.64999999998
2025-12-03 19:16:00,13396.70999999997,13396.70999999997
2025-12-03 20:16:00,13396.70999999997,13396.70999999997
2025-12-03 21:16:00,13396.70999999997,13396.70999999997
2025-12-03 22:16:00,13396.70999999997,13396.70999999997
2025-12-03 23:16:00,13396.70999999997,13396.70999999997
2025-12-04 01:17:00,13396.70999999997,13396.70999999997
2025-12-04 02:17:00,13396.70999999997,13396.70999999997
2025-12-04 03:17:00,13396.70999999997,13396.70999999997
2025-12-04 04:17:00,13396.70999999997,13396.70999999997
2025-12-04 05:17:00,13396.70999999997,13396.70999999997
2025-12-04 06:17:00,13396.70999999997,13396.70999999997
2025-12-04 07:17:00,13396.70999999997,13396.70999999997
2025-12-04 08:17:00,13396.70999999997,13396.70999999997
2025-12-04 09:17:00,13396.70999999997,13396.70999999997
2025-12-04 10:17:00,13396.70999999997,13396.70999999997
2025-12-04 11:17:00,13396.70999999997,13396.70999999997
2025-12-04 12:17:00,13396.70999999997,13396.70999999997
2025-12-04 13:17:00,13396.70999999997,13396.70999999997
2025-12-04 14:17:00,13396.70999999997,13396.70999999997
2025-12-04 15:17:00,13396.70999999997,13396.70999999997
2025-12-04 16:17:00,13396.70999999997,13396.70999999997
2025-12-04 17:17:00,13396.70999999997,13396.70999999997
2025-12-04 18:17:00,13396.70999999997,13396.70999999997
2025-12-04 19:17:00,13396.70999999997,13396.70999999997
2025-12-04 20:17:00,13396.70999999997,13396.70999999997
2025-12-04 21:17:00,13396.70999999997,13396.70999999997
2025-12-04 22:17:00,13396.70999999997,13396.70999999997
2025-12-04 23:17:00,13396.70999999997,13396.70999999997
2025-12-05 01:18:00,13396.70999999997,13396.70999999997
2025-12-05 02:18:00,13396.70999999997,13396.70999999997
2025-12-05 03:18:00,13396.70999999997,13396.70999999997
2025-12-05 04:18:00,13396.70999999997,13396.70999999997
2025-12-05 05:18:00,13396.70999999997,13396.70999999997
2025-12-05 06:18:00,13396.70999999997,13396.70999999997
2025-12-05 07:18:00,13396.70999999997,13396.70999999997
2025-12-05 08:18:00,13396.70999999997,13396.70999999997
2025-12-05 09:18:00,13396.70999999997,13396.70999999997
2025-12-05 10:18:00,13396.70999999997,13396.70999999997
2025-12-05 11:18:00,13396.70999999997,13396.70999999997
2025-12-05 12:18:00,13396.70999999997,13396.70999999997
2025-12-05 13:18:00,13396.70999999997,13396.70999999997
2025-12-05 14:18:00,13396.70999999997,13396.70999999997
2025-12-05 15:18:00,13396.70999999997,13396.70999999997
2025-12-05 16:18:00,13396.70999999997,13396.70999999997
2025-12-05 17:18:00,13396.70999999997,13396.70999999997
2025-12-05 18:18:00,13590.519999999975,13590.519999999975
2025-12-05 19:18:00,13590.519999999975,13590.519999999975
2025-12-05 20:18:00,13590.519999999975,13590.519999999975
2025-12-05 21:18:00,13590.519999999975,13590.519999999975
2025-12-05 22:18:00,13590.519999999975,13590.519999999975
2025-12-05 23:18:00,13590.519999999975,13590.519999999975
2025-12-08 01:19:00,13590.519999999975,13590.519999999975
2025-12-08 02:19:00,13590.519999999975,13590.519999999975
2025-12-08 03:19:00,13590.519999999975,13590.519999999975
2025-12-08 04:19:00,13590.519999999975,13590.519999999975
2025-12-08 05:19:00,13590.519999999975,13590.519999999975
2025-12-08 06:19:00,13590.519999999975,13590.519999999975
2025-12-08 07:19:00,13590.519999999975,13590.519999999975
2025-12-08 08:19:00,13590.519999999975,13590.519999999975
2025-12-08 09:19:00,13590.519999999975,13590.519999999975
2025-12-08 10:19:00,13590.519999999975,13590.519999999975
2025-12-08 11:19:00,13590.519999999975,13590.519999999975
2025-12-08 12:19:00,13590.519999999975,13590.519999999975
2025-12-08 13:19:00,13590.519999999975,13590.519999999975
2025-12-08 14:19:00,13590.519999999975,13590.519999999975
2025-12-08 15:19:00,13590.519999999975,13590.519999999975
2025-12-08 16:19:00,13590.519999999975,13590.519999999975
2025-12-08 17:19:00,13590.519999999975,13590.519999999975
2025-12-08 18:19:00,13590.519999999975,13590.519999999975
2025-12-08 19:19:00,13590.519999999975,13590.519999999975
2025-12-08 20:19:00,13590.519999999975,13590.519999999975
2025-12-08 21:19:00,13590.519999999975,13590.519999999975
2025-12-08 22:19:00,13590.519999999975,13590.519999999975
2025-12-08 23:19:00,13590.519999999975,13590.519999999975
2025-12-09 01:20:00,13590.519999999975,13590.519999999975
2025-12-09 02:20:00,13590.519999999975,13590.519999999975
2025-12-09 03:20:00,13590.519999999975,13590.519999999975
2025-12-09 04:20:00,13590.519999999975,13590.519999999975
2025-12-09 05:20:00,13590.519999999975,13590.519999999975
2025-12-09 06:20:00,13590.519999999975,13590.519999999975
2025-12-09 07:20:00,13590.519999999975,13590.519999999975
2025-12-09 08:20:00,13590.519999999975,13590.519999999975
2025-12-09 09:20:00,13590.519999999975,13590.519999999975
2025-12-09 10:20:00,13590.519999999975,13590.519999999975
2025-12-09 11:20:00,13391.279999999968,13391.279999999968
2025-12-09 12:20:00,13391.279999999968,13391.279999999968
2025-12-09 13:20:00,13391.279999999968,13391.279999999968
2025-12-09 14:20:00,13390.019999999968,13364.279999999962
2025-12-09 15:20:00,13407.659999999967,13434.259999999962
2025-12-09 16:20:00,13406.259999999962,13406.259999999962
2025-12-09 17:20:00,13406.259999999962,13406.259999999962
2025-12-09 18:20:00,13406.259999999962,13406.259999999962
2025-12-09 19:20:00,13406.259999999962,13406.259999999962
2025-12-09 20:20:00,13406.259999999962,13406.259999999962
2025-12-09 21:20:00,13406.259999999962,13406.259999999962
2025-12-09 22:20:00,13406.259999999962,13406.259999999962
2025-12-09 23:20:00,13406.259999999962,13406.259999999962
2025-12-10 01:21:00,13406.259999999962,13406.259999999962
2025-12-10 02:21:00,13406.259999999962,13406.259999999962
2025-12-10 03:21:00,13406.259999999962,13406.259999999962
2025-12-10 04:21:00,13406.259999999962,13406.259999999962
2025-12-10 05:21:00,13406.259999999962,13406.259999999962
2025-12-10 06:21:00,13406.259999999962,13406.259999999962
2025-12-10 07:21:00,13406.259999999962,13406.259999999962
2025-12-10 08:21:00,13337.069999999962,13337.069999999962
2025-12-10 09:21:00,13337.069999999962,13337.069999999962
2025-12-10 10:21:00,13337.069999999962,13337.069999999962
2025-12-10 11:21:00,13337.069999999962,13337.069999999962
2025-12-10 12:21:00,13337.069999999962,13337.069999999962
2025-12-10 13:21:00,13337.069999999962,13337.069999999962
2025-12-10 14:21:00,13337.069999999962,13337.069999999962
2025-12-10 15:21:00,13337.069999999962,13337.069999999962
2025-12-10 16:21:00,13337.069999999962,13337.069999999962
2025-12-10 17:21:00,13337.069999999962,13337.069999999962
2025-12-10 18:21:00,13337.069999999962,13337.069999999962
2025-12-10 19:21:00,13337.069999999962,13337.069999999962
2025-12-10 20:21:00,13337.069999999962,13337.069999999962
2025-12-10 21:21:00,13337.069999999962,13337.069999999962
2025-12-10 22:21:00,13336.159999999962,13283.689999999959
2025-12-10 23:21:00,13352.77999999996,13430.429999999958
2025-12-11 01:22:00,13354.42999999996,13415.909999999956
2025-12-11 02:22:00,13353.199999999959,13265.589999999962
2025-12-11 03:22:00,13353.199999999959,13329.429999999955
2025-12-11 04:22:00,13367.439999999959,13398.68999999996
2025-12-11 05:22:00,13449.699999999959,13612.51999999996
2025-12-11 06:22:00,13449.699999999959,13609.969999999961
2025-12-11 07:22:00,13449.699999999959,13614.159999999962
2025-12-11 08:22:00,13579.419999999958,13636.089999999956
2025-12-11 09:22:00,13579.419999999958,13641.849999999957
2025-12-11 10:22:00,13579.419999999958,13651.389999999958
2025-12-11 11:22:00,13579.419999999958,13648.059999999958
2025-12-11 12:22:00,13613.539999999959,13637.189999999962
2025-12-11 13:22:00,13613.03999999996,13613.03999999996
2025-12-11 14:22:00,13613.03999999996,13613.03999999996
2025-12-11 15:22:00,13613.03999999996,13613.03999999996
2025-12-11 16:22:00,13613.03999999996,13613.03999999996
2025-12-11 17:22:00,13613.03999999996,13613.03999999996
2025-12-11 18:22:00,13613.03999999996,13613.03999999996
2025-12-11 19:22:00,13613.03999999996,13613.03999999996
2025-12-11 20:22:00,13613.03999999996,13613.03999999996
2025-12-11 21:22:00,13609.889999999961,13688.189999999984
2025-12-11 22:22:00,13654.609999999968,13654.609999999968
2025-12-11 23:22:00,13654.609999999968,13654.609999999968
2025-12-12 01:23:00,13654.609999999968,13654.609999999968
2025-12-12 02:23:00,13654.609999999968,13654.609999999968
2025-12-12 03:23:00,13654.609999999968,13654.609999999968
2025-12-12 04:23:00,13654.609999999968,13654.609999999968
2025-12-12 05:23:00,13654.609999999968,13654.609999999968
2025-12-12 06:23:00,13654.609999999968,13654.609999999968
2025-12-12 07:23:00,13654.609999999968,13654.609999999968
2025-12-12 08:23:00,13654.609999999968,13654.609999999968
2025-12-12 09:23:00,13654.609999999968,13654.609999999968
2025-12-12 10:23:00,13654.609999999968,13654.609999999968
2025-12-12 11:23:00,13654.609999999968,13654.609999999968
2025-12-12 12:23:00,13654.609999999968,13654.609999999968
2025-12-12 13:23:00,13654.609999999968,13654.609999999968
2025-12-12 14:23:00,13654.609999999968,13654.609999999968
2025-12-12 15:23:00,13654.609999999968,13654.609999999968
2025-12-12 16:23:00,13654.609999999968,13654.609999999968
2025-12-12 17:23:00,13654.609999999968,13654.609999999968
2025-12-12 18:23:00,13654.609999999968,13654.609999999968
2025-12-12 19:23:00,13654.609999999968,13654.609999999968
2025-12-12 20:23:00,13654.609999999968,13654.609999999968
2025-12-12 21:23:00,13654.609999999968,13654.609999999968
2025-12-12 22:23:00,13654.609999999968,13654.609999999968
2025-12-12 23:23:00,13654.609999999968,13654.609999999968
2025-12-15 01:24:00,13654.609999999968,13654.609999999968
2025-12-15 02:24:00,13654.609999999968,13654.609999999968
2025-12-15 03:24:00,13654.609999999968,13654.609999999968
2025-12-15 04:24:00,13654.609999999968,13654.609999999968
2025-12-15 05:24:00,13674.259999999966,13723.209999999954
2025-12-15 06:24:00,13673.159999999962,13673.159999999962
2025-12-15 07:24:00,13673.159999999962,13673.159999999962
2025-12-15 08:24:00,13673.159999999962,13673.159999999962
2025-12-15 09:24:00,13673.159999999962,13673.159999999962
2025-12-15 10:24:00,13874.729999999958,13988.109999999962
2025-12-15 11:24:00,14082.159999999953,14082.159999999953
2025-12-15 12:24:00,14082.159999999953,14082.159999999953
2025-12-15 13:24:00,14082.159999999953,14082.159999999953
2025-12-15 14:24:00,14082.159999999953,14082.159999999953
2025-12-15 15:24:00,14082.159999999953,14082.159999999953
2025-12-15 16:24:00,14082.159999999953,14082.159999999953
2025-12-15 17:24:00,14082.159999999953,14082.159999999953
2025-12-15 18:24:00,14082.159999999953,14082.159999999953
2025-12-15 19:24:00,14082.159999999953,14082.159999999953
2025-12-15 20:24:00,14082.159999999953,14082.159999999953
2025-12-15 21:24:00,14082.159999999953,14082.159999999953
2025-12-15 22:24:00,14082.159999999953,14082.159999999953
2025-12-15 23:24:00,14082.159999999953,14082.159999999953
2025-12-16 01:25:00,14082.159999999953,14082.159999999953
2025-12-16 02:25:00,14082.159999999953,14082.159999999953
2025-12-16 03:25:00,14082.159999999953,14082.159999999953
2025-12-16 04:25:00,14082.159999999953,14082.159999999953
2025-12-16 05:25:00,14082.159999999953,14082.159999999953
2025-12-16 06:25:00,14082.159999999953,14082.159999999953
2025-12-16 07:25:00,14082.159999999953,14082.159999999953
2025-12-16 08:25:00,14082.159999999953,14082.159999999953
2025-12-16 09:25:00,14082.159999999953,14082.159999999953
2025-12-16 10:25:00,14082.159999999953,14082.159999999953
2025-12-16 11:25:00,14082.159999999953,14082.159999999953
2025-12-16 12:25:00,14082.159999999953,14082.159999999953
2025-12-16 13:25:00,14082.159999999953,14082.159999999953
2025-12-16 14:25:00,14082.159999999953,14082.159999999953
2025-12-16 15:25:00,14081.249999999953,13995.839999999946
2025-12-16 16:25:00,13824.809999999956,13824.809999999956
2025-12-16 17:25:00,13824.809999999956,13824.809999999956
2025-12-16 18:25:00,13824.809999999956,13824.809999999956
2025-12-16 19:25:00,13824.809999999956,13824.809999999956
2025-12-16 20:25:00,13824.809999999956,13824.809999999956
2025-12-16 21:25:00,13824.809999999956,13824.809999999956
2025-12-16 22:25:00,13824.809999999956,13824.809999999956
2025-12-16 23:25:00,13824.809999999956,13824.809999999956
2025-12-17 01:26:00,13824.809999999956,13824.809999999956
2025-12-17 02:26:00,13824.809999999956,13824.809999999956
2025-12-17 03:26:00,13824.809999999956,13824.809999999956
2025-12-17 04:26:00,13824.809999999956,13824.809999999956
2025-12-17 05:26:00,13824.809999999956,13824.809999999956
2025-12-17 06:26:00,13824.809999999956,13824.809999999956
2025-12-17 07:26:00,13824.809999999956,13824.809999999956
2025-12-17 08:26:00,13824.809999999956,13824.809999999956
2025-12-17 09:26:00,13824.809999999956,13824.809999999956
2025-12-17 10:26:00,13824.809999999956,13824.809999999956
2025-12-17 11:26:00,13824.809999999956,13824.809999999956
2025-12-17 12:26:00,13824.809999999956,13824.809999999956
2025-12-17 13:26:00,13824.809999999956,13824.809999999956
2025-12-17 14:26:00,13824.809999999956,13824.809999999956
2025-12-17 15:26:00,13824.809999999956,13824.809999999956
2025-12-17 16:26:00,13824.809999999956,13824.809999999956
2025-12-17 17:26:00,13824.809999999956,13824.809999999956
2025-12-17 18:26:00,13824.809999999956,13824.809999999956
2025-12-17 19:26:00,13824.809999999956,13824.809999999956
2025-12-17 20:26:00,13824.809999999956,13824.809999999956
2025-12-17 21:26:00,13824.809999999956,13824.809999999956
2025-12-17 22:26:00,13824.809999999956,13824.809999999956
2025-12-17 23:26:00,13824.809999999956,13824.809999999956
2025-12-18 01:27:00,13824.809999999956,13824.809999999956
2025-12-18 02:27:00,13824.809999999956,13824.809999999956
2025-12-18 03:27:00,13824.809999999956,13824.809999999956
2025-12-18 04:27:00,13824.809999999956,13824.809999999956
2025-12-18 05:27:00,13824.809999999956,13824.809999999956
2025-12-18 06:27:00,13824.809999999956,13824.809999999956
2025-12-18 07:27:00,13824.809999999956,13824.809999999956
2025-12-18 08:27:00,13824.809999999956,13824.809999999956
2025-12-18 09:27:00,13824.809999999956,13824.809999999956
2025-12-18 10:27:00,13824.809999999956,13824.809999999956
2025-12-18 11:27:00,13824.809999999956,13824.809999999956
2025-12-18 12:27:00,13824.809999999956,13824.809999999956
2025-12-18 13:27:00,13824.809999999956,13824.809999999956
2025-12-18 14:27:00,13824.809999999956,13824.809999999956
2025-12-18 15:27:00,13824.809999999956,13824.809999999956
2025-12-18 16:27:00,13824.809999999956,13824.809999999956
2025-12-18 17:27:00,13859.249999999967,13859.249999999967
2025-12-18 18:27:00,13859.249999999967,13859.249999999967
2025-12-18 19:27:00,13859.249999999967,13859.249999999967
2025-12-18 20:27:00,13859.249999999967,13859.249999999967
2025-12-18 21:27:00,13859.249999999967,13859.249999999967
2025-12-18 22:27:00,13859.249999999967,13859.249999999967
2025-12-18 23:27:00,13859.249999999967,13859.249999999967
2025-12-19 01:28:00,13859.249999999967,13859.249999999967
2025-12-19 02:28:00,13859.249999999967,13859.249999999967
2025-12-19 03:28:00,13859.249999999967,13859.249999999967
2025-12-19 04:28:00,13859.249999999967,13859.249999999967
2025-12-19 05:28:00,13859.249999999967,13859.249999999967
2025-12-19 06:28:00,13859.249999999967,13859.249999999967
2025-12-19 07:28:00,13859.249999999967,13859.249999999967
2025-12-19 08:28:00,13859.249999999967,13859.249999999967
2025-12-19 09:28:00,13859.249999999967,13859.249999999967
2025-12-19 10:28:00,13859.249999999967,13859.249999999967
2025-12-19 11:28:00,13859.249999999967,13859.249999999967
2025-12-19 12:28:00,13859.249999999967,13859.249999999967
2025-12-19 13:28:00,13859.249999999967,13859.249999999967
2025-12-19 14:28:00,13859.249999999967,13859.249999999967
2025-12-19 15:28:00,13859.249999999967,13859.249999999967
2025-12-19 16:28:00,13859.249999999967,13859.249999999967
2025-12-19 17:28:00,13858.689999999968,13887.249999999965
2025-12-19 18:28:00,13858.689999999968,13820.689999999968
2025-12-19 19:28:00,13858.689999999968,13776.76999999997
2025-12-19 20:28:00,13742.529999999964,13742.529999999964
2025-12-19 21:28:00,13742.529999999964,13742.529999999964
2025-12-19 22:28:00,13742.529999999964,13742.529999999964
2025-12-19 23:28:00,13742.529999999964,13742.529999999964
2025-12-22 01:29:00,13742.529999999964,13742.529999999964
2025-12-22 02:29:00,13742.529999999964,13742.529999999964
2025-12-22 03:29:00,13742.529999999964,13742.529999999964
2025-12-22 04:29:00,13742.529999999964,13742.529999999964
2025-12-22 05:29:00,13742.529999999964,13742.529999999964
2025-12-22 06:29:00,13742.529999999964,13742.529999999964
2025-12-22 07:29:00,13742.529999999964,13742.529999999964
2025-12-22 08:29:00,13742.529999999964,13742.529999999964
2025-12-22 09:29:00,13742.529999999964,13742.529999999964
2025-12-22 10:29:00,13742.529999999964,13742.529999999964
2025-12-22 11:29:00,13742.529999999964,13742.529999999964
2025-12-22 12:29:00,13742.529999999964,13742.529999999964
2025-12-22 13:29:00,13742.529999999964,13742.529999999964
2025-12-22 14:29:00,13742.529999999964,13742.529999999964
2025-12-22 15:29:00,13742.529999999964,13742.529999999964
2025-12-22 16:29:00,13742.529999999964,13742.529999999964
2025-12-22 17:29:00,13742.529999999964,13742.529999999964
2025-12-22 18:29:00,13742.529999999964,13742.529999999964
2025-12-22 19:29:00,13742.529999999964,13742.529999999964
2025-12-22 20:29:00,13742.529999999964,13742.529999999964
2025-12-22 21:29:00,13742.529999999964,13742.529999999964
2025-12-22 22:29:00,13742.529999999964,13742.529999999964
2025-12-22 23:29:00,13742.529999999964,13742.529999999964
2025-12-23 01:30:00,13742.529999999964,13742.529999999964
2025-12-23 02:30:00,13742.529999999964,13742.529999999964
2025-12-23 03:30:00,13742.529999999964,13742.529999999964
2025-12-23 04:30:00,13742.529999999964,13742.529999999964
2025-12-23 05:30:00,13742.529999999964,13742.529999999964
2025-12-23 06:30:00,13742.529999999964,13742.529999999964
2025-12-23 07:30:00,13742.529999999964,13742.529999999964
2025-12-23 08:30:00,13742.529999999964,13742.529999999964
2025-12-23 09:30:00,13742.529999999964,13742.529999999964
2025-12-23 10:30:00,13742.529999999964,13742.529999999964
2025-12-23 11:30:00,13742.529999999964,13742.529999999964
2025-12-23 12:30:00,13742.529999999964,13742.529999999964
2025-12-23 13:30:00,13742.529999999964,13742.529999999964
2025-12-23 14:30:00,13742.529999999964,13742.529999999964
2025-12-23 15:30:00,13742.529999999964,13742.529999999964
2025-12-23 16:30:00,13742.529999999964,13742.529999999964
2025-12-23 17:30:00,13742.529999999964,13742.529999999964
2025-12-23 18:30:00,13742.529999999964,13742.529999999964
2025-12-23 19:30:00,13742.529999999964,13742.529999999964
2025-12-23 20:30:00,13742.529999999964,13742.529999999964
2025-12-23 21:30:00,13742.529999999964,13742.529999999964
2025-12-23 22:30:00,13742.529999999964,13742.529999999964
2025-12-23 23:30:00,13742.529999999964,13742.529999999964
2025-12-24 01:31:00,13769.609999999966,13879.38999999997
2025-12-24 02:31:00,14007.889999999972,14007.889999999972
2025-12-24 03:31:00,14007.889999999972,14007.889999999972
2025-12-24 04:31:00,14007.889999999972,14007.889999999972
2025-12-24 05:31:00,14007.889999999972,14007.889999999972
2025-12-24 06:31:00,14007.889999999972,14007.889999999972
2025-12-24 07:31:00,14007.889999999972,14007.889999999972
2025-12-24 08:31:00,14007.889999999972,14007.889999999972
2025-12-24 09:31:00,14007.889999999972,14007.889999999972
2025-12-24 10:31:00,14007.889999999972,14007.889999999972
2025-12-24 11:31:00,14007.889999999972,14007.889999999972
2025-12-24 12:31:00,14007.889999999972,14007.889999999972
2025-12-24 13:31:00,14007.889999999972,14007.889999999972
2025-12-24 14:31:00,14007.889999999972,14007.889999999972
2025-12-24 15:31:00,14007.889999999972,14007.889999999972
2025-12-24 16:31:00,14007.889999999972,14007.889999999972
2025-12-24 17:31:00,14007.889999999972,14007.889999999972
2025-12-24 18:31:00,14007.889999999972,14007.889999999972
2025-12-24 19:31:00,14007.889999999972,14007.889999999972
2025-12-24 20:31:00,14007.889999999972,14007.889999999972
2025-12-26 01:45:00,14007.889999999972,14007.889999999972
2025-12-26 02:45:00,14007.889999999972,14007.889999999972
2025-12-26 03:45:00,14007.889999999972,14007.889999999972
2025-12-26 04:45:00,14007.889999999972,14007.889999999972
2025-12-26 05:45:00,14007.889999999972,14007.889999999972
2025-12-26 06:45:00,14007.889999999972,14007.889999999972
2025-12-26 07:45:00,14007.889999999972,14007.889999999972
2025-12-26 08:45:00,14007.889999999972,14007.889999999972
2025-12-26 09:45:00,14007.889999999972,14007.889999999972
2025-12-26 10:45:00,14007.889999999972,14007.889999999972
2025-12-26 11:45:00,14007.889999999972,14007.889999999972
2025-12-26 12:45:00,14007.889999999972,14007.889999999972
2025-12-26 13:45:00,14007.889999999972,14007.889999999972
2025-12-26 14:45:00,14007.889999999972,14007.889999999972
2025-12-26 15:45:00,14007.889999999972,14007.889999999972
2025-12-26 16:45:00,14007.889999999972,14007.889999999972
2025-12-26 17:45:00,14007.889999999972,14007.889999999972
2025-12-26 18:45:00,14007.889999999972,14007.889999999972
2025-12-26 19:45:00,14007.889999999972,14007.889999999972
2025-12-26 20:45:00,14007.889999999972,14007.889999999972
2025-12-26 21:45:00,14007.889999999972,14007.889999999972
2025-12-26 22:45:00,14007.889999999972,14007.889999999972
2025-12-26 23:45:00,14007.889999999972,14007.889999999972
2025-12-29 01:46:00,14007.889999999972,14007.889999999972
2025-12-29 02:46:00,14007.889999999972,14007.889999999972
2025-12-29 03:46:00,14007.889999999972,14007.889999999972
2025-12-29 04:46:00,14007.889999999972,14007.889999999972
2025-12-29 05:46:00,14007.889999999972,14007.889999999972
2025-12-29 06:46:00,14007.889999999972,14007.889999999972
2025-12-29 07:46:00,14007.889999999972,14007.889999999972
2025-12-29 08:46:00,14007.889999999972,14007.889999999972
2025-12-29 09:46:00,14007.889999999972,14007.889999999972
2025-12-29 10:46:00,14007.889999999972,14007.889999999972
2025-12-29 11:46:00,14007.889999999972,14007.889999999972
2025-12-29 12:46:00,14007.889999999972,14007.889999999972
2025-12-29 13:46:00,14007.889999999972,14007.889999999972
2025-12-29 14:46:00,14007.889999999972,14007.889999999972
2025-12-29 15:46:00,14007.889999999972,14007.889999999972
2025-12-29 16:46:00,14007.889999999972,14007.889999999972
2025-12-29 17:46:00,14007.889999999972,14007.889999999972
2025-12-29 18:46:00,14007.889999999972,14007.889999999972
2025-12-29 19:46:00,14135.039999999968,14401.079999999962
2025-12-29 20:46:00,14135.039999999968,14297.599999999973
2025-12-29 21:46:00,14135.039999999968,14272.50999999997
2025-12-29 22:46:00,14134.439999999966,14219.559999999965
2025-12-29 23:46:00,14134.439999999966,14234.119999999964
2025-12-30 01:47:00,14134.789999999963,14134.789999999963
2025-12-30 02:47:00,14134.789999999963,14134.789999999963
2025-12-30 03:47:00,14134.789999999963,14134.789999999963
2025-12-30 04:47:00,14134.789999999963,14134.789999999963
2025-12-30 05:47:00,14134.789999999963,14134.789999999963
2025-12-30 06:47:00,14134.789999999963,14134.789999999963
2025-12-30 07:47:00,14134.789999999963,14134.789999999963
2025-12-30 08:47:00,14134.789999999963,14134.789999999963
2025-12-30 09:47:00,14134.789999999963,14134.789999999963
2025-12-30 10:47:00,14134.789999999963,14134.789999999963
2025-12-30 11:47:00,14134.789999999963,14134.789999999963
2025-12-30 12:47:00,14134.579999999964,14159.749999999964
2025-12-30 13:47:00,14134.579999999964,14151.709999999966
2025-12-30 14:47:00,14134.579999999964,14107.279999999966
2025-12-30 15:47:00,14134.579999999964,14161.969999999965
2025-12-30 16:47:00,14154.939999999964,14220.519999999964
2025-12-30 17:47:00,14154.939999999964,14205.679999999964
2025-12-30 18:47:00,14154.939999999964,14199.499999999964
2025-12-30 19:47:00,14154.939999999964,14201.439999999966
2025-12-30 20:47:00,14154.939999999964,14203.759999999966
2025-12-30 21:47:00,14154.939999999964,14226.779999999966
2025-12-30 22:47:00,14154.939999999964,14237.939999999966
2025-12-30 23:47:00,14154.939999999964,14236.679999999966
2025-12-31 01:48:00,14155.839999999964,14262.199999999964
2025-12-31 02:48:00,14155.839999999964,14258.539999999964
2025-12-31 03:48:00,14155.839999999964,14194.579999999965
2025-12-31 04:48:00,14155.839999999964,14219.099999999966
2025-12-31 05:48:00,14155.839999999964,14237.279999999964
2025-12-31 06:48:00,14155.839999999964,14245.039999999964
2025-12-31 07:48:00,14155.839999999964,14307.099999999966
2025-12-31 08:48:00,14318.759999999964,14318.759999999964
2025-12-31 09:48:00,14318.759999999964,14318.759999999964
2025-12-31 10:48:00,14318.759999999964,14318.759999999964
2025-12-31 11:48:00,14318.759999999964,14318.759999999964
2025-12-31 12:48:00,14318.759999999964,14318.759999999964
2025-12-31 13:48:00,14318.199999999964,14313.319999999967
2025-12-31 14:48:00,14344.139999999961,14344.139999999961
2025-12-31 15:48:00,14344.139999999961,14344.139999999961
2025-12-31 16:48:00,14344.139999999961,14344.139999999961
2025-12-31 17:48:00,14344.139999999961,14344.139999999961
2025-12-31 18:48:00,14365.199999999953,14365.199999999953
2025-12-31 19:48:00,14365.199999999953,14365.199999999953
2025-12-31 20:48:00,14365.199999999953,14365.199999999953
2025-12-31 21:48:00,14365.199999999953,14365.199999999953
2025-12-31 22:48:00,14365.199999999953,14365.199999999953
2025-12-31 23:48:00,14365.199999999953,14365.199999999953
2026-01-02 01:49:00,14365.199999999953,14365.199999999953
2026-01-02 02:49:00,14365.199999999953,14365.199999999953
2026-01-02 03:49:00,14365.199999999953,14365.199999999953
2026-01-02 04:49:00,14365.199999999953,14365.199999999953
2026-01-02 05:49:00,14365.199999999953,14365.199999999953
2026-01-02 06:49:00,14365.199999999953,14365.199999999953
2026-01-02 07:49:00,14365.199999999953,14365.199999999953
2026-01-02 08:49:00,14365.199999999953,14365.199999999953
2026-01-02 09:49:00,14365.199999999953,14365.199999999953
2026-01-02 10:49:00,14365.199999999953,14365.199999999953
2026-01-02 11:49:00,14365.199999999953,14365.199999999953
2026-01-02 12:49:00,14365.199999999953,14365.199999999953
2026-01-02 13:49:00,14365.199999999953,14365.199999999953
2026-01-02 14:49:00,14365.199999999953,14365.199999999953
2026-01-02 15:49:00,14365.199999999953,14365.199999999953
2026-01-02 16:49:00,14464.059999999941,14464.059999999941
2026-01-02 17:49:00,14464.059999999941,14464.059999999941
2026-01-02 18:49:00,14109.549999999943,14109.549999999943
2026-01-02 19:49:00,14109.549999999943,14109.549999999943
2026-01-02 20:49:00,14109.549999999943,14109.549999999943
2026-01-02 21:49:00,14109.549999999943,14109.549999999943
2026-01-02 22:49:00,14109.549999999943,14109.549999999943
2026-01-02 23:49:00,14109.549999999943,14109.549999999943
2026-01-05 01:50:00,14109.549999999943,14109.549999999943
2026-01-05 02:50:00,14109.549999999943,14109.549999999943
2026-01-05 03:50:00,14109.549999999943,14109.549999999943
2026-01-05 04:50:00,14109.549999999943,14109.549999999943
2026-01-05 05:50:00,14109.549999999943,14109.549999999943
2026-01-05 06:50:00,14109.549999999943,14109.549999999943
2026-01-05 07:50:00,14109.549999999943,14109.549999999943
2026-01-05 08:50:00,14108.849999999944,14130.569999999945
2026-01-05 09:50:00,14108.849999999944,14114.069999999949
2026-01-05 10:50:00,14108.079999999944,13959.829999999954
2026-01-05 11:50:00,14108.079999999944,13907.539999999939
2026-01-05 12:50:00,14108.079999999944,13870.579999999953
2026-01-05 13:50:00,14126.999999999944,14121.899999999945
2026-01-05 14:50:00,14179.129999999943,14471.47999999994
2026-01-05 15:50:00,14179.129999999943,14342.35999999993
2026-01-05 16:50:00,14177.829999999938,14139.369999999935
2026-01-05 17:50:00,14105.199999999937,14105.199999999937
2026-01-05 18:50:00,14105.199999999937,14105.199999999937
2026-01-05 19:50:00,14105.199999999937,14105.199999999937
2026-01-05 20:50:00,14105.199999999937,14105.199999999937
2026-01-05 21:50:00,14105.199999999937,14105.199999999937
2026-01-05 22:50:00,14105.199999999937,14105.199999999937
2026-01-05 23:50:00,14105.199999999937,14105.199999999937
2026-01-06 01:51:00,14105.199999999937,14105.199999999937
2026-01-06 02:51:00,14105.199999999937,14105.199999999937
2026-01-06 03:51:00,14105.199999999937,14105.199999999937
2026-01-06 04:51:00,14105.199999999937,14105.199999999937
2026-01-06 05:51:00,14105.199999999937,14105.199999999937
2026-01-06 06:51:00,14105.199999999937,14105.199999999937
2026-01-06 07:51:00,14105.199999999937,14105.199999999937
2026-01-06 08:51:00,14105.199999999937,14105.199999999937
2026-01-06 09:51:00,14105.199999999937,14105.199999999937
2026-01-06 10:51:00,14105.199999999937,14105.199999999937
2026-01-06 11:51:00,14105.199999999937,14105.199999999937
2026-01-06 12:51:00,14105.199999999937,14105.199999999937
2026-01-06 13:51:00,14105.199999999937,14105.199999999937
2026-01-06 14:51:00,14105.199999999937,14105.199999999937
2026-01-06 15:51:00,14105.199999999937,14105.199999999937
2026-01-06 16:51:00,14105.199999999937,14105.199999999937
2026-01-06 17:51:00,14043.269999999942,14043.269999999942
2026-01-06 18:51:00,14043.269999999942,14043.269999999942
2026-01-06 19:51:00,14043.269999999942,14043.269999999942
2026-01-06 20:51:00,14043.269999999942,14043.269999999942
2026-01-06 21:51:00,14043.269999999942,14043.269999999942
2026-01-06 22:51:00,14043.269999999942,14043.269999999942
2026-01-06 23:51:00,14043.269999999942,14043.269999999942
2026-01-07 01:52:00,14043.269999999942,14043.269999999942
2026-01-07 02:52:00,14043.269999999942,14043.269999999942
2026-01-07 03:52:00,14043.269999999942,14043.269999999942
2026-01-07 04:52:00,14043.269999999942,14043.269999999942
2026-01-07 05:52:00,14043.269999999942,14043.269999999942
2026-01-07 06:52:00,14043.269999999942,14043.269999999942
2026-01-07 07:52:00,14043.269999999942,14043.269999999942
2026-01-07 08:52:00,14043.269999999942,14043.269999999942
2026-01-07 09:52:00,14043.269999999942,14043.269999999942
2026-01-07 10:52:00,14043.269999999942,14043.269999999942
2026-01-07 11:52:00,14043.269999999942,14043.269999999942
2026-01-07 12:52:00,14043.269999999942,14043.269999999942
2026-01-07 13:52:00,14043.269999999942,14043.269999999942
2026-01-07 14:52:00,14043.269999999942,14043.269999999942
2026-01-07 15:52:00,14043.269999999942,14043.269999999942
2026-01-07 16:52:00,14043.269999999942,14043.269999999942
2026-01-07 17:52:00,14043.269999999942,14043.269999999942
2026-01-07 18:52:00,14043.269999999942,14043.269999999942
2026-01-07 19:52:00,14043.269999999942,14043.269999999942
2026-01-07 20:52:00,14043.269999999942,14043.269999999942
2026-01-07 21:52:00,14043.269999999942,14043.269999999942
2026-01-07 22:52:00,14043.269999999942,14043.269999999942
2026-01-07 23:52:00,14043.269999999942,14043.269999999942
2026-01-08 01:53:00,14043.269999999942,14043.269999999942
2026-01-08 02:53:00,14043.269999999942,14043.269999999942
2026-01-08 03:53:00,14043.269999999942,14043.269999999942
2026-01-08 04:53:00,14043.269999999942,14043.269999999942
2026-01-08 05:53:00,14043.269999999942,14043.269999999942
2026-01-08 06:53:00,14043.269999999942,14043.269999999942
2026-01-08 07:53:00,14042.849999999942,14037.329999999942
2026-01-08 08:53:00,14054.709999999941,14126.259999999944
2026-01-08 09:53:00,14054.709999999941,14115.45999999994
2026-01-08 10:53:00,14054.709999999941,14097.95999999994
2026-01-08 11:53:00,14054.709999999941,14112.509999999944
2026-01-08 12:53:00,14054.709999999941,14112.80999999994
2026-01-08 13:53:00,14054.709999999941,14078.55999999994
2026-01-08 14:53:00,14054.20999999994,14054.20999999994
2026-01-08 15:53:00,14054.20999999994,14054.20999999994
2026-01-08 16:53:00,14054.20999999994,14054.20999999994
2026-01-08 17:53:00,14054.20999999994,14054.20999999994
2026-01-08 18:53:00,14054.20999999994,14054.20999999994
2026-01-08 19:53:00,14054.20999999994,14054.20999999994
2026-01-08 20:53:00,14054.20999999994,14054.20999999994
2026-01-08 21:53:00,14054.20999999994,14054.20999999994
2026-01-08 22:53:00,14054.20999999994,14054.20999999994
2026-01-08 23:53:00,14054.20999999994,14054.20999999994
2026-01-09 01:54:00,14054.20999999994,14054.20999999994
2026-01-09 02:54:00,14054.20999999994,14054.20999999994
2026-01-09 03:54:00,14054.20999999994,14054.20999999994
2026-01-09 04:54:00,14054.20999999994,14054.20999999994
2026-01-09 05:54:00,14054.20999999994,14054.20999999994
2026-01-09 06:54:00,14054.20999999994,14054.20999999994
2026-01-09 07:54:00,14054.20999999994,14054.20999999994
2026-01-09 08:54:00,14054.20999999994,14054.20999999994
2026-01-09 09:54:00,14054.20999999994,14054.20999999994
2026-01-09 10:54:00,14054.20999999994,14054.20999999994
2026-01-09 11:54:00,14054.20999999994,14054.20999999994
2026-01-09 12:54:00,14054.20999999994,14054.20999999994
2026-01-09 13:54:00,14054.20999999994,14054.20999999994
2026-01-09 14:54:00,14054.20999999994,14054.20999999994
2026-01-09 15:54:00,14059.329999999934,14059.329999999934
2026-01-09 16:54:00,14059.329999999934,14059.329999999934
2026-01-09 17:54:00,14059.329999999934,14059.329999999934
2026-01-09 18:54:00,14059.329999999934,14059.329999999934
2026-01-09 19:54:00,14057.859999999935,14043.999999999938
2026-01-09 20:54:00,14180.709999999935,14233.149999999934
2026-01-09 21:54:00,14180.709999999935,14257.029999999937
2026-01-09 22:54:00,14303.529999999937,14303.529999999937
2026-01-09 23:54:00,14303.529999999937,14303.529999999937
2026-01-12 01:55:00,14303.529999999937,14303.529999999937
2026-01-12 02:55:00,14303.529999999937,14303.529999999937
2026-01-12 03:55:00,14303.529999999937,14303.529999999937
2026-01-12 04:55:00,14303.529999999937,14303.529999999937
2026-01-12 05:55:00,14303.529999999937,14303.529999999937
2026-01-12 06:55:00,14303.529999999937,14303.529999999937
2026-01-12 07:55:00,14303.529999999937,14303.529999999937
2026-01-12 08:55:00,14303.529999999937,14303.529999999937
2026-01-12 09:55:00,14303.529999999937,14303.529999999937
2026-01-12 10:55:00,14303.529999999937,14303.529999999937
2026-01-12 11:55:00,14303.529999999937,14303.529999999937
2026-01-12 12:55:00,14303.529999999937,14303.529999999937
2026-01-12 13:55:00,14303.529999999937,14303.529999999937
2026-01-12 14:55:00,14303.529999999937,14303.529999999937
2026-01-12 15:55:00,14303.529999999937,14303.529999999937
2026-01-12 16:55:00,14314.999999999949,14314.999999999949
2026-01-12 17:55:00,14314.999999999949,14314.999999999949
2026-01-12 18:55:00,14314.999999999949,14314.999999999949
2026-01-12 19:55:00,14342.519999999973,14342.519999999973
2026-01-12 20:55:00,14342.519999999973,14342.519999999973
2026-01-12 21:55:00,14342.519999999973,14342.519999999973
2026-01-12 22:55:00,14342.099999999973,14338.319999999972
2026-01-12 23:55:00,14342.099999999973,14324.039999999972
2026-01-13 01:56:00,14345.03999999997,14345.03999999997
2026-01-13 02:56:00,14392.549999999967,14437.769999999968
2026-01-13 03:56:00,14414.459999999961,14414.459999999961
2026-01-13 04:56:00,14414.459999999961,14414.459999999961
2026-01-13 05:56:00,14414.459999999961,14414.459999999961
2026-01-13 06:56:00,14414.459999999961,14414.459999999961
2026-01-13 07:56:00,14414.459999999961,14414.459999999961
2026-01-13 08:56:00,14414.459999999961,14414.459999999961
2026-01-13 09:56:00,14414.459999999961,14414.459999999961
2026-01-13 10:56:00,14414.459999999961,14414.459999999961
2026-01-13 11:56:00,14414.459999999961,14414.459999999961
2026-01-13 12:56:00,14414.459999999961,14414.459999999961
2026-01-13 13:56:00,14414.459999999961,14414.459999999961
2026-01-13 14:56:00,14414.459999999961,14414.459999999961
2026-01-13 15:56:00,14414.459999999961,14414.459999999961
2026-01-13 16:56:00,14414.459999999961,14414.459999999961
2026-01-13 17:56:00,14414.459999999961,14414.459999999961
2026-01-13 18:56:00,14414.459999999961,14414.459999999961
2026-01-13 19:56:00,14414.459999999961,14414.459999999961
2026-01-13 20:56:00,14414.459999999961,14414.459999999961
2026-01-13 21:56:00,14414.459999999961,14414.459999999961
2026-01-13 22:56:00,14414.459999999961,14414.459999999961
2026-01-13 23:56:00,14414.459999999961,14414.459999999961
2026-01-14 01:57:00,14414.459999999961,14414.459999999961
2026-01-14 02:57:00,14414.459999999961,14414.459999999961
2026-01-14 03:57:00,14414.459999999961,14414.459999999961
2026-01-14 04:57:00,14414.459999999961,14414.459999999961
2026-01-14 05:57:00,14414.459999999961,14414.459999999961
2026-01-14 06:57:00,14414.459999999961,14414.459999999961
2026-01-14 07:57:00,14412.91999999996,14366.279999999962
2026-01-14 08:57:00,14425.469999999956,14425.469999999956
2026-01-14 09:57:00,14425.469999999956,14425.469999999956
2026-01-14 10:57:00,14425.469999999956,14425.469999999956
2026-01-14 11:57:00,14425.469999999956,14425.469999999956
2026-01-14 12:57:00,14423.299999999956,14488.709999999974
2026-01-14 13:57:00,14436.999999999969,14436.999999999969
2026-01-14 14:57:00,14436.999999999969,14436.999999999969
2026-01-14 15:57:00,14436.999999999969,14436.999999999969
2026-01-14 16:57:00,14436.999999999969,14436.999999999969
2026-01-14 17:57:00,14436.999999999969,14436.999999999969
2026-01-14 18:57:00,14436.999999999969,14436.999999999969
2026-01-14 19:57:00,14436.999999999969,14436.999999999969
2026-01-14 20:57:00,14436.999999999969,14436.999999999969
2026-01-14 21:57:00,14436.999999999969,14436.999999999969
2026-01-14 22:57:00,14436.999999999969,14436.999999999969
2026-01-14 23:57:00,14436.999999999969,14436.999999999969
2026-01-15 01:58:00,14258.499999999964,14258.499999999964
2026-01-15 02:58:00,14258.499999999964,14258.499999999964
2026-01-15 03:58:00,14258.499999999964,14258.499999999964
2026-01-15 04:58:00,14258.499999999964,14258.499999999964
2026-01-15 05:58:00,14258.499999999964,14258.499999999964
2026-01-15 06:58:00,14258.499999999964,14258.499999999964
2026-01-15 07:58:00,14258.499999999964,14258.499999999964
2026-01-15 08:58:00,14258.499999999964,14258.499999999964
2026-01-15 09:58:00,14258.499999999964,14258.499999999964
2026-01-15 10:58:00,14258.499999999964,14258.499999999964
2026-01-15 11:58:00,14258.499999999964,14258.499999999964
2026-01-15 12:58:00,14258.499999999964,14258.499999999964
2026-01-15 13:58:00,14258.499999999964,14258.499999999964
2026-01-15 14:58:00,14258.499999999964,14258.499999999964
2026-01-15 15:58:00,14258.499999999964,14258.499999999964
2026-01-15 16:58:00,14258.499999999964,14258.499999999964
2026-01-15 17:58:00,14258.499999999964,14258.499999999964
2026-01-15 18:58:00,14258.499999999964,14258.499999999964
2026-01-15 19:58:00,14258.499999999964,14258.499999999964
2026-01-15 20:58:00,14258.499999999964,14258.499999999964
2026-01-15 21:58:00,14258.499999999964,14258.499999999964
2026-01-15 22:58:00,14258.499999999964,14258.499999999964
2026-01-15 23:58:00,14258.499999999964,14258.499999999964
2026-01-16 01:59:00,14258.499999999964,14258.499999999964
2026-01-16 02:59:00,14258.499999999964,14258.499999999964
2026-01-16 03:59:00,14258.499999999964,14258.499999999964
2026-01-16 04:59:00,14258.499999999964,14258.499999999964
2026-01-16 05:59:00,14258.499999999964,14258.499999999964
2026-01-16 06:59:00,14258.499999999964,14258.499999999964
2026-01-16 07:59:00,14258.499999999964,14258.499999999964
2026-01-16 08:59:00,14258.499999999964,14258.499999999964
2026-01-16 09:59:00,14258.499999999964,14258.499999999964
2026-01-16 10:59:00,14258.499999999964,14258.499999999964
2026-01-16 11:59:00,14258.499999999964,14258.499999999964
2026-01-16 12:59:00,14258.499999999964,14258.499999999964
2026-01-16 13:59:00,14258.499999999964,14258.499999999964
2026-01-16 14:59:00,14258.499999999964,14258.499999999964
2026-01-16 15:59:00,14258.499999999964,14258.499999999964
2026-01-16 16:59:00,14258.499999999964,14258.499999999964
2026-01-16 17:59:00,14258.499999999964,14258.499999999964
2026-01-16 18:59:00,14258.499999999964,14258.499999999964
2026-01-16 19:59:00,14258.499999999964,14258.499999999964
2026-01-16 20:59:00,14258.499999999964,14258.499999999964
2026-01-16 21:59:00,14258.499999999964,14258.499999999964
2026-01-16 22:59:00,14258.499999999964,14258.499999999964
2026-01-19 01:00:00,14258.499999999964,14258.499999999964
2026-01-19 02:00:00,14258.499999999964,14258.499999999964
2026-01-19 03:00:00,14258.499999999964,14258.499999999964
2026-01-19 04:00:00,14258.429999999964,14253.929999999964
2026-01-19 05:00:00,14257.939999999964,14344.849999999964
2026-01-19 06:00:00,14257.939999999964,14289.809999999963
2026-01-19 07:00:00,14257.939999999964,14337.889999999965
2026-01-19 08:00:00,14257.939999999964,14381.00999999996
2026-01-19 09:00:00,14257.939999999964,14423.889999999965
2026-01-19 10:00:00,14257.939999999964,14357.96999999996
2026-01-19 11:00:00,14257.939999999964,14326.769999999962
2026-01-19 12:00:00,14257.939999999964,14369.089999999962
2026-01-19 13:00:00,14257.939999999964,14333.64999999996
2026-01-19 14:00:00,14257.939999999964,14319.169999999964
2026-01-19 15:00:00,14257.939999999964,14403.809999999963
2026-01-19 16:00:00,14257.939999999964,14358.929999999966
2026-01-19 17:00:00,14257.939999999964,14364.769999999962
2026-01-19 18:00:00,14257.939999999964,14424.209999999965
2026-01-19 19:00:00,14257.939999999964,14403.64999999996
2026-01-19 20:00:00,14257.939999999964,14426.049999999961
2026-01-19 21:00:00,14257.939999999964,14427.889999999965
2026-01-20 01:06:00,14253.939999999964,14369.089999999962
2026-01-20 02:06:00,14253.939999999964,14345.889999999965
2026-01-20 03:06:00,14253.939999999964,14378.129999999963
2026-01-20 04:06:00,14253.939999999964,14385.169999999964
2026-01-20 05:06:00,14253.939999999964,14356.209999999965
2026-01-20 06:06:00,14282.249999999964,14472.209999999961
2026-01-20 07:06:00,14282.249999999964,14604.57999999996
2026-01-20 08:06:00,14395.489999999962,14704.249999999962
2026-01-20 09:06:00,14395.489999999962,14688.49999999996
2026-01-20 10:06:00,14395.489999999962,14718.29999999996
2026-01-20 11:06:00,14395.489999999962,14776.149999999961
2026-01-20 12:06:00,14395.489999999962,14780.299999999963
2026-01-20 13:06:00,14394.159999999962,14624.329999999958
2026-01-20 14:06:00,14265.719999999974,14653.429999999975
2026-01-20 15:06:00,14265.719999999974,14616.279999999973
2026-01-20 16:06:00,14350.649999999972,14669.719999999972
2026-01-20 17:06:00,14350.649999999972,14706.559999999972
2026-01-20 18:06:00,14375.87999999996,14684.589999999958
2026-01-20 19:06:00,14375.87999999996,14751.029999999957
2026-01-20 20:06:00,14375.87999999996,14802.029999999957
2026-01-20 21:06:00,14375.87999999996,14792.069999999958
2026-01-20 22:06:00,14375.87999999996,14781.189999999957
2026-01-20 23:06:00,14375.87999999996,14793.30999999996
2026-01-21 01:07:00,14369.87999999996,14795.029999999957
2026-01-21 02:07:00,14369.87999999996,14847.269999999959
2026-01-21 03:07:00,14794.529999999959,14931.279999999959
2026-01-21 04:07:00,14953.809999999958,14953.809999999958
2026-01-21 05:07:00,14953.809999999958,14953.809999999958
2026-01-21 06:07:00,14953.809999999958,14953.809999999958
2026-01-21 07:07:00,14953.809999999958,14953.809999999958
2026-01-21 08:07:00,14953.809999999958,14953.809999999958
2026-01-21 09:07:00,14885.16999999996,14885.16999999996
2026-01-21 10:07:00,14885.16999999996,14885.16999999996
2026-01-21 11:07:00,14885.16999999996,14885.16999999996
2026-01-21 12:07:00,14898.56999999996,14928.009999999962
2026-01-21 13:07:00,14898.56999999996,14949.529999999959
2026-01-21 14:07:00,14897.769999999957,14897.769999999957
2026-01-21 15:07:00,14897.769999999957,14897.769999999957
2026-01-21 16:07:00,14897.769999999957,14897.769999999957
2026-01-21 17:07:00,14897.769999999957,14897.769999999957
2026-01-21 18:07:00,14982.849999999955,15288.929999999957
2026-01-21 19:07:00,15050.769999999957,15050.769999999957
2026-01-21 20:07:00,15120.539999999964,15294.149999999965
2026-01-21 21:07:00,15371.079999999965,15448.359999999966
2026-01-21 22:07:00,15384.599999999966,15384.599999999966
2026-01-21 23:07:00,15384.599999999966,15384.599999999966
2026-01-22 01:08:00,15384.599999999966,15384.599999999966
2026-01-22 02:08:00,15384.599999999966,15384.599999999966
2026-01-22 03:08:00,15384.599999999966,15384.599999999966
2026-01-22 04:08:00,15384.599999999966,15384.599999999966
2026-01-22 05:08:00,15384.599999999966,15384.599999999966
2026-01-22 06:08:00,15384.599999999966,15384.599999999966
2026-01-22 07:08:00,15384.599999999966,15384.599999999966
2026-01-22 08:08:00,15384.039999999966,15354.43999999996
2026-01-22 09:08:00,15384.039999999966,15272.43999999996
2026-01-22 10:08:00,15239.399999999967,15239.399999999967
2026-01-22 11:08:00,15239.399999999967,15239.399999999967
2026-01-22 12:08:00,15302.699999999968,15428.39999999997
2026-01-22 13:08:00,15411.129999999968,15620.549999999968
2026-01-22 14:08:00,15468.519999999968,15583.95999999997
2026-01-22 15:08:00,15681.609999999962,15727.109999999955
2026-01-22 16:08:00,15703.309999999954,15703.309999999954
2026-01-22 17:08:00,15703.309999999954,15703.309999999954
2026-01-22 18:08:00,15703.309999999954,15703.309999999954
2026-01-22 19:08:00,15703.309999999954,15703.309999999954
2026-01-22 20:08:00,15703.309999999954,15703.309999999954
2026-01-22 21:08:00,15703.309999999954,15703.309999999954
2026-01-22 22:08:00,15703.309999999954,15703.309999999954
2026-01-22 23:08:00,15717.879999999952,15788.20999999995
2026-01-23 01:09:00,15895.179999999951,15895.179999999951
2026-01-23 02:09:00,15895.179999999951,15895.179999999951
2026-01-23 03:09:00,15894.199999999952,15911.139999999952
2026-01-23 04:09:00,15910.529999999957,15910.529999999957
2026-01-23 05:09:00,15910.529999999957,15910.529999999957
2026-01-23 06:09:00,15910.529999999957,15910.529999999957
2026-01-23 07:09:00,15910.529999999957,15910.529999999957
2026-01-23 08:09:00,15910.529999999957,15910.529999999957
2026-01-23 09:09:00,15910.529999999957,15910.529999999957
2026-01-23 10:09:00,15910.529999999957,15910.529999999957
2026-01-23 11:09:00,15910.529999999957,15910.529999999957
2026-01-23 12:09:00,15910.529999999957,15910.529999999957
2026-01-23 13:09:00,15910.529999999957,15910.529999999957
2026-01-23 14:09:00,15910.529999999957,15910.529999999957
2026-01-23 15:09:00,15910.529999999957,15910.529999999957
2026-01-23 16:09:00,15910.529999999957,15910.529999999957
2026-01-23 17:09:00,15910.529999999957,15910.529999999957
2026-01-23 18:09:00,15910.529999999957,15910.529999999957
2026-01-23 19:09:00,15910.529999999957,15910.529999999957
2026-01-23 20:09:00,15925.799999999956,15998.399999999958
2026-01-23 21:09:00,15957.539999999952,15957.539999999952
2026-01-23 22:09:00,15957.539999999952,15957.539999999952
2026-01-23 23:09:00,15957.539999999952,15957.539999999952
2026-01-26 01:10:00,15957.539999999952,15957.539999999952
2026-01-26 02:10:00,15957.539999999952,15957.539999999952
2026-01-26 03:10:00,15957.539999999952,15957.539999999952
2026-01-26 04:10:00,15957.539999999952,15957.539999999952
2026-01-26 05:10:00,15957.539999999952,15957.539999999952
2026-01-26 06:10:00,15957.539999999952,15957.539999999952
2026-01-26 07:10:00,15970.669999999947,15970.669999999947
2026-01-26 08:10:00,15970.669999999947,15970.669999999947
2026-01-26 09:10:00,15970.669999999947,15970.669999999947
2026-01-26 10:10:00,15970.669999999947,15970.669999999947
2026-01-26 11:10:00,15970.669999999947,15970.669999999947
2026-01-26 12:10:00,15970.669999999947,15970.669999999947
2026-01-26 13:10:00,15969.409999999947,15970.129999999946
2026-01-26 14:10:00,16023.849999999942,16023.849999999942
2026-01-26 15:10:00,16023.849999999942,16023.849999999942
2026-01-26 16:10:00,16023.849999999942,16023.849999999942
2026-01-26 17:10:00,16023.849999999942,16023.849999999942
2026-01-26 18:10:00,16023.849999999942,16023.849999999942
2026-01-26 19:10:00,16023.849999999942,16023.849999999942
2026-01-26 20:10:00,16023.849999999942,16023.849999999942
2026-01-26 21:10:00,16158.189999999942,16447.62999999994
2026-01-26 22:10:00,16156.389999999936,16156.389999999936
2026-01-26 23:10:00,16156.389999999936,16156.389999999936
2026-01-27 01:11:00,16352.37999999994,16450.23999999994
2026-01-27 02:11:00,16352.37999999994,16505.589999999942
2026-01-27 03:11:00,16157.21999999994,16347.839999999938
2026-01-27 04:11:00,16385.119999999937,16488.929999999935
2026-01-27 05:11:00,16401.749999999938,16497.749999999938
2026-01-27 06:11:00,16401.749999999938,16530.209999999937
2026-01-27 07:11:00,16401.749999999938,16448.189999999937
2026-01-27 08:11:00,16435.009999999937,16572.159999999938
2026-01-27 09:11:00,16435.009999999937,16634.559999999936
2026-01-27 10:11:00,16435.009999999937,16590.159999999934
2026-01-27 11:11:00,16435.009999999937,16598.659999999934
2026-01-27 12:11:00,16435.009999999937,16636.809999999936
2026-01-27 13:11:00,16435.009999999937,16609.209999999937
2026-01-27 14:11:00,16497.809999999936,16759.00999999993
2026-01-27 15:11:00,16583.359999999935,16836.25999999993
2026-01-27 16:11:00,16582.859999999935,16645.65999999993
2026-01-27 17:11:00,16582.359999999935,16582.359999999935
2026-01-27 18:11:00,16582.359999999935,16582.359999999935
2026-01-27 19:11:00,16582.359999999935,16582.359999999935
2026-01-27 20:11:00,16582.359999999935,16582.359999999935
2026-01-27 21:11:00,16582.359999999935,16582.359999999935
2026-01-27 22:11:00,16582.359999999935,16582.359999999935
2026-01-27 23:11:00,16582.359999999935,16582.359999999935
2026-01-28 01:12:00,16582.359999999935,16582.359999999935
2026-01-28 02:12:00,16582.359999999935,16582.359999999935
2026-01-28 03:12:00,16582.359999999935,16582.359999999935
2026-01-28 04:12:00,16582.359999999935,16582.359999999935
2026-01-28 05:12:00,16582.359999999935,16582.359999999935
2026-01-28 06:12:00,16582.359999999935,16582.359999999935
2026-01-28 07:12:00,16582.359999999935,16582.359999999935
2026-01-28 08:12:00,16582.359999999935,16582.359999999935
2026-01-28 09:12:00,16582.359999999935,16582.359999999935
2026-01-28 10:12:00,16582.359999999935,16582.359999999935
2026-01-28 11:12:00,16582.359999999935,16582.359999999935
2026-01-28 12:12:00,16582.359999999935,16582.359999999935
2026-01-28 13:12:00,16582.359999999935,16582.359999999935
2026-01-28 14:12:00,16582.359999999935,16582.359999999935
2026-01-28 15:12:00,16582.359999999935,16582.359999999935
2026-01-28 16:12:00,16582.359999999935,16582.359999999935
2026-01-28 17:12:00,16433.719999999932,16433.719999999932
2026-01-28 18:12:00,16433.719999999932,16433.719999999932
2026-01-28 19:12:00,16433.719999999932,16433.719999999932
2026-01-28 20:12:00,16433.719999999932,16433.719999999932
2026-01-28 21:12:00,16433.719999999932,16433.719999999932
2026-01-28 22:12:00,16433.719999999932,16433.719999999932
2026-01-28 23:12:00,16433.719999999932,16433.719999999932
2026-01-29 01:13:00,16433.719999999932,16433.719999999932
2026-01-29 02:13:00,16433.719999999932,16433.719999999932
2026-01-29 03:13:00,16433.719999999932,16433.719999999932
2026-01-29 04:13:00,16433.719999999932,16433.719999999932
2026-01-29 05:13:00,16433.719999999932,16433.719999999932
2026-01-29 06:13:00,16433.719999999932,16433.719999999932
2026-01-29 07:13:00,16433.719999999932,16433.719999999932
2026-01-29 08:13:00,16433.719999999932,16433.719999999932
2026-01-29 09:13:00,16433.719999999932,16433.719999999932
2026-01-29 10:13:00,16433.719999999932,16433.719999999932
2026-01-29 11:13:00,16367.06999999993,16367.06999999993
2026-01-29 12:13:00,16367.06999999993,16367.06999999993
2026-01-29 13:13:00,16367.06999999993,16367.06999999993
2026-01-29 14:13:00,16367.06999999993,16367.06999999993
2026-01-29 15:13:00,16367.06999999993,16367.06999999993
2026-01-29 16:13:00,16367.06999999993,16367.06999999993
2026-01-29 17:13:00,16367.06999999993,16367.06999999993
2026-01-29 18:13:00,16367.06999999993,16367.06999999993
2026-01-29 19:13:00,16367.06999999993,16367.06999999993
2026-01-29 20:13:00,16327.54999999993,16327.54999999993
2026-01-29 21:13:00,16327.54999999993,16327.54999999993
2026-01-29 22:13:00,16327.54999999993,16327.54999999993
2026-01-29 23:13:00,16327.54999999993,16327.54999999993
2026-01-30 01:14:00,16432.63999999993,16545.039999999928
2026-01-30 02:14:00,16432.63999999993,16545.13999999993
2026-01-30 03:14:00,16511.81999999993,16630.11999999993
2026-01-30 04:14:00,16511.81999999993,16726.629999999932
2026-01-30 05:14:00,16511.74999999993,16790.17999999993
2026-01-30 06:14:00,16511.74999999993,16724.71999999993
2026-01-30 07:14:00,16511.74999999993,16704.49999999993
2026-01-30 08:14:00,16511.74999999993,16770.83999999993
2026-01-30 09:14:00,16511.74999999993,16806.71999999993
2026-01-30 10:14:00,16511.74999999993,16861.25999999993
2026-01-30 11:14:00,16829.26999999993,17013.77999999993
2026-01-30 12:14:00,16829.26999999993,17003.81999999993
2026-01-30 13:14:00,16829.26999999993,16922.35999999993
2026-01-30 14:14:00,16829.26999999993,16913.67999999993
2026-01-30 15:14:00,16829.26999999993,16966.60999999993
2026-01-30 16:14:00,16829.26999999993,16989.31999999993
2026-01-30 17:14:00,16829.26999999993,17014.65999999993
2026-01-30 18:14:00,16829.26999999993,17011.99999999993
2026-01-30 19:14:00,17102.489999999932,17102.489999999932
2026-01-30 20:14:00,17102.489999999932,17102.489999999932
2026-01-30 21:14:00,17102.489999999932,17102.489999999932
2026-01-30 22:14:00,17102.489999999932,17102.489999999932
2026-01-30 23:14:00,17102.489999999932,17102.489999999932
2026-02-02 01:15:00,17102.349999999933,17068.26999999993
2026-02-02 02:15:00,17169.889999999934,17139.69999999993
2026-02-02 03:15:00,17267.999999999935,17547.859999999935
2026-02-02 04:15:00,17267.999999999935,17419.69999999993
2026-02-02 05:15:00,17267.999999999935,17540.639999999934
2026-02-02 06:15:00,17267.999999999935,17544.359999999935
2026-02-02 07:15:00,17267.999999999935,17571.679999999935
2026-02-02 08:15:00,17267.999999999935,17800.499999999935
2026-02-02 09:15:00,18053.659999999938,18053.659999999938
2026-02-02 10:15:00,18053.659999999938,18053.659999999938
2026-02-02 11:15:00,18053.659999999938,18053.659999999938
2026-02-02 12:15:00,18053.659999999938,18053.659999999938
2026-02-02 13:15:00,18053.659999999938,18053.659999999938
2026-02-02 14:15:00,18053.659999999938,18053.659999999938
2026-02-02 15:15:00,18053.659999999938,18053.659999999938
2026-02-02 16:15:00,18053.659999999938,18053.659999999938
2026-02-02 17:15:00,18053.659999999938,18053.659999999938
2026-02-02 18:15:00,18053.659999999938,18053.659999999938
2026-02-02 19:15:00,18053.659999999938,18053.659999999938
2026-02-02 20:15:00,18053.659999999938,18053.659999999938
2026-02-02 21:15:00,18053.659999999938,18053.659999999938
2026-02-02 22:15:00,18053.659999999938,18053.659999999938
2026-02-02 23:15:00,18053.659999999938,18053.659999999938
2026-02-03 01:16:00,18053.659999999938,18053.659999999938
2026-02-03 02:16:00,18053.659999999938,18053.659999999938
2026-02-03 03:16:00,18053.659999999938,18053.659999999938
2026-02-03 04:16:00,18053.659999999938,18053.659999999938
2026-02-03 05:16:00,18053.659999999938,18053.659999999938
2026-02-03 06:16:00,18053.659999999938,18053.659999999938
2026-02-03 07:16:00,18053.659999999938,18053.659999999938
2026-02-03 08:16:00,18053.659999999938,18053.659999999938
2026-02-03 09:16:00,18053.659999999938,18053.659999999938
2026-02-03 10:16:00,18053.659999999938,18053.659999999938
2026-02-03 11:16:00,18053.659999999938,18053.659999999938
2026-02-03 12:16:00,18053.659999999938,18053.659999999938
2026-02-03 13:16:00,18053.659999999938,18053.659999999938
2026-02-03 14:16:00,18053.659999999938,18053.659999999938
2026-02-03 15:16:00,18053.659999999938,18053.659999999938
2026-02-03 16:16:00,18053.659999999938,18053.659999999938
2026-02-03 17:16:00,18053.659999999938,18053.659999999938
2026-02-03 18:16:00,18053.659999999938,18053.659999999938
2026-02-03 19:16:00,18053.659999999938,18053.659999999938
2026-02-03 20:16:00,18053.659999999938,18053.659999999938
2026-02-03 21:16:00,18053.659999999938,18053.659999999938
2026-02-03 22:16:00,18053.659999999938,18053.659999999938
2026-02-03 23:16:00,18053.659999999938,18053.659999999938
2026-02-04 01:17:00,18053.659999999938,18053.659999999938
2026-02-04 02:17:00,18053.659999999938,18053.659999999938
2026-02-04 03:17:00,18053.659999999938,18053.659999999938
2026-02-04 04:17:00,18053.659999999938,18053.659999999938
2026-02-04 05:17:00,18053.659999999938,18053.659999999938
2026-02-04 06:17:00,18053.659999999938,18053.659999999938
2026-02-04 07:17:00,18053.659999999938,18053.659999999938
2026-02-04 08:17:00,18053.659999999938,18053.659999999938
2026-02-04 09:17:00,18053.659999999938,18053.659999999938
2026-02-04 10:17:00,18053.659999999938,18053.659999999938
2026-02-04 11:17:00,18053.659999999938,18053.659999999938
2026-02-04 12:17:00,18053.659999999938,18053.659999999938
2026-02-04 13:17:00,18053.659999999938,18053.659999999938
2026-02-04 14:17:00,18053.659999999938,18053.659999999938
2026-02-04 15:17:00,18053.659999999938,18053.659999999938
2026-02-04 16:17:00,18053.659999999938,18053.659999999938
2026-02-04 17:17:00,18053.659999999938,18053.659999999938
2026-02-04 18:17:00,18053.659999999938,18053.659999999938
2026-02-04 19:17:00,18053.659999999938,18053.659999999938
2026-02-04 20:17:00,18053.659999999938,18053.659999999938
2026-02-04 21:17:00,18053.659999999938,18053.659999999938
2026-02-04 22:17:00,18053.659999999938,18053.659999999938
2026-02-04 23:17:00,18053.659999999938,18053.659999999938
2026-02-05 01:18:00,18053.659999999938,18053.659999999938
2026-02-05 02:18:00,18053.659999999938,18053.659999999938
2026-02-05 03:18:00,18053.659999999938,18053.659999999938
2026-02-05 04:18:00,18053.659999999938,18053.659999999938
2026-02-05 05:18:00,18053.659999999938,18053.659999999938
2026-02-05 06:18:00,18053.659999999938,18053.659999999938
2026-02-05 07:18:00,18053.659999999938,18053.659999999938
2026-02-05 08:18:00,18053.659999999938,18053.659999999938
2026-02-05 09:18:00,18053.659999999938,18053.659999999938
2026-02-05 10:18:00,18053.659999999938,18053.659999999938
2026-02-05 11:18:00,18053.659999999938,18053.659999999938
2026-02-05 12:18:00,18053.659999999938,18053.659999999938
2026-02-05 13:18:00,18053.659999999938,18053.659999999938
2026-02-05 14:18:00,18053.659999999938,18053.659999999938
2026-02-05 15:18:00,18053.659999999938,18053.659999999938
2026-02-05 16:18:00,18053.659999999938,18053.659999999938
2026-02-05 17:18:00,18053.659999999938,18053.659999999938
2026-02-05 18:18:00,18053.659999999938,18053.659999999938
2026-02-05 19:18:00,18053.659999999938,18053.659999999938
2026-02-05 20:18:00,18053.659999999938,18053.659999999938
2026-02-05 21:18:00,18053.659999999938,18053.659999999938
2026-02-05 22:18:00,18053.659999999938,18053.659999999938
2026-02-05 23:18:00,18053.659999999938,18053.659999999938
2026-02-06 01:19:00,18053.659999999938,18053.659999999938
2026-02-06 02:19:00,18053.659999999938,18053.659999999938
2026-02-06 03:19:00,18053.659999999938,18053.659999999938
2026-02-06 04:19:00,18053.659999999938,18053.659999999938
2026-02-06 05:19:00,18053.659999999938,18053.659999999938
2026-02-06 06:19:00,18053.659999999938,18053.659999999938
2026-02-06 07:19:00,18053.659999999938,18053.659999999938
2026-02-06 08:19:00,18053.659999999938,18053.659999999938
2026-02-06 09:19:00,18053.659999999938,18053.659999999938
2026-02-06 10:19:00,18053.659999999938,18053.659999999938
2026-02-06 11:19:00,18053.659999999938,18053.659999999938
2026-02-06 12:19:00,18053.659999999938,18053.659999999938
2026-02-06 13:19:00,18053.659999999938,18053.659999999938
2026-02-06 14:19:00,18053.659999999938,18053.659999999938
2026-02-06 15:19:00,18053.659999999938,18053.659999999938
2026-02-06 16:19:00,18053.659999999938,18053.659999999938
2026-02-06 17:19:00,18053.37999999994,18046.899999999936
2026-02-06 18:19:00,18053.37999999994,18061.33999999994
2026-02-06 19:19:00,18074.62999999994,18074.62999999994
2026-02-06 20:19:00,18074.62999999994,18074.62999999994
2026-02-06 21:19:00,18074.62999999994,18074.62999999994
2026-02-06 22:19:00,18074.62999999994,18074.62999999994
2026-02-06 23:19:00,18074.62999999994,18074.62999999994
2026-02-09 01:20:00,18074.62999999994,18074.62999999994
2026-02-09 02:20:00,18074.62999999994,18074.62999999994
2026-02-09 03:20:00,18104.099999999933,18104.099999999933
2026-02-09 04:20:00,18104.099999999933,18104.099999999933
2026-02-09 05:20:00,18104.099999999933,18104.099999999933
2026-02-09 06:20:00,18104.099999999933,18104.099999999933
2026-02-09 07:20:00,18104.099999999933,18104.099999999933
2026-02-09 08:20:00,18104.099999999933,18104.099999999933
2026-02-09 09:20:00,18104.099999999933,18104.099999999933
2026-02-09 10:20:00,18104.099999999933,18104.099999999933
2026-02-09 11:20:00,18104.099999999933,18104.099999999933
2026-02-09 12:20:00,18104.099999999933,18104.099999999933
2026-02-09 13:20:00,18104.099999999933,18104.099999999933
2026-02-09 14:20:00,18104.099999999933,18104.099999999933
2026-02-09 15:20:00,18104.099999999933,18104.099999999933
2026-02-09 16:20:00,18104.099999999933,18104.099999999933
2026-02-09 17:20:00,18104.099999999933,18104.099999999933
2026-02-09 18:20:00,18104.099999999933,18104.099999999933
2026-02-09 19:20:00,18104.099999999933,18104.099999999933
2026-02-09 20:20:00,18121.629999999932,18116.55999999994
2026-02-09 21:20:00,18151.779999999933,18302.07999999993
2026-02-09 22:20:00,18212.079999999933,18411.50999999993
2026-02-09 23:20:00,18212.079999999933,18294.25999999993
2026-02-10 01:21:00,18211.379999999936,18211.379999999936
2026-02-10 02:21:00,18210.749999999935,18244.67999999994
2026-02-10 03:21:00,18274.469999999932,18358.81999999993
2026-02-10 04:21:00,18273.969999999932,18273.969999999932
2026-02-10 05:21:00,18273.969999999932,18273.969999999932
2026-02-10 06:21:00,18273.969999999932,18273.969999999932
2026-02-10 07:21:00,18273.969999999932,18273.969999999932
2026-02-10 08:21:00,18273.969999999932,18273.969999999932
2026-02-10 09:21:00,18273.969999999932,18273.969999999932
2026-02-10 10:21:00,18273.969999999932,18273.969999999932
2026-02-10 11:21:00,18273.969999999932,18273.969999999932
2026-02-10 12:21:00,18273.969999999932,18273.969999999932
2026-02-10 13:21:00,18273.969999999932,18273.969999999932
2026-02-10 14:21:00,18273.969999999932,18273.969999999932
2026-02-10 15:21:00,18273.969999999932,18273.969999999932
2026-02-10 16:21:00,18273.969999999932,18273.969999999932
2026-02-10 17:21:00,18273.969999999932,18273.969999999932
2026-02-10 18:21:00,18273.969999999932,18273.969999999932
2026-02-10 19:21:00,18273.969999999932,18273.969999999932
2026-02-10 20:21:00,18273.969999999932,18273.969999999932
2026-02-10 21:21:00,18273.969999999932,18273.969999999932
2026-02-10 22:21:00,18273.969999999932,18273.969999999932
2026-02-10 23:21:00,18273.969999999932,18273.969999999932
2026-02-11 01:22:00,18273.969999999932,18273.969999999932
2026-02-11 02:22:00,18273.969999999932,18273.969999999932
2026-02-11 03:22:00,18273.969999999932,18273.969999999932
2026-02-11 04:22:00,18273.969999999932,18273.969999999932
2026-02-11 05:22:00,18273.969999999932,18273.969999999932
2026-02-11 06:22:00,18273.969999999932,18273.969999999932
2026-02-11 07:22:00,18273.969999999932,18273.969999999932
2026-02-11 08:22:00,18273.969999999932,18273.969999999932
2026-02-11 09:22:00,18273.969999999932,18273.969999999932
2026-02-11 10:22:00,18273.969999999932,18273.969999999932
2026-02-11 11:22:00,18273.969999999932,18273.969999999932
2026-02-11 12:22:00,18273.969999999932,18273.969999999932
2026-02-11 13:22:00,18273.969999999932,18273.969999999932
2026-02-11 14:22:00,18273.969999999932,18273.969999999932
2026-02-11 15:22:00,18273.969999999932,18273.969999999932
2026-02-11 16:22:00,18273.969999999932,18273.969999999932
2026-02-11 17:22:00,18273.969999999932,18273.969999999932
2026-02-11 18:22:00,18273.969999999932,18273.969999999932
2026-02-11 19:22:00,18273.969999999932,18273.969999999932
2026-02-11 20:22:00,18273.969999999932,18273.969999999932
2026-02-11 21:22:00,18273.969999999932,18273.969999999932
2026-02-11 22:22:00,18273.969999999932,18273.969999999932
2026-02-11 23:22:00,18273.969999999932,18273.969999999932
2026-02-12 01:23:00,18273.969999999932,18273.969999999932
2026-02-12 02:23:00,18273.969999999932,18273.969999999932
2026-02-12 03:23:00,18273.969999999932,18273.969999999932
2026-02-12 04:23:00,18273.969999999932,18273.969999999932
2026-02-12 05:23:00,18273.969999999932,18273.969999999932
2026-02-12 06:23:00,18273.969999999932,18273.969999999932
2026-02-12 07:23:00,18273.969999999932,18273.969999999932
2026-02-12 08:23:00,18273.969999999932,18273.969999999932
2026-02-12 09:23:00,18273.969999999932,18273.969999999932
2026-02-12 10:23:00,18273.969999999932,18273.969999999932
2026-02-12 11:23:00,18273.969999999932,18273.969999999932
2026-02-12 12:23:00,18289.65999999993,18406.569999999927
2026-02-12 13:23:00,18322.599999999933,18438.239999999936
2026-02-12 14:23:00,18322.599999999933,18439.14999999993
2026-02-12 15:23:00,18396.219999999932,18396.219999999932
2026-02-12 16:23:00,18396.219999999932,18396.219999999932
2026-02-12 17:23:00,18396.219999999932,18396.219999999932
2026-02-12 18:23:00,18396.219999999932,18396.219999999932
2026-02-12 19:23:00,18396.219999999932,18396.219999999932
2026-02-12 20:23:00,18396.219999999932,18396.219999999932
2026-02-12 21:23:00,18396.219999999932,18396.219999999932
2026-02-12 22:23:00,18396.219999999932,18396.219999999932
2026-02-12 23:23:00,18396.219999999932,18396.219999999932
2026-02-13 01:24:00,18396.219999999932,18396.219999999932
2026-02-13 02:24:00,18396.219999999932,18396.219999999932
2026-02-13 03:24:00,18396.219999999932,18396.219999999932
2026-02-13 04:24:00,18396.009999999933,18393.06999999993
2026-02-13 05:24:00,18396.009999999933,18415.65999999993
2026-02-13 06:24:00,18396.009999999933,18375.81999999993
2026-02-13 07:24:00,18396.009999999933,18396.03999999993
2026-02-13 08:24:00,18395.379999999932,18415.059999999932
2026-02-13 09:24:00,18419.939999999933,18497.17999999993
2026-02-13 10:24:00,18469.059999999932,18561.97999999993
2026-02-13 11:24:00,18469.059999999932,18561.579999999933
2026-02-13 12:24:00,18505.409999999934,18541.019999999935
2026-02-13 13:24:00,18505.409999999934,18634.349999999933
2026-02-13 14:24:00,18505.409999999934,18538.67999999993
2026-02-13 15:24:00,18505.409999999934,18543.689999999933
2026-02-13 16:24:00,18505.409999999934,18448.139999999934
2026-02-13 17:24:00,18505.409999999934,18445.67999999993
2026-02-13 18:24:00,18516.60999999993,18564.819999999934
2026-02-13 19:24:00,18575.02999999993,18582.94999999993
2026-02-13 20:24:00,18575.02999999993,18597.449999999928
2026-02-13 21:24:00,18401.389999999927,18626.829999999925
2026-02-13 22:24:00,18401.389999999927,18575.30999999993
2026-02-13 23:24:00,18401.389999999927,18577.30999999993
2026-02-16 01:25:00,19158.86999999992,19158.86999999992
2026-02-16 02:25:00,19158.86999999992,19158.86999999992
2026-02-16 03:25:00,19158.86999999992,19158.86999999992
2026-02-16 04:25:00,19158.86999999992,19158.86999999992
2026-02-16 05:25:00,19158.86999999992,19158.86999999992
2026-02-16 06:25:00,19158.86999999992,19158.86999999992
2026-02-16 07:25:00,19158.86999999992,19158.86999999992
2026-02-16 08:25:00,19158.86999999992,19158.86999999992
2026-02-16 09:25:00,19158.86999999992,19158.86999999992
2026-02-16 10:25:00,19288.499999999916,19316.039999999917
2026-02-16 11:25:00,19303.61999999991,19303.61999999991
2026-02-16 12:25:00,19303.61999999991,19303.61999999991
2026-02-16 13:25:00,19303.61999999991,19303.61999999991
2026-02-16 14:25:00,19303.61999999991,19303.61999999991
2026-02-16 15:25:00,19303.61999999991,19303.61999999991
2026-02-16 16:25:00,19303.61999999991,19303.61999999991
2026-02-16 17:25:00,19300.67999999991,19423.319999999876
2026-02-16 18:25:00,19354.779999999893,19354.779999999893
2026-02-16 19:25:00,19354.779999999893,19354.779999999893
2026-02-16 20:25:00,19354.779999999893,19354.779999999893
2026-02-16 21:25:00,19354.779999999893,19354.779999999893
2026-02-17 01:54:00,19354.779999999893,19354.779999999893
2026-02-17 02:54:00,19354.779999999893,19354.779999999893
2026-02-17 03:54:00,19354.779999999893,19354.779999999893
2026-02-17 04:54:00,19354.779999999893,19354.779999999893
2026-02-17 05:54:00,19354.779999999893,19354.779999999893
2026-02-17 06:54:00,19354.779999999893,19354.779999999893
2026-02-17 07:54:00,19354.779999999893,19354.779999999893
2026-02-17 08:54:00,19354.779999999893,19354.779999999893
2026-02-17 09:54:00,19354.779999999893,19354.779999999893
2026-02-17 10:54:00,19354.779999999893,19354.779999999893
2026-02-17 11:54:00,19354.779999999893,19354.779999999893
2026-02-17 12:54:00,19354.779999999893,19354.779999999893
2026-02-17 13:54:00,19354.779999999893,19354.779999999893
2026-02-17 14:54:00,19354.779999999893,19354.779999999893
2026-02-17 15:54:00,19354.779999999893,19354.779999999893
2026-02-17 16:54:00,19354.779999999893,19354.779999999893
2026-02-17 17:54:00,19354.779999999893,19354.779999999893
2026-02-17 18:54:00,19354.779999999893,19354.779999999893
2026-02-17 19:54:00,19354.779999999893,19354.779999999893
2026-02-17 20:54:00,19354.779999999893,19354.779999999893
2026-02-17 21:54:00,19354.779999999893,19354.779999999893
2026-02-17 22:54:00,19354.779999999893,19354.779999999893
2026-02-17 23:54:00,19354.779999999893,19354.779999999893
2026-02-18 01:55:00,19354.779999999893,19354.779999999893
2026-02-18 02:55:00,19354.779999999893,19354.779999999893
2026-02-18 03:55:00,19354.779999999893,19354.779999999893
2026-02-18 04:55:00,19354.779999999893,19354.779999999893
2026-02-18 05:55:00,19354.779999999893,19354.779999999893
2026-02-18 06:55:00,19354.779999999893,19354.779999999893
2026-02-18 07:55:00,19354.779999999893,19354.779999999893
2026-02-18 08:55:00,19354.779999999893,19354.779999999893
2026-02-18 09:55:00,19354.779999999893,19354.779999999893
2026-02-18 10:55:00,19354.779999999893,19354.779999999893
2026-02-18 11:55:00,19354.779999999893,19354.779999999893
2026-02-18 12:55:00,19354.779999999893,19354.779999999893
2026-02-18 13:55:00,19354.779999999893,19354.779999999893
2026-02-18 14:55:00,19354.779999999893,19354.779999999893
2026-02-18 15:55:00,19354.779999999893,19354.779999999893
2026-02-18 16:55:00,19354.779999999893,19354.779999999893
2026-02-18 17:55:00,19354.779999999893,19354.779999999893
2026-02-18 18:55:00,19354.779999999893,19354.779999999893
2026-02-18 19:55:00,19354.779999999893,19354.779999999893
2026-02-18 20:55:00,19354.779999999893,19354.779999999893
2026-02-18 21:55:00,19353.379999999896,19392.179999999906
2026-02-18 22:55:00,19384.879999999896,19422.159999999894
2026-02-18 23:55:00,19383.279999999904,19383.279999999904
2026-02-19 01:56:00,19383.279999999904,19383.279999999904
2026-02-19 02:56:00,19383.279999999904,19383.279999999904
2026-02-19 03:56:00,19383.279999999904,19383.279999999904
2026-02-19 04:56:00,19383.279999999904,19383.279999999904
2026-02-19 05:56:00,19383.279999999904,19383.279999999904
2026-02-19 06:56:00,19383.279999999904,19383.279999999904
2026-02-19 07:56:00,19383.279999999904,19383.279999999904
2026-02-19 08:56:00,19383.279999999904,19383.279999999904
2026-02-19 09:56:00,19381.109999999906,19269.199999999888
2026-02-19 10:56:00,19206.579999999907,19206.579999999907
2026-02-19 11:56:00,19206.579999999907,19206.579999999907
2026-02-19 12:56:00,19206.579999999907,19206.579999999907
2026-02-19 13:56:00,19206.579999999907,19206.579999999907
2026-02-19 14:56:00,19206.579999999907,19206.579999999907
2026-02-19 15:56:00,19206.579999999907,19206.579999999907
2026-02-19 16:56:00,19206.579999999907,19206.579999999907
2026-02-19 17:56:00,19206.579999999907,19206.579999999907
2026-02-19 18:56:00,19446.44999999991,19446.44999999991
2026-02-19 19:56:00,19446.44999999991,19446.44999999991
2026-02-19 20:56:00,19446.44999999991,19446.44999999991
2026-02-19 21:56:00,19446.44999999991,19446.44999999991
2026-02-19 22:56:00,19446.44999999991,19446.44999999991
2026-02-19 23:56:00,19446.44999999991,19446.44999999991
2026-02-20 01:57:00,19446.44999999991,19446.44999999991
2026-02-20 02:57:00,19446.44999999991,19446.44999999991
2026-02-20 03:57:00,19446.44999999991,19446.44999999991
2026-02-20 04:57:00,19446.44999999991,19446.44999999991
2026-02-20 05:57:00,19446.44999999991,19446.44999999991
2026-02-20 06:57:00,19446.44999999991,19446.44999999991
2026-02-20 07:57:00,19446.44999999991,19446.44999999991
2026-02-20 08:57:00,19446.44999999991,19446.44999999991
2026-02-20 09:57:00,19446.44999999991,19446.44999999991
2026-02-20 10:57:00,19446.44999999991,19446.44999999991
2026-02-20 11:57:00,19446.44999999991,19446.44999999991
2026-02-20 12:57:00,19446.44999999991,19446.44999999991
2026-02-20 13:57:00,19446.44999999991,19446.44999999991
2026-02-20 14:57:00,19446.44999999991,19446.44999999991
2026-02-20 15:57:00,19446.44999999991,19446.44999999991
2026-02-20 16:57:00,19446.44999999991,19446.44999999991
2026-02-20 17:57:00,19270.499999999905,19270.499999999905
2026-02-20 18:57:00,19270.499999999905,19270.499999999905
2026-02-20 19:57:00,19270.499999999905,19270.499999999905
2026-02-20 20:57:00,19270.499999999905,19270.499999999905
2026-02-20 21:57:00,19270.499999999905,19270.499999999905
2026-02-20 22:57:00,19270.499999999905,19270.499999999905
2026-02-20 23:57:00,19270.499999999905,19270.499999999905
2026-02-23 01:58:00,19270.499999999905,19270.499999999905
2026-02-23 02:58:00,19270.499999999905,19270.499999999905
2026-02-23 03:58:00,19270.499999999905,19270.499999999905
2026-02-23 04:58:00,19270.499999999905,19270.499999999905
2026-02-23 05:58:00,19270.499999999905,19270.499999999905
2026-02-23 06:58:00,19270.499999999905,19270.499999999905
2026-02-23 07:58:00,19270.499999999905,19270.499999999905
2026-02-23 08:58:00,19270.499999999905,19270.499999999905
2026-02-23 09:58:00,19270.499999999905,19270.499999999905
2026-02-23 10:58:00,19270.499999999905,19270.499999999905
2026-02-23 11:58:00,19270.499999999905,19270.499999999905
2026-02-23 12:58:00,19270.499999999905,19270.499999999905
2026-02-23 13:58:00,19270.499999999905,19270.499999999905
2026-02-23 14:58:00,19270.499999999905,19270.499999999905
2026-02-23 15:58:00,19270.499999999905,19270.499999999905
2026-02-23 16:58:00,19270.499999999905,19270.499999999905
2026-02-23 17:58:00,19270.499999999905,19270.499999999905
2026-02-23 18:58:00,19270.499999999905,19270.499999999905
2026-02-23 19:58:00,19329.079999999907,19574.3799999999
2026-02-23 20:58:00,19329.079999999907,19621.899999999914
2026-02-23 21:58:00,19450.099999999908,19764.17999999991
2026-02-23 22:58:00,19631.65999999991,20040.659999999905
2026-02-23 23:58:00,19761.899999999903,20078.099999999904
2026-02-24 01:59:00,20261.199999999906,20261.199999999906
2026-02-24 02:59:00,20261.199999999906,20261.199999999906
2026-02-24 03:59:00,20090.499999999905,20090.499999999905
2026-02-24 04:59:00,20090.499999999905,20090.499999999905
2026-02-24 05:59:00,20090.499999999905,20090.499999999905
2026-02-24 06:59:00,20090.499999999905,20090.499999999905
2026-02-24 07:59:00,20090.499999999905,20090.499999999905
2026-02-24 08:59:00,20090.499999999905,20090.499999999905
2026-02-24 09:59:00,20099.089999999906,20099.089999999906
2026-02-24 10:59:00,20099.089999999906,20099.089999999906
2026-02-24 11:59:00,20099.089999999906,20099.089999999906
2026-02-24 12:59:00,20099.089999999906,20099.089999999906
2026-02-24 13:59:00,20099.089999999906,20099.089999999906
2026-02-24 14:59:00,20099.089999999906,20099.089999999906
2026-02-24 15:59:00,20099.089999999906,20099.089999999906
2026-02-24 16:59:00,20099.089999999906,20099.089999999906
2026-02-24 17:59:00,20099.089999999906,20099.089999999906
2026-02-24 18:59:00,20099.089999999906,20099.089999999906
2026-02-24 19:59:00,20099.089999999906,20099.089999999906
2026-02-24 20:59:00,20099.089999999906,20099.089999999906
2026-02-24 21:59:00,20117.359999999917,20117.359999999917
2026-02-24 22:59:00,20117.359999999917,20117.359999999917
2026-02-25 01:00:00,20117.359999999917,20117.359999999917
2026-02-25 02:00:00,19933.75999999992,19933.75999999992
2026-02-25 03:00:00,19933.75999999992,19933.75999999992
2026-02-25 04:00:00,19933.75999999992,19933.75999999992
2026-02-25 05:00:00,19950.519999999917,20071.479999999916
2026-02-25 06:00:00,19950.519999999917,20025.71999999992
2026-02-25 07:00:00,19949.719999999925,19949.719999999925
2026-02-25 08:00:00,19949.719999999925,19949.719999999925
2026-02-25 09:00:00,19949.719999999925,19949.719999999925
2026-02-25 10:00:00,19949.719999999925,19949.719999999925
2026-02-25 11:00:00,19949.719999999925,19949.719999999925
2026-02-25 12:00:00,19949.719999999925,19949.719999999925
2026-02-25 13:00:00,19949.719999999925,19949.719999999925
2026-02-25 14:00:00,19972.72999999994,19972.72999999994
2026-02-25 15:00:00,19972.72999999994,19972.72999999994
2026-02-25 16:00:00,19972.72999999994,19972.72999999994
2026-02-25 17:00:00,19972.72999999994,19972.72999999994
2026-02-25 18:00:00,19972.72999999994,19972.72999999994
2026-02-25 19:00:00,19971.39999999994,19967.409999999923
2026-02-25 20:00:00,20022.15999999993,20065.90999999993
2026-02-25 21:00:00,20054.649999999932,20098.92999999993
2026-02-25 22:00:00,20126.849999999933,20126.849999999933
2026-02-25 23:00:00,20126.849999999933,20126.849999999933
2026-02-26 01:01:00,20126.849999999933,20126.849999999933
2026-02-26 02:01:00,20126.849999999933,20126.849999999933
2026-02-26 03:01:00,20126.849999999933,20126.849999999933
2026-02-26 04:01:00,20143.169999999933,20259.969999999936
2026-02-26 05:01:00,20142.36999999994,20142.36999999994
2026-02-26 06:01:00,20142.36999999994,20142.36999999994
2026-02-26 07:01:00,20142.36999999994,20142.36999999994
2026-02-26 08:01:00,20142.36999999994,20142.36999999994
2026-02-26 09:01:00,20142.36999999994,20142.36999999994
2026-02-26 10:01:00,20142.36999999994,20142.36999999994
2026-02-26 11:01:00,20142.36999999994,20142.36999999994
2026-02-26 12:01:00,20142.36999999994,20142.36999999994
2026-02-26 13:01:00,20142.36999999994,20142.36999999994
2026-02-26 14:01:00,20142.36999999994,20142.36999999994
2026-02-26 15:01:00,20142.36999999994,20142.36999999994
2026-02-26 16:01:00,20142.36999999994,20142.36999999994
2026-02-26 17:01:00,20142.36999999994,20142.36999999994
2026-02-26 18:01:00,20142.36999999994,20142.36999999994
2026-02-26 19:01:00,20142.36999999994,20142.36999999994
2026-02-26 20:01:00,20141.80999999994,20114.049999999937
2026-02-26 21:01:00,20141.80999999994,20230.929999999942
2026-02-26 22:01:00,20172.86999999994,20273.12999999994
2026-02-26 23:01:00,20172.86999999994,20321.90999999994
2026-02-27 01:02:00,20169.86999999994,20208.20999999994
2026-02-27 02:02:00,20169.86999999994,20225.36999999994
2026-02-27 03:02:00,20169.269999999946,20169.269999999946
2026-02-27 04:02:00,20191.469999999943,20191.469999999943
2026-02-27 05:02:00,20191.469999999943,20191.469999999943
2026-02-27 06:02:00,20209.79999999993,20209.79999999993
2026-02-27 07:02:00,20209.79999999993,20209.79999999993
2026-02-27 08:02:00,20209.79999999993,20209.79999999993
2026-02-27 09:02:00,20209.79999999993,20209.79999999993
2026-02-27 10:02:00,20209.79999999993,20209.79999999993
2026-02-27 11:02:00,20209.79999999993,20209.79999999993
2026-02-27 12:02:00,20209.79999999993,20209.79999999993
2026-02-27 13:02:00,20209.79999999993,20209.79999999993
2026-02-27 14:02:00,20209.79999999993,20209.79999999993
2026-02-27 15:02:00,20209.79999999993,20209.79999999993
2026-02-27 16:02:00,20209.79999999993,20209.79999999993
2026-02-27 17:02:00,20209.79999999993,20209.79999999993
2026-02-27 18:02:00,20209.79999999993,20209.79999999993
2026-02-27 19:02:00,20209.79999999993,20209.79999999993
2026-02-27 20:02:00,20209.79999999993,20209.79999999993
2026-02-27 21:02:00,20209.79999999993,20209.79999999993
2026-02-27 22:02:00,20209.79999999993,20209.79999999993
2026-02-27 23:02:00,20209.79999999993,20209.79999999993
2026-03-02 01:03:00,20209.79999999993,20209.79999999993
2026-03-02 02:03:00,20209.79999999993,20209.79999999993
2026-03-02 03:03:00,20209.239999999932,20007.759999999937
2026-03-02 04:03:00,20209.239999999932,20066.719999999936
2026-03-02 05:03:00,20209.239999999932,20298.79999999993
2026-03-02 06:03:00,20209.239999999932,20380.399999999936
2026-03-02 07:03:00,20209.239999999932,20287.51999999993
2026-03-02 08:03:00,20209.239999999932,20386.639999999934
2026-03-02 09:03:00,20270.689999999933,20548.69999999993
2026-03-02 10:03:00,20393.599999999933,20637.739999999932
2026-03-02 11:03:00,20393.599999999933,20609.179999999935
2026-03-02 12:03:00,20393.599999999933,20561.899999999932
2026-03-02 13:03:00,20393.599999999933,20580.659999999934
2026-03-02 14:03:00,20393.599999999933,20564.859999999935
2026-03-02 15:03:00,20393.599999999933,20621.339999999935
2026-03-02 16:03:00,20393.599999999933,20564.419999999933
2026-03-02 17:03:00,20466.939999999937,20466.939999999937
2026-03-02 18:03:00,20466.939999999937,20466.939999999937
2026-03-02 19:03:00,20466.939999999937,20466.939999999937
2026-03-02 20:03:00,20466.939999999937,20466.939999999937
2026-03-02 21:03:00,20466.939999999937,20466.939999999937
2026-03-02 22:03:00,20466.939999999937,20466.939999999937
2026-03-02 23:03:00,20466.939999999937,20466.939999999937
2026-03-03 01:04:00,20466.939999999937,20466.939999999937
2026-03-03 02:04:00,20466.939999999937,20466.939999999937
2026-03-03 03:04:00,20466.729999999938,20444.01999999994
2026-03-03 04:04:00,20466.729999999938,20489.709999999937
2026-03-03 05:04:00,20466.729999999938,20426.139999999938
2026-03-03 06:04:00,20466.729999999938,20437.959999999937
2026-03-03 07:04:00,20466.729999999938,20446.83999999994
2026-03-03 08:04:00,20500.319999999938,20577.73999999994
2026-03-03 09:04:00,20500.319999999938,20582.499999999938
2026-03-03 10:04:00,20500.319999999938,20547.299999999937
2026-03-03 11:04:00,20500.319999999938,20632.23999999994
2026-03-03 12:04:00,20668.279999999937,20668.279999999937
2026-03-03 13:04:00,20668.279999999937,20668.279999999937
2026-03-03 14:04:00,20668.279999999937,20668.279999999937
2026-03-03 15:04:00,20667.719999999936,20646.119999999937
2026-03-03 16:04:00,20482.83999999993,20482.83999999993
2026-03-03 17:04:00,20482.83999999993,20482.83999999993
2026-03-03 18:04:00,20404.119999999933,20404.119999999933
2026-03-03 19:04:00,20404.119999999933,20404.119999999933
2026-03-03 20:04:00,20404.119999999933,20404.119999999933
2026-03-03 21:04:00,20404.119999999933,20404.119999999933
2026-03-03 22:04:00,20404.119999999933,20404.119999999933
2026-03-03 23:04:00,20404.119999999933,20404.119999999933
2026-03-04 01:05:00,20404.119999999933,20404.119999999933
2026-03-04 02:05:00,20404.119999999933,20404.119999999933
2026-03-04 03:05:00,20404.119999999933,20404.119999999933
2026-03-04 04:05:00,20404.119999999933,20404.119999999933
2026-03-04 05:05:00,20404.119999999933,20404.119999999933
2026-03-04 06:05:00,20404.119999999933,20404.119999999933
2026-03-04 07:05:00,20404.119999999933,20404.119999999933
2026-03-04 08:05:00,20404.119999999933,20404.119999999933
2026-03-04 09:05:00,20404.119999999933,20404.119999999933
2026-03-04 10:05:00,20404.119999999933,20404.119999999933
2026-03-04 11:05:00,20404.119999999933,20404.119999999933
2026-03-04 12:05:00,20404.119999999933,20404.119999999933
2026-03-04 13:05:00,20404.119999999933,20404.119999999933
2026-03-04 14:05:00,20404.119999999933,20404.119999999933
2026-03-04 15:05:00,20404.119999999933,20404.119999999933
2026-03-04 16:05:00,20435.059999999932,20495.239999999932
2026-03-04 17:05:00,20434.45999999993,20434.45999999993
2026-03-04 18:05:00,20491.22999999993,20555.69999999993
2026-03-04 19:05:00,20491.22999999993,20592.589999999927
2026-03-04 20:05:00,20567.92999999993,20716.97999999993
2026-03-04 21:05:00,20567.92999999993,20731.92999999993
2026-03-04 22:05:00,20567.92999999993,20710.929999999935
2026-03-04 23:05:00,20567.92999999993,20685.67999999993
2026-03-05 01:06:00,20568.67999999993,20622.729999999934
2026-03-05 02:06:00,20568.179999999935,20568.179999999935
2026-03-05 03:06:00,20568.179999999935,20568.179999999935
2026-03-05 04:06:00,20568.179999999935,20568.179999999935
2026-03-05 05:06:00,20568.179999999935,20568.179999999935
2026-03-05 06:06:00,20568.179999999935,20568.179999999935
2026-03-05 07:06:00,20568.179999999935,20568.179999999935
2026-03-05 08:06:00,20568.179999999935,20568.179999999935
2026-03-05 09:06:00,20568.179999999935,20568.179999999935
2026-03-05 10:06:00,20568.179999999935,20568.179999999935
2026-03-05 11:06:00,20568.179999999935,20568.179999999935
2026-03-05 12:06:00,20568.179999999935,20568.179999999935
2026-03-05 13:06:00,20568.179999999935,20568.179999999935
2026-03-05 14:06:00,20568.179999999935,20568.179999999935
2026-03-05 15:06:00,20588.109999999924,20588.109999999924
2026-03-05 16:06:00,20588.109999999924,20588.109999999924
2026-03-05 17:06:00,20588.109999999924,20588.109999999924
2026-03-05 18:06:00,20588.109999999924,20588.109999999924
2026-03-05 19:06:00,20588.109999999924,20588.109999999924
2026-03-05 20:06:00,20588.109999999924,20588.109999999924
2026-03-05 21:06:00,20588.109999999924,20588.109999999924
2026-03-05 22:06:00,20588.109999999924,20588.109999999924
2026-03-05 23:06:00,20588.109999999924,20588.109999999924
2026-03-06 01:07:00,20588.109999999924,20588.109999999924
2026-03-06 02:07:00,20588.109999999924,20588.109999999924
2026-03-06 03:07:00,20588.109999999924,20588.109999999924
2026-03-06 04:07:00,20588.109999999924,20588.109999999924
2026-03-06 05:07:00,20588.109999999924,20588.109999999924
2026-03-06 06:07:00,20588.109999999924,20588.109999999924
2026-03-06 07:07:00,20588.109999999924,20588.109999999924
2026-03-06 08:07:00,20403.14999999993,20403.14999999993
2026-03-06 09:07:00,20403.14999999993,20403.14999999993
2026-03-06 10:07:00,20558.07999999994,20726.07999999995
2026-03-06 11:07:00,20556.579999999947,20556.579999999947
2026-03-06 12:07:00,20556.579999999947,20556.579999999947
2026-03-06 13:07:00,20556.579999999947,20556.579999999947
2026-03-06 14:07:00,20556.579999999947,20556.579999999947
2026-03-06 15:07:00,20556.579999999947,20556.579999999947
2026-03-06 16:07:00,20556.579999999947,20556.579999999947
2026-03-06 17:07:00,20556.579999999947,20556.579999999947
2026-03-06 18:07:00,20556.579999999947,20556.579999999947
2026-03-06 19:07:00,20589.789999999946,20607.289999999946
2026-03-06 20:07:00,20589.789999999946,20702.20999999995
2026-03-06 21:07:00,20657.469999999947,20851.36999999995
2026-03-06 22:07:00,20657.469999999947,20823.01999999995
2026-03-06 23:07:00,20657.469999999947,20848.56999999995
2026-03-09 00:08:00,20791.029999999948,20791.029999999948
2026-03-09 01:08:00,20791.029999999948,20791.029999999948
2026-03-09 02:08:00,20791.029999999948,20791.029999999948
2026-03-09 03:08:00,20791.029999999948,20791.029999999948
2026-03-09 04:08:00,20791.029999999948,20791.029999999948
2026-03-09 05:08:00,20791.029999999948,20791.029999999948
2026-03-09 06:08:00,20791.029999999948,20791.029999999948
2026-03-09 07:08:00,20791.029999999948,20791.029999999948
2026-03-09 08:08:00,20791.029999999948,20791.029999999948
2026-03-09 09:08:00,20791.029999999948,20791.029999999948
2026-03-09 10:08:00,20791.029999999948,20791.029999999948
2026-03-09 11:08:00,20791.029999999948,20791.029999999948
2026-03-09 12:08:00,20791.029999999948,20791.029999999948
2026-03-09 13:08:00,20791.029999999948,20791.029999999948
2026-03-09 14:08:00,20791.029999999948,20791.029999999948
2026-03-09 15:08:00,20791.029999999948,20791.029999999948
2026-03-09 16:08:00,20791.029999999948,20791.029999999948
2026-03-09 17:08:00,20791.029999999948,20791.029999999948
2026-03-09 18:08:00,20791.029999999948,20791.029999999948
2026-03-09 19:08:00,20791.029999999948,20791.029999999948
2026-03-09 20:08:00,20791.029999999948,20791.029999999948
2026-03-09 21:08:00,20791.029999999948,20791.029999999948
2026-03-09 22:08:00,20791.029999999948,20791.029999999948
2026-03-10 00:09:00,20791.029999999948,20791.029999999948
2026-03-10 01:09:00,20791.029999999948,20791.029999999948
2026-03-10 02:09:00,20791.029999999948,20791.029999999948
2026-03-10 03:09:00,20791.029999999948,20791.029999999948
2026-03-10 04:09:00,20791.029999999948,20791.029999999948
2026-03-10 05:09:00,20791.029999999948,20791.029999999948
2026-03-10 06:09:00,20788.369999999948,20772.029999999937
2026-03-10 07:09:00,20973.229999999938,21077.179999999935
2026-03-10 08:09:00,20973.229999999938,21166.939999999933
2026-03-10 09:09:00,20973.229999999938,21134.929999999935
2026-03-10 10:09:00,21231.39999999993,21231.39999999993
2026-03-10 11:09:00,21231.39999999993,21231.39999999993
2026-03-10 12:09:00,21231.39999999993,21231.39999999993
2026-03-10 13:09:00,21231.39999999993,21231.39999999993
2026-03-10 14:09:00,21231.39999999993,21231.39999999993
2026-03-10 15:09:00,21231.39999999993,21231.39999999993
2026-03-10 16:09:00,21231.39999999993,21231.39999999993
2026-03-10 17:09:00,21231.39999999993,21231.39999999993
2026-03-10 18:09:00,21231.39999999993,21231.39999999993
2026-03-10 19:09:00,21231.39999999993,21231.39999999993
2026-03-10 20:09:00,21231.39999999993,21231.39999999993
2026-03-10 21:09:00,21231.39999999993,21231.39999999993
2026-03-10 22:09:00,21231.39999999993,21231.39999999993
2026-03-11 00:10:00,21231.39999999993,21231.39999999993
2026-03-11 01:10:00,21231.39999999993,21231.39999999993
2026-03-11 02:10:00,21231.39999999993,21231.39999999993
2026-03-11 03:10:00,21231.39999999993,21231.39999999993
2026-03-11 04:10:00,21229.999999999927,21148.599999999933
2026-03-11 05:10:00,21251.64999999994,21251.64999999994
2026-03-11 06:10:00,21251.64999999994,21251.64999999994
2026-03-11 07:10:00,21251.64999999994,21251.64999999994
2026-03-11 08:10:00,21251.64999999994,21251.64999999994
2026-03-11 09:10:00,21251.64999999994,21251.64999999994
2026-03-11 10:10:00,21251.64999999994,21251.64999999994
2026-03-11 11:10:00,21251.64999999994,21251.64999999994
2026-03-11 12:10:00,21251.64999999994,21251.64999999994
2026-03-11 13:10:00,21251.64999999994,21251.64999999994
2026-03-11 14:10:00,21251.64999999994,21251.64999999994
2026-03-11 15:10:00,21251.64999999994,21251.64999999994
2026-03-11 16:10:00,21251.64999999994,21251.64999999994
2026-03-11 17:10:00,21251.64999999994,21251.64999999994
2026-03-11 18:10:00,21251.64999999994,21251.64999999994
2026-03-11 19:10:00,21251.64999999994,21251.64999999994
2026-03-11 20:10:00,21427.53999999994,21737.069999999945
2026-03-11 21:10:00,21520.23999999994,21775.629999999946
2026-03-11 22:10:00,21606.789999999943,21869.529999999948
2026-03-12 00:11:00,21599.289999999943,21775.629999999943
2026-03-12 01:11:00,21647.099999999948,21647.099999999948
2026-03-12 02:11:00,21647.099999999948,21647.099999999948
2026-03-12 03:11:00,21647.099999999948,21647.099999999948
2026-03-12 04:11:00,21647.099999999948,21647.099999999948
2026-03-12 05:11:00,21647.099999999948,21647.099999999948
2026-03-12 06:11:00,21647.099999999948,21647.099999999948
2026-03-12 07:11:00,21647.099999999948,21647.099999999948
2026-03-12 08:11:00,21647.099999999948,21647.099999999948
2026-03-12 09:11:00,21647.099999999948,21647.099999999948
2026-03-12 10:11:00,21647.099999999948,21647.099999999948
2026-03-12 11:11:00,21647.099999999948,21647.099999999948
2026-03-12 12:11:00,21647.099999999948,21647.099999999948
2026-03-12 13:11:00,21647.099999999948,21647.099999999948
2026-03-12 14:11:00,21647.099999999948,21647.099999999948
2026-03-12 15:11:00,21647.099999999948,21647.099999999948
2026-03-12 16:11:00,21647.099999999948,21647.099999999948
2026-03-12 17:11:00,21647.099999999948,21647.099999999948
2026-03-12 18:11:00,21647.099999999948,21647.099999999948
2026-03-12 19:11:00,21647.099999999948,21647.099999999948
2026-03-12 20:11:00,21647.099999999948,21647.099999999948
2026-03-12 21:11:00,21647.099999999948,21647.099999999948
2026-03-12 22:11:00,21647.099999999948,21647.099999999948
2026-03-13 00:12:00,21647.099999999948,21647.099999999948
2026-03-13 01:12:00,21647.099999999948,21647.099999999948
2026-03-13 02:12:00,21647.099999999948,21647.099999999948
2026-03-13 03:12:00,21647.099999999948,21647.099999999948
2026-03-13 04:12:00,21647.099999999948,21647.099999999948
2026-03-13 05:12:00,21452.009999999955,21452.009999999955
2026-03-13 06:12:00,21452.009999999955,21452.009999999955
2026-03-13 07:12:00,21452.009999999955,21452.009999999955
2026-03-13 08:12:00,21452.009999999955,21452.009999999955
2026-03-13 09:12:00,21452.009999999955,21452.009999999955
2026-03-13 10:12:00,21452.009999999955,21452.009999999955
2026-03-13 11:12:00,21452.009999999955,21452.009999999955
2026-03-13 12:12:00,21452.009999999955,21452.009999999955
2026-03-13 13:12:00,21452.009999999955,21452.009999999955
2026-03-13 14:12:00,21452.009999999955,21452.009999999955
2026-03-13 15:12:00,21452.009999999955,21452.009999999955
2026-03-13 16:12:00,21452.009999999955,21452.009999999955
2026-03-13 17:12:00,21485.709999999952,21733.029999999948
2026-03-13 18:12:00,21484.50999999995,21484.50999999995
2026-03-13 19:12:00,21484.50999999995,21484.50999999995
2026-03-13 20:12:00,21484.50999999995,21484.50999999995
2026-03-13 21:12:00,21484.50999999995,21484.50999999995
2026-03-13 22:12:00,21484.50999999995,21484.50999999995
2026-03-16 00:13:00,21484.50999999995,21484.50999999995
2026-03-16 01:13:00,21484.50999999995,21484.50999999995
2026-03-16 02:13:00,21484.50999999995,21484.50999999995
2026-03-16 03:13:00,21484.50999999995,21484.50999999995
2026-03-16 04:13:00,21484.50999999995,21484.50999999995
2026-03-16 05:13:00,21484.50999999995,21484.50999999995
2026-03-16 06:13:00,21484.50999999995,21484.50999999995
2026-03-16 07:13:00,21484.50999999995,21484.50999999995
2026-03-16 08:13:00,21484.50999999995,21484.50999999995
2026-03-16 09:13:00,21483.73999999995,21482.30999999995
2026-03-16 10:13:00,21391.229999999952,21391.229999999952
2026-03-16 11:13:00,21391.229999999952,21391.229999999952
2026-03-16 12:13:00,21391.229999999952,21391.229999999952
2026-03-16 13:13:00,21391.229999999952,21391.229999999952
2026-03-16 14:13:00,21391.229999999952,21391.229999999952
2026-03-16 15:13:00,21391.229999999952,21391.229999999952
2026-03-16 16:13:00,21391.229999999952,21391.229999999952
2026-03-16 17:13:00,21391.229999999952,21391.229999999952
2026-03-16 18:13:00,21391.229999999952,21391.229999999952
2026-03-16 19:13:00,21391.229999999952,21391.229999999952
2026-03-16 20:13:00,21391.229999999952,21391.229999999952
2026-03-16 21:13:00,21391.229999999952,21391.229999999952
2026-03-16 22:13:00,21391.229999999952,21391.229999999952
2026-03-17 00:14:00,21391.229999999952,21391.229999999952
2026-03-17 01:14:00,21391.229999999952,21391.229999999952
2026-03-17 02:14:00,21391.229999999952,21391.229999999952
2026-03-17 03:14:00,21391.229999999952,21391.229999999952
2026-03-17 04:14:00,21391.229999999952,21391.229999999952
2026-03-17 05:14:00,21391.229999999952,21391.229999999952
2026-03-17 06:14:00,21391.229999999952,21391.229999999952
2026-03-17 07:14:00,21391.229999999952,21391.229999999952
2026-03-17 08:14:00,21548.829999999954,21548.829999999954
2026-03-17 09:14:00,21548.829999999954,21548.829999999954
2026-03-17 10:14:00,21548.829999999954,21548.829999999954
2026-03-17 11:14:00,21548.829999999954,21548.829999999954
2026-03-17 12:14:00,21548.829999999954,21548.829999999954
2026-03-17 13:14:00,21548.829999999954,21548.829999999954
2026-03-17 14:14:00,21548.829999999954,21548.829999999954
2026-03-17 15:14:00,21548.829999999954,21548.829999999954
2026-03-17 16:14:00,21548.829999999954,21548.829999999954
2026-03-17 17:14:00,21548.829999999954,21548.829999999954
2026-03-17 18:14:00,21548.829999999954,21548.829999999954
2026-03-17 19:14:00,21548.829999999954,21548.829999999954
2026-03-17 20:14:00,21548.829999999954,21548.829999999954
2026-03-17 21:14:00,21548.829999999954,21548.829999999954
2026-03-17 22:14:00,21548.829999999954,21548.829999999954
2026-03-18 00:15:00,21548.829999999954,21548.829999999954
2026-03-18 01:15:00,21548.829999999954,21548.829999999954
2026-03-18 02:15:00,21548.829999999954,21548.829999999954
2026-03-18 03:15:00,21548.829999999954,21548.829999999954
2026-03-18 04:15:00,21548.829999999954,21548.829999999954
2026-03-18 05:15:00,21548.829999999954,21548.829999999954
2026-03-18 06:15:00,21548.829999999954,21548.829999999954
2026-03-18 07:15:00,21548.829999999954,21548.829999999954
2026-03-18 08:15:00,21548.829999999954,21548.829999999954
2026-03-18 09:15:00,21548.829999999954,21548.829999999954
2026-03-18 10:15:00,21548.829999999954,21548.829999999954
2026-03-18 11:15:00,21548.829999999954,21548.829999999954
2026-03-18 12:15:00,21638.68999999996,21638.68999999996
2026-03-18 13:15:00,21638.68999999996,21638.68999999996
2026-03-18 14:15:00,21638.68999999996,21638.68999999996
2026-03-18 15:15:00,21638.68999999996,21638.68999999996
2026-03-18 16:15:00,21638.68999999996,21638.68999999996
2026-03-18 17:15:00,21638.68999999996,21638.68999999996
2026-03-18 18:15:00,21638.68999999996,21638.68999999996
2026-03-18 19:15:00,21638.68999999996,21638.68999999996
2026-03-18 20:15:00,21638.68999999996,21638.68999999996
2026-03-18 21:15:00,21638.68999999996,21638.68999999996
2026-03-18 22:15:00,21638.68999999996,21638.68999999996
2026-03-19 00:16:00,21638.68999999996,21638.68999999996
2026-03-19 01:16:00,21638.68999999996,21638.68999999996
2026-03-19 02:16:00,21638.68999999996,21638.68999999996
2026-03-19 03:16:00,21638.68999999996,21638.68999999996
2026-03-19 04:16:00,21638.68999999996,21638.68999999996
2026-03-19 05:16:00,21638.68999999996,21638.68999999996
2026-03-19 06:16:00,21638.68999999996,21638.68999999996
2026-03-19 07:16:00,21638.68999999996,21638.68999999996
2026-03-19 08:16:00,21638.68999999996,21638.68999999996
2026-03-19 09:16:00,21638.68999999996,21638.68999999996
2026-03-19 10:16:00,21638.68999999996,21638.68999999996
2026-03-19 11:16:00,21638.68999999996,21638.68999999996
2026-03-19 12:16:00,21638.68999999996,21638.68999999996
2026-03-19 13:16:00,21638.68999999996,21638.68999999996
2026-03-19 14:16:00,21638.68999999996,21638.68999999996
2026-03-19 15:16:00,21638.68999999996,21638.68999999996
2026-03-19 16:16:00,21638.68999999996,21638.68999999996
2026-03-19 17:16:00,21638.68999999996,21638.68999999996
2026-03-19 18:16:00,21638.68999999996,21638.68999999996
2026-03-19 19:16:00,21638.68999999996,21638.68999999996
2026-03-19 20:16:00,21638.68999999996,21638.68999999996
2026-03-19 21:16:00,21638.68999999996,21638.68999999996
2026-03-19 22:16:00,21638.68999999996,21638.68999999996
2026-03-20 00:17:00,21638.68999999996,21638.68999999996
2026-03-20 01:17:00,21638.68999999996,21638.68999999996
2026-03-20 02:17:00,21637.91999999996,21522.08999999996
2026-03-20 03:17:00,21657.919999999955,21657.919999999955
2026-03-20 04:17:00,21657.919999999955,21657.919999999955
2026-03-20 05:17:00,21657.919999999955,21657.919999999955
2026-03-20 06:17:00,21657.919999999955,21657.919999999955
2026-03-20 07:17:00,21729.679999999957,21960.559999999976
2026-03-20 08:17:00,21802.639999999978,21802.639999999978
2026-03-20 09:17:00,21802.639999999978,21802.639999999978
2026-03-20 10:17:00,21802.639999999978,21802.639999999978
2026-03-20 11:17:00,21802.639999999978,21802.639999999978
2026-03-20 12:17:00,21802.639999999978,21802.639999999978
2026-03-20 13:17:00,21802.639999999978,21802.639999999978
2026-03-20 14:17:00,21802.639999999978,21802.639999999978
2026-03-20 15:17:00,21802.639999999978,21802.639999999978
2026-03-20 16:17:00,21802.639999999978,21802.639999999978
2026-03-20 17:17:00,21802.639999999978,21802.639999999978
2026-03-20 18:17:00,21802.639999999978,21802.639999999978
2026-03-20 19:17:00,21802.639999999978,21802.639999999978
2026-03-20 20:17:00,21802.639999999978,21802.639999999978
2026-03-20 21:17:00,21802.639999999978,21802.639999999978
2026-03-20 22:17:00,21802.639999999978,21802.639999999978
2026-03-23 00:18:00,21802.639999999978,21802.639999999978
2026-03-23 01:18:00,21802.639999999978,21802.639999999978
2026-03-23 02:18:00,21802.639999999978,21802.639999999978
2026-03-23 03:18:00,21802.639999999978,21802.639999999978
2026-03-23 04:18:00,21802.639999999978,21802.639999999978
2026-03-23 05:18:00,21802.639999999978,21802.639999999978
2026-03-23 06:18:00,21802.639999999978,21802.639999999978
2026-03-23 07:18:00,21802.639999999978,21802.639999999978
2026-03-23 08:18:00,21802.639999999978,21802.639999999978
2026-03-23 09:18:00,21802.639999999978,21802.639999999978
2026-03-23 10:18:00,21802.639999999978,21802.639999999978
2026-03-23 11:18:00,21801.869999999977,21814.959999999985
2026-03-23 12:18:00,22006.249999999978,22066.29999999998
2026-03-23 13:18:00,22005.74999999998,22005.74999999998
2026-03-23 14:18:00,22005.74999999998,22005.74999999998
2026-03-23 15:18:00,22005.74999999998,22005.74999999998
2026-03-23 16:18:00,22005.74999999998,22005.74999999998
2026-03-23 17:18:00,22005.74999999998,22005.74999999998
2026-03-23 18:18:00,22005.74999999998,22005.74999999998
2026-03-23 19:18:00,22005.74999999998,22005.74999999998
2026-03-23 20:18:00,22005.74999999998,22005.74999999998
2026-03-23 21:18:00,22005.74999999998,22005.74999999998
2026-03-23 22:18:00,22005.74999999998,22005.74999999998
2026-03-24 00:19:00,22005.74999999998,22005.74999999998
2026-03-24 01:19:00,22005.74999999998,22005.74999999998
2026-03-24 02:19:00,22005.74999999998,22005.74999999998
2026-03-24 03:19:00,22005.74999999998,22005.74999999998
2026-03-24 04:19:00,22005.74999999998,22005.74999999998
2026-03-24 05:19:00,22005.74999999998,22005.74999999998
2026-03-24 06:19:00,22005.11999999998,21979.739999999983
2026-03-24 07:19:00,22028.85999999999,22028.85999999999
2026-03-24 08:19:00,22028.85999999999,22028.85999999999
2026-03-24 09:19:00,22028.85999999999,22028.85999999999
2026-03-24 10:19:00,22028.85999999999,22028.85999999999
2026-03-24 11:19:00,22028.85999999999,22028.85999999999
2026-03-24 12:19:00,22028.85999999999,22028.85999999999
2026-03-24 13:19:00,22028.85999999999,22028.85999999999
2026-03-24 14:19:00,22028.85999999999,22028.85999999999
2026-03-24 15:19:00,22028.85999999999,22028.85999999999
2026-03-24 16:19:00,22028.85999999999,22028.85999999999
2026-03-24 17:19:00,22028.85999999999,22028.85999999999
2026-03-24 18:19:00,22028.85999999999,22028.85999999999
2026-03-24 19:19:00,22028.85999999999,22028.85999999999
2026-03-24 20:19:00,22147.889999999985,22487.399999999976
2026-03-24 21:19:00,22326.90999999998,22651.149999999976
2026-03-24 22:19:00,22326.90999999998,22668.84999999998
2026-03-25 00:20:00,22931.06999999998,23141.16999999998
2026-03-25 01:20:00,23148.88999999998,23148.88999999998
2026-03-25 02:20:00,23148.88999999998,23148.88999999998
2026-03-25 03:20:00,23355.31999999999,23550.279999999988
2026-03-25 04:20:00,23627.559999999994,23627.559999999994
2026-03-25 05:20:00,23627.559999999994,23627.559999999994
2026-03-25 06:20:00,23627.559999999994,23627.559999999994
2026-03-25 07:20:00,23627.559999999994,23627.559999999994
2026-03-25 08:20:00,23329.210000000006,23329.210000000006
2026-03-25 09:20:00,23329.210000000006,23329.210000000006
2026-03-25 10:20:00,23329.210000000006,23329.210000000006
2026-03-25 11:20:00,23329.210000000006,23329.210000000006
2026-03-25 12:20:00,23522.10000000001,23831.890000000007
2026-03-25 13:20:00,23522.10000000001,23997.77000000001
2026-03-25 14:20:00,23819.98000000001,24058.960000000014
2026-03-25 15:20:00,23612.460000000014,23612.460000000014
2026-03-25 16:20:00,23612.460000000014,23612.460000000014
2026-03-25 17:20:00,23317.500000000015,23317.500000000015
2026-03-25 18:20:00,23317.500000000015,23317.500000000015
2026-03-25 19:20:00,23317.500000000015,23317.500000000015
2026-03-25 20:20:00,23317.500000000015,23317.500000000015
2026-03-25 21:20:00,23317.500000000015,23317.500000000015
2026-03-25 22:20:00,23317.500000000015,23317.500000000015
2026-03-26 00:21:00,23317.500000000015,23317.500000000015
2026-03-26 01:21:00,23317.500000000015,23317.500000000015
2026-03-26 02:21:00,23317.500000000015,23317.500000000015
2026-03-26 03:21:00,23317.500000000015,23317.500000000015
2026-03-26 04:21:00,23317.500000000015,23317.500000000015
2026-03-26 05:21:00,23317.500000000015,23317.500000000015
2026-03-26 06:21:00,23317.500000000015,23317.500000000015
2026-03-26 07:21:00,23317.500000000015,23317.500000000015
2026-03-26 08:21:00,23316.800000000014,23154.40000000001
2026-03-26 09:21:00,23316.800000000014,23296.20000000001
2026-03-26 10:21:00,23316.800000000014,23281.500000000007
2026-03-26 11:21:00,23316.800000000014,23167.300000000007
2026-03-26 12:21:00,23316.800000000014,23215.00000000001
2026-03-26 13:21:00,23316.800000000014,23326.90000000001
2026-03-26 14:21:00,23316.800000000014,23216.000000000015
2026-03-26 15:21:00,23316.800000000014,23281.30000000001
2026-03-26 16:21:00,23316.800000000014,23370.00000000001
2026-03-26 17:21:00,23340.510000000017,23361.870000000017
2026-03-26 18:21:00,23227.200000000015,23227.200000000015
2026-03-26 19:21:00,23227.200000000015,23227.200000000015
2026-03-26 20:21:00,23227.200000000015,23227.200000000015
2026-03-26 21:21:00,23227.200000000015,23227.200000000015
2026-03-26 22:21:00,23227.200000000015,23227.200000000015
2026-03-27 00:22:00,23227.200000000015,23227.200000000015
2026-03-27 01:22:00,23227.200000000015,23227.200000000015
2026-03-27 02:22:00,23227.200000000015,23227.200000000015
2026-03-27 03:22:00,23227.200000000015,23227.200000000015
2026-03-27 04:22:00,23227.200000000015,23227.200000000015
2026-03-27 05:22:00,23227.200000000015,23227.200000000015
2026-03-27 06:22:00,23227.200000000015,23227.200000000015
2026-03-27 07:22:00,23227.200000000015,23227.200000000015
2026-03-27 08:22:00,23227.200000000015,23227.200000000015
2026-03-27 09:22:00,23227.200000000015,23227.200000000015
2026-03-27 10:22:00,23227.200000000015,23227.200000000015
2026-03-27 11:22:00,23227.200000000015,23227.200000000015
2026-03-27 12:22:00,23227.200000000015,23227.200000000015
2026-03-27 13:22:00,23227.200000000015,23227.200000000015
2026-03-27 14:22:00,23227.200000000015,23227.200000000015
2026-03-27 15:22:00,23227.200000000015,23227.200000000015
2026-03-27 16:22:00,23227.200000000015,23227.200000000015
2026-03-27 17:22:00,23227.200000000015,23227.200000000015
2026-03-27 18:22:00,23227.200000000015,23227.200000000015
2026-03-27 19:22:00,23225.310000000016,23102.19000000003
2026-03-27 20:22:00,23225.310000000016,23373.540000000008
2026-03-27 21:22:00,23332.390000000014,23757.430000000008
2026-03-27 22:22:00,23330.290000000026,23330.290000000026
2026-03-30 01:23:00,23330.290000000026,23330.290000000026
2026-03-30 02:23:00,23330.290000000026,23330.290000000026
2026-03-30 03:23:00,23329.100000000028,23353.920000000027
2026-03-30 04:23:00,23530.720000000034,23530.720000000034
2026-03-30 05:23:00,23530.720000000034,23530.720000000034
2026-03-30 06:23:00,23530.720000000034,23530.720000000034
2026-03-30 07:23:00,23530.720000000034,23530.720000000034
2026-03-30 08:23:00,23530.720000000034,23530.720000000034
2026-03-30 09:23:00,23530.720000000034,23530.720000000034
2026-03-30 10:23:00,23530.720000000034,23530.720000000034
2026-03-30 11:23:00,23530.720000000034,23530.720000000034
2026-03-30 12:23:00,23530.720000000034,23530.720000000034
2026-03-30 13:23:00,23530.720000000034,23530.720000000034
2026-03-30 14:23:00,23530.720000000034,23530.720000000034
2026-03-30 15:23:00,23530.720000000034,23530.720000000034
2026-03-30 16:23:00,23530.720000000034,23530.720000000034
2026-03-30 17:23:00,23530.720000000034,23530.720000000034
2026-03-30 18:23:00,23530.720000000034,23530.720000000034
2026-03-30 19:23:00,23530.720000000034,23530.720000000034
2026-03-30 20:23:00,23530.720000000034,23530.720000000034
2026-03-30 21:23:00,23530.720000000034,23530.720000000034
2026-03-30 22:23:00,23530.720000000034,23530.720000000034
2026-03-30 23:23:00,23530.720000000034,23530.720000000034
2026-03-31 01:24:00,23530.720000000034,23530.720000000034
2026-03-31 02:24:00,23530.720000000034,23530.720000000034
2026-03-31 03:24:00,23530.720000000034,23530.720000000034
2026-03-31 04:24:00,23530.720000000034,23530.720000000034
2026-03-31 05:24:00,23530.720000000034,23530.720000000034
2026-03-31 06:24:00,23529.040000000034,23219.020000000037
2026-03-31 07:24:00,23256.040000000026,23176.100000000028
2026-03-31 08:24:00,23256.040000000026,23234.340000000037
2026-03-31 09:24:00,23284.340000000033,23284.340000000033
2026-03-31 10:24:00,23307.610000000033,23372.21000000003
2026-03-31 11:24:00,23578.400000000034,23578.400000000034
2026-03-31 12:24:00,23578.400000000034,23578.400000000034
2026-03-31 13:24:00,23578.400000000034,23578.400000000034
2026-03-31 14:24:00,23578.400000000034,23578.400000000034
2026-03-31 15:24:00,23578.400000000034,23578.400000000034
2026-03-31 16:24:00,23578.400000000034,23578.400000000034
2026-03-31 17:24:00,23578.400000000034,23578.400000000034
2026-03-31 18:24:00,23578.400000000034,23578.400000000034
2026-03-31 19:24:00,23578.400000000034,23578.400000000034
2026-03-31 20:24:00,23578.400000000034,23578.400000000034
2026-03-31 21:24:00,23578.400000000034,23578.400000000034
2026-03-31 22:24:00,23578.400000000034,23578.400000000034
2026-03-31 23:24:00,23578.400000000034,23578.400000000034
2026-04-01 01:25:00,23578.400000000034,23578.400000000034
2026-04-01 02:25:00,23578.400000000034,23578.400000000034
2026-04-01 03:25:00,23578.400000000034,23578.400000000034
2026-04-01 04:25:00,23578.400000000034,23578.400000000034
2026-04-01 05:25:00,23578.400000000034,23578.400000000034
2026-04-01 06:25:00,23578.400000000034,23578.400000000034
2026-04-01 07:25:00,23578.400000000034,23578.400000000034
2026-04-01 08:25:00,23578.400000000034,23578.400000000034
2026-04-01 09:25:00,23578.400000000034,23578.400000000034
2026-04-01 10:25:00,23607.64000000003,23607.64000000003
2026-04-01 11:25:00,23607.64000000003,23607.64000000003
2026-04-01 12:25:00,23607.64000000003,23607.64000000003
2026-04-01 13:25:00,23607.64000000003,23607.64000000003
2026-04-01 14:25:00,23607.64000000003,23607.64000000003
2026-04-01 15:25:00,23607.64000000003,23607.64000000003
2026-04-01 16:25:00,23607.64000000003,23607.64000000003
2026-04-01 17:25:00,23607.64000000003,23607.64000000003
2026-04-01 18:25:00,23607.64000000003,23607.64000000003
2026-04-01 19:25:00,23607.43000000003,23626.090000000026
2026-04-01 20:25:00,23607.43000000003,23598.850000000028
2026-04-01 21:25:00,23607.43000000003,23686.21000000003
2026-04-01 22:25:00,23607.43000000003,23669.260000000028
2026-04-01 23:25:00,23607.43000000003,23665.69000000003
2026-04-02 01:26:00,23607.88000000003,23645.47000000003
2026-04-02 02:26:00,23607.88000000003,23574.100000000028
2026-04-02 03:26:00,23397.880000000023,23380.030000000024
2026-04-02 04:26:00,23449.020000000022,23639.380000000023
2026-04-02 05:26:00,23449.020000000022,23633.46000000002
2026-04-02 06:26:00,23449.020000000022,23621.78000000002
2026-04-02 07:26:00,23449.020000000022,23675.900000000023
2026-04-02 08:26:00,23449.020000000022,23659.60000000002
2026-04-02 09:26:00,23858.180000000022,23858.180000000022
2026-04-02 10:26:00,23858.180000000022,23858.180000000022
2026-04-02 11:26:00,23858.180000000022,23858.180000000022
2026-04-02 12:26:00,23858.180000000022,23858.180000000022
2026-04-02 13:26:00,23858.180000000022,23858.180000000022
2026-04-02 14:26:00,23858.180000000022,23858.180000000022
2026-04-02 15:26:00,23858.180000000022,23858.180000000022
2026-04-02 16:26:00,23858.180000000022,23858.180000000022
2026-04-02 17:26:00,23858.180000000022,23858.180000000022
2026-04-02 18:26:00,23858.180000000022,23858.180000000022
2026-04-02 19:26:00,23858.180000000022,23858.180000000022
2026-04-02 20:26:00,23858.180000000022,23858.180000000022
2026-04-02 21:26:00,23858.180000000022,23858.180000000022
2026-04-02 22:26:00,23858.180000000022,23858.180000000022
2026-04-02 23:26:00,23858.180000000022,23858.180000000022
2026-04-06 01:27:00,23857.41000000002,23962.570000000014
2026-04-06 02:27:00,24019.240000000013,24019.240000000013
2026-04-06 03:27:00,24019.240000000013,24019.240000000013
2026-04-06 04:27:00,24019.240000000013,24019.240000000013
2026-04-06 05:27:00,24019.240000000013,24019.240000000013
2026-04-06 06:27:00,24019.240000000013,24019.240000000013
2026-04-06 07:27:00,24019.240000000013,24019.240000000013
2026-04-06 08:27:00,24019.240000000013,24019.240000000013
2026-04-06 09:27:00,24019.240000000013,24019.240000000013
2026-04-06 10:27:00,24051.130000000005,24051.130000000005
2026-04-06 11:27:00,24051.130000000005,24051.130000000005
2026-04-06 12:27:00,24051.130000000005,24051.130000000005
2026-04-06 13:27:00,24050.920000000006,24099.640000000007
2026-04-06 14:27:00,24050.920000000006,24094.750000000004
2026-04-06 15:27:00,24050.920000000006,24164.590000000004
2026-04-06 16:27:00,24050.920000000006,24146.050000000003
2026-04-06 17:27:00,24050.920000000006,24106.180000000004
2026-04-06 18:27:00,24050.920000000006,24162.04
2026-04-06 19:27:00,24050.920000000006,24160.930000000004
2026-04-06 20:27:00,24050.920000000006,24185.08
2026-04-06 21:27:00,24050.920000000006,24171.640000000003
2026-04-06 22:27:00,24050.920000000006,24215.080000000005
2026-04-06 23:27:00,24050.920000000006,24191.290000000005
2026-04-07 01:28:00,24051.370000000006,24180.460000000003
2026-04-07 02:28:00,24051.370000000006,24196.330000000005
2026-04-07 03:28:00,24051.370000000006,24187.570000000007
2026-04-07 04:28:00,24122.740000000005,24225.000000000004
2026-04-07 05:28:00,24122.740000000005,24263.72
2026-04-07 06:28:00,24122.740000000005,24243.480000000003
2026-04-07 07:28:00,24122.740000000005,24230.600000000006
2026-04-07 08:28:00,24122.740000000005,24265.760000000002
2026-04-07 09:28:00,24122.740000000005,24247.100000000006
2026-04-07 10:28:00,24122.740000000005,24247.840000000004
2026-04-07 11:28:00,24165.360000000004,24165.360000000004
2026-04-07 12:28:00,24165.360000000004,24165.360000000004
2026-04-07 13:28:00,24165.360000000004,24165.360000000004
2026-04-07 14:28:00,24165.360000000004,24165.360000000004
2026-04-07 15:28:00,24165.360000000004,24165.360000000004
2026-04-07 16:28:00,24165.360000000004,24165.360000000004
2026-04-07 17:28:00,24165.360000000004,24165.360000000004
2026-04-07 18:28:00,24165.360000000004,24165.360000000004
2026-04-07 19:28:00,24165.360000000004,24165.360000000004
2026-04-07 20:28:00,24165.360000000004,24165.360000000004
2026-04-07 21:28:00,24165.360000000004,24165.360000000004
2026-04-07 22:28:00,24165.360000000004,24165.360000000004
2026-04-07 23:28:00,24165.080000000005,24164.280000000006
2026-04-08 01:29:00,24167.640000000007,24071.240000000005
2026-04-08 02:29:00,23548.880000000023,23548.880000000023
2026-04-08 03:29:00,23548.880000000023,23548.880000000023
2026-04-08 04:29:00,23547.900000000023,23454.380000000034
2026-04-08 05:29:00,23641.620000000024,23728.020000000026
2026-04-08 06:29:00,23690.82000000003,23690.82000000003
2026-04-08 07:29:00,23690.82000000003,23690.82000000003
2026-04-08 08:29:00,23690.82000000003,23690.82000000003
2026-04-08 09:29:00,23690.82000000003,23690.82000000003
2026-04-08 10:29:00,23690.82000000003,23690.82000000003
2026-04-08 11:29:00,23690.82000000003,23690.82000000003
2026-04-08 12:29:00,23690.82000000003,23690.82000000003
2026-04-08 13:29:00,23690.82000000003,23690.82000000003
2026-04-08 14:29:00,23690.82000000003,23690.82000000003
2026-04-08 15:29:00,23690.82000000003,23690.82000000003
2026-04-08 16:29:00,23690.82000000003,23690.82000000003
2026-04-08 17:29:00,23690.82000000003,23690.82000000003
2026-04-08 18:29:00,23554.86000000004,23554.86000000004
2026-04-08 19:29:00,23554.86000000004,23554.86000000004
2026-04-08 20:29:00,23554.86000000004,23554.86000000004
2026-04-08 21:29:00,23554.86000000004,23554.86000000004
2026-04-08 22:29:00,23554.86000000004,23554.86000000004
2026-04-08 23:29:00,23554.86000000004,23554.86000000004
2026-04-09 01:30:00,23554.86000000004,23554.86000000004
2026-04-09 02:30:00,23554.86000000004,23554.86000000004
2026-04-09 03:30:00,23554.86000000004,23554.86000000004
2026-04-09 04:30:00,23554.86000000004,23554.86000000004
2026-04-09 05:30:00,23554.86000000004,23554.86000000004
2026-04-09 06:30:00,23554.86000000004,23554.86000000004
2026-04-09 07:30:00,23554.86000000004,23554.86000000004
2026-04-09 08:30:00,23554.86000000004,23554.86000000004
2026-04-09 09:30:00,23554.86000000004,23554.86000000004
2026-04-09 10:30:00,23554.86000000004,23554.86000000004
2026-04-09 11:30:00,23554.86000000004,23554.86000000004
2026-04-09 12:30:00,23554.86000000004,23554.86000000004
2026-04-09 13:30:00,23553.11000000004,23383.110000000037
2026-04-09 14:30:00,23323.110000000048,23323.110000000048
2026-04-09 15:30:00,23323.110000000048,23323.110000000048
2026-04-09 16:30:00,23323.110000000048,23323.110000000048
2026-04-09 17:30:00,23323.110000000048,23323.110000000048
2026-04-09 18:30:00,23323.110000000048,23323.110000000048
2026-04-09 19:30:00,23323.110000000048,23323.110000000048
2026-04-09 20:30:00,23323.110000000048,23323.110000000048
2026-04-09 21:30:00,23323.110000000048,23323.110000000048
2026-04-09 22:30:00,23323.110000000048,23323.110000000048
2026-04-09 23:30:00,23323.110000000048,23323.110000000048
2026-04-10 01:31:00,23323.110000000048,23323.110000000048
2026-04-10 02:31:00,23323.110000000048,23323.110000000048
2026-04-10 03:31:00,23323.110000000048,23323.110000000048
2026-04-10 04:31:00,23323.110000000048,23323.110000000048
2026-04-10 05:31:00,23323.110000000048,23323.110000000048
2026-04-10 06:31:00,23323.110000000048,23323.110000000048
2026-04-10 07:31:00,23323.110000000048,23323.110000000048
2026-04-10 08:31:00,23323.110000000048,23323.110000000048
2026-04-10 09:31:00,23333.320000000036,23333.320000000036
2026-04-10 10:31:00,23333.320000000036,23333.320000000036
2026-04-10 11:31:00,23333.320000000036,23333.320000000036
2026-04-10 12:31:00,23333.320000000036,23333.320000000036
2026-04-10 13:31:00,23333.320000000036,23333.320000000036
2026-04-10 14:31:00,23333.320000000036,23333.320000000036
2026-04-10 15:31:00,23333.320000000036,23333.320000000036
2026-04-10 16:31:00,23333.320000000036,23333.320000000036
2026-04-10 17:31:00,23333.320000000036,23333.320000000036
2026-04-10 18:31:00,23333.320000000036,23333.320000000036
2026-04-10 19:31:00,23540.850000000046,23673.71000000005
2026-04-10 20:31:00,23731.300000000054,23731.300000000054
2026-04-10 21:31:00,23731.300000000054,23731.300000000054
2026-04-10 22:31:00,23731.300000000054,23731.300000000054
2026-04-10 23:31:00,23731.300000000054,23731.300000000054
2026-04-13 01:32:00,23731.300000000054,23731.300000000054
2026-04-13 02:32:00,23731.300000000054,23731.300000000054
2026-04-13 03:32:00,23731.300000000054,23731.300000000054
2026-04-13 04:32:00,23731.300000000054,23731.300000000054
2026-04-13 05:32:00,23731.300000000054,23731.300000000054
2026-04-13 06:32:00,23731.300000000054,23731.300000000054
2026-04-13 07:32:00,23731.300000000054,23731.300000000054
2026-04-13 08:32:00,23731.300000000054,23731.300000000054
2026-04-13 09:32:00,23731.300000000054,23731.300000000054
2026-04-13 10:32:00,23731.300000000054,23731.300000000054
2026-04-13 11:32:00,23731.300000000054,23731.300000000054
2026-04-13 12:32:00,23731.300000000054,23731.300000000054
2026-04-13 13:32:00,23731.300000000054,23731.300000000054
2026-04-13 14:32:00,23731.300000000054,23731.300000000054
2026-04-13 15:32:00,23731.300000000054,23731.300000000054
2026-04-13 16:32:00,23731.300000000054,23731.300000000054
2026-04-13 17:32:00,23731.300000000054,23731.300000000054
2026-04-13 18:32:00,23731.300000000054,23731.300000000054
2026-04-13 19:32:00,23730.600000000053,23717.60000000005
2026-04-13 20:32:00,23619.800000000054,23619.800000000054
2026-04-13 21:32:00,23619.800000000054,23619.800000000054
2026-04-13 22:32:00,23619.800000000054,23619.800000000054
2026-04-13 23:32:00,23619.800000000054,23619.800000000054
2026-04-14 01:33:00,23619.800000000054,23619.800000000054
2026-04-14 02:33:00,23619.800000000054,23619.800000000054
2026-04-14 03:33:00,23619.800000000054,23619.800000000054
2026-04-14 04:33:00,23619.800000000054,23619.800000000054
2026-04-14 05:33:00,23619.800000000054,23619.800000000054
2026-04-14 06:33:00,23619.800000000054,23619.800000000054
2026-04-14 07:33:00,23619.800000000054,23619.800000000054
2026-04-14 08:33:00,23619.800000000054,23619.800000000054
2026-04-14 09:33:00,23619.800000000054,23619.800000000054
2026-04-14 10:33:00,23619.800000000054,23619.800000000054
2026-04-14 11:33:00,23619.800000000054,23619.800000000054
2026-04-14 12:33:00,23619.800000000054,23619.800000000054
2026-04-14 13:33:00,23619.800000000054,23619.800000000054
2026-04-14 14:33:00,23619.800000000054,23619.800000000054
2026-04-14 15:33:00,23619.800000000054,23619.800000000054
2026-04-14 16:33:00,23619.800000000054,23619.800000000054
2026-04-14 17:33:00,23619.800000000054,23619.800000000054
2026-04-14 18:33:00,23619.800000000054,23619.800000000054
2026-04-14 19:33:00,23619.800000000054,23619.800000000054
2026-04-14 20:33:00,23619.800000000054,23619.800000000054
2026-04-14 21:33:00,23619.800000000054,23619.800000000054
2026-04-14 22:33:00,23619.800000000054,23619.800000000054
2026-04-14 23:33:00,23619.800000000054,23619.800000000054
2026-04-15 01:34:00,23950.76000000003,23950.76000000003
2026-04-15 02:34:00,23950.76000000003,23950.76000000003
2026-04-15 03:34:00,23950.76000000003,23950.76000000003
2026-04-15 04:34:00,23950.76000000003,23950.76000000003
2026-04-15 05:34:00,23950.76000000003,23950.76000000003
2026-04-15 06:34:00,23950.76000000003,23950.76000000003
2026-04-15 07:34:00,23950.76000000003,23950.76000000003
2026-04-15 08:34:00,23950.76000000003,23950.76000000003
2026-04-15 09:34:00,23970.17000000005,23970.17000000005
2026-04-15 10:34:00,23970.17000000005,23970.17000000005
2026-04-15 11:34:00,23970.17000000005,23970.17000000005
2026-04-15 12:34:00,23970.17000000005,23970.17000000005
2026-04-15 13:34:00,23970.17000000005,23970.17000000005
2026-04-15 14:34:00,23970.17000000005,23970.17000000005
2026-04-15 15:34:00,23992.460000000057,23992.460000000057
2026-04-15 16:34:00,23992.460000000057,23992.460000000057
2026-04-15 17:34:00,23992.460000000057,23992.460000000057
2026-04-15 18:34:00,23992.460000000057,23992.460000000057
2026-04-15 19:34:00,23992.460000000057,23992.460000000057
2026-04-15 20:34:00,23992.460000000057,23992.460000000057
2026-04-15 21:34:00,23992.460000000057,23992.460000000057
2026-04-15 22:34:00,23992.460000000057,23992.460000000057
2026-04-15 23:34:00,23992.460000000057,23992.460000000057
2026-04-16 01:35:00,23992.460000000057,23992.460000000057
2026-04-16 02:35:00,23992.460000000057,23992.460000000057
2026-04-16 03:35:00,23992.460000000057,23992.460000000057
2026-04-16 04:35:00,23992.460000000057,23992.460000000057
2026-04-16 05:35:00,23992.460000000057,23992.460000000057
2026-04-16 06:35:00,23992.460000000057,23992.460000000057
2026-04-16 07:35:00,23992.460000000057,23992.460000000057
2026-04-16 08:35:00,23992.460000000057,23992.460000000057
2026-04-16 09:35:00,23992.460000000057,23992.460000000057
2026-04-16 10:35:00,23992.460000000057,23992.460000000057
2026-04-16 11:35:00,23992.460000000057,23992.460000000057
2026-04-16 12:35:00,23992.460000000057,23992.460000000057
2026-04-16 13:35:00,23992.460000000057,23992.460000000057
2026-04-16 14:35:00,23992.460000000057,23992.460000000057
2026-04-16 15:35:00,24014.700000000044,24014.700000000044
2026-04-16 16:35:00,24014.700000000044,24014.700000000044
2026-04-16 17:35:00,24014.700000000044,24014.700000000044
2026-04-16 18:35:00,24014.700000000044,24014.700000000044
2026-04-16 19:35:00,24014.700000000044,24014.700000000044
2026-04-16 20:35:00,24014.700000000044,24014.700000000044
2026-04-16 21:35:00,24014.700000000044,24014.700000000044
2026-04-16 22:35:00,24014.700000000044,24014.700000000044
2026-04-16 23:35:00,24014.700000000044,24014.700000000044
2026-04-17 01:36:00,24014.700000000044,24014.700000000044
2026-04-17 02:36:00,24014.700000000044,24014.700000000044
2026-04-17 03:36:00,24014.700000000044,24014.700000000044
2026-04-17 04:36:00,24014.700000000044,24014.700000000044
2026-04-17 05:36:00,24014.700000000044,24014.700000000044
2026-04-17 06:36:00,24159.810000000052,24217.86000000005
2026-04-17 07:36:00,24159.810000000052,24264.570000000054
2026-04-17 08:36:00,24317.58000000006,24317.58000000006
2026-04-17 09:36:00,24317.58000000006,24317.58000000006
2026-04-17 10:36:00,24317.58000000006,24317.58000000006
2026-04-17 11:36:00,24317.58000000006,24317.58000000006
2026-04-17 12:36:00,24317.58000000006,24317.58000000006
2026-04-17 13:36:00,24317.58000000006,24317.58000000006
2026-04-17 14:36:00,24317.58000000006,24317.58000000006
2026-04-17 15:36:00,24317.58000000006,24317.58000000006
2026-04-17 16:36:00,24317.58000000006,24317.58000000006
2026-04-17 17:36:00,24317.58000000006,24317.58000000006
2026-04-17 18:36:00,24317.58000000006,24317.58000000006
2026-04-17 19:36:00,24317.58000000006,24317.58000000006
2026-04-17 20:36:00,24317.58000000006,24317.58000000006
2026-04-17 21:36:00,24317.58000000006,24317.58000000006
2026-04-17 22:36:00,24317.58000000006,24317.58000000006
2026-04-17 23:36:00,24317.58000000006,24317.58000000006
2026-04-20 01:37:00,24317.58000000006,24317.58000000006
2026-04-20 02:37:00,24317.58000000006,24317.58000000006
2026-04-20 03:37:00,24317.58000000006,24317.58000000006
2026-04-20 04:37:00,24317.58000000006,24317.58000000006
2026-04-20 05:37:00,24317.58000000006,24317.58000000006
2026-04-20 06:37:00,24317.58000000006,24317.58000000006
2026-04-20 07:37:00,24315.41000000006,24324.40000000006
2026-04-20 08:37:00,24366.02000000006,24525.62000000005
2026-04-20 09:37:00,24575.880000000052,24653.28000000005
2026-04-20 10:37:00,24791.040000000055,24791.040000000055
2026-04-20 11:37:00,24791.040000000055,24791.040000000055
2026-04-20 12:37:00,24791.040000000055,24791.040000000055
2026-04-20 13:37:00,24791.040000000055,24791.040000000055
2026-04-20 14:37:00,24791.040000000055,24791.040000000055
2026-04-20 15:37:00,24814.19000000004,24814.19000000004
2026-04-20 16:37:00,24924.020000000026,24924.020000000026
2026-04-20 17:37:00,24924.020000000026,24924.020000000026
2026-04-20 18:37:00,24924.020000000026,24924.020000000026
2026-04-20 19:37:00,24924.020000000026,24924.020000000026
2026-04-20 20:37:00,24924.020000000026,24924.020000000026
2026-04-20 21:37:00,24922.410000000025,24933.450000000015
2026-04-20 22:37:00,24922.410000000025,24945.180000000022
2026-04-20 23:37:00,24922.410000000025,24861.920000000024
2026-04-21 01:38:00,24675.390000000025,24675.390000000025
2026-04-21 02:38:00,24675.390000000025,24675.390000000025
2026-04-21 03:38:00,24675.390000000025,24675.390000000025
2026-04-21 04:38:00,24675.390000000025,24675.390000000025
2026-04-21 05:38:00,24675.390000000025,24675.390000000025
2026-04-21 06:38:00,24675.390000000025,24675.390000000025
2026-04-21 07:38:00,24675.390000000025,24675.390000000025
2026-04-21 08:38:00,24675.390000000025,24675.390000000025
2026-04-21 09:38:00,24675.390000000025,24675.390000000025
2026-04-21 10:38:00,24675.390000000025,24675.390000000025
2026-04-21 11:38:00,24675.390000000025,24675.390000000025
2026-04-21 12:38:00,24675.390000000025,24675.390000000025
2026-04-21 13:38:00,24675.390000000025,24675.390000000025
2026-04-21 14:38:00,24675.390000000025,24675.390000000025
2026-04-21 15:38:00,24992.850000000035,24992.850000000035
2026-04-21 16:38:00,24992.850000000035,24992.850000000035
2026-04-21 17:38:00,24992.850000000035,24992.850000000035
2026-04-21 18:38:00,25022.210000000036,25069.130000000034
2026-04-21 19:38:00,25021.010000000042,25021.010000000042
2026-04-21 20:38:00,25021.010000000042,25021.010000000042
2026-04-21 21:38:00,25021.010000000042,25021.010000000042
2026-04-21 22:38:00,25021.010000000042,25021.010000000042
2026-04-21 23:38:00,25021.010000000042,25021.010000000042
2026-04-22 01:39:00,25021.010000000042,25021.010000000042
2026-04-22 02:39:00,25021.010000000042,25021.010000000042
2026-04-22 03:39:00,25021.010000000042,25021.010000000042
2026-04-22 04:39:00,25021.010000000042,25021.010000000042
2026-04-22 05:39:00,25021.010000000042,25021.010000000042
2026-04-22 06:39:00,25021.010000000042,25021.010000000042
2026-04-22 07:39:00,25021.010000000042,25021.010000000042
2026-04-22 08:39:00,25021.010000000042,25021.010000000042
2026-04-22 09:39:00,25021.010000000042,25021.010000000042
2026-04-22 10:39:00,25021.010000000042,25021.010000000042
2026-04-22 11:39:00,25021.010000000042,25021.010000000042
2026-04-22 12:39:00,25021.010000000042,25021.010000000042
2026-04-22 13:39:00,25021.010000000042,25021.010000000042
2026-04-22 14:39:00,25021.010000000042,25021.010000000042
2026-04-22 15:39:00,25021.010000000042,25021.010000000042
2026-04-22 16:39:00,25021.010000000042,25021.010000000042
2026-04-22 17:39:00,25021.010000000042,25021.010000000042
2026-04-22 18:39:00,25021.010000000042,25021.010000000042
2026-04-22 19:39:00,25021.010000000042,25021.010000000042
2026-04-22 20:39:00,25021.010000000042,25021.010000000042
2026-04-22 21:39:00,25021.010000000042,25021.010000000042
2026-04-22 22:39:00,25021.010000000042,25021.010000000042
2026-04-22 23:39:00,25021.010000000042,25021.010000000042
2026-04-23 01:40:00,25021.010000000042,25021.010000000042
2026-04-23 02:40:00,25021.010000000042,25021.010000000042
2026-04-23 03:40:00,25265.350000000042,25672.070000000043
2026-04-23 04:40:00,25265.350000000042,25520.99000000004
2026-04-23 05:40:00,25381.880000000045,25381.880000000045
2026-04-23 06:40:00,25381.880000000045,25381.880000000045
2026-04-23 07:40:00,25381.880000000045,25381.880000000045
2026-04-23 08:40:00,25381.880000000045,25381.880000000045
2026-04-23 09:40:00,25381.880000000045,25381.880000000045
2026-04-23 10:40:00,25381.880000000045,25381.880000000045
2026-04-23 11:40:00,25381.880000000045,25381.880000000045
2026-04-23 12:40:00,25381.880000000045,25381.880000000045
2026-04-23 13:40:00,25381.880000000045,25381.880000000045
2026-04-23 14:40:00,25381.880000000045,25381.880000000045
2026-04-23 15:40:00,25124.12000000008,25124.12000000008
2026-04-23 16:40:00,25124.12000000008,25124.12000000008
2026-04-23 17:40:00,25162.150000000067,25162.150000000067
2026-04-23 18:40:00,25162.150000000067,25162.150000000067
2026-04-23 19:40:00,25162.150000000067,25162.150000000067
2026-04-23 20:40:00,25162.150000000067,25162.150000000067
2026-04-23 21:40:00,25162.150000000067,25162.150000000067
2026-04-23 22:40:00,25162.150000000067,25162.150000000067
2026-04-23 23:40:00,25162.150000000067,25162.150000000067
2026-04-24 01:41:00,25162.150000000067,25162.150000000067
2026-04-24 02:41:00,25162.150000000067,25162.150000000067
2026-04-24 03:41:00,25162.150000000067,25162.150000000067
2026-04-24 04:41:00,25162.150000000067,25162.150000000067
2026-04-24 05:41:00,25162.150000000067,25162.150000000067
2026-04-24 06:41:00,25162.150000000067,25162.150000000067
2026-04-24 07:41:00,25162.150000000067,25162.150000000067
2026-04-24 08:41:00,25162.150000000067,25162.150000000067
2026-04-24 09:41:00,25162.150000000067,25162.150000000067
2026-04-24 10:41:00,25162.150000000067,25162.150000000067
2026-04-24 11:41:00,25162.150000000067,25162.150000000067
2026-04-24 12:41:00,25162.150000000067,25162.150000000067
2026-04-24 13:41:00,25162.150000000067,25162.150000000067
2026-04-24 14:41:00,25162.150000000067,25162.150000000067
2026-04-24 15:41:00,25162.150000000067,25162.150000000067
2026-04-24 16:41:00,25393.600000000046,25393.600000000046
2026-04-24 17:41:00,25393.600000000046,25393.600000000046
2026-04-24 18:41:00,25393.600000000046,25393.600000000046
2026-04-24 19:41:00,25393.600000000046,25393.600000000046
2026-04-24 20:41:00,25393.600000000046,25393.600000000046
2026-04-24 21:41:00,25393.600000000046,25393.600000000046
2026-04-24 22:41:00,25393.600000000046,25393.600000000046
2026-04-24 23:41:00,25393.600000000046,25393.600000000046
2026-04-27 01:42:00,25148.500000000062,25148.500000000062
2026-04-27 02:42:00,25148.500000000062,25148.500000000062
2026-04-27 03:42:00,25148.500000000062,25148.500000000062
2026-04-27 04:42:00,25038.220000000067,25038.220000000067
2026-04-27 05:42:00,25038.220000000067,25038.220000000067
2026-04-27 06:42:00,25038.220000000067,25038.220000000067
2026-04-27 07:42:00,25038.220000000067,25038.220000000067
2026-04-27 08:42:00,25038.220000000067,25038.220000000067
2026-04-27 09:42:00,25038.220000000067,25038.220000000067
2026-04-27 10:42:00,25038.220000000067,25038.220000000067
2026-04-27 11:42:00,25038.220000000067,25038.220000000067
2026-04-27 12:42:00,25038.220000000067,25038.220000000067
2026-04-27 13:42:00,25038.220000000067,25038.220000000067
2026-04-27 14:42:00,25038.220000000067,25038.220000000067
2026-04-27 15:42:00,25038.220000000067,25038.220000000067
2026-04-27 16:42:00,25038.220000000067,25038.220000000067
2026-04-27 17:42:00,25038.220000000067,25038.220000000067
2026-04-27 18:42:00,25038.220000000067,25038.220000000067
2026-04-27 19:42:00,25038.220000000067,25038.220000000067
2026-04-27 20:42:00,25038.220000000067,25038.220000000067
2026-04-27 21:42:00,25038.220000000067,25038.220000000067
2026-04-27 22:42:00,25038.220000000067,25038.220000000067
2026-04-27 23:42:00,25038.220000000067,25038.220000000067
2026-04-28 01:43:00,25038.220000000067,25038.220000000067
2026-04-28 02:43:00,25038.220000000067,25038.220000000067
2026-04-28 03:43:00,25038.220000000067,25038.220000000067
2026-04-28 04:43:00,25038.220000000067,25038.220000000067
2026-04-28 05:43:00,25038.220000000067,25038.220000000067
2026-04-28 06:43:00,25038.220000000067,25038.220000000067
2026-04-28 07:43:00,25038.220000000067,25038.220000000067
2026-04-28 08:43:00,25038.220000000067,25038.220000000067
2026-04-28 09:43:00,25038.220000000067,25038.220000000067
2026-04-28 10:43:00,25038.220000000067,25038.220000000067
2026-04-28 11:43:00,25038.220000000067,25038.220000000067
2026-04-28 12:43:00,25038.220000000067,25038.220000000067
2026-04-28 13:43:00,25038.220000000067,25038.220000000067
2026-04-28 14:43:00,25038.220000000067,25038.220000000067
2026-04-28 15:43:00,25038.220000000067,25038.220000000067
2026-04-28 16:43:00,25038.220000000067,25038.220000000067
2026-04-28 17:43:00,25113.38000000007,25184.680000000073
2026-04-28 18:43:00,25125.580000000075,25125.580000000075
2026-04-28 19:43:00,25125.580000000075,25125.580000000075
2026-04-28 20:43:00,25125.580000000075,25125.580000000075
2026-04-28 21:43:00,25125.580000000075,25125.580000000075
2026-04-28 22:43:00,25125.580000000075,25125.580000000075
2026-04-28 23:43:00,25125.580000000075,25125.580000000075
2026-04-29 01:44:00,25125.580000000075,25125.580000000075
2026-04-29 02:44:00,25125.580000000075,25125.580000000075
2026-04-29 03:44:00,25125.580000000075,25125.580000000075
2026-04-29 04:44:00,25125.580000000075,25125.580000000075
2026-04-29 05:44:00,25125.580000000075,25125.580000000075
2026-04-29 06:44:00,25125.580000000075,25125.580000000075
2026-04-29 07:44:00,25125.580000000075,25125.580000000075
2026-04-29 08:44:00,25125.580000000075,25125.580000000075
2026-04-29 09:44:00,25235.580000000075,25235.580000000075
2026-04-29 10:44:00,25235.580000000075,25235.580000000075
2026-04-29 11:44:00,25235.580000000075,25235.580000000075
2026-04-29 12:44:00,25004.660000000084,25004.660000000084
2026-04-29 13:44:00,25018.260000000086,25085.100000000093
2026-04-29 14:44:00,25064.62000000009,25064.62000000009
2026-04-29 15:44:00,25064.62000000009,25064.62000000009
2026-04-29 16:44:00,25064.62000000009,25064.62000000009
2026-04-29 17:44:00,25064.62000000009,25064.62000000009
2026-04-29 18:44:00,25064.62000000009,25064.62000000009
2026-04-29 19:44:00,25064.62000000009,25064.62000000009
2026-04-29 20:44:00,25064.62000000009,25064.62000000009
2026-04-29 21:44:00,25064.62000000009,25064.62000000009
2026-04-29 22:44:00,25064.62000000009,25064.62000000009
2026-04-29 23:44:00,25064.62000000009,25064.62000000009
2026-04-30 01:45:00,25064.62000000009,25064.62000000009
2026-04-30 02:45:00,25064.62000000009,25064.62000000009
2026-04-30 03:45:00,25064.62000000009,25064.62000000009
2026-04-30 04:45:00,25064.62000000009,25064.62000000009
2026-04-30 05:45:00,25064.62000000009,25064.62000000009
2026-04-30 06:45:00,25064.62000000009,25064.62000000009
2026-04-30 07:45:00,25064.62000000009,25064.62000000009
2026-04-30 08:45:00,25064.62000000009,25064.62000000009
2026-04-30 09:45:00,25064.62000000009,25064.62000000009
2026-04-30 10:45:00,25064.62000000009,25064.62000000009
2026-04-30 11:45:00,25064.62000000009,25064.62000000009
2026-04-30 12:45:00,25064.62000000009,25064.62000000009
2026-04-30 13:45:00,25064.62000000009,25064.62000000009
2026-04-30 14:45:00,25064.62000000009,25064.62000000009
2026-04-30 15:45:00,25064.62000000009,25064.62000000009
2026-04-30 16:45:00,25064.62000000009,25064.62000000009
2026-04-30 17:45:00,25064.62000000009,25064.62000000009
2026-04-30 18:45:00,25064.62000000009,25064.62000000009
2026-04-30 19:45:00,25064.62000000009,25064.62000000009
2026-04-30 20:45:00,25064.62000000009,25064.62000000009
2026-04-30 21:45:00,25064.62000000009,25064.62000000009
2026-04-30 22:45:00,25064.62000000009,25064.62000000009
2026-04-30 23:45:00,25064.62000000009,25064.62000000009
2026-05-01 01:46:00,25064.62000000009,25064.62000000009
2026-05-01 02:46:00,25064.62000000009,25064.62000000009
2026-05-01 03:46:00,25064.62000000009,25064.62000000009
2026-05-01 04:46:00,25064.62000000009,25064.62000000009
2026-05-01 05:46:00,25064.62000000009,25064.62000000009
2026-05-01 06:46:00,25064.62000000009,25064.62000000009
2026-05-01 07:46:00,25064.62000000009,25064.62000000009
2026-05-01 08:46:00,25064.62000000009,25064.62000000009
2026-05-01 09:46:00,25064.62000000009,25064.62000000009
2026-05-01 10:46:00,25064.62000000009,25064.62000000009
2026-05-01 11:46:00,25064.62000000009,25064.62000000009
2026-05-01 12:46:00,25064.62000000009,25064.62000000009
2026-05-01 13:46:00,25064.62000000009,25064.62000000009
2026-05-01 14:46:00,25064.62000000009,25064.62000000009
2026-05-01 15:46:00,25064.62000000009,25064.62000000009
2026-05-01 16:46:00,25064.62000000009,25064.62000000009
2026-05-01 17:46:00,25064.62000000009,25064.62000000009
2026-05-01 18:46:00,25064.62000000009,25064.62000000009
2026-05-01 19:46:00,25064.62000000009,25064.62000000009
2026-05-01 20:46:00,25064.62000000009,25064.62000000009
2026-05-01 21:46:00,25172.100000000093,25172.100000000093
2026-05-01 22:46:00,25172.100000000093,25172.100000000093
2026-05-01 23:46:00,25172.100000000093,25172.100000000093
2026-05-04 01:47:00,25172.100000000093,25172.100000000093
2026-05-04 02:47:00,25172.100000000093,25172.100000000093
2026-05-04 03:47:00,25172.100000000093,25172.100000000093
2026-05-04 04:47:00,25172.100000000093,25172.100000000093
2026-05-04 05:47:00,25172.100000000093,25172.100000000093
2026-05-04 06:47:00,25172.100000000093,25172.100000000093
2026-05-04 07:47:00,25172.100000000093,25172.100000000093
2026-05-04 08:47:00,25172.100000000093,25172.100000000093
2026-05-04 09:47:00,25172.100000000093,25172.100000000093
2026-05-04 10:47:00,25172.100000000093,25172.100000000093
2026-05-04 11:47:00,25172.100000000093,25172.100000000093
2026-05-04 12:47:00,25172.100000000093,25172.100000000093
2026-05-04 13:47:00,25172.100000000093,25172.100000000093
2026-05-04 14:47:00,25172.100000000093,25172.100000000093
2026-05-04 15:47:00,25172.100000000093,25172.100000000093
2026-05-04 16:47:00,25172.100000000093,25172.100000000093
2026-05-04 17:47:00,25172.100000000093,25172.100000000093
2026-05-04 18:47:00,25172.100000000093,25172.100000000093
2026-05-04 19:47:00,25172.100000000093,25172.100000000093
2026-05-04 20:47:00,25172.100000000093,25172.100000000093
2026-05-04 21:47:00,25172.100000000093,25172.100000000093
2026-05-04 22:47:00,25172.100000000093,25172.100000000093
2026-05-04 23:47:00,25172.100000000093,25172.100000000093
2026-05-05 01:48:00,25172.100000000093,25172.100000000093
2026-05-05 02:48:00,25172.100000000093,25172.100000000093
2026-05-05 03:48:00,25172.100000000093,25172.100000000093
2026-05-05 04:48:00,25172.100000000093,25172.100000000093
2026-05-05 05:48:00,25172.100000000093,25172.100000000093
2026-05-05 06:48:00,25172.100000000093,25172.100000000093
2026-05-05 07:48:00,25172.100000000093,25172.100000000093
2026-05-05 08:48:00,25172.100000000093,25172.100000000093
2026-05-05 09:48:00,25172.100000000093,25172.100000000093
2026-05-05 10:48:00,25172.100000000093,25172.100000000093
2026-05-05 11:48:00,25172.100000000093,25172.100000000093
2026-05-05 12:48:00,25172.100000000093,25172.100000000093
2026-05-05 13:48:00,25172.100000000093,25172.100000000093
2026-05-05 14:48:00,25389.690000000093,25689.570000000094
2026-05-05 15:48:00,25710.85000000009,25710.85000000009
2026-05-05 16:48:00,25708.89000000009,25735.490000000085
2026-05-05 17:48:00,25809.130000000085,25809.130000000085
2026-05-05 18:48:00,25809.130000000085,25809.130000000085
2026-05-05 19:48:00,25809.130000000085,25809.130000000085
2026-05-05 20:48:00,25809.130000000085,25809.130000000085
2026-05-05 21:48:00,25809.130000000085,25809.130000000085
2026-05-05 22:48:00,25809.130000000085,25809.130000000085
2026-05-05 23:48:00,25809.130000000085,25809.130000000085
2026-05-06 01:49:00,25804.020000000084,25566.770000000084
2026-05-06 02:49:00,26994.970000000052,26994.970000000052
2026-05-06 03:49:00,26994.970000000052,26994.970000000052
2026-05-06 04:49:00,26994.970000000052,26994.970000000052
2026-05-06 05:49:00,26994.970000000052,26994.970000000052
2026-05-06 06:49:00,26994.970000000052,26994.970000000052
2026-05-06 07:49:00,26994.970000000052,26994.970000000052
2026-05-06 08:49:00,26994.970000000052,26994.970000000052
2026-05-06 09:49:00,26994.970000000052,26994.970000000052
2026-05-06 10:49:00,26994.970000000052,26994.970000000052
2026-05-06 11:49:00,26994.970000000052,26994.970000000052
2026-05-06 12:49:00,26994.970000000052,26994.970000000052
2026-05-06 13:49:00,26994.970000000052,26994.970000000052
2026-05-06 14:49:00,26994.970000000052,26994.970000000052
2026-05-06 15:49:00,27027.100000000064,27027.100000000064
2026-05-06 16:49:00,27027.100000000064,27027.100000000064
2026-05-06 17:49:00,27027.100000000064,27027.100000000064
2026-05-06 18:49:00,27027.100000000064,27027.100000000064
2026-05-06 19:49:00,27027.100000000064,27027.100000000064
2026-05-06 20:49:00,27027.100000000064,27027.100000000064
2026-05-06 21:49:00,27027.100000000064,27027.100000000064
2026-05-06 22:49:00,27027.100000000064,27027.100000000064
2026-05-06 23:49:00,27027.100000000064,27027.100000000064
2026-05-07 01:50:00,27027.100000000064,27027.100000000064
2026-05-07 02:50:00,27027.100000000064,27027.100000000064
2026-05-07 03:50:00,27027.100000000064,27027.100000000064
2026-05-07 04:50:00,27027.100000000064,27027.100000000064
2026-05-07 05:50:00,27027.100000000064,27027.100000000064
2026-05-07 06:50:00,27027.100000000064,27027.100000000064
2026-05-07 07:50:00,27027.100000000064,27027.100000000064
2026-05-07 08:50:00,27027.100000000064,27027.100000000064
2026-05-07 09:50:00,27027.100000000064,27027.100000000064
2026-05-07 10:50:00,27027.100000000064,27027.100000000064
2026-05-07 11:50:00,27027.100000000064,27027.100000000064
2026-05-07 12:50:00,27027.100000000064,27027.100000000064
2026-05-07 13:50:00,27058.460000000065,27169.86000000006
2026-05-07 14:50:00,27056.460000000057,27056.460000000057
2026-05-07 15:50:00,27056.460000000057,27056.460000000057
2026-05-07 16:50:00,27056.460000000057,27056.460000000057
2026-05-07 17:50:00,27056.460000000057,27056.460000000057
2026-05-07 18:50:00,27056.460000000057,27056.460000000057
2026-05-07 19:50:00,27056.460000000057,27056.460000000057
2026-05-07 20:50:00,27056.460000000057,27056.460000000057
2026-05-07 21:50:00,27056.460000000057,27056.460000000057
2026-05-07 22:50:00,27056.460000000057,27056.460000000057
2026-05-07 23:50:00,27056.460000000057,27056.460000000057
2026-05-08 01:51:00,27056.460000000057,27056.460000000057
2026-05-08 02:51:00,27056.460000000057,27056.460000000057
2026-05-08 03:51:00,27056.460000000057,27056.460000000057
2026-05-08 04:51:00,27056.460000000057,27056.460000000057
2026-05-08 05:51:00,26814.260000000068,26814.260000000068
2026-05-08 06:51:00,26814.260000000068,26814.260000000068
2026-05-08 07:51:00,26814.260000000068,26814.260000000068
2026-05-08 08:51:00,26814.260000000068,26814.260000000068
2026-05-08 09:51:00,26814.260000000068,26814.260000000068
2026-05-08 10:51:00,26814.260000000068,26814.260000000068
2026-05-08 11:51:00,26814.260000000068,26814.260000000068
2026-05-08 12:51:00,26814.260000000068,26814.260000000068
2026-05-08 13:51:00,26814.260000000068,26814.260000000068
2026-05-08 14:51:00,26814.260000000068,26814.260000000068
2026-05-08 15:51:00,26828.480000000058,26828.480000000058
2026-05-08 16:51:00,26828.480000000058,26828.480000000058
2026-05-08 17:51:00,26956.02000000006,27224.72000000006
2026-05-08 18:51:00,26956.02000000006,27295.720000000052
2026-05-08 19:51:00,26956.02000000006,27275.420000000056
2026-05-08 20:51:00,26956.02000000006,27202.520000000055
2026-05-08 21:51:00,26956.02000000006,27167.320000000058
2026-05-08 22:51:00,26956.02000000006,27150.420000000056
2026-05-08 23:51:00,26956.02000000006,27252.020000000055
2026-05-11 01:52:00,27204.68000000006,27525.44000000006
2026-05-11 02:52:00,27204.68000000006,27496.100000000057
2026-05-11 03:52:00,27204.68000000006,27614.480000000058
2026-05-11 04:52:00,27252.68000000006,27786.680000000048
2026-05-11 05:52:00,27352.04000000006,27922.94000000006
2026-05-11 06:52:00,27352.04000000006,27963.800000000054
2026-05-11 07:52:00,27352.04000000006,28082.420000000056
2026-05-11 08:52:00,28065.98000000006,28344.740000000063
2026-05-11 09:52:00,28065.98000000006,28199.42000000006
2026-05-11 10:52:00,28065.98000000006,28274.48000000006
2026-05-11 11:52:00,28065.98000000006,28249.40000000006
2026-05-11 12:52:00,28065.98000000006,28307.660000000065
2026-05-11 13:52:00,28065.98000000006,28266.92000000006
2026-05-11 14:52:00,28065.98000000006,28239.080000000064
2026-05-11 15:52:00,28065.98000000006,28115.780000000064
2026-05-11 16:52:00,28065.380000000063,28065.380000000063
2026-05-11 17:52:00,28065.380000000063,28065.380000000063
2026-05-11 18:52:00,28065.380000000063,28065.380000000063
2026-05-11 19:52:00,28063.210000000065,28166.130000000085
2026-05-11 20:52:00,28109.760000000068,28376.640000000087
2026-05-11 21:52:00,28202.86000000007,28452.590000000077
2026-05-11 22:52:00,28202.86000000007,28546.090000000077
2026-05-11 23:52:00,28202.86000000007,28571.590000000077
2026-05-12 01:53:00,28383.99000000007,28788.99000000007
2026-05-12 02:53:00,28915.790000000074,28915.790000000074
2026-05-12 03:53:00,28915.790000000074,28915.790000000074
2026-05-12 04:53:00,28915.790000000074,28915.790000000074
2026-05-12 05:53:00,28915.790000000074,28915.790000000074
2026-05-12 06:53:00,28915.790000000074,28915.790000000074
2026-05-12 07:53:00,28915.790000000074,28915.790000000074
2026-05-12 08:53:00,28915.790000000074,28915.790000000074
2026-05-12 09:53:00,28915.790000000074,28915.790000000074
2026-05-12 10:53:00,28915.790000000074,28915.790000000074
2026-05-12 11:53:00,28915.790000000074,28915.790000000074
2026-05-12 12:53:00,28915.790000000074,28915.790000000074
2026-05-12 13:53:00,28915.790000000074,28915.790000000074
2026-05-12 14:53:00,28915.790000000074,28915.790000000074
2026-05-12 15:53:00,28915.790000000074,28915.790000000074
2026-05-12 16:53:00,28915.790000000074,28915.790000000074
2026-05-12 17:53:00,29124.090000000084,29124.090000000084
2026-05-12 18:53:00,29124.090000000084,29124.090000000084
2026-05-12 19:53:00,29124.090000000084,29124.090000000084
2026-05-12 20:53:00,29124.090000000084,29124.090000000084
2026-05-12 21:53:00,29124.090000000084,29124.090000000084
2026-05-12 22:53:00,29124.090000000084,29124.090000000084
2026-05-12 23:53:00,29120.450000000084,29125.130000000092
2026-05-13 01:54:00,29152.430000000113,29152.430000000113
2026-05-13 02:54:00,29152.430000000113,29152.430000000113
2026-05-13 03:54:00,29152.430000000113,29152.430000000113
2026-05-13 04:54:00,29152.430000000113,29152.430000000113
2026-05-13 05:54:00,29152.430000000113,29152.430000000113
2026-05-13 06:54:00,29152.430000000113,29152.430000000113
2026-05-13 07:54:00,29152.430000000113,29152.430000000113
2026-05-13 08:54:00,29152.430000000113,29152.430000000113
2026-05-13 09:54:00,29152.430000000113,29152.430000000113
2026-05-13 10:54:00,29152.430000000113,29152.430000000113
2026-05-13 11:54:00,29152.430000000113,29152.430000000113
2026-05-13 12:54:00,29152.430000000113,29152.430000000113
2026-05-13 13:54:00,29152.430000000113,29152.430000000113
2026-05-13 14:54:00,29152.430000000113,29152.430000000113
2026-05-13 15:54:00,29152.430000000113,29152.430000000113
2026-05-13 16:54:00,29152.430000000113,29152.430000000113
2026-05-13 17:54:00,29152.430000000113,29152.430000000113
2026-05-13 18:54:00,29152.430000000113,29152.430000000113
2026-05-13 19:54:00,29152.430000000113,29152.430000000113
2026-05-13 20:54:00,29152.430000000113,29152.430000000113
2026-05-13 21:54:00,29152.430000000113,29152.430000000113
2026-05-13 22:54:00,29152.430000000113,29152.430000000113
2026-05-13 23:54:00,29152.430000000113,29152.430000000113
2026-05-14 01:55:00,29152.430000000113,29152.430000000113
2026-05-14 02:55:00,29152.430000000113,29152.430000000113
2026-05-14 03:55:00,29152.430000000113,29152.430000000113
2026-05-14 04:55:00,29152.430000000113,29152.430000000113
2026-05-14 05:55:00,29152.430000000113,29152.430000000113
2026-05-14 06:55:00,29152.430000000113,29152.430000000113
2026-05-14 07:55:00,29152.430000000113,29152.430000000113
2026-05-14 08:55:00,29152.430000000113,29152.430000000113
2026-05-14 09:55:00,29404.58000000011,29757.23000000008
2026-05-14 10:55:00,30078.72000000008,30078.72000000008
2026-05-14 11:55:00,30078.72000000008,30078.72000000008
2026-05-14 12:55:00,30078.72000000008,30078.72000000008
2026-05-14 13:55:00,30078.72000000008,30078.72000000008
2026-05-14 14:55:00,30078.72000000008,30078.72000000008
2026-05-14 15:55:00,30078.72000000008,30078.72000000008
2026-05-14 16:55:00,30078.72000000008,30078.72000000008
2026-05-14 17:55:00,30078.72000000008,30078.72000000008
2026-05-14 18:55:00,30078.72000000008,30078.72000000008
2026-05-14 19:55:00,30078.72000000008,30078.72000000008
2026-05-14 20:55:00,30078.72000000008,30078.72000000008
2026-05-14 21:55:00,30078.72000000008,30078.72000000008
2026-05-14 22:55:00,30078.72000000008,30078.72000000008
2026-05-14 23:55:00,30078.72000000008,30078.72000000008
2026-05-15 01:56:00,30078.72000000008,30078.72000000008
2026-05-15 02:56:00,30078.72000000008,30078.72000000008
2026-05-15 03:56:00,30078.72000000008,30078.72000000008
2026-05-15 04:56:00,30111.450000000073,30111.450000000073
2026-05-15 05:56:00,30111.450000000073,30111.450000000073
2026-05-15 06:56:00,30111.450000000073,30111.450000000073
2026-05-15 07:56:00,30111.450000000073,30111.450000000073
2026-05-15 08:56:00,30111.450000000073,30111.450000000073
2026-05-15 09:56:00,30111.450000000073,30111.450000000073
2026-05-15 10:56:00,30111.450000000073,30111.450000000073
2026-05-15 11:56:00,30111.450000000073,30111.450000000073
2026-05-15 12:56:00,30111.450000000073,30111.450000000073
2026-05-15 13:56:00,30111.450000000073,30111.450000000073
2026-05-15 14:56:00,30111.450000000073,30111.450000000073
2026-05-15 15:56:00,30111.450000000073,30111.450000000073
2026-05-15 16:56:00,30111.450000000073,30111.450000000073
2026-05-15 17:56:00,30111.450000000073,30111.450000000073
2026-05-15 18:56:00,30111.450000000073,30111.450000000073
2026-05-15 19:56:00,30111.450000000073,30111.450000000073
2026-05-15 20:56:00,30111.450000000073,30111.450000000073
2026-05-15 21:56:00,30111.450000000073,30111.450000000073
2026-05-15 22:56:00,30111.450000000073,30111.450000000073
2026-05-15 23:56:00,30111.450000000073,30111.450000000073
2026-05-18 01:57:00,30111.450000000073,30111.450000000073
2026-05-18 02:57:00,30111.450000000073,30111.450000000073
2026-05-18 03:57:00,30111.450000000073,30111.450000000073
2026-05-18 04:57:00,30111.450000000073,30111.450000000073
2026-05-18 05:57:00,30111.450000000073,30111.450000000073
2026-05-18 06:57:00,30111.450000000073,30111.450000000073
2026-05-18 07:57:00,30111.450000000073,30111.450000000073
2026-05-18 08:57:00,30111.450000000073,30111.450000000073
2026-05-18 09:57:00,30111.450000000073,30111.450000000073
2026-05-18 10:57:00,30111.450000000073,30111.450000000073
2026-05-18 11:57:00,30111.450000000073,30111.450000000073
2026-05-18 12:57:00,30111.450000000073,30111.450000000073
2026-05-18 13:57:00,30111.450000000073,30111.450000000073
2026-05-18 14:57:00,30111.450000000073,30111.450000000073
2026-05-18 15:57:00,30111.450000000073,30111.450000000073
2026-05-18 16:57:00,30111.450000000073,30111.450000000073
2026-05-18 17:57:00,30145.920000000064,30145.920000000064
2026-05-18 18:57:00,30145.920000000064,30145.920000000064
2026-05-18 19:57:00,30145.920000000064,30145.920000000064
2026-05-18 20:57:00,30145.920000000064,30145.920000000064
2026-05-18 21:57:00,30145.920000000064,30145.920000000064
2026-05-18 22:57:00,30253.830000000064,30294.870000000064
2026-05-18 23:57:00,30252.630000000056,30252.630000000056
2026-05-19 01:58:00,30252.630000000056,30252.630000000056
2026-05-19 02:58:00,30252.630000000056,30252.630000000056
2026-05-19 03:58:00,30252.630000000056,30252.630000000056
2026-05-19 04:58:00,30252.630000000056,30252.630000000056
2026-05-19 05:58:00,30252.630000000056,30252.630000000056
2026-05-19 06:58:00,30252.630000000056,30252.630000000056
2026-05-19 07:58:00,30252.630000000056,30252.630000000056
2026-05-19 08:58:00,30252.630000000056,30252.630000000056
2026-05-19 09:58:00,30252.630000000056,30252.630000000056
2026-05-19 10:58:00,30252.630000000056,30252.630000000056
2026-05-19 11:58:00,30252.630000000056,30252.630000000056
2026-05-19 12:58:00,30252.630000000056,30252.630000000056
2026-05-19 13:58:00,30252.630000000056,30252.630000000056
2026-05-19 14:58:00,30252.630000000056,30252.630000000056
2026-05-19 15:58:00,30252.630000000056,30252.630000000056
2026-05-19 16:58:00,30252.630000000056,30252.630000000056
2026-05-19 17:58:00,30252.630000000056,30252.630000000056
2026-05-19 18:58:00,30252.630000000056,30252.630000000056
2026-05-19 19:58:00,30252.630000000056,30252.630000000056
2026-05-19 20:58:00,30252.630000000056,30252.630000000056
2026-05-19 21:58:00,30252.630000000056,30252.630000000056
2026-05-19 22:58:00,30252.630000000056,30252.630000000056
2026-05-19 23:58:00,30252.630000000056,30252.630000000056
2026-05-20 01:59:00,30252.630000000056,30252.630000000056
2026-05-20 02:59:00,30252.630000000056,30252.630000000056
2026-05-20 03:59:00,30252.630000000056,30252.630000000056
2026-05-20 04:59:00,30252.630000000056,30252.630000000056
2026-05-20 05:59:00,30252.630000000056,30252.630000000056
2026-05-20 06:59:00,30252.630000000056,30252.630000000056
2026-05-20 07:59:00,30252.630000000056,30252.630000000056
2026-05-20 08:59:00,30252.630000000056,30252.630000000056
2026-05-20 09:59:00,30252.630000000056,30252.630000000056
2026-05-20 10:59:00,30252.630000000056,30252.630000000056
2026-05-20 11:59:00,30252.630000000056,30252.630000000056
2026-05-20 12:59:00,30252.630000000056,30252.630000000056
2026-05-20 13:59:00,30252.630000000056,30252.630000000056
2026-05-20 14:59:00,30252.630000000056,30252.630000000056
2026-05-20 15:59:00,30252.630000000056,30252.630000000056
2026-05-20 16:59:00,30252.630000000056,30252.630000000056
2026-05-20 17:59:00,30286.31000000004,30286.31000000004
2026-05-20 18:59:00,30286.31000000004,30286.31000000004
2026-05-20 19:59:00,30286.31000000004,30286.31000000004
2026-05-20 20:59:00,30286.31000000004,30286.31000000004
2026-05-20 21:59:00,30286.31000000004,30286.31000000004
2026-05-20 22:59:00,30286.31000000004,30286.31000000004
2026-05-21 01:00:00,30286.31000000004,30286.31000000004
2026-05-21 02:00:00,30286.31000000004,30286.31000000004
2026-05-21 03:00:00,30286.31000000004,30286.31000000004
2026-05-21 04:00:00,30286.31000000004,30286.31000000004
2026-05-21 05:00:00,30286.31000000004,30286.31000000004
2026-05-21 06:00:00,30286.31000000004,30286.31000000004
2026-05-21 07:00:00,30286.31000000004,30286.31000000004
2026-05-21 08:00:00,30286.31000000004,30286.31000000004
2026-05-21 09:00:00,30286.31000000004,30286.31000000004
2026-05-21 10:00:00,30286.31000000004,30286.31000000004
2026-05-21 11:00:00,30336.33000000004,30525.33000000006
2026-05-21 12:00:00,30655.440000000046,30878.520000000044
2026-05-21 13:00:00,30655.440000000046,30858.76000000005
2026-05-21 14:00:00,30654.140000000054,30654.140000000054
2026-05-21 15:00:00,30693.44000000005,30749.09000000005
2026-05-21 16:00:00,30691.940000000046,30691.940000000046
2026-05-21 17:00:00,30691.940000000046,30691.940000000046
2026-05-21 18:00:00,30691.940000000046,30691.940000000046
2026-05-21 19:00:00,30691.940000000046,30691.940000000046
2026-05-21 20:00:00,30691.940000000046,30691.940000000046
2026-05-21 21:00:00,30691.940000000046,30691.940000000046
2026-05-21 22:00:00,30691.940000000046,30691.940000000046
2026-05-21 23:00:00,30691.940000000046,30691.940000000046
2026-05-22 01:01:00,30691.940000000046,30691.940000000046
2026-05-22 02:01:00,30691.940000000046,30691.940000000046
2026-05-22 03:01:00,30691.940000000046,30691.940000000046
2026-05-22 04:01:00,30856.15000000006,31020.65000000006
2026-05-22 05:01:00,30853.650000000074,30853.650000000074
2026-05-22 06:01:00,30853.650000000074,30853.650000000074
2026-05-22 07:01:00,30853.650000000074,30853.650000000074
2026-05-22 08:01:00,30853.650000000074,30853.650000000074
2026-05-22 09:01:00,30853.650000000074,30853.650000000074
2026-05-22 10:01:00,30853.650000000074,30853.650000000074
2026-05-22 11:01:00,30853.650000000074,30853.650000000074
2026-05-22 12:01:00,30853.650000000074,30853.650000000074
2026-05-22 13:01:00,30853.650000000074,30853.650000000074
2026-05-22 14:01:00,30853.650000000074,30853.650000000074
2026-05-22 15:01:00,30853.650000000074,30853.650000000074
2026-05-22 16:01:00,30853.650000000074,30853.650000000074
2026-05-22 17:01:00,30853.650000000074,30853.650000000074
2026-05-22 18:01:00,30853.650000000074,30853.650000000074
2026-05-22 19:01:00,30853.650000000074,30853.650000000074
2026-05-22 20:01:00,30853.650000000074,30853.650000000074
2026-05-22 21:01:00,30853.650000000074,30853.650000000074
2026-05-22 22:01:00,30853.650000000074,30853.650000000074
2026-05-22 23:01:00,30853.650000000074,30853.650000000074
2026-05-25 01:02:00,30853.650000000074,30853.650000000074
2026-05-25 02:02:00,30853.650000000074,30853.650000000074
2026-05-25 03:02:00,30853.650000000074,30853.650000000074
2026-05-25 04:02:00,30853.650000000074,30853.650000000074
2026-05-25 05:02:00,30853.650000000074,30853.650000000074
2026-05-25 06:02:00,30853.650000000074,30853.650000000074
2026-05-25 07:02:00,30853.650000000074,30853.650000000074
2026-05-25 08:02:00,30853.650000000074,30853.650000000074
2026-05-25 09:02:00,30853.650000000074,30853.650000000074
2026-05-25 10:02:00,30853.650000000074,30853.650000000074
2026-05-25 11:02:00,30853.650000000074,30853.650000000074
2026-05-25 12:02:00,30853.650000000074,30853.650000000074
2026-05-25 13:02:00,30853.650000000074,30853.650000000074
2026-05-25 14:02:00,30853.650000000074,30853.650000000074
2026-05-25 15:02:00,30853.650000000074,30853.650000000074
2026-05-25 16:02:00,30853.650000000074,30853.650000000074
2026-05-25 17:02:00,30853.650000000074,30853.650000000074
2026-05-25 18:02:00,30853.650000000074,30853.650000000074
2026-05-25 19:02:00,30853.650000000074,30853.650000000074
2026-05-25 20:02:00,30853.650000000074,30853.650000000074
2026-05-25 21:02:00,30853.650000000074,30853.650000000074
2026-05-25 22:03:00,30853.650000000074,30853.650000000074
2026-05-26 01:54:00,30853.650000000074,30853.650000000074
2026-05-26 02:54:00,30853.650000000074,30853.650000000074
2026-05-26 03:54:00,30853.020000000073,30793.530000000075
2026-05-26 04:54:00,30853.020000000073,30729.360000000073
2026-05-26 05:54:00,30853.020000000073,30704.520000000073
2026-05-26 06:54:00,30853.020000000073,30797.310000000078
2026-05-26 07:54:00,30853.020000000073,30662.49000000007
2026-05-26 08:54:00,30853.020000000073,30655.92000000008
2026-05-26 09:54:00,30853.020000000073,30696.60000000007
2026-05-26 10:54:00,30853.020000000073,30698.220000000074
2026-05-26 11:54:00,30853.020000000073,30631.26000000007
2026-05-26 12:54:00,30853.020000000073,30584.820000000072
2026-05-26 13:54:00,30853.020000000073,30725.670000000075
2026-05-26 14:54:00,30500.130000000074,30500.130000000074
2026-05-26 15:54:00,30500.130000000074,30500.130000000074
2026-05-26 16:54:00,30500.130000000074,30500.130000000074
2026-05-26 17:54:00,30529.81000000006,30529.81000000006
2026-05-26 18:54:00,30529.81000000006,30529.81000000006
2026-05-26 19:54:00,30529.81000000006,30529.81000000006
2026-05-26 20:54:00,30529.81000000006,30529.81000000006
2026-05-26 21:54:00,30529.81000000006,30529.81000000006
2026-05-26 22:54:00,30529.81000000006,30529.81000000006
2026-05-26 23:54:00,30529.81000000006,30529.81000000006
2026-05-27 01:55:00,30529.81000000006,30529.81000000006
2026-05-27 02:55:00,30529.81000000006,30529.81000000006
2026-05-27 03:55:00,30529.81000000006,30529.81000000006
2026-05-27 04:55:00,30529.81000000006,30529.81000000006
2026-05-27 05:55:00,30529.81000000006,30529.81000000006
2026-05-27 06:55:00,30529.81000000006,30529.81000000006
2026-05-27 07:55:00,30529.81000000006,30529.81000000006
2026-05-27 08:55:00,30529.81000000006,30529.81000000006
2026-05-27 09:55:00,30529.81000000006,30529.81000000006
2026-05-27 10:55:00,30529.81000000006,30529.81000000006
2026-05-27 11:55:00,30529.81000000006,30529.81000000006
2026-05-27 12:55:00,30529.81000000006,30529.81000000006
2026-05-27 13:55:00,30529.81000000006,30529.81000000006
2026-05-27 14:55:00,30529.81000000006,30529.81000000006
2026-05-27 15:55:00,30529.81000000006,30529.81000000006
2026-05-27 16:55:00,30529.81000000006,30529.81000000006
2026-05-27 17:55:00,30529.81000000006,30529.81000000006
2026-05-27 18:55:00,30529.81000000006,30529.81000000006
2026-05-27 19:55:00,30529.81000000006,30529.81000000006
2026-05-27 20:55:00,30529.81000000006,30529.81000000006
2026-05-27 21:55:00,30529.81000000006,30529.81000000006
2026-05-27 22:55:00,30529.81000000006,30529.81000000006
2026-05-27 23:55:00,30529.81000000006,30529.81000000006
2026-05-28 01:56:00,30529.81000000006,30529.81000000006
2026-05-28 02:56:00,30529.81000000006,30529.81000000006
2026-05-28 03:56:00,30529.81000000006,30529.81000000006
2026-05-28 04:56:00,30529.81000000006,30529.81000000006
2026-05-28 05:56:00,30529.81000000006,30529.81000000006
2026-05-28 06:56:00,30529.81000000006,30529.81000000006
2026-05-28 07:56:00,30529.81000000006,30529.81000000006
2026-05-28 08:56:00,30529.81000000006,30529.81000000006
2026-05-28 09:56:00,30529.81000000006,30529.81000000006
2026-05-28 10:56:00,30529.81000000006,30529.81000000006
2026-05-28 11:56:00,30529.81000000006,30529.81000000006
2026-05-28 12:56:00,30529.81000000006,30529.81000000006
2026-05-28 13:56:00,30529.81000000006,30529.81000000006
2026-05-28 14:56:00,30529.81000000006,30529.81000000006
2026-05-28 15:56:00,30529.81000000006,30529.81000000006
2026-05-28 16:56:00,30557.370000000054,30557.370000000054
2026-05-28 17:56:00,30557.370000000054,30557.370000000054
2026-05-28 18:56:00,30557.370000000054,30557.370000000054
2026-05-28 19:56:00,30557.370000000054,30557.370000000054
2026-05-28 20:56:00,30557.370000000054,30557.370000000054
2026-05-28 21:56:00,30557.370000000054,30557.370000000054
2026-05-28 22:56:00,30557.370000000054,30557.370000000054
2026-05-28 23:56:00,30553.940000000053,30465.250000000033
2026-05-29 01:57:00,30525.590000000055,30264.86999999999
2026-05-29 02:57:00,30525.590000000055,30408.390000000003
2026-05-29 03:57:00,30566.290000000037,30407.480000000032
2026-05-29 04:57:00,30650.160000000014,30650.160000000014
2026-05-29 05:57:00,30780.830000000016,30928.530000000024
2026-05-29 06:57:00,30836.48000000002,30836.48000000002
2026-05-29 07:57:00,30836.48000000002,30836.48000000002
2026-05-29 08:57:00,30836.48000000002,30836.48000000002
2026-05-29 09:57:00,30836.48000000002,30836.48000000002
2026-05-29 10:57:00,30836.48000000002,30836.48000000002
2026-05-29 11:57:00,30559.64000000003,30559.64000000003
2026-05-29 12:57:00,30559.64000000003,30559.64000000003
2026-05-29 13:57:00,30559.64000000003,30559.64000000003
2026-05-29 14:57:00,30559.64000000003,30559.64000000003
2026-05-29 15:57:00,30559.64000000003,30559.64000000003
2026-05-29 16:57:00,30559.64000000003,30559.64000000003
2026-05-29 17:57:00,30559.64000000003,30559.64000000003
2026-05-29 18:57:00,30559.64000000003,30559.64000000003
2026-05-29 19:57:00,30559.64000000003,30559.64000000003
2026-05-29 20:57:00,30559.010000000028,30533.360000000033
2026-05-29 21:57:00,30559.010000000028,30553.79000000003
2026-05-29 22:57:00,30559.010000000028,30457.400000000027
2026-05-29 23:57:00,30425.99000000003,30425.99000000003
2026-06-01 01:58:00,30425.99000000003,30425.99000000003
2026-06-01 02:58:00,30425.99000000003,30425.99000000003
2026-06-01 03:58:00,30425.99000000003,30425.99000000003
2026-06-01 04:58:00,30425.99000000003,30425.99000000003
2026-06-01 05:58:00,30425.99000000003,30425.99000000003
2026-06-01 06:58:00,30425.99000000003,30425.99000000003
2026-06-01 07:58:00,30425.99000000003,30425.99000000003
2026-06-01 08:58:00,30425.99000000003,30425.99000000003
2026-06-01 09:58:00,30425.99000000003,30425.99000000003
2026-06-01 10:58:00,30425.99000000003,30425.99000000003
2026-06-01 11:58:00,30425.99000000003,30425.99000000003
2026-06-01 12:58:00,30425.99000000003,30425.99000000003
2026-06-01 13:58:00,30425.99000000003,30425.99000000003
2026-06-01 14:58:00,30425.99000000003,30425.99000000003
2026-06-01 15:58:00,30425.99000000003,30425.99000000003
2026-06-01 16:58:00,30425.15000000003,30211.310000000034
2026-06-01 17:58:00,30425.15000000003,30281.390000000025
2026-06-01 18:58:00,30425.15000000003,30484.310000000034
2026-06-01 19:58:00,30425.15000000003,30551.63000000003
2026-06-01 20:58:00,30469.19000000003,30640.100000000028
2026-06-01 21:58:00,30469.19000000003,30635.060000000034
2026-06-01 22:58:00,30469.19000000003,30575.300000000032
2026-06-01 23:58:00,30469.19000000003,30613.280000000035
2026-06-02 01:59:00,30464.69000000003,30616.88000000003
2026-06-02 02:59:00,30464.69000000003,30606.170000000035
2026-06-02 03:59:00,30464.69000000003,30580.52000000003
2026-06-02 04:59:00,30463.790000000034,30463.790000000034
2026-06-02 05:59:00,30463.790000000034,30463.790000000034
2026-06-02 06:59:00,30463.790000000034,30463.790000000034
2026-06-02 07:59:00,30463.790000000034,30463.790000000034
2026-06-02 08:59:00,30463.790000000034,30463.790000000034
2026-06-02 09:59:00,30463.790000000034,30463.790000000034
2026-06-02 10:59:00,30463.790000000034,30463.790000000034
2026-06-02 11:59:00,30463.790000000034,30463.790000000034
2026-06-02 12:59:00,30463.790000000034,30463.790000000034
2026-06-02 13:59:00,30463.790000000034,30463.790000000034
2026-06-02 14:59:00,30463.790000000034,30463.790000000034
2026-06-02 15:59:00,30462.600000000035,30453.250000000033
2026-06-02 16:59:00,30499.060000000027,30499.060000000027
2026-06-02 17:59:00,30499.060000000027,30499.060000000027
2026-06-02 18:59:00,30499.060000000027,30499.060000000027
2026-06-02 19:59:00,30499.060000000027,30499.060000000027
2026-06-02 20:59:00,30499.060000000027,30499.060000000027
2026-06-02 21:59:00,30499.060000000027,30499.060000000027
2026-06-02 22:59:00,30499.060000000027,30499.060000000027
2026-06-03 01:00:00,30499.060000000027,30499.060000000027
2026-06-03 02:00:00,30499.060000000027,30499.060000000027
2026-06-03 03:00:00,30499.060000000027,30499.060000000027
2026-06-03 04:00:00,30499.060000000027,30499.060000000027
2026-06-03 05:00:00,30499.060000000027,30499.060000000027
2026-06-03 06:00:00,30499.060000000027,30499.060000000027
2026-06-03 07:00:00,30499.060000000027,30499.060000000027
2026-06-03 08:00:00,30499.060000000027,30499.060000000027
2026-06-03 09:00:00,30499.060000000027,30499.060000000027
2026-06-03 10:00:00,30499.060000000027,30499.060000000027
2026-06-03 11:00:00,30499.060000000027,30499.060000000027
2026-06-03 12:00:00,30499.060000000027,30499.060000000027
2026-06-03 13:00:00,30499.060000000027,30499.060000000027
2026-06-03 14:00:00,30499.060000000027,30499.060000000027
2026-06-03 15:00:00,30499.060000000027,30499.060000000027
2026-06-03 16:00:00,30499.060000000027,30499.060000000027
2026-06-03 17:00:00,30499.060000000027,30499.060000000027
2026-06-03 18:00:00,30499.060000000027,30499.060000000027
2026-06-03 19:00:00,30499.060000000027,30499.060000000027
2026-06-03 20:00:00,30499.060000000027,30499.060000000027
2026-06-03 21:00:00,30611.62000000003,30763.300000000025
2026-06-03 22:00:00,30611.62000000003,30696.420000000035
2026-06-03 23:00:00,30610.020000000026,30610.020000000026
2026-06-04 01:01:00,30610.020000000026,30610.020000000026
2026-06-04 02:01:00,30610.020000000026,30610.020000000026
2026-06-04 03:01:00,30610.020000000026,30610.020000000026
2026-06-04 04:01:00,30610.020000000026,30610.020000000026
2026-06-04 05:01:00,30610.020000000026,30610.020000000026
2026-06-04 06:01:00,30610.020000000026,30610.020000000026
2026-06-04 07:01:00,30610.020000000026,30610.020000000026
2026-06-04 08:01:00,30610.020000000026,30610.020000000026
2026-06-04 09:01:00,30610.020000000026,30610.020000000026
2026-06-04 10:01:00,30610.020000000026,30610.020000000026
2026-06-04 11:01:00,30610.020000000026,30610.020000000026
2026-06-04 12:01:00,30610.020000000026,30610.020000000026
2026-06-04 13:01:00,30610.020000000026,30610.020000000026
2026-06-04 14:01:00,30610.020000000026,30610.020000000026
2026-06-04 15:01:00,30610.020000000026,30610.020000000026
2026-06-04 16:01:00,30610.020000000026,30610.020000000026
2026-06-04 17:01:00,30610.020000000026,30610.020000000026
2026-06-04 18:01:00,30335.970000000016,30335.970000000016
2026-06-04 19:01:00,30335.970000000016,30335.970000000016
2026-06-04 20:01:00,30335.970000000016,30335.970000000016
2026-06-04 21:01:00,30335.970000000016,30335.970000000016
2026-06-04 22:01:00,30335.970000000016,30335.970000000016
2026-06-04 23:01:00,30335.970000000016,30335.970000000016
2026-06-05 01:02:00,30335.970000000016,30335.970000000016
2026-06-05 02:02:00,30335.970000000016,30335.970000000016
2026-06-05 03:02:00,30335.970000000016,30335.970000000016
2026-06-05 04:02:00,30335.970000000016,30335.970000000016
2026-06-05 05:02:00,30335.970000000016,30335.970000000016
2026-06-05 06:02:00,30335.970000000016,30335.970000000016
2026-06-05 07:02:00,30335.970000000016,30335.970000000016
2026-06-05 08:02:00,30335.970000000016,30335.970000000016
2026-06-05 09:02:00,30335.970000000016,30335.970000000016
2026-06-05 10:02:00,30530.730000000018,30530.730000000018
2026-06-05 11:02:00,30530.730000000018,30530.730000000018
2026-06-05 12:02:00,30530.730000000018,30530.730000000018
2026-06-05 13:02:00,30530.730000000018,30530.730000000018
2026-06-05 14:02:00,30530.730000000018,30530.730000000018
2026-06-05 15:02:00,30530.730000000018,30530.730000000018
2026-06-05 16:02:00,30575.46000000003,30528.480000000032
2026-06-05 17:02:00,30325.350000000024,30325.350000000024
2026-06-05 18:02:00,30325.350000000024,30325.350000000024
2026-06-05 19:02:00,30325.350000000024,30325.350000000024
2026-06-05 20:02:00,30325.350000000024,30325.350000000024
2026-06-05 21:02:00,30325.350000000024,30325.350000000024
2026-06-05 22:02:00,30325.350000000024,30325.350000000024
2026-06-05 23:02:00,30325.350000000024,30325.350000000024
2026-06-08 01:03:00,30325.350000000024,30325.350000000024
2026-06-08 02:03:00,30325.350000000024,30325.350000000024
2026-06-08 03:03:00,30325.350000000024,30325.350000000024
2026-06-08 04:03:00,30325.350000000024,30325.350000000024
2026-06-08 05:03:00,30325.350000000024,30325.350000000024
2026-06-08 06:03:00,30325.350000000024,30325.350000000024
2026-06-08 07:03:00,30325.350000000024,30325.350000000024
2026-06-08 08:03:00,30325.350000000024,30325.350000000024
2026-06-08 09:03:00,30325.350000000024,30325.350000000024
2026-06-08 10:03:00,30325.350000000024,30325.350000000024
2026-06-08 11:03:00,30325.350000000024,30325.350000000024
2026-06-08 12:03:00,30325.350000000024,30325.350000000024
2026-06-08 13:03:00,30325.350000000024,30325.350000000024
2026-06-08 14:03:00,30325.350000000024,30325.350000000024
2026-06-08 15:03:00,30325.350000000024,30325.350000000024
2026-06-08 16:03:00,30325.350000000024,30325.350000000024
2026-06-08 17:03:00,30325.350000000024,30325.350000000024
2026-06-08 18:03:00,30324.090000000026,30182.610000000015
2026-06-08 19:03:00,30023.490000000027,30023.490000000027
2026-06-08 20:03:00,30023.490000000027,30023.490000000027
2026-06-08 21:03:00,30023.490000000027,30023.490000000027
2026-06-08 22:03:00,30023.490000000027,30023.490000000027
2026-06-08 23:03:00,30023.490000000027,30023.490000000027
2026-06-09 01:04:00,30023.490000000027,30023.490000000027
2026-06-09 02:04:00,30023.490000000027,30023.490000000027
2026-06-09 03:04:00,30023.490000000027,30023.490000000027
2026-06-09 04:04:00,30023.490000000027,30023.490000000027
2026-06-09 05:04:00,30023.490000000027,30023.490000000027
2026-06-09 06:04:00,30023.490000000027,30023.490000000027
2026-06-09 07:04:00,30023.490000000027,30023.490000000027
2026-06-09 08:04:00,30023.490000000027,30023.490000000027
2026-06-09 09:04:00,30023.490000000027,30023.490000000027
2026-06-09 10:04:00,30023.490000000027,30023.490000000027
2026-06-09 11:04:00,30023.490000000027,30023.490000000027
2026-06-09 12:04:00,30023.490000000027,30023.490000000027
2026-06-09 13:04:00,30023.490000000027,30023.490000000027
2026-06-09 14:04:00,30023.490000000027,30023.490000000027
2026-06-09 15:04:00,30023.490000000027,30023.490000000027
2026-06-09 16:04:00,30023.490000000027,30023.490000000027
2026-06-09 17:04:00,30023.490000000027,30023.490000000027
2026-06-09 18:04:00,30023.490000000027,30023.490000000027
2026-06-09 19:04:00,30023.490000000027,30023.490000000027
2026-06-09 20:04:00,30023.490000000027,30023.490000000027
2026-06-09 21:04:00,30023.490000000027,30023.490000000027
2026-06-09 22:04:00,30023.490000000027,30023.490000000027
2026-06-09 23:04:00,30023.490000000027,30023.490000000027
2026-06-10 01:05:00,30023.490000000027,30023.490000000027
2026-06-10 02:05:00,30023.490000000027,30023.490000000027
2026-06-10 03:05:00,30023.490000000027,30023.490000000027
2026-06-10 04:05:00,30023.490000000027,30023.490000000027
2026-06-10 05:05:00,30023.490000000027,30023.490000000027
2026-06-10 06:05:00,30023.490000000027,30023.490000000027
2026-06-10 07:05:00,30023.490000000027,30023.490000000027
2026-06-10 08:05:00,30023.490000000027,30023.490000000027
2026-06-10 09:05:00,30023.490000000027,30023.490000000027
2026-06-10 10:05:00,30023.490000000027,30023.490000000027
2026-06-10 11:05:00,30023.490000000027,30023.490000000027
2026-06-10 12:05:00,30023.490000000027,30023.490000000027
2026-06-10 13:05:00,30023.490000000027,30023.490000000027
2026-06-10 14:05:00,30023.490000000027,30023.490000000027
2026-06-10 15:05:00,30023.490000000027,30023.490000000027
2026-06-10 16:05:00,30023.490000000027,30023.490000000027
2026-06-10 17:05:00,30023.490000000027,30023.490000000027
2026-06-10 18:05:00,30023.490000000027,30023.490000000027
2026-06-10 19:05:00,30023.490000000027,30023.490000000027
2026-06-10 20:05:00,30023.490000000027,30023.490000000027
2026-06-10 21:05:00,30023.490000000027,30023.490000000027
2026-06-10 22:05:00,30023.490000000027,30023.490000000027
2026-06-10 23:05:00,30023.490000000027,30023.490000000027
2026-06-11 01:06:00,30023.490000000027,30023.490000000027
2026-06-11 02:06:00,30023.490000000027,30023.490000000027
2026-06-11 03:06:00,30023.490000000027,30023.490000000027
2026-06-11 04:06:00,30023.490000000027,30023.490000000027
2026-06-11 05:06:00,30023.490000000027,30023.490000000027
2026-06-11 06:06:00,30023.490000000027,30023.490000000027
2026-06-11 07:06:00,30023.490000000027,30023.490000000027
2026-06-11 08:06:00,30023.490000000027,30023.490000000027
2026-06-11 09:06:00,30023.490000000027,30023.490000000027
2026-06-11 10:06:00,30023.490000000027,30023.490000000027
2026-06-11 11:06:00,30023.490000000027,30023.490000000027
2026-06-11 12:06:00,30023.490000000027,30023.490000000027
2026-06-11 13:06:00,30023.490000000027,30023.490000000027
2026-06-11 14:06:00,30023.490000000027,30023.490000000027
2026-06-11 15:06:00,30023.490000000027,30023.490000000027
2026-06-11 16:06:00,30023.490000000027,30023.490000000027
2026-06-11 17:06:00,30023.490000000027,30023.490000000027
2026-06-11 18:06:00,30023.490000000027,30023.490000000027
2026-06-11 19:06:00,30023.490000000027,30023.490000000027
2026-06-11 20:06:00,30023.490000000027,30023.490000000027
2026-06-11 21:06:00,29844.710000000032,29844.710000000032
2026-06-11 22:06:00,29844.710000000032,29844.710000000032
2026-06-11 23:06:00,29844.710000000032,29844.710000000032
2026-06-12 01:07:00,29844.710000000032,29844.710000000032
2026-06-12 02:07:00,29844.710000000032,29844.710000000032
2026-06-12 03:07:00,29844.710000000032,29844.710000000032
2026-06-12 04:07:00,29896.480000000032,29994.200000000026
2026-06-12 05:07:00,29893.680000000048,29893.680000000048
2026-06-12 06:07:00,29893.680000000048,29893.680000000048
2026-06-12 07:07:00,29893.680000000048,29893.680000000048
2026-06-12 08:07:00,29893.680000000048,29893.680000000048
2026-06-12 09:07:00,29893.680000000048,29893.680000000048
2026-06-12 10:07:00,29893.680000000048,29893.680000000048
2026-06-12 11:07:00,29893.680000000048,29893.680000000048
2026-06-12 12:07:00,29893.680000000048,29893.680000000048
2026-06-12 13:07:00,29893.680000000048,29893.680000000048
2026-06-12 14:07:00,29893.680000000048,29893.680000000048
2026-06-12 15:07:00,29893.680000000048,29893.680000000048
2026-06-12 16:07:00,29893.680000000048,29893.680000000048
2026-06-12 17:07:00,30007.080000000093,30007.080000000093
2026-06-12 18:07:00,30007.080000000093,30007.080000000093
2026-06-12 19:07:00,30007.080000000093,30007.080000000093
2026-06-12 20:07:00,30007.080000000093,30007.080000000093
2026-06-12 21:07:00,30007.080000000093,30007.080000000093
2026-06-12 22:07:00,30007.080000000093,30007.080000000093
2026-06-12 23:07:00,30007.080000000093,30007.080000000093
2026-06-15 01:08:00,30007.080000000093,30007.080000000093
2026-06-15 02:08:00,30007.080000000093,30007.080000000093
2026-06-15 03:08:00,30007.080000000093,30007.080000000093
2026-06-15 04:08:00,30007.080000000093,30007.080000000093
2026-06-15 05:08:00,30007.080000000093,30007.080000000093
2026-06-15 06:08:00,30007.080000000093,30007.080000000093
2026-06-15 07:08:00,30007.080000000093,30007.080000000093
2026-06-15 08:08:00,30007.080000000093,30007.080000000093
2026-06-15 09:08:00,30006.310000000092,29932.060000000092
2026-06-15 10:08:00,30006.310000000092,30004.110000000095
2026-06-15 11:08:00,30052.990000000093,30154.77000000009
2026-06-15 12:08:00,30115.250000000095,30256.750000000095
2026-06-15 13:08:00,30115.250000000095,30238.400000000096
2026-06-15 14:08:00,30115.250000000095,30243.7000000001
2026-06-15 15:08:00,30115.250000000095,30228.850000000097
2026-06-15 16:08:00,30115.250000000095,30275.400000000092
2026-06-15 17:08:00,30115.250000000095,30387.350000000093
2026-06-15 18:08:00,30115.250000000095,30327.300000000094
2026-06-15 19:08:00,30115.250000000095,30316.300000000094
2026-06-15 20:08:00,30115.250000000095,30209.200000000095
2026-06-15 21:08:00,30115.250000000095,30153.250000000095
2026-06-15 22:08:00,30115.250000000095,30159.600000000093
2026-06-15 23:08:00,30115.250000000095,30149.250000000095
2026-06-16 01:09:00,30114.750000000095,30114.750000000095
2026-06-16 02:09:00,30114.750000000095,30114.750000000095
2026-06-16 03:09:00,30114.750000000095,30114.750000000095
2026-06-16 04:09:00,30114.750000000095,30114.750000000095
2026-06-16 05:09:00,30114.750000000095,30114.750000000095
2026-06-16 06:09:00,30114.750000000095,30114.750000000095
2026-06-16 07:09:00,30114.750000000095,30114.750000000095
2026-06-16 08:09:00,30114.750000000095,30114.750000000095
2026-06-16 09:09:00,30114.750000000095,30114.750000000095
2026-06-16 10:09:00,30114.750000000095,30114.750000000095
2026-06-16 11:09:00,30114.750000000095,30114.750000000095
2026-06-16 12:09:00,30114.750000000095,30114.750000000095
2026-06-16 13:09:00,30114.750000000095,30114.750000000095
2026-06-16 14:09:00,30114.750000000095,30114.750000000095
2026-06-16 15:09:00,30114.750000000095,30114.750000000095
2026-06-16 16:09:00,30114.750000000095,30114.750000000095
2026-06-16 17:09:00,30114.750000000095,30114.750000000095
2026-06-16 18:09:00,30114.750000000095,30114.750000000095
2026-06-16 19:09:00,30110.20000000009,30134.870000000043
2026-06-16 20:09:00,30110.20000000009,30281.770000000055
2026-06-16 21:09:00,30393.440000000086,30452.53000000008
2026-06-16 22:09:00,30393.440000000086,30440.75000000008
2026-06-16 23:09:00,30393.440000000086,30605.100000000075
2026-06-17 01:10:00,30401.990000000085,30603.770000000084
2026-06-17 02:10:00,30401.990000000085,30547.530000000083
2026-06-17 03:10:00,30401.990000000085,30480.650000000092
2026-06-17 04:10:00,30400.090000000077,30400.090000000077
2026-06-17 05:10:00,30400.090000000077,30400.090000000077
2026-06-17 06:10:00,30400.090000000077,30400.090000000077
2026-06-17 07:10:00,30400.090000000077,30400.090000000077
2026-06-17 08:10:00,30400.090000000077,30400.090000000077
2026-06-17 09:10:00,30400.090000000077,30400.090000000077
2026-06-17 10:10:00,30400.090000000077,30400.090000000077
2026-06-17 11:10:00,30400.090000000077,30400.090000000077
2026-06-17 12:10:00,30400.090000000077,30400.090000000077
2026-06-17 13:10:00,30400.090000000077,30400.090000000077
2026-06-17 14:10:00,30400.090000000077,30400.090000000077
2026-06-17 15:10:00,30400.090000000077,30400.090000000077
2026-06-17 16:10:00,30400.090000000077,30400.090000000077
2026-06-17 17:10:00,30400.090000000077,30400.090000000077
2026-06-17 18:10:00,30400.090000000077,30400.090000000077
2026-06-17 19:10:00,30400.090000000077,30400.090000000077
2026-06-17 20:10:00,30400.090000000077,30400.090000000077
2026-06-17 21:10:00,30861.53000000008,31683.50000000008
2026-06-17 22:10:00,31404.490000000085,31865.33000000008
2026-06-17 23:10:00,31899.090000000084,31838.450000000084
2026-06-18 01:11:00,31895.090000000084,31921.010000000082
2026-06-18 02:11:00,31895.090000000084,32016.53000000008
2026-06-18 03:11:00,31951.690000000082,32150.05000000008
2026-06-18 04:11:00,32064.54000000008,32200.48000000008
2026-06-18 05:11:00,32064.54000000008,32200.50000000008
2026-06-18 06:11:00,32064.54000000008,32215.69000000008
2026-06-18 07:11:00,32061.32000000008,32274.43000000008
2026-06-18 08:11:00,32115.020000000106,32259.310000000107
2026-06-18 09:11:00,32115.020000000106,32277.340000000106
2026-06-18 10:11:00,32115.020000000106,32269.180000000102
2026-06-18 11:11:00,32113.200000000106,32165.880000000125
2026-06-18 12:11:00,31759.950000000117,31881.900000000118
2026-06-18 13:11:00,31759.950000000117,31877.460000000116
2026-06-18 14:11:00,31759.950000000117,31936.380000000117
2026-06-18 15:11:00,31759.950000000117,31916.700000000117
2026-06-18 16:11:00,31759.950000000117,31897.170000000115
2026-06-18 17:11:00,31759.950000000117,31943.010000000115
2026-06-18 18:11:00,31759.950000000117,31910.010000000115
2026-06-18 19:11:00,31830.630000000117,31971.090000000117
2026-06-18 20:11:00,31830.630000000117,31987.790000000117
2026-06-18 21:11:00,31830.630000000117,31972.810000000118
2026-06-18 22:11:00,31830.630000000117,32022.130000000117
2026-06-18 23:11:00,31830.630000000117,32001.37000000012
2026-06-19 01:12:00,31830.930000000117,32019.590000000117
2026-06-19 02:12:00,31830.930000000117,32034.090000000117
2026-06-19 03:12:00,31830.930000000117,32064.37000000012
2026-06-19 04:12:00,31830.930000000117,32064.01000000012
2026-06-19 05:12:00,31830.930000000117,32069.01000000012
2026-06-19 06:12:00,31830.930000000117,32097.270000000117
2026-06-19 07:12:00,32113.650000000118,32113.650000000118
2026-06-19 08:12:00,32113.020000000117,32082.42000000011
2026-06-19 09:12:00,32113.020000000117,32234.790000000114
2026-06-19 10:12:00,32142.520000000117,32313.040000000114
2026-06-19 11:12:00,32201.500000000116,32377.700000000114
2026-06-19 12:12:00,32289.980000000116,32395.430000000117
2026-06-19 13:12:00,32289.980000000116,32360.510000000115
2026-06-19 14:12:00,32289.980000000116,32335.100000000115
2026-06-19 15:12:00,32289.980000000116,32369.060000000114
2026-06-19 16:12:00,32289.980000000116,32410.910000000113
2026-06-19 17:12:00,32289.980000000116,32343.650000000114
2026-06-19 18:12:00,32289.980000000116,32344.220000000114
2026-06-19 19:12:00,32289.980000000116,32331.050000000116
2026-06-22 01:11:00,32316.230000000116,32316.230000000116
2026-06-22 02:11:00,32316.230000000116,32316.230000000116
2026-06-22 03:11:00,32316.230000000116,32316.230000000116
2026-06-22 04:11:00,32316.230000000116,32316.230000000116
2026-06-22 05:11:00,32032.070000000105,32032.070000000105
2026-06-22 06:11:00,32032.070000000105,32032.070000000105
2026-06-22 07:11:00,32032.070000000105,32032.070000000105
2026-06-22 08:11:00,32032.070000000105,32032.070000000105
2026-06-22 09:11:00,32032.070000000105,32032.070000000105
2026-06-22 10:11:00,32032.070000000105,32032.070000000105
2026-06-22 11:11:00,32032.070000000105,32032.070000000105
2026-06-22 12:11:00,32032.070000000105,32032.070000000105
2026-06-22 13:11:00,32032.070000000105,32032.070000000105
2026-06-22 14:11:00,32032.070000000105,32032.070000000105
2026-06-22 15:11:00,32032.070000000105,32032.070000000105
2026-06-22 16:11:00,32032.070000000105,32032.070000000105
2026-06-22 17:11:00,32032.070000000105,32032.070000000105
2026-06-22 18:11:00,32032.070000000105,32032.070000000105
2026-06-22 19:11:00,32032.070000000105,32032.070000000105
2026-06-22 20:11:00,32032.070000000105,32032.070000000105
2026-06-22 21:11:00,32032.070000000105,32032.070000000105
2026-06-22 22:11:00,32032.070000000105,32032.070000000105
2026-06-22 23:11:00,32032.070000000105,32032.070000000105
2026-06-23 01:12:00,32032.070000000105,32032.070000000105
2026-06-23 02:12:00,32032.070000000105,32032.070000000105
2026-06-23 03:12:00,32032.070000000105,32032.070000000105
2026-06-23 04:12:00,32032.070000000105,32032.070000000105
2026-06-23 05:12:00,32032.070000000105,32032.070000000105
2026-06-23 06:12:00,32032.070000000105,32032.070000000105
2026-06-23 07:12:00,32032.070000000105,32032.070000000105
2026-06-23 08:12:00,32032.070000000105,32032.070000000105
2026-06-23 09:12:00,32032.070000000105,32032.070000000105
2026-06-23 10:12:00,32032.070000000105,32032.070000000105
2026-06-23 11:12:00,32032.070000000105,32032.070000000105
2026-06-23 12:12:00,32032.070000000105,32032.070000000105
2026-06-23 13:12:00,32032.070000000105,32032.070000000105
2026-06-23 14:12:00,32032.070000000105,32032.070000000105
2026-06-23 15:12:00,32032.070000000105,32032.070000000105
2026-06-23 16:12:00,32032.070000000105,32032.070000000105
2026-06-23 17:12:00,32032.070000000105,32032.070000000105
2026-06-23 18:12:00,32032.070000000105,32032.070000000105
2026-06-23 19:12:00,32032.070000000105,32032.070000000105
2026-06-23 20:12:00,32032.070000000105,32032.070000000105
2026-06-23 21:12:00,32032.070000000105,32032.070000000105
2026-06-23 22:12:00,32032.070000000105,32032.070000000105
2026-06-23 23:12:00,32032.070000000105,32032.070000000105
2026-06-24 01:13:00,32032.070000000105,32032.070000000105
2026-06-24 02:13:00,32032.070000000105,32032.070000000105
2026-06-24 03:13:00,32032.070000000105,32032.070000000105
2026-06-24 04:13:00,32032.070000000105,32032.070000000105
2026-06-24 05:13:00,32032.070000000105,32032.070000000105
2026-06-24 06:13:00,32032.070000000105,32032.070000000105
2026-06-24 07:13:00,32032.070000000105,32032.070000000105
2026-06-24 08:13:00,32032.070000000105,32032.070000000105
2026-06-24 09:13:00,32032.070000000105,32032.070000000105
2026-06-24 10:13:00,32032.070000000105,32032.070000000105
2026-06-24 11:13:00,32032.070000000105,32032.070000000105
2026-06-24 12:13:00,32032.070000000105,32032.070000000105
2026-06-24 13:13:00,32032.070000000105,32032.070000000105
2026-06-24 14:13:00,32032.070000000105,32032.070000000105
2026-06-24 15:13:00,32032.070000000105,32032.070000000105
2026-06-24 16:13:00,32032.070000000105,32032.070000000105
2026-06-24 17:13:00,32032.070000000105,32032.070000000105
2026-06-24 18:13:00,32032.070000000105,32032.070000000105
2026-06-24 19:13:00,32032.070000000105,32032.070000000105
2026-06-24 20:13:00,32032.070000000105,32032.070000000105
2026-06-24 21:13:00,32032.070000000105,32032.070000000105
2026-06-24 22:13:00,32032.070000000105,32032.070000000105
2026-06-24 23:13:00,32032.070000000105,32032.070000000105
2026-06-25 01:14:00,32032.070000000105,32032.070000000105
2026-06-25 02:14:00,32032.070000000105,32032.070000000105
2026-06-25 03:14:00,32030.740000000103,31980.770000000102
2026-06-25 04:14:00,31887.2900000001,31887.2900000001
2026-06-25 05:14:00,31918.270000000095,31918.270000000095
2026-06-25 06:14:00,31918.270000000095,31918.270000000095
2026-06-25 07:14:00,31918.270000000095,31918.270000000095
2026-06-25 08:14:00,31918.270000000095,31918.270000000095
2026-06-25 09:14:00,31918.270000000095,31918.270000000095
2026-06-25 10:14:00,31918.270000000095,31918.270000000095
2026-06-25 11:14:00,31918.270000000095,31918.270000000095
2026-06-25 12:14:00,31918.270000000095,31918.270000000095
2026-06-25 13:14:00,31918.270000000095,31918.270000000095
2026-06-25 14:14:00,31918.270000000095,31918.270000000095
2026-06-25 15:14:00,31918.270000000095,31918.270000000095
2026-06-25 16:14:00,31918.270000000095,31918.270000000095
2026-06-25 17:14:00,31918.270000000095,31918.270000000095
2026-06-25 18:14:00,31918.270000000095,31918.270000000095
2026-06-25 19:14:00,31918.270000000095,31918.270000000095
2026-06-25 20:14:00,31918.270000000095,31918.270000000095
2026-06-25 21:14:00,31918.270000000095,31918.270000000095
2026-06-25 22:14:00,31918.270000000095,31918.270000000095
2026-06-25 23:14:00,31918.270000000095,31918.270000000095
2026-06-26 01:15:00,31918.270000000095,31918.270000000095
2026-06-26 02:15:00,31918.270000000095,31918.270000000095
2026-06-26 03:15:00,31917.150000000096,31981.790000000095
2026-06-26 04:15:00,31933.470000000092,31933.470000000092
2026-06-26 05:15:00,31933.470000000092,31933.470000000092
2026-06-26 06:15:00,31933.470000000092,31933.470000000092
2026-06-26 07:15:00,31933.470000000092,31933.470000000092
2026-06-26 08:15:00,31933.470000000092,31933.470000000092
2026-06-26 09:15:00,31933.470000000092,31933.470000000092
2026-06-26 10:15:00,31933.470000000092,31933.470000000092
2026-06-26 11:15:00,31933.470000000092,31933.470000000092
2026-06-26 12:15:00,31933.470000000092,31933.470000000092
2026-06-26 13:15:00,31933.470000000092,31933.470000000092
2026-06-26 14:15:00,31933.470000000092,31933.470000000092
2026-06-26 15:15:00,31933.470000000092,31933.470000000092
2026-06-26 16:15:00,31933.470000000092,31933.470000000092
2026-06-26 17:15:00,31933.470000000092,31933.470000000092
2026-06-26 18:15:00,31933.470000000092,31933.470000000092
2026-06-26 19:15:00,31933.470000000092,31933.470000000092
2026-06-26 20:15:00,31933.470000000092,31933.470000000092
2026-06-26 21:15:00,31933.470000000092,31933.470000000092
2026-06-26 22:15:00,31933.470000000092,31933.470000000092
2026-06-26 23:15:00,31933.470000000092,31933.470000000092
2026-06-29 01:16:00,31933.470000000092,31933.470000000092
2026-06-29 02:16:00,31979.830000000096,31979.830000000096
2026-06-29 03:16:00,31979.830000000096,31979.830000000096
2026-06-29 04:16:00,31979.830000000096,31979.830000000096
2026-06-29 05:16:00,31979.830000000096,31979.830000000096
2026-06-29 06:16:00,31979.830000000096,31979.830000000096
2026-06-29 07:16:00,31979.830000000096,31979.830000000096
2026-06-29 08:16:00,31979.830000000096,31979.830000000096
2026-06-29 09:16:00,31979.830000000096,31979.830000000096
2026-06-29 10:16:00,31979.830000000096,31979.830000000096
2026-06-29 11:16:00,31979.830000000096,31979.830000000096
2026-06-29 12:16:00,31693.360000000102,31693.360000000102
2026-06-29 13:16:00,31693.360000000102,31693.360000000102
2026-06-29 14:16:00,31693.360000000102,31693.360000000102
2026-06-29 15:16:00,31693.360000000102,31693.360000000102
2026-06-29 16:16:00,31693.360000000102,31693.360000000102
2026-06-29 17:16:00,31693.360000000102,31693.360000000102
2026-06-29 18:16:00,31693.360000000102,31693.360000000102
2026-06-29 19:16:00,31693.360000000102,31693.360000000102
2026-06-29 20:16:00,31693.360000000102,31693.360000000102
2026-06-29 21:16:00,31693.360000000102,31693.360000000102
2026-06-29 22:16:00,31693.360000000102,31693.360000000102
2026-06-29 23:16:00,31693.360000000102,31693.360000000102
2026-06-30 01:17:00,31693.360000000102,31693.360000000102
2026-06-30 02:17:00,31693.360000000102,31693.360000000102
2026-06-30 03:17:00,31693.360000000102,31693.360000000102
2026-06-30 04:17:00,31693.360000000102,31693.360000000102
2026-06-30 05:17:00,31693.360000000102,31693.360000000102
2026-06-30 06:17:00,31693.360000000102,31693.360000000102
2026-06-30 07:17:00,31693.360000000102,31693.360000000102
2026-06-30 08:17:00,31693.360000000102,31693.360000000102
2026-06-30 09:17:00,31693.360000000102,31693.360000000102
2026-06-30 10:17:00,31693.360000000102,31693.360000000102
2026-06-30 11:17:00,31693.360000000102,31693.360000000102
2026-06-30 12:17:00,31693.360000000102,31693.360000000102
2026-06-30 13:17:00,31693.360000000102,31693.360000000102
2026-06-30 14:17:00,31690.350000000104,31581.560000000096
2026-06-30 15:17:00,31374.300000000105,31374.300000000105
2026-06-30 16:17:00,31797.780000000104,32644.980000000098
2026-06-30 17:17:00,33066.7600000001,33640.000000000095
2026-06-30 18:17:00,33184.2700000001,33421.570000000094
2026-06-30 19:17:00,33335.8100000001,33575.35000000009
2026-06-30 20:17:00,33335.8100000001,33554.35000000009
2026-06-30 21:17:00,33335.8100000001,33609.650000000096
2026-06-30 22:17:00,33335.8100000001,33518.5100000001
2026-06-30 23:17:00,33435.63000000009,33435.63000000009
2026-07-01 01:18:00,33435.63000000009,33435.63000000009
2026-07-01 02:18:00,33435.63000000009,33435.63000000009
2026-07-01 03:18:00,33435.63000000009,33435.63000000009
2026-07-01 04:18:00,33014.51000000009,33014.51000000009
2026-07-01 05:18:00,33014.51000000009,33014.51000000009
2026-07-01 06:18:00,33014.51000000009,33014.51000000009
2026-07-01 07:18:00,33028.7200000001,33028.7200000001
2026-07-01 08:18:00,33028.7200000001,33028.7200000001
2026-07-01 09:18:00,33028.7200000001,33028.7200000001
2026-07-01 10:18:00,33028.7200000001,33028.7200000001
2026-07-01 11:18:00,33028.7200000001,33028.7200000001
2026-07-01 12:18:00,33028.7200000001,33028.7200000001
2026-07-01 13:18:00,33028.7200000001,33028.7200000001
2026-07-01 14:18:00,33028.7200000001,33028.7200000001
2026-07-01 15:18:00,33028.7200000001,33028.7200000001
2026-07-01 16:18:00,33194.1500000001,33406.7000000001
2026-07-01 17:18:00,33831.74000000011,33831.74000000011
2026-07-01 18:18:00,33831.74000000011,33831.74000000011
2026-07-01 19:18:00,33831.74000000011,33831.74000000011
2026-07-01 20:18:00,33831.74000000011,33831.74000000011
2026-07-01 21:18:00,33831.74000000011,33831.74000000011
2026-07-01 22:18:00,33831.74000000011,33831.74000000011
2026-07-01 23:18:00,33831.74000000011,33831.74000000011
2026-07-02 01:19:00,33829.71000000011,33932.66000000011
2026-07-02 02:19:00,33868.86000000011,33948.010000000104
2026-07-02 03:19:00,34038.770000000106,34038.770000000106
2026-07-02 04:19:00,34038.770000000106,34038.770000000106
2026-07-02 05:19:00,34192.64000000011,34192.64000000011
2026-07-02 06:19:00,34192.64000000011,34192.64000000011
2026-07-02 07:19:00,34192.64000000011,34192.64000000011
2026-07-02 08:19:00,34192.64000000011,34192.64000000011
2026-07-02 09:19:00,34192.64000000011,34192.64000000011
2026-07-02 10:19:00,34192.64000000011,34192.64000000011
2026-07-02 11:19:00,34192.64000000011,34192.64000000011
2026-07-02 12:19:00,34192.64000000011,34192.64000000011
2026-07-02 13:19:00,34192.64000000011,34192.64000000011
2026-07-02 14:19:00,34192.64000000011,34192.64000000011
2026-07-02 15:19:00,34192.64000000011,34192.64000000011
2026-07-02 16:19:00,34192.64000000011,34192.64000000011
2026-07-02 17:19:00,34341.47000000011,34341.47000000011
2026-07-02 18:19:00,34341.47000000011,34341.47000000011
2026-07-02 19:19:00,34341.47000000011,34341.47000000011
2026-07-02 20:19:00,34341.47000000011,34341.47000000011
2026-07-02 21:19:00,34341.47000000011,34341.47000000011
2026-07-02 22:19:00,34341.47000000011,34341.47000000011
2026-07-02 23:19:00,34341.47000000011,34341.47000000011
2026-07-03 01:20:00,34341.47000000011,34341.47000000011
2026-07-03 02:20:00,34341.47000000011,34341.47000000011
2026-07-03 03:20:00,34341.47000000011,34341.47000000011
2026-07-03 04:20:00,34341.47000000011,34341.47000000011
2026-07-03 05:20:00,34341.47000000011,34341.47000000011
2026-07-03 06:20:00,34341.47000000011,34341.47000000011
2026-07-03 07:20:00,34341.47000000011,34341.47000000011
2026-07-03 08:20:00,34341.47000000011,34341.47000000011
2026-07-03 09:20:00,34382.560000000085,34344.56000000007
2026-07-03 10:23:00,34432.48000000008,34519.120000000075
2026-07-03 11:23:00,34532.26000000008,34740.13000000008
2026-07-03 12:23:00,34532.26000000008,34610.78000000008
2026-07-03 13:23:00,34595.830000000075,34595.830000000075
2026-07-03 14:23:00,34595.830000000075,34595.830000000075
2026-07-03 15:23:00,34595.830000000075,34595.830000000075
2026-07-03 16:23:00,34595.830000000075,34595.830000000075
2026-07-03 17:23:00,34642.18000000007,34827.040000000066
2026-07-03 18:23:00,34891.780000000064,35054.53000000007
2026-07-03 19:23:00,34891.780000000064,34994.38000000006
2026-07-06 01:22:00,35203.780000000064,35203.780000000064
2026-07-06 02:22:00,35203.780000000064,35203.780000000064
2026-07-06 03:22:00,35203.780000000064,35203.780000000064
2026-07-06 04:22:00,35385.15000000007,35385.15000000007
2026-07-06 05:22:00,35385.15000000007,35385.15000000007
2026-07-06 06:22:00,35385.15000000007,35385.15000000007
2026-07-06 07:22:00,35385.15000000007,35385.15000000007
2026-07-06 08:22:00,35385.15000000007,35385.15000000007
2026-07-06 09:22:00,35385.15000000007,35385.15000000007
2026-07-06 10:22:00,35385.15000000007,35385.15000000007
2026-07-06 11:22:00,35385.15000000007,35385.15000000007
2026-07-06 12:22:00,35385.15000000007,35385.15000000007
2026-07-06 13:22:00,35385.15000000007,35385.15000000007
2026-07-06 14:22:00,35385.15000000007,35385.15000000007
2026-07-06 15:22:00,35385.15000000007,35385.15000000007
2026-07-06 16:22:00,35385.15000000007,35385.15000000007
2026-07-06 17:22:00,35385.15000000007,35385.15000000007
2026-07-06 18:22:00,35385.15000000007,35385.15000000007
2026-07-06 19:22:00,35385.15000000007,35385.15000000007
2026-07-06 20:22:00,35385.15000000007,35385.15000000007
2026-07-06 21:22:00,35385.15000000007,35385.15000000007
2026-07-06 22:22:00,35385.15000000007,35385.15000000007
2026-07-06 23:22:00,35385.15000000007,35385.15000000007
2026-07-07 01:23:00,35385.15000000007,35385.15000000007
2026-07-07 02:23:00,35385.15000000007,35385.15000000007
2026-07-07 03:23:00,35385.15000000007,35385.15000000007
2026-07-07 04:23:00,35385.15000000007,35385.15000000007
2026-07-07 05:23:00,35385.15000000007,35385.15000000007
2026-07-07 06:23:00,35385.15000000007,35385.15000000007
2026-07-07 07:23:00,35385.15000000007,35385.15000000007
2026-07-07 08:23:00,35385.15000000007,35385.15000000007
2026-07-07 09:23:00,35385.15000000007,35385.15000000007
2026-07-07 10:23:00,35385.15000000007,35385.15000000007
2026-07-07 11:23:00,35385.15000000007,35385.15000000007
2026-07-07 12:23:00,35385.15000000007,35385.15000000007
2026-07-07 13:23:00,35385.15000000007,35385.15000000007
2026-07-07 14:23:00,35385.15000000007,35385.15000000007
2026-07-07 15:23:00,35385.15000000007,35385.15000000007
2026-07-07 16:23:00,35385.15000000007,35385.15000000007
2026-07-07 17:23:00,35385.15000000007,35385.15000000007
2026-07-07 18:23:00,35385.15000000007,35385.15000000007
2026-07-07 19:23:00,35385.15000000007,35385.15000000007
2026-07-07 20:23:00,35385.15000000007,35385.15000000007
2026-07-07 21:23:00,35385.15000000007,35385.15000000007
2026-07-07 22:23:00,35385.15000000007,35385.15000000007
2026-07-07 23:23:00,35385.15000000007,35385.15000000007
2026-07-08 01:24:00,35385.15000000007,35385.15000000007
2026-07-08 02:24:00,35385.15000000007,35385.15000000007
2026-07-08 03:24:00,35385.15000000007,35385.15000000007
2026-07-08 04:24:00,35385.15000000007,35385.15000000007
2026-07-08 05:24:00,35385.15000000007,35385.15000000007
2026-07-08 06:24:00,35385.15000000007,35385.15000000007
2026-07-08 07:24:00,35385.15000000007,35385.15000000007
2026-07-08 08:24:00,35385.15000000007,35385.15000000007
2026-07-08 09:24:00,35385.15000000007,35385.15000000007
2026-07-08 10:24:00,35385.15000000007,35385.15000000007
2026-07-08 11:24:00,35385.15000000007,35385.15000000007
2026-07-08 12:24:00,35385.15000000007,35385.15000000007
2026-07-08 13:24:00,35385.15000000007,35385.15000000007
2026-07-08 14:24:00,35385.15000000007,35385.15000000007
2026-07-08 15:24:00,35385.15000000007,35385.15000000007
2026-07-08 16:24:00,35385.15000000007,35385.15000000007
2026-07-08 17:24:00,35385.15000000007,35385.15000000007
2026-07-08 18:24:00,35385.15000000007,35385.15000000007
2026-07-08 19:24:00,35385.15000000007,35385.15000000007
2026-07-08 20:24:00,35385.15000000007,35385.15000000007
2026-07-08 21:24:00,35385.15000000007,35385.15000000007
2026-07-08 22:24:00,35385.15000000007,35385.15000000007
2026-07-08 23:24:00,35385.15000000007,35385.15000000007
2026-07-09 01:25:00,35385.15000000007,35385.15000000007
2026-07-09 02:25:00,35385.15000000007,35385.15000000007
2026-07-09 03:25:00,35385.15000000007,35385.15000000007
2026-07-09 04:25:00,35385.15000000007,35385.15000000007
2026-07-09 05:25:00,35385.15000000007,35385.15000000007
2026-07-09 06:25:00,35382.210000000065,35467.890000000065
2026-07-09 07:25:00,35431.710000000065,35431.710000000065
2026-07-09 08:25:00,35469.56000000006,35601.32000000006
2026-07-09 09:25:00,35497.37000000006,35180.970000000045
2026-07-09 10:25:00,35497.37000000006,34930.710000000065
2026-07-09 11:25:00,35153.11000000005,34581.680000000066
2026-07-09 12:25:00,35153.11000000005,34760.900000000045
2026-07-09 13:25:00,35153.11000000005,34868.49000000005
2026-07-09 14:25:00,35186.87000000005,35113.990000000056
2026-07-09 15:25:00,34683.050000000054,34762.090000000055
2026-07-09 16:25:00,34920.090000000055,34920.090000000055
2026-07-09 17:25:00,34920.090000000055,34920.090000000055
2026-07-09 18:25:00,34920.090000000055,34920.090000000055
2026-07-09 19:25:00,34952.850000000035,34952.850000000035
2026-07-09 20:25:00,34952.850000000035,34952.850000000035
2026-07-09 21:25:00,34952.850000000035,34952.850000000035
2026-07-09 22:25:00,34952.850000000035,34952.850000000035
2026-07-09 23:25:00,34952.850000000035,34952.850000000035
2026-07-10 01:26:00,34952.850000000035,34952.850000000035
2026-07-10 02:26:00,34952.850000000035,34952.850000000035
2026-07-10 03:26:00,34952.850000000035,34952.850000000035
2026-07-10 04:26:00,34952.850000000035,34952.850000000035
2026-07-10 05:26:00,34952.850000000035,34952.850000000035
2026-07-10 06:26:00,34952.850000000035,34952.850000000035
2026-07-10 07:26:00,34952.850000000035,34952.850000000035
2026-07-10 08:26:00,34952.850000000035,34952.850000000035
2026-07-10 09:26:00,34952.850000000035,34952.850000000035
2026-07-10 10:26:00,34952.850000000035,34952.850000000035
2026-07-10 11:26:00,34952.850000000035,34952.850000000035
2026-07-10 12:26:00,34952.850000000035,34952.850000000035
2026-07-10 13:26:00,34952.850000000035,34952.850000000035
2026-07-10 14:26:00,34952.850000000035,34952.850000000035
2026-07-10 15:26:00,34952.850000000035,34952.850000000035
2026-07-10 16:26:00,34952.850000000035,34952.850000000035
2026-07-10 17:26:00,34952.850000000035,34952.850000000035
2026-07-10 18:26:00,34952.850000000035,34952.850000000035
2026-07-10 19:26:00,34952.850000000035,34952.850000000035
2026-07-10 20:26:00,34952.850000000035,34952.850000000035
2026-07-10 21:26:00,34952.850000000035,34952.850000000035
2026-07-10 22:26:00,34952.850000000035,34952.850000000035
2026-07-10 23:26:00,34952.850000000035,34952.850000000035
2026-07-13 01:27:00,34887.19000000009,34887.19000000009
2026-07-13 02:27:00,34887.19000000009,34887.19000000009
2026-07-13 03:27:00,34887.19000000009,34887.19000000009
2026-07-13 04:27:00,34887.19000000009,34887.19000000009
2026-07-13 05:27:00,34887.19000000009,34887.19000000009
2026-07-13 06:27:00,34887.19000000009,34887.19000000009
2026-07-13 07:27:00,34887.19000000009,34887.19000000009
2026-07-13 08:27:00,34906.59000000009,34990.44000000009
2026-07-13 09:27:00,35022.59000000009,35022.59000000009
2026-07-13 10:27:00,35022.59000000009,35022.59000000009
2026-07-13 11:27:00,35022.59000000009,35022.59000000009
2026-07-13 12:27:00,35022.59000000009,35022.59000000009
2026-07-13 13:27:00,35022.59000000009,35022.59000000009
2026-07-13 14:27:00,35022.59000000009,35022.59000000009
2026-07-13 15:27:00,35022.59000000009,35022.59000000009
2026-07-13 16:27:00,35022.59000000009,35022.59000000009
2026-07-13 17:27:00,35022.59000000009,35022.59000000009
2026-07-13 18:27:00,35022.59000000009,35022.59000000009
2026-07-13 19:27:00,35022.59000000009,35022.59000000009
2026-07-13 20:27:00,35022.59000000009,35022.59000000009
2026-07-13 21:27:00,35022.59000000009,35022.59000000009
2026-07-13 22:27:00,35022.59000000009,35022.59000000009
2026-07-13 23:27:00,35022.59000000009,35022.59000000009
2026-07-14 01:28:00,35022.59000000009,35022.59000000009
2026-07-14 02:28:00,35022.59000000009,35022.59000000009
2026-07-14 03:28:00,35022.59000000009,35022.59000000009
2026-07-14 04:28:00,35022.59000000009,35022.59000000009
2026-07-14 05:28:00,35022.59000000009,35022.59000000009
2026-07-14 06:28:00,35022.59000000009,35022.59000000009
2026-07-14 07:28:00,35022.59000000009,35022.59000000009
2026-07-14 08:28:00,35022.59000000009,35022.59000000009
2026-07-14 09:28:00,35022.59000000009,35022.59000000009
2026-07-14 10:28:00,35022.59000000009,35022.59000000009
2026-07-14 11:28:00,35022.59000000009,35022.59000000009
2026-07-14 12:28:00,35022.59000000009,35022.59000000009
2026-07-14 13:28:00,35022.59000000009,35022.59000000009
2026-07-14 14:28:00,35022.59000000009,35022.59000000009
2026-07-14 15:28:00,35022.59000000009,35022.59000000009
2026-07-14 16:28:00,35234.9400000001,35353.5900000001
2026-07-14 17:28:00,35234.9400000001,35409.5200000001
2026-07-14 18:28:00,35271.6200000001,35271.6200000001
2026-07-14 19:28:00,35270.7800000001,35166.38000000011
2026-07-14 20:28:00,35270.7800000001,35198.0600000001
2026-07-14 21:28:00,35270.7800000001,35139.38000000011
2026-07-14 22:28:00,35270.7800000001,35064.620000000104
2026-07-14 23:28:00,35270.7800000001,35081.4200000001
2026-07-15 01:29:00,35252.7800000001,35044.4600000001
2026-07-15 02:29:00,35252.7800000001,35072.0600000001
2026-07-15 03:29:00,35252.7800000001,35122.3400000001
2026-07-15 04:29:00,35252.7800000001,35077.7000000001
2026-07-15 05:29:00,34794.02000000009,34794.02000000009
2026-07-15 06:29:00,34794.02000000009,34794.02000000009
2026-07-15 07:29:00,34794.02000000009,34794.02000000009
2026-07-15 08:29:00,34794.02000000009,34794.02000000009
2026-07-15 09:29:00,34794.02000000009,34794.02000000009
2026-07-15 10:29:00,34794.02000000009,34794.02000000009
2026-07-15 11:29:00,34794.02000000009,34794.02000000009
2026-07-15 12:29:00,34794.02000000009,34794.02000000009
2026-07-15 13:29:00,34794.02000000009,34794.02000000009
2026-07-15 14:29:00,34794.02000000009,34794.02000000009
2026-07-15 15:29:00,34794.02000000009,34794.02000000009
2026-07-15 16:29:00,34794.02000000009,34794.02000000009
2026-07-15 17:29:00,34794.02000000009,34794.02000000009
2026-07-15 18:29:00,34824.9800000001,34824.9800000001
2026-07-15 19:29:00,34824.9800000001,34824.9800000001
2026-07-15 20:29:00,34824.9800000001,34824.9800000001
2026-07-15 21:29:00,34824.9800000001,34824.9800000001
2026-07-15 22:29:00,35079.480000000105,35192.7800000001
2026-07-15 23:29:00,35079.480000000105,35166.43000000011
2026-07-16 01:30:00,35123.47000000008,35209.57000000008
2026-07-16 02:30:00,35123.47000000008,35227.57000000008
2026-07-16 03:30:00,35123.47000000008,35216.12000000008
2026-07-16 04:30:00,35019.420000000064,35019.420000000064
2026-07-16 05:30:00,35019.420000000064,35019.420000000064
2026-07-16 06:30:00,35019.420000000064,35019.420000000064
2026-07-16 07:30:00,35019.420000000064,35019.420000000064
2026-07-16 08:30:00,35019.420000000064,35019.420000000064
2026-07-16 09:30:00,35019.420000000064,35019.420000000064
2026-07-16 10:30:00,35019.420000000064,35019.420000000064
2026-07-16 11:30:00,35019.420000000064,35019.420000000064
2026-07-16 12:30:00,35019.420000000064,35019.420000000064
2026-07-16 13:30:00,35019.420000000064,35019.420000000064
2026-07-16 14:30:00,35019.420000000064,35019.420000000064
2026-07-16 15:30:00,35019.420000000064,35019.420000000064
2026-07-16 16:30:00,35019.420000000064,35019.420000000064
2026-07-16 17:30:00,35019.420000000064,35019.420000000064
2026-07-16 18:30:00,35019.420000000064,35019.420000000064
2026-07-16 19:30:00,34700.01000000005,34700.01000000005
2026-07-16 20:30:00,34700.01000000005,34700.01000000005
2026-07-16 21:30:00,34700.01000000005,34700.01000000005
2026-07-16 22:30:00,34700.01000000005,34700.01000000005
2026-07-16 23:30:00,34700.01000000005,34700.01000000005
2026-07-17 01:31:00,34700.01000000005,34700.01000000005
2026-07-17 02:31:00,34700.01000000005,34700.01000000005
2026-07-17 03:31:00,34700.01000000005,34700.01000000005
2026-07-17 04:31:00,34700.01000000005,34700.01000000005
2026-07-17 05:31:00,34700.01000000005,34700.01000000005
2026-07-17 06:31:00,34700.01000000005,34700.01000000005
2026-07-17 07:31:00,34700.01000000005,34700.01000000005
2026-07-17 08:31:00,34700.01000000005,34700.01000000005
2026-07-17 09:31:00,34700.01000000005,34700.01000000005
2026-07-17 10:31:00,34700.01000000005,34700.01000000005
2026-07-17 11:31:00,34700.01000000005,34700.01000000005
2026-07-17 12:31:00,34700.01000000005,34700.01000000005
2026-07-17 13:31:00,34700.01000000005,34700.01000000005
2026-07-17 14:31:00,34700.01000000005,34700.01000000005
2026-07-17 15:31:00,34700.01000000005,34700.01000000005
2026-07-17 16:31:00,34700.01000000005,34700.01000000005
2026-07-17 17:31:00,34700.01000000005,34700.01000000005
2026-07-17 18:31:00,34700.01000000005,34700.01000000005
2026-07-17 19:31:00,34700.01000000005,34700.01000000005
2026-07-17 20:31:00,34700.01000000005,34700.01000000005
2026-07-17 21:31:00,34700.01000000005,34700.01000000005
2026-07-17 22:31:00,34700.01000000005,34700.01000000005
2026-07-17 23:31:00,34700.01000000005,34700.01000000005
2026-07-20 01:32:00,34700.01000000005,34700.01000000005
2026-07-20 02:32:00,34700.01000000005,34700.01000000005
2026-07-20 03:32:00,34696.30000000005,34773.17000000003
2026-07-20 04:32:00,34175.79000000005,34175.79000000005
2026-07-20 05:32:00,34175.79000000005,34175.79000000005
2026-07-20 06:32:00,34174.950000000055,34227.630000000056
2026-07-20 07:32:00,34174.950000000055,34187.19000000005
2026-07-20 08:32:00,34238.310000000056,34309.29000000005
2026-07-20 09:32:00,34301.67000000006,34364.76000000006
2026-07-20 10:32:00,34301.67000000006,34345.950000000055
2026-07-20 11:32:00,34314.03000000006,34314.03000000006
2026-07-20 12:32:00,34314.03000000006,34314.03000000006
2026-07-20 13:32:00,34314.03000000006,34314.03000000006
2026-07-20 14:32:00,34328.57000000005,34328.57000000005
2026-07-20 15:32:00,34328.57000000005,34328.57000000005
2026-07-20 16:32:00,34328.57000000005,34328.57000000005
2026-07-20 17:32:00,34328.57000000005,34328.57000000005
2026-07-20 18:32:00,34345.46000000005,34391.00000000005
2026-07-20 19:32:00,34343.66000000005,34343.66000000005
2026-07-20 20:32:00,34343.66000000005,34343.66000000005
2026-07-20 21:32:00,34343.66000000005,34343.66000000005
2026-07-20 22:32:00,34343.66000000005,34343.66000000005
2026-07-20 23:32:00,34343.66000000005,34343.66000000005
2026-07-21 01:33:00,34343.66000000005,34343.66000000005
2026-07-21 02:33:00,34343.66000000005,34343.66000000005
2026-07-21 03:33:00,34343.66000000005,34343.66000000005
2026-07-21 04:33:00,34343.66000000005,34343.66000000005
2026-07-21 05:33:00,34372.75000000003,34372.75000000003
2026-07-21 06:33:00,34372.75000000003,34372.75000000003
2026-07-21 07:33:00,34372.75000000003,34372.75000000003
2026-07-21 08:33:00,34372.75000000003,34372.75000000003
2026-07-21 09:33:00,34372.75000000003,34372.75000000003
2026-07-21 10:33:00,34372.75000000003,34372.75000000003
2026-07-21 11:33:00,34372.75000000003,34372.75000000003
2026-07-21 12:33:00,34372.75000000003,34372.75000000003
2026-07-21 13:33:00,34372.75000000003,34372.75000000003
2026-07-21 14:33:00,34372.75000000003,34372.75000000003
2026-07-21 15:33:00,34372.75000000003,34372.75000000003
2026-07-21 16:33:00,34372.75000000003,34372.75000000003
2026-07-21 17:33:00,34372.75000000003,34372.75000000003
2026-07-21 18:33:00,34372.75000000003,34372.75000000003
2026-07-21 19:33:00,34372.75000000003,34372.75000000003
2026-07-21 20:33:00,34372.75000000003,34372.75000000003
2026-07-21 21:33:00,34372.75000000003,34372.75000000003
2026-07-21 22:33:00,34372.75000000003,34372.75000000003
2026-07-21 23:33:00,34372.75000000003,34372.75000000003
2026-07-22 01:34:00,34372.75000000003,34372.75000000003
2026-07-22 02:34:00,34372.75000000003,34372.75000000003
2026-07-22 03:34:00,34372.75000000003,34372.75000000003
2026-07-22 04:34:00,34372.75000000003,34372.75000000003
2026-07-22 05:34:00,34372.75000000003,34372.75000000003
2026-07-22 06:34:00,34372.75000000003,34372.75000000003
2026-07-22 07:34:00,34372.75000000003,34372.75000000003
2026-07-22 08:34:00,34372.75000000003,34372.75000000003
2026-07-22 09:34:00,34372.75000000003,34372.75000000003
2026-07-22 10:34:00,34372.75000000003,34372.75000000003
2026-07-22 11:34:00,34419.26000000004,34590.440000000046
2026-07-22 12:34:00,34419.26000000004,34575.860000000044
2026-07-22 13:34:00,34419.26000000004,34615.82000000006
2026-07-22 14:34:00,34419.26000000004,34644.170000000064
2026-07-22 15:34:00,34664.220000000045,34841.760000000046
2026-07-22 16:34:00,34703.49000000005,34703.49000000005
2026-07-22 17:34:00,34703.49000000005,34703.49000000005
2026-07-22 18:34:00,34703.49000000005,34703.49000000005
2026-07-22 19:34:00,34703.49000000005,34703.49000000005
2026-07-22 20:34:00,34703.49000000005,34703.49000000005
2026-07-22 21:34:00,34703.49000000005,34703.49000000005
2026-07-22 22:34:00,34703.49000000005,34703.49000000005
2026-07-22 23:34:00,34703.49000000005,34703.49000000005
2026-07-23 01:35:00,34703.49000000005,34703.49000000005
2026-07-23 02:35:00,34703.49000000005,34703.49000000005
2026-07-23 03:35:00,34703.49000000005,34703.49000000005
2026-07-23 04:35:00,34703.49000000005,34703.49000000005
2026-07-23 05:35:00,34703.49000000005,34703.49000000005
2026-07-23 06:35:00,34703.49000000005,34703.49000000005
2026-07-23 07:35:00,34703.49000000005,34703.49000000005
2026-07-23 08:35:00,34703.49000000005,34703.49000000005
2026-07-23 09:35:00,34703.49000000005,34703.49000000005
2026-07-23 10:35:00,34703.49000000005,34703.49000000005
2026-07-23 11:35:00,34703.49000000005,34703.49000000005
2026-07-23 12:35:00,34703.49000000005,34703.49000000005
2026-07-23 13:35:00,34703.49000000005,34703.49000000005
2026-07-23 14:35:00,34703.49000000005,34703.49000000005
2026-07-23 15:35:00,34703.49000000005,34703.49000000005
2026-07-23 16:35:00,34703.49000000005,34703.49000000005
2026-07-23 17:35:00,34703.49000000005,34703.49000000005
2026-07-23 18:35:00,34703.49000000005,34703.49000000005
2026-07-23 19:35:00,34703.49000000005,34703.49000000005
2026-07-23 20:35:00,34703.49000000005,34703.49000000005
2026-07-23 21:35:00,34703.49000000005,34703.49000000005
2026-07-23 22:35:00,34703.49000000005,34703.49000000005
2026-07-23 23:35:00,34703.49000000005,34703.49000000005
2026-07-24 01:36:00,34703.49000000005,34703.49000000005
2026-07-24 02:36:00,34703.49000000005,34703.49000000005
2026-07-24 03:36:00,34703.49000000005,34703.49000000005
2026-07-24 04:36:00,34703.49000000005,34703.49000000005
2026-07-24 05:36:00,34703.49000000005,34703.49000000005
2026-07-24 06:36:00,34703.49000000005,34703.49000000005
2026-07-24 07:36:00,34703.49000000005,34703.49000000005
2026-07-24 08:36:00,34703.49000000005,34703.49000000005
2026-07-24 09:36:00,34703.49000000005,34703.49000000005
2026-07-24 10:36:00,34703.49000000005,34703.49000000005
2026-07-24 11:36:00,34703.49000000005,34703.49000000005
2026-07-24 12:36:00,34703.49000000005,34703.49000000005
2026-07-24 13:36:00,34703.49000000005,34703.49000000005
2026-07-24 14:36:00,34703.49000000005,34703.49000000005
2026-07-24 15:36:00,34703.49000000005,34703.49000000005
2026-07-24 16:36:00,34703.49000000005,34703.49000000005
2026-07-24 17:36:00,34703.49000000005,34703.49000000005
2026-07-24 18:36:00,34703.49000000005,34703.49000000005
2026-07-24 19:36:00,34733.65000000005,34733.65000000005
2026-07-24 20:36:00,34733.65000000005,34733.65000000005
2026-07-24 21:36:00,34733.65000000005,34733.65000000005
2026-07-24 22:36:00,34733.65000000005,34733.65000000005
2026-07-24 23:36:00,34733.65000000005,34733.65000000005
2026-07-27 01:37:00,34733.65000000005,34733.65000000005
2026-07-27 02:37:00,34733.65000000005,34733.65000000005
2026-07-27 03:37:00,34733.65000000005,34733.65000000005
2026-07-27 04:37:00,34733.65000000005,34733.65000000005
2026-07-27 05:37:00,34733.65000000005,34733.65000000005
2026-07-27 06:37:00,34733.65000000005,34733.65000000005
2026-07-27 07:37:00,34733.65000000005,34733.65000000005
2026-07-27 08:37:00,34733.65000000005,34733.65000000005
2026-07-27 09:37:00,34733.65000000005,34733.65000000005
2026-07-27 10:37:00,34733.65000000005,34733.65000000005
2026-07-27 11:37:00,34733.65000000005,34733.65000000005
2026-07-27 12:37:00,34733.65000000005,34733.65000000005
2026-07-27 13:37:00,34733.65000000005,34733.65000000005
2026-07-27 14:37:00,34733.65000000005,34733.65000000005
2026-07-27 15:37:00,34733.65000000005,34733.65000000005
2026-07-27 16:37:00,34733.65000000005,34733.65000000005
2026-07-27 17:37:00,34733.65000000005,34733.65000000005
2026-07-27 18:37:00,34733.65000000005,34733.65000000005
2026-07-27 19:37:00,34733.65000000005,34733.65000000005
2026-07-27 20:37:00,34733.65000000005,34733.65000000005
2026-07-27 21:37:00,34733.65000000005,34733.65000000005
2026-07-27 22:37:00,34733.65000000005,34733.65000000005
2026-07-27 23:37:00,34733.65000000005,34733.65000000005
2026-07-28 01:38:00,34733.65000000005,34733.65000000005
2026-07-28 02:38:00,34733.65000000005,34733.65000000005
2026-07-28 03:38:00,34733.65000000005,34733.65000000005
2026-07-28 04:38:00,34733.65000000005,34733.65000000005
2026-07-28 05:38:00,34733.65000000005,34733.65000000005
2026-07-28 06:38:00,34733.65000000005,34733.65000000005
2026-07-28 07:38:00,34733.65000000005,34733.65000000005
2026-07-28 08:38:00,34733.65000000005,34733.65000000005
2026-07-28 09:38:00,34733.65000000005,34733.65000000005
2026-07-28 10:38:00,34733.65000000005,34733.65000000005
2026-07-28 11:38:00,34733.65000000005,34733.65000000005
2026-07-28 12:38:00,34733.65000000005,34733.65000000005
2026-07-28 13:38:00,34733.65000000005,34733.65000000005
2026-07-28 14:38:00,34733.65000000005,34733.65000000005
2026-07-28 15:38:00,34733.65000000005,34733.65000000005
2026-07-28 16:38:00,34733.65000000005,34733.65000000005
2026-07-28 17:38:00,34733.65000000005,34733.65000000005
2026-07-28 18:38:00,34733.65000000005,34733.65000000005
2026-07-28 19:38:00,34733.65000000005,34733.65000000005
2026-07-28 20:38:00,34733.65000000005,34733.65000000005
2026-07-28 21:38:00,34733.65000000005,34733.65000000005
2026-07-28 22:38:00,34733.65000000005,34733.65000000005
2026-07-28 23:38:00,34733.65000000005,34733.65000000005
2026-07-29 01:39:00,34733.65000000005,34733.65000000005
2026-07-29 02:39:00,34733.65000000005,34733.65000000005
2026-07-29 03:39:00,34733.65000000005,34733.65000000005
2026-07-29 04:39:00,34733.65000000005,34733.65000000005
2026-07-29 05:39:00,34733.65000000005,34733.65000000005
2026-07-29 06:39:00,34733.65000000005,34733.65000000005
2026-07-29 07:39:00,34733.65000000005,34733.65000000005
2026-07-29 08:39:00,34733.65000000005,34733.65000000005
2026-07-29 09:39:00,34733.65000000005,34733.65000000005
2026-07-29 10:39:00,34733.65000000005,34733.65000000005
2026-07-29 11:39:00,34733.65000000005,34733.65000000005
2026-07-29 12:39:00,34733.65000000005,34733.65000000005
2026-07-29 13:39:00,34733.65000000005,34733.65000000005
2026-07-29 14:39:00,34733.65000000005,34733.65000000005
2026-07-29 15:39:00,34733.65000000005,34733.65000000005
2026-07-29 16:39:00,34733.65000000005,34733.65000000005
2026-07-29 17:39:00,34733.65000000005,34733.65000000005
2026-07-29 18:39:00,34733.65000000005,34733.65000000005
2026-07-29 19:39:00,34733.65000000005,34733.65000000005
2026-07-29 20:39:00,34733.65000000005,34733.65000000005
2026-07-29 21:39:00,34733.65000000005,34733.65000000005
2026-07-29 22:39:00,34733.65000000005,34733.65000000005
2026-07-29 23:39:00,34733.65000000005,34733.65000000005
2026-07-30 01:40:00,34733.65000000005,34733.65000000005
2026-07-30 02:40:00,34733.65000000005,34733.65000000005
2026-07-30 03:40:00,34733.65000000005,34733.65000000005
2026-07-30 04:40:00,34733.65000000005,34733.65000000005
2026-07-30 05:40:00,34733.65000000005,34733.65000000005
2026-07-30 06:40:00,34733.65000000005,34733.65000000005
2026-07-30 07:40:00,34733.65000000005,34733.65000000005
2026-07-30 08:40:00,34732.880000000056,34764.450000000055
2026-07-30 09:40:00,34732.880000000056,34766.76000000005
2026-07-30 10:40:00,34404.51000000007,34486.500000000065
2026-07-30 11:40:00,34460.290000000066,34685.83000000007
2026-07-30 12:40:00,34460.290000000066,34683.80000000007
2026-07-30 13:40:00,34543.97000000007,34783.62000000007
2026-07-30 14:40:00,34543.97000000007,34769.570000000065
2026-07-30 15:40:00,34543.97000000007,34750.87000000007
2026-07-30 16:40:00,34543.97000000007,34831.27000000007
2026-07-30 17:40:00,34892.570000000065,34892.570000000065
2026-07-30 18:40:00,34892.570000000065,34892.570000000065
2026-07-30 19:40:00,34892.570000000065,34892.570000000065
2026-07-30 20:40:00,34892.570000000065,34892.570000000065
2026-07-30 21:40:00,34892.570000000065,34892.570000000065
2026-07-30 22:40:00,34892.570000000065,34892.570000000065
2026-07-30 23:40:00,34892.570000000065,34892.570000000065
2026-07-31 01:41:00,34571.47000000007,34571.47000000007
2026-07-31 02:41:00,34571.47000000007,34571.47000000007
2026-07-31 03:41:00,34571.47000000007,34571.47000000007
2026-07-31 04:41:00,34571.47000000007,34571.47000000007
2026-07-31 05:41:00,34571.47000000007,34571.47000000007
2026-07-31 06:41:00,34571.47000000007,34571.47000000007
2026-07-31 07:41:00,34571.47000000007,34571.47000000007
2026-07-31 08:41:00,34571.47000000007,34571.47000000007
2026-07-31 09:41:00,34571.47000000007,34571.47000000007
2026-07-31 10:41:00,34571.47000000007,34571.47000000007
2026-07-31 11:41:00,34571.47000000007,34571.47000000007
2026-07-31 12:41:00,34571.47000000007,34571.47000000007
2026-07-31 13:41:00,34571.47000000007,34571.47000000007
2026-07-31 14:41:00,34571.47000000007,34571.47000000007
2026-07-31 15:41:00,34571.47000000007,34571.47000000007
2026-07-31 16:41:00,34571.47000000007,34571.47000000007
2026-07-31 17:41:00,34571.47000000007,34571.47000000007
2026-07-31 18:41:00,34571.47000000007,34571.47000000007
2026-07-31 19:41:00,34571.47000000007,34571.47000000007
2026-07-31 20:41:00,34571.47000000007,34571.47000000007
2026-07-31 21:41:00,34571.47000000007,34571.47000000007
2026-07-31 22:41:00,34571.47000000007,34571.47000000007
2026-07-31 23:41:00,34571.47000000007,34571.47000000007
2026-08-03 01:42:00,34571.47000000007,34571.47000000007
2026-08-03 02:42:00,34571.47000000007,34571.47000000007
2026-08-03 03:42:00,34571.47000000007,34571.47000000007
2026-08-03 04:42:00,34571.47000000007,34571.47000000007
2026-08-03 05:42:00,34571.47000000007,34571.47000000007
2026-08-03 06:42:00,34571.47000000007,34571.47000000007
2026-08-03 07:42:00,34571.47000000007,34571.47000000007
2026-08-03 08:42:00,34571.47000000007,34571.47000000007
2026-08-03 09:42:00,34571.47000000007,34571.47000000007
2026-08-03 10:42:00,34571.47000000007,34571.47000000007
2026-08-03 11:42:00,34571.47000000007,34571.47000000007
2026-08-03 12:42:00,34571.47000000007,34571.47000000007
2026-08-03 13:42:00,34571.47000000007,34571.47000000007
2026-08-03 14:42:00,34571.47000000007,34571.47000000007
2026-08-03 15:42:00,34571.47000000007,34571.47000000007
2026-08-03 16:42:00,34571.47000000007,34571.47000000007
2026-08-03 17:42:00,34571.47000000007,34571.47000000007
2026-08-03 18:42:00,34571.47000000007,34571.47000000007
2026-08-03 19:42:00,34571.47000000007,34571.47000000007
2026-08-03 20:42:00,34571.47000000007,34571.47000000007
2026-08-03 21:42:00,34571.47000000007,34571.47000000007
2026-08-03 22:42:00,34571.47000000007,34571.47000000007
2026-08-03 23:42:00,34571.47000000007,34571.47000000007
2026-08-04 01:43:00,34571.47000000007,34571.47000000007
2026-08-04 02:43:00,34571.47000000007,34571.47000000007
2026-08-04 03:43:00,34571.47000000007,34571.47000000007
2026-08-04 04:43:00,34571.47000000007,34571.47000000007
2026-08-04 05:43:00,34571.47000000007,34571.47000000007
2026-08-04 06:43:00,34571.47000000007,34571.47000000007
2026-08-04 07:43:00,34571.47000000007,34571.47000000007
2026-08-04 08:43:00,34571.47000000007,34571.47000000007
2026-08-04 09:43:00,34571.47000000007,34571.47000000007
2026-08-04 10:43:00,34571.47000000007,34571.47000000007
2026-08-04 11:43:00,34571.47000000007,34571.47000000007
2026-08-04 12:43:00,34571.47000000007,34571.47000000007
2026-08-04 13:43:00,34571.47000000007,34571.47000000007
2026-08-04 14:43:00,34571.47000000007,34571.47000000007
2026-08-04 15:43:00,34571.47000000007,34571.47000000007
2026-08-04 16:43:00,34571.47000000007,34571.47000000007
2026-08-04 17:43:00,34571.47000000007,34571.47000000007
2026-08-04 18:43:00,34571.47000000007,34571.47000000007
2026-08-04 19:43:00,34571.47000000007,34571.47000000007
2026-08-04 20:43:00,34571.47000000007,34571.47000000007
2026-08-04 21:43:00,34571.47000000007,34571.47000000007
2026-08-04 22:43:00,34571.47000000007,34571.47000000007
2026-08-04 23:43:00,34571.47000000007,34571.47000000007
2026-08-05 01:44:00,34571.47000000007,34571.47000000007
2026-08-05 02:44:00,34571.47000000007,34571.47000000007
2026-08-05 03:44:00,34571.47000000007,34571.47000000007
2026-08-05 04:44:00,34571.47000000007,34571.47000000007
2026-08-05 05:44:00,34571.47000000007,34571.47000000007
2026-08-05 06:44:00,34571.47000000007,34571.47000000007
2026-08-05 07:44:00,34571.47000000007,34571.47000000007
2026-08-05 08:44:00,34571.47000000007,34571.47000000007
2026-08-05 09:44:00,34571.47000000007,34571.47000000007
2026-08-05 10:44:00,34571.47000000007,34571.47000000007
2026-08-05 11:44:00,34571.47000000007,34571.47000000007
2026-08-05 12:44:00,34569.51000000007,34595.27000000007
2026-08-05 13:44:00,34569.51000000007,34512.11000000006
2026-08-05 14:44:00,34759.560000000056,35146.94000000006
2026-08-05 15:44:00,35012.89000000005,35275.46000000004
2026-08-05 16:44:00,35012.89000000005,35296.180000000044
2026-08-05 17:44:00,35519.55000000005,35519.55000000005
2026-08-05 18:44:00,35519.55000000005,35519.55000000005
2026-08-05 19:44:00,35662.07000000005,36263.03000000004
2026-08-05 20:44:00,35845.27000000005,36384.31000000005
2026-08-05 21:44:00,35917.27000000005,36654.27000000005
2026-08-05 22:44:00,35917.27000000005,36517.21000000006
2026-08-05 23:44:00,35917.27000000005,36347.37000000005
2026-08-06 01:45:00,36078.78000000002,36786.9
2026-08-06 02:45:00,37352.49,38082.869999999995
2026-08-06 03:45:00,37352.49,38266.69
2026-08-06 04:45:00,37640.49,38256.89
2026-08-06 05:45:00,37640.49,38203.78999999999
2026-08-06 06:45:00,37640.49,37993.590000000004
2026-08-06 07:45:00,37640.49,37972.49
2026-08-06 08:45:00,37640.49,38037.19
2026-08-06 09:45:00,37635.59,38170.69
2026-08-06 10:45:00,37699.140000000036,37975.44000000004
2026-08-06 11:45:00,37699.140000000036,38176.44000000003
2026-08-06 12:45:00,37699.140000000036,38189.04000000004
2026-08-06 13:45:00,37699.140000000036,38093.04000000004
2026-08-06 14:45:00,37699.140000000036,38014.54000000004
2026-08-06 15:45:00,37699.140000000036,38105.54000000004
2026-08-06 16:45:00,37369.550000000025,37797.950000000026
2026-08-06 17:45:00,37369.550000000025,37853.75000000003
2026-08-06 18:45:00,36724.64000000003,36969.440000000024
2026-08-06 19:45:00,36723.64000000003,36723.64000000003
2026-08-06 20:45:00,36723.64000000003,36723.64000000003
2026-08-06 21:45:00,36723.64000000003,36723.64000000003
2026-08-06 22:45:00,36723.64000000003,36723.64000000003
2026-08-06 23:45:00,36723.64000000003,36723.64000000003
2026-08-07 01:46:00,36723.64000000003,36723.64000000003
2026-08-07 02:46:00,36723.64000000003,36723.64000000003
2026-08-07 03:46:00,36723.64000000003,36723.64000000003
2026-08-07 04:46:00,36723.64000000003,36723.64000000003
2026-08-07 05:46:00,36723.64000000003,36723.64000000003
2026-08-07 06:46:00,36723.64000000003,36723.64000000003
2026-08-07 07:46:00,36723.64000000003,36723.64000000003
2026-08-07 08:46:00,36723.64000000003,36723.64000000003
2026-08-07 09:46:00,36723.64000000003,36723.64000000003
2026-08-07 10:46:00,36723.64000000003,36723.64000000003
2026-08-07 11:46:00,36723.64000000003,36723.64000000003
2026-08-07 12:46:00,36723.64000000003,36723.64000000003
2026-08-07 13:46:00,36723.64000000003,36723.64000000003
2026-08-07 14:46:00,36723.64000000003,36723.64000000003
2026-08-07 15:46:00,36723.64000000003,36723.64000000003
2026-08-07 16:46:00,36723.64000000003,36723.64000000003
2026-08-07 17:46:00,36723.64000000003,36723.64000000003
2026-08-07 18:46:00,36723.64000000003,36723.64000000003
2026-08-07 19:46:00,36723.64000000003,36723.64000000003
2026-08-07 20:46:00,36723.64000000003,36723.64000000003
2026-08-07 21:46:00,36723.64000000003,36723.64000000003
2026-08-07 22:46:00,36723.64000000003,36723.64000000003
2026-08-07 23:46:00,36723.64000000003,36723.64000000003
2026-08-10 01:47:00,36723.64000000003,36723.64000000003
2026-08-10 02:47:00,36723.64000000003,36723.64000000003
2026-08-10 03:47:00,36723.64000000003,36723.64000000003
2026-08-10 04:47:00,36717.55000000003,36054.39000000009
2026-08-10 05:47:00,36737.17000000003,36728.870000000024
2026-08-10 06:47:00,36778.93000000003,36987.07000000005
2026-08-10 07:47:00,36971.76000000003,37652.040000000015
2026-08-10 08:47:00,37359.490000000034,38271.02000000003
2026-08-10 09:47:00,37359.490000000034,38798.87000000006
2026-08-10 10:47:00,37602.95000000004,38930.39000000004
2026-08-10 11:47:00,37602.95000000004,38493.77000000005
2026-08-10 12:47:00,37602.95000000004,38337.59000000006
2026-08-10 13:47:00,37602.95000000004,38108.45000000003
2026-08-10 14:47:00,37602.95000000004,38033.97000000003
2026-08-10 15:47:00,37600.15000000005,37676.75000000005
2026-08-10 16:47:00,37600.15000000005,37653.950000000055
2026-08-10 17:47:00,37599.15000000006,37599.15000000006
2026-08-10 18:47:00,37599.15000000006,37599.15000000006
2026-08-10 19:47:00,37599.15000000006,37599.15000000006
2026-08-10 20:47:00,37599.15000000006,37599.15000000006
2026-08-10 21:47:00,37599.15000000006,37599.15000000006
2026-08-10 22:47:00,37599.15000000006,37599.15000000006
2026-08-10 23:47:00,37599.15000000006,37599.15000000006
2026-08-11 01:48:00,37599.15000000006,37599.15000000006
2026-08-11 02:48:00,37599.15000000006,37599.15000000006
2026-08-11 03:48:00,37599.15000000006,37599.15000000006
2026-08-11 04:48:00,37256.99000000007,37256.99000000007
2026-08-11 05:48:00,37256.99000000007,37256.99000000007
2026-08-11 06:48:00,37302.470000000074,37399.43000000008
2026-08-11 07:48:00,37300.870000000075,37300.870000000075
2026-08-11 08:48:00,37593.75000000004,37593.75000000004
2026-08-11 09:48:00,37593.75000000004,37593.75000000004
2026-08-11 10:48:00,37593.75000000004,37593.75000000004
2026-08-11 11:48:00,37593.75000000004,37593.75000000004
2026-08-11 12:48:00,37593.75000000004,37593.75000000004
2026-08-11 13:48:00,37593.75000000004,37593.75000000004
2026-08-11 14:48:00,37593.75000000004,37593.75000000004
2026-08-11 15:48:00,37593.75000000004,37593.75000000004
2026-08-11 16:48:00,37593.75000000004,37593.75000000004
2026-08-11 17:48:00,37593.75000000004,37593.75000000004
2026-08-11 18:48:00,37593.75000000004,37593.75000000004
2026-08-11 19:48:00,37593.75000000004,37593.75000000004
2026-08-11 20:48:00,37593.75000000004,37593.75000000004
2026-08-11 21:48:00,37593.75000000004,37593.75000000004
2026-08-11 22:48:00,37593.75000000004,37593.75000000004
2026-08-11 23:48:00,37593.75000000004,37593.75000000004
2026-08-12 01:49:00,37593.75000000004,37593.75000000004
2026-08-12 02:49:00,37593.75000000004,37593.75000000004
2026-08-12 03:49:00,37593.75000000004,37593.75000000004
2026-08-12 04:49:00,37593.75000000004,37593.75000000004
2026-08-12 05:49:00,37593.75000000004,37593.75000000004
2026-08-12 06:49:00,37593.75000000004,37593.75000000004
2026-08-12 07:49:00,37593.75000000004,37593.75000000004
2026-08-12 08:49:00,37735.49000000001,37735.49000000001
2026-08-12 09:49:00,37735.49000000001,37735.49000000001
2026-08-12 10:49:00,37735.49000000001,37735.49000000001
2026-08-12 11:49:00,37735.49000000001,37735.49000000001
2026-08-12 12:49:00,37735.49000000001,37735.49000000001
2026-08-12 13:49:00,37735.49000000001,37735.49000000001
2026-08-12 14:49:00,37735.49000000001,37735.49000000001
2026-08-12 15:49:00,38081.990000000034,38081.990000000034
2026-08-12 16:49:00,38081.990000000034,38081.990000000034
2026-08-12 17:49:00,38081.990000000034,38081.990000000034
2026-08-12 18:49:00,38081.990000000034,38081.990000000034
2026-08-12 19:49:00,38081.990000000034,38081.990000000034
2026-08-12 20:49:00,38081.990000000034,38081.990000000034
2026-08-12 21:49:00,38081.990000000034,38081.990000000034
2026-08-12 22:49:00,38081.990000000034,38081.990000000034
2026-08-12 23:49:00,38081.990000000034,38081.990000000034
2026-08-13 01:50:00,38081.990000000034,38081.990000000034
2026-08-13 02:50:00,38081.990000000034,38081.990000000034
2026-08-13 03:50:00,38081.990000000034,38081.990000000034
2026-08-13 04:50:00,38081.990000000034,38081.990000000034
2026-08-13 05:50:00,38081.990000000034,38081.990000000034
2026-08-13 06:50:00,38081.990000000034,38081.990000000034
2026-08-13 07:50:00,38081.990000000034,38081.990000000034
2026-08-13 08:50:00,38081.990000000034,38081.990000000034
2026-08-13 09:50:00,38081.990000000034,38081.990000000034
2026-08-13 10:50:00,38081.990000000034,38081.990000000034
2026-08-13 11:50:00,38081.990000000034,38081.990000000034
2026-08-13 12:50:00,38081.990000000034,38081.990000000034
2026-08-13 13:50:00,38081.990000000034,38081.990000000034
2026-08-13 14:50:00,38081.990000000034,38081.990000000034
2026-08-13 15:50:00,38283.78000000005,38283.78000000005
2026-08-13 16:50:00,38283.78000000005,38283.78000000005
2026-08-13 17:50:00,38283.78000000005,38283.78000000005
2026-08-13 18:50:00,38283.78000000005,38283.78000000005
2026-08-13 19:50:00,38283.78000000005,38283.78000000005
2026-08-13 20:50:00,38283.78000000005,38283.78000000005
2026-08-13 21:50:00,38283.78000000005,38283.78000000005
2026-08-13 22:50:00,38283.78000000005,38283.78000000005
2026-08-13 23:50:00,38283.78000000005,38283.78000000005
2026-08-14 01:51:00,38283.78000000005,38283.78000000005
2026-08-14 02:51:00,38283.78000000005,38283.78000000005
2026-08-14 03:51:00,38283.78000000005,38283.78000000005
2026-08-14 04:51:00,38283.78000000005,38283.78000000005
2026-08-14 05:51:00,38283.78000000005,38283.78000000005
2026-08-14 06:51:00,38283.78000000005,38283.78000000005
2026-08-14 07:51:00,38283.78000000005,38283.78000000005
2026-08-14 08:51:00,38283.78000000005,38283.78000000005
2026-08-14 09:51:00,38283.78000000005,38283.78000000005
2026-08-14 10:51:00,38283.78000000005,38283.78000000005
2026-08-14 11:51:00,38283.78000000005,38283.78000000005
2026-08-14 12:51:00,38283.78000000005,38283.78000000005
2026-08-14 13:51:00,38283.78000000005,38283.78000000005
2026-08-14 14:51:00,38283.78000000005,38283.78000000005
2026-08-14 15:51:00,38283.78000000005,38283.78000000005
2026-08-14 16:51:00,38281.75000000005,38346.130000000034
2026-08-14 17:51:00,38328.48000000006,38328.48000000006
2026-08-14 18:51:00,38328.48000000006,38328.48000000006
2026-08-14 19:51:00,38328.48000000006,38328.48000000006
2026-08-14 20:51:00,38328.48000000006,38328.48000000006
2026-08-14 21:51:00,38328.48000000006,38328.48000000006
2026-08-14 22:51:00,38328.48000000006,38328.48000000006
2026-08-14 23:51:00,38328.48000000006,38328.48000000006
2026-08-17 01:52:00,38328.48000000006,38328.48000000006
2026-08-17 02:52:00,38328.48000000006,38328.48000000006
2026-08-17 03:52:00,38328.48000000006,38328.48000000006
2026-08-17 04:52:00,38328.48000000006,38328.48000000006
2026-08-17 05:52:00,38328.48000000006,38328.48000000006
2026-08-17 06:52:00,38328.48000000006,38328.48000000006
2026-08-17 07:52:00,38328.48000000006,38328.48000000006
2026-08-17 08:52:00,38328.48000000006,38328.48000000006
2026-08-17 09:52:00,38328.48000000006,38328.48000000006
2026-08-17 10:52:00,38328.48000000006,38328.48000000006
2026-08-17 11:52:00,38328.48000000006,38328.48000000006
2026-08-17 12:52:00,38328.48000000006,38328.48000000006
2026-08-17 13:52:00,38328.48000000006,38328.48000000006
2026-08-17 14:52:00,38328.48000000006,38328.48000000006
2026-08-17 15:52:00,38612.03999999999,38568.299999999996
2026-08-17 16:52:00,38771.27999999999,39025.37999999998
2026-08-17 17:52:00,38930.51999999999,39226.889999999985
2026-08-17 18:52:00,38930.51999999999,39273.68999999999
2026-08-17 19:52:00,38930.51999999999,39262.43999999999
2026-08-17 20:52:00,38930.51999999999,39217.07999999998
2026-08-17 21:52:00,38930.51999999999,39119.069999999985
2026-08-17 22:52:00,38930.51999999999,39216.179999999986
2026-08-17 23:52:00,38930.51999999999,39195.389999999985
2026-08-18 01:53:00,38926.01999999999,39176.75999999999
2026-08-18 02:53:00,38926.01999999999,39261.08999999998
2026-08-18 03:53:00,39324.08999999998,39324.08999999998
2026-08-18 04:53:00,39324.08999999998,39324.08999999998
2026-08-18 05:53:00,39324.08999999998,39324.08999999998
2026-08-18 06:53:00,39324.08999999998,39324.08999999998
2026-08-18 07:53:00,39324.08999999998,39324.08999999998
2026-08-18 08:53:00,39324.08999999998,39324.08999999998
2026-08-18 09:53:00,39324.08999999998,39324.08999999998
2026-08-18 10:53:00,39324.08999999998,39324.08999999998
2026-08-18 11:53:00,39324.08999999998,39324.08999999998
2026-08-18 12:53:00,39324.08999999998,39324.08999999998
2026-08-18 13:53:00,39324.08999999998,39324.08999999998
2026-08-18 14:53:00,39324.08999999998,39324.08999999998
2026-08-18 15:53:00,39324.08999999998,39324.08999999998
2026-08-18 16:53:00,39324.08999999998,39324.08999999998
2026-08-18 17:53:00,39414.94,39414.94
2026-08-18 18:53:00,39414.94,39414.94
2026-08-18 19:53:00,39414.94,39414.94
2026-08-18 20:53:00,39414.94,39414.94
2026-08-18 21:53:00,39414.94,39414.94
2026-08-18 22:53:00,39414.94,39414.94
2026-08-18 23:53:00,39414.94,39414.94
2026-08-19 01:54:00,39414.94,39414.94
2026-08-19 02:54:00,39414.94,39414.94
2026-08-19 03:54:00,39414.94,39414.94
2026-08-19 04:54:00,39451.76999999999,39451.76999999999
2026-08-19 05:54:00,39451.76999999999,39451.76999999999
2026-08-19 06:54:00,39451.76999999999,39451.76999999999
2026-08-19 07:54:00,39451.76999999999,39451.76999999999
2026-08-19 08:54:00,39451.76999999999,39451.76999999999
2026-08-19 09:54:00,39451.76999999999,39451.76999999999
2026-08-19 10:54:00,39451.76999999999,39451.76999999999
2026-08-19 11:54:00,39451.76999999999,39451.76999999999
2026-08-19 12:54:00,39451.76999999999,39451.76999999999
2026-08-19 13:54:00,39451.76999999999,39451.76999999999
2026-08-19 14:54:00,39451.76999999999,39451.76999999999
2026-08-19 15:54:00,38672.049999999996,38672.049999999996
2026-08-19 16:54:00,38672.049999999996,38672.049999999996
2026-08-19 17:54:00,38672.049999999996,38672.049999999996
2026-08-19 18:54:00,38672.049999999996,38672.049999999996
2026-08-19 19:54:00,38672.049999999996,38672.049999999996
2026-08-19 20:54:00,38672.049999999996,38672.049999999996
2026-08-19 21:54:00,38672.049999999996,38672.049999999996
2026-08-19 22:54:00,38672.049999999996,38672.049999999996
2026-08-19 23:54:00,38672.049999999996,38672.049999999996
2026-08-20 01:55:00,38672.049999999996,38672.049999999996
2026-08-20 02:55:00,38699.62000000001,38699.62000000001
2026-08-20 03:55:00,38699.62000000001,38699.62000000001
2026-08-20 04:55:00,38722.21000000003,38597.83000000003
2026-08-20 05:55:00,38852.31000000001,38981.07
2026-08-20 06:55:00,38852.31000000001,39214.81000000001
2026-08-20 07:55:00,38849.41,38849.41
2026-08-20 08:55:00,38849.41,38849.41
2026-08-20 09:55:00,38849.41,38849.41
2026-08-20 10:55:00,38849.41,38849.41
2026-08-20 11:55:00,38849.41,38849.41
2026-08-20 12:55:00,38849.41,38849.41
2026-08-20 13:55:00,38849.41,38849.41
2026-08-20 14:55:00,38849.41,38849.41
2026-08-20 15:55:00,38849.41,38849.41
2026-08-20 16:55:00,38849.41,38849.41
2026-08-20 17:55:00,38849.41,38849.41
2026-08-20 18:55:00,38849.41,38849.41
2026-08-20 19:55:00,38849.41,38849.41
2026-08-20 20:55:00,38849.41,38849.41
2026-08-20 21:55:00,38849.41,38849.41
2026-08-20 22:55:00,38849.41,38849.41
2026-08-20 23:55:00,38849.41,38849.41
2026-08-21 01:56:00,38849.41,38849.41
2026-08-21 02:56:00,38849.41,38849.41
2026-08-21 03:56:00,38849.41,38849.41
2026-08-21 04:56:00,38849.41,38849.41
2026-08-21 05:56:00,38849.41,38849.41
2026-08-21 06:56:00,38846.75,38908.68999999997
2026-08-21 07:56:00,38993.62999999999,39194.629999999976
2026-08-21 08:56:00,38991.62999999998,38991.62999999998
2026-08-21 09:56:00,38991.62999999998,38991.62999999998
2026-08-21 10:56:00,38991.62999999998,38991.62999999998
2026-08-21 11:56:00,38991.62999999998,38991.62999999998
2026-08-21 12:56:00,38991.62999999998,38991.62999999998
2026-08-21 13:56:00,38991.62999999998,38991.62999999998
2026-08-21 14:56:00,38991.62999999998,38991.62999999998
2026-08-21 15:56:00,39050.109999999935,39050.109999999935
2026-08-21 16:56:00,39050.109999999935,39050.109999999935
2026-08-21 17:56:00,39050.109999999935,39050.109999999935
2026-08-21 18:56:00,39050.109999999935,39050.109999999935
2026-08-21 19:56:00,39050.109999999935,39050.109999999935
2026-08-21 20:56:00,39050.109999999935,39050.109999999935
2026-08-21 21:56:00,39050.109999999935,39050.109999999935
2026-08-21 22:56:00,39050.109999999935,39050.109999999935
2026-08-21 23:56:00,39050.109999999935,39050.109999999935
2026-08-24 01:57:00,39050.109999999935,39050.109999999935
2026-08-24 02:57:00,39050.109999999935,39050.109999999935
2026-08-24 03:57:00,39048.569999999934,38948.02999999994
2026-08-24 04:57:00,38699.64999999995,38699.64999999995
2026-08-24 05:57:00,38699.64999999995,38699.64999999995
2026-08-24 06:57:00,38699.64999999995,38699.64999999995
2026-08-24 07:57:00,38699.64999999995,38699.64999999995
2026-08-24 08:57:00,38699.64999999995,38699.64999999995
2026-08-24 09:57:00,38699.64999999995,38699.64999999995
2026-08-24 10:57:00,38699.64999999995,38699.64999999995
2026-08-24 11:57:00,38699.64999999995,38699.64999999995
2026-08-24 12:57:00,38699.64999999995,38699.64999999995
2026-08-24 13:57:00,38699.64999999995,38699.64999999995
2026-08-24 14:57:00,38699.64999999995,38699.64999999995
2026-08-24 15:57:00,38699.64999999995,38699.64999999995
2026-08-24 16:57:00,38699.64999999995,38699.64999999995
2026-08-24 17:57:00,38699.64999999995,38699.64999999995
2026-08-24 18:57:00,38699.64999999995,38699.64999999995
2026-08-24 19:57:00,38699.64999999995,38699.64999999995
2026-08-24 20:57:00,38699.64999999995,38699.64999999995
2026-08-24 21:57:00,38765.60999999996,38765.60999999996
2026-08-24 22:57:00,38765.60999999996,38765.60999999996
2026-08-24 23:57:00,38765.60999999996,38765.60999999996
2026-08-25 01:58:00,38765.60999999996,38765.60999999996
2026-08-25 02:58:00,38765.60999999996,38765.60999999996
2026-08-25 03:58:00,38765.60999999996,38765.60999999996
2026-08-25 04:58:00,38765.60999999996,38765.60999999996
2026-08-25 05:58:00,38765.60999999996,38765.60999999996
2026-08-25 06:58:00,38765.60999999996,38765.60999999996
2026-08-25 07:58:00,38765.60999999996,38765.60999999996
2026-08-25 08:58:00,38765.60999999996,38765.60999999996
2026-08-25 09:58:00,38765.60999999996,38765.60999999996
2026-08-25 10:58:00,38765.60999999996,38765.60999999996
2026-08-25 11:58:00,38765.60999999996,38765.60999999996
2026-08-25 12:58:00,38765.60999999996,38765.60999999996
2026-08-25 13:58:00,38765.60999999996,38765.60999999996
2026-08-25 14:58:00,38765.60999999996,38765.60999999996
2026-08-25 15:58:00,38765.60999999996,38765.60999999996
2026-08-25 16:58:00,38765.60999999996,38765.60999999996
2026-08-25 17:58:00,38765.60999999996,38765.60999999996
2026-08-25 18:58:00,38764.83999999996,38797.17999999996
2026-08-25 19:58:00,38764.83999999996,38903.439999999966
2026-08-25 20:58:00,38800.83999999996,38855.649999999965
2026-08-25 21:58:00,38799.939999999966,38799.939999999966
2026-08-25 22:58:00,38799.939999999966,38799.939999999966
2026-08-25 23:58:00,38799.939999999966,38799.939999999966
2026-08-26 01:59:00,38799.939999999966,38799.939999999966
2026-08-26 02:59:00,38799.939999999966,38799.939999999966
2026-08-26 03:59:00,38799.939999999966,38799.939999999966
2026-08-26 04:59:00,38799.939999999966,38799.939999999966
2026-08-26 05:59:00,38799.939999999966,38799.939999999966
2026-08-26 06:59:00,38799.939999999966,38799.939999999966
2026-08-26 07:59:00,38799.939999999966,38799.939999999966
2026-08-26 08:59:00,38799.939999999966,38799.939999999966
2026-08-26 09:59:00,38799.939999999966,38799.939999999966
2026-08-26 10:59:00,38799.939999999966,38799.939999999966
2026-08-26 11:59:00,38848.579999999965,38961.85999999995
2026-08-26 12:59:00,38846.17999999996,38846.17999999996
2026-08-26 13:59:00,38846.17999999996,38846.17999999996
2026-08-26 14:59:00,38846.17999999996,38846.17999999996
2026-08-26 15:59:00,38846.17999999996,38846.17999999996
2026-08-26 16:59:00,38846.17999999996,38846.17999999996
2026-08-26 17:59:00,38846.17999999996,38846.17999999996
2026-08-26 18:59:00,38846.17999999996,38846.17999999996
2026-08-26 19:59:00,38846.17999999996,38846.17999999996
2026-08-26 20:59:00,38846.17999999996,38846.17999999996
2026-08-26 21:59:00,38846.17999999996,38846.17999999996
2026-08-26 22:59:00,38846.17999999996,38846.17999999996
2026-08-27 01:00:00,38846.17999999996,38846.17999999996
2026-08-27 02:00:00,38845.61999999996,38852.25999999996
2026-08-27 03:00:00,38845.61999999996,38736.25999999996
2026-08-27 04:00:00,38845.61999999996,38888.97999999996
2026-08-27 05:00:00,38682.49999999996,38682.49999999996
2026-08-27 06:00:00,38682.49999999996,38682.49999999996
2026-08-27 07:00:00,38682.49999999996,38682.49999999996
2026-08-27 08:00:00,38682.49999999996,38682.49999999996
2026-08-27 09:00:00,38326.00999999996,38326.00999999996
2026-08-27 10:00:00,38326.00999999996,38326.00999999996
2026-08-27 11:00:00,38326.00999999996,38326.00999999996
2026-08-27 12:00:00,38326.00999999996,38326.00999999996
2026-08-27 13:00:00,38326.00999999996,38326.00999999996
2026-08-27 14:00:00,38326.00999999996,38326.00999999996
2026-08-27 15:00:00,38326.00999999996,38326.00999999996
2026-08-27 16:00:00,38326.00999999996,38326.00999999996
2026-08-27 17:00:00,38360.87999999997,38360.87999999997
2026-08-27 18:00:00,38360.87999999997,38360.87999999997
2026-08-27 19:00:00,38360.87999999997,38360.87999999997
2026-08-27 20:00:00,38360.87999999997,38360.87999999997
2026-08-27 21:00:00,38360.87999999997,38360.87999999997
2026-08-27 22:00:00,38360.87999999997,38360.87999999997
2026-08-27 23:00:00,38360.87999999997,38360.87999999997
2026-08-28 01:01:00,38360.87999999997,38360.87999999997
2026-08-28 02:01:00,38360.87999999997,38360.87999999997
2026-08-28 03:01:00,38359.12999999997,38360.629999999976
2026-08-28 04:01:00,38377.449999999975,38377.449999999975
2026-08-28 05:01:00,38377.449999999975,38377.449999999975
2026-08-28 06:01:00,38377.449999999975,38377.449999999975
2026-08-28 07:01:00,38377.449999999975,38377.449999999975
2026-08-28 08:01:00,38377.449999999975,38377.449999999975
2026-08-28 09:01:00,38377.449999999975,38377.449999999975
2026-08-28 10:01:00,38377.449999999975,38377.449999999975
2026-08-28 11:01:00,38377.449999999975,38377.449999999975
2026-08-28 12:01:00,38377.449999999975,38377.449999999975
2026-08-28 13:01:00,38377.449999999975,38377.449999999975
2026-08-28 14:01:00,38377.449999999975,38377.449999999975
2026-08-28 15:01:00,38462.80999999993,38462.80999999993
2026-08-28 16:01:00,38462.80999999993,38462.80999999993
2026-08-28 17:01:00,38462.80999999993,38462.80999999993
2026-08-28 18:01:00,38462.80999999993,38462.80999999993
2026-08-28 19:01:00,38462.80999999993,38462.80999999993
2026-08-28 20:01:00,38462.80999999993,38462.80999999993
2026-08-28 21:01:00,38462.80999999993,38462.80999999993
2026-08-28 22:01:00,38462.80999999993,38462.80999999993
2026-08-28 23:01:00,38462.80999999993,38462.80999999993
2026-08-31 01:02:00,38462.80999999993,38462.80999999993
2026-08-31 02:02:00,38462.80999999993,38462.80999999993
2026-08-31 03:02:00,38462.80999999993,38462.80999999993
2026-08-31 04:02:00,38462.80999999993,38462.80999999993
2026-08-31 05:02:00,38462.80999999993,38462.80999999993
2026-08-31 06:02:00,38459.86999999994,38686.36999999994
2026-08-31 07:02:00,38528.02999999994,38491.459999999934
2026-08-31 08:02:00,38591.65999999993,39124.0999999999
2026-08-31 09:02:00,38994.73999999992,39841.3399999999
2026-08-31 10:02:00,38994.73999999992,40011.439999999886
2026-08-31 11:02:00,39044.81999999992,40571.559999999925
2026-08-31 12:02:00,39171.369999999915,40067.069999999905
2026-08-31 13:02:00,39171.369999999915,40430.84999999989
2026-08-31 14:02:00,39171.369999999915,40887.21999999989
2026-08-31 15:02:00,39979.38999999991,41012.599999999904
2026-08-31 16:02:00,39979.38999999991,40449.419999999904
2026-08-31 17:02:00,39977.08999999991,40034.14999999991
2026-08-31 18:02:00,39977.08999999991,40085.32999999991
2026-08-31 19:02:00,39977.08999999991,40100.02999999991
2026-08-31 20:02:00,39977.08999999991,40109.44999999991
2026-08-31 21:02:00,39977.08999999991,40104.289999999906
2026-08-31 22:02:00,39977.08999999991,40097.92999999991
2026-08-31 23:02:00,39977.08999999991,40235.209999999905
2026-09-01 01:03:00,39974.08999999991,40218.22999999991
2026-09-01 02:03:00,39974.08999999991,40186.96999999991
2026-09-01 03:03:00,39974.08999999991,40216.42999999991
2026-09-01 04:03:00,39974.08999999991,40200.58999999991
2026-09-01 05:03:00,39974.08999999991,40176.04999999991
2026-09-01 06:03:00,39974.08999999991,40144.36999999991
2026-09-01 07:03:00,39974.08999999991,40125.40999999991
2026-09-01 08:03:00,39974.08999999991,40081.4899999999
2026-09-01 09:03:00,39974.08999999991,40124.86999999991
2026-09-01 10:03:00,39974.08999999991,40098.34999999991
2026-09-01 11:03:00,39974.08999999991,39983.80999999991
2026-09-01 12:03:00,39973.4899999999,39973.4899999999
2026-09-01 13:03:00,39973.4899999999,39973.4899999999
2026-09-01 14:03:00,39973.4899999999,39973.4899999999
2026-09-01 15:03:00,39973.4899999999,39973.4899999999
2026-09-01 16:03:00,39973.4899999999,39973.4899999999
2026-09-01 17:03:00,39973.4899999999,39973.4899999999
2026-09-01 18:03:00,39973.4899999999,39973.4899999999
2026-09-01 19:03:00,39973.4899999999,39973.4899999999
2026-09-01 20:03:00,39973.4899999999,39973.4899999999
2026-09-01 21:03:00,39973.4899999999,39973.4899999999
2026-09-01 22:03:00,39973.4899999999,39973.4899999999
2026-09-01 23:03:00,39973.4899999999,39973.4899999999
2026-09-02 01:04:00,39973.4899999999,39973.4899999999
2026-09-02 02:04:00,39973.4899999999,39973.4899999999
2026-09-02 03:04:00,39973.4899999999,39973.4899999999
2026-09-02 04:04:00,39973.4899999999,39973.4899999999
2026-09-02 05:04:00,39973.4899999999,39973.4899999999
2026-09-02 06:04:00,39973.4899999999,39973.4899999999
2026-09-02 07:04:00,39973.4899999999,39973.4899999999
2026-09-02 08:04:00,39973.4899999999,39973.4899999999
2026-09-02 09:04:00,39973.4899999999,39973.4899999999
2026-09-02 10:04:00,39973.4899999999,39973.4899999999
2026-09-02 11:04:00,39973.4899999999,39973.4899999999
2026-09-02 12:04:00,39973.4899999999,39973.4899999999
2026-09-02 13:04:00,39973.4899999999,39973.4899999999
2026-09-02 14:04:00,39973.4899999999,39973.4899999999
2026-09-02 15:04:00,39973.4899999999,39973.4899999999
2026-09-02 16:04:00,39973.4899999999,39973.4899999999
2026-09-02 17:04:00,39973.4899999999,39973.4899999999
2026-09-02 18:04:00,39605.9899999999,39605.9899999999
2026-09-02 19:04:00,39605.9899999999,39605.9899999999
2026-09-02 20:04:00,39605.9899999999,39605.9899999999
2026-09-02 21:04:00,39605.9899999999,39605.9899999999
2026-09-02 22:04:00,39605.9899999999,39605.9899999999
2026-09-02 23:04:00,39605.9899999999,39605.9899999999
2026-09-03 01:05:00,39605.9899999999,39605.9899999999
2026-09-03 02:05:00,39605.9899999999,39605.9899999999
2026-09-03 03:05:00,39605.9899999999,39605.9899999999
2026-09-03 04:05:00,39605.9899999999,39605.9899999999
2026-09-03 05:05:00,39605.9899999999,39605.9899999999
2026-09-03 06:05:00,39605.9899999999,39605.9899999999
2026-09-03 07:05:00,39605.9899999999,39605.9899999999
2026-09-03 08:05:00,39605.9899999999,39605.9899999999
2026-09-03 09:05:00,39605.9899999999,39605.9899999999
2026-09-03 10:05:00,39605.9899999999,39605.9899999999
2026-09-03 11:05:00,39605.9899999999,39605.9899999999
2026-09-03 12:05:00,39605.9899999999,39605.9899999999
2026-09-03 13:05:00,39605.9899999999,39605.9899999999
2026-09-03 14:05:00,39605.9899999999,39605.9899999999
2026-09-03 15:05:00,39605.9899999999,39605.9899999999
2026-09-03 16:05:00,39605.359999999906,39567.64999999991
2026-09-03 17:05:00,39649.43999999991,39791.679999999906
2026-09-03 18:05:00,39648.73999999992,39648.73999999992
2026-09-03 19:05:00,39720.799999999916,39972.079999999914
2026-09-03 20:05:00,39720.799999999916,39997.81999999992
2026-09-03 21:05:00,39720.799999999916,40055.41999999992
2026-09-03 22:05:00,39868.27999999991,40205.35999999991
2026-09-03 23:05:00,39868.27999999991,40240.399999999914
2026-09-04 01:06:00,39870.079999999914,40194.799999999916
2026-09-04 02:06:00,39870.079999999914,40241.83999999992
2026-09-04 03:06:00,39870.079999999914,40128.67999999992
2026-09-04 04:06:00,39870.079999999914,40187.719999999914
2026-09-04 05:06:00,39870.079999999914,40160.47999999991
2026-09-04 06:06:00,39870.079999999914,40231.63999999991
2026-09-04 07:06:00,39870.079999999914,40298.719999999914
2026-09-04 08:06:00,39870.079999999914,40287.31999999992
2026-09-04 09:06:00,39870.079999999914,40262.59999999992
2026-09-04 10:06:00,39870.079999999914,40325.35999999992
2026-09-04 11:06:00,39870.079999999914,40112.35999999992
2026-09-04 12:06:00,39870.079999999914,40223.119999999915
2026-09-04 13:06:00,39870.079999999914,40282.99999999991
2026-09-04 14:06:00,39870.079999999914,40268.23999999992
2026-09-04 15:06:00,39870.079999999914,40281.55999999991
2026-09-04 16:06:00,40246.2499999999,40246.2499999999
2026-09-04 17:06:00,40246.2499999999,40246.2499999999
2026-09-04 18:06:00,40246.2499999999,40246.2499999999
2026-09-04 19:06:00,40246.2499999999,40246.2499999999
2026-09-04 20:06:00,40246.2499999999,40246.2499999999
2026-09-04 21:06:00,40246.2499999999,40246.2499999999
2026-09-04 22:06:00,40246.2499999999,40246.2499999999
2026-09-04 23:06:00,40246.2499999999,40246.2499999999
2026-09-04 23:58:00,40246.2499999999,40246.2499999999
