key,tf,poi_id,kind,side,quality,grade,selected_time,entry_time,close_time,hold_min,entry,limit,sl,tp1,tp2,zone_top,zone_bottom,risk_usd_per_unit,atr,lots,risk_money,gross,commission,swap,net,r_gross,r_net,outcome,partial,mfe_r,mae_r,reentry,confluent,regime,mart_step,mart_scale,grid_leg,grid_parent,tier,risk_scale,legs,cum_net,cum_r,month
M10#1378,M10,1378,IMB,sell,0.572,B,2025-09-01 16:20:00,2025-09-01 17:22:00,2025-09-02 02:24:00,542.0,3480.79,3480.79,3485.37,3478.04,3458.81,3485.37,3480.79,4.579999999999927,3.0771428571428197,0.16,73.27999999999884,32.20000000000073,1.12,1.2,32.280000000000726,0.43941048034936186,0.44050218340613045,partial_be,True,1.7947598253274957,0.281659388646384,0,False,trend,0,1.0,False,,False,0.75,0.04@3478.04:tp1;0.04@3475.29:tp1;0.04@3480.89:be;0.04@3480.89:be,32.280000000000726,0.44050218340613045,2025-09
M5#2749,M5,2749,OB,buy,0.579,B,2025-09-03 01:10:00,2025-09-03 01:36:00,2025-09-03 06:04:00,268.0,3531.26,3531.26,3525.95,3534.45,3556.75,3531.26,3525.95,5.3100000000004,1.9721428571428337,0.28,148.68000000001123,155.3999999999924,1.9600000000000002,0.0,153.43999999999238,1.0451977401128643,1.0320150659132419,partial_be,True,2.883239171374537,0.9548022598869645,0,True,trend,0,1.0,False,,False,1.5,0.07@3534.45:tp1;0.07@3537.63:tp1;0.07@3544.00:tp1;0.07@3531.16:be,185.7199999999931,1.4725172493193723,2025-09
M10#1630,M10,1630,IMB,sell,0.61,B,2025-09-10 13:50:00,2025-09-10 13:53:00,2025-09-11 08:55:00,1142.0,3657.46,3657.46,3664.18,3653.43,3625.2,3664.18,3657.46,6.7199999999998,2.7357142857142662,0.11,73.9199999999978,217.74000000000163,0.77,0.75,217.72000000000162,2.9456168831169927,2.94534632034643,tp2,True,4.930059523809687,0.05208333333338902,0,False,trend,0,1.0,False,,False,0.75,0.02@3653.43:tp1;0.02@3649.40:tp1;0.02@3641.33:tp1;0.05@3625.20:tp2,403.4399999999947,4.417863569665802,2025-09
M10#1747,M10,1747,OB,buy,0.613,B,2025-09-12 18:00:00,2025-09-12 18:05:00,2025-09-15 02:22:00,3377.0,3646.16,3646.16,3638.49,3650.76,3682.98,3646.16,3638.49,7.670000000000073,3.9214285714285455,0.1,76.70000000000073,-77.69999999999983,0.7000000000000001,-5.0,-83.39999999999984,-1.0130378096479673,-1.0873533246414477,sl,False,0.5971316818774295,1.0847457627118162,0,False,trend,0,1.0,False,,False,0.75,0.02@3638.39:sl;0.02@3638.39:sl;0.02@3638.39:sl;0.04@3638.39:sl,320.03999999999485,3.3305102450243544,2025-09
M30#661,M30,661,OB,buy,0.603,B,2025-09-15 09:00:00,2025-09-15 09:42:00,2025-09-15 12:30:00,168.0,3639.37,3639.37,3631.78,3643.92,3675.8,3639.37,3631.78,7.589999999999691,5.050714285714321,0.2,151.79999999999382,21.250000000002274,1.4000000000000001,0.0,19.850000000002275,0.13998682476945415,0.13076416337287933,partial_be,True,0.8722002635046325,0.7549407114624838,0,True,trend,0,1.0,False,,False,1.5,0.05@3643.92:tp1;0.05@3639.27:be;0.05@3639.27:be;0.05@3639.27:be,339.88999999999714,3.4612744083972338,2025-09
M10#1837,M10,1837,OB,sell,0.571,B,2025-09-16 04:50:00,2025-09-16 05:07:00,2025-09-16 05:15:00,8.0,3682.43,3682.43,3686.33,3680.09,3663.71,3686.33,3682.43,3.900000000000091,3.4942857142857844,0.1,39.00000000000091,3.879999999996471,0.7000000000000001,0.0,3.179999999996471,0.09948717948708669,0.08153846153836915,partial_be,True,0.9179487179485613,0.12820512820524183,0,False,trend,-1,0.5,False,,False,0.75,0.02@3680.09:tp1;0.02@3682.53:be;0.02@3682.53:be;0.04@3682.53:be,343.0699999999936,3.5428128699356027,2025-09
H1#312,H1,312,IMB,buy,0.669,A,2025-09-15 23:00:00,2025-09-16 01:00:00,2025-09-16 05:46:00,286.0,3674.67,3674.67,3663.78,3681.2,3726.94,3674.67,3663.78,10.889999999999873,9.837857142857144,0.14,152.45999999999825,57.99999999999909,0.9800000000000001,-7.000000000000001,50.019999999999094,0.3804276531549243,0.32808605535878044,partial_be,True,1.3535353535353494,0.3544536271809157,0,True,trend,0,1.0,False,,False,1.5,0.03@3681.20:tp1;0.03@3687.74:tp1;0.03@3674.57:be;0.05@3674.57:be,393.0899999999927,3.8708989252943833,2025-09
M10#1821,M10,1821,IMB,buy,0.711,A,2025-09-15 20:00:00,2025-09-16 01:00:00,2025-09-16 12:23:00,683.0,3672.88,3672.88,3667.8,3675.93,3697.26,3672.88,3667.8,5.079999999999927,4.3828571428571195,0.22,111.75999999999841,277.3599999999993,1.5400000000000003,-6.000000000000001,269.81999999999925,2.481746599856865,2.4142806012885027,tp2,True,4.903543307086656,0.407480314960668,0,False,trend,1,1.5,False,,False,0.75,0.05@3675.93:tp1;0.05@3678.98:tp1;0.05@3685.07:tp1;0.07@3697.26:tp2,662.9099999999919,6.285179526582886,2025-09
M10#1885,M10,1885,IMB,sell,0.643,B,2025-09-17 05:30:00,2025-09-17 05:49:00,2025-09-17 06:15:00,26.0,3682.41,3682.41,3685.9,3680.32,3665.66,3685.9,3682.41,3.4900000000002365,3.5914285714285534,0.22,76.78000000000522,8.749999999992271,1.5400000000000003,0.0,7.209999999992271,0.11396196926272045,0.09390466267246393,partial_be,True,0.6647564469912756,0.4842406876791962,0,False,trend,0,1.0,False,,False,0.75,0.05@3680.32:tp1;0.05@3682.51:be;0.05@3682.51:be;0.07@3682.51:be,670.1199999999842,6.37908418925535,2025-09
M10#1936,M10,1936,IMB,sell,0.607,B,2025-09-18 09:50:00,2025-09-18 10:06:00,2025-09-18 10:20:00,14.0,3642.02,3642.02,3649.51,3637.53,3606.07,3649.51,3642.02,7.4900000000002365,4.713571428571446,0.21,157.290000000005,-159.39000000000306,1.4700000000000002,0.0,-160.86000000000305,-1.0133511348464492,-1.0226969292389723,sl,False,0.2510013351134913,1.0654205607476324,0,True,trend,0,1.0,False,,False,1.5,0.05@3649.61:sl;0.05@3649.61:sl;0.05@3649.61:sl;0.06@3649.61:sl,509.2599999999811,5.356387260016378,2025-09
M10#2052,M10,2052,IMB,buy,0.627,B,2025-09-22 21:50:00,2025-09-22 22:28:00,2025-09-23 01:00:00,152.0,3744.65,3744.65,3741.76,3746.38,3758.52,3744.65,3741.76,2.8899999999998727,2.396428571428617,0.4,115.5999999999949,-7.400000000006912,2.8000000000000003,0.0,-10.200000000006913,-0.06401384083051244,-0.08823529411771075,partial_be,True,1.3633217993080373,1.70242214532882,0,False,trend,1,1.5,False,,False,0.75,0.1@3746.38:tp1;0.1@3748.12:tp1;0.1@3741.68:be;0.1@3741.68:be,499.0599999999742,5.268151965898667,2025-09
M15#1430,M15,1430,IMB,buy,0.6,B,2025-09-22 22:00:00,2025-09-22 22:28:00,2025-09-23 01:00:00,152.0,3744.65,3744.65,3741.76,3746.38,3758.52,3744.65,3741.76,2.8899999999998727,3.1850000000000103,0.54,156.05999999999312,-15.560000000009495,3.7800000000000002,0.0,-19.340000000009496,-0.09970524157381892,-0.12392669486101722,partial_be,True,1.3633217993080373,1.70242214532882,0,True,trend,0,1.0,False,,False,1.5,0.13@3746.38:tp1;0.13@3748.12:tp1;0.13@3741.68:be;0.15@3741.68:be,479.71999999996467,5.14422527103765,2025-09
M10#2076,M10,2076,IMB,buy,0.663,A,2025-09-23 17:40:00,2025-09-23 19:36:00,2025-09-23 21:55:00,139.0,3766.79,3766.79,3759.68,3771.06,3800.92,3766.79,3759.68,7.110000000000127,6.394999999999949,0.33,234.6300000000042,237.98000000000184,2.31,0.0,235.67000000000183,1.0142777990879153,1.0044325107616145,partial_be,True,2.666666666666624,0.26722925457103475,0,True,trend,1,1.5,False,,False,1.5,0.08@3771.06:tp1;0.08@3775.32:tp1;0.08@3783.85:tp1;0.09@3766.69:be,715.3899999999664,6.1486577817992645,2025-09
M30#774,M30,774,UW,buy,0.636,B,2025-09-23 21:30:00,2025-09-23 21:51:00,2025-09-23 21:56:00,5.0,3775.34,3775.34,3764.89,3781.61,3825.5,3775.34,3764.89,10.450000000000273,8.76071428571426,0.07,73.1500000000019,-73.85000000000127,0.48999999999999994,0.0,-74.34000000000127,-1.0095693779904218,-1.016267942583723,sl,False,0.0,1.150239234449729,0,False,trend,0,1.0,False,,False,0.75,0.01@3764.79:sl;0.01@3764.79:sl;0.01@3764.79:sl;0.04@3764.79:sl,641.0499999999652,5.132389839215541,2025-09
M5#4335,M5,4335,OB,sell,0.588,B,2025-09-25 17:10:00,2025-09-25 17:23:00,2025-09-25 18:15:00,52.0,3735.85,3735.85,3743.1,3731.5,3701.05,3743.1,3735.85,7.25,6.58928571428565,0.11,79.75,25.40000000000009,0.77,0.0,24.63000000000009,0.3184952978056438,0.3088401253918507,partial_be,True,1.651034482758593,0.2786206896551699,0,False,trend,0,1.0,False,,False,0.75,0.02@3731.50:tp1;0.02@3727.15:tp1;0.02@3735.95:be;0.05@3735.95:be,665.6799999999653,5.441229964607392,2025-09
M5#4333,M5,4333,IMB,sell,0.557,B,2025-09-25 17:25:00,2025-09-25 21:25:00,2025-09-25 21:35:00,10.0,3746.51,3746.51,3751.81,3743.33,3721.07,3751.81,3746.51,5.299999999999727,6.39142857142854,0.3,158.99999999999184,-161.99999999998911,2.1000000000000005,0.0,-164.0999999999891,-1.0188679245282857,-1.0320754716980975,sl,False,0.1056603773585715,1.0641509433962573,0,True,trend,0,1.0,False,,False,1.5,0.07@3751.91:sl;0.07@3751.91:sl;0.07@3751.91:sl;0.09@3751.91:sl,501.57999999997617,4.409154492909295,2025-09
M10#2181,M10,2181,OB,sell,0.561,B,2025-09-25 16:40:00,2025-09-25 21:25:00,2025-09-25 21:36:00,11.0,3746.48,3746.48,3753.54,3742.24,3712.59,3753.54,3746.48,7.059999999999945,7.240714285714375,0.22,155.31999999999883,-157.51999999999683,1.5400000000000003,0.0,-159.05999999999682,-1.0141643059489958,-1.0240793201133016,sl,False,0.07507082152977397,1.0892351274787697,0,True,trend,0,1.0,False,,False,1.5,0.05@3753.64:sl;0.05@3753.64:sl;0.05@3753.64:sl;0.07@3753.64:sl,342.51999999997935,3.385075172795993,2025-09
M10#2213,M10,2213,UW,sell,0.6,B,2025-09-26 08:20:00,2025-09-26 08:39:00,2025-09-26 09:12:00,33.0,3749.65,3749.65,3753.57,3747.3,3730.83,3753.57,3749.65,3.9200000000000728,2.5235714285714232,0.09,35.28000000000066,13.600000000000819,0.6300000000000001,0.0,12.970000000000818,0.3854875283446872,0.3676303854875446,partial_be,True,2.0102040816326436,0.08673469387747053,0,False,trend,-1,0.5,False,,False,0.75,0.02@3747.30:tp1;0.02@3744.95:tp1;0.02@3749.75:be;0.03@3749.75:be,355.48999999998017,3.752705558283538,2025-09
M30#850,M30,850,IMB,sell,0.588,B,2025-09-30 16:30:00,2025-09-30 16:43:00,2025-09-30 17:10:00,27.0,3823.86,3823.86,3839.4,3814.54,3749.27,3839.4,3823.86,15.539999999999964,13.799285714285718,0.04,62.159999999999854,-62.55999999999949,0.28,0.0,-62.83999999999949,-1.0064350064350005,-1.0109395109395052,sl,False,0.173101673101677,1.0791505791505804,0,True,trend,-1,0.5,False,,False,1.5,0.01@3839.50:sl;0.01@3839.50:sl;0.01@3839.50:sl;0.01@3839.50:sl,292.64999999998065,2.741766047344033,2025-09
M10#2360,M10,2360,IMB,buy,0.666,A,2025-09-30 17:50:00,2025-09-30 18:08:00,2025-09-30 18:14:00,6.0,3837.88,3837.88,3830.02,3842.6,3875.61,3837.88,3830.02,7.860000000000127,8.494999999999923,0.19,149.34000000000242,17.380000000000564,1.33,0.0,16.050000000000566,0.11637873309227456,0.10747288067497192,partial_be,True,0.6297709923663789,0.6704834605597833,0,True,trend,0,1.0,False,,False,1.5,0.04@3842.60:tp1;0.04@3837.78:be;0.04@3837.78:be;0.07@3837.78:be,308.69999999998123,2.849238928019005,2025-09
M10#2362,M10,2362,OB,sell,0.557,B,2025-09-30 18:50:00,2025-09-30 19:08:00,2025-09-30 22:22:00,194.0,3843.99,3843.99,3854.12,3837.91,3795.37,3854.12,3843.99,10.13000000000011,9.847857142857006,0.15,151.95000000000164,-153.45000000000027,1.05,0.0,-154.50000000000028,-1.0098716683119355,-1.016781836130297,sl,False,0.42250740375120427,1.0039486673247742,0,True,trend,0,1.0,False,,False,1.5,0.03@3854.22:sl;0.03@3854.22:sl;0.03@3854.22:sl;0.06@3854.22:sl,154.19999999998095,1.832457091888708,2025-09
M5#4612,M5,4612,IMB,buy,0.745,A,2025-09-30 17:40:00,2025-09-30 18:08:00,2025-10-01 11:03:00,1015.0,3837.88,3837.88,3828.27,3843.65,3884.01,3837.88,3828.27,9.610000000000127,6.79357142857134,0.04,38.44000000000051,86.48999999999978,0.28,-3.0,83.20999999999978,2.2499999999999645,2.1646722164411725,tp2,True,4.821019771071729,0.6826222684703287,0,False,trend,-1,0.5,False,,False,0.75,0.01@3843.65:tp1;0.01@3849.41:tp1;0.01@3860.94:tp1;0.01@3884.01:tp2,237.40999999998073,3.9971293083298804,2025-10
M5#1002814,M5,1002814,OB,sell,0.558,B,2025-10-02 13:15:00,2025-10-02 13:21:00,2025-10-02 13:42:00,21.0,3883.26,3883.26,3888.52,3880.1,3858.01,3888.52,3883.26,5.2599999999997635,2.601428571428609,0.29,152.53999999999317,19.920000000004165,2.0300000000000002,0.0,17.890000000004164,0.1305886980464472,0.11728071325557209,partial_be,True,0.6615969581749381,0.2566539923954315,0,True,trend,0,1.0,False,,False,1.5,0.07@3880.10:tp1;0.07@3883.36:be;0.07@3883.36:be;0.08@3883.36:be,255.2999999999849,4.114410021585453,2025-10
M10#1001421,M10,1001421,OB,sell,0.551,B,2025-10-02 13:20:00,2025-10-02 13:22:00,2025-10-02 13:43:00,21.0,3883.51,3883.51,3888.52,3880.5,3859.46,3888.52,3883.51,5.0099999999997635,3.955714285714326,0.15,75.14999999999645,7.830000000001746,1.05,0.0,6.780000000001746,0.10419161676649522,0.09021956087827102,partial_be,True,0.7445109780439509,0.21956087824350518,0,True,trend,-1,0.5,False,,False,1.5,0.03@3880.50:tp1;0.03@3883.61:be;0.03@3883.61:be;0.06@3883.61:be,262.0799999999866,4.204629582463724,2025-10
H1#1000248,H1,1000248,OB,sell,0.595,B,2025-10-03 04:00:00,2025-10-03 10:42:00,2025-10-03 16:41:00,359.0,3864.17,3864.17,3886.34,3850.87,3757.75,3886.34,3864.17,22.170000000000073,13.833571428571465,0.06,133.02000000000046,-133.6199999999999,0.42000000000000004,0.0,-134.03999999999988,-1.0045105999097836,-1.0076680198466352,sl,False,0.4055029318899507,1.0257104194857785,0,True,trend,0,1.0,False,,False,1.5,0.01@3886.44:sl;0.01@3886.44:sl;0.01@3886.44:sl;0.03@3886.44:sl,128.03999999998675,3.196961562617089,2025-10
M10#1001687,M10,1001687,IMB,buy,0.66,A,2025-10-08 20:10:00,2025-10-08 20:20:00,2025-10-08 20:30:00,10.0,4052.34,4052.34,4047.88,4055.02,4073.75,4052.34,4047.88,4.460000000000036,5.249285714285667,0.17,75.82000000000062,-77.51999999999907,1.1900000000000002,0.0,-78.70999999999907,-1.0224215246636565,-1.0381165919282305,sl,False,0.5515695067264611,1.1726457399103085,0,False,trend,0,1.0,False,,False,0.75,0.04@4047.78:sl;0.04@4047.78:sl;0.04@4047.78:sl;0.05@4047.78:sl,49.32999999998768,2.1588449706888584,2025-10
M10#1001696,M10,1001696,OB,buy,0.629,B,2025-10-09 04:00:00,2025-10-09 04:03:00,2025-10-09 05:02:00,59.0,4014.51,4014.51,4005.27,4020.05,4058.86,4014.51,4005.27,9.240000000000236,7.089999999999918,0.12,110.88000000000284,49.28999999999678,0.84,0.0,48.44999999999678,0.44453463203459165,0.4369588744588342,partial_be,True,2.3744588744587705,0.6774891774891838,0,False,trend,1,1.5,False,,False,0.75,0.03@4020.05:tp1;0.03@4025.60:tp1;0.03@4014.41:be;0.03@4014.41:be,97.77999999998445,2.5958038451476924,2025-10
M5#1003312,M5,1003312,OB,sell,0.603,B,2025-10-09 07:25:00,2025-10-09 15:54:00,2025-10-09 16:00:00,6.0,4049.01,4049.01,4054.3,4045.84,4023.62,4054.3,4049.01,5.289999999999964,2.7671428571428414,0.14,74.0599999999995,-75.45999999999822,0.9800000000000001,0.0,-76.43999999999822,-1.0189035916824023,-1.0321361058600964,sl,False,0.003780718336566483,1.22495274102072,0,False,trend,0,1.0,False,,False,0.75,0.03@4054.40:sl;0.03@4054.40:sl;0.03@4054.40:sl;0.05@4054.40:sl,21.339999999986233,1.563667739287596,2025-10
M15#1001244,M15,1001244,IMB,sell,0.64,B,2025-10-09 23:30:00,2025-10-10 02:36:00,2025-10-10 05:36:00,180.0,3986.62,3986.62,4009.93,3972.63,3874.73,4009.93,3986.62,23.309999999999945,11.440000000000023,0.06,139.8599999999997,13.490000000000238,0.42000000000000004,0.0,13.070000000000238,0.09645359645359837,0.09345059345059535,partial_be,True,0.7039897039896994,0.3517803517803643,0,True,trend,0,1.0,False,,False,1.5,0.01@3972.63:tp1;0.01@3986.72:be;0.01@3986.72:be;0.03@3986.72:be,34.40999999998647,1.6571183327381913,2025-10
M10#1001734,M10,1001734,OB,buy,0.713,A,2025-10-09 23:10:00,2025-10-10 01:10:00,2025-10-10 06:26:00,316.0,3967.97,3967.97,3957.35,3974.34,4018.95,3967.97,3957.35,10.61999999999989,7.807857142857172,0.07,74.33999999999922,44.20000000000118,0.48999999999999994,0.0,43.71000000000118,0.5945655098197692,0.5879741727199574,partial_be,True,2.502824858757124,0.8709981167608376,0,False,trend,0,1.0,False,,False,0.75,0.01@3974.34:tp1;0.01@3980.71:tp1;0.01@3993.46:tp1;0.04@3967.87:be,78.11999999998764,2.2450925054581488,2025-10
M5#1003390,M5,1003390,IMB,sell,0.642,B,2025-10-10 02:50:00,2025-10-10 02:52:00,2025-10-10 07:14:00,262.0,3989.78,3989.78,3998.06,3984.81,3950.04,3998.06,3989.78,8.279999999999745,3.161428571428587,0.09,74.51999999999772,188.78000000000202,0.6300000000000001,0.0,188.15000000000202,2.5332796564681668,2.5248255501879733,tp2,True,5.137681159420499,0.6086956521739274,0,True,trend,-1,0.5,False,,False,1.5,0.02@3984.81:tp1;0.02@3979.84:tp1;0.02@3969.91:tp1;0.03@3950.04:tp2,266.26999999998964,4.769918055646122,2025-10
M10#1001764,M10,1001764,IMB,buy,0.557,B,2025-10-10 11:50:00,2025-10-10 14:46:00,2025-10-10 15:45:00,59.0,3984.13,3984.13,3976.32,3988.82,4021.62,3984.13,3976.32,7.809999999999945,7.50142857142857,0.19,148.38999999999896,55.14000000000078,1.33,0.0,53.810000000000784,0.37158838196644767,0.3626255138486499,partial_be,True,1.4353393085787598,0.098591549295773,0,True,trend,0,1.0,False,,False,1.5,0.04@3988.82:tp1;0.04@3993.50:tp1;0.04@3984.03:be;0.07@3984.03:be,320.07999999999043,5.132543569494772,2025-10
M5#1003465,M5,1003465,OB,sell,0.644,B,2025-10-10 17:30:00,2025-10-10 17:31:00,2025-10-10 17:39:00,8.0,3987.39,3987.39,3994.7,3983.0,3952.3,3994.7,3987.39,7.309999999999945,6.980000000000051,0.21,153.50999999999888,20.35000000000082,1.4700000000000002,0.0,18.88000000000082,0.13256465376849044,0.12298873037587751,partial_be,True,0.9794801641586741,0.09986320109439448,0,True,trend,0,1.0,False,,False,1.5,0.05@3983.00:tp1;0.05@3987.49:be;0.05@3987.49:be;0.06@3987.49:be,338.9599999999913,5.25553229987065,2025-10
M30#1000621,M30,1000621,IMB,sell,0.687,A,2025-10-09 22:00:00,2025-10-09 22:14:00,2025-10-10 18:07:00,1193.0,3974.4,3974.4,4009.93,3953.08,3803.86,4009.93,3974.4,35.529999999999745,19.753571428571508,0.02,71.05999999999949,-71.26000000000022,0.14,0.3,-71.10000000000022,-1.0028145229383723,-1.0005629045876827,sl,False,0.7644244300591192,1.0287081339713045,0,True,trend,-1,0.5,False,,False,1.5,0.01@4010.03:sl;0.01@4010.03:sl,267.85999999999103,4.254969395282967,2025-10
M30#1000618,M30,1000618,IMB,sell,0.609,B,2025-10-10 22:00:00,2025-10-13 01:01:00,2025-10-13 02:04:00,63.0,4029.27,4029.27,4048.75,4017.58,3935.77,4048.75,4029.27,19.480000000000018,17.65428571428577,0.03,58.440000000000055,-58.73999999999978,0.21,0.0,-58.94999999999978,-1.005133470225868,-1.0087268993839789,sl,False,1.1262833675564698,1.1155030800821355,0,True,trend,-1,0.5,False,,False,1.5,0.01@4048.85:sl;0.02@4048.85:sl,208.90999999999124,3.246242495898988,2025-10
M5#1003612,M5,1003612,IMB,buy,0.583,B,2025-10-14 04:40:00,2025-10-14 04:41:00,2025-10-14 04:54:00,13.0,4139.03,4139.03,4131.99,4143.25,4172.82,4139.03,4131.99,7.039999999999964,5.438571428571582,0.1,70.39999999999964,-71.39999999999418,0.7000000000000001,0.0,-72.09999999999418,-1.014204545454468,-1.02414772727265,sl,False,0.18181818181827578,1.011363636363626,0,False,trend,0,1.0,False,,False,0.75,0.02@4131.89:sl;0.02@4131.89:sl;0.02@4131.89:sl;0.04@4131.89:sl,136.80999999999705,2.222094768626338,2025-10
M15#1001324,M15,1001324,IMB,sell,0.65,B,2025-10-14 10:45:00,2025-10-14 11:12:00,2025-10-14 17:11:00,359.0,4137.22,4137.22,4174.36,4114.94,3958.95,4174.36,4137.22,37.13999999999942,18.677857142856997,0.04,148.55999999999767,21.980000000002292,0.28,0.0,21.70000000000229,0.14795368874530584,0.1460689283791238,partial_be,True,1.0589660743134233,0.2145934302638522,0,True,trend,0,1.0,False,,False,1.5,0.01@4114.94:tp1;0.01@4137.32:be;0.01@4137.32:be;0.01@4137.32:be,158.50999999999934,2.368163697005462,2025-10
M5#1003640,M5,1003640,UW,buy,0.597,B,2025-10-14 15:25:00,2025-10-14 16:01:00,2025-10-14 17:11:00,70.0,4098.43,4098.43,4090.35,4103.28,4137.21,4098.43,4090.35,8.080000000000382,4.6892857142859485,0.09,72.72000000000345,184.21999999999662,0.6300000000000001,0.0,183.58999999999662,2.5332783278326163,2.5246149614959834,tp2,True,4.799504950494791,0.10024752475252004,0,True,trend,-1,0.5,False,,False,1.5,0.02@4103.28:tp1;0.02@4108.13:tp1;0.02@4117.82:tp1;0.03@4137.21:tp2,342.09999999999593,4.892778658501445,2025-10
M10#1001849,M10,1001849,OB,sell,0.707,A,2025-10-14 20:10:00,2025-10-15 01:14:00,2025-10-15 04:07:00,173.0,4159.06,4159.06,4179.08,4147.05,4062.96,4179.08,4159.06,20.019999999999527,8.944999999999968,0.07,140.13999999999666,-140.83999999999924,0.48999999999999994,0.0,-141.32999999999925,-1.0049950049950236,-1.0084915084915271,sl,False,0.44155844155845925,1.054445554445563,0,True,trend,0,1.0,False,,False,1.5,0.01@4179.18:sl;0.01@4179.18:sl;0.01@4179.18:sl;0.04@4179.18:sl,200.76999999999668,3.884287150009918,2025-10
M30#1000652,M30,1000652,OB,sell,0.688,A,2025-10-14 11:00:00,2025-10-14 11:12:00,2025-10-15 04:07:00,1015.0,4136.9,4136.9,4179.08,4111.59,3934.44,4179.08,4136.9,42.18000000000029,20.89285714285708,0.01,42.18000000000029,-42.280000000000655,0.07,0.44999999999999996,-41.90000000000065,-1.0023707918444846,-0.9933617828354756,sl,False,0.9248458985300863,1.0258416311047922,0,True,trend,-1,0.5,False,,False,1.5,0.01@4179.18:sl,158.86999999999603,2.890925367174442,2025-10
M5#1003708,M5,1003708,IMB,buy,0.659,A,2025-10-15 04:30:00,2025-10-15 05:31:00,2025-10-15 07:25:00,114.0,4173.72,4173.72,4162.75,4180.3,4226.38,4173.72,4162.75,10.970000000000255,6.795000000000073,0.06,65.82000000000154,19.339999999998327,0.42000000000000004,0.0,18.919999999998325,0.2938316621087492,0.28745062291093715,partial_be,True,1.5487693710117947,0.607110300820392,0,False,trend,0,1.0,False,,False,0.75,0.01@4180.30:tp1;0.01@4186.88:tp1;0.01@4173.62:be;0.03@4173.62:be,177.78999999999434,3.1783759900853794,2025-10
M5#1003745,M5,1003745,UW,buy,0.574,B,2025-10-15 15:55:00,2025-10-15 18:51:00,2025-10-15 21:06:00,135.0,4181.07,4181.07,4176.28,4183.94,4204.06,4181.07,4176.28,4.789999999999964,5.96714285714305,0.15,71.84999999999945,198.30000000000382,1.05,0.0,197.2500000000038,2.759916492693185,2.745302713987548,tp2,True,4.810020876826751,0.29645093945721995,0,False,trend,0,1.0,False,,False,0.75,0.03@4183.94:tp1;0.03@4186.82:tp1;0.03@4192.57:tp1;0.06@4204.06:tp2,375.03999999999814,5.923678704072927,2025-10
M10#1001945,M10,1001945,OB,buy,0.638,B,2025-10-16 13:50:00,2025-10-16 15:39:00,2025-10-16 19:13:00,214.0,4232.8,4232.8,4223.04,4238.66,4279.65,4232.8,4223.04,9.760000000000218,5.701428571428745,0.11,107.3600000000024,316.22999999999683,0.77,0.0,315.45999999999685,2.9455104321906647,2.938338301043124,tp2,True,4.835040983606408,0.5430327868852524,0,False,trend,1,1.5,False,,False,0.75,0.02@4238.66:tp1;0.02@4244.51:tp1;0.02@4256.22:tp1;0.05@4279.65:tp2,690.499999999995,8.862017005116051,2025-10
M10#1001963,M10,1001963,OB,buy,0.581,B,2025-10-16 19:00:00,2025-10-16 19:39:00,2025-10-16 19:40:00,1.0,4262.72,4262.72,4257.77,4265.69,4286.48,4262.72,4257.77,4.949999999999818,8.341428571428553,0.24,118.79999999999563,52.259999999989304,1.68,0.0,50.579999999989305,0.439898989898916,0.4257575757575014,partial_be,True,1.2363636363636596,0.10909090909090575,0,False,trend,1,1.5,False,,False,0.75,0.06@4265.69:tp1;0.06@4268.66:tp1;0.06@4262.62:be;0.06@4262.62:be,741.0799999999844,9.287774580873553,2025-10
M5#1003868,M5,1003868,OB,buy,0.708,A,2025-10-16 17:35:00,2025-10-16 17:46:00,2025-10-16 20:36:00,170.0,4255.26,4255.26,4246.63,4260.44,4296.68,4255.26,4246.63,8.63000000000011,7.309999999999945,0.09,77.670000000001,196.7599999999984,0.6300000000000001,0.0,196.1299999999984,2.533281833397655,2.5251705935367053,tp2,True,4.820393974507407,0.1575898030128117,0,False,trend,0,1.0,False,,False,0.75,0.02@4260.44:tp1;0.02@4265.62:tp1;0.02@4275.97:tp1;0.03@4296.68:tp2,937.2099999999828,11.812945174410258,2025-10
M5#1003987,M5,1003987,IMB,buy,0.603,B,2025-10-20 12:30:00,2025-10-20 13:08:00,2025-10-20 15:18:00,130.0,4247.39,4247.39,4239.35,4252.21,4285.98,4247.39,4239.35,8.039999999999964,3.987857142856813,0.2,160.79999999999927,361.79999999998927,1.4000000000000001,0.0,360.3999999999893,2.2499999999999436,2.241293532338252,tp2,True,4.835820895522423,0.231343283582163,0,True,trend,0,1.0,False,,False,1.5,0.05@4252.21:tp1;0.05@4257.04:tp1;0.05@4266.69:tp1;0.05@4285.98:tp2,1297.609999999972,14.05423870674851,2025-10
M10#1002028,M10,1002028,IMB,buy,0.619,B,2025-10-20 12:40:00,2025-10-20 13:08:00,2025-10-20 15:23:00,135.0,4247.39,4247.39,4237.29,4253.45,4295.87,4247.39,4237.29,10.100000000000364,5.559285714285514,0.16,161.60000000000582,363.5999999999949,1.12,0.0,362.4799999999949,2.2499999999998876,2.2430693069305807,tp2,True,4.840594059405708,0.18415841584163517,0,True,trend,0,1.0,False,,False,1.5,0.04@4253.45:tp1;0.04@4259.51:tp1;0.04@4271.63:tp1;0.04@4295.87:tp2,1660.089999999967,16.297308013679093,2025-10
M10#1002060,M10,1002060,IMB,buy,0.616,B,2025-10-20 22:40:00,2025-10-20 23:16:00,2025-10-20 23:17:00,1.0,4354.84,4354.84,4348.24,4358.8,4386.52,4354.84,4348.24,6.600000000000364,5.4264285714285245,0.13,85.80000000000473,-87.09999999999764,0.91,0.0,-88.00999999999763,-1.0151515151514316,-1.0257575757574917,sl,False,0.0,1.0227272727272163,0,False,trend,0,1.0,False,,False,0.75,0.03@4348.14:sl;0.03@4348.14:sl;0.03@4348.14:sl;0.04@4348.14:sl,1572.0799999999692,15.2715504379216,2025-10
M10#1002063,M10,1002063,OB,sell,0.611,B,2025-10-21 00:00:00,2025-10-21 01:03:00,2025-10-21 10:33:00,570.0,4365.92,4365.92,4377.64,4358.89,4309.66,4377.64,4365.92,11.720000000000255,8.132142857142819,0.03,35.160000000000764,126.58000000000084,0.21,0.0,126.37000000000084,3.6001137656427216,3.594141069396988,tp2,True,5.117747440272967,0.8080204778157039,0,False,trend,-1,0.5,False,,False,0.75,0.01@4351.86:tp1;0.02@4309.66:tp2,1698.44999999997,18.865691507318587,2025-10
M5#1004017,M5,1004017,OB,buy,0.65,B,2025-10-21 08:10:00,2025-10-21 10:33:00,2025-10-21 10:36:00,3.0,4314.65,4314.65,4294.83,4326.54,4409.79,4314.65,4294.83,19.81999999999971,3.3650000000002365,0.04,79.27999999999884,-79.68000000000029,0.28,0.0,-79.96000000000029,-1.0050454086781213,-1.0085771947527935,sl,False,0.0,1.0277497477295756,0,False,trend,0,1.0,False,,False,0.75,0.01@4294.73:sl;0.01@4294.73:sl;0.01@4294.73:sl;0.01@4294.73:sl,1618.4899999999698,17.857114312565795,2025-10
M5#1004197,M5,1004197,IMB,sell,0.574,B,2025-10-22 16:10:00,2025-10-22 16:11:00,2025-10-22 16:36:00,25.0,4066.79,4066.79,4082.94,4057.1,3989.27,4082.94,4066.79,16.15000000000009,13.05142857142859,0.05,80.75000000000045,9.290000000000418,0.35000000000000003,0.0,8.940000000000419,0.1150464396284875,0.11071207430341014,partial_be,True,1.1869969040247657,0.12074303405571561,0,True,trend,-1,0.5,False,,False,1.5,0.01@4057.10:tp1;0.01@4066.89:be;0.01@4066.89:be;0.02@4066.89:be,1627.4299999999703,17.967826386869206,2025-10
M5#1004254,M5,1004254,OB,sell,0.554,B,2025-10-23 04:20:00,2025-10-23 04:22:00,2025-10-23 04:46:00,24.0,4085.91,4085.91,4095.05,4080.43,4042.04,4095.05,4085.91,9.140000000000327,7.9614285714285415,0.09,82.26000000000296,10.25999999999749,0.6300000000000001,0.0,9.629999999997489,0.12472647702403501,0.1170678336979959,partial_be,True,0.8435448577679765,0.7943107221006519,0,False,trend,0,1.0,False,,False,0.75,0.02@4080.43:tp1;0.02@4086.01:be;0.02@4086.01:be;0.03@4086.01:be,1637.0599999999677,18.0848942205672,2025-10
M5#1004264,M5,1004264,OB,buy,0.555,B,2025-10-23 04:40:00,2025-10-23 04:43:00,2025-10-23 04:59:00,16.0,4084.04,4084.04,4073.26,4090.51,4135.78,4084.04,4073.26,10.779999999999745,7.311428571428548,0.08,86.23999999999796,-87.04000000000087,0.56,0.0,-87.60000000000088,-1.0092764378479004,-1.015769944341407,sl,False,0.2857142857142857,1.0287569573284236,0,False,trend,0,1.0,False,,False,0.75,0.02@4073.16:sl;0.02@4073.16:sl;0.02@4073.16:sl;0.02@4073.16:sl,1549.4599999999668,17.069124276225793,2025-10
M5#1004183,M5,1004183,IMB,sell,0.65,B,2025-10-23 08:30:00,2025-10-23 09:04:00,2025-10-23 09:10:00,6.0,4119.37,4119.37,4130.84,4112.49,4064.31,4130.84,4119.37,11.470000000000255,4.197857142857174,0.03,34.410000000000764,-34.70999999999913,0.21,0.0,-34.91999999999913,-1.0087183958151222,-1.014821272885741,sl,False,0.0,1.1011333914559571,0,False,trend,-1,0.5,False,,False,0.75,0.01@4130.94:sl;0.02@4130.94:sl,1514.5399999999677,16.054303003340053,2025-10
M5#1004293,M5,1004293,IMB,buy,0.56,B,2025-10-23 12:40:00,2025-10-23 13:30:00,2025-10-23 13:45:00,15.0,4107.07,4107.07,4100.53,4110.99,4138.46,4107.07,4100.53,6.539999999999964,5.117142857142816,0.06,39.23999999999979,11.37000000000262,0.42000000000000004,0.0,10.95000000000262,0.2897553516820255,0.27905198776765233,partial_be,True,1.8990825688073611,0.3608562691131018,0,False,trend,-1,0.5,False,,False,0.75,0.01@4110.99:tp1;0.01@4114.92:tp1;0.01@4106.97:be;0.03@4106.97:be,1525.4899999999702,16.333354991107704,2025-10
M30#1000724,M30,1000724,OB,sell,0.576,B,2025-10-23 02:00:00,2025-10-23 09:14:00,2025-10-23 16:06:00,412.0,4134.94,4134.94,4156.09,4122.25,4033.42,4156.09,4134.94,21.150000000000546,19.4714285714285,0.02,42.30000000000109,25.279999999998832,0.14,0.0,25.13999999999883,0.5976359338061036,0.5943262411347088,partial_be,True,2.0241134751772285,0.14373522458632598,0,False,trend,-1,0.5,False,,False,0.75,0.01@4109.56:tp1;0.01@4135.04:be,1550.629999999969,16.927681232242414,2025-10
M5#1004416,M5,1004416,IMB,buy,0.678,A,2025-10-24 16:40:00,2025-10-24 16:41:00,2025-10-24 21:01:00,260.0,4105.75,4105.75,4091.18,4114.49,4175.69,4105.75,4091.18,14.570000000000164,12.212857142857112,0.05,72.85000000000082,25.919999999998254,0.35000000000000003,0.0,25.569999999998252,0.3557995881948931,0.35099519560738457,partial_be,True,2.2676733013040216,0.547700754975942,0,False,trend,0,1.0,False,,False,0.75,0.01@4114.49:tp1;0.01@4123.23:tp1;0.01@4105.65:be;0.02@4105.65:be,1576.1999999999673,17.2786764278498,2025-10
M5#1004450,M5,1004450,UW,buy,0.593,B,2025-10-27 00:40:00,2025-10-27 00:44:00,2025-10-27 00:47:00,3.0,4083.55,4083.55,4073.82,4089.39,4130.25,4083.55,4073.82,9.730000000000018,10.697857142857206,0.08,77.84000000000015,-78.64000000000306,0.56,0.0,-79.20000000000306,-1.0102774922919182,-1.0174717368962347,sl,False,0.05858170606369043,1.2004110996917028,0,False,trend,0,1.0,False,,False,0.75,0.02@4073.72:sl;0.02@4073.72:sl;0.02@4073.72:sl;0.02@4073.72:sl,1496.9999999999643,16.261204690953566,2025-10
M30#1000793,M30,1000793,UW,buy,0.578,B,2025-10-28 21:30:00,2025-10-29 00:07:00,2025-10-29 00:20:00,13.0,3932.99,3932.99,3914.85,3943.87,4020.06,3932.99,3914.85,18.139999999999873,14.719999999999962,0.09,163.25999999999888,21.060000000000855,0.6300000000000001,0.0,20.430000000000856,0.12899669239250888,0.12513781697905793,partial_be,True,0.7337375964719125,0.9184123484013215,0,True,trend,0,1.0,False,,False,1.5,0.02@3943.87:tp1;0.02@3932.89:be;0.02@3932.89:be;0.03@3932.89:be,1517.429999999965,16.386342507932625,2025-10
M10#1002299,M10,1002299,UW,buy,0.584,B,2025-10-28 16:30:00,2025-10-29 00:07:00,2025-10-29 02:39:00,152.0,3925.2,3925.2,3914.85,3931.41,3974.88,3925.2,3914.85,10.349999999999909,9.856428571428555,0.08,82.79999999999927,186.3000000000011,0.56,0.0,185.7400000000011,2.250000000000033,2.243236714975878,tp2,True,4.827053140096664,0.8570048309178714,0,False,trend,0,1.0,False,,False,0.75,0.02@3931.41:tp1;0.02@3937.62:tp1;0.02@3950.04:tp1;0.02@3974.88:tp2,1703.1699999999662,18.629579222908504,2025-10
M5#1004653,M5,1004653,OB,buy,0.601,B,2025-10-29 17:35:00,2025-10-29 17:47:00,2025-10-29 17:51:00,4.0,3996.9,3996.9,3991.28,4000.27,4023.88,3996.9,3991.28,5.619999999999891,5.162857142857092,0.07,39.33999999999923,-40.04000000000178,0.48999999999999994,0.0,-40.530000000001785,-1.0177935943061152,-1.0302491103203502,sl,False,0.24733096085407466,1.3380782918149694,0,False,trend,-1,0.5,False,,False,0.75,0.01@3991.18:sl;0.01@3991.18:sl;0.01@3991.18:sl;0.04@3991.18:sl,1662.6399999999644,17.599330112588152,2025-10
M5#1004729,M5,1004729,IMB,buy,0.675,A,2025-10-30 12:00:00,2025-10-30 12:21:00,2025-10-30 12:35:00,14.0,3988.97,3988.97,3976.78,3995.06,4019.44,3988.97,3976.78,12.1899999999996,7.510714285714324,0.02,24.3799999999992,-24.579999999999927,0.14,0.0,-24.719999999999928,-1.0082034454471178,-1.0139458572600795,sl,False,0.1452009844134569,1.2534864643150325,0,False,range,-1,0.5,False,,False,0.5625,0.01@3976.68:sl;0.01@3976.68:sl,1637.9199999999644,16.585384255328073,2025-10
M5#1004792,M5,1004792,UW,sell,0.585,B,2025-10-31 01:45:00,2025-10-31 01:48:00,2025-10-31 03:11:00,83.0,4038.67,4038.67,4046.34,4034.07,4001.85,4046.34,4038.67,7.670000000000073,6.6635714285714585,0.05,38.350000000000364,32.01000000000022,0.35000000000000003,0.0,31.660000000000217,0.8346805736636222,0.8255541069100369,partial_be,True,2.4667535853976394,0.6166883963494099,0,False,trend,-1,0.5,False,,False,0.75,0.01@4034.07:tp1;0.01@4029.47:tp1;0.01@4020.26:tp1;0.02@4038.77:be,1669.5799999999647,17.41093836223811,2025-10
M5#1004861,M5,1004861,IMB,sell,0.584,B,2025-10-31 18:40:00,2025-10-31 19:43:00,2025-10-31 20:12:00,29.0,3999.0,3999.0,4005.08,3995.35,3969.82,4005.08,3999.0,6.079999999999927,8.404285714285672,0.14,85.119999999999,-86.51999999999771,0.9800000000000001,0.0,-87.49999999999771,-1.0164473684210378,-1.0279605263157747,sl,False,0.5657894736842263,1.0657894736842262,0,False,trend,0,1.0,False,,False,0.75,0.03@4005.18:sl;0.03@4005.18:sl;0.03@4005.18:sl;0.05@4005.18:sl,1582.079999999967,16.382977835922336,2025-10
M10#1002423,M10,1002423,IMB,sell,0.655,A,2025-10-31 18:50:00,2025-10-31 19:43:00,2025-10-31 21:27:00,104.0,3999.0,3999.0,4011.59,3991.45,3938.57,4011.59,3999.0,12.590000000000146,10.57928571428569,0.13,163.6700000000019,21.650000000001455,0.91,0.0,20.740000000001455,0.1322783650027568,0.12671839677400387,partial_be,True,0.6012708498808639,0.9023034154090545,0,True,trend,0,1.0,False,,False,1.5,0.03@3991.45:tp1;0.03@3999.10:be;0.03@3999.10:be;0.04@3999.10:be,1602.8199999999683,16.50969623269634,2025-10
M5#2002838,M5,2002838,IMB,sell,0.576,B,2025-11-03 13:40:00,2025-11-03 13:48:00,2025-11-03 14:33:00,45.0,4007.93,4007.93,4014.36,4004.71,3991.85,4014.36,4007.93,6.430000000000291,3.851428571428674,0.1,64.30000000000291,5.639999999996689,0.7000000000000001,0.0,4.939999999996689,0.0877138413685293,0.07682737169512388,partial_be,True,0.9144634525660013,0.25816485225509084,0,True,range,-1,0.5,False,,False,1.125,0.02@4004.71:tp1;0.02@4008.03:be;0.02@4008.03:be;0.04@4008.03:be,1607.759999999965,16.586523604391463,2025-11
M5#2002801,M5,2002801,IMB,buy,0.621,B,2025-11-04 01:20:00,2025-11-04 02:41:00,2025-11-04 03:26:00,45.0,3982.37,3982.37,3974.11,3986.5,4003.02,3982.37,3974.11,8.259999999999764,3.8185714285713988,0.07,57.81999999999834,24.290000000000873,0.48999999999999994,0.0,23.800000000000875,0.42009685230026933,0.41162227602908263,trail,True,1.4648910411622584,0.4539951573850009,0,False,range,0,1.0,False,,False,0.5625,0.01@3986.50:tp1;0.01@3990.63:tp1;0.01@3984.75:trail;0.04@3984.75:trail,1631.5599999999658,16.998145880420545,2025-11
M5#2003062,M5,2003062,IMB,sell,0.604,B,2025-11-06 01:25:00,2025-11-06 01:32:00,2025-11-06 01:51:00,19.0,3972.4,3972.4,3977.96,3969.62,3958.5,3977.96,3972.4,5.559999999999945,2.8735714285714624,0.11,61.1599999999994,-62.2599999999984,0.77,0.0,-63.0299999999984,-1.0179856115107753,-1.0305755395683294,sl,False,0.023381294964048636,1.0,0,False,range,0,1.0,False,,False,0.5625,0.02@3978.06:sl;0.02@3978.06:sl;0.02@3978.06:sl;0.05@3978.06:sl,1568.5299999999675,15.967570340852216,2025-11
M30#2000493,M30,2000493,IMB,buy,0.608,B,2025-11-06 13:30:00,2025-11-06 14:53:00,2025-11-06 16:05:00,72.0,4003.8,4003.8,3992.83,4009.29,4031.23,4003.8,3992.83,10.970000000000255,6.822857142857141,0.05,54.85000000000127,26.02999999999838,0.35000000000000003,0.0,25.67999999999838,0.4745670009115365,0.4681859617137244,trail,True,1.1431175934366156,0.1002734731085085,0,False,range,0,1.0,False,,False,0.5625,0.01@4009.29:tp1;0.01@4014.77:tp1;0.01@4006.99:trail;0.02@4006.99:trail,1594.209999999966,16.43575630256594,2025-11
M5#2003282,M5,2003282,IMB,buy,0.759,A,2025-11-10 03:50:00,2025-11-10 03:54:00,2025-11-10 07:50:00,236.0,4043.83,4043.83,4035.09,4048.2,4065.68,4043.83,4035.09,8.739999999999782,5.8321428571428635,0.03,26.219999999999345,52.440000000000055,0.21,0.0,52.230000000000054,2.000000000000052,1.991990846681974,tp2,True,2.5640732265446697,0.6990846681922517,0,False,range,-1,0.5,False,,False,0.5625,0.01@4052.57:tp1;0.02@4065.68:tp2,1646.439999999966,18.427747149247917,2025-11
M10#2001779,M10,2001779,OB,buy,0.615,B,2025-11-13 14:40:00,2025-11-13 15:04:00,2025-11-13 15:09:00,5.0,4229.62,4229.67,4223.11,4232.95,4246.07,4229.67,4223.11,6.5600000000004,6.535000000000049,0.09,59.040000000003616,6.309999999998581,0.6300000000000001,0.0,5.679999999998581,0.10687669376690709,0.09620596205959067,partial_be,True,0.5243902439024847,0.5167682926829452,0,False,range,0,1.0,False,,False,0.5625,0.02@4232.95:tp1;0.02@4229.57:be;0.02@4229.57:be;0.03@4229.57:be,1652.1199999999644,18.52395311130751,2025-11
M10#2001738,M10,2001738,IMB,buy,0.624,B,2025-11-13 16:10:00,2025-11-13 20:35:00,2025-11-14 04:25:00,470.0,4160.26,4160.26,4144.58,4168.1,4199.46,4160.26,4144.58,15.680000000000291,8.992857142857117,0.08,125.44000000000233,172.47999999999774,0.56,-2.0,169.91999999999774,1.3749999999999565,1.3545918367346508,tp2,True,2.551020408163218,0.9591836734693676,0,True,range,0,1.0,False,,False,1.125,0.02@4168.10:tp1;0.02@4175.94:tp1;0.02@4183.78:tp1;0.02@4199.46:tp2,1822.0399999999622,19.878544948042162,2025-11
M15#2001202,M15,2001202,IMB,buy,0.644,B,2025-11-13 15:45:00,2025-11-13 20:35:00,2025-11-14 04:50:00,495.0,4159.4,4159.4,4140.04,4169.08,4207.8,4159.4,4140.04,19.359999999999673,9.377142857142903,0.06,116.15999999999805,203.28000000000247,0.42000000000000004,-2.0,200.8600000000025,1.7500000000000506,1.7291666666667171,tp2,True,2.5625000000000733,0.732438016528906,0,True,range,0,1.0,False,,False,1.125,0.01@4169.08:tp1;0.01@4178.76:tp1;0.01@4188.44:tp1;0.03@4207.80:tp2,2022.8999999999646,21.60771161470888,2025-11
M30#2000550,M30,2000550,IMB,buy,0.68,A,2025-11-13 04:00:00,2025-11-13 20:32:00,2025-11-14 08:28:00,716.0,4166.2,4166.2,4140.04,4179.28,4231.6,4166.2,4140.04,26.159999999999854,12.348571428571372,0.05,130.79999999999927,93.97999999999956,0.35000000000000003,-2.0,91.62999999999957,0.7185015290519884,0.7005351681957193,trail,True,1.725917431192691,0.8019877675840856,0,True,range,0,1.0,False,,False,1.125,0.01@4179.28:tp1;0.01@4192.36:tp1;0.01@4205.44:tp1;0.02@4173.95:trail,2114.5299999999643,22.3082467829046,2025-11
M5#2003640,M5,2003640,IMB,sell,0.62,B,2025-11-14 17:05:00,2025-11-14 17:48:00,2025-11-14 17:58:00,10.0,4091.95,4091.95,4105.49,4085.18,4058.1,4105.49,4091.95,13.539999999999964,12.76642857142854,0.05,67.69999999999982,6.369999999998527,0.35000000000000003,0.0,6.019999999998527,0.09409158050219414,0.08892171344163284,partial_be,True,0.7259970457902477,0.3530280649926638,0,False,range,0,1.0,False,,False,0.5625,0.01@4085.18:tp1;0.01@4092.05:be;0.01@4092.05:be;0.02@4092.05:be,2120.549999999963,22.397168496346232,2025-11
H1#2000311,H1,2000311,UW,buy,0.607,B,2025-11-17 07:00:00,2025-11-17 07:32:00,2025-11-17 18:05:00,633.0,4055.82,4055.82,4031.94,4070.15,4170.44,4055.82,4031.94,23.88000000000011,21.553571428571463,0.11,262.6800000000012,85.27999999999703,0.77,0.0,84.50999999999704,0.32465357088471386,0.3217222476016318,partial_be,True,1.6859296482411885,0.25000000000000955,0,True,trend,1,1.5,False,,False,1.5,0.02@4070.15:tp1;0.02@4084.48:tp1;0.02@4055.72:be;0.05@4055.72:be,2205.05999999996,22.718890743947863,2025-11
M5#2003779,M5,2003779,OB,sell,0.575,B,2025-11-18 10:20:00,2025-11-18 10:32:00,2025-11-18 10:33:00,1.0,4028.67,4028.67,4035.11,4025.45,4012.57,4035.11,4028.67,6.440000000000055,6.0457142857142765,0.1,64.40000000000055,-65.39999999999964,0.7000000000000001,0.0,-66.09999999999964,-1.0155279503105448,-1.026397515527936,sl,False,0.0,1.0605590062111598,0,False,range,0,1.0,False,,False,0.5625,0.02@4035.21:sl;0.02@4035.21:sl;0.02@4035.21:sl;0.04@4035.21:sl,2138.9599999999605,21.692493228419927,2025-11
M5#2003873,M5,2003873,IMB,buy,0.571,B,2025-11-19 08:30:00,2025-11-19 09:08:00,2025-11-19 09:59:00,51.0,4086.68,4086.68,4079.5,4090.99,4121.14,4086.68,4079.5,7.179999999999836,4.872857142857193,0.06,43.079999999999025,12.530000000000655,0.42000000000000004,0.0,12.110000000000655,0.2908542246982576,0.2811049210770875,partial_be,True,1.420612813370544,0.22423398328686758,0,False,trend,-1,0.5,False,,False,0.75,0.01@4090.99:tp1;0.01@4095.30:tp1;0.01@4086.58:be;0.03@4086.58:be,2151.069999999961,21.973598149497015,2025-11
M10#2001936,M10,2001936,IMB,buy,0.567,B,2025-11-19 08:40:00,2025-11-19 09:08:00,2025-11-19 09:59:00,51.0,4086.68,4086.68,4079.01,4091.28,4123.5,4086.68,4079.01,7.669999999999618,5.942142857142926,0.23,176.40999999999121,67.70000000000437,1.6099999999999999,0.0,66.09000000000437,0.3837650926818646,0.3746386259282788,partial_be,True,1.329856584093974,0.2099087353324319,0,True,trend,0,1.0,False,,False,1.5,0.05@4091.28:tp1;0.05@4095.88:tp1;0.05@4086.58:be;0.08@4086.58:be,2217.1599999999653,22.348236775425292,2025-11
M10#2001945,M10,2001945,IMB,buy,0.623,B,2025-11-19 13:20:00,2025-11-19 15:14:00,2025-11-19 16:30:00,76.0,4102.03,4102.03,4091.5,4108.35,4152.57,4102.03,4091.5,10.529999999999745,7.230000000000051,0.17,179.00999999999567,74.9400000000087,1.1900000000000002,0.0,73.7500000000087,0.418635830400595,0.41198815708625486,partial_be,True,1.5963912630580064,0.10826210826205561,0,True,trend,0,1.0,False,,False,1.5,0.04@4108.35:tp1;0.04@4114.67:tp1;0.04@4101.93:be;0.05@4101.93:be,2290.909999999974,22.760224932511548,2025-11
M5#2003889,M5,2003889,IMB,buy,0.595,B,2025-11-19 15:25:00,2025-11-19 17:53:00,2025-11-19 17:53:00,0.0,4098.15,4098.15,4091.5,4102.14,4130.07,4098.15,4091.5,6.649999999999636,4.689285714285559,0.27,179.54999999999018,-182.24999999998772,1.8900000000000001,0.0,-184.1399999999877,-1.0150375939849496,-1.0255639097744238,sl,False,0.0,1.20300751879699,0,True,trend,0,1.0,False,,False,1.5,0.06@4091.40:sl;0.06@4091.40:sl;0.06@4091.40:sl;0.09@4091.40:sl,2106.7699999999863,21.734661022737125,2025-11
M5#2003959,M5,2003959,UW,buy,0.645,B,2025-11-20 09:55:00,2025-11-20 10:04:00,2025-11-20 10:12:00,8.0,4051.21,4051.21,4043.35,4055.93,4088.94,4051.21,4043.35,7.860000000000127,5.2392857142857405,0.11,86.4600000000014,-87.5600000000004,0.77,0.0,-88.3300000000004,-1.0127226463104209,-1.0216284987277233,sl,False,0.5559796437658804,1.0445292620865017,0,True,trend,-1,0.5,False,,False,1.5,0.02@4043.25:sl;0.02@4043.25:sl;0.02@4043.25:sl;0.05@4043.25:sl,2018.439999999986,20.713032524009403,2025-11
M10#2001987,M10,2001987,UW,buy,0.551,B,2025-11-20 10:00:00,2025-11-20 10:04:00,2025-11-20 10:12:00,8.0,4051.21,4051.21,4043.35,4055.93,4088.94,4051.21,4043.35,7.860000000000127,7.72571428571434,0.23,180.78000000000293,-183.08000000000084,1.6099999999999999,0.0,-184.69000000000085,-1.0127226463104209,-1.0216284987277235,sl,False,0.5559796437658804,1.0445292620865017,0,True,trend,0,1.0,False,,False,1.5,0.05@4043.25:sl;0.05@4043.25:sl;0.05@4043.25:sl;0.08@4043.25:sl,1833.749999999985,19.69140402528168,2025-11
M30#2000634,M30,2000634,IMB,sell,0.586,B,2025-11-19 22:00:00,2025-11-20 01:41:00,2025-11-20 16:49:00,908.0,4098.37,4098.37,4115.79,4087.92,4014.75,4115.79,4098.37,17.420000000000073,17.182857142856978,0.1,174.20000000000073,145.91999999999825,0.7000000000000001,0.0,145.21999999999827,0.8376578645235226,0.8336394948335113,partial_be,True,3.4190585533868942,0.7158438576349141,0,True,trend,0,1.0,False,,False,1.5,0.02@4087.92:tp1;0.02@4077.47:tp1;0.02@4056.56:tp1;0.04@4098.47:be,1978.9699999999832,20.525043520115194,2025-11
M15#2001372,M15,2001372,OB,sell,0.683,A,2025-11-19 20:45:00,2025-11-20 01:52:00,2025-11-20 16:50:00,898.0,4106.67,4106.67,4129.51,4092.97,3997.04,4129.51,4106.67,22.840000000000146,13.327142857142755,0.03,68.52000000000044,27.20999999999913,0.21,0.0,26.99999999999913,0.39711033274954693,0.39404553415059773,partial_be,True,2.9711033274956082,0.18257443082311936,0,False,trend,0,1.0,False,,False,0.75,0.01@4079.26:tp1;0.02@4106.77:be,2005.9699999999823,20.91908905426579,2025-11
M5#2003991,M5,2003991,OB,buy,0.59,B,2025-11-20 10:50:00,2025-11-20 18:58:00,2025-11-20 19:35:00,37.0,4050.28,4050.28,4042.76,4054.79,4086.38,4050.28,4042.76,7.519999999999982,7.183571428571505,0.12,90.23999999999978,39.98999999999705,0.84,0.0,39.14999999999705,0.4431515957446493,0.43384308510635133,partial_be,True,1.4574468085105863,0.8803191489362183,0,True,trend,-1,0.5,False,,False,1.5,0.03@4054.79:tp1;0.03@4059.30:tp1;0.03@4050.18:be;0.03@4050.18:be,2045.1199999999794,21.35293213937214,2025-11
M10#2002024,M10,2002024,IMB,buy,0.604,B,2025-11-21 01:20:00,2025-11-21 02:23:00,2025-11-21 02:53:00,30.0,4072.57,4072.57,4064.14,4077.63,4113.03,4072.57,4064.14,8.430000000000291,5.118571428571419,0.16,134.88000000000466,19.039999999995416,1.12,0.0,17.919999999995415,0.1411625148279564,0.1328588374851334,partial_be,True,0.8683274021351668,0.11506524317914842,0,False,trend,1,1.5,False,,False,0.75,0.04@4077.63:tp1;0.04@4072.47:be;0.04@4072.47:be;0.04@4072.47:be,2063.039999999975,21.485790976857274,2025-11
M10#2002050,M10,2002050,IMB,sell,0.643,B,2025-11-21 09:00:00,2025-11-21 10:27:00,2025-11-21 11:01:00,34.0,4045.92,4045.92,4057.06,4039.24,3992.45,4057.06,4045.92,11.139999999999873,8.381428571428646,0.16,178.23999999999796,25.520000000002256,1.12,0.0,24.400000000002255,0.14317773788152238,0.13689407540396395,partial_be,True,0.6131059245960507,0.21274685816875386,0,True,trend,0,1.0,False,,False,1.5,0.04@4039.24:tp1;0.04@4046.02:be;0.04@4046.02:be;0.04@4046.02:be,2087.4399999999773,21.62268505226124,2025-11
M5#2004088,M5,2004088,IMB,buy,0.584,B,2025-11-21 15:10:00,2025-11-21 17:41:00,2025-11-21 17:43:00,2.0,4055.53,4055.53,4050.02,4058.84,4081.98,4055.53,4050.02,5.510000000000218,7.525714285714263,0.16,88.16000000000349,12.039999999995416,1.12,0.0,10.919999999995415,0.1365698729582003,0.12386569872952566,partial_be,True,0.8439201451904632,0.050816696914734845,0,False,trend,0,1.0,False,,False,0.75,0.04@4058.84:tp1;0.04@4055.43:be;0.04@4055.43:be;0.04@4055.43:be,2098.359999999973,21.746550750990764,2025-11
M10#2002063,M10,2002063,IMB,buy,0.558,B,2025-11-21 15:20:00,2025-11-21 17:40:00,2025-11-21 18:51:00,71.0,4058.09,4058.09,4050.35,4062.73,4095.24,4058.09,4050.35,7.7400000000002365,8.665714285714232,0.23,178.02000000000544,459.7499999999959,1.6099999999999999,0.0,458.1399999999959,2.5825749915738787,2.5735310639252997,tp2,True,5.0090439276483645,0.3669250645994908,0,True,trend,0,1.0,False,,False,1.5,0.05@4062.73:tp1;0.05@4067.38:tp1;0.05@4076.67:tp1;0.08@4095.24:tp2,2556.4999999999686,24.320081814916065,2025-11
M5#2004103,M5,2004103,UW,buy,0.584,B,2025-11-21 18:15:00,2025-11-21 22:33:00,2025-11-21 22:35:00,2.0,4061.33,4061.33,4055.25,4064.98,4090.51,4061.33,4055.25,6.079999999999927,6.169999999999975,0.15,91.19999999999891,9.750000000001364,1.05,0.0,8.700000000001364,0.10690789473685834,0.09539473684212135,partial_be,True,0.6101973684210659,0.2878289473684245,0,False,trend,0,1.0,False,,False,0.75,0.03@4064.98:tp1;0.03@4061.23:be;0.03@4061.23:be;0.06@4061.23:be,2565.19999999997,24.415476551758186,2025-11
M15#2001476,M15,2001476,IMB,buy,0.673,A,2025-11-24 22:00:00,2025-11-25 10:54:00,2025-11-25 15:30:00,276.0,4110.24,4110.24,4095.71,4117.5,4146.56,4110.24,4095.71,14.529999999999745,7.654999999999908,0.09,130.76999999999774,196.12000000000353,0.6300000000000001,0.0,195.49000000000353,1.4997323545156147,1.4949147357957246,tp2,True,2.6359256710255234,0.03578802477629292,0,True,range,0,1.0,False,,False,1.125,0.02@4117.50:tp1;0.02@4124.77:tp1;0.02@4132.03:tp1;0.03@4146.56:tp2,2760.689999999973,25.91039128755391,2025-11
M10#2002119,M10,2002119,IMB,buy,0.618,B,2025-11-25 08:20:00,2025-11-25 10:54:00,2025-11-25 15:30:00,276.0,4110.24,4110.24,4095.71,4117.5,4146.56,4110.24,4095.71,14.529999999999745,4.977857142856984,0.09,130.76999999999774,196.12000000000353,0.6300000000000001,0.0,195.49000000000353,1.4997323545156147,1.4949147357957246,tp2,True,2.6359256710255234,0.03578802477629292,0,True,range,0,1.0,False,,False,1.125,0.02@4117.50:tp1;0.02@4124.77:tp1;0.02@4132.03:tp1;0.03@4146.56:tp2,2956.1799999999766,27.405306023349635,2025-11
M5#2004237,M5,2004237,OB,sell,0.586,B,2025-11-25 12:00:00,2025-11-25 15:20:00,2025-11-25 15:30:00,10.0,4146.09,4146.09,4151.38,4143.44,4132.86,4151.38,4146.09,5.289999999999964,5.332142857143026,0.13,68.76999999999953,34.25,0.91,0.0,33.34,0.498036934709906,0.4848044205322122,trail,True,1.4896030245747,0.5141776937618664,0,False,range,0,1.0,False,,False,0.5625,0.03@4143.44:tp1;0.03@4140.80:tp1;0.03@4144.60:trail;0.04@4144.60:trail,2989.519999999977,27.890110443881845,2025-11
M10#2002278,M10,2002278,IMB,buy,0.601,B,2025-11-28 06:40:00,2025-11-28 07:09:00,2025-11-28 07:24:00,15.0,4176.63,4176.63,4171.88,4179.01,4188.51,4176.63,4171.88,4.75,4.24714285714286,0.3,142.50000000000003,111.79000000000089,2.1000000000000005,0.0,109.6900000000009,0.7844912280701815,0.7697543859649184,trail,True,2.4210526315789473,4.103157894736796,0,True,range,0,1.0,False,,False,1.125,0.07@4179.01:tp1;0.07@4181.38:tp1;0.07@4183.76:tp1;0.09@4177.96:trail,3099.2099999999778,28.659864829846764,2025-11
M5#2004477,M5,2004477,IMB,buy,0.632,B,2025-11-28 13:25:00,2025-11-28 14:00:00,2025-11-28 15:24:00,84.0,4168.39,4168.39,4163.17,4171.0,4181.44,4168.39,4163.17,5.220000000000255,4.487142857142771,0.14,73.08000000000358,54.32999999999356,0.9800000000000001,0.0,53.349999999993564,0.7434318555006965,0.7300218938148735,trail,True,1.8716475095783622,0.18582375478931176,0,False,range,0,1.0,False,,False,0.5625,0.03@4171.00:tp1;0.03@4173.61:tp1;0.03@4176.22:tp1;0.05@4169.86:trail,3152.5599999999713,29.38988672366164,2025-11
M5#2004499,M5,2004499,UW,sell,0.601,B,2025-11-28 17:00:00,2025-11-28 17:57:00,2025-11-28 18:16:00,19.0,4202.44,4202.44,4208.34,4199.49,4187.69,4208.34,4202.44,5.900000000000546,5.524999999999831,0.12,70.80000000000655,7.94999999999618,0.84,0.0,7.10999999999618,0.112288135593156,0.10042372881349608,partial_be,True,0.6762711864405784,0.5644067796609524,0,False,range,0,1.0,False,,False,0.5625,0.03@4199.49:tp1;0.03@4202.54:be;0.03@4202.54:be;0.03@4202.54:be,3159.6699999999673,29.490310452475136,2025-11
M5#3002654,M5,3002654,IMB,sell,0.613,B,2025-12-01 08:10:00,2025-12-01 08:10:00,2025-12-01 08:29:00,19.0,4233.54,4233.54,4239.53,4230.55,4218.57,4239.53,4233.54,5.989999999999782,6.385000000000024,0.12,71.87999999999738,37.1399999999976,0.84,0.0,36.299999999997596,0.5166944908180154,0.505008347245394,trail,True,1.1986644407346498,0.0667779632720619,0,False,range,0,1.0,False,,False,0.5625,0.03@4230.55:tp1;0.03@4227.55:tp1;0.03@4231.84:trail;0.03@4231.84:trail,3195.969999999965,29.99531879972053,2025-12
M5#3002608,M5,3002608,IMB,buy,0.614,B,2025-12-02 11:00:00,2025-12-02 11:36:00,2025-12-02 12:20:00,44.0,4182.15,4182.15,4177.24,4184.6,4194.42,4182.15,4177.24,4.9099999999998545,3.610714285714234,0.15,73.64999999999782,52.38000000001102,1.05,0.0,51.330000000011026,0.711201629328073,0.6969450101834698,trail,True,2.437881873727212,0.18533604887981292,0,False,range,0,1.0,False,,False,0.5625,0.03@4184.60:tp1;0.03@4187.06:tp1;0.03@4189.51:tp1;0.06@4183.52:trail,3247.2999999999756,30.692263809904,2025-12
M10#3001403,M10,3001403,IMB,sell,0.571,B,2025-12-02 12:10:00,2025-12-02 13:29:00,2025-12-02 13:54:00,25.0,4195.86,4195.86,4203.55,4192.01,4176.63,4203.55,4195.86,7.690000000000509,6.3214285714284415,0.09,69.2100000000046,-70.10999999999967,0.6300000000000001,0.0,-70.73999999999967,-1.0130039011702792,-1.0221066319895242,sl,False,0.15084525357604392,1.1079323797138976,0,False,range,0,1.0,False,,False,0.5625,0.02@4203.65:sl;0.02@4203.65:sl;0.02@4203.65:sl;0.03@4203.65:sl,3176.559999999976,29.670157177914476,2025-12
M10#3001414,M10,3001414,IMB,sell,0.582,B,2025-12-02 21:30:00,2025-12-02 21:31:00,2025-12-02 22:37:00,66.0,4198.36,4198.36,4207.93,4193.57,4174.43,4207.93,4198.36,9.570000000000618,4.956428571428725,0.03,28.710000000001855,-29.01000000000022,0.21,0.0,-29.22000000000022,-1.0104493207940908,-1.0177638453499942,sl,False,0.452455590386588,1.1389759665621568,0,False,range,-1,0.5,False,,False,0.5625,0.01@4208.03:sl;0.02@4208.03:sl,3147.3399999999756,28.652393332564483,2025-12
M10#3001413,M10,3001413,IMB,sell,0.587,B,2025-12-02 22:10:00,2025-12-02 22:38:00,2025-12-03 01:09:00,151.0,4210.91,4210.91,4217.45,4207.64,4194.56,4217.45,4210.91,6.539999999999964,4.986428571428665,0.11,71.9399999999996,32.63999999999669,0.77,4.05,35.91999999999669,0.4537114261884469,0.49930497636915333,trail,True,1.221712538226273,0.25076452599393523,0,True,range,-1,0.5,False,,False,1.125,0.02@4207.64:tp1;0.02@4204.37:tp1;0.02@4209.05:trail;0.05@4209.05:trail,3183.2599999999725,29.151698308933636,2025-12
M5#3002861,M5,3002861,UW,buy,0.57,B,2025-12-03 18:30:00,2025-12-03 18:53:00,2025-12-03 18:54:00,1.0,4212.35,4212.35,4206.26,4215.4,4227.58,4212.35,4206.26,6.0900000000001455,5.338571428571413,0.12,73.08000000000175,-74.28000000000611,0.84,0.0,-75.12000000000612,-1.0164203612480067,-1.0279146141215698,sl,False,0.0,1.0032840722496612,0,False,range,0,1.0,False,,False,0.5625,0.03@4206.16:sl;0.03@4206.16:sl;0.03@4206.16:sl;0.03@4206.16:sl,3108.139999999966,28.123783694812065,2025-12
M10#3001374,M10,3001374,OB,sell,0.645,B,2025-12-05 14:10:00,2025-12-05 17:32:00,2025-12-05 18:09:00,37.0,4250.88,4250.88,4259.94,4246.35,4228.23,4259.94,4250.88,9.05999999999949,3.2057142857143583,0.08,72.47999999999593,99.66000000000167,0.56,0.0,99.10000000000167,1.3750000000001004,1.3672737306844267,tp2,True,2.6677704194262066,0.9646799116999097,0,False,range,0,1.0,False,,False,0.5625,0.02@4246.35:tp1;0.02@4241.82:tp1;0.02@4237.29:tp1;0.02@4228.23:tp2,3207.239999999968,29.491057425496493,2025-12
M10#3001575,M10,3001575,UW,sell,0.619,B,2025-12-09 05:50:00,2025-12-09 11:05:00,2025-12-09 11:19:00,14.0,4201.82,4201.82,4210.7,4197.38,4179.62,4210.7,4201.82,8.88000000000011,3.368571428571223,0.16,142.08000000000175,-143.68000000000757,1.12,0.0,-144.80000000000757,-1.0112612612613021,-1.0191441441441849,sl,False,0.2207207207207221,1.0326576576576532,0,True,range,0,1.0,False,,False,1.125,0.04@4210.80:sl;0.04@4210.80:sl;0.04@4210.80:sl;0.04@4210.80:sl,3062.4399999999605,28.471913281352307,2025-12
M5#3003084,M5,3003084,UW,sell,0.685,A,2025-12-09 09:55:00,2025-12-09 11:05:00,2025-12-09 11:19:00,14.0,4201.8,4201.8,4210.7,4197.35,4179.55,4210.7,4201.8,8.899999999999636,2.737857142857268,0.08,71.19999999999709,-72.0,0.56,0.0,-72.56,-1.011235955056221,-1.0191011235955474,sl,False,0.21797752808995377,1.0325842696629186,0,True,range,-1,0.5,False,,False,1.125,0.02@4210.80:sl;0.02@4210.80:sl;0.02@4210.80:sl;0.02@4210.80:sl,2989.8799999999605,27.45281215775676,2025-12
M30#3000566,M30,3000566,IMB,buy,0.571,B,2025-12-09 14:00:00,2025-12-09 14:18:00,2025-12-09 15:26:00,68.0,4200.72,4200.72,4191.9,4205.13,4222.77,4200.72,4191.9,8.820000000000618,7.696428571428636,0.16,141.1200000000099,16.439999999995052,1.12,0.0,15.319999999995051,0.11649659863941256,0.10856009070290516,partial_be,True,0.82199546485255,0.23922902494335987,0,True,range,0,1.0,False,,False,1.125,0.04@4205.13:tp1;0.04@4200.62:be;0.04@4200.62:be;0.04@4200.62:be,3005.1999999999557,27.561372248459666,2025-12
M10#3001641,M10,3001641,IMB,sell,0.58,B,2025-12-10 06:30:00,2025-12-10 07:38:00,2025-12-10 07:48:00,10.0,4210.58,4210.58,4214.48,4208.63,4200.83,4214.48,4210.58,3.899999999999636,3.2342857142856962,0.09,35.09999999999673,-36.0,0.6300000000000001,0.0,-36.63,-1.025641025641121,-1.0435897435898407,sl,False,0.12051282051289705,1.09230769230785,0,False,range,-1,0.5,False,,False,0.5625,0.02@4214.58:sl;0.02@4214.58:sl;0.02@4214.58:sl;0.03@4214.58:sl,2968.5699999999556,26.517782504869825,2025-12
M30#3000540,M30,3000540,OB,sell,0.652,A,2025-12-09 19:30:00,2025-12-10 22:12:00,2025-12-11 01:50:00,218.0,4231.94,4231.94,4248.55,4223.63,4190.41,4248.55,4231.94,16.610000000000582,9.992857142857117,0.08,132.88000000000466,16.0199999999968,0.56,0.8999999999999999,16.3599999999968,0.12055990367245814,0.12311860325102518,partial_be,True,0.6219145093317017,0.42022877784468565,0,True,range,0,1.0,False,,False,1.125,0.02@4223.63:tp1;0.02@4232.04:be;0.02@4232.04:be;0.02@4232.04:be,2984.9299999999525,26.64090110812085,2025-12
M15#3001083,M15,3001083,OB,sell,0.607,B,2025-12-10 22:45:00,2025-12-11 02:12:00,2025-12-11 08:03:00,351.0,4239.92,4239.78,4253.75,4232.8,4204.85,4253.75,4239.78,13.970000000000255,13.126428571428473,0.1,139.70000000000255,224.9399999999987,0.7000000000000001,0.0,224.2399999999987,1.6101646385110564,1.6051539012168548,tp2,True,2.518969219756547,0.5705082319254975,0,True,range,0,1.0,False,,False,1.125,0.02@4232.80:tp1;0.02@4225.81:tp1;0.02@4218.82:tp1;0.04@4204.85:tp2,3209.1699999999514,28.246055009337706,2025-12
M15#3001180,M15,3001180,OB,buy,0.738,A,2025-12-11 05:00:00,2025-12-11 05:12:00,2025-12-11 12:30:00,438.0,4212.15,4212.15,4187.41,4224.52,4274.0,4212.15,4187.41,24.73999999999978,6.952142857142787,0.05,123.69999999999891,11.970000000002983,0.35000000000000003,0.0,11.620000000002983,0.09676637025063127,0.09393694421991176,partial_be,True,0.551333872271643,0.3108326596604554,0,True,range,0,1.0,False,,False,1.125,0.01@4224.52:tp1;0.01@4212.05:be;0.01@4212.05:be;0.02@4212.05:be,3220.7899999999545,28.339991953557618,2025-12
M15#3001209,M15,3001209,IMB,buy,0.657,A,2025-12-11 20:00:00,2025-12-11 20:57:00,2025-12-11 21:54:00,57.0,4272.13,4272.13,4262.94,4276.73,4295.11,4272.13,4262.94,9.19000000000051,10.462857142857242,0.16,147.04000000000815,17.19999999999345,1.12,0.0,16.07999999999345,0.11697497279646693,0.10935799782367084,partial_be,True,0.5854189336234833,0.9858541893362239,0,True,range,0,1.0,False,,False,1.125,0.04@4276.73:tp1;0.04@4272.03:be;0.04@4272.03:be;0.04@4272.03:be,3236.869999999948,28.44934995138129,2025-12
M10#3001721,M10,3001721,IMB,buy,0.662,A,2025-12-11 19:50:00,2025-12-11 20:58:00,2025-12-11 22:07:00,69.0,4270.98,4270.98,4261.04,4275.95,4295.83,4270.98,4261.04,9.9399999999996,8.33071428571436,0.16,159.0399999999936,18.680000000007567,1.12,0.0,17.560000000007566,0.11745472837027364,0.11041247484914658,partial_be,True,0.6569416498994887,0.7957746478873413,0,False,range,2,2.25,False,,False,0.5625,0.04@4275.95:tp1;0.04@4270.88:be;0.04@4270.88:be;0.04@4270.88:be,3254.4299999999557,28.559762426230435,2025-12
M5#3003401,M5,3003401,IMB,sell,0.674,A,2025-12-15 04:15:00,2025-12-15 04:31:00,2025-12-15 05:32:00,61.0,4327.99,4327.99,4343.29,4320.34,4289.74,4343.29,4327.99,15.300000000000182,4.272857142857057,0.04,61.20000000000073,7.349999999998545,0.28,0.0,7.069999999998545,0.12009803921566108,0.11552287581696831,partial_be,True,0.5516339869280719,0.13333333333338881,0,True,range,-1,0.5,False,,False,1.125,0.01@4320.34:tp1;0.01@4328.09:be;0.01@4328.09:be;0.01@4328.09:be,3261.499999999954,28.675285302047403,2025-12
M10#3001760,M10,3001760,IMB,sell,0.616,B,2025-12-15 04:20:00,2025-12-15 04:31:00,2025-12-15 05:32:00,61.0,4327.99,4327.99,4340.97,4321.5,4295.54,4340.97,4327.99,12.980000000000473,5.262857142857229,0.11,142.7800000000052,12.07999999999629,0.77,0.0,11.30999999999629,0.08460568707098928,0.07921277489841629,partial_be,True,0.6502311248073415,0.15716486902933735,0,True,range,0,1.0,False,,False,1.125,0.02@4321.50:tp1;0.02@4328.09:be;0.02@4328.09:be;0.05@4328.09:be,3272.8099999999504,28.75449807694582,2025-12
M5#3003457,M5,3003457,IMB,buy,0.653,A,2025-12-15 08:15:00,2025-12-15 09:39:00,2025-12-15 10:48:00,69.0,4335.7,4335.7,4331.01,4338.05,4347.42,4335.7,4331.01,4.6899999999996,3.547857142857083,0.15,70.349999999994,112.53000000000338,1.05,0.0,111.48000000000339,1.5995735607677752,1.5846481876334455,tp2,True,2.6311300639661406,0.47547974413640803,0,False,range,0,1.0,False,,False,0.5625,0.03@4338.05:tp1;0.03@4340.39:tp1;0.03@4342.73:tp1;0.06@4347.42:tp2,3384.2899999999536,30.339146264579263,2025-12
M10#3001798,M10,3001798,IMB,buy,0.605,B,2025-12-15 08:50:00,2025-12-15 09:39:00,2025-12-15 10:50:00,71.0,4336.06,4336.06,4331.01,4338.59,4348.69,4336.06,4331.01,5.050000000000182,4.5342857142857484,0.29,146.4500000000053,207.1599999999862,2.0300000000000002,0.0,205.1299999999862,1.4145442130418484,1.4006828269032352,tp2,True,2.562376237623591,0.5128712871287232,0,True,range,0,1.0,False,,False,1.125,0.07@4338.59:tp1;0.07@4341.11:tp1;0.07@4343.64:tp1;0.08@4348.69:tp2,3589.4199999999396,31.7398290914825,2025-12
M10#3001837,M10,3001837,IMB,sell,0.584,B,2025-12-16 14:30:00,2025-12-16 14:46:00,2025-12-16 15:30:00,44.0,4294.53,4294.53,4304.27,4288.69,4247.78,4304.27,4294.53,9.740000000000691,4.208571428571369,0.1,97.40000000000691,-98.40000000000146,0.7000000000000001,0.0,-99.10000000000146,-1.0102669404516886,-1.01745379876791,sl,False,0.3531827515399749,1.3367556468171984,0,False,trend,0,1.0,False,,False,0.75,0.02@4304.37:sl;0.02@4304.37:sl;0.02@4304.37:sl;0.04@4304.37:sl,3490.3199999999383,30.722375292714588,2025-12
M5#3003497,M5,3003497,OB,sell,0.584,B,2025-12-16 15:05:00,2025-12-16 16:03:00,2025-12-16 16:18:00,15.0,4318.77,4318.77,4325.74,4314.59,4285.31,4325.74,4318.77,6.969999999999345,3.427857142857062,0.14,97.57999999999085,-98.97999999999593,0.9800000000000001,0.0,-99.95999999999593,-1.0143472022956057,-1.0243902439024934,sl,False,0.5337159253946347,1.0832137733143317,0,False,trend,0,1.0,False,,False,0.75,0.03@4325.84:sl;0.03@4325.84:sl;0.03@4325.84:sl;0.05@4325.84:sl,3390.3599999999424,29.697985048812093,2025-12
M10#3001946,M10,3001946,IMB,buy,0.659,A,2025-12-18 16:20:00,2025-12-18 16:29:00,2025-12-18 16:35:00,6.0,4332.87,4332.87,4323.71,4338.37,4376.84,4332.87,4323.71,9.159999999999854,6.310714285714247,0.32,293.11999999999534,41.6000000000131,2.24,0.0,39.360000000013095,0.1419213973799596,0.13427947598257955,partial_be,True,0.8897379912664493,0.28056768558949235,0,True,trend,1,1.5,False,,False,1.5,0.08@4338.37:tp1;0.08@4332.77:be;0.08@4332.77:be;0.08@4332.77:be,3429.7199999999557,29.832264524794674,2025-12
M30#3000685,M30,3000685,IMB,sell,0.597,B,2025-12-18 23:30:00,2025-12-19 17:06:00,2025-12-19 19:55:00,169.0,4341.91,4341.91,4356.33,4333.26,4272.69,4356.33,4341.91,14.420000000000073,16.50142857142867,0.06,86.52000000000045,-87.12000000000262,0.42000000000000004,0.0,-87.54000000000262,-1.0069348127600806,-1.0117891816921194,sl,False,0.4597780859916204,1.0159500693480972,0,False,trend,0,1.0,False,,False,0.75,0.01@4356.43:sl;0.01@4356.43:sl;0.01@4356.43:sl;0.03@4356.43:sl,3342.179999999953,28.820475343102554,2025-12
M10#3002090,M10,3002090,IMB,buy,0.652,A,2025-12-23 21:40:00,2025-12-23 23:56:00,2025-12-24 02:09:00,133.0,4484.19,4484.19,4478.35,4487.69,4512.22,4484.19,4478.35,5.839999999999236,5.906428571428543,0.17,99.27999999998701,238.2700000000059,1.1900000000000002,-19.5,217.5800000000059,2.399979854956054,2.191579371474963,tp2,True,4.886986301370496,0.3116438356164293,0,False,trend,0,1.0,False,,False,0.75,0.04@4487.69:tp1;0.04@4491.20:tp1;0.04@4498.21:tp1;0.05@4512.22:tp2,3559.759999999959,31.012054714577516,2025-12
M15#3001514,M15,3001514,IMB,sell,0.629,B,2025-12-29 18:30:00,2025-12-29 18:54:00,2025-12-29 22:04:00,190.0,4342.73,4342.73,4358.75,4333.12,4265.83,4358.75,4342.73,16.020000000000437,23.839999999999886,0.12,192.24000000000524,85.88999999999487,0.84,0.0,85.04999999999487,0.44678526841444305,0.4424157303370399,partial_be,True,1.7322097378276682,0.3127340823970656,0,True,trend,0,1.0,False,,False,1.5,0.03@4333.12:tp1;0.03@4323.51:tp1;0.03@4342.83:be;0.03@4342.83:be,3644.8099999999536,31.454470444914556,2025-12
M10#3002223,M10,3002223,IMB,sell,0.619,B,2025-12-29 18:30:00,2025-12-29 18:54:00,2025-12-30 01:08:00,374.0,4345.58,4345.58,4358.75,4337.68,4282.36,4358.75,4345.58,13.170000000000073,19.131428571428646,0.15,197.5500000000011,70.19999999999618,1.05,1.3499999999999999,70.49999999999618,0.35535307517082154,0.356871678056167,partial_be,True,2.3234624145786027,0.16400911161736917,0,True,trend,0,1.0,False,,False,1.5,0.03@4337.68:tp1;0.03@4329.78:tp1;0.03@4345.68:be;0.06@4345.68:be,3715.30999999995,31.81134212297072,2025-12
M30#3000760,M30,3000760,IMB,sell,0.578,B,2025-12-30 12:00:00,2025-12-30 12:31:00,2025-12-31 07:50:00,1159.0,4389.77,4389.77,4406.74,4379.59,4308.31,4406.74,4389.77,16.969999999999345,12.536428571428457,0.03,50.909999999998035,183.28000000000065,0.21,0.8999999999999999,183.97000000000065,3.600078570025687,3.6136318994305197,tp2,True,5.1921037124339415,0.8709487330583568,0,False,trend,-1,0.5,False,,False,0.75,0.01@4369.41:tp1;0.02@4308.31:tp2,3899.2799999999506,35.424974022401244,2025-12
M5#3004385,M5,3004385,IMB,sell,0.553,B,2025-12-31 13:00:00,2025-12-31 13:08:00,2025-12-31 14:36:00,88.0,4312.32,4312.32,4319.64,4307.93,4277.18,4319.64,4312.32,7.3200000000006185,5.842142857142725,0.07,51.24000000000432,12.669999999997344,0.48999999999999994,0.0,12.179999999997344,0.24726775956276884,0.237704918032715,partial_be,True,1.2240437158468962,0.5874316939890463,0,False,trend,-1,0.5,False,,False,0.75,0.01@4307.93:tp1;0.01@4303.54:tp1;0.01@4312.42:be;0.04@4312.42:be,3911.459999999948,35.662678940433956,2025-12
M10#3002308,M10,3002308,IMB,buy,0.548,C,2025-12-31 17:40:00,2025-12-31 18:05:00,2025-12-31 18:11:00,6.0,4325.97,4325.97,4316.09,4331.9,4373.39,4325.97,4316.09,9.88000000000011,11.427857142857063,0.21,207.48000000000232,28.049999999991087,1.4700000000000002,0.0,26.579999999991088,0.13519375361476177,0.1281087333718469,partial_be,True,0.6093117408906337,0.09311740890688892,0,True,trend,0,1.0,False,,False,1.5,0.05@4331.90:tp1;0.05@4325.87:be;0.05@4325.87:be;0.06@4325.87:be,3938.0399999999395,35.7907876738058,2025-12
M30#4000447,M30,4000447,IMB,buy,0.57,B,2026-01-02 08:00:00,2026-01-02 15:57:00,2026-01-02 16:31:00,34.0,4362.06,4362.06,4351.94,4368.13,4410.64,4362.06,4351.94,10.1200000000008,10.338571428571347,0.2,202.400000000016,28.849999999993088,1.4000000000000001,0.0,27.44999999999309,0.14253952569165418,0.13562252964422392,partial_be,True,1.1472332015809046,0.2233201581027707,0,True,trend,0,1.0,False,,False,1.5,0.05@4368.13:tp1;0.05@4361.96:be;0.05@4361.96:be;0.05@4361.96:be,3965.4899999999325,35.926410203450025,2026-01
M10#4001331,M10,4001331,IMB,buy,0.505,C,2026-01-02 15:50:00,2026-01-02 15:57:00,2026-01-02 16:31:00,34.0,4362.06,4362.06,4355.68,4365.89,4392.68,4362.06,4355.68,6.380000000000109,7.246428571428559,0.32,204.1600000000035,90.31999999999243,2.24,0.0,88.07999999999244,0.44239811912221244,0.43142633228835686,partial_be,True,1.819749216300858,0.35423197492165825,0,True,trend,0,1.0,False,,False,1.5,0.08@4365.89:tp1;0.08@4369.72:tp1;0.08@4361.96:be;0.08@4361.96:be,4053.569999999925,36.35783653573838,2026-01
M10#4001323,M10,4001323,IMB,buy,0.507,C,2026-01-02 17:40:00,2026-01-02 18:01:00,2026-01-02 18:17:00,16.0,4328.21,4328.21,4319.05,4333.71,4372.18,4328.21,4319.05,9.159999999999854,12.537142857142758,0.23,210.67999999999665,-212.98000000000505,1.6099999999999999,0.0,-214.59000000000506,-1.0109170305677255,-1.0185589519651057,sl,False,0.3558951965065797,1.136462882096072,0,True,trend,0,1.0,False,,False,1.5,0.05@4318.95:sl;0.05@4318.95:sl;0.05@4318.95:sl;0.08@4318.95:sl,3838.97999999992,35.339277583773274,2026-01
M5#4002376,M5,4002376,IMB,buy,0.55,C,2026-01-02 15:35:00,2026-01-02 18:03:00,2026-01-02 18:17:00,14.0,4327.32,4327.32,4319.05,4332.28,4367.02,4327.32,4319.05,8.269999999999527,5.917142857142737,0.25,206.74999999998818,-209.24999999999727,1.75,0.0,-210.99999999999727,-1.012091898428098,-1.0205562273277355,sl,False,0.26964933494565907,1.1511487303506738,0,True,trend,0,1.0,False,,False,1.5,0.06@4318.95:sl;0.06@4318.95:sl;0.06@4318.95:sl;0.07@4318.95:sl,3627.9799999999227,34.318721356445536,2026-01
M10#4001209,M10,4001209,IMB,sell,0.626,B,2026-01-05 03:20:00,2026-01-05 08:25:00,2026-01-05 16:02:00,457.0,4422.05,4422.05,4446.16,4407.58,4306.32,4446.16,4422.05,24.109999999999673,12.529285714285768,0.04,96.43999999999869,14.170000000001892,0.28,0.0,13.890000000001892,0.14693073413523522,0.14402737453341022,partial_be,True,1.0671920364993743,0.7573620904188949,0,True,trend,-1,0.5,False,,False,1.5,0.01@4407.58:tp1;0.01@4422.15:be;0.01@4422.15:be;0.01@4422.15:be,3641.8699999999244,34.462748730978944,2026-01
M30#4000410,M30,4000410,IMB,sell,0.607,B,2026-01-05 04:00:00,2026-01-05 08:25:00,2026-01-05 16:02:00,457.0,4421.61,4421.61,4445.46,4407.3,4307.13,4445.46,4421.61,23.850000000000364,14.595000000000255,0.08,190.8000000000029,28.0199999999968,0.56,0.0,27.4599999999968,0.14685534591193067,0.1439203354297504,partial_be,True,1.0603773584905103,0.7840670859538588,0,True,trend,0,1.0,False,,False,1.5,0.02@4407.30:tp1;0.02@4421.71:be;0.02@4421.71:be;0.02@4421.71:be,3669.3299999999213,34.60666906640869,2026-01
M15#4000786,M15,4000786,IMB,sell,0.629,B,2026-01-05 08:45:00,2026-01-05 10:17:00,2026-01-05 16:21:00,364.0,4429.7,4429.7,4445.46,4420.24,4354.05,4445.46,4429.7,15.760000000000218,7.951428571428486,0.12,189.12000000000262,84.50999999999749,0.84,0.0,83.66999999999749,0.4468591370558181,0.4424175126903359,partial_be,True,2.118020304568448,0.673223350253777,0,True,trend,0,1.0,False,,False,1.5,0.03@4420.24:tp1;0.03@4410.79:tp1;0.03@4429.80:be;0.03@4429.80:be,3752.9999999999186,35.049086579099026,2026-01
M5#4002619,M5,4002619,OB,buy,0.61,B,2026-01-06 17:30:00,2026-01-06 17:33:00,2026-01-06 17:37:00,4.0,4471.78,4471.78,4466.32,4475.06,4497.99,4471.78,4466.32,5.460000000000036,6.819285714285668,0.09,49.140000000000335,-50.039999999995416,0.6300000000000001,0.0,-50.66999999999542,-1.018315018314918,-1.0311355311354309,sl,False,0.0,1.5879120879120907,0,False,trend,-1,0.5,False,,False,0.75,0.02@4466.22:sl;0.02@4466.22:sl;0.02@4466.22:sl;0.03@4466.22:sl,3702.329999999923,34.01795104796359,2026-01
M30#4000475,M30,4000475,OB,buy,0.604,B,2026-01-07 16:00:00,2026-01-08 07:42:00,2026-01-08 14:01:00,379.0,4419.46,4419.46,4399.7,4431.32,4514.31,4419.46,4399.7,19.76000000000022,11.338571428571479,0.05,98.80000000000109,11.459999999998217,0.35000000000000003,0.0,11.109999999998218,0.11599190283398877,0.11244939271253132,partial_be,True,1.0288461538461389,0.20040485829959476,0,False,trend,0,1.0,False,,False,0.75,0.01@4431.32:tp1;0.01@4419.36:be;0.01@4419.36:be;0.02@4419.36:be,3713.4399999999214,34.13040044067613,2026-01
M5#4002662,M5,4002662,OB,sell,0.559,B,2026-01-09 15:30:00,2026-01-09 15:32:00,2026-01-09 15:37:00,5.0,4485.33,4485.33,4491.94,4482.02,4468.81,4491.94,4485.33,6.609999999999673,4.994285714285654,0.05,33.04999999999836,2.909999999998035,0.35000000000000003,0.0,2.559999999998035,0.08804841149767562,0.07745839636908206,partial_be,True,0.9228441754916424,0.6111951588503893,0,False,range,-1,0.5,False,,False,0.5625,0.01@4482.02:tp1;0.01@4485.43:be;0.01@4485.43:be;0.02@4485.43:be,3715.9999999999195,34.20785883704521,2026-01
M15#4001072,M15,4001072,UW,buy,0.61,B,2026-01-09 18:30:00,2026-01-09 19:54:00,2026-01-09 22:15:00,141.0,4487.71,4487.71,4479.52,4491.81,4508.18,4487.71,4479.52,8.1899999999996,13.176428571428655,0.18,147.41999999999283,221.10000000000036,1.2600000000000002,0.0,219.84000000000037,1.4997964997965754,1.4912494912495664,tp2,True,2.6043956043957226,0.7130647130647657,0,True,range,0,1.0,False,,False,1.125,0.04@4491.81:tp1;0.04@4495.90:tp1;0.04@4499.99:tp1;0.06@4508.18:tp2,3935.83999999992,35.69910832829478,2026-01
M5#4002970,M5,4002970,IMB,buy,0.706,A,2026-01-12 15:35:00,2026-01-12 16:03:00,2026-01-12 16:04:00,1.0,4600.98,4600.98,4595.93,4603.5,4613.6,4600.98,4595.93,5.049999999999272,4.637857142857229,0.15,75.74999999998909,6.360000000007857,1.05,0.0,5.310000000007857,0.08396039603971978,0.07009900990110393,partial_be,True,0.7841584158417043,0.6019801980198816,0,False,range,0,1.0,False,,False,0.5625,0.03@4603.50:tp1;0.03@4600.88:be;0.03@4600.88:be;0.06@4600.88:be,3941.149999999928,35.76920733819588,2026-01
M10#4001644,M10,4001644,UW,buy,0.581,B,2026-01-12 19:20:00,2026-01-12 19:21:00,2026-01-12 19:34:00,13.0,4613.15,4613.15,4607.72,4615.86,4626.72,4613.15,4607.72,5.4299999999993815,8.079285714285627,0.14,76.01999999999136,7.030000000006112,0.9800000000000001,0.0,6.050000000006111,0.09247566429895963,0.07958431991590106,partial_be,True,0.869244935543424,0.22467771639032857,0,False,range,0,1.0,False,,False,0.5625,0.03@4615.86:tp1;0.03@4613.05:be;0.03@4613.05:be;0.05@4613.05:be,3947.199999999934,35.848791658111786,2026-01
M10#4001661,M10,4001661,UW,sell,0.624,B,2026-01-13 01:50:00,2026-01-13 01:57:00,2026-01-13 03:10:00,73.0,4597.23,4597.23,4607.99,4591.85,4570.33,4607.99,4597.23,10.760000000000218,6.961428571428639,0.07,75.32000000000151,31.789999999994503,0.48999999999999994,0.0,31.299999999994505,0.4220658523631687,0.41556027615499036,trail,True,1.4210037174720866,0.27509293680297175,0,False,range,0,1.0,False,,False,0.5625,0.01@4591.85:tp1;0.01@4586.47:tp1;0.01@4594.10:trail;0.04@4594.10:trail,3978.4999999999286,36.26435193426678,2026-01
M5#4003091,M5,4003091,OB,buy,0.599,B,2026-01-14 06:40:00,2026-01-14 07:57:00,2026-01-14 07:59:00,2.0,4620.58,4620.58,4614.87,4623.43,4634.85,4620.58,4614.87,5.710000000000036,3.1285714285715067,0.13,74.23000000000047,7.549999999997453,0.91,0.0,6.639999999997453,0.10171089855849932,0.08945170416270255,partial_be,True,0.7320490367776294,0.5078809106829453,0,False,range,0,1.0,False,,False,0.5625,0.03@4623.43:tp1;0.03@4620.48:be;0.03@4620.48:be;0.04@4620.48:be,3985.139999999926,36.35380363842948,2026-01
M5#4003109,M5,4003109,OB,sell,0.604,B,2026-01-14 12:15:00,2026-01-14 12:17:00,2026-01-14 13:04:00,47.0,4634.27,4634.27,4638.88,4631.97,4622.75,4638.88,4634.27,4.609999999999673,3.3878571428570985,0.17,78.36999999999443,7.900000000007822,1.1900000000000002,0.0,6.710000000007821,0.10080387903545213,0.08561949725670917,partial_be,True,0.7874186550978908,0.872017353579135,0,False,range,0,1.0,False,,False,0.5625,0.04@4631.97:tp1;0.04@4634.37:be;0.04@4634.37:be;0.05@4634.37:be,3991.849999999934,36.43942313568619,2026-01
M10#4001741,M10,4001741,OB,buy,0.594,B,2026-01-15 00:00:00,2026-01-15 01:06:00,2026-01-15 01:23:00,17.0,4616.81,4616.81,4608.48,4620.98,4637.64,4616.81,4608.48,8.330000000000837,6.887142857142927,0.09,74.97000000000754,-75.87000000000262,0.6300000000000001,0.0,-76.50000000000261,-1.0120048019207013,-1.0204081632652382,sl,False,0.3217286914764841,1.0588235294117325,0,False,range,0,1.0,False,,False,0.5625,0.02@4608.38:sl;0.02@4608.38:sl;0.02@4608.38:sl;0.03@4608.38:sl,3915.3499999999312,35.41901497242095,2026-01
M5#4003471,M5,4003471,OB,buy,0.608,B,2026-01-20 12:20:00,2026-01-20 12:29:00,2026-01-20 13:07:00,38.0,4729.36,4729.36,4722.7,4732.69,4746.01,4729.36,4722.7,6.6599999999998545,3.9557142857142287,0.12,79.91999999999825,-81.1199999999917,0.84,0.0,-81.95999999999171,-1.0150150150149333,-1.0255255255254443,sl,False,0.0,1.1546546546546197,0,False,range,0,1.0,False,,False,0.5625,0.03@4722.60:sl;0.03@4722.60:sl;0.03@4722.60:sl;0.03@4722.60:sl,3833.3899999999394,34.39348944689551,2026-01
M10#4001913,M10,4001913,OB,buy,0.534,C,2026-01-20 16:50:00,2026-01-20 17:25:00,2026-01-20 17:29:00,4.0,4725.18,4725.18,4719.34,4728.1,4739.78,4725.18,4719.34,5.8400000000001455,9.550714285714223,0.41,239.44000000000597,26.099999999989453,2.87,0.0,23.229999999989452,0.10900434346804545,0.09701804209818274,partial_be,True,0.582191780821841,0.4811643835617004,0,True,range,1,1.5,False,,False,1.125,0.1@4728.10:tp1;0.1@4725.08:be;0.1@4725.08:be;0.11@4725.08:be,3856.619999999929,34.49050748899369,2026-01
M15#4001236,M15,4001236,IMB,buy,0.726,A,2026-01-19 02:45:00,2026-01-19 04:01:00,2026-01-21 03:05:00,2824.0,4653.3,4653.3,4596.68,4681.61,4794.85,4653.3,4596.68,56.61999999999989,15.441428571428657,0.02,113.23999999999978,198.17000000000007,0.14,-2.5,195.5300000000001,1.750000000000004,1.7266866831508343,tp2,True,2.500176616036732,0.0052984811020872925,0,True,range,0,1.0,False,,False,1.125,0.01@4709.92:tp1;0.01@4794.85:tp2,4052.149999999929,36.217194172144524,2026-01
M10#4001837,M10,4001837,IMB,buy,0.67,A,2026-01-19 03:30:00,2026-01-19 04:01:00,2026-01-21 03:05:00,2824.0,4653.3,4653.3,4596.68,4681.61,4794.85,4653.3,4596.68,56.61999999999989,12.597142857142899,0.04,226.47999999999956,311.40999999999894,0.28,-3.5,307.629999999999,1.374999999999998,1.3583097845284333,tp2,True,2.500176616036732,0.0052984811020872925,0,True,range,1,1.5,False,,False,1.125,0.01@4681.61:tp1;0.01@4709.92:tp1;0.01@4738.23:tp1;0.01@4794.85:tp2,4359.779999999928,37.575503956672954,2026-01
M5#4003544,M5,4003544,UW,buy,0.656,A,2026-01-21 08:30:00,2026-01-21 08:39:00,2026-01-21 08:40:00,1.0,4869.53,4869.53,4864.42,4872.08,4882.3,4869.53,4864.42,5.109999999999673,6.692142857142828,0.07,35.7699999999977,-36.470000000000255,0.48999999999999994,0.0,-36.96000000000026,-1.0195694716243389,-1.033268101761326,sl,False,0.0,1.1311154598826059,0,False,range,-1,0.5,False,,False,0.5625,0.01@4864.32:sl;0.01@4864.32:sl;0.01@4864.32:sl;0.04@4864.32:sl,4322.819999999928,36.542235854911624,2026-01
M10#4001937,M10,4001937,OB,sell,0.541,C,2026-01-21 10:40:00,2026-01-21 11:26:00,2026-01-21 13:19:00,113.0,4869.78,4869.78,4883.88,4862.73,4834.53,4883.88,4869.78,14.100000000000364,12.592857142857286,0.11,155.100000000004,13.199999999997091,0.77,0.0,12.429999999997092,0.08510638297870246,0.0801418439716104,partial_be,True,0.7319148936169817,0.5418439716312149,0,True,range,0,1.0,False,,False,1.125,0.02@4862.73:tp1;0.02@4869.88:be;0.02@4869.88:be;0.05@4869.88:be,4335.2499999999245,36.622377698883234,2026-01
M30#4000655,M30,4000655,IMB,buy,0.66,A,2026-01-21 10:00:00,2026-01-21 17:23:00,2026-01-21 18:52:00,89.0,4815.03,4815.03,4787.53,4828.78,4883.78,4815.03,4787.53,27.5,22.9292857142856,0.05,137.5,65.70000000000164,0.35000000000000003,0.0,65.35000000000164,0.47781818181819374,0.4752727272727392,trail,True,1.4760000000000053,0.07090909090908429,0,True,range,0,1.0,False,,False,1.125,0.01@4828.78:tp1;0.01@4842.53:tp1;0.01@4823.18:trail;0.02@4823.18:trail,4400.599999999926,37.09765042615597,2026-01
H1#4000336,H1,4000336,IMB,buy,0.623,B,2026-01-21 11:00:00,2026-01-21 17:23:00,2026-01-21 18:52:00,89.0,4817.31,4817.31,4787.53,4832.2,4891.76,4817.31,4787.53,29.780000000000655,23.57714285714272,0.05,148.90000000000327,71.15999999999894,0.35000000000000003,0.0,70.80999999999895,0.47790463398252103,0.4755540631295997,trail,True,1.2864338482202367,0.14204163868369307,0,True,range,0,1.0,False,,False,1.125,0.01@4832.20:tp1;0.01@4847.09:tp1;0.01@4826.14:trail;0.02@4826.14:trail,4471.409999999924,37.57320448928557,2026-01
M10#4001927,M10,4001927,IMB,buy,0.595,B,2026-01-21 17:40:00,2026-01-21 19:31:00,2026-01-21 19:41:00,10.0,4810.41,4810.41,4800.01,4815.61,4836.41,4810.41,4800.01,10.399999999999636,19.26357142857127,0.15,155.99999999999454,14.400000000006001,1.05,0.0,13.350000000006,0.092307692307734,0.08557692307696453,partial_be,True,0.8125000000000109,0.7576923076923447,0,True,range,0,1.0,False,,False,1.125,0.03@4815.61:tp1;0.03@4810.31:be;0.03@4810.31:be;0.06@4810.31:be,4484.75999999993,37.658781412362536,2026-01
M15#4001300,M15,4001300,IMB,buy,0.672,A,2026-01-21 17:45:00,2026-01-21 19:32:00,2026-01-21 20:58:00,86.0,4805.04,4805.04,4787.53,4813.8,4848.82,4805.04,4787.53,17.51000000000022,18.579999999999863,0.09,157.590000000002,236.42000000000098,0.6300000000000001,0.0,235.790000000001,1.5002220953106034,1.4962243797195127,tp2,True,2.5134209023415,0.143346659051981,0,True,range,0,1.0,False,,False,1.125,0.02@4813.80:tp1;0.02@4822.55:tp1;0.02@4831.31:tp1;0.03@4848.82:tp2,4720.549999999931,39.15500579208205,2026-01
M10#4001968,M10,4001968,OB,sell,0.582,B,2026-01-22 03:40:00,2026-01-22 07:53:00,2026-01-22 09:16:00,83.0,4818.49,4818.49,4836.47,4809.5,4773.54,4836.47,4818.49,17.980000000000473,14.08142857142853,0.04,71.92000000000189,-72.31999999999971,0.28,0.0,-72.59999999999971,-1.005561735261371,-1.0094549499443521,sl,False,0.1523915461623865,1.0450500556173736,0,False,range,0,1.0,False,,False,0.5625,0.01@4836.57:sl;0.01@4836.57:sl;0.01@4836.57:sl;0.01@4836.57:sl,4647.949999999932,38.1455508421377,2026-01
M5#4003641,M5,4003641,IMB,buy,0.622,B,2026-01-22 08:20:00,2026-01-22 11:42:00,2026-01-22 13:49:00,127.0,4815.47,4815.47,4807.82,4819.3,4834.6,4815.47,4807.82,7.650000000000546,4.991428571428449,0.05,38.25000000000273,61.219999999999345,0.35000000000000003,0.0,60.869999999999344,1.6005228758168621,1.5913725490194772,tp2,True,2.5294117647056304,0.18431372549016392,0,False,range,-1,0.5,False,,False,0.5625,0.01@4819.30:tp1;0.01@4823.12:tp1;0.01@4826.95:tp1;0.02@4834.60:tp2,4708.819999999931,39.73692339115718,2026-01
M15#4001345,M15,4001345,IMB,buy,0.633,B,2026-01-22 09:15:00,2026-01-22 11:42:00,2026-01-22 14:59:00,197.0,4816.37,4816.37,4802.69,4823.21,4850.57,4816.37,4802.69,13.680000000000291,7.64642857142852,0.12,164.1600000000035,85.56000000000131,0.84,0.0,84.7200000000013,0.5211988304093537,0.5160818713450263,trail,True,1.4627192982455988,0.1688596491227662,0,True,range,0,1.0,False,,False,1.125,0.03@4823.21:tp1;0.03@4830.05:tp1;0.03@4820.37:trail;0.03@4820.37:trail,4793.539999999932,40.25300526250221,2026-01
M30#4000670,M30,4000670,IMB,buy,0.633,B,2026-01-22 11:30:00,2026-01-22 11:42:00,2026-01-22 14:59:00,197.0,4816.37,4816.37,4801.56,4823.77,4853.39,4816.37,4801.56,14.80999999999949,10.769999999999916,0.11,162.9099999999944,74.80000000000291,0.77,0.0,74.03000000000291,0.4591492234976704,0.4544226873734299,trail,True,1.3511141120864893,0.15597569209990345,0,True,range,0,1.0,False,,False,1.125,0.02@4823.77:tp1;0.02@4831.18:tp1;0.02@4820.71:trail;0.05@4820.71:trail,4867.569999999934,40.70742794987564,2026-01
M10#4001994,M10,4001994,UW,buy,0.594,B,2026-01-22 14:40:00,2026-01-22 14:59:00,2026-01-22 15:08:00,9.0,4819.22,4819.22,4814.06,4821.8,4832.12,4819.22,4814.06,5.1599999999998545,4.743571428571288,0.24,123.83999999999651,63.83999999999651,1.68,0.0,62.15999999999651,0.5155038759689786,0.5019379844961099,trail,True,1.0387596899224465,0.6046511627906935,0,False,range,1,1.5,False,,False,0.5625,0.06@4821.80:tp1;0.06@4824.38:tp1;0.06@4820.67:trail;0.06@4820.67:trail,4929.72999999993,41.209365934371746,2026-01
M5#4003664,M5,4003664,OB,sell,0.566,B,2026-01-22 14:20:00,2026-01-22 14:20:00,2026-01-22 15:13:00,53.0,4827.73,4827.73,4835.31,4823.94,4808.78,4835.31,4827.73,7.580000000000837,3.7164285714285534,0.11,83.3800000000092,37.929999999993925,0.77,0.0,37.15999999999392,0.45490525305816426,0.445670424562123,trail,True,1.498680738785951,0.6715039577837062,0,False,range,0,1.0,False,,False,0.5625,0.02@4823.94:tp1;0.02@4820.15:tp1;0.02@4825.56:trail;0.05@4825.56:trail,4966.889999999924,41.65503635893387,2026-01
M10#4002029,M10,4002029,OB,buy,0.634,B,2026-01-22 22:50:00,2026-01-22 22:58:00,2026-01-22 23:34:00,36.0,4916.18,4916.18,4908.3,4920.12,4935.88,4916.18,4908.3,7.880000000000109,7.257857142857249,0.1,78.80000000000109,126.07999999999811,0.7000000000000001,0.0,125.3799999999981,1.599999999999954,1.5911167512689894,tp2,True,2.56725888324864,0.24111675126910145,0,False,range,0,1.0,False,,False,0.5625,0.02@4920.12:tp1;0.02@4924.06:tp1;0.02@4928.00:tp1;0.04@4935.88:tp2,5092.269999999922,43.24615311020286,2026-01
M5#4003711,M5,4003711,OB,buy,0.611,B,2026-01-23 02:50:00,2026-01-23 03:02:00,2026-01-23 03:19:00,17.0,4943.99,4943.99,4934.3,4949.8,4990.5,4943.99,4934.3,9.6899999999996,7.071428571428702,0.11,106.5899999999956,10.720000000005712,0.77,0.0,9.950000000005712,0.100572286330858,0.09334834412239537,partial_be,True,1.0866873065016605,0.7502579979359987,0,False,trend,0,1.0,False,,False,0.75,0.02@4949.80:tp1;0.02@4943.89:be;0.02@4943.89:be;0.05@4943.89:be,5102.2199999999275,43.33950145432526,2026-01
M10#4002077,M10,4002077,IMB,buy,0.687,A,2026-01-23 19:00:00,2026-01-23 19:55:00,2026-01-23 20:41:00,46.0,4969.79,4969.79,4960.72,4975.23,5013.33,4969.79,4960.72,9.069999999999709,10.967857142857222,0.12,108.83999999999651,48.359999999996944,0.84,0.0,47.51999999999694,0.44432194046305123,0.43660418963614905,partial_be,True,1.593164277839061,0.831312017640596,0,False,trend,0,1.0,False,,False,0.75,0.03@4975.23:tp1;0.03@4980.67:tp1;0.03@4969.69:be;0.03@4969.69:be,5149.739999999924,43.77610564396141,2026-01
M10#4002091,M10,4002091,IMB,buy,0.62,B,2026-01-26 04:10:00,2026-01-26 06:45:00,2026-01-26 07:07:00,22.0,5061.88,5061.88,5049.54,5069.28,5121.11,5061.88,5049.54,12.340000000000146,12.016428571428476,0.09,111.06000000000134,14.099999999996726,0.6300000000000001,0.0,13.469999999996725,0.1269584008643666,0.12128579146404253,partial_be,True,0.8978930307941488,0.2779578606159036,0,False,trend,0,1.0,False,,False,0.75,0.02@5069.28:tp1;0.02@5061.78:be;0.02@5061.78:be;0.03@5061.78:be,5163.209999999921,43.89739143542545,2026-01
M5#4003862,M5,4003862,OB,sell,0.58,B,2026-01-26 12:10:00,2026-01-26 12:14:00,2026-01-26 13:38:00,84.0,5090.46,5090.46,5098.16,5085.84,5053.5,5098.16,5090.46,7.699999999999818,6.277857142857231,0.14,107.79999999999747,40.77999999999611,0.9800000000000001,0.0,39.79999999999611,0.3782931354359654,0.36920222634505606,partial_be,True,1.4922077922079173,0.6467532467532053,0,False,trend,0,1.0,False,,False,0.75,0.03@5085.84:tp1;0.03@5081.22:tp1;0.03@5090.56:be;0.05@5090.56:be,5203.009999999917,44.2665936617705,2026-01
M10#4002090,M10,4002090,UW,buy,0.671,A,2026-01-26 07:00:00,2026-01-26 21:03:00,2026-01-26 21:18:00,15.0,5041.85,5041.85,5029.22,5049.43,5102.47,5041.85,5029.22,12.63000000000011,7.924999999999922,0.18,227.34000000000202,89.95999999999549,1.2600000000000002,0.0,88.69999999999548,0.39570687076622985,0.3901645113046305,partial_be,True,1.6935866983372314,0.44259699129058566,0,True,trend,0,1.0,False,,False,1.5,0.04@5049.43:tp1;0.04@5057.01:tp1;0.04@5041.75:be;0.06@5041.75:be,5291.709999999913,44.65675817307513,2026-01
M5#4003826,M5,4003826,UW,buy,0.709,A,2026-01-26 15:00:00,2026-01-26 21:03:00,2026-01-26 21:18:00,15.0,5041.85,5041.85,5029.22,5049.43,5102.47,5041.85,5029.22,12.63000000000011,5.147857142857122,0.18,227.34000000000202,89.95999999999549,1.2600000000000002,0.0,88.69999999999548,0.39570687076622985,0.3901645113046305,partial_be,True,1.6935866983372314,0.44259699129058566,0,True,trend,0,1.0,False,,False,1.5,0.04@5049.43:tp1;0.04@5057.01:tp1;0.04@5041.75:be;0.06@5041.75:be,5380.409999999908,45.046922684379766,2026-01
M10#4002129,M10,4002129,IMB,buy,0.524,C,2026-01-27 02:20:00,2026-01-27 02:43:00,2026-01-27 02:51:00,8.0,5030.03,5030.03,5016.26,5038.29,5096.13,5030.03,5016.26,13.769999999999527,16.797857142857147,0.17,234.08999999999196,-235.78999999999814,1.1900000000000002,0.0,-236.97999999999814,-1.007262164124936,-1.0123456790123726,sl,False,0.21278140885986868,1.0936819172113295,0,True,trend,0,1.0,False,,False,1.5,0.04@5016.16:sl;0.04@5016.16:sl;0.04@5016.16:sl;0.05@5016.16:sl,5143.42999999991,44.034577005367396,2026-01
M10#4002085,M10,4002085,IMB,buy,0.553,B,2026-01-26 22:00:00,2026-01-26 23:36:00,2026-01-27 03:15:00,219.0,4999.19,4999.19,4983.33,5008.71,5075.32,4999.19,4983.33,15.859999999999673,18.704999999999927,0.14,222.03999999999544,580.480000000005,0.9800000000000001,-4.0,575.500000000005,2.614303729057904,2.591875337777053,tp2,True,4.843001261034173,0.5706179066834464,0,True,trend,0,1.0,False,,False,1.5,0.03@5008.71:tp1;0.03@5018.22:tp1;0.03@5037.25:tp1;0.05@5075.32:tp2,5718.929999999915,46.62645234314445,2026-01
M10#4002143,M10,4002143,OB,buy,0.57,B,2026-01-27 13:00:00,2026-01-27 13:51:00,2026-01-27 16:03:00,132.0,5067.96,5067.96,5060.83,5072.24,5102.18,5067.96,5060.83,7.130000000000109,6.903571428571338,0.16,114.08000000000175,119.39999999999782,1.12,0.0,118.27999999999781,1.046633941093934,1.0368162692846774,partial_be,True,3.467040673211764,0.13183730715281702,0,False,trend,0,1.0,False,,False,0.75,0.04@5072.24:tp1;0.04@5076.52:tp1;0.04@5085.07:tp1;0.04@5067.86:be,5837.209999999913,47.66326861242913,2026-01
M10#4002133,M10,4002133,OB,buy,0.626,B,2026-01-27 04:00:00,2026-01-27 04:03:00,2026-01-27 16:16:00,733.0,5051.42,5051.42,5023.7,5068.05,5184.48,5051.42,5023.7,27.720000000000255,14.627142857142774,0.08,221.76000000000204,99.3799999999992,0.56,0.0,98.8199999999992,0.4481421356421279,0.4456168831168754,partial_be,True,1.7846320346320275,0.12481962481962498,0,True,trend,0,1.0,False,,False,1.5,0.02@5068.05:tp1;0.02@5084.68:tp1;0.02@5051.32:be;0.02@5051.32:be,5936.0299999999115,48.108885495546005,2026-01
M5#4004057,M5,4004057,UW,buy,0.556,B,2026-01-28 17:00:00,2026-01-28 17:08:00,2026-01-28 17:08:00,0.0,5259.33,5259.33,5250.21,5264.8,5303.11,5259.33,5250.21,9.11999999999989,10.68999999999986,0.13,118.55999999999858,-119.8600000000033,0.91,0.0,-120.7700000000033,-1.0109649122807416,-1.018640350877233,sl,False,0.0,2.578947368421032,0,False,trend,0,1.0,False,,False,0.75,0.03@5250.11:sl;0.03@5250.11:sl;0.03@5250.11:sl;0.04@5250.11:sl,5815.259999999908,47.09024514466877,2026-01
M5#4004093,M5,4004093,UW,buy,0.552,B,2026-01-29 07:30:00,2026-01-29 10:43:00,2026-01-29 10:43:00,0.0,5500.14,5500.14,5486.98,5508.04,5563.31,5500.14,5486.98,13.160000000000764,11.399999999999832,0.04,52.640000000003056,-53.04000000000087,0.28,0.0,-53.320000000000874,-1.007598784194487,-1.0129179331306568,sl,False,0.0,1.0326747720364253,0,False,trend,-1,0.5,False,,False,0.75,0.01@5486.88:sl;0.01@5486.88:sl;0.01@5486.88:sl;0.01@5486.88:sl,5761.939999999908,46.07732721153811,2026-01
M5#4004140,M5,4004140,UW,sell,0.554,B,2026-01-29 18:40:00,2026-01-29 19:16:00,2026-01-29 19:29:00,13.0,5328.01,5328.01,5367.36,5304.4,5139.13,5367.36,5328.01,39.349999999999454,55.54142857142863,0.01,39.349999999999454,-39.44999999999982,0.07,0.0,-39.51999999999982,-1.0025412960610003,-1.0043202033036942,sl,False,0.19110546378652177,1.011944091486688,0,False,trend,-1,0.5,False,,False,0.75,0.01@5367.46:sl,5722.419999999908,45.07300700823442,2026-01
M10#4002263,M10,4002263,IMB,buy,0.582,B,2026-01-29 23:30:00,2026-01-29 23:58:00,2026-01-30 03:07:00,189.0,5371.97,5371.97,5347.24,5386.81,5490.67,5371.97,5347.24,24.730000000000473,25.606428571428427,0.04,98.92000000000189,106.97999999999865,0.28,-1.0,105.69999999999865,1.081479983825279,1.0685402345329218,partial_be,True,3.196522442377625,0.10351799433887389,0,False,trend,0,1.0,False,,False,0.75,0.01@5390.02:tp1;0.01@5401.65:tp1;0.01@5431.32:tp1;0.01@5371.87:be,5828.119999999907,46.141547242767345,2026-01
M10#4002246,M10,4002246,IMB,sell,0.622,B,2026-01-29 23:40:00,2026-01-30 01:03:00,2026-01-30 10:33:00,570.0,5428.5,5428.5,5494.65,5388.81,5110.98,5494.65,5428.5,66.14999999999964,24.48928571428561,0.01,66.14999999999964,317.52000000000044,0.07,0.0,317.45000000000044,4.800000000000033,4.798941798941832,tp2,False,5.524263038548773,0.3446712018140636,0,False,trend,0,1.0,False,,False,0.75,0.01@5110.98:tp2,6145.569999999908,50.94048904170918,2026-01
M5#4004182,M5,4004182,IMB,sell,0.604,B,2026-01-30 04:35:00,2026-01-30 04:39:00,2026-01-30 19:07:00,868.0,5213.53,5213.53,5270.45,5179.38,4940.31,5270.45,5213.53,56.92000000000007,40.6949999999999,0.01,56.92000000000007,273.21999999999935,0.07,0.0,273.14999999999935,4.800070274068851,4.798840477863651,tp2,False,4.981377371749817,0.5736120871398542,0,False,trend,-1,0.5,False,,False,0.75,0.01@4940.31:tp2,6418.7199999999075,55.73932951957283,2026-01
M5#5002439,M5,5002439,OB,buy,0.577,B,2026-02-02 01:10:00,2026-02-02 01:11:00,2026-02-02 03:00:00,109.0,4751.96,4751.96,4695.5,4785.84,5022.97,4751.96,4695.5,56.460000000000036,28.795714285714375,0.02,112.92000000000007,67.64999999999964,0.14,0.0,67.50999999999964,0.5990967056323024,0.5978568898335068,partial_be,True,2.3473255402054494,0.9842366277010215,0,False,trend,0,1.0,False,,False,0.75,0.01@4819.71:tp1;0.01@4751.86:be,6486.229999999907,56.337186409406335,2026-02
M10#5001334,M10,5001334,OB,sell,0.524,C,2026-02-02 02:00:00,2026-02-02 02:09:00,2026-02-02 08:38:00,389.0,4810.41,4810.41,4892.25,4761.31,4417.58,4892.25,4810.41,81.84000000000015,50.3778571428572,0.03,245.52000000000044,883.8699999999999,0.21,0.0,883.6599999999999,3.5999918540241054,3.5991365265558746,tp2,True,4.986314760508299,0.9086021505376288,0,True,trend,0,1.0,False,,False,1.5,0.01@4712.20:tp1;0.02@4417.58:tp2,7369.889999999907,59.93632293596221,2026-02
M5#5002452,M5,5002452,OB,sell,0.599,B,2026-02-02 02:00:00,2026-02-02 02:09:00,2026-02-02 08:38:00,389.0,4810.41,4810.41,4892.25,4761.31,4417.58,4892.25,4810.41,81.84000000000015,43.69357142857143,0.03,245.52000000000044,883.8699999999999,0.21,0.0,883.6599999999999,3.5999918540241054,3.5991365265558746,tp2,True,4.986314760508299,0.9086021505376288,0,True,trend,0,1.0,False,,False,1.5,0.01@4712.20:tp1;0.02@4417.58:tp2,8253.549999999907,63.535459462518084,2026-02
M10#5001475,M10,5001475,OB,sell,0.626,B,2026-02-06 02:30:00,2026-02-06 16:37:00,2026-02-09 01:00:00,3383.0,4944.57,4944.57,4980.49,4923.02,4772.15,4980.49,4944.57,35.92000000000007,28.906428571428673,0.03,107.76000000000022,-117.69000000000142,0.21,0.0,-117.90000000000141,-1.0921492204899887,-1.094097995545668,sl,False,0.6219376391982211,1.3040089086859703,0,False,trend,0,1.0,False,,False,0.75,0.01@4983.80:sl;0.02@4983.80:sl,8135.649999999905,62.44136146697242,2026-02
M5#5002920,M5,5002920,IMB,buy,0.649,B,2026-02-09 02:25:00,2026-02-09 02:42:00,2026-02-09 03:05:00,23.0,5019.89,5019.89,4997.3,5033.44,5128.32,5019.89,4997.3,22.590000000000146,15.110000000000127,0.06,135.5400000000009,13.049999999997455,0.42000000000000004,0.0,12.629999999997455,0.09628154050462866,0.09318282425850208,partial_be,True,0.979194333775996,0.34528552456839895,0,False,trend,0,1.0,False,,False,0.75,0.01@5033.44:tp1;0.01@5019.79:be;0.01@5019.79:be;0.03@5019.79:be,8148.279999999902,62.53454429123092,2026-02
M10#5001559,M10,5001559,IMB,buy,0.643,B,2026-02-09 02:30:00,2026-02-09 02:42:00,2026-02-09 03:05:00,23.0,5019.89,5019.89,4989.73,5037.99,5164.66,5019.89,4989.73,30.160000000000764,16.5985714285715,0.13,392.08000000000993,53.299999999994725,0.91,0.0,52.38999999999473,0.13594164456231733,0.13362068965515558,partial_be,True,0.7334217506631078,0.2586206896551719,0,True,trend,1,1.5,False,,False,1.5,0.03@5037.99:tp1;0.03@5019.79:be;0.03@5019.79:be;0.04@5019.79:be,8200.669999999896,62.668164980886075,2026-02
M10#5001589,M10,5001589,IMB,buy,0.629,B,2026-02-09 19:20:00,2026-02-09 19:51:00,2026-02-09 19:57:00,6.0,5047.1,5047.1,5035.7,5053.94,5101.82,5047.1,5035.7,11.400000000000546,11.126428571428603,0.11,125.400000000006,12.779999999995198,0.77,0.0,12.009999999995198,0.10191387559804295,0.09577352472085027,partial_be,True,0.8070175438595946,0.07982456140357197,0,False,trend,0,1.0,False,,False,0.75,0.02@5053.94:tp1;0.02@5047.00:be;0.02@5047.00:be;0.05@5047.00:be,8212.679999999891,62.76393850560692,2026-02
M15#5001054,M15,5001054,IMB,buy,0.608,B,2026-02-09 19:30:00,2026-02-09 19:51:00,2026-02-09 23:28:00,217.0,5052.45,5052.45,5035.7,5062.5,5132.85,5052.45,5035.7,16.75,13.602857142857244,0.16,268.0,119.80000000000655,1.12,0.0,118.68000000000654,0.4470149253731588,0.4428358208955468,partial_be,True,2.0208955223880816,0.6817910447761237,0,True,trend,0,1.0,False,,False,1.5,0.04@5062.50:tp1;0.04@5072.55:tp1;0.04@5052.35:be;0.04@5052.35:be,8331.359999999897,63.20677432650247,2026-02
M5#5002984,M5,5002984,IMB,sell,0.581,B,2026-02-10 01:30:00,2026-02-10 01:43:00,2026-02-10 04:03:00,140.0,5038.16,5038.16,5055.86,5027.54,4953.2,5055.86,5038.16,17.699999999999818,14.879285714285809,0.07,123.89999999999871,31.359999999997854,0.48999999999999994,0.0,30.869999999997855,0.2531073446327537,0.24915254237286663,partial_be,True,1.6355932203389896,0.5909604519774092,0,False,trend,0,1.0,False,,False,0.75,0.01@5027.54:tp1;0.01@5016.92:tp1;0.01@5038.26:be;0.04@5038.26:be,8362.229999999894,63.45592686887534,2026-02
M5#5003168,M5,5003168,OB,sell,0.706,A,2026-02-12 07:20:00,2026-02-12 11:50:00,2026-02-12 15:22:00,212.0,5078.8,5078.8,5095.27,5070.57,5037.62,5095.27,5078.8,16.470000000000255,4.564285714285818,0.12,197.64000000000306,162.75000000000273,0.84,0.0,161.91000000000273,0.8234669095324844,0.819216757741349,trail,True,1.7941712204007119,0.13479052823316456,0,True,range,0,1.0,False,,False,1.125,0.03@5070.57:tp1;0.03@5062.33:tp1;0.03@5054.09:tp1;0.03@5073.96:trail,8524.139999999898,64.27514362661668,2026-02
M10#5001752,M10,5001752,IMB,buy,0.594,B,2026-02-13 03:50:00,2026-02-13 07:43:00,2026-02-13 11:28:00,225.0,4962.07,4962.07,4937.51,4974.35,5023.47,4962.07,4937.51,24.55999999999949,15.343571428571522,0.08,196.47999999999593,102.76000000000386,0.56,0.0,102.20000000000385,0.5230048859935158,0.5201547231270662,trail,True,1.1083061889251147,0.6828175895765421,0,True,range,0,1.0,False,,False,1.125,0.02@4974.35:tp1;0.02@4986.63:tp1;0.02@4969.34:trail;0.02@4969.34:trail,8626.339999999902,64.79529834974375,2026-02
H1#5000300,H1,5000300,IMB,sell,0.687,A,2026-02-12 23:00:00,2026-02-13 03:45:00,2026-02-13 21:06:00,1041.0,4982.54,4982.54,5040.32,4953.65,4838.09,5040.32,4982.54,57.779999999999745,39.076428571428615,0.01,57.779999999999745,-57.88000000000011,0.07,0.0,-57.95000000000011,-1.0017307026652884,-1.002942194530986,sl,False,0.831256490134994,1.0065766701280896,0,False,range,0,1.0,False,,False,0.5625,0.01@5040.42:sl,8568.389999999901,63.79235615521276,2026-02
M5#5003325,M5,5003325,UW,buy,0.634,B,2026-02-13 17:00:00,2026-02-13 17:53:00,2026-02-16 01:00:00,3307.0,4988.04,4988.04,4964.67,4999.73,5046.47,4988.04,4964.67,23.36999999999989,13.42071428571418,0.04,93.47999999999956,128.53999999999996,0.28,0.0,128.25999999999996,1.375053487376985,1.3720581942661592,tp2,True,2.7398373983739854,0.5857937526743544,0,False,range,0,1.0,False,,False,0.5625,0.01@4999.73:tp1;0.01@5011.41:tp1;0.01@5023.09:tp1;0.01@5046.47:tp2,8696.649999999901,65.16441434947892,2026-02
M10#5001794,M10,5001794,UW,buy,0.61,B,2026-02-13 23:30:00,2026-02-16 01:00:00,2026-02-16 01:00:00,0.0,5026.63,5028.02,5021.79,5031.14,5043.6,5028.02,5021.79,6.230000000000473,7.0121428571427975,0.16,99.68000000000757,159.36000000000058,1.12,0.0,158.24000000000058,1.5987158908506067,1.5874799357944278,tp2,True,4.083467094702676,0.052969502407688954,0,False,range,0,1.0,False,,False,0.5625,0.04@5031.14:tp1;0.04@5034.25:tp1;0.04@5037.37:tp1;0.04@5043.60:tp2,8854.889999999901,66.75189428527335,2026-02
M5#5003364,M5,5003364,IMB,sell,0.552,B,2026-02-16 09:55:00,2026-02-16 10:02:00,2026-02-16 10:32:00,30.0,5009.95,5009.95,5018.69,5005.58,4988.1,5018.69,5009.95,8.739999999999782,4.129285714285743,0.24,209.75999999999476,172.43999999999323,1.68,0.0,170.75999999999323,0.8220823798626885,0.8140732265446105,trail,True,1.602974828375351,0.40160183066365057,0,True,range,0,1.0,False,,False,1.125,0.06@5005.58:tp1;0.06@5001.21:tp1;0.06@4996.84:tp1;0.06@5007.43:trail,9025.649999999894,67.56596751181796,2026-02
M5#5003370,M5,5003370,UW,buy,0.602,B,2026-02-16 16:55:00,2026-02-16 17:02:00,2026-02-16 18:03:00,61.0,4977.06,4977.06,4965.61,4982.79,5005.69,4977.06,4965.61,11.450000000000728,4.803571428571429,0.18,206.10000000001313,21.51999999999316,1.2600000000000002,0.0,20.25999999999316,0.10441533236289079,0.09830179524498724,partial_be,True,0.5572052401745672,0.6855895196506432,0,True,range,0,1.0,False,,False,1.125,0.04@4982.79:tp1;0.04@4976.96:be;0.04@4976.96:be;0.06@4976.96:be,9045.909999999887,67.66426930706295,2026-02
M10#5001811,M10,5001811,UW,buy,0.585,B,2026-02-16 17:00:00,2026-02-16 17:02:00,2026-02-16 18:03:00,61.0,4977.06,4977.06,4965.61,4982.79,5005.69,4977.06,4965.61,11.450000000000728,5.6328571428571195,0.18,206.10000000001313,21.51999999999316,1.2600000000000002,0.0,20.25999999999316,0.10441533236289079,0.09830179524498724,partial_be,True,0.5572052401745672,0.6855895196506432,0,True,range,0,1.0,False,,False,1.125,0.04@4982.79:tp1;0.04@4976.96:be;0.04@4976.96:be;0.06@4976.96:be,9066.16999999988,67.76257110230794,2026-02
M10#5001911,M10,5001911,IMB,buy,0.676,A,2026-02-18 21:00:00,2026-02-18 21:27:00,2026-02-18 23:43:00,136.0,4978.61,4978.61,4963.39,4986.22,5016.66,4978.61,4963.39,15.219999999999345,6.488571428571374,0.14,213.07999999999086,21.73000000000775,0.9800000000000001,0.0,20.75000000000775,0.10198047681626,0.09738126525252787,partial_be,True,0.5873850197109655,0.3653088042049757,0,True,range,0,1.0,False,,False,1.125,0.03@4986.22:tp1;0.03@4978.51:be;0.03@4978.51:be;0.05@4978.51:be,9086.919999999887,67.85995236756047,2026-02
M10#5001951,M10,5001951,IMB,buy,0.58,B,2026-02-19 09:40:00,2026-02-19 09:44:00,2026-02-19 10:00:00,16.0,5014.22,5014.22,5008.69,5016.99,5028.05,5014.22,5008.69,5.530000000000655,5.097142857142769,0.19,105.07000000001244,-106.97000000000207,1.33,0.0,-108.30000000000207,-1.0180831826400438,-1.0307414104881436,sl,False,0.49186256781175824,1.1428571428571193,0,False,range,0,1.0,False,,False,0.5625,0.04@5008.59:sl;0.04@5008.59:sl;0.04@5008.59:sl;0.07@5008.59:sl,8978.619999999884,66.82921095707232,2026-02
M5#5003660,M5,5003660,UW,buy,0.559,B,2026-02-19 18:10:00,2026-02-19 18:27:00,2026-02-19 18:42:00,15.0,4992.99,4992.99,4987.09,4995.94,5007.74,4992.99,4987.09,5.899999999999636,7.705000000000057,0.18,106.19999999999347,159.3000000000029,1.2600000000000002,0.0,158.04000000000292,1.5000000000001197,1.488135593220458,tp2,True,2.6983050847459413,0.2542372881356089,0,False,range,0,1.0,False,,False,0.5625,0.04@4995.94:tp1;0.04@4998.89:tp1;0.04@5001.84:tp1;0.06@5007.74:tp2,9136.659999999887,68.31734655029278,2026-02
M5#5003744,M5,5003744,OB,buy,0.567,B,2026-02-20 16:15:00,2026-02-20 17:03:00,2026-02-20 17:03:00,0.0,5031.45,5031.45,5023.97,5035.19,5050.15,5031.45,5023.97,7.479999999999563,6.734285714285826,0.14,104.7199999999939,-106.11999999999897,0.9800000000000001,0.0,-107.09999999999897,-1.0133689839572684,-1.0227272727273224,sl,False,0.0,2.0494652406418212,0,False,range,0,1.0,False,,False,0.5625,0.03@5023.87:sl;0.03@5023.87:sl;0.03@5023.87:sl;0.05@5023.87:sl,9029.559999999889,67.29461927756546,2026-02
M10#5002074,M10,5002074,UW,buy,0.636,B,2026-02-23 23:30:00,2026-02-23 23:30:00,2026-02-23 23:39:00,9.0,5228.6,5228.6,5224.81,5230.5,5238.08,5228.6,5224.81,3.7899999999999636,5.581428571428465,0.43,162.96999999999846,80.81999999999516,3.0100000000000002,0.0,77.80999999999516,0.4959194943854447,0.47744983739336005,trail,True,1.1978891820580493,0.6068601583113995,0,False,range,1,1.5,False,,False,0.5625,0.1@5230.50:tp1;0.1@5232.39:tp1;0.1@5229.64:trail;0.13@5229.64:trail,9107.369999999884,67.77206911495882,2026-02
M10#5002066,M10,5002066,UW,buy,0.735,A,2026-02-23 19:00:00,2026-02-23 19:36:00,2026-02-24 01:04:00,328.0,5195.96,5195.96,5175.79,5206.05,5246.39,5195.96,5175.79,20.170000000000073,12.866428571428449,0.15,302.5500000000011,484.140000000003,1.05,-3.0,480.090000000003,1.6001983143282144,1.586812097174025,tp2,True,2.576598909271198,0.2345066931085997,0,True,range,1,1.5,False,,False,1.125,0.03@5206.05:tp1;0.03@5216.13:tp1;0.03@5226.22:tp1;0.06@5246.39:tp2,9587.459999999888,69.35888121213284,2026-02
M15#5001373,M15,5001373,UW,buy,0.679,A,2026-02-23 19:30:00,2026-02-23 19:36:00,2026-02-24 01:04:00,328.0,5195.96,5195.96,5175.79,5206.05,5246.39,5195.96,5175.79,20.170000000000073,15.121428571428623,0.1,201.70000000000073,322.76000000000204,0.7000000000000001,-2.0,320.06000000000205,1.6001983143282146,1.5868120971740252,tp2,True,2.576598909271198,0.2345066931085997,0,True,range,0,1.0,False,,False,1.125,0.02@5206.05:tp1;0.02@5216.13:tp1;0.02@5226.22:tp1;0.04@5246.39:tp2,9907.51999999989,70.94569330930686,2026-02
M30#5000663,M30,5000663,OB,buy,0.649,B,2026-02-23 19:00:00,2026-02-24 03:15:00,2026-02-24 03:16:00,1.0,5163.79,5163.79,5146.89,5172.24,5206.04,5163.79,5146.89,16.899999999999636,18.484999999999996,0.06,101.39999999999783,-102.0,0.42000000000000004,0.0,-102.42,-1.0059171597633352,-1.0100591715976548,sl,False,0.0,1.0982248520710531,0,False,range,0,1.0,False,,False,0.5625,0.01@5146.79:sl;0.01@5146.79:sl;0.01@5146.79:sl;0.03@5146.79:sl,9805.09999999989,69.9356341377092,2026-02
M5#5003895,M5,5003895,UW,buy,0.648,B,2026-02-24 09:00:00,2026-02-24 09:06:00,2026-02-24 09:10:00,4.0,5166.56,5166.56,5156.64,5171.52,5191.36,5166.56,5156.64,9.920000000000073,6.786428571428457,0.05,49.600000000000364,4.559999999998581,0.35000000000000003,0.0,4.2099999999985815,0.09193548387093846,0.0848790322580353,partial_be,True,0.660282258064438,0.135080645161304,0,False,range,-1,0.5,False,,False,0.5625,0.01@5171.52:tp1;0.01@5166.46:be;0.01@5166.46:be;0.02@5166.46:be,9809.309999999889,70.02051316996723,2026-02
M10#5002112,M10,5002112,IMB,buy,0.632,B,2026-02-24 20:50:00,2026-02-24 21:10:00,2026-02-24 21:17:00,7.0,5152.37,5152.37,5142.0,5157.56,5178.3,5152.37,5142.0,10.36999999999989,8.162142857142824,0.1,103.69999999999891,9.580000000005384,0.7000000000000001,0.0,8.880000000005385,0.09238187078115222,0.08563162970111358,partial_be,True,0.5072324011572106,0.25650916104145444,0,False,range,0,1.0,False,,False,0.5625,0.02@5157.56:tp1;0.02@5152.27:be;0.02@5152.27:be;0.04@5152.27:be,9818.189999999893,70.10614479966834,2026-02
M5#5003938,M5,5003938,UW,buy,0.583,B,2026-02-25 00:00:00,2026-02-25 01:01:00,2026-02-25 01:01:00,0.0,5136.08,5136.08,5130.85,5138.69,5149.15,5136.08,5130.85,5.229999999999563,5.312142857142915,0.21,109.82999999999085,-111.92999999999847,1.4700000000000002,0.0,-113.39999999999847,-1.0191204588910845,-1.0325047801147949,sl,False,0.0,2.9005736137669866,0,False,range,0,1.0,False,,False,0.5625,0.05@5130.75:sl;0.05@5130.75:sl;0.05@5130.75:sl;0.06@5130.75:sl,9704.789999999895,69.07364001955355,2026-02
M15#5001413,M15,5001413,IMB,buy,0.624,B,2026-02-25 04:15:00,2026-02-25 04:51:00,2026-02-25 06:10:00,79.0,5173.62,5173.62,5156.16,5182.35,5217.27,5173.62,5156.16,17.460000000000036,14.619285714285784,0.06,104.76000000000023,8.230000000003201,0.42000000000000004,0.0,7.8100000000032015,0.07856051928219915,0.07455135547922093,partial_be,True,0.9375715922107593,0.41695303550972107,0,False,range,0,1.0,False,,False,0.5625,0.01@5182.35:tp1;0.01@5173.52:be;0.01@5173.52:be;0.03@5173.52:be,9712.599999999899,69.14819137503277,2026-02
M5#5003879,M5,5003879,IMB,sell,0.59,B,2026-02-25 18:55:00,2026-02-25 19:09:00,2026-02-25 21:09:00,120.0,5213.81,5213.81,5221.03,5210.2,5195.76,5221.03,5213.81,7.219999999999345,6.259285714285787,0.07,50.53999999999541,93.8600000000024,0.48999999999999994,0.0,93.3700000000024,1.8571428571430733,1.8474475662843468,tp2,True,2.696675900277288,0.5581717451523699,0,False,range,-1,0.5,False,,False,0.5625,0.01@5210.20:tp1;0.01@5206.59:tp1;0.01@5202.98:tp1;0.04@5195.76:tp2,9805.969999999901,70.99563894131711,2026-02
M10#5002168,M10,5002168,OB,buy,0.646,B,2026-02-26 03:00:00,2026-02-26 03:28:00,2026-02-26 04:32:00,64.0,5179.32,5179.32,5162.29,5187.83,5221.89,5179.32,5162.29,17.029999999999745,11.335714285714207,0.06,102.17999999999849,8.010000000002947,0.42000000000000004,0.0,7.590000000002947,0.07839107457431069,0.0742806811509401,partial_be,True,0.9348209042865714,0.045801526717542985,0,False,range,0,1.0,False,,False,0.5625,0.01@5187.83:tp1;0.01@5179.22:be;0.01@5179.22:be;0.03@5179.22:be,9813.559999999905,71.06991962246805,2026-02
M15#5001474,M15,5001474,OB,buy,0.695,A,2026-02-26 18:30:00,2026-02-26 19:32:00,2026-02-27 02:36:00,424.0,5173.2,5173.2,5142.15,5188.73,5250.83,5173.2,5142.15,31.050000000000182,16.580714285714098,0.07,217.35000000000124,14.930000000003021,0.48999999999999994,-3.0,11.440000000003021,0.06869105129976046,0.05263400046010101,partial_be,True,0.8811594202898687,0.3925925925925774,0,True,range,0,1.0,False,,False,1.125,0.01@5188.73:tp1;0.01@5173.10:be;0.01@5173.10:be;0.04@5173.10:be,9824.999999999907,71.12255362292815,2026-02
M5#5004134,M5,5004134,OB,sell,0.585,B,2026-02-27 03:20:00,2026-02-27 03:21:00,2026-02-27 03:32:00,11.0,5179.96,5179.96,5192.22,5173.83,5149.31,5192.22,5179.96,12.260000000000218,6.399285714285725,0.09,110.340000000002,11.559999999997672,0.6300000000000001,0.0,10.929999999997671,0.10476708355988275,0.09905745876379803,partial_be,True,0.5163132137030844,0.041598694942920816,0,False,range,0,1.0,False,,False,0.5625,0.02@5173.83:tp1;0.02@5180.06:be;0.02@5180.06:be;0.03@5180.06:be,9835.929999999906,71.22161108169195,2026-02
M15#6001006,M15,6001006,IMB,buy,0.695,A,2026-03-02 02:45:00,2026-03-02 02:54:00,2026-03-02 16:18:00,804.0,5343.83,5343.83,5281.29,5375.1,5500.18,5343.83,5281.29,62.539999999999964,21.770714285714284,0.03,187.6199999999999,99.85999999999967,0.21,0.0,99.64999999999968,0.5322460292079721,0.5311267455495136,trail,True,1.2035497281739764,0.6493444195714694,0,True,range,0,1.0,False,,False,1.125,0.01@5406.37:tp1;0.02@5362.49:trail,9935.579999999905,71.75273782724146,2026-03
M10#6001487,M10,6001487,IMB,buy,0.716,A,2026-03-02 02:40:00,2026-03-02 02:55:00,2026-03-02 16:21:00,806.0,5341.66,5341.66,5281.29,5371.84,5492.58,5341.66,5281.29,60.36999999999989,21.08571428571434,0.03,181.10999999999967,96.39000000000033,0.21,0.0,96.18000000000033,0.5322179890674203,0.5310584727513694,trail,True,1.282756335928452,0.6367401027000111,0,True,range,0,1.0,False,,False,1.125,0.01@5402.03:tp1;0.02@5359.67:trail,10031.759999999906,72.28379629999283,2026-03
M30#6000509,M30,6000509,IMB,sell,0.571,B,2026-03-02 18:30:00,2026-03-03 02:17:00,2026-03-03 11:25:00,548.0,5355.7,5355.7,5389.29,5338.9,5271.72,5389.29,5355.7,33.590000000000146,31.660714285714157,0.01,33.590000000000146,83.97999999999956,0.07,0.0,83.90999999999957,2.5001488538255194,2.4980649002679134,tp2,False,3.2497767192616664,0.7317654063709383,0,False,range,-1,0.5,False,,False,0.5625,0.01@5271.72:tp2,10115.669999999905,74.78186120026075,2026-03
M5#6002827,M5,6002827,IMB,buy,0.579,B,2026-03-03 14:40:00,2026-03-03 15:04:00,2026-03-03 15:08:00,4.0,5177.63,5177.63,5154.62,5189.14,5235.16,5177.63,5154.62,23.01000000000022,23.00428571428568,0.04,92.04000000000087,-92.43999999999869,0.28,0.0,-92.71999999999869,-1.0043459365493026,-1.0073880921338312,sl,False,0.24858757062147763,1.072577140373753,0,False,range,0,1.0,False,,False,0.5625,0.01@5154.52:sl;0.01@5154.52:sl;0.01@5154.52:sl;0.01@5154.52:sl,10022.949999999906,73.77447310812691,2026-03
M5#6002834,M5,6002834,IMB,sell,0.567,B,2026-03-03 17:10:00,2026-03-03 17:48:00,2026-03-03 18:03:00,15.0,5076.92,5076.92,5102.99,5063.89,5011.75,5102.99,5076.92,26.06999999999971,29.210714285714207,0.02,52.13999999999942,-52.340000000000146,0.14,0.0,-52.480000000000146,-1.0038358266206509,-1.0065209052550965,sl,False,0.5420023014959477,1.0326045262754266,0,False,range,-1,0.5,False,,False,0.5625,0.01@5103.09:sl;0.01@5103.09:sl,9970.469999999907,72.76795220287181,2026-03
M5#6002915,M5,6002915,UW,buy,0.583,B,2026-03-04 15:30:00,2026-03-04 15:59:00,2026-03-04 16:12:00,13.0,5168.67,5168.67,5159.88,5173.94,5210.86,5168.67,5159.88,8.789999999999964,9.424999999999923,0.08,70.31999999999971,31.239999999997963,0.56,0.0,30.679999999997964,0.44425483503979085,0.4362912400454791,partial_be,True,1.3139931740614597,0.12855517633675925,0,False,trend,-1,0.5,False,,False,0.75,0.02@5173.94:tp1;0.02@5179.22:tp1;0.02@5168.57:be;0.02@5168.57:be,10001.149999999905,73.20424344291729,2026-03
M5#6002920,M5,6002920,OB,sell,0.553,B,2026-03-04 17:10:00,2026-03-04 17:35:00,2026-03-05 01:56:00,501.0,5163.43,5163.43,5179.41,5153.84,5086.73,5179.41,5163.43,15.979999999999563,15.523571428571424,0.09,143.8199999999961,133.94000000000324,0.6300000000000001,0.44999999999999996,133.76000000000323,0.9313030176610129,0.9300514532054434,partial_be,True,3.382978723404316,0.2209011264080001,0,False,trend,0,1.0,False,,False,0.75,0.02@5153.84:tp1;0.02@5144.25:tp1;0.02@5125.08:tp1;0.03@5163.53:be,10134.909999999909,74.13429489612273,2026-03
M5#6002976,M5,6002976,UW,buy,0.585,B,2026-03-05 13:50:00,2026-03-05 15:01:00,2026-03-05 15:04:00,3.0,5153.68,5153.68,5147.84,5157.18,5181.71,5153.68,5147.84,5.8400000000001455,4.375000000000065,0.25,146.00000000000364,19.099999999993088,1.75,0.0,17.349999999993088,0.13082191780816857,0.11883561643830585,partial_be,True,0.8527397260273013,0.29280821917808114,0,False,trend,0,1.0,False,,False,0.75,0.06@5157.18:tp1;0.06@5153.58:be;0.06@5153.58:be;0.07@5153.58:be,10152.259999999902,74.25313051256103,2026-03
M10#6001688,M10,6001688,IMB,buy,0.61,B,2026-03-06 04:30:00,2026-03-06 07:38:00,2026-03-06 08:02:00,24.0,5121.08,5121.08,5109.69,5127.91,5175.75,5121.08,5109.69,11.390000000000327,12.96142857142851,0.13,148.07000000000426,-149.36999999999716,0.91,0.0,-150.27999999999716,-1.0087796312554391,-1.01492537313428,sl,False,0.2537313432836035,1.0474100087796268,0,False,trend,0,1.0,False,,False,0.75,0.03@5109.59:sl;0.03@5109.59:sl;0.03@5109.59:sl;0.04@5109.59:sl,10001.979999999905,73.23820513942675,2026-03
M5#6003030,M5,6003030,IMB,buy,0.598,B,2026-03-06 08:10:00,2026-03-06 09:08:00,2026-03-06 09:33:00,25.0,5108.44,5108.44,5099.47,5113.82,5151.5,5108.44,5099.47,8.969999999999345,6.466428571428748,0.16,143.51999999998952,63.760000000005675,1.12,0.0,62.64000000000568,0.4442586399108858,0.4364548494983992,partial_be,True,1.2396878483836802,0.31438127090300055,0,False,trend,0,1.0,False,,False,0.75,0.04@5113.82:tp1;0.04@5119.20:tp1;0.04@5108.34:be;0.04@5108.34:be,10064.61999999991,73.67465998892516,2026-03
M10#6001687,M10,6001687,IMB,buy,0.598,B,2026-03-06 08:20:00,2026-03-06 09:08:00,2026-03-06 10:22:00,74.0,5108.44,5108.44,5089.0,5120.1,5201.75,5108.44,5089.0,19.4399999999996,7.09500000000019,0.23,447.1199999999908,56.50000000001365,1.6099999999999999,0.0,54.89000000001365,0.12636428699233945,0.12276346394707188,partial_be,True,0.7577160493827559,0.14506172839504974,0,True,trend,1,1.5,False,,False,1.5,0.05@5120.10:tp1;0.05@5108.34:be;0.05@5108.34:be;0.08@5108.34:be,10119.509999999924,73.79742345287222,2026-03
M10#6001727,M10,6001727,IMB,buy,0.682,A,2026-03-06 18:10:00,2026-03-06 18:40:00,2026-03-09 00:07:00,3207.0,5128.07,5128.07,5099.87,5144.99,5263.43,5128.07,5099.87,28.199999999999818,22.02214285714282,0.1,281.9999999999982,236.4800000000032,0.7000000000000001,-2.0,233.7800000000032,0.8385815602837047,0.8290070921985982,partial_be,True,2.4574468085106607,0.22624113475177837,0,True,trend,0,1.0,False,,False,1.5,0.02@5144.99:tp1;0.02@5161.91:tp1;0.02@5195.75:tp1;0.04@5127.97:be,10353.289999999926,74.62643054507082,2026-03
M5#6003213,M5,6003213,UW,buy,0.573,B,2026-03-10 05:45:00,2026-03-10 05:47:00,2026-03-10 10:00:00,253.0,5158.26,5158.26,5153.37,5161.19,5181.73,5158.26,5153.37,4.890000000000327,6.377142857142774,0.31,151.59000000001015,378.4799999999869,2.17,0.0,376.30999999998687,2.4967346131008745,2.4824196846755173,tp2,True,5.556237218813549,0.7607361963190196,0,False,trend,0,1.0,False,,False,0.75,0.07@5161.19:tp1;0.07@5164.13:tp1;0.07@5170.00:tp1;0.1@5181.73:tp2,10729.599999999913,77.10885022974634,2026-03
M5#6003303,M5,6003303,IMB,buy,0.614,B,2026-03-11 03:35:00,2026-03-11 04:02:00,2026-03-11 04:31:00,29.0,5202.07,5202.07,5192.81,5206.7,5225.22,5202.07,5192.81,9.259999999999309,6.5471428571428465,0.12,111.1199999999917,12.990000000005239,0.84,0.0,12.150000000005239,0.11690064794822001,0.10934125269983933,partial_be,True,0.5118790496761387,0.8455723542117183,0,False,range,0,1.0,False,,False,0.5625,0.03@5206.70:tp1;0.03@5201.97:be;0.03@5201.97:be;0.03@5201.97:be,10741.749999999918,77.21819148244617,2026-03
M10#6001869,M10,6001869,HB,buy,0.526,C,2026-03-11 19:30:00,2026-03-11 19:36:00,2026-03-12 00:34:00,298.0,5161.74,5161.74,5150.2,5167.51,5190.59,5161.74,5150.2,11.539999999999964,7.912142857142824,0.2,230.79999999999927,189.9000000000069,1.4000000000000001,-2.5,186.0000000000069,0.8227902946274156,0.8058925476603445,trail,True,1.8795493934142615,0.5745233968804272,0,True,range,0,1.0,False,,False,1.125,0.05@5167.51:tp1;0.05@5173.28:tp1;0.05@5179.05:tp1;0.05@5165.10:trail,10927.749999999925,78.02408403010652,2026-03
M5#6003347,M5,6003347,UW,buy,0.658,A,2026-03-11 18:15:00,2026-03-11 19:36:00,2026-03-12 00:35:00,299.0,5159.97,5159.97,5149.67,5165.12,5185.72,5159.97,5149.67,10.300000000000182,6.794285714285771,0.22,226.60000000000403,175.42999999999665,1.5400000000000003,-3.5000000000000004,170.38999999999666,0.7741835834068559,0.7519417475727874,trail,True,2.2776699029125846,0.47184466019422294,0,True,range,0,1.0,False,,False,1.125,0.05@5165.12:tp1;0.05@5170.27:tp1;0.05@5175.42:tp1;0.07@5162.96:trail,11098.139999999921,78.77602577767931,2026-03
M5#6003457,M5,6003457,OB,buy,0.576,B,2026-03-13 04:15:00,2026-03-13 04:18:00,2026-03-13 04:51:00,33.0,5121.11,5121.11,5111.99,5125.67,5143.91,5121.11,5111.99,9.11999999999989,5.7028571428571535,0.13,118.55999999999858,-119.85999999999149,0.91,0.0,-120.76999999999148,-1.0109649122806421,-1.0186403508771333,sl,False,0.2247807017544086,1.0010964912280942,0,False,range,0,1.0,False,,False,0.5625,0.03@5111.89:sl;0.03@5111.89:sl;0.03@5111.89:sl;0.04@5111.89:sl,10977.36999999993,77.75738542680217,2026-03
M30#6000567,M30,6000567,UW,buy,0.575,B,2026-03-13 00:30:00,2026-03-13 16:55:00,2026-03-13 17:42:00,47.0,5049.39,5049.39,5014.72,5066.73,5136.07,5049.39,5014.72,34.67000000000007,18.43000000000003,0.06,208.02000000000046,16.839999999997417,0.42000000000000004,0.0,16.419999999997415,0.08095375444667523,0.07893471781558205,partial_be,True,0.6351312373810061,0.3790020190366397,0,True,range,0,1.0,False,,False,1.125,0.01@5066.73:tp1;0.01@5049.29:be;0.01@5049.29:be;0.03@5049.29:be,10993.789999999928,77.83632014461776,2026-03
M15#6001137,M15,6001137,UW,buy,0.621,B,2026-03-13 07:45:00,2026-03-13 16:55:00,2026-03-13 17:42:00,47.0,5049.39,5049.39,5014.72,5066.73,5136.07,5049.39,5014.72,34.67000000000007,6.924999999999922,0.06,208.02000000000046,16.839999999997417,0.42000000000000004,0.0,16.419999999997415,0.08095375444667523,0.07893471781558205,partial_be,True,0.6351312373810061,0.3790020190366397,0,True,range,0,1.0,False,,False,1.125,0.01@5066.73:tp1;0.01@5049.29:be;0.01@5049.29:be;0.03@5049.29:be,11010.209999999926,77.91525486243334,2026-03
M5#6003563,M5,6003563,OB,buy,0.599,B,2026-03-16 08:10:00,2026-03-16 08:48:00,2026-03-16 09:15:00,27.0,5012.57,5012.57,5004.26,5016.72,5033.34,5012.57,5004.26,8.30999999999949,4.990714285714408,0.07,58.16999999999643,-58.86999999999898,0.48999999999999994,0.0,-59.35999999999898,-1.0120336943442083,-1.0204572803851235,sl,False,0.49699157641400266,1.3874849578821242,0,False,range,-1,0.5,False,,False,0.5625,0.01@5004.16:sl;0.01@5004.16:sl;0.01@5004.16:sl;0.04@5004.16:sl,10950.849999999928,76.89479758204823,2026-03
M5#6003518,M5,6003518,OB,sell,0.558,B,2026-03-17 06:55:00,2026-03-17 07:16:00,2026-03-17 07:47:00,31.0,5042.01,5042.01,5047.4,5039.32,5028.54,5047.4,5042.01,5.389999999999418,3.6357142857143896,0.1,53.89999999999418,86.20000000000255,0.7000000000000001,0.0,85.50000000000254,1.5992578849723906,1.5862708719853762,tp2,True,2.64192949907277,0.5269016697587278,0,False,range,-1,0.5,False,,False,0.5625,0.02@5039.32:tp1;0.02@5036.62:tp1;0.02@5033.93:tp1;0.04@5028.54:tp2,11036.34999999993,78.4810684540336,2026-03
M5#6003743,M5,6003743,UW,buy,0.66,A,2026-03-18 11:05:00,2026-03-18 11:16:00,2026-03-18 12:05:00,49.0,4985.44,4985.44,4977.3,4989.51,5005.79,4985.44,4977.3,8.139999999999418,5.411428571428717,0.14,113.95999999999187,55.350000000004,0.9800000000000001,0.0,54.370000000004005,0.4856967356968055,0.4770972270972963,trail,True,1.2751842751843798,0.11179361179360191,0,False,range,0,1.0,False,,False,0.5625,0.03@4989.51:tp1;0.03@4993.58:tp1;0.03@4987.78:trail;0.05@4987.78:trail,11090.719999999934,78.95816568113091,2026-03
M10#6002158,M10,6002158,OB,sell,0.618,B,2026-03-20 01:50:00,2026-03-20 02:07:00,2026-03-20 02:40:00,33.0,4653.9,4653.9,4671.31,4643.45,4570.33,4671.31,4653.9,17.410000000000764,10.972142857142899,0.09,156.6900000000069,20.19999999999709,0.6300000000000001,0.0,19.56999999999709,0.1289169698129823,0.12489629204158675,partial_be,True,0.6519241815048223,0.6507754164273079,0,False,trend,0,1.0,False,,False,0.75,0.02@4643.45:tp1;0.02@4654.00:be;0.02@4654.00:be;0.03@4654.00:be,11110.289999999932,79.08306197317249,2026-03
M5#6003925,M5,6003925,IMB,buy,0.587,B,2026-03-20 06:55:00,2026-03-20 07:02:00,2026-03-20 07:30:00,28.0,4714.49,4714.49,4707.37,4718.76,4748.67,4714.49,4707.37,7.119999999999891,4.860714285714233,0.44,313.2799999999952,138.7100000000164,3.08,0.0,135.6300000000164,0.4427668539326434,0.43293539325848596,partial_be,True,1.2977528089887533,0.5772471910111988,0,True,trend,0,1.0,False,,False,1.5,0.11@4718.76:tp1;0.11@4723.03:tp1;0.11@4714.39:be;0.11@4714.39:be,11245.919999999947,79.51599736643098,2026-03
M10#6002171,M10,6002171,IMB,buy,0.547,C,2026-03-20 07:00:00,2026-03-20 07:02:00,2026-03-20 07:30:00,28.0,4714.49,4714.49,4704.01,4720.78,4764.79,4714.49,4704.01,10.479999999999563,10.727857142857115,0.3,314.39999999998696,41.730000000012296,2.1000000000000005,0.0,39.630000000012295,0.1327290076336324,0.12604961832065503,partial_be,True,0.881679389312993,0.39217557251906904,0,True,trend,0,1.0,False,,False,1.5,0.07@4720.78:tp1;0.07@4714.39:be;0.07@4714.39:be;0.09@4714.39:be,11285.54999999996,79.64204698475163,2026-03
M10#6002209,M10,6002209,UW,sell,0.541,C,2026-03-23 11:10:00,2026-03-23 11:16:00,2026-03-23 13:00:00,104.0,4285.81,4285.81,4310.14,4271.21,4169.03,4310.14,4285.81,24.329999999999927,44.15714285714258,0.13,316.28999999999905,306.17000000000644,0.91,0.0,305.2600000000064,0.96800404691899,0.9651269404660512,partial_be,True,2.5491163173037656,0.9449239621865948,0,True,trend,0,1.0,False,,False,1.5,0.03@4271.21:tp1;0.03@4256.61:tp1;0.03@4227.42:tp1;0.04@4285.91:be,11590.809999999965,80.60717392521768,2026-03
M5#6004099,M5,6004099,OB,buy,0.648,B,2026-03-24 05:55:00,2026-03-24 06:19:00,2026-03-24 06:57:00,38.0,4333.03,4333.03,4312.67,4345.25,4430.76,4333.03,4312.67,20.359999999999673,11.694285714285732,0.07,142.51999999999768,11.620000000003529,0.48999999999999994,0.0,11.130000000003529,0.08153241650297305,0.07809430255405353,partial_be,True,0.8064833005894075,0.3094302554027644,0,False,trend,0,1.0,False,,False,0.75,0.01@4345.25:tp1;0.01@4332.93:be;0.01@4332.93:be;0.04@4332.93:be,11601.939999999968,80.68526822777173,2026-03
M10#6002258,M10,6002258,OB,buy,0.59,B,2026-03-24 19:30:00,2026-03-24 19:45:00,2026-03-24 22:24:00,159.0,4372.76,4372.76,4355.46,4383.14,4455.8,4372.76,4355.46,17.300000000000182,15.665000000000159,0.09,155.70000000000167,394.4399999999996,0.6300000000000001,0.0,393.8099999999996,2.5333333333333035,2.5292870905587375,tp2,True,5.435260115606865,0.02601156069363083,0,False,trend,0,1.0,False,,False,0.75,0.02@4383.14:tp1;0.02@4393.52:tp1;0.02@4414.28:tp1;0.03@4455.80:tp2,11995.749999999967,83.21455531833047,2026-03
M15#6001500,M15,6001500,OB,buy,0.604,B,2026-03-24 19:30:00,2026-03-24 19:35:00,2026-03-25 01:16:00,341.0,4379.35,4379.35,4356.66,4392.96,4488.26,4379.35,4356.66,22.69000000000051,20.202857142857347,0.14,317.6600000000072,830.4499999999971,0.9800000000000001,-7.5,821.9699999999971,2.6142731222060642,2.5875779134923453,tp2,True,5.304539444689157,0.3102688408990659,0,True,trend,0,1.0,False,,False,1.5,0.03@4392.96:tp1;0.03@4406.58:tp1;0.03@4433.81:tp1;0.05@4488.26:tp2,12817.719999999965,85.80213323182281,2026-03
M5#6004177,M5,6004177,UW,buy,0.558,B,2026-03-25 03:00:00,2026-03-25 03:03:00,2026-03-25 03:36:00,33.0,4553.53,4553.53,4546.44,4557.78,4587.56,4553.53,4546.44,7.0900000000001455,10.452142857142851,0.24,170.1600000000035,382.86000000000786,1.68,0.0,381.18000000000785,2.25,2.240126939351199,tp2,True,4.895627644569721,0.14245416078974443,0,False,trend,0,1.0,False,,False,0.75,0.06@4557.78:tp1;0.06@4562.04:tp1;0.06@4570.55:tp1;0.06@4587.56:tp2,13198.899999999972,88.04226017117401,2026-03
M10#6002285,M10,6002285,UW,buy,0.591,B,2026-03-25 06:20:00,2026-03-25 07:21:00,2026-03-25 07:32:00,11.0,4563.4,4563.4,4552.52,4569.93,4615.62,4563.4,4552.52,10.8799999999992,9.647142857142885,0.31,337.2799999999752,-340.3799999999865,2.17,0.0,-342.54999999998654,-1.0091911764706225,-1.0156250000000349,sl,False,0.0367647058824058,1.289522058823601,0,True,trend,0,1.0,False,,False,1.5,0.07@4552.42:sl;0.07@4552.42:sl;0.07@4552.42:sl;0.1@4552.42:sl,12856.349999999986,87.02663517117398,2026-03
M10#6002283,M10,6002283,IMB,buy,0.555,B,2026-03-25 08:30:00,2026-03-25 11:48:00,2026-03-25 14:31:00,163.0,4531.86,4531.86,4510.25,4544.83,4635.59,4531.86,4510.25,21.609999999999673,8.995000000000086,0.23,497.02999999999247,453.00000000001,1.6099999999999999,0.0,451.39000000001,0.9114137979599156,0.9081745568678286,partial_be,True,2.4835724201758853,0.4720037019898183,0,True,trend,1,1.5,False,,False,1.5,0.05@4544.83:tp1;0.05@4557.79:tp1;0.05@4583.72:tp1;0.08@4531.76:be,13307.739999999996,87.93480972804181,2026-03
M15#6001530,M15,6001530,UW,buy,0.62,B,2026-03-25 13:00:00,2026-03-25 14:28:00,2026-03-25 14:31:00,3.0,4550.78,4550.78,4527.97,4564.47,4660.27,4550.78,4527.97,22.80999999999949,13.53571428571448,0.07,159.6699999999964,-160.36999999999898,0.48999999999999994,0.0,-160.859999999999,-1.0043840420868202,-1.0074528715475832,sl,False,0.0,1.2766330556773582,0,False,trend,0,1.0,False,,False,0.75,0.01@4527.87:sl;0.01@4527.87:sl;0.01@4527.87:sl;0.04@4527.87:sl,13146.879999999997,86.92735685649423,2026-03
M30#6000749,M30,6000749,IMB,buy,0.599,B,2026-03-25 13:30:00,2026-03-26 07:58:00,2026-03-26 16:55:00,537.0,4447.68,4447.68,4407.16,4471.99,4642.18,4447.68,4407.16,40.52000000000044,19.003571428571572,0.08,324.1600000000035,48.0199999999968,0.56,0.0,47.459999999996796,0.14813672260610897,0.14640918065151864,partial_be,True,0.7778874629812238,0.8531589338598283,0,True,trend,0,1.0,False,,False,1.5,0.02@4471.99:tp1;0.02@4447.58:be;0.02@4447.58:be;0.02@4447.58:be,13194.339999999995,87.07376603714575,2026-03
M10#6002398,M10,6002398,IMB,buy,0.699,A,2026-03-27 19:00:00,2026-03-27 19:17:00,2026-03-27 21:42:00,145.0,4501.7,4501.7,4475.87,4517.2,4625.68,4501.7,4475.87,25.829999999999927,17.7899999999999,0.13,335.78999999999905,45.50000000000546,0.91,0.0,44.59000000000546,0.13550135501356678,0.13279132791329576,partial_be,True,1.051877661633765,0.585365853658534,0,True,trend,0,1.0,False,,False,1.5,0.03@4517.20:tp1;0.03@4501.60:be;0.03@4501.60:be;0.04@4501.60:be,13238.93,87.20655736505904,2026-03
M15#6001601,M15,6001601,IMB,buy,0.699,A,2026-03-27 19:00:00,2026-03-27 19:17:00,2026-03-27 21:42:00,145.0,4501.7,4501.7,4464.13,4524.24,4682.04,4501.7,4464.13,37.56999999999971,22.769285714285747,0.13,488.4099999999962,66.62000000000535,0.91,0.0,65.71000000000535,0.13640179357508214,0.13453860486068234,partial_be,True,0.7231833910034677,0.4024487623103542,0,True,trend,1,1.5,False,,False,1.5,0.03@4524.24:tp1;0.03@4501.60:be;0.03@4501.60:be;0.04@4501.60:be,13304.640000000005,87.34109596991972,2026-03
M5#6004397,M5,6004397,IMB,sell,0.644,B,2026-03-30 02:55:00,2026-03-30 03:21:00,2026-03-30 04:10:00,49.0,4460.43,4460.43,4472.46,4453.21,4402.69,4472.46,4460.43,12.029999999999745,11.146428571428585,0.14,168.41999999999646,151.09000000000466,0.9800000000000001,0.0,150.11000000000467,0.8971024818905583,0.8912836955231435,partial_be,True,2.4505403158769896,0.5502909393183734,0,False,trend,0,1.0,False,,False,0.75,0.03@4453.21:tp1;0.03@4445.99:tp1;0.03@4431.56:tp1;0.05@4460.53:be,13454.75000000001,88.23237966544286,2026-03
M15#6001647,M15,6001647,IMB,buy,0.639,B,2026-03-31 05:45:00,2026-03-31 05:46:00,2026-03-31 06:47:00,61.0,4577.64,4577.64,4550.44,4591.24,4645.64,4577.64,4550.44,27.200000000000728,21.800714285714157,0.09,244.8000000000066,-245.70000000000167,0.6300000000000001,0.0,-246.33000000000166,-1.003676470588215,-1.0062499999999797,sl,False,0.12279411764702745,1.0022058823529223,0,True,range,0,1.0,False,,False,1.125,0.02@4550.34:sl;0.02@4550.34:sl;0.02@4550.34:sl;0.03@4550.34:sl,13208.420000000007,87.22612966544288,2026-03
M5#6004517,M5,6004517,IMB,buy,0.652,A,2026-03-31 06:05:00,2026-03-31 06:18:00,2026-03-31 09:00:00,162.0,4565.19,4565.19,4545.59,4574.99,4614.19,4565.19,4545.59,19.599999999999454,10.425000000000052,0.13,254.7999999999929,28.400000000006,0.91,0.0,27.490000000006,0.1114599686028524,0.10788854003142372,partial_be,True,0.8433673469388324,0.8627551020408329,0,True,range,0,1.0,False,,False,1.125,0.03@4574.99:tp1;0.03@4565.09:be;0.03@4565.09:be;0.04@4565.09:be,13235.910000000013,87.33401820547431,2026-03
M5#6004513,M5,6004513,OB,buy,0.559,B,2026-03-31 08:20:00,2026-03-31 10:19:00,2026-03-31 11:05:00,46.0,4547.68,4547.68,4539.35,4551.85,4568.51,4547.68,4539.35,8.329999999999927,6.537142857143018,0.15,124.94999999999891,199.97999999999956,1.05,0.0,198.92999999999955,1.6004801920768412,1.5920768307323032,tp2,True,2.7226890756302016,0.5018007202881546,0,False,range,0,1.0,False,,False,0.5625,0.03@4551.85:tp1;0.03@4556.01:tp1;0.03@4560.18:tp1;0.06@4568.51:tp2,13434.840000000013,88.92609503620662,2026-03
M5#7002610,M5,7002610,UW,sell,0.625,B,2026-04-01 07:40:00,2026-04-01 09:27:00,2026-04-01 09:45:00,18.0,4710.95,4710.95,4724.1,4703.06,4647.83,4724.1,4710.95,13.150000000000546,4.830714285714488,0.13,170.9500000000071,22.669999999994616,0.91,0.0,21.759999999994616,0.13261187481716102,0.1272886809008114,partial_be,True,0.6380228136882113,0.5520912547528454,0,False,trend,0,1.0,False,,False,0.75,0.03@4703.06:tp1;0.03@4711.05:be;0.03@4711.05:be;0.04@4711.05:be,13456.600000000008,89.05338371710744,2026-04
H1#6000341,H1,6000341,IMB,sell,0.588,B,2026-04-01 16:00:00,2026-04-01 18:44:00,2026-04-02 02:06:00,442.0,4784.19,4784.19,4826.81,4758.62,4579.61,4826.81,4784.19,42.6200000000008,28.690000000000055,0.04,170.4800000000032,25.269999999998618,0.28,0.44999999999999996,25.439999999998616,0.1482285312059957,0.14922571562645554,partial_be,True,0.9807602064757974,0.2163303613327309,0,True,trend,-1,0.5,False,,False,1.5,0.01@4758.62:tp1;0.01@4784.29:be;0.01@4784.29:be;0.01@4784.29:be,13482.040000000006,89.2026094327339,2026-04
M5#7002679,M5,7002679,IMB,buy,0.569,B,2026-04-02 02:45:00,2026-04-02 02:45:00,2026-04-02 02:51:00,6.0,4787.46,4787.46,4778.88,4791.75,4808.91,4787.46,4778.88,8.579999999999927,6.609999999999867,0.15,128.6999999999989,-130.20000000000437,1.05,0.0,-131.25000000000438,-1.0116550116550542,-1.0198135198135625,sl,False,0.0,1.0734265734265869,0,False,range,0,1.0,False,,False,0.5625,0.03@4778.78:sl;0.03@4778.78:sl;0.03@4778.78:sl;0.06@4778.78:sl,13350.790000000003,88.18279591292033,2026-04
M15#6001714,M15,6001714,OB,buy,0.707,A,2026-04-02 19:45:00,2026-04-06 01:10:00,2026-04-06 01:47:00,37.0,4625.76,4625.76,4587.67,4644.81,4720.99,4625.76,4587.67,38.090000000000146,23.610000000000127,0.1,380.90000000000146,37.29999999999745,0.7000000000000001,0.0,36.59999999999745,0.09792596482015571,0.0960882121291607,partial_be,True,0.6529272775006509,0.4494618009976326,0,True,range,1,1.5,False,,False,1.125,0.02@4644.81:tp1;0.02@4625.66:be;0.02@4625.66:be;0.04@4625.66:be,13387.39,88.27888412504949,2026-04
M10#6002571,M10,6002571,UW,sell,0.546,C,2026-04-06 01:40:00,2026-04-06 01:46:00,2026-04-06 01:48:00,2.0,4647.87,4647.87,4665.47,4637.31,4563.39,4665.47,4647.87,17.600000000000364,12.06214285714272,0.2,352.0000000000073,157.39999999999327,1.4000000000000001,0.0,155.99999999999326,0.44715909090906253,0.44318181818178987,partial_be,True,2.2102272727272063,0.17556818181818645,0,True,trend,0,1.0,False,,False,1.5,0.05@4637.31:tp1;0.05@4626.75:tp1;0.05@4647.97:be;0.05@4647.97:be,13543.389999999992,88.72206594323127,2026-04
M5#7002794,M5,7002794,UW,buy,0.557,B,2026-04-06 09:35:00,2026-04-06 09:38:00,2026-04-06 10:12:00,34.0,4652.59,4652.59,4643.32,4658.15,4697.09,4652.59,4643.32,9.270000000000437,6.522142857143081,0.09,83.43000000000394,32.859999999996944,0.6300000000000001,0.0,32.22999999999694,0.3938631187821574,0.38631187822120844,partial_be,True,1.5954692556633514,0.331175836030158,0,False,trend,-1,0.5,False,,False,0.75,0.02@4658.15:tp1;0.02@4663.71:tp1;0.02@4652.49:be;0.03@4652.49:be,13575.61999999999,89.10837782145248,2026-04
H1#6000425,H1,6000425,IMB,sell,0.608,B,2026-04-02 19:00:00,2026-04-06 12:30:00,2026-04-07 11:21:00,1371.0,4703.98,4703.98,4775.35,4668.29,4525.55,4775.35,4703.98,71.3700000000008,44.54857142857145,0.03,214.1100000000024,113.98999999999887,0.21,0.44999999999999996,114.22999999999888,0.5323898930456196,0.5335108121993256,trail,True,1.2237634860585436,0.04441642146560232,0,True,range,0,1.0,False,,False,1.125,0.01@4632.61:tp1;0.02@4682.67:trail,13689.84999999999,89.6418886336518,2026-04
M10#6002530,M10,6002530,IMB,sell,0.578,B,2026-04-08 01:20:00,2026-04-08 01:36:00,2026-04-08 01:54:00,18.0,4764.85,4764.85,4783.99,4755.28,4717.0,4783.99,4764.85,19.139999999999418,17.424999999999986,0.13,248.81999999999243,-250.11999999999713,0.91,0.0,-251.02999999999713,-1.0052246603970934,-1.0088819226750452,sl,False,0.31713688610239776,1.9331243469175092,0,True,range,0,1.0,False,,False,1.125,0.03@4784.09:sl;0.03@4784.09:sl;0.03@4784.09:sl;0.04@4784.09:sl,13438.819999999992,88.63300671097676,2026-04
M30#6000834,M30,6000834,IMB,sell,0.634,B,2026-04-06 13:30:00,2026-04-07 22:45:00,2026-04-08 01:54:00,189.0,4711.8,4711.8,4783.89,4668.55,4365.77,4783.89,4711.8,72.09000000000015,16.664285714285793,0.04,288.3600000000006,-288.7599999999984,0.28,1.7999999999999998,-287.23999999999836,-1.0013871549451998,-0.9961159661534117,sl,False,0.22971285892634716,1.2491330281592454,0,True,trend,0,1.0,False,,False,1.5,0.01@4783.99:sl;0.01@4783.99:sl;0.01@4783.99:sl;0.01@4783.99:sl,13151.579999999994,87.63689074482335,2026-04
M15#6001791,M15,6001791,IMB,buy,0.639,B,2026-04-08 03:00:00,2026-04-08 04:20:00,2026-04-08 05:44:00,84.0,4800.7,4800.7,4779.87,4811.11,4852.77,4800.7,4779.87,20.829999999999927,25.272142857143017,0.12,249.95999999999913,130.62000000000262,0.84,0.0,129.78000000000262,0.5225636101776407,0.5192030724916109,trail,True,1.17810849735958,0.5885741718675114,0,True,range,0,1.0,False,,False,1.125,0.03@4811.11:tp1;0.03@4821.53:tp1;0.03@4806.85:trail;0.03@4806.85:trail,13281.359999999997,88.15609381731495,2026-04
M5#7002966,M5,7002966,IMB,buy,0.653,A,2026-04-08 11:30:00,2026-04-08 17:33:00,2026-04-08 17:46:00,13.0,4752.03,4752.06,4736.44,4759.87,4791.11,4752.06,4736.44,15.6200000000008,7.367857142857182,0.16,249.9200000000128,130.68000000000393,1.12,0.0,129.56000000000392,0.5228873239436509,0.5184058898847522,trail,True,1.1453265044813963,0.0576184379001018,0,True,range,0,1.0,False,,False,1.125,0.04@4759.87:tp1;0.04@4767.68:tp1;0.04@4756.62:trail;0.04@4756.62:trail,13410.92,88.6744997071997,2026-04
M15#6001790,M15,6001790,IMB,buy,0.712,A,2026-04-08 15:45:00,2026-04-08 17:31:00,2026-04-08 17:56:00,25.0,4761.23,4761.23,4736.44,4773.62,4823.2,4761.23,4736.44,24.789999999999964,15.120714285714323,0.1,247.89999999999964,-248.89999999999418,0.7000000000000001,0.0,-249.59999999999417,-1.0040338846308776,-1.0068576038725072,sl,False,0.3505445744251925,1.1585316659943279,0,True,range,0,1.0,False,,False,1.125,0.02@4736.34:sl;0.02@4736.34:sl;0.02@4736.34:sl;0.04@4736.34:sl,13161.320000000005,87.6676421033272,2026-04
M5#7003052,M5,7003052,OB,sell,0.574,B,2026-04-09 12:35:00,2026-04-09 13:24:00,2026-04-09 13:47:00,23.0,4734.2,4734.2,4743.3,4729.65,4711.45,4743.3,4734.2,9.100000000000364,4.976428571428706,0.14,127.40000000000511,-128.79999999999745,0.9800000000000001,0.0,-129.77999999999744,-1.0109890109889506,-1.0186813186812578,sl,False,0.0,1.018681318681326,0,False,range,0,1.0,False,,False,0.5625,0.03@4743.40:sl;0.03@4743.40:sl;0.03@4743.40:sl;0.05@4743.40:sl,13031.540000000008,86.64896078464594,2026-04
M5#7003198,M5,7003198,OB,sell,0.562,B,2026-04-10 08:00:00,2026-04-10 08:36:00,2026-04-10 08:45:00,9.0,4765.73,4765.73,4770.35,4763.42,4754.18,4770.35,4765.73,4.6200000000008,3.122857142857226,0.14,64.68000000001122,5.82999999999447,0.9800000000000001,0.0,4.84999999999447,0.09013605442166758,0.07498453927015505,partial_be,True,0.9242424242421617,0.6038961038959914,0,False,range,-1,0.5,False,,False,0.5625,0.03@4763.42:tp1;0.03@4765.83:be;0.03@4765.83:be;0.05@4765.83:be,13036.390000000003,86.7239453239161,2026-04
M5#7003228,M5,7003228,OB,buy,0.57,B,2026-04-10 18:45:00,2026-04-10 19:06:00,2026-04-10 20:17:00,71.0,4751.78,4751.78,4745.92,4754.71,4766.43,4751.78,4745.92,5.859999999999673,8.785714285714286,0.22,128.91999999999283,190.450000000008,1.5400000000000003,0.0,188.910000000008,1.4772727272728716,1.4653273347814033,tp2,True,2.616040955631533,0.7576791808873461,0,False,range,0,1.0,False,,False,0.5625,0.05@4754.71:tp1;0.05@4757.64:tp1;0.05@4760.57:tp1;0.07@4766.43:tp2,13225.30000000001,88.1892726586975,2026-04
M10#6002837,M10,6002837,OB,sell,0.6,B,2026-04-13 18:00:00,2026-04-13 19:18:00,2026-04-13 19:40:00,22.0,4727.49,4727.49,4738.47,4722.0,4700.04,4738.47,4727.49,10.980000000000473,11.273571428571618,0.05,54.900000000002365,-55.399999999999636,0.35000000000000003,0.0,-55.74999999999964,-1.0091074681238115,-1.0154826958105143,sl,False,0.46630236794168217,1.051001821493659,0,False,range,-1,0.5,False,,False,0.5625,0.01@4738.57:sl;0.01@4738.57:sl;0.01@4738.57:sl;0.02@4738.57:sl,13169.55000000001,87.17378996288699,2026-04
M10#6002889,M10,6002889,OB,buy,0.571,B,2026-04-14 22:50:00,2026-04-15 01:00:00,2026-04-15 01:01:00,1.0,4837.64,4837.64,4833.48,4839.72,4848.04,4837.64,4833.48,4.160000000000764,6.096428571428597,0.7,291.2000000000535,234.00999999998567,4.9,-28.5,200.60999999998566,0.8036057692305725,0.6889079670327912,trail,True,2.038461538461059,0.10817307692323196,0,False,range,2,2.25,False,,False,0.5625,0.17@4839.72:tp1;0.17@4841.80:tp1;0.17@4843.88:tp1;0.19@4838.79:trail,13370.159999999996,87.86269792991978,2026-04
M5#7003454,M5,7003454,OB,buy,0.553,B,2026-04-15 06:15:00,2026-04-15 08:37:00,2026-04-15 08:43:00,6.0,4816.32,4816.32,4810.17,4819.39,4831.69,4816.32,4810.17,6.149999999999636,6.4950000000000205,0.21,129.1499999999924,13.750000000011825,1.4700000000000002,0.0,12.280000000011825,0.10646535036788723,0.09508323654674834,partial_be,True,0.8260162601626386,0.5837398373984322,0,False,range,0,1.0,False,,False,0.5625,0.05@4819.39:tp1;0.05@4816.22:be;0.05@4816.22:be;0.06@4816.22:be,13382.440000000008,87.95778116646652,2026-04
M5#7003503,M5,7003503,OB,sell,0.579,B,2026-04-15 14:40:00,2026-04-15 14:46:00,2026-04-15 14:49:00,3.0,4809.63,4809.63,4818.4,4805.25,4787.71,4818.4,4809.63,8.769999999999527,4.318571428571237,0.14,122.7799999999934,12.040000000006328,0.9800000000000001,0.0,11.060000000006328,0.09806157354623697,0.09007981755991956,partial_be,True,0.5906499429874186,0.3272519954390018,0,False,range,0,1.0,False,,False,0.5625,0.03@4805.25:tp1;0.03@4809.73:be;0.03@4809.73:be;0.05@4809.73:be,13393.500000000015,88.04786098402644,2026-04
M10#6002965,M10,6002965,OB,buy,0.631,B,2026-04-16 14:40:00,2026-04-16 15:11:00,2026-04-16 15:30:00,19.0,4813.79,4813.79,4807.07,4817.15,4830.59,4813.79,4807.07,6.720000000000255,5.0200000000001115,0.19,127.68000000000484,11.939999999993235,1.33,0.0,10.609999999993235,0.09351503759392843,0.08309837092726216,partial_be,True,0.715773809523842,0.3348214285714159,0,False,range,0,1.0,False,,False,0.5625,0.04@4817.15:tp1;0.04@4813.69:be;0.04@4813.69:be;0.07@4813.69:be,13404.110000000008,88.1309593549537,2026-04
M5#7003645,M5,7003645,IMB,buy,0.563,B,2026-04-17 05:20:00,2026-04-17 05:57:00,2026-04-17 07:59:00,122.0,4786.24,4786.24,4779.23,4789.74,4803.77,4786.24,4779.23,7.010000000000218,6.871428571428429,0.18,126.18000000000396,189.30000000000655,1.2600000000000002,0.0,188.04000000000656,1.5002377555872612,1.490252020922497,tp2,True,2.6077032810271166,0.2681883024251142,0,False,range,0,1.0,False,,False,0.5625,0.04@4789.74:tp1;0.04@4793.25:tp1;0.04@4796.76:tp1;0.06@4803.77:tp2,13592.150000000014,89.6212113758762,2026-04
M15#6002071,M15,6002071,IMB,buy,0.613,B,2026-04-20 06:45:00,2026-04-20 07:34:00,2026-04-20 08:42:00,68.0,4788.63,4788.63,4774.17,4795.86,4824.78,4788.63,4774.17,14.460000000000036,9.959999999999907,0.27,390.420000000001,41.27999999998974,1.8900000000000001,0.0,39.38999999998974,0.10573228830487587,0.10089134777928806,partial_be,True,0.5117565698478297,0.3146611341632206,0,True,range,1,1.5,False,,False,1.125,0.06@4795.86:tp1;0.06@4788.53:be;0.06@4788.53:be;0.09@4788.53:be,13631.540000000005,89.72210272365548,2026-04
M5#7003724,M5,7003724,IMB,buy,0.648,B,2026-04-20 08:20:00,2026-04-20 08:44:00,2026-04-20 10:03:00,79.0,4781.34,4781.34,4774.17,4784.93,4799.27,4781.34,4774.17,7.170000000000073,3.8685714285713533,0.36,258.1200000000026,355.05000000000655,2.52,0.0,352.53000000000657,1.3755230125523126,1.3657601115760227,tp2,True,2.8005578800557496,0.21757322175737578,0,True,range,0,1.0,False,,False,1.125,0.09@4784.93:tp1;0.09@4788.51:tp1;0.09@4792.10:tp1;0.09@4799.27:tp2,13984.07000000001,91.0878628352315,2026-04
M5#7003727,M5,7003727,OB,sell,0.568,B,2026-04-20 10:30:00,2026-04-20 14:53:00,2026-04-20 15:07:00,14.0,4806.62,4806.62,4813.0,4803.43,4790.67,4813.0,4806.62,6.380000000000109,5.299285714285686,0.21,133.98000000000232,14.349999999992178,1.4700000000000002,0.0,12.879999999992178,0.10710553813996067,0.09613375130610505,partial_be,True,0.5266457680250181,0.9451410658308075,0,False,range,0,1.0,False,,False,0.5625,0.05@4803.43:tp1;0.05@4806.72:be;0.05@4806.72:be;0.06@4806.72:be,13996.950000000003,91.1839965865376,2026-04
M5#7003771,M5,7003771,IMB,buy,0.569,B,2026-04-20 15:15:00,2026-04-20 15:38:00,2026-04-20 15:52:00,14.0,4801.35,4801.35,4794.7,4804.68,4817.98,4801.35,4794.7,6.650000000000546,5.089285714285714,0.2,133.0000000000109,68.89999999999418,1.4000000000000001,0.0,67.49999999999417,0.5180451127818686,0.5075187969923958,trail,True,1.0571428571427322,0.32631578947366835,0,False,range,0,1.0,False,,False,0.5625,0.05@4804.68:tp1;0.05@4808.00:tp1;0.05@4803.25:trail;0.05@4803.25:trail,14064.449999999997,91.69151538353,2026-04
M10#6003068,M10,6003068,OB,sell,0.619,B,2026-04-20 21:00:00,2026-04-20 21:05:00,2026-04-21 01:00:00,235.0,4812.7,4812.7,4823.34,4807.38,4786.1,4823.34,4812.7,10.640000000000327,5.344999999999735,0.12,127.68000000000393,-128.87999999999738,0.84,0.0,-129.71999999999738,-1.00939849624055,-1.0159774436089708,sl,False,0.18515037593986786,1.5469924812029634,0,False,range,0,1.0,False,,False,0.5625,0.03@4823.44:sl;0.03@4823.44:sl;0.03@4823.44:sl;0.03@4823.44:sl,13934.73,90.67553793992103,2026-04
M5#7003723,M5,7003723,IMB,buy,0.562,B,2026-04-21 10:10:00,2026-04-21 15:30:00,2026-04-21 15:36:00,6.0,4771.49,4771.49,4764.96,4774.75,4787.81,4771.49,4764.96,6.529999999999745,6.072142857142808,0.2,130.5999999999949,179.50000000000728,1.4000000000000001,0.0,178.10000000000727,1.3744257274120542,1.3637059724350247,tp2,True,2.9019908116386763,0.7764165390505217,0,False,range,0,1.0,False,,False,0.5625,0.05@4774.75:tp1;0.05@4778.02:tp1;0.05@4781.28:tp1;0.05@4787.81:tp2,14112.830000000007,92.03924391235606,2026-04
M5#7003883,M5,7003883,IMB,sell,0.664,A,2026-04-21 18:05:00,2026-04-21 18:10:00,2026-04-21 18:43:00,33.0,4745.64,4745.64,4760.88,4738.02,4707.54,4760.88,4745.64,15.239999999999782,10.014285714285766,0.08,121.91999999999825,14.640000000003056,0.56,0.0,14.080000000003055,0.1200787401575071,0.11548556430448866,partial_be,True,0.5695538057743055,0.7992125984252274,0,False,range,0,1.0,False,,False,0.5625,0.02@4738.02:tp1;0.02@4745.74:be;0.02@4745.74:be;0.02@4745.74:be,14126.91000000001,92.15472947666055,2026-04
M30#6001050,M30,6001050,OB,buy,0.603,B,2026-04-22 02:30:00,2026-04-23 03:10:00,2026-04-23 04:54:00,104.0,4713.83,4713.83,4679.19,4731.15,4800.43,4713.83,4679.19,34.64000000000033,20.852142857142876,0.11,381.0400000000036,175.94999999999982,0.77,0.0,175.1799999999998,0.46176254461473376,0.45974175939533424,trail,True,1.1426096997690403,0.5643764434180137,0,True,range,1,1.5,False,,False,1.125,0.02@4731.15:tp1;0.02@4748.47:tp1;0.02@4724.12:trail;0.05@4724.12:trail,14302.090000000011,92.61447123605588,2026-04
M5#7004023,M5,7004023,IMB,sell,0.563,B,2026-04-23 13:35:00,2026-04-23 15:01:00,2026-04-23 15:05:00,4.0,4728.35,4728.35,4733.55,4725.75,4715.35,4733.55,4728.35,5.199999999999818,5.395714285714413,0.52,270.39999999999054,-275.59999999996217,3.64,0.0,-279.23999999996215,-1.019230769230665,-1.0326923076922039,sl,False,0.0,1.1442307692307743,0,True,range,0,1.0,False,,False,1.125,0.13@4733.65:sl;0.13@4733.65:sl;0.13@4733.65:sl;0.13@4733.65:sl,14022.85000000005,91.58177892836368,2026-04
M15#6002199,M15,6002199,IMB,buy,0.618,B,2026-04-23 16:30:00,2026-04-23 17:00:00,2026-04-23 17:06:00,6.0,4719.51,4719.51,4705.82,4726.36,4753.74,4719.51,4705.82,13.69000000000051,10.968571428571522,0.19,260.1100000000097,25.899999999992364,1.33,0.0,24.569999999992362,0.09957325746796125,0.09446003613852388,partial_be,True,0.6734842951058438,0.16873630387146196,0,True,range,0,1.0,False,,False,1.125,0.04@4726.36:tp1;0.04@4719.41:be;0.04@4719.41:be;0.07@4719.41:be,14047.420000000042,91.6762389645022,2026-04
M10#6003272,M10,6003272,IMB,buy,0.636,B,2026-04-24 15:30:00,2026-04-24 15:49:00,2026-04-24 16:24:00,35.0,4692.47,4692.47,4680.54,4698.44,4722.3,4692.47,4680.54,11.930000000000291,9.357142857142922,0.34,405.6200000000099,205.83999999998196,2.3800000000000003,0.0,203.45999999998196,0.5074700458556701,0.5016024850845052,trail,True,1.089689857502069,0.16261525565804374,0,True,range,1,1.5,False,,False,1.125,0.08@4698.44:tp1;0.08@4704.40:tp1;0.08@4695.95:trail;0.1@4695.95:trail,14250.880000000025,92.17784144958671,2026-04
M10#6003283,M10,6003283,UW,buy,0.655,A,2026-04-24 23:30:00,2026-04-27 01:00:00,2026-04-27 01:06:00,6.0,4697.03,4697.03,4689.53,4700.78,4715.78,4697.03,4689.53,7.5,4.39714285714282,0.18,135.00000000000003,-136.79999999999018,1.2600000000000002,-9.0,-147.05999999999017,-1.0133333333332604,-1.0893333333332602,sl,False,0.3920000000000679,1.528000000000005,0,False,range,0,1.0,False,,False,0.5625,0.04@4689.43:sl;0.04@4689.43:sl;0.04@4689.43:sl;0.06@4689.43:sl,14103.820000000034,91.08850811625345,2026-04
M10#6003294,M10,6003294,IMB,sell,0.649,B,2026-04-27 02:30:00,2026-04-27 03:54:00,2026-04-27 04:02:00,8.0,4688.56,4688.56,4706.77,4679.45,4643.03,4706.77,4688.56,18.210000000000036,6.3985714285716835,0.07,127.47000000000024,-128.16999999999643,0.48999999999999994,0.0,-128.65999999999644,-1.0054914881932706,-1.0093355299285809,sl,False,0.0,1.0818231740801636,0,True,range,-1,0.5,False,,False,1.125,0.01@4706.87:sl;0.01@4706.87:sl;0.01@4706.87:sl;0.04@4706.87:sl,13975.160000000038,90.07917258632487,2026-04
M5#7004341,M5,7004341,OB,sell,0.582,B,2026-04-28 17:25:00,2026-04-28 17:33:00,2026-04-28 18:00:00,27.0,4577.88,4577.88,4586.34,4573.65,4556.73,4586.34,4577.88,8.460000000000036,10.368571428571483,0.07,59.22000000000025,35.140000000003056,0.48999999999999994,0.0,34.650000000003054,0.5933806146572596,0.5851063829787725,trail,True,2.400709219858193,0.3593380614657152,0,False,range,-1,0.5,False,,False,0.5625,0.01@4573.65:tp1;0.01@4569.42:tp1;0.01@4565.19:tp1;0.04@4575.44:trail,14009.810000000041,90.66427896930365,2026-04
M5#7004384,M5,7004384,IMB,buy,0.551,B,2026-04-29 06:10:00,2026-04-29 08:59:00,2026-04-29 09:07:00,8.0,4591.79,4591.79,4585.23,4595.07,4608.19,4591.79,4585.23,6.5600000000004,5.015714285714174,0.2,131.200000000008,67.89999999999964,1.4000000000000001,0.0,66.49999999999963,0.5175304878048437,0.5068597560975272,trail,True,1.0381097560975587,0.237804878048827,0,False,range,0,1.0,False,,False,0.5625,0.05@4595.07:tp1;0.05@4598.35:tp1;0.05@4593.66:trail;0.05@4593.66:trail,14076.310000000041,91.17113872540118,2026-04
M5#7004416,M5,7004416,IMB,buy,0.587,B,2026-04-29 12:10:00,2026-04-29 12:29:00,2026-04-29 12:39:00,10.0,4568.12,4568.12,4563.27,4570.55,4580.24,4568.12,4563.27,4.849999999999454,5.187142857142979,0.27,130.94999999998527,-133.6499999999951,1.8900000000000001,0.0,-135.53999999999508,-1.0206185567011083,-1.0350515463918315,sl,False,0.2742268041237272,1.0948453608247604,0,False,range,0,1.0,False,,False,0.5625,0.06@4563.17:sl;0.06@4563.17:sl;0.06@4563.17:sl;0.09@4563.17:sl,13940.770000000046,90.13608717900935,2026-04
M5#7004418,M5,7004418,OB,sell,0.626,B,2026-04-29 12:45:00,2026-04-29 13:16:00,2026-04-29 13:59:00,43.0,4572.18,4572.18,4579.55,4568.5,4553.76,4579.55,4572.18,7.369999999999891,5.563571428571452,0.09,66.32999999999903,32.650000000003274,0.6300000000000001,0.0,32.02000000000327,0.49223579074331,0.4827378260214645,trail,True,1.0868385345997744,0.6295793758479629,0,False,range,-1,0.5,False,,False,0.5625,0.02@4568.50:tp1;0.02@4564.81:tp1;0.02@4570.07:trail;0.03@4570.07:trail,13972.79000000005,90.61882500503081,2026-04
M5#8002718,M5,8002718,IMB,buy,0.617,B,2026-05-01 18:15:00,2026-05-01 21:14:00,2026-05-01 21:34:00,20.0,4616.38,4616.38,4609.24,4619.95,4634.23,4616.38,4609.24,7.140000000000327,9.570000000000034,0.18,128.52000000000592,63.23999999999978,1.2600000000000002,0.0,61.979999999999784,0.49206349206346767,0.4822595704948407,trail,True,1.0756302521008319,0.35714285714286625,0,False,range,0,1.0,False,,False,0.5625,0.04@4619.95:tp1;0.04@4623.52:tp1;0.04@4618.42:trail;0.06@4618.42:trail,14034.77000000005,91.10108457552566,2026-05
M5#8002881,M5,8002881,IMB,buy,0.552,B,2026-05-05 11:05:00,2026-05-05 13:53:00,2026-05-05 15:11:00,78.0,4542.5,4542.5,4537.72,4545.37,4565.44,4542.5,4537.72,4.779999999999745,4.359285714285696,0.37,176.85999999999058,410.11999999999534,2.59,0.0,407.52999999999537,2.3188963021599975,2.304251950695562,tp2,True,5.087866108786821,0.554393305439284,0,False,trend,0,1.0,False,,False,0.75,0.09@4545.37:tp1;0.09@4548.24:tp1;0.09@4553.97:tp1;0.1@4565.44:tp2,14442.300000000045,93.40533652622122,2026-05
M5#8002909,M5,8002909,IMB,buy,0.649,B,2026-05-05 16:35:00,2026-05-05 16:36:00,2026-05-05 17:13:00,37.0,4573.96,4573.96,4565.89,4578.8,4612.7,4573.96,4565.89,8.069999999999709,5.460714285714338,0.22,177.53999999999363,71.39999999999782,1.5400000000000003,0.0,69.85999999999781,0.4021628928692147,0.39348879125830977,partial_be,True,1.2627013630731063,0.2936802973977666,0,False,trend,0,1.0,False,,False,0.75,0.05@4578.80:tp1;0.05@4583.64:tp1;0.05@4573.86:be;0.07@4573.86:be,14512.160000000042,93.79882531747953,2026-05
M10#6003567,M10,6003567,OB,buy,0.6,B,2026-05-05 23:10:00,2026-05-06 01:04:00,2026-05-06 02:12:00,68.0,4550.84,4550.84,4543.7,4555.12,4585.11,4550.84,4543.7,7.140000000000327,4.10571428571432,0.57,406.9800000000187,933.9099999999771,3.99,0.0,929.9199999999771,2.294731927858701,2.284928006290074,tp2,True,5.193277310924121,0.645658263305374,0,False,trend,2,2.25,False,,False,0.75,0.14@4555.12:tp1;0.14@4559.41:tp1;0.14@4567.98:tp1;0.15@4585.11:tp2,15442.080000000018,96.0837533237696,2026-05
M10#6003606,M10,6003606,OB,buy,0.576,B,2026-05-06 14:50:00,2026-05-06 15:15:00,2026-05-06 15:17:00,2.0,4669.41,4669.41,4660.79,4674.58,4710.79,4669.41,4660.79,8.61999999999989,9.367142857142815,0.22,189.63999999999763,24.150000000009644,1.5400000000000003,0.0,22.610000000009645,0.12734655136052492,0.11922590170855267,partial_be,True,0.8538283062645795,0.2888631090487022,0,False,trend,0,1.0,False,,False,0.75,0.05@4674.58:tp1;0.05@4669.31:be;0.05@4669.31:be;0.07@4669.31:be,15464.690000000028,96.20297922547815,2026-05
M10#6003673,M10,6003673,UW,buy,0.598,B,2026-05-07 12:50:00,2026-05-07 12:56:00,2026-05-07 14:12:00,76.0,4731.01,4731.01,4721.8,4736.54,4775.22,4731.01,4721.8,9.210000000000036,7.036428571428587,0.2,184.20000000000073,26.14999999999327,1.4000000000000001,0.0,24.74999999999327,0.14196525515740047,0.1343648208468685,partial_be,True,0.9489685124864004,0.5624321389793996,0,False,trend,0,1.0,False,,False,0.75,0.05@4736.54:tp1;0.05@4730.91:be;0.05@4730.91:be;0.05@4730.91:be,15489.44000000002,96.33734404632501,2026-05
M5#8003153,M5,8003153,IMB,buy,0.64,B,2026-05-08 05:10:00,2026-05-08 05:16:00,2026-05-08 05:36:00,20.0,4719.92,4719.92,4711.44,4725.01,4760.62,4719.92,4711.44,8.480000000000473,6.689285714285559,0.22,186.56000000001043,-188.7599999999984,1.5400000000000003,0.0,-190.2999999999984,-1.0117924528301234,-1.020047169811255,sl,False,0.4504716981131481,1.2558962264149813,0,False,trend,0,1.0,False,,False,0.75,0.05@4711.34:sl;0.05@4711.34:sl;0.05@4711.34:sl;0.07@4711.34:sl,15299.140000000021,95.31729687651377,2026-05
M5#8003168,M5,8003168,UW,buy,0.586,B,2026-05-08 10:50:00,2026-05-08 15:11:00,2026-05-08 15:22:00,11.0,4706.3,4706.3,4701.39,4709.25,4729.87,4706.3,4701.39,4.9099999999998545,6.284285714285618,0.19,93.28999999999724,10.299999999993815,1.33,0.0,8.969999999993815,0.11040840390174854,0.09615178475714525,partial_be,True,0.8248472505092265,0.741344195519437,0,False,trend,-1,0.5,False,,False,0.75,0.04@4709.25:tp1;0.04@4706.20:be;0.04@4706.20:be;0.07@4706.20:be,15308.110000000015,95.4134486612709,2026-05
M30#6001241,M30,6001241,OB,sell,0.576,B,2026-05-08 10:00:00,2026-05-08 16:52:00,2026-05-11 08:50:00,3838.0,4744.79,4744.79,4762.68,4734.06,4658.92,4762.68,4744.79,17.890000000000327,14.228571428571545,0.21,375.69000000000693,985.9199999999964,1.4700000000000002,0.8999999999999999,985.3499999999964,2.624291304000581,2.62277409566392,tp2,True,4.849636668529778,0.2789267747345221,0,True,trend,0,1.0,False,,False,1.5,0.05@4734.06:tp1;0.05@4723.32:tp1;0.05@4682.85:tp1;0.06@4658.92:tp2,16293.460000000012,98.03622275693482,2026-05
M5#8003212,M5,8003212,IMB,sell,0.55,B,2026-05-11 04:15:00,2026-05-11 04:22:00,2026-05-11 15:57:00,695.0,4700.55,4700.55,4714.35,4692.27,4634.31,4714.35,4700.55,13.800000000000182,9.67357142857132,0.28,386.40000000000515,405.0200000000041,1.9600000000000002,0.0,403.0600000000041,1.048188405797098,1.0431159420289822,partial_be,True,3.802898550724556,0.37028985507243517,0,True,trend,0,1.0,False,,False,1.5,0.07@4692.27:tp1;0.07@4683.99:tp1;0.07@4667.43:tp1;0.07@4700.65:be,16696.520000000015,99.0793386989638,2026-05
M10#6003767,M10,6003767,IMB,buy,0.693,A,2026-05-11 17:50:00,2026-05-11 19:42:00,2026-05-12 02:52:00,430.0,4712.15,4712.15,4701.07,4718.8,4765.33,4712.15,4701.07,11.079999999999927,12.540714285714264,0.36,398.8799999999974,897.4800000000104,2.52,-4.5,890.4600000000104,2.250000000000041,2.2324007220217013,tp2,True,5.1777978339351245,0.3691335740071537,0,True,trend,0,1.0,False,,False,1.5,0.09@4718.80:tp1;0.09@4725.45:tp1;0.09@4738.74:tp1;0.09@4765.33:tp2,17586.980000000025,101.3117394209855,2026-05
M5#8003271,M5,8003271,OB,buy,0.585,B,2026-05-12 17:10:00,2026-05-12 17:33:00,2026-05-12 17:50:00,17.0,4674.74,4674.74,4668.31,4677.95,4690.81,4674.74,4668.31,6.4299999999993815,9.58714285714281,0.24,154.31999999998516,126.66000000000349,1.68,0.0,124.98000000000349,0.82076205287724,0.809875583203833,trail,True,2.06842923794735,0.4650077760497775,0,False,range,0,1.0,False,,False,0.5625,0.06@4677.95:tp1;0.06@4681.17:tp1;0.06@4684.38:tp1;0.06@4676.57:trail,17711.96000000003,102.12161500418934,2026-05
M5#8003519,M5,8003519,IMB,buy,0.67,A,2026-05-14 08:35:00,2026-05-14 08:59:00,2026-05-14 10:33:00,94.0,4691.13,4691.13,4683.69,4694.85,4709.73,4691.13,4683.69,7.440000000000509,5.309285714285904,0.2,148.8000000000102,204.699999999998,1.4000000000000001,0.0,203.299999999998,1.375672043010645,1.366263440860108,tp2,True,2.610215053763272,0.6747311827957114,0,False,range,0,1.0,False,,False,0.5625,0.05@4694.85:tp1;0.05@4698.57:tp1;0.05@4702.31:tp1;0.05@4709.73:tp2,17915.260000000028,103.48787844504945,2026-05
M10#6003869,M10,6003869,OB,buy,0.688,A,2026-05-14 08:40:00,2026-05-14 08:59:00,2026-05-14 10:51:00,112.0,4690.93,4690.93,4675.12,4698.84,4730.46,4690.93,4675.12,15.8100000000004,8.600714285714275,0.19,300.3900000000076,222.2399999999907,1.33,0.0,220.90999999999067,0.7398382103265257,0.7354106328439198,trail,True,1.7628083491460584,0.30487033523089796,0,True,range,0,1.0,False,,False,1.125,0.04@4698.84:tp1;0.04@4706.74:tp1;0.04@4714.65:tp1;0.07@4695.57:trail,18136.170000000016,104.22328907789337,2026-05
M15#6002651,M15,6002651,OB,buy,0.613,B,2026-05-14 08:45:00,2026-05-14 08:59:00,2026-05-14 10:51:00,112.0,4690.93,4690.93,4675.12,4698.84,4730.46,4690.93,4675.12,15.8100000000004,10.327857142857154,0.19,300.3900000000076,222.2399999999907,1.33,0.0,220.90999999999067,0.7398382103265257,0.7354106328439198,trail,True,1.7628083491460584,0.30487033523089796,0,True,range,0,1.0,False,,False,1.125,0.04@4698.84:tp1;0.04@4706.74:tp1;0.04@4714.65:tp1;0.07@4695.57:trail,18357.080000000005,104.95869971073729,2026-05
M5#8003588,M5,8003588,IMB,sell,0.61,B,2026-05-15 03:55:00,2026-05-15 03:59:00,2026-05-15 04:03:00,4.0,4630.5,4630.5,4644.81,4623.34,4594.72,4644.81,4630.5,14.3100000000004,8.112142857142837,0.11,157.4100000000044,13.419999999996433,0.77,0.0,12.649999999996433,0.08525506638711682,0.0803633822501498,partial_be,True,0.6296296296296273,0.0957372466806326,0,False,range,0,1.0,False,,False,0.5625,0.02@4623.34:tp1;0.02@4630.60:be;0.02@4630.60:be;0.05@4630.60:be,18369.730000000003,105.03906309298745,2026-05
M5#8003730,M5,8003730,OB,buy,0.597,B,2026-05-18 17:15:00,2026-05-18 17:22:00,2026-05-18 17:32:00,10.0,4555.54,4555.54,4547.36,4560.45,4594.8,4555.54,4547.36,8.180000000000291,8.809285714285513,0.26,212.68000000000757,27.45999999999185,1.82,0.0,25.63999999999185,0.12911416212145418,0.12055670490874054,partial_be,True,0.9376528117359169,0.11124694376525943,0,False,trend,0,1.0,False,,False,0.75,0.06@4560.45:tp1;0.06@4555.44:be;0.06@4555.44:be;0.08@4555.44:be,18395.369999999995,105.15961979789618,2026-05
M10#6003977,M10,6003977,OB,sell,0.64,B,2026-05-18 20:20:00,2026-05-18 22:03:00,2026-05-18 23:15:00,72.0,4563.5,4563.5,4575.66,4556.2,4505.13,4575.66,4563.5,12.159999999999854,8.588571428571479,0.17,206.71999999999753,86.65999999999804,1.1900000000000002,0.0,85.46999999999804,0.4192143962848252,0.41345781733745673,partial_be,True,1.3659539473684106,0.12664473684210378,0,False,trend,0,1.0,False,,False,0.75,0.04@4556.20:tp1;0.04@4548.91:tp1;0.04@4563.60:be;0.05@4563.60:be,18480.839999999993,105.57307761523364,2026-05
M5#8003914,M5,8003914,OB,sell,0.645,B,2026-05-20 16:55:00,2026-05-20 17:16:00,2026-05-20 17:18:00,2.0,4496.08,4496.08,4505.15,4490.64,4452.54,4505.15,4496.08,9.069999999999709,5.992142857142816,0.23,208.6099999999933,25.39999999999145,1.6099999999999999,0.0,23.78999999999145,0.12175830497096143,0.11404055414405932,partial_be,True,0.82028665931641,0.7739801543550895,0,False,trend,0,1.0,False,,False,0.75,0.05@4490.64:tp1;0.05@4496.18:be;0.05@4496.18:be;0.08@4496.18:be,18504.629999999983,105.6871181693777,2026-05
M5#8003924,M5,8003924,IMB,buy,0.648,B,2026-05-21 09:30:00,2026-05-21 10:28:00,2026-05-21 13:26:00,178.0,4515.24,4515.24,4507.18,4520.08,4553.93,4515.24,4507.18,8.05999999999949,5.947857142857239,0.53,427.179999999973,438.65000000001237,3.71,0.0,434.9400000000124,1.0268505079826773,1.0181656444591036,partial_be,True,3.405707196029969,0.4317617866004694,0,True,trend,0,1.0,False,,False,1.5,0.13@4520.08:tp1;0.13@4524.91:tp1;0.13@4534.58:tp1;0.14@4515.14:be,18939.569999999996,106.7052838138368,2026-05
M5#8003995,M5,8003995,IMB,sell,0.559,B,2026-05-21 13:50:00,2026-05-21 14:03:00,2026-05-21 15:09:00,66.0,4518.45,4518.45,4532.01,4510.31,4453.36,4532.01,4518.45,13.5600000000004,6.868571428571548,0.16,216.9600000000064,31.359999999993306,1.12,0.0,30.239999999993305,0.1445427728613218,0.13938053097341635,partial_be,True,0.7455752212388919,0.22271386430681028,0,False,trend,0,1.0,False,,False,0.75,0.04@4510.31:tp1;0.04@4518.55:be;0.04@4518.55:be;0.04@4518.55:be,18969.80999999999,106.84466434481021,2026-05
M5#8004024,M5,8004024,IMB,buy,0.675,A,2026-05-22 02:20:00,2026-05-22 03:59:00,2026-05-22 04:05:00,6.0,4526.11,4526.11,4518.35,4530.77,4563.36,4526.11,4518.35,7.759999999999309,1.9757142857142103,0.27,209.51999999998134,82.32000000001516,1.8900000000000001,0.0,80.43000000001516,0.3928980526919745,0.38387743413527264,partial_be,True,1.3079896907218362,0.3286082474226159,0,False,trend,0,1.0,False,,False,0.75,0.06@4530.77:tp1;0.06@4535.42:tp1;0.06@4526.01:be;0.09@4526.01:be,19050.240000000005,107.22854177894548,2026-05
M15#6002884,M15,6002884,IMB,buy,0.648,B,2026-05-26 02:30:00,2026-05-26 03:10:00,2026-05-26 14:35:00,685.0,4548.79,4548.79,4509.68,4568.34,4646.56,4548.79,4509.68,39.10999999999967,4.342857142857156,0.08,312.8799999999974,-313.6800000000003,0.56,0.0,-314.2400000000003,-1.0025568908207714,-1.0043467143953047,sl,False,0.11531577601637065,1.052671950907707,0,True,range,0,1.0,False,,False,1.125,0.02@4509.58:sl;0.02@4509.58:sl;0.02@4509.58:sl;0.02@4509.58:sl,18736.000000000004,106.22419506455017,2026-05
M10#6004269,M10,6004269,OB,buy,0.621,B,2026-05-26 16:30:00,2026-05-26 17:00:00,2026-05-26 17:12:00,12.0,4511.93,4511.93,4502.29,4516.75,4536.03,4511.93,4502.29,9.640000000000327,9.526428571428564,0.16,154.24000000000524,18.07999999999447,1.12,0.0,16.95999999999447,0.1172199170124083,0.1099585062240268,partial_be,True,0.870331950207379,0.2582987551867849,0,False,range,0,1.0,False,,False,0.5625,0.04@4516.75:tp1;0.04@4511.83:be;0.04@4511.83:be;0.04@4511.83:be,18752.96,106.3341535707742,2026-05
M5#8004493,M5,8004493,IMB,buy,0.699,A,2026-05-28 16:20:00,2026-05-28 16:33:00,2026-05-28 16:41:00,8.0,4420.58,4420.58,4410.12,4425.81,4446.73,4420.58,4410.12,10.460000000000036,8.637142857142733,0.15,156.90000000000055,14.489999999997053,1.05,0.0,13.439999999997053,0.09235181644357554,0.08565965583172087,partial_be,True,0.5554493307839752,0.23613766730403882,0,False,range,0,1.0,False,,False,0.5625,0.03@4425.81:tp1;0.03@4420.48:be;0.03@4420.48:be;0.06@4420.48:be,18766.399999999998,106.41981322660592,2026-05
M10#6004383,M10,6004383,IMB,buy,0.616,B,2026-05-28 23:20:00,2026-05-29 01:08:00,2026-05-29 03:36:00,148.0,4494.68,4494.68,4485.89,4499.08,4516.66,4494.68,4485.89,8.789999999999964,4.482857142857223,0.36,316.4399999999987,36.8999999999869,2.52,0.0,34.3799999999869,0.11660978384523782,0.10864618885092606,partial_be,True,0.6575654152445699,0.6461888509670437,0,True,range,0,1.0,False,,False,1.125,0.09@4499.08:tp1;0.09@4494.58:be;0.09@4494.58:be;0.09@4494.58:be,18800.779999999984,106.52845941545685,2026-05
M15#6003008,M15,6003008,IMB,buy,0.693,A,2026-05-28 22:15:00,2026-05-28 22:58:00,2026-05-29 04:01:00,303.0,4497.56,4497.56,4485.89,4503.4,4526.74,4497.56,4485.89,11.670000000000073,7.605000000000018,0.41,478.470000000003,55.29999999998108,2.87,-20.5,31.929999999981085,0.11557673417347114,0.06673354651280307,partial_be,True,0.5055698371893401,0.73350471293919,0,True,range,1,1.5,False,,False,1.125,0.1@4503.40:tp1;0.1@4497.46:be;0.1@4497.46:be;0.11@4497.46:be,18832.709999999966,106.59519296196966,2026-05
M5#8004558,M5,8004558,OB,buy,0.61,B,2026-05-29 11:00:00,2026-05-29 11:04:00,2026-05-29 11:48:00,44.0,4519.29,4519.29,4511.77,4523.05,4538.09,4519.29,4511.77,7.519999999999527,4.152857142857101,0.21,157.9199999999901,-160.0199999999977,1.4700000000000002,0.0,-161.4899999999977,-1.0132978723404746,-1.022606382978773,sl,False,0.17819148936173268,1.0053191489362867,0,False,range,0,1.0,False,,False,0.5625,0.05@4511.67:sl;0.05@4511.67:sl;0.05@4511.67:sl;0.06@4511.67:sl,18671.21999999997,105.57258657899088,2026-05
M5#8004591,M5,8004591,IMB,buy,0.711,A,2026-05-29 18:55:00,2026-05-29 20:43:00,2026-05-29 23:51:00,188.0,4555.61,4555.61,4540.93,4562.95,4592.31,4555.61,4540.93,14.679999999999382,11.004285714285677,0.05,73.39999999999691,-73.89999999999873,0.35000000000000003,0.0,-74.24999999999872,-1.0068119891008425,-1.0115803814714148,sl,False,0.4121253405994848,1.0102179836512637,0,False,range,-1,0.5,False,,False,0.5625,0.01@4540.83:sl;0.01@4540.83:sl;0.01@4540.83:sl;0.02@4540.83:sl,18596.96999999997,104.56100619751946,2026-05
H1#6000735,H1,6000735,IMB,buy,0.632,B,2026-05-29 04:00:00,2026-06-01 16:21:00,2026-06-02 04:51:00,750.0,4468.67,4468.67,4439.3,4483.35,4542.09,4468.67,4439.3,29.36999999999989,20.872142857142926,0.1,293.6999999999989,28.559999999997668,0.7000000000000001,-4.0,23.85999999999767,0.09724208375893012,0.08123935989103764,partial_be,True,0.9686755192373144,0.7163772557030998,0,True,range,0,1.0,False,,False,1.125,0.02@4483.35:tp1;0.02@4468.57:be;0.02@4468.57:be;0.04@4468.57:be,18620.829999999965,104.6422455574105,2026-06
H1#6000746,H1,6000746,IMB,buy,0.6,B,2026-06-02 14:00:00,2026-06-02 15:54:00,2026-06-02 16:08:00,14.0,4515.17,4515.17,4499.44,4524.61,4590.67,4515.17,4499.44,15.730000000000473,14.733571428571395,0.13,204.49000000000615,27.319999999995158,0.91,0.0,26.409999999995158,0.13360066506916884,0.1291505697099827,partial_be,True,0.6071201525746913,0.14240305149394242,0,False,trend,0,1.0,False,,False,0.75,0.03@4524.61:tp1;0.03@4515.07:be;0.03@4515.07:be;0.04@4515.07:be,18647.23999999996,104.77139612712048,2026-06
M10#6004583,M10,6004583,OB,sell,0.597,B,2026-06-03 19:20:00,2026-06-03 20:09:00,2026-06-03 22:04:00,115.0,4448.0,4448.0,4457.1,4442.54,4404.32,4457.1,4448.0,9.100000000000364,7.399999999999896,0.23,209.30000000000837,80.59999999999583,1.6099999999999999,0.0,78.98999999999583,0.38509316770182805,0.37740086000952067,partial_be,True,1.4560439560438978,0.16923076923075847,0,False,trend,0,1.0,False,,False,0.75,0.05@4442.54:tp1;0.05@4437.08:tp1;0.05@4448.10:be;0.08@4448.10:be,18726.229999999956,105.14879698713,2026-06
M15#6003157,M15,6003157,UW,buy,0.662,A,2026-06-04 15:45:00,2026-06-04 17:09:00,2026-06-04 17:30:00,21.0,4489.91,4489.91,4482.25,4494.51,4526.68,4489.91,4482.25,7.6599999999998545,10.08142857142866,0.28,214.47999999999595,-217.28000000000614,1.9600000000000002,0.0,-219.24000000000615,-1.013054830287254,-1.0221932114882986,sl,False,0.49738903394262046,1.001305483028749,0,False,trend,0,1.0,False,,False,0.75,0.07@4482.15:sl;0.07@4482.15:sl;0.07@4482.15:sl;0.07@4482.15:sl,18506.98999999995,104.1266037756417,2026-06
M5#9003096,M5,9003096,OB,buy,0.553,B,2026-06-05 04:10:00,2026-06-05 09:15:00,2026-06-05 09:47:00,32.0,4434.67,4434.67,4427.41,4438.3,4452.82,4434.67,4427.41,7.260000000000218,6.0614285714284835,0.11,79.8600000000024,134.3099999999995,0.77,0.0,133.53999999999948,1.6818181818181248,1.6721763085398882,tp2,True,2.845730027548104,0.8030303030302689,0,False,range,-1,0.5,False,,False,0.5625,0.02@4438.30:tp1;0.02@4441.93:tp1;0.02@4445.56:tp1;0.05@4452.82:tp2,18640.52999999995,105.79878008418159,2026-06
M15#6003181,M15,6003181,OB,buy,0.621,B,2026-06-05 14:45:00,2026-06-05 15:30:00,2026-06-05 15:35:00,5.0,4449.15,4449.15,4436.65,4455.4,4480.4,4449.15,4436.65,12.5,5.720714285714361,0.19,237.5,23.500000000008185,1.33,0.0,22.170000000008187,0.0989473684210871,0.09334736842108711,partial_be,True,0.5736000000000058,0.15039999999993597,0,False,range,1,1.5,False,,False,0.5625,0.04@4455.40:tp1;0.04@4449.05:be;0.04@4449.05:be;0.07@4449.05:be,18662.69999999996,105.89212745260268,2026-06
H1#6000734,H1,6000734,IMB,buy,0.591,B,2026-06-03 18:00:00,2026-06-05 15:54:00,2026-06-05 16:37:00,43.0,4418.11,4418.11,4390.42,4434.72,4551.02,4418.11,4390.42,27.6899999999996,18.962142857142876,0.07,193.82999999999717,-194.52999999999975,0.48999999999999994,0.0,-195.01999999999975,-1.0036114120621296,-1.006139400505611,sl,False,0.11050920910077444,1.0447815095702346,0,False,trend,0,1.0,False,,False,0.75,0.01@4390.32:sl;0.01@4390.32:sl;0.01@4390.32:sl;0.04@4390.32:sl,18467.67999999996,104.88598805209706,2026-06
M10#6004699,M10,6004699,OB,sell,0.603,B,2026-06-08 17:40:00,2026-06-08 17:45:00,2026-06-08 18:45:00,60.0,4324.42,4324.42,4341.02,4316.12,4282.92,4341.02,4324.42,16.600000000000364,9.710000000000102,0.09,149.4000000000033,-150.29999999999836,0.6300000000000001,0.0,-150.92999999999836,-1.006024096385509,-1.0102409638553884,sl,False,0.4228915662650225,1.0120481927710732,0,False,range,0,1.0,False,,False,0.5625,0.02@4341.12:sl;0.02@4341.12:sl;0.02@4341.12:sl;0.03@4341.12:sl,18316.749999999964,103.87574708824167,2026-06
M5#9003619,M5,9003619,IMB,buy,0.578,B,2026-06-12 04:00:00,2026-06-12 04:04:00,2026-06-12 04:13:00,9.0,4185.87,4185.87,4175.8,4191.91,4234.21,4185.87,4175.8,10.069999999999709,8.367857142857117,0.42,422.93999999998783,57.200000000017106,2.9400000000000004,0.0,54.26000000001711,0.13524376980190747,0.1282924291862171,partial_be,True,0.7328699106256527,0.28202581926516657,0,True,trend,0,1.0,False,,False,1.5,0.1@4191.91:tp1;0.1@4185.77:be;0.1@4185.77:be;0.12@4185.77:be,18371.00999999998,104.00403951742788,2026-06
M10#6004869,M10,6004869,OB,buy,0.516,C,2026-06-12 16:20:00,2026-06-12 16:43:00,2026-06-12 16:48:00,5.0,4184.07,4184.07,4174.1,4190.05,4231.93,4184.07,4174.1,9.969999999999345,8.829999999999927,0.64,638.0799999999581,90.88000000003376,4.48,0.0,86.40000000003376,0.14242728184559889,0.1354062186560297,partial_be,True,1.0661985957874431,0.11634904714141732,0,True,trend,1,1.5,False,,False,1.5,0.16@4190.05:tp1;0.16@4183.97:be;0.16@4183.97:be;0.16@4183.97:be,18457.410000000014,104.13944573608391,2026-06
M10#6004994,M10,6004994,OB,sell,0.673,A,2026-06-16 18:30:00,2026-06-16 18:57:00,2026-06-16 21:01:00,124.0,4341.73,4341.73,4354.3,4334.19,4281.39,4354.3,4341.73,12.570000000000618,7.5271428571429295,0.16,201.1200000000099,89.67999999999665,1.12,0.0,88.55999999999665,0.4459029435162701,0.4403341288782433,partial_be,True,1.275258552108111,0.4311853619730084,0,False,trend,0,1.0,False,,False,0.75,0.04@4334.19:tp1;0.04@4326.65:tp1;0.04@4341.83:be;0.04@4341.83:be,18545.970000000012,104.57977986496216,2026-06
M15#6003410,M15,6003410,OB,sell,0.627,B,2026-06-16 18:45:00,2026-06-16 19:08:00,2026-06-17 04:04:00,536.0,4343.65,4343.65,4354.3,4337.26,4292.53,4354.3,4343.65,10.650000000000546,8.988571428571438,0.4,426.0000000000218,189.69999999998439,2.8000000000000003,9.0,195.89999999998437,0.4453051643191894,0.45985915492951723,partial_be,True,1.685446009389568,0.32863849765265074,0,True,trend,0,1.0,False,,False,1.5,0.1@4337.26:tp1;0.1@4330.87:tp1;0.1@4343.75:be;0.1@4343.75:be,18741.869999999995,105.03963901989168,2026-06
M30#6001610,M30,6001610,IMB,sell,0.669,A,2026-06-16 06:00:00,2026-06-17 20:33:00,2026-06-17 21:13:00,40.0,4379.08,4379.08,4400.2,4366.41,4277.7,4400.2,4379.08,21.11999999999989,8.642142857142906,0.2,422.3999999999978,950.3999999999997,1.4000000000000001,0.0,948.9999999999998,2.250000000000011,2.246685606060617,tp2,True,4.802556818181814,0.15767045454545192,0,True,trend,0,1.0,False,,False,1.5,0.05@4366.41:tp1;0.05@4353.74:tp1;0.05@4328.39:tp1;0.05@4277.70:tp2,19690.869999999995,107.2863246259523,2026-06
H1#6000777,H1,6000777,IMB,sell,0.661,A,2026-06-15 19:00:00,2026-06-17 20:33:00,2026-06-17 22:15:00,102.0,4379.08,4379.08,4404.87,4363.61,4255.29,4404.87,4379.08,25.789999999999964,16.313571428571645,0.08,206.3199999999997,464.21999999999935,0.56,0.0,463.65999999999934,2.25,2.24728576967817,tp2,True,4.884063590538977,0.12911981388134672,0,True,trend,-1,0.5,False,,False,1.5,0.02@4363.61:tp1;0.02@4348.13:tp1;0.02@4317.18:tp1;0.02@4255.29:tp2,20154.529999999995,109.53361039563048,2026-06
M30#6001710,M30,6001710,IMB,buy,0.656,A,2026-06-17 06:00:00,2026-06-17 21:13:00,2026-06-17 22:38:00,85.0,4280.35,4280.35,4219.28,4316.99,4573.49,4280.35,4219.28,61.07000000000062,7.8464285714285325,0.03,183.21000000000186,-183.5100000000002,0.21,0.0,-183.7200000000002,-1.0016374652038553,-1.0027836908465604,sl,False,0.8436220730309318,1.000818732601935,0,False,trend,0,1.0,False,,False,0.75,0.01@4219.18:sl;0.02@4219.18:sl,19970.809999999994,108.53082670478392,2026-06
M10#6005067,M10,6005067,OB,sell,0.584,B,2026-06-18 06:20:00,2026-06-18 06:30:00,2026-06-18 07:36:00,66.0,4317.85,4317.85,4326.52,4312.65,4276.23,4326.52,4317.85,8.670000000000073,8.394285714285681,0.26,225.4200000000019,29.200000000015276,1.82,0.0,27.380000000015276,0.12953597728690902,0.12146215952451,partial_be,True,0.6978085351787925,0.7254901960784211,0,False,trend,0,1.0,False,,False,0.75,0.06@4312.65:tp1;0.06@4317.95:be;0.06@4317.95:be;0.08@4317.95:be,19998.19000000001,108.65228886430843,2026-06
M15#6003469,M15,6003469,IMB,buy,0.663,A,2026-06-18 09:30:00,2026-06-18 10:36:00,2026-06-18 11:45:00,69.0,4294.65,4294.65,4279.14,4303.96,4369.1,4294.65,4279.14,15.509999999999309,8.669285714285902,0.29,449.78999999998,-452.6899999999905,2.0300000000000002,0.0,-454.7199999999905,-1.0064474532559875,-1.0109606705351624,sl,False,0.2798194713088549,1.0025789813023833,0,True,trend,0,1.0,False,,False,1.5,0.07@4279.04:sl;0.07@4279.04:sl;0.07@4279.04:sl;0.08@4279.04:sl,19543.47000000002,107.64132819377326,2026-06
M10#6004903,M10,6004903,IMB,buy,0.571,B,2026-06-17 21:50:00,2026-06-17 22:11:00,2026-06-18 12:00:00,829.0,4262.18,4262.18,4215.01,4290.48,4488.6,4262.18,4215.01,47.17000000000007,20.571428571428505,0.09,424.5300000000007,169.29999999999563,0.6300000000000001,-4.5,164.16999999999564,0.3987939603797031,0.38671000871550976,partial_be,True,1.4356582573669545,0.9126563493746049,0,True,trend,0,1.0,False,,False,1.5,0.02@4290.48:tp1;0.02@4318.78:tp1;0.02@4262.08:be;0.03@4262.08:be,19707.640000000014,108.02803820248877,2026-06
M30#6001693,M30,6001693,IMB,buy,0.62,B,2026-06-19 07:30:00,2026-06-19 07:54:00,2026-06-22 01:00:00,3906.0,4131.47,4131.47,4101.98,4146.22,4205.2,4131.47,4101.98,29.49000000000069,11.893571428571574,0.08,235.92000000000553,194.45999999999913,0.56,0.0,193.89999999999912,0.824262461851452,0.8218887758561995,trail,True,1.7460155985079204,0.3350288233299382,0,False,range,1,1.5,False,,False,0.5625,0.02@4146.22:tp1;0.02@4160.96:tp1;0.02@4175.71:tp1;0.02@4140.22:trail,19901.54000000001,108.84992697834497,2026-06
M5#9004106,M5,9004106,IMB,buy,0.693,A,2026-06-22 04:30:00,2026-06-22 04:31:00,2026-06-22 05:00:00,29.0,4200.89,4200.89,4189.22,4206.73,4230.07,4200.89,4189.22,11.670000000000073,8.341428571428619,0.14,163.38000000000105,-164.7800000000061,0.9800000000000001,0.0,-165.7600000000061,-1.0085689802913762,-1.0145672664953178,sl,False,0.36760925449870924,1.0882604970009124,0,False,range,0,1.0,False,,False,0.5625,0.03@4189.12:sl;0.03@4189.12:sl;0.03@4189.12:sl;0.05@4189.12:sl,19735.780000000006,107.83535971184965,2026-06
M5#9004394,M5,9004394,IMB,buy,0.56,B,2026-06-25 03:10:00,2026-06-25 03:13:00,2026-06-25 03:18:00,5.0,4008.01,4008.01,4000.56,4011.74,4026.64,4008.01,4000.56,7.450000000000273,5.33571428571424,0.11,81.950000000003,-83.050000000002,0.77,0.0,-83.820000000002,-1.0134228187919336,-1.0228187919462957,sl,False,0.03758389261741411,1.0067114093959362,0,False,range,-1,0.5,False,,False,0.5625,0.02@4000.46:sl;0.02@4000.46:sl;0.02@4000.46:sl;0.05@4000.46:sl,19651.960000000003,106.81254091990336,2026-06
M10#6005285,M10,6005285,UW,buy,0.583,B,2026-06-24 22:30:00,2026-06-25 04:58:00,2026-06-25 05:06:00,8.0,3972.76,3972.76,3959.14,3979.57,4006.81,3972.76,3959.14,13.620000000000346,10.063571428571452,0.12,163.44000000000415,19.52999999999656,0.84,0.0,18.68999999999656,0.11949339207046049,0.11435389133624624,partial_be,True,0.6615271659324181,0.08883994126284916,0,False,range,0,1.0,False,,False,0.5625,0.03@3979.57:tp1;0.03@3972.66:be;0.03@3972.66:be;0.03@3972.66:be,19670.649999999998,106.9268948112396,2026-06
M5#9004453,M5,9004453,OB,buy,0.59,B,2026-06-26 01:30:00,2026-06-26 02:49:00,2026-06-26 03:25:00,36.0,4016.75,4016.75,4007.99,4021.13,4038.65,4016.75,4007.99,8.760000000000218,3.26357142857153,0.09,78.84000000000198,8.060000000000855,0.6300000000000001,0.0,7.430000000000855,0.1022323693556653,0.09424150177575683,partial_be,True,0.7522831050228289,0.6015981735159647,0,False,range,-1,0.5,False,,False,0.5625,0.02@4021.13:tp1;0.02@4016.65:be;0.02@4016.65:be;0.03@4016.65:be,19678.079999999998,107.02113631301536,2026-06
M15#6003660,M15,6003660,UW,buy,0.693,A,2026-06-26 23:30:00,2026-06-29 01:18:00,2026-06-29 01:20:00,2.0,4056.41,4056.41,4044.9,4062.16,4085.18,4056.41,4044.9,11.509999999999764,5.939285714285851,0.21,241.70999999999506,27.15000000000146,1.4700000000000002,0.0,25.68000000000146,0.11232468660792691,0.10624301849324391,partial_be,True,0.5065160729800214,0.27801911381406463,0,False,range,1,1.5,False,,False,0.5625,0.05@4062.16:tp1;0.05@4056.31:be;0.05@4056.31:be;0.06@4056.31:be,19703.76,107.1273793315086,2026-06
M10#6005385,M10,6005385,OB,buy,0.581,B,2026-06-29 09:50:00,2026-06-29 11:50:00,2026-06-29 11:58:00,8.0,4054.39,4054.39,4043.95,4059.61,4080.49,4054.39,4043.95,10.440000000000055,8.122142857142892,0.16,167.04000000000087,-168.63999999999942,1.12,0.0,-169.75999999999942,-1.0095785440612939,-1.0162835249042057,sl,False,0.04693486590040555,1.0354406130268092,0,False,range,0,1.0,False,,False,0.5625,0.04@4043.85:sl;0.04@4043.85:sl;0.04@4043.85:sl;0.04@4043.85:sl,19534.0,106.1110958066044,2026-06
M5#9004729,M5,9004729,OB,sell,0.608,B,2026-06-30 13:25:00,2026-06-30 13:28:00,2026-06-30 14:45:00,77.0,4028.39,4028.39,4035.64,4024.76,4010.26,4035.64,4028.39,7.25,3.747857142857096,0.22,159.50000000000003,-161.69999999999803,1.5400000000000003,0.0,-163.23999999999802,-1.0137931034482632,-1.0234482758620564,sl,False,0.40413793103446016,1.2110344827586483,0,False,range,0,1.0,False,,False,0.5625,0.05@4035.74:sl;0.05@4035.74:sl;0.05@4035.74:sl;0.07@4035.74:sl,19370.760000000002,105.08764753074234,2026-06
M5#9004721,M5,9004721,IMB,buy,0.666,A,2026-06-30 12:45:00,2026-06-30 15:56:00,2026-06-30 16:20:00,24.0,4011.11,4011.11,4003.31,4015.01,4030.61,4011.11,4003.31,7.800000000000182,3.964285714285747,0.42,327.6000000000077,467.99999999999636,2.9400000000000004,0.0,465.05999999999636,1.428571428571384,1.4195970695970253,tp2,True,2.8461538461537566,0.32435897435899247,0,True,range,0,1.0,False,,False,1.125,0.1@4015.01:tp1;0.1@4018.91:tp1;0.1@4022.81:tp1;0.12@4030.61:tp2,19835.82,106.50724460033938,2026-06
M15#6003712,M15,6003712,IMB,buy,0.643,B,2026-06-30 13:00:00,2026-06-30 15:56:00,2026-06-30 16:36:00,40.0,4011.11,4011.11,3989.44,4021.95,4065.29,4011.11,3989.44,21.670000000000073,8.994999999999989,0.15,325.0500000000011,155.1300000000001,1.05,0.0,154.0800000000001,0.47724965389939883,0.47401938163359353,trail,True,1.0244577757267994,0.11675126903554184,0,True,range,0,1.0,False,,False,1.125,0.03@4021.95:tp1;0.03@4032.78:tp1;0.03@4017.51:trail;0.06@4017.51:trail,19989.9,106.98126398197297,2026-06
M5#9004745,M5,9004745,OB,buy,0.646,B,2026-06-30 16:30:00,2026-06-30 16:36:00,2026-06-30 17:09:00,33.0,4018.23,4018.23,4009.87,4022.41,4039.13,4018.23,4009.87,8.360000000000127,6.587142857142843,0.2,167.20000000000255,229.9000000000001,1.4000000000000001,0.0,228.50000000000009,1.3749999999999796,1.366626794258353,tp2,True,3.196172248803755,0.6160287081339728,0,False,range,0,1.0,False,,False,0.5625,0.05@4022.41:tp1;0.05@4026.59:tp1;0.05@4030.77:tp1;0.05@4039.13:tp2,20218.4,108.34789077623132,2026-06
M5#9004749,M5,9004749,OB,buy,0.615,B,2026-06-30 17:15:00,2026-06-30 18:21:00,2026-06-30 19:04:00,43.0,4023.86,4023.86,4013.52,4029.03,4049.71,4023.86,4013.52,10.340000000000146,9.197857142857108,0.16,165.44000000000233,86.03999999999905,1.12,0.0,84.91999999999905,0.5200676982591745,0.5132978723404126,trail,True,1.053191489361675,0.16924564796904984,0,False,range,0,1.0,False,,False,0.5625,0.04@4029.03:tp1;0.04@4034.20:tp1;0.04@4026.86:trail;0.04@4026.86:trail,20303.32,108.86118864857174,2026-06
M30#6001871,M30,6001871,IMB,buy,0.615,B,2026-06-30 13:30:00,2026-06-30 15:56:00,2026-06-30 22:50:00,414.0,4011.11,4011.11,3985.0,4024.16,4076.39,4011.11,3985.0,26.110000000000127,14.087857142857112,0.12,313.3200000000015,258.1799999999985,0.84,0.0,257.3399999999985,0.8240137878207494,0.8213328226732964,trail,True,1.9969360398314675,0.0968977403293829,0,True,range,0,1.0,False,,False,1.125,0.03@4024.16:tp1;0.03@4037.22:tp1;0.03@4050.28:tp1;0.03@4018.84:trail,20560.66,109.68252147124504,2026-06
M10#6005432,M10,6005432,IMB,buy,0.661,A,2026-06-30 12:50:00,2026-06-30 15:56:00,2026-06-30 22:51:00,415.0,4011.11,4011.11,3988.52,4022.41,4067.59,4011.11,3988.52,22.590000000000146,6.301428571428622,0.22,496.98000000000326,385.6599999999953,1.5400000000000003,0.0,384.1199999999953,0.7760070827799767,0.77290836653385,trail,True,2.308100929614853,0.11199645861001256,0,True,range,1,1.5,False,,False,1.125,0.05@4022.41:tp1;0.05@4033.70:tp1;0.05@4045.00:tp1;0.07@4017.79:trail,20944.779999999995,110.4554298377789,2026-06
M5#10002674,M5,10002674,IMB,buy,0.618,B,2026-07-01 03:40:00,2026-07-01 03:41:00,2026-07-01 04:05:00,24.0,3997.31,3997.31,3988.52,4001.7,4019.28,3997.31,3988.52,8.789999999999964,3.504999999999914,0.19,167.0099999999993,-168.90999999999758,1.33,0.0,-170.2399999999976,-1.0113765642775778,-1.0193401592718896,sl,False,0.26166097838454966,1.4573378839590443,0,False,range,0,1.0,False,,False,0.5625,0.04@3988.42:sl;0.04@3988.42:sl;0.04@3988.42:sl;0.07@3988.42:sl,20774.539999999997,109.436089678507,2026-07
M5#9004805,M5,9004805,OB,buy,0.588,B,2026-07-01 06:05:00,2026-07-01 06:33:00,2026-07-01 06:44:00,11.0,3977.69,3977.69,3972.48,3980.3,3990.72,3977.69,3972.48,5.210000000000036,4.11000000000003,0.16,83.36000000000058,9.2400000000016,1.12,0.0,8.1200000000016,0.11084452975049827,0.09740882917468262,partial_be,True,0.8522072936660314,0.22456813819578975,0,False,range,-1,0.5,False,,False,0.5625,0.04@3980.30:tp1;0.04@3977.59:be;0.04@3977.59:be;0.04@3977.59:be,20782.66,109.53349850768168,2026-07
M15#6003750,M15,6003750,IMB,buy,0.73,A,2026-07-01 15:30:00,2026-07-01 16:08:00,2026-07-01 16:37:00,29.0,4015.03,4015.03,3998.66,4023.22,4055.96,4015.03,3998.66,16.370000000000346,8.907857142857113,0.21,343.7700000000073,491.1799999999962,1.4700000000000002,0.0,489.70999999999617,1.4288041423044062,1.424528027460179,tp2,True,2.6414172266340175,0.14477703115456905,0,True,range,0,1.0,False,,False,1.125,0.05@4023.22:tp1;0.05@4031.40:tp1;0.05@4039.59:tp1;0.06@4055.96:tp2,21272.369999999995,110.95802653514187,2026-07
M5#10002839,M5,10002839,IMB,sell,0.569,B,2026-07-02 01:15:00,2026-07-02 01:46:00,2026-07-02 03:06:00,80.0,4041.94,4041.94,4051.2,4037.31,4018.79,4051.2,4041.94,9.259999999999764,3.423571428571482,0.38,351.879999999991,178.60999999999964,2.66,0.0,175.94999999999965,0.5075878140275213,0.5000284187791411,trail,True,1.186825053995687,0.3812095032397231,0,True,range,0,1.0,False,,False,1.125,0.09@4037.31:tp1;0.09@4032.68:tp1;0.09@4039.26:trail;0.11@4039.26:trail,21448.319999999996,111.458054953921,2026-07
M10#6005525,M10,6005525,IMB,sell,0.645,B,2026-07-01 23:40:00,2026-07-02 01:06:00,2026-07-02 03:06:00,120.0,4039.61,4039.61,4051.2,4033.82,4010.64,4051.2,4039.61,11.58999999999969,6.208571428571498,0.15,173.84999999999536,16.170000000000982,1.05,0.0,15.120000000000982,0.09301121656601331,0.0869715271786102,partial_be,True,0.7471958584987132,0.5056082830025737,0,False,range,0,1.0,False,,False,0.5625,0.03@4033.82:tp1;0.03@4039.71:be;0.03@4039.71:be;0.06@4039.71:be,21463.44,111.54502648109961,2026-07
M5#10002852,M5,10002852,OB,buy,0.58,B,2026-07-02 04:10:00,2026-07-02 04:33:00,2026-07-02 04:44:00,11.0,4046.67,4046.67,4039.22,4050.4,4065.3,4046.67,4039.22,7.450000000000273,6.647142857142983,0.23,171.35000000000628,83.71999999999753,1.6099999999999999,0.0,82.10999999999753,0.4885906040268133,0.47919463087245123,trail,True,1.1691275167784856,0.0604026845637928,0,False,range,0,1.0,False,,False,0.5625,0.05@4050.40:tp1;0.05@4054.12:tp1;0.05@4048.81:trail;0.08@4048.81:trail,21545.549999999996,112.02422111197207,2026-07
M5#10002910,M5,10002910,OB,buy,0.63,B,2026-07-02 16:50:00,2026-07-02 17:10:00,2026-07-02 17:19:00,9.0,4124.25,4124.25,4112.97,4129.89,4152.45,4124.25,4112.97,11.279999999999745,11.075000000000014,0.15,169.19999999999618,80.27999999999793,1.05,0.0,79.22999999999793,0.47446808510638144,0.46826241134751606,trail,True,1.0593971631205752,0.04078014184397578,0,False,range,0,1.0,False,,False,0.5625,0.03@4129.89:tp1;0.03@4135.53:tp1;0.03@4127.53:trail;0.06@4127.53:trail,21624.779999999995,112.49248352331958,2026-07
M5#10002955,M5,10002955,IMB,buy,0.655,A,2026-07-03 08:55:00,2026-07-03 09:02:00,2026-07-03 09:11:00,9.0,4167.52,4167.52,4161.6,4170.48,4182.32,4167.52,4161.6,5.920000000000073,3.9528571428569585,0.6,355.20000000000437,39.89999999997053,4.2,0.0,35.69999999997053,0.11233108108099674,0.10050675675667255,partial_be,True,0.6182432432432111,0.501689189189226,0,True,range,0,1.0,False,,False,1.125,0.15@4170.48:tp1;0.15@4167.42:be;0.15@4167.42:be;0.15@4167.42:be,21660.479999999967,112.59299028007625,2026-07
M10#6005578,M10,6005578,IMB,buy,0.671,A,2026-07-03 09:00:00,2026-07-03 09:02:00,2026-07-03 12:26:00,204.0,4167.52,4167.52,4150.89,4175.84,4209.1,4167.52,4150.89,16.63000000000011,4.614999999999976,0.21,349.23000000000235,178.53999999998814,1.4700000000000002,0.0,177.06999999998814,0.5112390115396356,0.5070297511668155,trail,True,1.1371016235718419,0.4269392663860684,0,True,range,0,1.0,False,,False,1.125,0.05@4175.84:tp1;0.05@4184.15:tp1;0.05@4172.41:trail;0.06@4172.41:trail,21837.549999999956,113.10002003124306,2026-07
M5#10002954,M5,10002954,IMB,buy,0.672,A,2026-07-03 15:05:00,2026-07-03 17:08:00,2026-07-06 01:00:00,3352.0,4159.21,4159.21,4150.89,4163.37,4180.01,4159.21,4150.89,8.319999999999709,2.718571428571327,0.21,174.71999999999392,249.59999999999675,1.4700000000000002,0.0,248.12999999999676,1.4285714285714597,1.420157967032998,tp2,True,3.295673076923201,0.4663461538461833,0,False,range,0,1.0,False,,False,0.5625,0.05@4163.37:tp1;0.05@4167.53:tp1;0.05@4171.69:tp1;0.06@4180.01:tp2,22085.679999999953,114.52017799827605,2026-07
M10#6005609,M10,6005609,OB,sell,0.626,B,2026-07-06 03:20:00,2026-07-06 03:45:00,2026-07-06 04:02:00,17.0,4187.83,4187.83,4200.4,4181.55,4156.41,4200.4,4187.83,12.569999999999709,9.062142857142785,0.14,175.97999999999595,85.90999999999894,0.9800000000000001,0.0,84.92999999999894,0.48818047505398865,0.48261166041596143,trail,True,1.20127287191732,0.11217183770882157,0,False,range,0,1.0,False,,False,0.5625,0.03@4181.55:tp1;0.03@4175.26:tp1;0.03@4184.16:trail;0.05@4184.16:trail,22170.609999999953,115.00278965869201,2026-07
M10#6005727,M10,6005727,IMB,buy,0.633,B,2026-07-09 04:50:00,2026-07-09 06:13:00,2026-07-09 07:18:00,65.0,4057.5,4057.5,4046.97,4062.77,4083.83,4057.5,4046.97,10.5300000000002,7.5978571428571025,0.34,358.0200000000068,39.56000000000222,2.3800000000000003,0.0,37.18000000000222,0.11049662030054597,0.1038489469862061,partial_be,True,0.6647673314339855,0.31623931623930335,0,True,range,0,1.0,False,,False,1.125,0.08@4062.77:tp1;0.08@4057.40:be;0.08@4057.40:be;0.1@4057.40:be,22207.789999999957,115.10663860567821,2026-07
M10#6005737,M10,6005737,OB,sell,0.591,B,2026-07-09 07:20:00,2026-07-09 08:11:00,2026-07-09 08:30:00,19.0,4072.92,4072.92,4080.4,4069.18,4054.22,4080.4,4072.92,7.480000000000018,6.0850000000000035,0.24,179.52000000000044,20.280000000003383,1.68,0.0,18.600000000003384,0.11296791443852125,0.10360962566846779,partial_be,True,0.8128342245989187,0.4224598930481079,0,False,range,0,1.0,False,,False,0.5625,0.06@4069.18:tp1;0.06@4073.04:be;0.06@4073.04:be;0.06@4073.04:be,22226.38999999996,115.21024823134668,2026-07
M5#10003240,M5,10003240,IMB,sell,0.706,A,2026-07-09 08:05:00,2026-07-09 09:00:00,2026-07-09 09:21:00,21.0,4097.8,4097.8,4116.71,4088.35,4050.53,4116.71,4097.8,18.909999999999854,4.083571428571498,0.19,359.28999999999724,36.30000000000928,1.33,0.0,34.97000000000928,0.10103259205658258,0.09733084694817432,partial_be,True,0.5002644103648921,0.11263881544157195,0,True,range,0,1.0,False,,False,1.125,0.04@4088.35:tp1;0.04@4097.90:be;0.04@4097.90:be;0.07@4097.90:be,22261.359999999968,115.30757907829485,2026-07
M10#6005715,M10,6005715,IMB,sell,0.645,B,2026-07-09 08:10:00,2026-07-09 09:00:00,2026-07-09 09:21:00,21.0,4097.8,4097.8,4116.48,4088.46,4051.1,4116.48,4097.8,18.67999999999938,5.8585714285714925,0.19,354.91999999998825,35.86000000000877,1.33,0.0,34.53000000000877,0.1010368533754366,0.09728953003496538,partial_be,True,0.5064239828693977,0.11402569593148713,0,True,range,0,1.0,False,,False,1.125,0.04@4088.46:tp1;0.04@4097.90:be;0.04@4097.90:be;0.07@4097.90:be,22295.889999999978,115.40486860832982,2026-07
M15#6003873,M15,6003873,IMB,sell,0.622,B,2026-07-08 22:15:00,2026-07-09 09:00:00,2026-07-09 11:23:00,143.0,4091.99,4091.99,4116.48,4079.74,4030.77,4116.48,4091.99,24.48999999999978,10.06357142857142,0.14,342.859999999997,-344.26000000000204,0.9800000000000001,0.0,-345.24000000000206,-1.004083299305854,-1.0069416088199412,sl,False,0.1490404246631143,1.0592078399346974,0,True,range,0,1.0,False,,False,1.125,0.03@4116.58:sl;0.03@4116.58:sl;0.03@4116.58:sl;0.05@4116.58:sl,21950.649999999976,114.39792699950988,2026-07
M30#6001957,M30,6001957,IMB,sell,0.572,B,2026-07-08 16:30:00,2026-07-09 09:00:00,2026-07-09 15:08:00,368.0,4091.99,4091.99,4118.15,4078.91,4026.59,4118.15,4091.99,26.159999999999854,18.054285714285697,0.13,340.0799999999981,-341.38000000000284,0.91,0.0,-342.29000000000286,-1.0038226299694328,-1.0064984709480262,sl,False,0.13952599388377893,1.0443425076452895,0,True,range,0,1.0,False,,False,1.125,0.03@4118.25:sl;0.03@4118.25:sl;0.03@4118.25:sl;0.04@4118.25:sl,21608.35999999997,113.39142852856185,2026-07
M30#6001969,M30,6001969,IMB,buy,0.585,B,2026-07-09 13:30:00,2026-07-09 13:52:00,2026-07-09 16:17:00,145.0,4095.96,4095.96,4084.11,4101.89,4125.59,4095.96,4084.11,11.849999999999909,10.3892857142858,0.15,177.74999999999864,284.4300000000012,1.05,0.0,283.3800000000012,1.600168776371327,1.5942616033755463,tp2,True,2.579746835443033,0.18565400843880464,0,False,range,0,1.0,False,,False,0.5625,0.03@4101.89:tp1;0.03@4107.81:tp1;0.03@4113.73:tp1;0.06@4125.59:tp2,21891.739999999972,114.98569013193739,2026-07
M5#10003352,M5,10003352,UW,sell,0.557,B,2026-07-09 18:30:00,2026-07-09 18:43:00,2026-07-09 18:51:00,8.0,4130.74,4130.74,4135.54,4128.34,4118.74,4135.54,4130.74,4.800000000000182,4.822857142857044,0.37,177.60000000000673,18.79999999998654,2.59,0.0,16.20999999998654,0.10585585585577606,0.09127252252244328,partial_be,True,0.506249999999852,0.38125000000015985,0,False,range,0,1.0,False,,False,0.5625,0.09@4128.34:tp1;0.09@4130.84:be;0.09@4130.84:be;0.1@4130.84:be,21907.94999999996,115.07696265445983,2026-07
M10#6005829,M10,6005829,IMB,buy,0.581,B,2026-07-10 23:50:00,2026-07-13 01:00:00,2026-07-13 01:00:00,0.0,4099.11,4108.22,4105.03,4109.82,4116.2,4108.22,4105.03,3.1900000000005093,3.245714285714127,0.56,178.64000000002855,-33.59999999996944,3.9200000000000004,0.0,-37.51999999996944,-0.1880877742944697,-0.21003134796217782,sl,False,0.3573667711599202,4.031347962381699,0,False,range,0,1.0,False,,False,0.5625,0.14@4098.51:sl;0.14@4098.51:sl;0.14@4098.51:sl;0.14@4098.51:sl,21870.429999999993,114.86693130649766,2026-07
M10#6005846,M10,6005846,OB,sell,0.602,B,2026-07-13 06:50:00,2026-07-13 08:08:00,2026-07-13 08:35:00,27.0,4067.12,4067.12,4075.44,4062.96,4046.32,4075.44,4067.12,8.320000000000164,7.827857142857089,0.1,83.20000000000164,59.51999999999953,0.7000000000000001,0.0,58.819999999999524,0.7153846153845956,0.7069711538461342,trail,True,1.7572115384614908,0.7307692307692076,0,False,range,-1,0.5,False,,False,0.5625,0.02@4062.96:tp1;0.02@4058.80:tp1;0.02@4054.64:tp1;0.04@4064.72:trail,21929.249999999993,115.5739024603438,2026-07
M30#6001994,M30,6001994,OB,sell,0.578,B,2026-07-14 15:30:00,2026-07-14 15:33:00,2026-07-14 18:07:00,154.0,4101.51,4101.51,4119.32,4092.61,4056.99,4119.32,4101.51,17.80999999999949,9.255000000000043,0.1,178.0999999999949,127.80000000000018,0.7000000000000001,0.0,127.10000000000018,0.7175743964065348,0.7136440202133847,trail,True,1.8102189781022548,0.09882088714201905,0,False,range,0,1.0,False,,False,0.5625,0.02@4092.61:tp1;0.02@4083.70:tp1;0.02@4074.80:tp1;0.04@4096.27:trail,22056.34999999999,116.28754648055718,2026-07
M15#6003988,M15,6003988,IMB,buy,0.705,A,2026-07-14 17:45:00,2026-07-14 18:42:00,2026-07-15 05:18:00,636.0,4068.98,4068.98,4030.85,4088.05,4164.31,4068.98,4030.85,38.13000000000011,16.74857142857143,0.07,266.9100000000007,-267.6100000000001,0.48999999999999994,-10.500000000000002,-278.60000000000014,-1.0026226068712278,-1.0437975347495387,sl,False,0.1964332546551209,1.033831628638866,0,False,range,1,1.5,False,,False,0.5625,0.01@4030.75:sl;0.01@4030.75:sl;0.01@4030.75:sl;0.04@4030.75:sl,21777.749999999993,115.24374894580764,2026-07
M5#10003672,M5,10003672,IMB,buy,0.779,A,2026-07-15 16:35:00,2026-07-15 17:46:00,2026-07-15 18:10:00,24.0,4053.67,4053.67,4040.0,4060.51,4087.85,4053.67,4040.0,13.670000000000073,7.120000000000053,0.13,177.71000000000095,19.520000000001346,0.91,0.0,18.610000000001346,0.10984187721569547,0.10472117494795592,partial_be,True,0.6737381126554489,0.040965618141912394,0,False,range,0,1.0,False,,False,0.5625,0.03@4060.51:tp1;0.03@4053.57:be;0.03@4053.57:be;0.04@4053.57:be,21796.359999999993,115.3484701207556,2026-07
M10#6005932,M10,6005932,IMB,sell,0.608,B,2026-07-15 23:50:00,2026-07-16 01:00:00,2026-07-16 01:11:00,11.0,4064.66,4064.66,4070.81,4061.59,4049.28,4070.81,4064.66,6.150000000000091,5.331428571428497,0.29,178.35000000000267,19.28999999998996,2.0300000000000002,4.3500000000000005,21.60999999998996,0.10815811606386135,0.12116624614516197,partial_be,True,0.5463414634146467,0.28455284552845106,0,False,range,0,1.0,False,,False,0.5625,0.07@4061.59:tp1;0.07@4064.76:be;0.07@4064.76:be;0.08@4064.76:be,21817.969999999983,115.46963636690076,2026-07
M10#6005927,M10,6005927,IMB,buy,0.628,B,2026-07-15 22:50:00,2026-07-16 03:59:00,2026-07-16 04:23:00,24.0,4047.07,4047.07,4038.89,4051.16,4067.52,4047.07,4038.89,8.180000000000291,7.242857142857084,0.22,179.96000000000643,-182.1600000000044,1.5400000000000003,0.0,-183.7000000000044,-1.012224938875294,-1.0207823960880076,sl,False,0.40586797066009667,1.1381418092909064,0,False,range,0,1.0,False,,False,0.5625,0.05@4038.79:sl;0.05@4038.79:sl;0.05@4038.79:sl;0.07@4038.79:sl,21634.26999999998,114.44885397081275,2026-07
M10#6005902,M10,6005902,OB,sell,0.676,A,2026-07-15 16:20:00,2026-07-15 21:30:00,2026-07-16 04:24:00,414.0,4078.92,4078.92,4095.98,4070.39,4036.27,4095.98,4078.92,17.059999999999945,7.378571428571474,0.1,170.59999999999945,272.96000000000095,0.7000000000000001,0.6,272.860000000001,1.6000000000000107,1.5994138335287331,tp2,True,2.521101992966023,0.17233294255568957,0,False,range,0,1.0,False,,False,0.5625,0.02@4070.39:tp1;0.02@4061.86:tp1;0.02@4053.33:tp1;0.04@4036.27:tp2,21907.12999999998,116.04826780434148,2026-07
M5#10003790,M5,10003790,IMB,buy,0.645,B,2026-07-16 18:55:00,2026-07-16 18:56:00,2026-07-16 19:04:00,8.0,4007.01,4007.01,3998.99,4011.02,4027.06,4007.01,3998.99,8.020000000000437,6.422857142857116,0.22,176.44000000000963,-178.6400000000076,1.5400000000000003,0.0,-180.1800000000076,-1.0124688279301624,-1.021197007481284,sl,False,0.07730673316706448,1.00997506234413,0,False,range,0,1.0,False,,False,0.5625,0.05@3998.89:sl;0.05@3998.89:sl;0.05@3998.89:sl;0.07@3998.89:sl,21726.94999999997,115.02707079686019,2026-07
M10#6006028,M10,6006028,UW,sell,0.63,B,2026-07-20 01:40:00,2026-07-20 03:20:00,2026-07-20 03:59:00,39.0,4001.29,4001.29,4009.89,3996.99,3979.79,4009.89,4001.29,8.599999999999909,5.716428571428586,0.41,352.59999999999627,-356.6999999999926,2.87,0.0,-359.5699999999926,-1.011627906976734,-1.019767441860455,sl,False,0.33488372093024876,1.0220930232558205,0,True,range,0,1.0,False,,False,1.125,0.1@4009.99:sl;0.1@4009.99:sl;0.1@4009.99:sl;0.11@4009.99:sl,21367.37999999998,114.00730335499973,2026-07
M5#10003922,M5,10003922,IMB,sell,0.674,A,2026-07-20 01:30:00,2026-07-20 03:20:00,2026-07-20 04:02:00,42.0,4002.27,4002.27,4015.44,3995.68,3969.34,4015.44,4002.27,13.170000000000073,4.564285714285753,0.06,79.02000000000045,-79.61999999999989,0.42000000000000004,0.0,-80.03999999999989,-1.0075930144267202,-1.0129081245254294,sl,False,0.2930903568716861,1.0311313591496056,0,False,range,-1,0.5,False,,False,0.5625,0.01@4015.54:sl;0.01@4015.54:sl;0.01@4015.54:sl;0.03@4015.54:sl,21287.33999999998,112.99439523047431,2026-07
M15#6004036,M15,6004036,OB,sell,0.61,B,2026-07-17 19:45:00,2026-07-20 05:48:00,2026-07-20 10:42:00,294.0,4024.25,4024.25,4038.33,4017.21,3989.05,4038.33,4024.25,14.079999999999927,11.691428571428528,0.06,84.47999999999958,54.599999999999454,0.42000000000000004,0.0,54.17999999999945,0.6463068181818149,0.641335227272724,trail,True,1.5767045454545408,0.3075284090909055,0,False,range,-1,0.5,False,,False,0.5625,0.01@4017.21:tp1;0.01@4010.17:tp1;0.01@4003.13:tp1;0.03@4020.13:trail,21341.51999999998,113.63573045774703,2026-07
M5#10003971,M5,10003971,IMB,sell,0.648,B,2026-07-20 16:50:00,2026-07-20 18:09:00,2026-07-20 19:06:00,57.0,4017.48,4017.48,4024.89,4013.78,3998.96,4024.89,4017.48,7.4099999999998545,4.715714285714349,0.11,81.5099999999984,6.500000000000455,0.77,0.0,5.730000000000455,0.079744816586929,0.07029812292970884,partial_be,True,0.9446693657220159,0.3022941970310156,0,False,range,-1,0.5,False,,False,0.5625,0.02@4013.78:tp1;0.02@4017.58:be;0.02@4017.58:be;0.05@4017.58:be,21347.249999999978,113.70602858067674,2026-07
M5#10004014,M5,10004014,UW,buy,0.645,B,2026-07-21 04:30:00,2026-07-21 04:39:00,2026-07-21 04:45:00,6.0,4023.59,4023.59,4018.26,4026.26,4036.91,4023.59,4018.26,5.329999999999927,5.10714285714289,0.33,175.8899999999976,18.859999999991487,2.31,0.0,16.54999999999149,0.1072261072260603,0.09409289897090065,partial_be,True,0.5065666041275525,0.20637898686686282,0,False,range,0,1.0,False,,False,0.5625,0.08@4026.26:tp1;0.08@4023.49:be;0.08@4023.49:be;0.09@4023.49:be,21363.79999999997,113.80012147964764,2026-07
M15#6004149,M15,6004149,IMB,buy,0.656,A,2026-07-22 10:30:00,2026-07-22 10:41:00,2026-07-22 15:56:00,315.0,4111.69,4111.69,4099.44,4117.81,4142.31,4111.69,4099.44,12.25,6.337857142856982,0.28,343.00000000000006,282.1700000000156,1.9600000000000002,0.0,280.2100000000156,0.8226530612245351,0.8169387755102495,trail,True,1.8669387755102693,0.42367346938772243,0,True,range,0,1.0,False,,False,1.125,0.07@4117.81:tp1;0.07@4123.94:tp1;0.07@4130.06:tp1;0.07@4115.26:trail,21644.009999999987,114.6170602551579,2026-07
M5#10004347,M5,10004347,IMB,buy,0.687,A,2026-07-24 18:35:00,2026-07-24 18:43:00,2026-07-24 19:30:00,47.0,4071.99,4071.99,4064.72,4075.62,4090.16,4071.99,4064.72,7.269999999999982,5.723571428571469,0.24,174.47999999999956,19.980000000002292,1.68,0.0,18.300000000002292,0.1145116918844701,0.10488308115544669,partial_be,True,0.8239339752407498,0.24484181568084593,0,False,range,0,1.0,False,,False,0.5625,0.06@4075.62:tp1;0.06@4071.89:be;0.06@4071.89:be;0.06@4071.89:be,21662.30999999999,114.72194333631334,2026-07
M5#10004676,M5,10004676,OB,sell,0.629,B,2026-07-30 10:00:00,2026-07-30 10:01:00,2026-07-30 10:04:00,3.0,4041.88,4041.88,4047.96,4038.84,4026.68,4047.96,4041.88,6.079999999999927,4.902142857142865,0.29,176.31999999999792,-179.21999999999528,2.0300000000000002,0.0,-181.24999999999528,-1.0164473684210378,-1.027960526315775,sl,False,0.0,1.0476973684210473,0,False,range,0,1.0,False,,False,0.5625,0.07@4048.06:sl;0.07@4048.06:sl;0.07@4048.06:sl;0.08@4048.06:sl,21481.059999999994,113.69398280999756,2026-07
H1#6001037,H1,6001037,OB,buy,0.577,B,2026-07-30 02:00:00,2026-07-30 08:38:00,2026-07-30 16:53:00,495.0,4032.67,4032.67,4004.78,4046.61,4102.39,4032.67,4004.78,27.889999999999873,24.95500000000006,0.06,167.33999999999926,292.83000000000084,0.42000000000000004,0.0,292.4100000000008,1.7499103621369794,1.7474005019720456,tp2,True,2.519899605593405,0.153460021513095,0,False,range,0,1.0,False,,False,0.5625,0.01@4046.61:tp1;0.01@4060.56:tp1;0.01@4074.51:tp1;0.03@4102.39:tp2,21773.469999999994,115.44138331196962,2026-07
M10#6006447,M10,6006447,OB,buy,0.571,B,2026-07-30 23:10:00,2026-07-30 23:43:00,2026-07-30 23:50:00,7.0,4104.5,4104.5,4099.73,4106.89,4116.43,4104.5,4099.73,4.770000000000437,4.822142857142808,0.56,267.1200000000245,-272.7199999999939,3.9200000000000004,0.0,-276.6399999999939,-1.0209643605868857,-1.0356394129977857,sl,False,0.0,1.1362683438154249,0,False,range,1,1.5,False,,False,0.5625,0.14@4099.63:sl;0.14@4099.63:sl;0.14@4099.63:sl;0.14@4099.63:sl,21496.83,114.40574389897183,2026-07
M15#6004503,M15,6004503,IMB,buy,0.666,A,2026-08-05 12:15:00,2026-08-05 12:21:00,2026-08-05 17:10:00,289.0,4157.1,4157.1,4142.02,4166.15,4229.48,4157.1,4142.02,15.079999999999927,8.91071428571422,0.31,467.47999999999774,1167.1799999999803,2.17,0.0,1165.0099999999802,2.4967485240009966,2.492106614186673,tp2,True,5.002652519893897,0.4701591511936459,0,True,trend,0,1.0,False,,False,1.5,0.07@4166.15:tp1;0.07@4175.20:tp1;0.07@4193.29:tp1;0.1@4229.48:tp2,22661.839999999982,116.8978505131585,2026-08
M10#6006666,M10,6006666,OB,buy,0.641,B,2026-08-05 23:30:00,2026-08-05 23:47:00,2026-08-06 02:35:00,168.0,4243.81,4243.81,4238.63,4246.92,4268.67,4243.81,4238.63,5.180000000000291,5.397857142857187,1.1,569.8000000000321,1308.4599999999473,7.700000000000001,-41.5,1259.2599999999472,2.2963495963493745,2.210003510003293,tp2,True,5.96525096525056,0.1698841698841814,0,False,trend,2,2.25,False,,False,0.75,0.27@4246.92:tp1;0.27@4250.03:tp1;0.27@4256.24:tp1;0.29@4268.67:tp2,23921.09999999993,119.10785402316179,2026-08
M5#11003056,M5,11003056,IMB,buy,0.679,A,2026-08-05 17:45:00,2026-08-05 19:03:00,2026-08-06 03:55:00,532.0,4225.75,4225.75,4210.75,4234.75,4297.75,4225.75,4210.75,15.0,10.063571428571517,0.08,120.0,270.0,0.56,-1.0,268.44,2.25,2.237,tp2,True,4.964000000000002,0.07399999999997817,0,False,trend,-1,0.5,False,,False,0.75,0.02@4234.75:tp1;0.02@4243.75:tp1;0.02@4261.75:tp1;0.02@4297.75:tp2,24189.539999999928,121.34485402316179,2026-08
M10#6006686,M10,6006686,UW,buy,0.524,C,2026-08-06 09:30:00,2026-08-06 09:35:00,2026-08-06 09:51:00,16.0,4253.9,4253.9,4247.15,4257.95,4286.3,4253.9,4247.15,6.75,6.469285714285563,0.79,533.25,70.9500000000362,5.53,0.0,65.4200000000362,0.13305203938122118,0.12268166901085081,partial_be,True,0.6355555555555502,0.6711111111110734,0,True,trend,0,1.0,False,,False,1.5,0.19@4257.95:tp1;0.19@4253.80:be;0.19@4253.80:be;0.22@4253.80:be,24254.959999999963,121.46753569217263,2026-08
M5#11003136,M5,11003136,OB,sell,0.622,B,2026-08-06 16:10:00,2026-08-06 16:37:00,2026-08-06 16:42:00,5.0,4256.13,4256.13,4270.29,4247.63,4188.16,4270.29,4256.13,14.159999999999854,7.488571428571309,0.18,254.87999999999744,-256.68000000000393,1.2600000000000002,0.0,-257.9400000000039,-1.0070621468926808,-1.0120056497175396,sl,False,0.0,1.1659604519774285,0,False,trend,0,1.0,False,,False,0.75,0.04@4270.39:sl;0.04@4270.39:sl;0.04@4270.39:sl;0.06@4270.39:sl,23997.01999999996,120.4555300424551,2026-08
M5#11003144,M5,11003144,IMB,buy,0.551,B,2026-08-06 17:35:00,2026-08-06 18:17:00,2026-08-06 18:23:00,6.0,4258.58,4258.58,4252.24,4262.38,4289.01,4258.58,4252.24,6.3400000000001455,8.458571428571434,0.21,133.14000000000308,-135.2399999999916,1.4700000000000002,0.0,-136.7099999999916,-1.0157728706623739,-1.026813880126096,sl,False,0.0,1.2618296529968165,0,False,trend,-1,0.5,False,,False,0.75,0.05@4252.14:sl;0.05@4252.14:sl;0.05@4252.14:sl;0.06@4252.14:sl,23860.30999999997,119.428716162329,2026-08
M10#6006718,M10,6006718,IMB,buy,0.635,B,2026-08-06 17:40:00,2026-08-06 18:17:00,2026-08-06 18:35:00,18.0,4258.58,4258.58,4248.18,4264.82,4308.5,4258.58,4248.18,10.399999999999636,12.33214285714283,0.51,530.3999999999814,-535.5,3.5700000000000003,0.0,-539.07,-1.0096153846154199,-1.0163461538461895,sl,False,0.05480769230766624,1.097115384615409,0,True,trend,0,1.0,False,,False,1.5,0.12@4248.08:sl;0.12@4248.08:sl;0.12@4248.08:sl;0.15@4248.08:sl,23321.23999999997,118.41237000848281,2026-08
M10#6006658,M10,6006658,IMB,buy,0.713,A,2026-08-05 17:50:00,2026-08-05 19:03:00,2026-08-06 19:16:00,1453.0,4225.75,4225.75,4206.67,4237.2,4317.33,4225.75,4206.67,19.079999999999927,13.183571428571538,0.51,973.0799999999963,960.1799999999876,3.5700000000000003,-13.5,943.1099999999875,0.9867431249229162,0.9692008879023216,partial_be,True,4.104297693920372,0.05817610062891388,0,True,trend,2,2.0,False,,False,1.5,0.12@4237.20:tp1;0.12@4248.65:tp1;0.12@4271.54:tp1;0.15@4225.65:be,24264.349999999955,119.38157089638513,2026-08
M5#11003308,M5,11003308,UW,sell,0.605,B,2026-08-10 04:30:00,2026-08-10 05:29:00,2026-08-10 07:13:00,104.0,4332.09,4332.09,4340.79,4326.87,4290.33,4340.79,4332.09,8.699999999999818,5.48642857142886,0.14,121.79999999999747,46.18000000000665,0.9800000000000001,0.0,45.20000000000665,0.3791461412151692,0.3711001642036748,partial_be,True,1.6402298850574513,0.0793103448276464,0,False,trend,-1,0.5,False,,False,0.75,0.03@4326.87:tp1;0.03@4321.65:tp1;0.03@4332.19:be;0.05@4332.19:be,24309.549999999963,119.7526710605888,2026-08
M15#6004583,M15,6004583,OB,buy,0.617,B,2026-08-07 17:30:00,2026-08-10 04:05:00,2026-08-10 15:26:00,681.0,4325.16,4325.16,4309.33,4334.66,4401.14,4325.16,4309.33,15.829999999999927,18.097142857142767,0.32,506.5599999999977,226.40000000000873,2.24,0.0,224.16000000000872,0.4469361970941444,0.4425142135186548,partial_be,True,2.323436512950089,0.7593177511054695,0,True,trend,0,1.0,False,,False,1.5,0.08@4334.66:tp1;0.08@4344.16:tp1;0.08@4325.06:be;0.08@4325.06:be,24533.70999999997,120.19518527410744,2026-08
M30#6002339,M30,6002339,OB,buy,0.624,B,2026-08-07 18:00:00,2026-08-10 04:05:00,2026-08-10 15:26:00,681.0,4325.16,4325.16,4309.33,4334.66,4401.14,4325.16,4309.33,15.829999999999927,19.171428571428546,0.32,506.5599999999977,226.40000000000873,2.24,0.0,224.16000000000872,0.4469361970941444,0.4425142135186548,partial_be,True,2.323436512950089,0.7593177511054695,0,True,trend,0,1.0,False,,False,1.5,0.08@4334.66:tp1;0.08@4344.16:tp1;0.08@4325.06:be;0.08@4325.06:be,24757.869999999977,120.6376994876261,2026-08
M10#6006757,M10,6006757,OB,buy,0.681,A,2026-08-07 17:30:00,2026-08-10 04:05:00,2026-08-10 16:52:00,767.0,4323.82,4323.82,4309.33,4332.51,4393.37,4323.82,4309.33,14.489999999999782,17.615714285714084,0.35,507.14999999999236,485.78000000001794,2.45,0.0,483.33000000001795,0.9578625653160313,0.953031647441635,partial_be,True,2.630779848171185,0.7370600414078359,0,True,trend,0,1.0,False,,False,1.5,0.08@4332.51:tp1;0.08@4341.21:tp1;0.08@4358.60:tp1;0.11@4323.72:be,25241.199999999993,121.59073113506773,2026-08
M10#6006826,M10,6006826,UW,buy,0.572,B,2026-08-11 04:00:00,2026-08-11 04:01:00,2026-08-11 04:02:00,1.0,4402.32,4402.32,4396.38,4405.88,4430.83,4402.32,4396.38,5.9399999999996,5.594285714285759,0.44,261.3599999999824,-265.7599999999984,3.08,0.0,-268.8399999999984,-1.0168350168350793,-1.0286195286195918,sl,False,0.0,1.4326599326599128,0,False,trend,0,1.0,False,,False,0.75,0.11@4396.28:sl;0.11@4396.28:sl;0.11@4396.28:sl;0.11@4396.28:sl,24972.359999999993,120.56211160644814,2026-08
M15#6004623,M15,6004623,UW,buy,0.602,B,2026-08-11 05:15:00,2026-08-11 05:55:00,2026-08-11 07:42:00,107.0,4409.32,4409.32,4393.67,4418.71,4484.44,4409.32,4393.67,15.649999999999636,9.67071428571431,0.16,250.39999999999418,36.36000000000786,1.12,0.0,35.24000000000786,0.14520766773166416,0.14073482428118483,partial_be,True,0.7757188498402946,0.09392971246002424,0,False,trend,0,1.0,False,,False,0.75,0.04@4418.71:tp1;0.04@4409.22:be;0.04@4409.22:be;0.04@4409.22:be,25007.600000000002,120.70284643072932,2026-08
M5#11003492,M5,11003492,OB,buy,0.599,B,2026-08-12 08:30:00,2026-08-12 08:30:00,2026-08-12 08:35:00,5.0,4391.33,4391.33,4386.92,4393.98,4412.5,4391.33,4386.92,4.4099999999998545,3.0892857142857792,0.59,260.18999999999147,108.05999999998312,4.130000000000001,0.0,103.92999999998312,0.41531188746679987,0.3994388715937835,partial_be,True,1.2630385487528102,0.4920634920635248,0,False,trend,0,1.0,False,,False,0.75,0.14@4393.98:tp1;0.14@4396.62:tp1;0.14@4391.23:be;0.17@4391.23:be,25111.529999999984,121.10228530232311,2026-08
M10#6006895,M10,6006895,OB,buy,0.571,B,2026-08-12 13:10:00,2026-08-12 15:06:00,2026-08-12 15:30:00,24.0,4407.28,4407.28,4401.69,4410.63,4434.11,4407.28,4401.69,5.5900000000001455,5.239285714285805,0.7,391.3000000000102,397.26000000001847,4.9,0.0,392.3600000000185,1.0152312803475803,1.0027089189880098,partial_be,True,4.581395348837194,4.41323792486573,0,False,trend,1,1.5,False,,False,0.75,0.17@4410.63:tp1;0.17@4413.99:tp1;0.17@4420.70:tp1;0.19@4407.18:be,25503.890000000003,122.10499422131112,2026-08
M10#6006950,M10,6006950,OB,sell,0.614,B,2026-08-13 14:30:00,2026-08-13 15:30:00,2026-08-13 15:48:00,18.0,4396.63,4396.63,4406.25,4390.86,4350.45,4406.25,4396.63,9.61999999999989,4.132142857143078,0.27,259.73999999999705,102.36000000001059,1.8900000000000001,0.0,100.47000000001059,0.3940863940864393,0.38680988680993195,partial_be,True,1.6434511434511092,0.510395010395001,0,False,trend,0,1.0,False,,False,0.75,0.06@4390.86:tp1;0.06@4385.09:tp1;0.06@4396.73:be;0.09@4396.73:be,25604.360000000015,122.49180410812104,2026-08
M10#6006972,M10,6006972,OB,sell,0.626,B,2026-08-14 14:40:00,2026-08-14 16:32:00,2026-08-14 17:00:00,28.0,4390.13,4390.13,4401.78,4383.14,4334.21,4401.78,4390.13,11.649999999999636,4.3292857142857555,0.22,256.29999999999205,33.250000000008185,1.5400000000000003,0.0,31.710000000008186,0.12973078423725795,0.12372220054627066,partial_be,True,0.604291845493578,0.6111587982832715,0,False,trend,0,1.0,False,,False,0.75,0.05@4383.14:tp1;0.05@4390.23:be;0.05@4390.23:be;0.07@4390.23:be,25636.07000000002,122.61552630866731,2026-08
M5#11003790,M5,11003790,IMB,buy,0.67,A,2026-08-17 15:20:00,2026-08-17 15:26:00,2026-08-17 15:29:00,3.0,4384.06,4384.06,4379.5,4386.34,4395.46,4384.06,4379.5,4.5600000000004,3.214285714285649,0.87,396.7200000000348,200.78999999996267,6.09,0.0,194.69999999996267,0.5061252268601156,0.49077434966713446,trail,True,1.2346491228067338,0.4385964912280317,0,True,range,0,1.0,False,,False,1.125,0.21@4386.34:tp1;0.21@4388.62:tp1;0.21@4385.33:trail;0.24@4385.33:trail,25830.769999999986,123.10630065833445,2026-08
M10#6007045,M10,6007045,IMB,buy,0.599,B,2026-08-17 08:30:00,2026-08-17 15:26:00,2026-08-17 15:31:00,5.0,4384.06,4384.06,4376.02,4388.08,4404.16,4384.06,4376.02,8.039999999999964,4.9714285714285325,0.49,393.9599999999982,44.53999999998086,3.4299999999999997,0.0,41.10999999998086,0.1130571631637249,0.10435069550203331,partial_be,True,0.7388059701492073,0.24875621890547375,0,True,range,0,1.0,False,,False,1.125,0.12@4388.08:tp1;0.12@4383.96:be;0.12@4383.96:be;0.13@4383.96:be,25871.87999999997,123.21065135383648,2026-08
M15#6004757,M15,6004757,OB,buy,0.652,A,2026-08-17 13:45:00,2026-08-17 15:26:00,2026-08-18 03:23:00,717.0,4385.89,4385.89,4368.2,4394.74,4430.12,4385.89,4368.2,17.69000000000051,6.456428571428465,0.22,389.18000000001126,575.009999999992,1.5400000000000003,-3.5000000000000004,569.9699999999921,1.477491135207296,1.464540829436188,tp2,True,2.5189372526850313,0.49858677218769726,0,True,range,0,1.0,False,,False,1.125,0.05@4394.74:tp1;0.05@4403.58:tp1;0.05@4412.43:tp1;0.07@4430.12:tp2,26441.849999999962,124.67519218327267,2026-08
M10#6007120,M10,6007120,UW,buy,0.625,B,2026-08-18 17:10:00,2026-08-18 17:32:00,2026-08-18 17:35:00,3.0,4388.9,4388.9,4376.32,4395.19,4420.35,4388.9,4376.32,12.579999999999927,9.293571428571536,0.32,402.5599999999977,47.920000000012806,2.24,0.0,45.680000000012804,0.11903815580289419,0.11347376788556506,partial_be,True,0.581875993640752,0.2893481717010683,0,True,range,0,1.0,False,,False,1.125,0.08@4395.19:tp1;0.08@4388.80:be;0.08@4388.80:be;0.08@4388.80:be,26487.529999999973,124.78866595115824,2026-08
M5#11003951,M5,11003951,UW,buy,0.677,A,2026-08-18 17:00:00,2026-08-18 17:32:00,2026-08-18 17:35:00,3.0,4388.9,4388.9,4376.32,4395.19,4420.35,4388.9,4376.32,12.579999999999927,7.969285714285759,0.16,201.27999999999884,23.960000000006403,1.12,0.0,22.840000000006402,0.11903815580289419,0.11347376788556506,partial_be,True,0.581875993640752,0.2893481717010683,0,False,range,0,1.0,False,,False,0.5625,0.04@4395.19:tp1;0.04@4388.80:be;0.04@4388.80:be;0.04@4388.80:be,26510.36999999998,124.9021397190438,2026-08
M10#6007005,M10,6007005,OB,buy,0.612,B,2026-08-19 02:50:00,2026-08-19 04:02:00,2026-08-19 04:03:00,1.0,4326.89,4326.89,4318.34,4331.17,4348.27,4326.89,4318.34,8.550000000000182,5.052142857142891,0.24,205.20000000000437,23.879999999991924,1.68,0.0,22.199999999991924,0.11637426900580612,0.10818713450288232,partial_be,True,0.5426900584794525,0.28771929824561215,0,False,range,0,1.0,False,,False,0.5625,0.06@4331.17:tp1;0.06@4326.79:be;0.06@4326.79:be;0.06@4326.79:be,26532.569999999974,125.01032685354669,2026-08
M30#6002456,M30,6002456,IMB,sell,0.608,B,2026-08-18 20:00:00,2026-08-19 15:33:00,2026-08-19 15:36:00,3.0,4377.5,4377.5,4391.12,4370.69,4343.45,4391.12,4377.5,13.61999999999989,13.582857142857327,0.15,204.29999999999836,-205.80000000000382,1.05,0.0,-206.85000000000383,-1.0073421439060473,-1.0124816446402618,sl,False,0.0,1.4170337738619925,0,False,range,0,1.0,False,,False,0.5625,0.03@4391.22:sl;0.03@4391.22:sl;0.03@4391.22:sl;0.06@4391.22:sl,26325.719999999972,123.99784520890643,2026-08
M5#11003888,M5,11003888,IMB,sell,0.567,B,2026-08-19 15:35:00,2026-08-19 15:38:00,2026-08-19 15:41:00,3.0,4412.03,4412.03,4420.06,4408.01,4391.95,4420.06,4412.03,8.030000000000655,4.693571428571366,0.51,409.5300000000334,-414.6300000000055,3.5700000000000003,0.0,-418.2000000000055,-1.012453300124464,-1.0211706102116362,sl,False,0.34869240348680497,1.1195516811955115,0,True,range,0,1.0,False,,False,1.125,0.12@4420.16:sl;0.12@4420.16:sl;0.12@4420.16:sl;0.15@4420.16:sl,25907.519999999968,122.97667459869479,2026-08
M5#11004068,M5,11004068,IMB,buy,0.552,B,2026-08-20 01:45:00,2026-08-20 01:59:00,2026-08-20 02:23:00,24.0,4517.32,4517.32,4511.16,4521.02,4546.89,4517.32,4511.16,6.1599999999998545,2.861428571428665,0.43,264.8799999999938,33.700000000025284,3.0100000000000002,0.0,30.690000000025282,0.12722742373915008,0.11586378737551345,partial_be,True,1.0194805194806498,0.3360389610389217,0,True,trend,-1,0.5,False,,False,1.5,0.1@4521.02:tp1;0.1@4517.22:be;0.1@4517.22:be;0.13@4517.22:be,25938.209999999992,123.0925383860703,2026-08
M10#6007171,M10,6007171,OB,buy,0.658,A,2026-08-20 04:20:00,2026-08-20 04:51:00,2026-08-20 05:49:00,58.0,4488.88,4488.88,4475.32,4497.02,4553.97,4488.88,4475.32,13.5600000000004,6.804999999999966,0.39,528.8400000000156,70.25999999999203,2.73,0.0,67.52999999999203,0.13285681869750768,0.12769457680960222,partial_be,True,0.7942477876105611,0.32817109144540463,0,True,trend,0,1.0,False,,False,1.5,0.09@4497.02:tp1;0.09@4488.78:be;0.09@4488.78:be;0.12@4488.78:be,26005.739999999983,123.2202329628799,2026-08
M15#6004839,M15,6004839,OB,buy,0.6,B,2026-08-20 04:30:00,2026-08-20 04:53:00,2026-08-20 07:33:00,160.0,4487.85,4487.85,4475.32,4495.37,4547.99,4487.85,4475.32,12.530000000000655,7.702857142857023,0.43,538.7900000000283,71.89999999998327,3.0100000000000002,0.0,68.88999999998326,0.1334471686556534,0.12786057647688273,partial_be,True,1.0566640063846042,0.2729449321628008,0,True,trend,0,1.0,False,,False,1.5,0.1@4495.37:tp1;0.1@4487.75:be;0.1@4487.75:be;0.13@4487.75:be,26074.62999999997,123.34809353935678,2026-08
M10#6007224,M10,6007224,OB,buy,0.623,B,2026-08-21 06:20:00,2026-08-21 06:29:00,2026-08-21 08:17:00,108.0,4531.31,4531.31,4522.24,4536.75,4574.85,4531.31,4522.24,9.070000000000618,8.874285714285893,0.29,263.030000000018,112.73999999998615,2.0300000000000002,0.0,110.70999999998615,0.42862030947032065,0.4209025586434193,partial_be,True,1.8324145534728509,0.5148842337375694,0,False,trend,0,1.0,False,,False,0.75,0.07@4536.75:tp1;0.07@4542.19:tp1;0.07@4531.21:be;0.08@4531.21:be,26185.339999999953,123.7689960980002,2026-08
M10#6007247,M10,6007247,UW,buy,0.534,C,2026-08-21 14:20:00,2026-08-21 15:21:00,2026-08-21 15:30:00,9.0,4583.02,4583.02,4577.81,4586.15,4608.03,4583.02,4577.81,5.210000000000036,7.768571428571444,1.04,541.8400000000038,73.57999999995081,7.28,0.0,66.29999999995081,0.1357965451054745,0.12236084452965885,partial_be,True,0.9616122840689585,0.6295585412669159,0,True,trend,0,1.0,False,,False,1.5,0.26@4586.15:tp1;0.26@4582.92:be;0.26@4582.92:be;0.26@4582.92:be,26251.639999999905,123.89135694252985,2026-08
M5#11004257,M5,11004257,IMB,sell,0.646,B,2026-08-24 03:45:00,2026-08-24 03:48:00,2026-08-24 04:00:00,12.0,4612.68,4612.68,4628.44,4603.22,4537.03,4628.44,4612.68,15.759999999999309,8.946428571428637,0.17,267.91999999998825,-269.61999999999443,1.1900000000000002,0.0,-270.80999999999443,-1.006345177664998,-1.0107868020304804,sl,False,0.0755076142131759,1.053299492385856,0,False,trend,0,1.0,False,,False,0.75,0.04@4628.54:sl;0.04@4628.54:sl;0.04@4628.54:sl;0.05@4628.54:sl,25980.82999999991,122.88057014049937,2026-08
M5#11004263,M5,11004263,IMB,buy,0.574,B,2026-08-24 05:55:00,2026-08-24 21:08:00,2026-08-24 21:38:00,30.0,4626.57,4626.57,4618.94,4631.15,4663.19,4626.57,4618.94,7.630000000000109,8.468571428571522,0.17,129.71000000000186,54.06000000000404,1.1900000000000002,0.0,52.87000000000404,0.4167758846658181,0.4076015727392127,partial_be,True,2.044560943643531,0.192660550458627,0,False,trend,-1,0.5,False,,False,0.75,0.04@4631.15:tp1;0.04@4635.73:tp1;0.04@4626.47:be;0.05@4626.47:be,26033.699999999913,123.28817171323858,2026-08
H1#6001195,H1,6001195,OB,sell,0.575,B,2026-08-25 11:00:00,2026-08-25 18:36:00,2026-08-25 21:58:00,202.0,4654.34,4654.34,4684.34,4636.34,4510.34,4684.34,4654.34,30.0,20.312857142857087,0.09,270.00000000000006,35.30000000000382,0.6300000000000001,0.0,34.67000000000382,0.13074074074075487,0.12840740740742151,partial_be,True,0.6630000000000109,0.17633333333333212,0,False,trend,0,1.0,False,,False,0.75,0.02@4636.34:tp1;0.02@4654.44:be;0.02@4654.44:be;0.03@4654.44:be,26068.36999999992,123.416579120646,2026-08
M5#11004415,M5,11004415,UW,buy,0.663,A,2026-08-26 09:35:00,2026-08-26 11:15:00,2026-08-26 12:16:00,61.0,4623.81,4623.81,4613.21,4630.17,4674.69,4623.81,4613.21,10.600000000000364,5.1592857142857484,0.25,265.0000000000091,36.25999999999112,1.75,0.0,34.50999999999112,0.1368301886792071,0.13022641509430166,partial_be,True,0.6905660377357979,0.16037735849062917,0,False,trend,0,1.0,False,,False,0.75,0.06@4630.17:tp1;0.06@4623.71:be;0.06@4623.71:be;0.07@4623.71:be,26102.87999999991,123.5468055357403,2026-08
M30#6002566,M30,6002566,OB,sell,0.586,B,2026-08-26 19:30:00,2026-08-27 01:18:00,2026-08-27 04:40:00,202.0,4611.54,4611.54,4631.83,4599.37,4514.15,4631.83,4611.54,20.289999999999964,14.414285714285727,0.06,121.7399999999998,-122.34000000000196,0.42000000000000004,0.0,-122.76000000000197,-1.004928536224759,-1.008378511582078,sl,False,0.5160177427303777,1.0,0,False,trend,-1,0.5,False,,False,0.75,0.01@4631.93:sl;0.01@4631.93:sl;0.01@4631.93:sl;0.03@4631.93:sl,25980.119999999908,122.53842702415822,2026-08
M5#11004565,M5,11004565,IMB,buy,0.66,A,2026-08-27 08:10:00,2026-08-27 08:31:00,2026-08-27 08:44:00,13.0,4612.36,4612.36,4605.54,4615.77,4629.41,4612.36,4605.54,6.819999999999709,2.6014285714285768,0.29,197.7799999999916,-200.68000000000214,2.0300000000000002,0.0,-202.71000000000214,-1.0146627565982944,-1.0249266862170632,sl,False,0.2771260997068047,1.058651026392911,0,False,range,0,1.0,False,,False,0.5625,0.07@4605.44:sl;0.07@4605.44:sl;0.07@4605.44:sl;0.08@4605.44:sl,25777.409999999905,121.51350033794117,2026-08
M10#6007432,M10,6007432,UW,buy,0.58,B,2026-08-27 14:00:00,2026-08-27 16:34:00,2026-08-27 16:38:00,4.0,4576.4,4576.4,4569.39,4579.9,4593.92,4576.4,4569.39,7.009999999999309,7.029999999999875,0.28,196.27999999998067,22.400000000011463,1.9600000000000002,0.0,20.440000000011462,0.1141226818830939,0.10413694721832828,partial_be,True,0.7346647646221189,0.2867332382310281,0,False,range,0,1.0,False,,False,0.5625,0.07@4579.90:tp1;0.07@4576.30:be;0.07@4576.30:be;0.07@4576.30:be,25797.84999999992,121.61763728515949,2026-08
M5#11004612,M5,11004612,OB,buy,0.624,B,2026-08-28 02:45:00,2026-08-28 02:48:00,2026-08-28 03:16:00,28.0,4597.37,4597.37,4590.62,4600.74,4614.24,4597.37,4590.62,6.75,2.5421428571429323,0.14,94.50000000000001,9.010000000005675,0.9800000000000001,0.0,8.030000000005675,0.09534391534397539,0.08497354497360501,partial_be,True,0.7970370370370532,0.5733333333333172,0,False,range,-1,0.5,False,,False,0.5625,0.03@4600.74:tp1;0.03@4597.27:be;0.03@4597.27:be;0.05@4597.27:be,25805.879999999925,121.7026108301331,2026-08
M5#11004679,M5,11004679,IMB,buy,0.623,B,2026-08-28 10:20:00,2026-08-28 14:06:00,2026-08-28 14:38:00,32.0,4596.84,4596.84,4588.76,4600.88,4617.04,4596.84,4588.76,8.079999999999927,6.126428571428538,0.24,193.91999999999825,22.439999999993233,1.68,0.0,20.759999999993234,0.11571782178214436,0.10705445544551062,partial_be,True,0.5754950495049107,0.21039603960393977,0,False,range,0,1.0,False,,False,0.5625,0.06@4600.88:tp1;0.06@4596.74:be;0.06@4596.74:be;0.06@4596.74:be,25826.63999999992,121.8096652855786,2026-08
M10#6007482,M10,6007482,IMB,buy,0.592,B,2026-08-28 10:30:00,2026-08-28 14:06:00,2026-08-28 14:38:00,32.0,4596.84,4596.84,4588.39,4601.07,4617.97,4596.84,4588.39,8.449999999999818,7.839999999999951,0.47,397.14999999999145,42.9299999999821,3.29,0.0,39.6399999999821,0.10809517814423523,0.099811154475596,partial_be,True,0.5502958579881345,0.20118343195264551,0,True,range,0,1.0,False,,False,1.125,0.11@4601.07:tp1;0.11@4596.74:be;0.11@4596.74:be;0.14@4596.74:be,25866.2799999999,121.9094764400542,2026-08
M5#11004751,M5,11004751,IMB,buy,0.615,B,2026-08-31 07:15:00,2026-08-31 07:24:00,2026-08-31 14:27:00,423.0,4416.56,4416.56,4407.23,4422.16,4461.34,4416.56,4407.23,9.330000000000837,4.217142857142854,0.57,531.8100000000478,1220.3599999999778,3.99,0.0,1216.3699999999778,2.2947293206217787,2.2872266410933766,tp2,True,4.869239013933044,0.3654876741693953,0,True,trend,0,1.0,False,,False,1.5,0.14@4422.16:tp1;0.14@4427.76:tp1;0.14@4438.95:tp1;0.15@4461.34:tp2,27082.649999999878,124.19670308114759,2026-08
M30#6002481,M30,6002481,IMB,buy,0.712,A,2026-08-28 22:30:00,2026-08-31 05:03:00,2026-08-31 16:51:00,708.0,4424.13,4424.13,4373.51,4449.44,4550.68,4424.13,4373.51,50.61999999999989,30.400714285714326,0.17,860.5399999999981,99.93999999999322,1.1900000000000002,0.0,98.74999999999322,0.1161363794826428,0.1147535268552228,partial_be,True,0.7927696562623507,0.5393125246938016,0,True,range,2,2.25,False,,False,1.125,0.04@4449.44:tp1;0.04@4424.03:be;0.04@4424.03:be;0.05@4424.03:be,27181.39999999987,124.31145660800281,2026-08
H1#6001151,H1,6001151,IMB,buy,0.679,A,2026-08-28 23:00:00,2026-08-31 05:03:00,2026-08-31 16:51:00,708.0,4424.13,4424.13,4374.05,4449.17,4549.33,4424.13,4374.05,50.07999999999993,31.514999999999937,0.08,400.6399999999994,49.479999999997744,0.56,0.0,48.91999999999774,0.12350239616612874,0.12210463258785396,partial_be,True,0.8013178913738053,0.545127795527161,0,True,range,0,1.0,False,,False,1.125,0.02@4449.17:tp1;0.02@4424.03:be;0.02@4424.03:be;0.02@4424.03:be,27230.31999999987,124.43356124059066,2026-08
M15#6004832,M15,6004832,IMB,buy,0.643,B,2026-08-31 05:30:00,2026-08-31 05:35:00,2026-09-01 11:04:00,1769.0,4411.38,4411.38,4373.51,4434.1,4593.16,4411.38,4373.51,37.86999999999989,14.93214285714287,0.14,530.1799999999986,203.67999999999665,0.9800000000000001,-4.0,198.69999999999666,0.3841714134822083,0.37477837715492324,partial_be,True,1.3963559545814699,0.3842091365196785,0,True,trend,0,1.0,False,,False,1.5,0.03@4434.10:tp1;0.03@4456.82:tp1;0.03@4411.28:be;0.05@4411.28:be,27429.019999999866,124.80833961774559,2026-09
M5#11004866,M5,11004866,IMB,sell,0.566,B,2026-09-02 17:05:00,2026-09-02 17:05:00,2026-09-02 17:09:00,4.0,4387.54,4387.54,4394.72,4383.23,4353.08,4394.72,4387.54,7.180000000000291,8.95714285714283,0.39,280.02000000001135,-283.91999999999007,2.73,0.0,-286.6499999999901,-1.0139275766015947,-1.0236768802227643,sl,False,0.09192200557100665,1.3203342618384524,0,False,trend,0,1.0,False,,False,0.75,0.09@4394.82:sl;0.09@4394.82:sl;0.09@4394.82:sl;0.12@4394.82:sl,27142.369999999875,123.78466273752282,2026-09
M30#6002607,M30,6002607,IMB,sell,0.653,A,2026-09-03 06:00:00,2026-09-03 15:53:00,2026-09-03 18:01:00,128.0,4487.68,4487.68,4524.41,4465.64,4311.38,4524.41,4487.68,36.72999999999956,9.697142857142742,0.07,257.1099999999969,21.440000000003238,0.48999999999999994,0.0,20.95000000000324,0.0833884329664482,0.08148263389212203,partial_be,True,0.8320174244487003,0.23032943098285152,0,False,trend,0,1.0,False,,False,0.75,0.01@4465.64:tp1;0.01@4487.78:be;0.01@4487.78:be;0.04@4487.78:be,27163.31999999988,123.86614537141494,2026-09
M10#6007686,M10,6007686,UW,buy,0.582,B,2026-09-04 14:00:00,2026-09-04 15:30:00,2026-09-04 15:30:00,0.0,4434.12,4434.12,4426.92,4438.44,4468.68,4434.12,4426.92,7.199999999999818,4.864999999999782,0.39,280.7999999999929,-284.7000000000071,2.73,0.0,-287.4300000000071,-1.0138888888889397,-1.0236111111111623,sl,False,0.0,5.750000000000095,0,False,trend,0,1.0,False,,False,0.75,0.09@4426.82:sl;0.09@4426.82:sl;0.09@4426.82:sl;0.12@4426.82:sl,26875.889999999872,122.84253426030378,2026-09
M15#6005088,M15,6005088,IMB,sell,0.625,B,2026-09-03 16:30:00,2026-09-03 18:14:00,2026-09-04 15:30:00,1276.0,4503.93,4503.93,4524.41,4491.64,4405.63,4524.41,4503.93,20.479999999999563,11.702857142857154,0.27,552.9599999999882,1400.8200000000043,1.8900000000000001,2.25,1401.1800000000042,2.533311631944506,2.5339626736111724,tp2,True,5.417480468750107,0.34472656249998246,0,True,trend,0,1.0,False,,False,1.5,0.06@4491.64:tp1;0.06@4479.35:tp1;0.06@4454.78:tp1;0.09@4405.63:tp2,28277.069999999876,125.37649693391495,2026-09
