key,tf,poi_id,kind,side,quality,grade,selected_time,entry_time,close_time,hold_min,entry,limit,sl,tp1,tp2,zone_top,zone_bottom,risk_usd_per_unit,atr,lots,risk_money,gross,commission,swap,net,r_gross,r_net,outcome,partial,mfe_r,mae_r,reentry,confluent,regime,mart_step,mart_scale,grid_leg,grid_parent,tier,risk_scale,legs,cum_net,cum_r,month
M10#1378,M10,1378,IMB,sell,0.572,B,2025-09-01 16:20:00,2025-09-01 17:22:00,2025-09-02 02:24:00,542.0,3480.79,3480.79,3485.37,3478.04,3458.81,3485.37,3480.79,4.579999999999927,3.0771428571428197,0.17,77.85999999999876,32.10000000000082,1.1900000000000002,1.3499999999999999,32.260000000000815,0.4122784484973199,0.41433341895711956,partial_be,True,1.7947598253274957,0.281659388646384,0,False,trend,0,1.0,False,,False,0.8,0.04@3478.04:tp1;0.04@3475.29:tp1;0.04@3480.89:be;0.05@3480.89:be,32.260000000000815,0.41433341895711956,2025-09
M5#2749,M5,2749,OB,buy,0.579,B,2025-09-03 01:10:00,2025-09-03 01:36:00,2025-09-03 06:04:00,268.0,3531.26,3531.26,3525.95,3534.45,3556.75,3531.26,3525.95,5.3100000000004,1.9721428571428337,0.28,148.68000000001123,155.3999999999924,1.9600000000000002,0.0,153.43999999999238,1.0451977401128643,1.0320150659132419,partial_be,True,2.883239171374537,0.9548022598869645,0,True,trend,0,1.0,False,,False,1.5,0.07@3534.45:tp1;0.07@3537.63:tp1;0.07@3544.00:tp1;0.07@3531.16:be,185.6999999999932,1.4463484848703614,2025-09
M10#1630,M10,1630,IMB,sell,0.61,B,2025-09-10 13:50:00,2025-09-10 13:53:00,2025-09-11 08:55:00,1142.0,3657.46,3657.46,3664.18,3653.43,3625.2,3664.18,3657.46,6.7199999999998,2.7357142857142662,0.12,80.6399999999976,181.44000000000142,0.84,0.44999999999999996,181.0500000000014,2.2500000000000844,2.2451636904762746,tp2,True,4.930059523809687,0.05208333333338902,0,False,trend,0,1.0,False,,False,0.8,0.03@3653.43:tp1;0.03@3649.40:tp1;0.03@3641.33:tp1;0.03@3625.20:tp2,366.7499999999946,3.6915121753466362,2025-09
M10#1747,M10,1747,OB,buy,0.613,B,2025-09-12 18:00:00,2025-09-12 18:05:00,2025-09-15 02:22:00,3377.0,3646.16,3646.16,3638.49,3650.76,3682.98,3646.16,3638.49,7.670000000000073,3.9214285714285455,0.1,76.70000000000073,-77.69999999999983,0.7000000000000001,-5.0,-83.39999999999984,-1.0130378096479673,-1.0873533246414477,sl,False,0.5971316818774295,1.0847457627118162,0,False,trend,0,1.0,False,,False,0.8,0.02@3638.39:sl;0.02@3638.39:sl;0.02@3638.39:sl;0.04@3638.39:sl,283.3499999999948,2.6041588507051885,2025-09
M30#661,M30,661,OB,buy,0.603,B,2025-09-15 09:00:00,2025-09-15 09:42:00,2025-09-15 12:30:00,168.0,3639.37,3639.37,3631.78,3643.92,3675.8,3639.37,3631.78,7.589999999999691,5.050714285714321,0.2,151.79999999999382,21.250000000002274,1.4000000000000001,0.0,19.850000000002275,0.13998682476945415,0.13076416337287933,partial_be,True,0.8722002635046325,0.7549407114624838,0,True,trend,0,1.0,False,,False,1.5,0.05@3643.92:tp1;0.05@3639.27:be;0.05@3639.27:be;0.05@3639.27:be,303.1999999999971,2.734923014078068,2025-09
M10#1837,M10,1837,OB,sell,0.571,B,2025-09-16 04:50:00,2025-09-16 05:07:00,2025-09-16 05:15:00,8.0,3682.43,3682.43,3686.33,3680.09,3663.71,3686.33,3682.43,3.900000000000091,3.4942857142857844,0.1,39.00000000000091,3.879999999996471,0.7000000000000001,0.0,3.179999999996471,0.09948717948708669,0.08153846153836915,partial_be,True,0.9179487179485613,0.12820512820524183,0,False,trend,-1,0.5,False,,False,0.8,0.02@3680.09:tp1;0.02@3682.53:be;0.02@3682.53:be;0.04@3682.53:be,306.3799999999936,2.816461475616437,2025-09
H1#312,H1,312,IMB,buy,0.669,A,2025-09-15 23:00:00,2025-09-16 01:00:00,2025-09-16 05:46:00,286.0,3674.67,3674.67,3663.78,3681.2,3726.94,3674.67,3663.78,10.889999999999873,9.837857142857144,0.14,152.45999999999825,57.99999999999909,0.9800000000000001,-7.000000000000001,50.019999999999094,0.3804276531549243,0.32808605535878044,partial_be,True,1.3535353535353494,0.3544536271809157,0,True,trend,0,1.0,False,,False,1.5,0.03@3681.20:tp1;0.03@3687.74:tp1;0.03@3674.57:be;0.05@3674.57:be,356.39999999999264,3.1445475309752173,2025-09
M10#1821,M10,1821,IMB,buy,0.711,A,2025-09-15 20:00:00,2025-09-16 01:00:00,2025-09-16 12:23:00,683.0,3672.88,3672.88,3667.8,3675.93,3697.26,3672.88,3667.8,5.079999999999927,4.3828571428571195,0.24,121.91999999999825,274.3199999999988,1.68,-6.0,266.6399999999988,2.250000000000022,2.1870078740157695,tp2,True,4.903543307086656,0.407480314960668,0,False,trend,1,1.5,False,,False,0.8,0.06@3675.93:tp1;0.06@3678.98:tp1;0.06@3685.07:tp1;0.06@3697.26:tp2,623.0399999999914,5.331555404990986,2025-09
M10#1885,M10,1885,IMB,sell,0.643,B,2025-09-17 05:30:00,2025-09-17 05:49:00,2025-09-17 06:15:00,26.0,3682.41,3682.41,3685.9,3680.32,3665.66,3685.9,3682.41,3.4900000000002365,3.5914285714285534,0.24,83.76000000000568,10.739999999991596,1.68,0.0,9.059999999991597,0.1282234957018967,0.10816618911164019,partial_be,True,0.6647564469912756,0.4842406876791962,0,False,trend,0,1.0,False,,False,0.8,0.06@3680.32:tp1;0.06@3682.51:be;0.06@3682.51:be;0.06@3682.51:be,632.0999999999831,5.439721594102626,2025-09
M10#1936,M10,1936,IMB,sell,0.607,B,2025-09-18 09:50:00,2025-09-18 10:06:00,2025-09-18 10:20:00,14.0,3642.02,3642.02,3649.51,3637.53,3606.07,3649.51,3642.02,7.4900000000002365,4.713571428571446,0.21,157.290000000005,-159.39000000000306,1.4700000000000002,0.0,-160.86000000000305,-1.0133511348464492,-1.0226969292389723,sl,False,0.2510013351134913,1.0654205607476324,0,True,trend,0,1.0,False,,False,1.5,0.05@3649.61:sl;0.05@3649.61:sl;0.05@3649.61:sl;0.06@3649.61:sl,471.23999999998,4.4170246648636535,2025-09
M10#2052,M10,2052,IMB,buy,0.627,B,2025-09-22 21:50:00,2025-09-22 22:28:00,2025-09-23 01:00:00,152.0,3744.65,3744.65,3741.76,3746.38,3758.52,3744.65,3741.76,2.8899999999998727,2.396428571428617,0.43,124.26999999999454,-16.310000000007676,3.0100000000000002,0.0,-19.320000000007678,-0.13124647943999673,-0.15546793272719503,partial_be,True,1.3633217993080373,1.70242214532882,0,False,trend,1,1.5,False,,False,0.8,0.1@3746.38:tp1;0.1@3748.12:tp1;0.1@3741.68:be;0.13@3741.68:be,451.91999999997233,4.261556732136459,2025-09
M15#1430,M15,1430,IMB,buy,0.6,B,2025-09-22 22:00:00,2025-09-22 22:28:00,2025-09-23 01:00:00,152.0,3744.65,3744.65,3741.76,3746.38,3758.52,3744.65,3741.76,2.8899999999998727,3.1850000000000103,0.54,156.05999999999312,-15.560000000009495,3.7800000000000002,0.0,-19.340000000009496,-0.09970524157381892,-0.12392669486101722,partial_be,True,1.3633217993080373,1.70242214532882,0,True,trend,0,1.0,False,,False,1.5,0.13@3746.38:tp1;0.13@3748.12:tp1;0.13@3741.68:be;0.15@3741.68:be,432.57999999996287,4.137630037275441,2025-09
M10#2076,M10,2076,IMB,buy,0.663,A,2025-09-23 17:40:00,2025-09-23 19:36:00,2025-09-23 21:55:00,139.0,3766.79,3766.79,3759.68,3771.06,3800.92,3766.79,3759.68,7.110000000000127,6.394999999999949,0.17,120.87000000000216,118.94000000000096,1.1900000000000002,0.0,117.75000000000097,0.9840324315380065,0.9741871432117056,partial_be,True,2.666666666666624,0.26722925457103475,0,False,trend,1,1.5,False,,False,0.8,0.04@3771.06:tp1;0.04@3775.32:tp1;0.04@3783.85:tp1;0.05@3766.69:be,550.3299999999638,5.111817180487146,2025-09
M30#774,M30,774,UW,buy,0.636,B,2025-09-23 21:30:00,2025-09-23 21:51:00,2025-09-23 21:56:00,5.0,3775.34,3775.34,3764.89,3781.61,3825.5,3775.34,3764.89,10.450000000000273,8.76071428571426,0.08,83.60000000000218,-84.40000000000146,0.56,0.0,-84.96000000000146,-1.0095693779904216,-1.0162679425837229,sl,False,0.0,1.150239234449729,0,False,trend,0,1.0,False,,False,0.8,0.02@3764.79:sl;0.02@3764.79:sl;0.02@3764.79:sl;0.02@3764.79:sl,465.3699999999623,4.095549237903423,2025-09
M5#4335,M5,4335,OB,sell,0.588,B,2025-09-25 17:10:00,2025-09-25 17:23:00,2025-09-25 18:15:00,52.0,3735.85,3735.85,3743.1,3731.5,3701.05,3743.1,3735.85,7.25,6.58928571428565,0.11,79.75,25.40000000000009,0.77,0.0,24.63000000000009,0.3184952978056438,0.3088401253918507,partial_be,True,1.651034482758593,0.2786206896551699,0,False,trend,0,1.0,False,,False,0.8,0.02@3731.50:tp1;0.02@3727.15:tp1;0.02@3735.95:be;0.05@3735.95:be,489.9999999999624,4.404389363295274,2025-09
M5#4333,M5,4333,IMB,sell,0.557,B,2025-09-25 17:25:00,2025-09-25 21:25:00,2025-09-25 21:35:00,10.0,3746.51,3746.51,3751.81,3743.33,3721.07,3751.81,3746.51,5.299999999999727,6.39142857142854,0.29,153.69999999999212,-156.59999999998948,2.0300000000000002,0.0,-158.62999999998948,-1.0188679245282857,-1.0320754716980978,sl,False,0.1056603773585715,1.0641509433962573,0,True,trend,0,1.0,False,,False,1.5,0.07@3751.91:sl;0.07@3751.91:sl;0.07@3751.91:sl;0.08@3751.91:sl,331.36999999997295,3.372313891597176,2025-09
M10#2181,M10,2181,OB,sell,0.561,B,2025-09-25 16:40:00,2025-09-25 21:25:00,2025-09-25 21:36:00,11.0,3746.48,3746.48,3753.54,3742.24,3712.59,3753.54,3746.48,7.059999999999945,7.240714285714375,0.22,155.31999999999883,-157.51999999999683,1.5400000000000003,0.0,-159.05999999999682,-1.0141643059489958,-1.0240793201133016,sl,False,0.07507082152977397,1.0892351274787697,0,True,trend,0,1.0,False,,False,1.5,0.05@3753.64:sl;0.05@3753.64:sl;0.05@3753.64:sl;0.07@3753.64:sl,172.30999999997613,2.3482345714838746,2025-09
M10#2213,M10,2213,UW,sell,0.6,B,2025-09-26 08:20:00,2025-09-26 08:39:00,2025-09-26 09:12:00,33.0,3749.65,3749.65,3753.57,3747.3,3730.83,3753.57,3749.65,3.9200000000000728,2.5235714285714232,0.1,39.20000000000073,13.50000000000091,0.7000000000000001,0.0,12.80000000000091,0.3443877551020576,0.32653061224491514,partial_be,True,2.0102040816326436,0.08673469387747053,0,False,trend,-1,0.5,False,,False,0.8,0.02@3747.30:tp1;0.02@3744.95:tp1;0.02@3749.75:be;0.04@3749.75:be,185.10999999997705,2.67476518372879,2025-09
M30#850,M30,850,IMB,sell,0.588,B,2025-09-30 16:30:00,2025-09-30 16:43:00,2025-09-30 17:10:00,27.0,3823.86,3823.86,3839.4,3814.54,3749.27,3839.4,3823.86,15.539999999999964,13.799285714285718,0.04,62.159999999999854,-62.55999999999949,0.28,0.0,-62.83999999999949,-1.0064350064350005,-1.0109395109395052,sl,False,0.173101673101677,1.0791505791505804,0,True,trend,-1,0.5,False,,False,1.5,0.01@3839.50:sl;0.01@3839.50:sl;0.01@3839.50:sl;0.01@3839.50:sl,122.26999999997756,1.6638256727892846,2025-09
M10#2360,M10,2360,IMB,buy,0.666,A,2025-09-30 17:50:00,2025-09-30 18:08:00,2025-09-30 18:14:00,6.0,3837.88,3837.88,3830.02,3842.6,3875.61,3837.88,3830.02,7.860000000000127,8.494999999999923,0.19,149.34000000000242,17.380000000000564,1.33,0.0,16.050000000000566,0.11637873309227456,0.10747288067497192,partial_be,True,0.6297709923663789,0.6704834605597833,0,True,trend,0,1.0,False,,False,1.5,0.04@3842.60:tp1;0.04@3837.78:be;0.04@3837.78:be;0.07@3837.78:be,138.3199999999781,1.7712985534642565,2025-09
M10#2362,M10,2362,OB,sell,0.557,B,2025-09-30 18:50:00,2025-09-30 19:08:00,2025-09-30 22:22:00,194.0,3843.99,3843.99,3854.12,3837.91,3795.37,3854.12,3843.99,10.13000000000011,9.847857142857006,0.15,151.95000000000164,-153.45000000000027,1.05,0.0,-154.50000000000028,-1.0098716683119355,-1.016781836130297,sl,False,0.42250740375120427,1.0039486673247742,0,True,trend,0,1.0,False,,False,1.5,0.03@3854.22:sl;0.03@3854.22:sl;0.03@3854.22:sl;0.06@3854.22:sl,-16.180000000022176,0.7545167173339595,2025-09
M5#4612,M5,4612,IMB,buy,0.745,A,2025-09-30 17:40:00,2025-09-30 18:08:00,2025-10-01 11:03:00,1015.0,3837.88,3837.88,3828.27,3843.65,3884.01,3837.88,3828.27,9.610000000000127,6.79357142857134,0.04,38.44000000000051,86.48999999999978,0.28,-3.0,83.20999999999978,2.2499999999999645,2.1646722164411725,tp2,True,4.821019771071729,0.6826222684703287,0,False,trend,-1,0.5,False,,False,0.8,0.01@3843.65:tp1;0.01@3849.41:tp1;0.01@3860.94:tp1;0.01@3884.01:tp2,67.0299999999776,2.919188933775132,2025-10
M5#1002814,M5,1002814,OB,sell,0.558,B,2025-10-02 13:15:00,2025-10-02 13:21:00,2025-10-02 13:42:00,21.0,3883.26,3883.26,3888.52,3880.1,3858.01,3888.52,3883.26,5.2599999999997635,2.601428571428609,0.28,147.2799999999934,20.020000000004075,1.9600000000000002,0.0,18.060000000004074,0.13593155893539496,0.12262357414451984,partial_be,True,0.6615969581749381,0.2566539923954315,0,True,trend,0,1.0,False,,False,1.5,0.07@3880.10:tp1;0.07@3883.36:be;0.07@3883.36:be;0.07@3883.36:be,85.08999999998167,3.041812507919652,2025-10
M10#1001421,M10,1001421,OB,sell,0.551,B,2025-10-02 13:20:00,2025-10-02 13:22:00,2025-10-02 13:43:00,21.0,3883.51,3883.51,3888.52,3880.5,3859.46,3888.52,3883.51,5.0099999999997635,3.955714285714326,0.15,75.14999999999645,7.830000000001746,1.05,0.0,6.780000000001746,0.10419161676649522,0.09021956087827102,partial_be,True,0.7445109780439509,0.21956087824350518,0,True,trend,-1,0.5,False,,False,1.5,0.03@3880.50:tp1;0.03@3883.61:be;0.03@3883.61:be;0.06@3883.61:be,91.86999999998342,3.132032068797923,2025-10
H1#1000248,H1,1000248,OB,sell,0.595,B,2025-10-03 04:00:00,2025-10-03 10:42:00,2025-10-03 16:41:00,359.0,3864.17,3864.17,3886.34,3850.87,3757.75,3886.34,3864.17,22.170000000000073,13.833571428571465,0.06,133.02000000000046,-133.6199999999999,0.42000000000000004,0.0,-134.03999999999988,-1.0045105999097836,-1.0076680198466352,sl,False,0.4055029318899507,1.0257104194857785,0,True,trend,0,1.0,False,,False,1.5,0.01@3886.44:sl;0.01@3886.44:sl;0.01@3886.44:sl;0.03@3886.44:sl,-42.17000000001646,2.124364048951288,2025-10
M10#1001687,M10,1001687,IMB,buy,0.66,A,2025-10-08 20:10:00,2025-10-08 20:20:00,2025-10-08 20:30:00,10.0,4052.34,4052.34,4047.88,4055.02,4073.75,4052.34,4047.88,4.460000000000036,5.249285714285667,0.17,75.82000000000062,-77.51999999999907,1.1900000000000002,0.0,-78.70999999999907,-1.0224215246636565,-1.0381165919282305,sl,False,0.5515695067264611,1.1726457399103085,0,False,trend,0,1.0,False,,False,0.8,0.04@4047.78:sl;0.04@4047.78:sl;0.04@4047.78:sl;0.05@4047.78:sl,-120.88000000001553,1.0862474570230574,2025-10
M10#1001696,M10,1001696,OB,buy,0.629,B,2025-10-09 04:00:00,2025-10-09 04:03:00,2025-10-09 05:02:00,59.0,4014.51,4014.51,4005.27,4020.05,4058.86,4014.51,4005.27,9.240000000000236,7.089999999999918,0.12,110.88000000000284,49.28999999999678,0.84,0.0,48.44999999999678,0.44453463203459165,0.4369588744588342,partial_be,True,2.3744588744587705,0.6774891774891838,0,False,trend,1,1.5,False,,False,0.8,0.03@4020.05:tp1;0.03@4025.60:tp1;0.03@4014.41:be;0.03@4014.41:be,-72.43000000001875,1.5232063314818916,2025-10
M5#1003312,M5,1003312,OB,sell,0.603,B,2025-10-09 07:25:00,2025-10-09 15:54:00,2025-10-09 16:00:00,6.0,4049.01,4049.01,4054.3,4045.84,4023.62,4054.3,4049.01,5.289999999999964,2.7671428571428414,0.15,79.34999999999945,-80.84999999999809,1.05,0.0,-81.89999999999809,-1.0189035916824025,-1.0321361058600964,sl,False,0.003780718336566483,1.22495274102072,0,False,trend,0,1.0,False,,False,0.8,0.03@4054.40:sl;0.03@4054.40:sl;0.03@4054.40:sl;0.06@4054.40:sl,-154.33000000001684,0.49107022562179514,2025-10
M15#1001244,M15,1001244,IMB,sell,0.64,B,2025-10-09 23:30:00,2025-10-10 02:36:00,2025-10-10 05:36:00,180.0,3986.62,3986.62,4009.93,3972.63,3874.73,4009.93,3986.62,23.309999999999945,11.440000000000023,0.06,139.8599999999997,13.490000000000238,0.42000000000000004,0.0,13.070000000000238,0.09645359645359837,0.09345059345059535,partial_be,True,0.7039897039896994,0.3517803517803643,0,True,trend,0,1.0,False,,False,1.5,0.01@3972.63:tp1;0.01@3986.72:be;0.01@3986.72:be;0.03@3986.72:be,-141.2600000000166,0.5845208190723905,2025-10
M10#1001734,M10,1001734,OB,buy,0.713,A,2025-10-09 23:10:00,2025-10-10 01:10:00,2025-10-10 06:26:00,316.0,3967.97,3967.97,3957.35,3974.34,4018.95,3967.97,3957.35,10.61999999999989,7.807857142857172,0.07,74.33999999999922,44.20000000000118,0.48999999999999994,0.0,43.71000000000118,0.5945655098197692,0.5879741727199574,partial_be,True,2.502824858757124,0.8709981167608376,0,False,trend,0,1.0,False,,False,0.8,0.01@3974.34:tp1;0.01@3980.71:tp1;0.01@3993.46:tp1;0.04@3967.87:be,-97.55000000001542,1.172494991792348,2025-10
M5#1003390,M5,1003390,IMB,sell,0.642,B,2025-10-10 02:50:00,2025-10-10 02:52:00,2025-10-10 07:14:00,262.0,3989.78,3989.78,3998.06,3984.81,3950.04,3998.06,3989.78,8.279999999999745,3.161428571428587,0.08,66.23999999999796,149.04000000000178,0.56,0.0,148.48000000000178,2.250000000000096,2.2415458937199024,tp2,True,5.137681159420499,0.6086956521739274,0,True,trend,-1,0.5,False,,False,1.5,0.02@3984.81:tp1;0.02@3979.84:tp1;0.02@3969.91:tp1;0.02@3950.04:tp2,50.929999999986364,3.41404088551225,2025-10
M10#1001764,M10,1001764,IMB,buy,0.557,B,2025-10-10 11:50:00,2025-10-10 14:46:00,2025-10-10 15:45:00,59.0,3984.13,3984.13,3976.32,3988.82,4021.62,3984.13,3976.32,7.809999999999945,7.50142857142857,0.19,148.38999999999896,55.14000000000078,1.33,0.0,53.810000000000784,0.37158838196644767,0.3626255138486499,partial_be,True,1.4353393085787598,0.098591549295773,0,True,trend,0,1.0,False,,False,1.5,0.04@3988.82:tp1;0.04@3993.50:tp1;0.04@3984.03:be;0.07@3984.03:be,104.73999999998715,3.7766663993609,2025-10
M5#1003465,M5,1003465,OB,sell,0.644,B,2025-10-10 17:30:00,2025-10-10 17:31:00,2025-10-10 17:39:00,8.0,3987.39,3987.39,3994.7,3983.0,3952.3,3994.7,3987.39,7.309999999999945,6.980000000000051,0.2,146.1999999999989,20.450000000000728,1.4000000000000001,0.0,19.05000000000073,0.13987688098495815,0.13030095759234522,partial_be,True,0.9794801641586741,0.09986320109439448,0,True,trend,0,1.0,False,,False,1.5,0.05@3983.00:tp1;0.05@3987.49:be;0.05@3987.49:be;0.05@3987.49:be,123.78999999998788,3.906967356953245,2025-10
M30#1000621,M30,1000621,IMB,sell,0.687,A,2025-10-09 22:00:00,2025-10-09 22:14:00,2025-10-10 18:07:00,1193.0,3974.4,3974.4,4009.93,3953.08,3803.86,4009.93,3974.4,35.529999999999745,19.753571428571508,0.02,71.05999999999949,-71.26000000000022,0.14,0.3,-71.10000000000022,-1.0028145229383723,-1.0005629045876827,sl,False,0.7644244300591192,1.0287081339713045,0,True,trend,-1,0.5,False,,False,1.5,0.01@4010.03:sl;0.01@4010.03:sl,52.68999999998766,2.906404452365562,2025-10
M30#1000618,M30,1000618,IMB,sell,0.609,B,2025-10-10 22:00:00,2025-10-13 01:01:00,2025-10-13 02:04:00,63.0,4029.27,4029.27,4048.75,4017.58,3935.77,4048.75,4029.27,19.480000000000018,17.65428571428577,0.03,58.440000000000055,-58.73999999999978,0.21,0.0,-58.94999999999978,-1.005133470225868,-1.0087268993839789,sl,False,1.1262833675564698,1.1155030800821355,0,True,trend,-1,0.5,False,,False,1.5,0.01@4048.85:sl;0.02@4048.85:sl,-6.26000000001212,1.8976775529815832,2025-10
M5#1003612,M5,1003612,IMB,buy,0.583,B,2025-10-14 04:40:00,2025-10-14 04:41:00,2025-10-14 04:54:00,13.0,4139.03,4139.03,4131.99,4143.25,4172.82,4139.03,4131.99,7.039999999999964,5.438571428571582,0.11,77.4399999999996,-78.5399999999936,0.77,0.0,-79.3099999999936,-1.014204545454468,-1.0241477272726498,sl,False,0.18181818181827578,1.011363636363626,0,False,trend,0,1.0,False,,False,0.8,0.02@4131.89:sl;0.02@4131.89:sl;0.02@4131.89:sl;0.05@4131.89:sl,-85.5700000000057,0.8735298257089334,2025-10
M15#1001324,M15,1001324,IMB,sell,0.65,B,2025-10-14 10:45:00,2025-10-14 11:12:00,2025-10-14 17:11:00,359.0,4137.22,4137.22,4174.36,4114.94,3958.95,4174.36,4137.22,37.13999999999942,18.677857142856997,0.04,148.55999999999767,21.980000000002292,0.28,0.0,21.70000000000229,0.14795368874530584,0.1460689283791238,partial_be,True,1.0589660743134233,0.2145934302638522,0,True,trend,0,1.0,False,,False,1.5,0.01@4114.94:tp1;0.01@4137.32:be;0.01@4137.32:be;0.01@4137.32:be,-63.870000000003415,1.0195987540880573,2025-10
M5#1003640,M5,1003640,UW,buy,0.597,B,2025-10-14 15:25:00,2025-10-14 16:01:00,2025-10-14 17:11:00,70.0,4098.43,4098.43,4090.35,4103.28,4137.21,4098.43,4090.35,8.080000000000382,4.6892857142859485,0.09,72.72000000000345,184.21999999999662,0.6300000000000001,0.0,183.58999999999662,2.5332783278326163,2.5246149614959834,tp2,True,4.799504950494791,0.10024752475252004,0,True,trend,-1,0.5,False,,False,1.5,0.02@4103.28:tp1;0.02@4108.13:tp1;0.02@4117.82:tp1;0.03@4137.21:tp2,119.7199999999932,3.544213715584041,2025-10
M10#1001849,M10,1001849,OB,sell,0.707,A,2025-10-14 20:10:00,2025-10-15 01:14:00,2025-10-15 04:07:00,173.0,4159.06,4159.06,4179.08,4147.05,4062.96,4179.08,4159.06,20.019999999999527,8.944999999999968,0.07,140.13999999999666,-140.83999999999924,0.48999999999999994,0.0,-141.32999999999925,-1.0049950049950236,-1.0084915084915271,sl,False,0.44155844155845925,1.054445554445563,0,True,trend,0,1.0,False,,False,1.5,0.01@4179.18:sl;0.01@4179.18:sl;0.01@4179.18:sl;0.04@4179.18:sl,-21.61000000000604,2.5357222070925136,2025-10
M30#1000652,M30,1000652,OB,sell,0.688,A,2025-10-14 11:00:00,2025-10-14 11:12:00,2025-10-15 04:07:00,1015.0,4136.9,4136.9,4179.08,4111.59,3934.44,4179.08,4136.9,42.18000000000029,20.89285714285708,0.01,42.18000000000029,-42.280000000000655,0.07,0.44999999999999996,-41.90000000000065,-1.0023707918444846,-0.9933617828354756,sl,False,0.9248458985300863,1.0258416311047922,0,True,trend,-1,0.5,False,,False,1.5,0.01@4179.18:sl,-63.51000000000669,1.542360424257038,2025-10
M5#1003708,M5,1003708,IMB,buy,0.659,A,2025-10-15 04:30:00,2025-10-15 05:31:00,2025-10-15 07:25:00,114.0,4173.72,4173.72,4162.75,4180.3,4226.38,4173.72,4162.75,10.970000000000255,6.795000000000073,0.07,76.79000000000177,19.239999999997963,0.48999999999999994,0.0,18.749999999997964,0.2505534574814106,0.24417241828359854,partial_be,True,1.5487693710117947,0.607110300820392,0,False,trend,0,1.0,False,,False,0.8,0.01@4180.30:tp1;0.01@4186.88:tp1;0.01@4173.62:be;0.04@4173.62:be,-44.76000000000873,1.7865328425406364,2025-10
M5#1003745,M5,1003745,UW,buy,0.574,B,2025-10-15 15:55:00,2025-10-15 18:51:00,2025-10-15 21:06:00,135.0,4181.07,4181.07,4176.28,4183.94,4204.06,4181.07,4176.28,4.789999999999964,5.96714285714305,0.16,76.63999999999942,172.44000000000233,1.12,0.0,171.32000000000232,2.2500000000000475,2.2353862212944104,tp2,True,4.810020876826751,0.29645093945721995,0,False,trend,0,1.0,False,,False,0.8,0.04@4183.94:tp1;0.04@4186.82:tp1;0.04@4192.57:tp1;0.04@4204.06:tp2,126.5599999999936,4.021919063835047,2025-10
M10#1001945,M10,1001945,OB,buy,0.638,B,2025-10-16 13:50:00,2025-10-16 15:39:00,2025-10-16 19:13:00,214.0,4232.8,4232.8,4223.04,4238.66,4279.65,4232.8,4223.04,9.760000000000218,5.701428571428745,0.12,117.12000000000262,263.5199999999977,0.84,0.0,262.67999999999773,2.2499999999999303,2.2428278688523897,tp2,True,4.835040983606408,0.5430327868852524,0,False,trend,1,1.5,False,,False,0.8,0.03@4238.66:tp1;0.03@4244.51:tp1;0.03@4256.22:tp1;0.03@4279.65:tp2,389.2399999999913,6.264746932687437,2025-10
M10#1001963,M10,1001963,OB,buy,0.581,B,2025-10-16 19:00:00,2025-10-16 19:39:00,2025-10-16 19:40:00,1.0,4262.72,4262.72,4257.77,4265.69,4286.48,4262.72,4257.77,4.949999999999818,8.341428571428553,0.25,123.74999999999545,52.15999999998894,1.75,0.0,50.40999999998894,0.4214949494948756,0.40735353535346097,partial_be,True,1.2363636363636596,0.10909090909090575,0,False,trend,1,1.5,False,,False,0.8,0.06@4265.69:tp1;0.06@4268.66:tp1;0.06@4262.62:be;0.07@4262.62:be,439.64999999998025,6.672100468040898,2025-10
M5#1003868,M5,1003868,OB,buy,0.708,A,2025-10-16 17:35:00,2025-10-16 17:46:00,2025-10-16 20:36:00,170.0,4255.26,4255.26,4246.63,4260.44,4296.68,4255.26,4246.63,8.63000000000011,7.309999999999945,0.09,77.670000000001,196.7599999999984,0.6300000000000001,0.0,196.1299999999984,2.533281833397655,2.5251705935367053,tp2,True,4.820393974507407,0.1575898030128117,0,False,trend,0,1.0,False,,False,0.8,0.02@4260.44:tp1;0.02@4265.62:tp1;0.02@4275.97:tp1;0.03@4296.68:tp2,635.7799999999786,9.197271061577602,2025-10
M5#1003987,M5,1003987,IMB,buy,0.603,B,2025-10-20 12:30:00,2025-10-20 13:08:00,2025-10-20 15:18:00,130.0,4247.39,4247.39,4239.35,4252.21,4285.98,4247.39,4239.35,8.039999999999964,3.987857142856813,0.19,152.7599999999993,405.2099999999892,1.33,0.0,403.8799999999892,2.652592301649588,2.643885833987896,tp2,True,4.835820895522423,0.231343283582163,0,True,trend,0,1.0,False,,False,1.5,0.04@4252.21:tp1;0.04@4257.04:tp1;0.04@4266.69:tp1;0.07@4285.98:tp2,1039.6599999999678,11.841156895565499,2025-10
M10#1002028,M10,1002028,IMB,buy,0.619,B,2025-10-20 12:40:00,2025-10-20 13:08:00,2025-10-20 15:23:00,135.0,4247.39,4247.39,4237.29,4253.45,4295.87,4247.39,4237.29,10.100000000000364,5.559285714285514,0.15,151.50000000000546,418.13999999999487,1.05,0.0,417.08999999999486,2.7599999999998666,2.75306930693056,tp2,True,4.840594059405708,0.18415841584163517,0,True,trend,0,1.0,False,,False,1.5,0.03@4253.45:tp1;0.03@4259.51:tp1;0.03@4271.63:tp1;0.06@4295.87:tp2,1456.7499999999627,14.59422620249606,2025-10
M10#1002060,M10,1002060,IMB,buy,0.616,B,2025-10-20 22:40:00,2025-10-20 23:16:00,2025-10-20 23:17:00,1.0,4354.84,4354.84,4348.24,4358.8,4386.52,4354.84,4348.24,6.600000000000364,5.4264285714285245,0.13,85.80000000000473,-87.09999999999764,0.91,0.0,-88.00999999999763,-1.0151515151514316,-1.0257575757574917,sl,False,0.0,1.0227272727272163,0,False,trend,0,1.0,False,,False,0.8,0.03@4348.14:sl;0.03@4348.14:sl;0.03@4348.14:sl;0.04@4348.14:sl,1368.739999999965,13.568468626738568,2025-10
M10#1002063,M10,1002063,OB,sell,0.611,B,2025-10-21 00:00:00,2025-10-21 01:03:00,2025-10-21 10:33:00,570.0,4365.92,4365.92,4377.64,4358.89,4309.66,4377.64,4365.92,11.720000000000255,8.132142857142819,0.03,35.160000000000764,126.58000000000084,0.21,0.0,126.37000000000084,3.6001137656427216,3.594141069396988,tp2,True,5.117747440272967,0.8080204778157039,0,False,trend,-1,0.5,False,,False,0.8,0.01@4351.86:tp1;0.02@4309.66:tp2,1495.1099999999658,17.162609696135554,2025-10
M5#1004017,M5,1004017,OB,buy,0.65,B,2025-10-21 08:10:00,2025-10-21 10:33:00,2025-10-21 10:36:00,3.0,4314.65,4314.65,4294.83,4326.54,4409.79,4314.65,4294.83,19.81999999999971,3.3650000000002365,0.04,79.27999999999884,-79.68000000000029,0.28,0.0,-79.96000000000029,-1.0050454086781213,-1.0085771947527935,sl,False,0.0,1.0277497477295756,0,False,trend,0,1.0,False,,False,0.8,0.01@4294.73:sl;0.01@4294.73:sl;0.01@4294.73:sl;0.01@4294.73:sl,1415.1499999999655,16.154032501382762,2025-10
M5#1004197,M5,1004197,IMB,sell,0.574,B,2025-10-22 16:10:00,2025-10-22 16:11:00,2025-10-22 16:40:00,29.0,4066.79,4066.79,4082.94,4057.1,3989.27,4082.94,4066.79,16.15000000000009,13.05142857142859,0.02,32.30000000000018,-32.5,0.14,0.0,-32.64,-1.0061919504643906,-1.010526315789468,sl,False,1.1869969040247657,1.162229102167175,0,False,trend,-1,0.5,False,,False,0.8,0.01@4083.04:sl;0.01@4083.04:sl,1382.5099999999654,15.143506185593294,2025-10
M5#1004254,M5,1004254,OB,sell,0.554,B,2025-10-23 04:20:00,2025-10-23 04:22:00,2025-10-23 04:46:00,24.0,4085.91,4085.91,4095.05,4080.43,4042.04,4095.05,4085.91,9.140000000000327,7.9614285714285415,0.04,36.56000000000131,5.179999999998927,0.28,0.0,4.8999999999989265,0.14168490153169425,0.1340262582056551,partial_be,True,0.8435448577679765,0.7943107221006519,0,False,trend,-1,0.5,False,,False,0.8,0.01@4080.43:tp1;0.01@4086.01:be;0.01@4086.01:be;0.01@4086.01:be,1387.4099999999644,15.277532443798949,2025-10
M5#1004264,M5,1004264,OB,buy,0.555,B,2025-10-23 04:40:00,2025-10-23 04:43:00,2025-10-23 04:59:00,16.0,4084.04,4084.04,4073.26,4090.51,4135.78,4084.04,4073.26,10.779999999999745,7.311428571428548,0.04,43.11999999999898,-43.52000000000044,0.28,0.0,-43.80000000000044,-1.0092764378479004,-1.015769944341407,sl,False,0.2857142857142857,1.0287569573284236,0,False,trend,-1,0.5,False,,False,0.8,0.01@4073.16:sl;0.01@4073.16:sl;0.01@4073.16:sl;0.01@4073.16:sl,1343.609999999964,14.261762499457541,2025-10
M5#1004183,M5,1004183,IMB,sell,0.65,B,2025-10-23 08:30:00,2025-10-23 09:04:00,2025-10-23 09:10:00,6.0,4119.37,4119.37,4130.84,4112.49,4064.31,4130.84,4119.37,11.470000000000255,4.197857142857174,0.03,34.410000000000764,-34.70999999999913,0.21,0.0,-34.91999999999913,-1.0087183958151222,-1.014821272885741,sl,False,0.0,1.1011333914559571,0,False,trend,-1,0.5,False,,False,0.8,0.01@4130.94:sl;0.02@4130.94:sl,1308.6899999999648,13.2469412265718,2025-10
M5#1004293,M5,1004293,IMB,buy,0.56,B,2025-10-23 12:40:00,2025-10-23 13:30:00,2025-10-23 13:45:00,15.0,4107.07,4107.07,4100.53,4110.99,4138.46,4107.07,4100.53,6.539999999999964,5.117142857142816,0.06,39.23999999999979,11.37000000000262,0.42000000000000004,0.0,10.95000000000262,0.2897553516820255,0.27905198776765233,partial_be,True,1.8990825688073611,0.3608562691131018,0,False,trend,-1,0.5,False,,False,0.8,0.01@4110.99:tp1;0.01@4114.92:tp1;0.01@4106.97:be;0.03@4106.97:be,1319.6399999999674,13.52599321433945,2025-10
M30#1000724,M30,1000724,OB,sell,0.576,B,2025-10-23 02:00:00,2025-10-23 09:14:00,2025-10-23 16:06:00,412.0,4134.94,4134.94,4156.09,4122.25,4033.42,4156.09,4134.94,21.150000000000546,19.4714285714285,0.02,42.30000000000109,25.279999999998832,0.14,0.0,25.13999999999883,0.5976359338061036,0.5943262411347088,partial_be,True,2.0241134751772285,0.14373522458632598,0,False,trend,-1,0.5,False,,False,0.8,0.01@4109.56:tp1;0.01@4135.04:be,1344.779999999966,14.12031945547416,2025-10
M5#1004416,M5,1004416,IMB,buy,0.678,A,2025-10-24 16:40:00,2025-10-24 16:41:00,2025-10-24 21:01:00,260.0,4105.75,4105.75,4091.18,4114.49,4175.69,4105.75,4091.18,14.570000000000164,12.212857142857112,0.06,87.420000000001,25.81999999999789,0.42000000000000004,0.0,25.39999999999789,0.29535575383204754,0.290551361244539,partial_be,True,2.2676733013040216,0.547700754975942,0,False,trend,0,1.0,False,,False,0.8,0.01@4114.49:tp1;0.01@4123.23:tp1;0.01@4105.65:be;0.03@4105.65:be,1370.179999999964,14.410870816718699,2025-10
M5#1004450,M5,1004450,UW,buy,0.593,B,2025-10-27 00:40:00,2025-10-27 00:44:00,2025-10-27 00:47:00,3.0,4083.55,4083.55,4073.82,4089.39,4130.25,4083.55,4073.82,9.730000000000018,10.697857142857206,0.09,87.57000000000018,-88.47000000000344,0.6300000000000001,0.0,-89.10000000000343,-1.010277492291918,-1.0174717368962345,sl,False,0.05858170606369043,1.2004110996917028,0,False,trend,0,1.0,False,,False,0.8,0.02@4073.72:sl;0.02@4073.72:sl;0.02@4073.72:sl;0.03@4073.72:sl,1281.0799999999604,13.393399079822464,2025-10
M30#1000793,M30,1000793,UW,buy,0.578,B,2025-10-28 21:30:00,2025-10-29 00:07:00,2025-10-29 00:20:00,13.0,3932.99,3932.99,3914.85,3943.87,4020.06,3932.99,3914.85,18.139999999999873,14.719999999999962,0.09,163.25999999999888,21.060000000000855,0.6300000000000001,0.0,20.430000000000856,0.12899669239250888,0.12513781697905793,partial_be,True,0.7337375964719125,0.9184123484013215,0,True,trend,0,1.0,False,,False,1.5,0.02@3943.87:tp1;0.02@3932.89:be;0.02@3932.89:be;0.03@3932.89:be,1301.509999999961,13.518536896801521,2025-10
M10#1002299,M10,1002299,UW,buy,0.584,B,2025-10-28 16:30:00,2025-10-29 00:07:00,2025-10-29 02:39:00,152.0,3925.2,3925.2,3914.85,3931.41,3974.88,3925.2,3914.85,10.349999999999909,9.856428571428555,0.08,82.79999999999927,186.3000000000011,0.56,0.0,185.7400000000011,2.250000000000033,2.243236714975878,tp2,True,4.827053140096664,0.8570048309178714,0,False,trend,0,1.0,False,,False,0.8,0.02@3931.41:tp1;0.02@3937.62:tp1;0.02@3950.04:tp1;0.02@3974.88:tp2,1487.2499999999623,15.7617736117774,2025-10
M5#1004653,M5,1004653,OB,buy,0.601,B,2025-10-29 17:35:00,2025-10-29 17:47:00,2025-10-29 17:51:00,4.0,3996.9,3996.9,3991.28,4000.27,4023.88,3996.9,3991.28,5.619999999999891,5.162857142857092,0.08,44.95999999999913,-45.76000000000204,0.56,0.0,-46.32000000000204,-1.017793594306115,-1.0302491103203502,sl,False,0.24733096085407466,1.3380782918149694,0,False,trend,-1,0.5,False,,False,0.8,0.02@3991.18:sl;0.02@3991.18:sl;0.02@3991.18:sl;0.02@3991.18:sl,1440.9299999999603,14.73152450145705,2025-10
M5#1004729,M5,1004729,IMB,buy,0.675,A,2025-10-30 12:00:00,2025-10-30 12:21:00,2025-10-30 12:35:00,14.0,3988.97,3988.97,3976.78,3995.06,4019.44,3988.97,3976.78,12.1899999999996,7.510714285714324,0.03,36.5699999999988,-36.86999999999989,0.21,0.0,-37.07999999999989,-1.0082034454471178,-1.0139458572600795,sl,False,0.1452009844134569,1.2534864643150325,0,False,range,-1,0.5,False,,False,0.8,0.01@3976.68:sl;0.02@3976.68:sl,1403.8499999999603,13.717578644196971,2025-10
M5#1004792,M5,1004792,UW,sell,0.585,B,2025-10-31 01:45:00,2025-10-31 01:48:00,2025-10-31 03:11:00,83.0,4038.67,4038.67,4046.34,4034.07,4001.85,4046.34,4038.67,7.670000000000073,6.6635714285714585,0.05,38.350000000000364,32.01000000000022,0.35000000000000003,0.0,31.660000000000217,0.8346805736636222,0.8255541069100369,partial_be,True,2.4667535853976394,0.6166883963494099,0,False,trend,-1,0.5,False,,False,0.8,0.01@4034.07:tp1;0.01@4029.47:tp1;0.01@4020.26:tp1;0.02@4038.77:be,1435.5099999999607,14.543132751107008,2025-10
M5#1004861,M5,1004861,IMB,sell,0.584,B,2025-10-31 18:40:00,2025-10-31 19:43:00,2025-10-31 20:12:00,29.0,3999.0,3999.0,4005.08,3995.35,3969.82,4005.08,3999.0,6.079999999999927,8.404285714285672,0.15,91.19999999999891,-92.69999999999753,1.05,0.0,-93.74999999999753,-1.0164473684210378,-1.0279605263157747,sl,False,0.5657894736842263,1.0657894736842262,0,False,trend,0,1.0,False,,False,0.8,0.03@4005.18:sl;0.03@4005.18:sl;0.03@4005.18:sl;0.06@4005.18:sl,1341.7599999999632,13.515172224791232,2025-10
M10#1002423,M10,1002423,IMB,sell,0.655,A,2025-10-31 18:50:00,2025-10-31 19:43:00,2025-10-31 21:27:00,104.0,3999.0,3999.0,4011.59,3991.45,3938.57,4011.59,3999.0,12.590000000000146,10.57928571428569,0.13,163.6700000000019,21.650000000001455,0.91,0.0,20.740000000001455,0.1322783650027568,0.12671839677400387,partial_be,True,0.6012708498808639,0.9023034154090545,0,True,trend,0,1.0,False,,False,1.5,0.03@3991.45:tp1;0.03@3999.10:be;0.03@3999.10:be;0.04@3999.10:be,1362.4999999999645,13.641890621565237,2025-10
M5#2002838,M5,2002838,IMB,sell,0.576,B,2025-11-03 13:40:00,2025-11-03 13:48:00,2025-11-03 14:33:00,45.0,4007.93,4007.93,4014.36,4004.71,3991.85,4014.36,4007.93,6.430000000000291,3.851428571428674,0.13,83.59000000000378,8.659999999995762,0.91,0.0,7.749999999995762,0.10360090919960964,0.09271443952620421,partial_be,True,0.9144634525660013,0.25816485225509084,0,True,range,-1,0.5,False,,False,1.5,0.03@4004.71:tp1;0.03@4008.03:be;0.03@4008.03:be;0.04@4008.03:be,1370.2499999999602,13.734605061091441,2025-11
M5#2002801,M5,2002801,IMB,buy,0.621,B,2025-11-04 01:20:00,2025-11-04 02:41:00,2025-11-04 03:26:00,45.0,3982.37,3982.37,3974.11,3986.5,4003.02,3982.37,3974.11,8.259999999999764,3.8185714285713988,0.11,90.8599999999974,41.44000000000142,0.77,0.0,40.670000000001416,0.45608628659478984,0.44761171032360314,trail,True,1.4648910411622584,0.4539951573850009,0,False,range,0,1.0,False,,False,0.8,0.02@3986.50:tp1;0.02@3990.63:tp1;0.02@3984.75:trail;0.05@3984.75:trail,1410.9199999999616,14.182216771415044,2025-11
M5#2003062,M5,2003062,IMB,sell,0.604,B,2025-11-06 01:25:00,2025-11-06 01:32:00,2025-11-06 01:51:00,19.0,3972.4,3972.4,3977.96,3969.62,3958.5,3977.96,3972.4,5.559999999999945,2.8735714285714624,0.16,88.95999999999913,-90.55999999999767,1.12,0.0,-91.67999999999768,-1.0179856115107753,-1.0305755395683294,sl,False,0.023381294964048636,1.0,0,False,range,0,1.0,False,,False,0.8,0.04@3978.06:sl;0.04@3978.06:sl;0.04@3978.06:sl;0.04@3978.06:sl,1319.2399999999639,13.151641231846714,2025-11
M30#2000493,M30,2000493,IMB,buy,0.608,B,2025-11-06 13:30:00,2025-11-06 14:53:00,2025-11-06 16:05:00,72.0,4003.8,4003.8,3992.83,4009.29,4031.23,4003.8,3992.83,10.970000000000255,6.822857142857141,0.08,87.76000000000204,45.67999999999756,0.56,0.0,45.11999999999756,0.5205104831357851,0.514129443937973,trail,True,1.1431175934366156,0.1002734731085085,0,False,range,0,1.0,False,,False,0.8,0.02@4009.29:tp1;0.02@4014.77:tp1;0.02@4006.99:trail;0.02@4006.99:trail,1364.3599999999615,13.665770675784687,2025-11
M5#2003282,M5,2003282,IMB,buy,0.759,A,2025-11-10 03:50:00,2025-11-10 03:54:00,2025-11-10 07:50:00,236.0,4043.83,4043.83,4035.09,4048.2,4065.68,4043.83,4035.09,8.739999999999782,5.8321428571428635,0.05,43.69999999999891,69.92000000000007,0.35000000000000003,0.0,69.57000000000008,1.6000000000000416,1.5919908466819637,tp2,True,2.5640732265446697,0.6990846681922517,0,False,range,-1,0.5,False,,False,0.8,0.01@4048.20:tp1;0.01@4052.57:tp1;0.01@4056.94:tp1;0.02@4065.68:tp2,1433.9299999999616,15.257761522466652,2025-11
M10#2001779,M10,2001779,OB,buy,0.615,B,2025-11-13 14:40:00,2025-11-13 15:04:00,2025-11-13 15:09:00,5.0,4229.62,4229.67,4223.11,4232.95,4246.07,4229.67,4223.11,6.5600000000004,6.535000000000049,0.13,85.2800000000052,9.489999999997963,0.91,0.0,8.579999999997963,0.11128048780484737,0.10060975609753095,partial_be,True,0.5243902439024847,0.5167682926829452,0,False,range,0,1.0,False,,False,0.8,0.03@4232.95:tp1;0.03@4229.57:be;0.03@4229.57:be;0.04@4229.57:be,1442.5099999999595,15.358371278564183,2025-11
M10#2001738,M10,2001738,IMB,buy,0.624,B,2025-11-13 16:10:00,2025-11-13 20:35:00,2025-11-14 04:25:00,470.0,4160.26,4160.26,4144.58,4168.1,4199.46,4160.26,4144.58,15.680000000000291,8.992857142857117,0.1,156.8000000000029,250.87999999999738,0.7000000000000001,-3.0,247.1799999999974,1.5999999999999537,1.576403061224444,tp2,True,2.551020408163218,0.9591836734693676,0,True,range,0,1.0,False,,False,1.5,0.02@4168.10:tp1;0.02@4175.94:tp1;0.02@4183.78:tp1;0.04@4199.46:tp2,1689.6899999999569,16.93477433978863,2025-11
M15#2001202,M15,2001202,IMB,buy,0.644,B,2025-11-13 15:45:00,2025-11-13 20:35:00,2025-11-14 04:50:00,495.0,4159.4,4159.4,4140.04,4169.08,4207.8,4159.4,4140.04,19.359999999999673,9.377142857142903,0.08,154.87999999999738,212.96000000000276,0.56,-2.0,210.40000000000276,1.375000000000041,1.3584710743802062,tp2,True,2.5625000000000733,0.732438016528906,0,True,range,0,1.0,False,,False,1.5,0.02@4169.08:tp1;0.02@4178.76:tp1;0.02@4188.44:tp1;0.02@4207.80:tp2,1900.0899999999597,18.293245414168833,2025-11
M30#2000550,M30,2000550,IMB,buy,0.68,A,2025-11-13 04:00:00,2025-11-13 20:32:00,2025-11-14 08:28:00,716.0,4166.2,4166.2,4140.04,4179.28,4231.6,4166.2,4140.04,26.159999999999854,12.348571428571372,0.06,156.95999999999916,101.72999999999956,0.42000000000000004,-2.5,98.80999999999956,0.6481269113149855,0.629523445463813,trail,True,1.725917431192691,0.8019877675840856,0,True,range,0,1.0,False,,False,1.5,0.01@4179.28:tp1;0.01@4192.36:tp1;0.01@4205.44:tp1;0.03@4173.95:trail,1998.8999999999592,18.922768859632647,2025-11
M5#2003640,M5,2003640,IMB,sell,0.62,B,2025-11-14 17:05:00,2025-11-14 17:48:00,2025-11-14 17:58:00,10.0,4091.95,4091.95,4105.49,4085.18,4058.1,4105.49,4091.95,13.539999999999964,12.76642857142854,0.07,94.77999999999973,6.169999999997799,0.48999999999999994,0.0,5.679999999997799,0.0650981219666366,0.05992825490607528,partial_be,True,0.7259970457902477,0.3530280649926638,0,False,range,0,1.0,False,,False,0.8,0.01@4085.18:tp1;0.01@4092.05:be;0.01@4092.05:be;0.04@4092.05:be,2004.579999999957,18.982697114538723,2025-11
H1#2000311,H1,2000311,UW,buy,0.607,B,2025-11-17 07:00:00,2025-11-17 07:32:00,2025-11-17 18:05:00,633.0,4055.82,4055.82,4031.94,4070.15,4170.44,4055.82,4031.94,23.88000000000011,21.553571428571463,0.11,262.6800000000012,85.27999999999703,0.77,0.0,84.50999999999704,0.32465357088471386,0.3217222476016318,partial_be,True,1.6859296482411885,0.25000000000000955,0,True,trend,1,1.5,False,,False,1.5,0.02@4070.15:tp1;0.02@4084.48:tp1;0.02@4055.72:be;0.05@4055.72:be,2089.0899999999538,19.304419362140354,2025-11
M5#2003779,M5,2003779,OB,sell,0.575,B,2025-11-18 10:20:00,2025-11-18 10:32:00,2025-11-18 10:33:00,1.0,4028.67,4028.67,4035.11,4025.45,4012.57,4035.11,4028.67,6.440000000000055,6.0457142857142765,0.15,96.60000000000082,-98.09999999999945,1.05,0.0,-99.14999999999945,-1.0155279503105448,-1.026397515527936,sl,False,0.0,1.0605590062111598,0,False,range,0,1.0,False,,False,0.8,0.03@4035.21:sl;0.03@4035.21:sl;0.03@4035.21:sl;0.06@4035.21:sl,1989.9399999999544,18.27802184661242,2025-11
M5#2003873,M5,2003873,IMB,buy,0.571,B,2025-11-19 08:30:00,2025-11-19 09:08:00,2025-11-19 09:59:00,51.0,4086.68,4086.68,4079.5,4090.99,4121.14,4086.68,4079.5,7.179999999999836,4.872857142857193,0.06,43.079999999999025,12.530000000000655,0.42000000000000004,0.0,12.110000000000655,0.2908542246982576,0.2811049210770875,partial_be,True,1.420612813370544,0.22423398328686758,0,False,trend,-1,0.5,False,,False,0.8,0.01@4090.99:tp1;0.01@4095.30:tp1;0.01@4086.58:be;0.03@4086.58:be,2002.049999999955,18.559126767689506,2025-11
M10#2001936,M10,2001936,IMB,buy,0.567,B,2025-11-19 08:40:00,2025-11-19 09:08:00,2025-11-19 09:59:00,51.0,4086.68,4086.68,4079.01,4091.28,4123.5,4086.68,4079.01,7.669999999999618,5.942142857142926,0.23,176.40999999999121,67.70000000000437,1.6099999999999999,0.0,66.09000000000437,0.3837650926818646,0.3746386259282788,partial_be,True,1.329856584093974,0.2099087353324319,0,True,trend,0,1.0,False,,False,1.5,0.05@4091.28:tp1;0.05@4095.88:tp1;0.05@4086.58:be;0.08@4086.58:be,2068.1399999999594,18.933765393617783,2025-11
M10#2001945,M10,2001945,IMB,buy,0.623,B,2025-11-19 13:20:00,2025-11-19 15:14:00,2025-11-19 16:30:00,76.0,4102.03,4102.03,4091.5,4108.35,4152.57,4102.03,4091.5,10.529999999999745,7.230000000000051,0.17,179.00999999999567,74.9400000000087,1.1900000000000002,0.0,73.7500000000087,0.418635830400595,0.41198815708625486,partial_be,True,1.5963912630580064,0.10826210826205561,0,True,trend,0,1.0,False,,False,1.5,0.04@4108.35:tp1;0.04@4114.67:tp1;0.04@4101.93:be;0.05@4101.93:be,2141.889999999968,19.34575355070404,2025-11
M5#2003889,M5,2003889,IMB,buy,0.595,B,2025-11-19 15:25:00,2025-11-19 17:53:00,2025-11-19 17:53:00,0.0,4098.15,4098.15,4091.5,4102.14,4130.07,4098.15,4091.5,6.649999999999636,4.689285714285559,0.27,179.54999999999018,-182.24999999998772,1.8900000000000001,0.0,-184.1399999999877,-1.0150375939849496,-1.0255639097744238,sl,False,0.0,1.20300751879699,0,True,trend,0,1.0,False,,False,1.5,0.06@4091.40:sl;0.06@4091.40:sl;0.06@4091.40:sl;0.09@4091.40:sl,1957.7499999999804,18.320189640929616,2025-11
M5#2003959,M5,2003959,UW,buy,0.645,B,2025-11-20 09:55:00,2025-11-20 10:04:00,2025-11-20 10:12:00,8.0,4051.21,4051.21,4043.35,4055.93,4088.94,4051.21,4043.35,7.860000000000127,5.2392857142857405,0.11,86.4600000000014,-87.5600000000004,0.77,0.0,-88.3300000000004,-1.0127226463104209,-1.0216284987277233,sl,False,0.5559796437658804,1.0445292620865017,0,True,trend,-1,0.5,False,,False,1.5,0.02@4043.25:sl;0.02@4043.25:sl;0.02@4043.25:sl;0.05@4043.25:sl,1869.41999999998,17.298561142201894,2025-11
M10#2001987,M10,2001987,UW,buy,0.551,B,2025-11-20 10:00:00,2025-11-20 10:04:00,2025-11-20 10:12:00,8.0,4051.21,4051.21,4043.35,4055.93,4088.94,4051.21,4043.35,7.860000000000127,7.72571428571434,0.23,180.78000000000293,-183.08000000000084,1.6099999999999999,0.0,-184.69000000000085,-1.0127226463104209,-1.0216284987277235,sl,False,0.5559796437658804,1.0445292620865017,0,True,trend,0,1.0,False,,False,1.5,0.05@4043.25:sl;0.05@4043.25:sl;0.05@4043.25:sl;0.08@4043.25:sl,1684.729999999979,16.276932643474172,2025-11
M30#2000634,M30,2000634,IMB,sell,0.586,B,2025-11-19 22:00:00,2025-11-20 01:41:00,2025-11-20 16:49:00,908.0,4098.37,4098.37,4115.79,4087.92,4014.75,4115.79,4098.37,17.420000000000073,17.182857142856978,0.1,174.20000000000073,145.91999999999825,0.7000000000000001,0.0,145.21999999999827,0.8376578645235226,0.8336394948335113,partial_be,True,3.4190585533868942,0.7158438576349141,0,True,trend,0,1.0,False,,False,1.5,0.02@4087.92:tp1;0.02@4077.47:tp1;0.02@4056.56:tp1;0.04@4098.47:be,1829.9499999999773,17.110572138307685,2025-11
M15#2001372,M15,2001372,OB,sell,0.683,A,2025-11-19 20:45:00,2025-11-20 01:52:00,2025-11-20 16:50:00,898.0,4106.67,4106.67,4129.51,4092.97,3997.04,4129.51,4106.67,22.840000000000146,13.327142857142755,0.04,91.36000000000058,95.82999999999994,0.28,0.0,95.54999999999994,1.0489273204903604,1.0458625218914113,partial_be,True,2.9711033274956082,0.18257443082311936,0,False,trend,0,1.0,False,,False,0.8,0.01@4092.97:tp1;0.01@4079.26:tp1;0.01@4051.85:tp1;0.01@4106.77:be,1925.4999999999773,18.156434660199096,2025-11
M5#2003991,M5,2003991,OB,buy,0.59,B,2025-11-20 10:50:00,2025-11-20 18:58:00,2025-11-20 19:35:00,37.0,4050.28,4050.28,4042.76,4054.79,4086.38,4050.28,4042.76,7.519999999999982,7.183571428571505,0.06,45.1199999999999,13.12999999999829,0.42000000000000004,0.0,12.70999999999829,0.29100177304960817,0.28169326241131026,partial_be,True,1.4574468085105863,0.8803191489362183,0,False,trend,-1,0.5,False,,False,0.8,0.01@4054.79:tp1;0.01@4059.30:tp1;0.01@4050.18:be;0.03@4050.18:be,1938.2099999999755,18.438127922610406,2025-11
M10#2002024,M10,2002024,IMB,buy,0.604,B,2025-11-21 01:20:00,2025-11-21 02:23:00,2025-11-21 02:53:00,30.0,4072.57,4072.57,4064.14,4077.63,4113.03,4072.57,4064.14,8.430000000000291,5.118571428571419,0.16,134.88000000000466,19.039999999995416,1.12,0.0,17.919999999995415,0.1411625148279564,0.1328588374851334,partial_be,True,0.8683274021351668,0.11506524317914842,0,False,trend,1,1.5,False,,False,0.8,0.04@4077.63:tp1;0.04@4072.47:be;0.04@4072.47:be;0.04@4072.47:be,1956.129999999971,18.57098676009554,2025-11
M10#2002050,M10,2002050,IMB,sell,0.643,B,2025-11-21 09:00:00,2025-11-21 10:27:00,2025-11-21 11:01:00,34.0,4045.92,4045.92,4057.06,4039.24,3992.45,4057.06,4045.92,11.139999999999873,8.381428571428646,0.16,178.23999999999796,25.520000000002256,1.12,0.0,24.400000000002255,0.14317773788152238,0.13689407540396395,partial_be,True,0.6131059245960507,0.21274685816875386,0,True,trend,0,1.0,False,,False,1.5,0.04@4039.24:tp1;0.04@4046.02:be;0.04@4046.02:be;0.04@4046.02:be,1980.5299999999734,18.707880835499505,2025-11
M5#2004088,M5,2004088,IMB,buy,0.584,B,2025-11-21 15:10:00,2025-11-21 17:41:00,2025-11-21 17:43:00,2.0,4055.53,4055.53,4050.02,4058.84,4081.98,4055.53,4050.02,5.510000000000218,7.525714285714263,0.17,93.67000000000371,11.939999999995052,1.1900000000000002,0.0,10.749999999995053,0.12746877335320358,0.11476459912452895,partial_be,True,0.8439201451904632,0.050816696914734845,0,False,trend,0,1.0,False,,False,0.8,0.04@4058.84:tp1;0.04@4055.43:be;0.04@4055.43:be;0.05@4055.43:be,1991.2799999999684,18.822645434624036,2025-11
M10#2002063,M10,2002063,IMB,buy,0.558,B,2025-11-21 15:20:00,2025-11-21 17:40:00,2025-11-21 18:51:00,71.0,4058.09,4058.09,4050.35,4062.73,4095.24,4058.09,4050.35,7.7400000000002365,8.665714285714232,0.23,178.02000000000544,459.7499999999959,1.6099999999999999,0.0,458.1399999999959,2.5825749915738787,2.5735310639252997,tp2,True,5.0090439276483645,0.3669250645994908,0,True,trend,0,1.0,False,,False,1.5,0.05@4062.73:tp1;0.05@4067.38:tp1;0.05@4076.67:tp1;0.08@4095.24:tp2,2449.419999999964,21.396176498549337,2025-11
M5#2004103,M5,2004103,UW,buy,0.584,B,2025-11-21 18:15:00,2025-11-21 22:33:00,2025-11-21 22:35:00,2.0,4061.33,4061.33,4055.25,4064.98,4090.51,4061.33,4055.25,6.079999999999927,6.169999999999975,0.16,97.27999999999884,13.400000000001457,1.12,0.0,12.280000000001458,0.13774671052633242,0.12623355263159544,partial_be,True,0.6101973684210659,0.2878289473684245,0,False,trend,0,1.0,False,,False,0.8,0.04@4064.98:tp1;0.04@4061.23:be;0.04@4061.23:be;0.04@4061.23:be,2461.6999999999657,21.522410051180934,2025-11
M15#2001476,M15,2001476,IMB,buy,0.673,A,2025-11-24 22:00:00,2025-11-25 10:54:00,2025-11-25 15:30:00,276.0,4110.24,4110.24,4095.71,4117.5,4146.56,4110.24,4095.71,14.529999999999745,7.654999999999908,0.12,174.35999999999694,239.70000000000437,0.84,0.0,238.86000000000436,1.3747419132829122,1.3699242945630221,tp2,True,2.6359256710255234,0.03578802477629292,0,True,range,0,1.0,False,,False,1.5,0.03@4117.50:tp1;0.03@4124.77:tp1;0.03@4132.03:tp1;0.03@4146.56:tp2,2700.55999999997,22.892334345743954,2025-11
M10#2002119,M10,2002119,IMB,buy,0.618,B,2025-11-25 08:20:00,2025-11-25 10:54:00,2025-11-25 15:30:00,276.0,4110.24,4110.24,4095.71,4117.5,4146.56,4110.24,4095.71,14.529999999999745,4.977857142856984,0.12,174.35999999999694,239.70000000000437,0.84,0.0,238.86000000000436,1.3747419132829122,1.3699242945630221,tp2,True,2.6359256710255234,0.03578802477629292,0,True,range,0,1.0,False,,False,1.5,0.03@4117.50:tp1;0.03@4124.77:tp1;0.03@4132.03:tp1;0.03@4146.56:tp2,2939.419999999974,24.262258640306975,2025-11
M5#2004237,M5,2004237,OB,sell,0.586,B,2025-11-25 12:00:00,2025-11-25 15:20:00,2025-11-25 15:30:00,10.0,4146.09,4146.09,4151.38,4143.44,4132.86,4151.38,4146.09,5.289999999999964,5.332142857143026,0.19,100.50999999999931,48.149999999999636,1.33,0.0,46.81999999999964,0.47905681026763475,0.4658242960899409,trail,True,1.4896030245747,0.5141776937618664,0,False,range,0,1.0,False,,False,0.8,0.04@4143.44:tp1;0.04@4140.80:tp1;0.04@4144.60:trail;0.07@4144.60:trail,2986.239999999974,24.728082936396916,2025-11
M10#2002278,M10,2002278,IMB,buy,0.601,B,2025-11-28 06:40:00,2025-11-28 07:09:00,2025-11-28 07:24:00,15.0,4176.63,4176.63,4171.88,4179.01,4188.51,4176.63,4171.88,4.75,4.24714285714286,0.41,194.75,157.23000000000138,2.87,0.0,154.36000000000138,0.8073427471116887,0.7926059050064256,trail,True,2.4210526315789473,4.103157894736796,0,True,range,0,1.0,False,,False,1.5,0.1@4179.01:tp1;0.1@4181.38:tp1;0.1@4183.76:tp1;0.11@4177.96:trail,3140.5999999999754,25.52068884140334,2025-11
M5#2004477,M5,2004477,IMB,buy,0.632,B,2025-11-28 13:25:00,2025-11-28 14:00:00,2025-11-28 15:24:00,84.0,4168.39,4168.39,4163.17,4171.0,4181.44,4168.39,4163.17,5.220000000000255,4.487142857142771,0.2,104.4000000000051,85.64999999999145,1.4000000000000001,0.0,84.24999999999145,0.8204022988504528,0.8069923371646296,trail,True,1.8716475095783622,0.18582375478931176,0,False,range,0,1.0,False,,False,0.8,0.05@4171.00:tp1;0.05@4173.61:tp1;0.05@4176.22:tp1;0.05@4169.86:trail,3224.8499999999667,26.32768117856797,2025-11
M5#2004499,M5,2004499,UW,sell,0.601,B,2025-11-28 17:00:00,2025-11-28 17:57:00,2025-11-28 18:16:00,19.0,4202.44,4202.44,4208.34,4199.49,4187.69,4208.34,4202.44,5.900000000000546,5.524999999999831,0.17,100.30000000000928,10.499999999994543,1.1900000000000002,0.0,9.309999999994544,0.10468594217341547,0.09282153539375555,partial_be,True,0.6762711864405784,0.5644067796609524,0,False,range,0,1.0,False,,False,0.8,0.04@4199.49:tp1;0.04@4202.54:be;0.04@4202.54:be;0.05@4202.54:be,3234.159999999961,26.420502713961728,2025-11
M5#3002654,M5,3002654,IMB,sell,0.613,B,2025-12-01 08:10:00,2025-12-01 08:10:00,2025-12-01 08:29:00,19.0,4233.54,4233.54,4239.53,4230.55,4218.57,4239.53,4233.54,5.989999999999782,6.385000000000024,0.17,101.82999999999629,51.21999999999662,1.1900000000000002,0.0,50.02999999999662,0.5029951880585141,0.4913090444858926,trail,True,1.1986644407346498,0.0667779632720619,0,False,range,0,1.0,False,,False,0.8,0.04@4230.55:tp1;0.04@4227.55:tp1;0.04@4231.84:trail;0.05@4231.84:trail,3284.1899999999578,26.91181175844762,2025-12
M5#3002608,M5,3002608,IMB,buy,0.614,B,2025-12-02 11:00:00,2025-12-02 11:36:00,2025-12-02 12:20:00,44.0,4182.15,4182.15,4177.24,4184.6,4194.42,4182.15,4177.24,4.9099999999998545,3.610714285714234,0.21,103.10999999999696,81.82000000001517,1.4700000000000002,0.0,80.35000000001517,0.7935214819126911,0.7792648627680879,trail,True,2.437881873727212,0.18533604887981292,0,False,range,0,1.0,False,,False,0.8,0.05@4184.60:tp1;0.05@4187.06:tp1;0.05@4189.51:tp1;0.06@4183.52:trail,3364.539999999973,27.691076621215707,2025-12
M10#3001403,M10,3001403,IMB,sell,0.571,B,2025-12-02 12:10:00,2025-12-02 13:29:00,2025-12-02 13:54:00,25.0,4195.86,4195.86,4203.55,4192.01,4176.63,4203.55,4195.86,7.690000000000509,6.3214285714284415,0.13,99.97000000000662,-101.26999999999953,0.91,0.0,-102.17999999999952,-1.0130039011702794,-1.0221066319895245,sl,False,0.15084525357604392,1.1079323797138976,0,False,range,0,1.0,False,,False,0.8,0.03@4203.65:sl;0.03@4203.65:sl;0.03@4203.65:sl;0.04@4203.65:sl,3262.3599999999738,26.668969989226184,2025-12
M10#3001414,M10,3001414,IMB,sell,0.582,B,2025-12-02 21:30:00,2025-12-02 21:31:00,2025-12-02 22:37:00,66.0,4198.36,4198.36,4207.93,4193.57,4174.43,4207.93,4198.36,9.570000000000618,4.956428571428725,0.05,47.85000000000309,-48.350000000000364,0.35000000000000003,0.0,-48.700000000000365,-1.0104493207940908,-1.0177638453499942,sl,False,0.452455590386588,1.1389759665621568,0,False,range,-1,0.5,False,,False,0.8,0.01@4208.03:sl;0.01@4208.03:sl;0.01@4208.03:sl;0.02@4208.03:sl,3213.6599999999735,25.65120614387619,2025-12
M10#3001413,M10,3001413,IMB,sell,0.587,B,2025-12-02 22:10:00,2025-12-02 22:38:00,2025-12-03 01:09:00,151.0,4210.91,4210.91,4217.45,4207.64,4194.56,4217.45,4210.91,6.539999999999964,4.986428571428665,0.08,52.31999999999971,27.05999999999767,0.56,2.6999999999999997,29.199999999997672,0.5172018348623437,0.5581039755351268,trail,True,1.221712538226273,0.25076452599393523,0,False,range,-1,0.5,False,,False,0.8,0.02@4207.64:tp1;0.02@4204.37:tp1;0.02@4209.05:trail;0.02@4209.05:trail,3242.859999999971,26.209310119411317,2025-12
M5#3002861,M5,3002861,UW,buy,0.57,B,2025-12-03 18:30:00,2025-12-03 18:53:00,2025-12-03 18:54:00,1.0,4212.35,4212.35,4206.26,4215.4,4227.58,4212.35,4206.26,6.0900000000001455,5.338571428571413,0.17,103.53000000000247,-105.23000000000866,1.1900000000000002,0.0,-106.42000000000866,-1.0164203612480067,-1.0279146141215698,sl,False,0.0,1.0032840722496612,0,False,range,0,1.0,False,,False,0.8,0.04@4206.16:sl;0.04@4206.16:sl;0.04@4206.16:sl;0.05@4206.16:sl,3136.4399999999623,25.181395505289746,2025-12
M10#3001374,M10,3001374,OB,sell,0.645,B,2025-12-05 14:10:00,2025-12-05 17:32:00,2025-12-05 18:09:00,37.0,4250.88,4250.88,4259.94,4246.35,4228.23,4259.94,4250.88,9.05999999999949,3.2057142857143583,0.11,99.6599999999944,167.6100000000033,0.77,0.0,166.8400000000033,1.6818181818183096,1.6740919125026357,tp2,True,2.6677704194262066,0.9646799116999097,0,False,range,0,1.0,False,,False,0.8,0.02@4246.35:tp1;0.02@4241.82:tp1;0.02@4237.29:tp1;0.05@4228.23:tp2,3303.2799999999656,26.855487417792382,2025-12
M10#3001575,M10,3001575,UW,sell,0.619,B,2025-12-09 05:50:00,2025-12-09 11:05:00,2025-12-09 11:19:00,14.0,4201.82,4201.82,4210.7,4197.38,4179.62,4210.7,4201.82,8.88000000000011,3.368571428571223,0.22,195.36000000000243,-197.5600000000104,1.5400000000000003,0.0,-199.1000000000104,-1.011261261261302,-1.0191441441441846,sl,False,0.2207207207207221,1.0326576576576532,0,True,range,0,1.0,False,,False,1.5,0.05@4210.80:sl;0.05@4210.80:sl;0.05@4210.80:sl;0.07@4210.80:sl,3104.1799999999553,25.836343273648197,2025-12
M5#3003084,M5,3003084,UW,sell,0.685,A,2025-12-09 09:55:00,2025-12-09 11:05:00,2025-12-09 11:19:00,14.0,4201.8,4201.8,4210.7,4197.35,4179.55,4210.7,4201.8,8.899999999999636,2.737857142857268,0.11,97.899999999996,-99.0,0.77,0.0,-99.77,-1.011235955056221,-1.0191011235955472,sl,False,0.21797752808995377,1.0325842696629186,0,True,range,-1,0.5,False,,False,1.5,0.02@4210.80:sl;0.02@4210.80:sl;0.02@4210.80:sl;0.05@4210.80:sl,3004.4099999999553,24.81724215005265,2025-12
M30#3000566,M30,3000566,IMB,buy,0.571,B,2025-12-09 14:00:00,2025-12-09 14:18:00,2025-12-09 15:26:00,68.0,4200.72,4200.72,4191.9,4205.13,4222.77,4200.72,4191.9,8.820000000000618,7.696428571428636,0.22,194.04000000001363,20.349999999993088,1.5400000000000003,0.0,18.80999999999309,0.10487528344666902,0.09693877551016165,partial_be,True,0.82199546485255,0.23922902494335987,0,True,range,0,1.0,False,,False,1.5,0.05@4205.13:tp1;0.05@4200.62:be;0.05@4200.62:be;0.07@4200.62:be,3023.2199999999484,24.91418092556281,2025-12
M10#3001641,M10,3001641,IMB,sell,0.58,B,2025-12-10 06:30:00,2025-12-10 07:38:00,2025-12-10 07:48:00,10.0,4210.58,4210.58,4214.48,4208.63,4200.83,4214.48,4210.58,3.899999999999636,3.2342857142856962,0.13,50.69999999999527,-52.0,0.91,0.0,-52.91,-1.0256410256411213,-1.043589743589841,sl,False,0.12051282051289705,1.09230769230785,0,False,range,-1,0.5,False,,False,0.8,0.03@4214.58:sl;0.03@4214.58:sl;0.03@4214.58:sl;0.04@4214.58:sl,2970.3099999999486,23.87059118197297,2025-12
M30#3000540,M30,3000540,OB,sell,0.652,A,2025-12-09 19:30:00,2025-12-10 22:12:00,2025-12-11 01:50:00,218.0,4231.94,4231.94,4248.55,4223.63,4190.41,4248.55,4231.94,16.610000000000582,9.992857142857117,0.11,182.7100000000064,15.719999999995707,0.77,1.3499999999999999,16.29999999999571,0.08603798368997403,0.0892124131136508,partial_be,True,0.6219145093317017,0.42022877784468565,0,True,range,0,1.0,False,,False,1.5,0.02@4223.63:tp1;0.02@4232.04:be;0.02@4232.04:be;0.05@4232.04:be,2986.609999999944,23.95980359508662,2025-12
M15#3001083,M15,3001083,OB,sell,0.607,B,2025-12-10 22:45:00,2025-12-11 02:12:00,2025-12-11 08:03:00,351.0,4239.92,4239.78,4253.75,4232.8,4204.85,4253.75,4239.78,13.970000000000255,13.126428571428473,0.13,181.6100000000033,267.2699999999986,0.91,0.0,266.3599999999986,1.4716700622212089,1.466659324927007,tp2,True,2.518969219756547,0.5705082319254975,0,True,range,0,1.0,False,,False,1.5,0.03@4232.80:tp1;0.03@4225.81:tp1;0.03@4218.82:tp1;0.04@4204.85:tp2,3252.969999999943,25.426462920013627,2025-12
M15#3001180,M15,3001180,OB,buy,0.738,A,2025-12-11 05:00:00,2025-12-11 05:12:00,2025-12-11 12:30:00,438.0,4212.15,4212.15,4187.41,4224.52,4274.0,4212.15,4187.41,24.73999999999978,6.952142857142787,0.07,173.17999999999844,11.770000000004075,0.48999999999999994,0.0,11.280000000004074,0.06796396812567375,0.06513454209495424,partial_be,True,0.551333872271643,0.3108326596604554,0,True,range,0,1.0,False,,False,1.5,0.01@4224.52:tp1;0.01@4212.05:be;0.01@4212.05:be;0.04@4212.05:be,3264.2499999999472,25.49159746210858,2025-12
M15#3001209,M15,3001209,IMB,buy,0.657,A,2025-12-11 20:00:00,2025-12-11 20:57:00,2025-12-11 21:54:00,57.0,4272.13,4272.13,4262.94,4276.73,4295.11,4272.13,4262.94,9.19000000000051,10.462857142857242,0.21,192.99000000001072,21.39999999999145,1.4700000000000002,0.0,19.929999999991452,0.11088657443385803,0.10326959946106194,partial_be,True,0.5854189336234833,0.9858541893362239,0,True,range,0,1.0,False,,False,1.5,0.05@4276.73:tp1;0.05@4272.03:be;0.05@4272.03:be;0.06@4272.03:be,3284.179999999939,25.59486706156964,2025-12
M10#3001721,M10,3001721,IMB,buy,0.662,A,2025-12-11 19:50:00,2025-12-11 20:58:00,2025-12-11 22:07:00,69.0,4270.98,4270.98,4261.04,4275.95,4295.83,4270.98,4261.04,9.9399999999996,8.33071428571436,0.24,238.5599999999904,28.02000000001135,1.68,0.0,26.34000000001135,0.11745472837027364,0.1104124748491466,partial_be,True,0.6569416498994887,0.7957746478873413,0,False,range,2,2.25,False,,False,0.8,0.06@4275.95:tp1;0.06@4270.88:be;0.06@4270.88:be;0.06@4270.88:be,3310.5199999999504,25.705279536418786,2025-12
M5#3003401,M5,3003401,IMB,sell,0.674,A,2025-12-15 04:15:00,2025-12-15 04:31:00,2025-12-15 05:32:00,61.0,4327.99,4327.99,4343.29,4320.34,4289.74,4343.29,4327.99,15.300000000000182,4.272857142857057,0.06,91.8000000000011,7.149999999997817,0.42000000000000004,0.0,6.729999999997817,0.0778867102396267,0.07331154684093395,partial_be,True,0.5516339869280719,0.13333333333338881,0,True,range,-1,0.5,False,,False,1.5,0.01@4320.34:tp1;0.01@4328.09:be;0.01@4328.09:be;0.03@4328.09:be,3317.249999999948,25.77859108325972,2025-12
M10#3001760,M10,3001760,IMB,sell,0.616,B,2025-12-15 04:20:00,2025-12-15 04:31:00,2025-12-15 05:32:00,61.0,4327.99,4327.99,4340.97,4321.5,4295.54,4340.97,4327.99,12.980000000000473,5.262857142857229,0.15,194.7000000000071,18.26999999999498,1.05,0.0,17.21999999999498,0.0938366718027443,0.0884437596301713,partial_be,True,0.6502311248073415,0.15716486902933735,0,True,range,0,1.0,False,,False,1.5,0.03@4321.50:tp1;0.03@4328.09:be;0.03@4328.09:be;0.06@4328.09:be,3334.469999999943,25.86703484288989,2025-12
M5#3003457,M5,3003457,IMB,buy,0.653,A,2025-12-15 08:15:00,2025-12-15 09:39:00,2025-12-15 10:48:00,69.0,4335.7,4335.7,4331.01,4338.05,4347.42,4335.7,4331.01,4.6899999999996,3.547857142857083,0.22,103.17999999999121,152.39000000000487,1.5400000000000003,0.0,150.85000000000488,1.47693351424712,1.4620081411127905,tp2,True,2.6311300639661406,0.47547974413640803,0,False,range,0,1.0,False,,False,0.8,0.05@4338.05:tp1;0.05@4340.39:tp1;0.05@4342.73:tp1;0.07@4347.42:tp2,3485.319999999948,27.32904298400268,2025-12
M10#3001798,M10,3001798,IMB,buy,0.605,B,2025-12-15 08:50:00,2025-12-15 09:39:00,2025-12-15 10:50:00,71.0,4336.06,4336.06,4331.01,4338.59,4348.69,4336.06,4331.01,5.050000000000182,4.5342857142857484,0.39,196.9500000000071,287.9999999999809,2.73,0.0,285.2699999999809,1.4623000761613127,1.448438690022699,tp2,True,2.562376237623591,0.5128712871287232,0,True,range,0,1.0,False,,False,1.5,0.09@4338.59:tp1;0.09@4341.11:tp1;0.09@4343.64:tp1;0.12@4348.69:tp2,3770.5899999999288,28.777481674025378,2025-12
M10#3001837,M10,3001837,IMB,sell,0.584,B,2025-12-16 14:30:00,2025-12-16 14:46:00,2025-12-16 15:30:00,44.0,4294.53,4294.53,4304.27,4288.69,4247.78,4304.27,4294.53,9.740000000000691,4.208571428571369,0.11,107.1400000000076,-108.2400000000016,0.77,0.0,-109.0100000000016,-1.0102669404516886,-1.0174537987679098,sl,False,0.3531827515399749,1.3367556468171984,0,False,trend,0,1.0,False,,False,0.8,0.02@4304.37:sl;0.02@4304.37:sl;0.02@4304.37:sl;0.05@4304.37:sl,3661.579999999927,27.760027875257467,2025-12
M5#3003497,M5,3003497,OB,sell,0.584,B,2025-12-16 15:05:00,2025-12-16 16:03:00,2025-12-16 16:18:00,15.0,4318.77,4318.77,4325.74,4314.59,4285.31,4325.74,4318.77,6.969999999999345,3.427857142857062,0.15,104.54999999999018,-106.04999999999563,1.05,0.0,-107.09999999999563,-1.014347202295606,-1.0243902439024934,sl,False,0.5337159253946347,1.0832137733143317,0,False,trend,0,1.0,False,,False,0.8,0.03@4325.84:sl;0.03@4325.84:sl;0.03@4325.84:sl;0.06@4325.84:sl,3554.4799999999314,26.735637631354972,2025-12
M10#3001946,M10,3001946,IMB,buy,0.659,A,2025-12-18 16:20:00,2025-12-18 16:29:00,2025-12-18 16:35:00,6.0,4332.87,4332.87,4323.71,4338.37,4376.84,4332.87,4323.71,9.159999999999854,6.310714285714247,0.33,302.2799999999952,41.50000000001364,2.31,0.0,39.19000000001364,0.1372899298663964,0.12964800846901636,partial_be,True,0.8897379912664493,0.28056768558949235,0,True,trend,1,1.5,False,,False,1.5,0.08@4338.37:tp1;0.08@4332.77:be;0.08@4332.77:be;0.09@4332.77:be,3593.669999999945,26.865285639823988,2025-12
M30#3000685,M30,3000685,IMB,sell,0.597,B,2025-12-18 23:30:00,2025-12-19 17:06:00,2025-12-19 19:55:00,169.0,4341.91,4341.91,4356.33,4333.26,4272.69,4356.33,4341.91,14.420000000000073,16.50142857142867,0.07,100.9400000000005,-101.64000000000307,0.48999999999999994,0.0,-102.13000000000306,-1.006934812760081,-1.0117891816921196,sl,False,0.4597780859916204,1.0159500693480972,0,False,trend,0,1.0,False,,False,0.8,0.01@4356.43:sl;0.01@4356.43:sl;0.01@4356.43:sl;0.04@4356.43:sl,3491.5399999999418,25.85349645813187,2025-12
M10#3002090,M10,3002090,IMB,buy,0.652,A,2025-12-23 21:40:00,2025-12-23 23:56:00,2025-12-24 02:09:00,133.0,4484.19,4484.19,4478.35,4487.69,4512.22,4484.19,4478.35,5.839999999999236,5.906428571428543,0.18,105.11999999998626,266.30000000000655,1.2600000000000002,-21.000000000000004,244.04000000000656,2.5332952815833463,2.3215372907157388,tp2,True,4.886986301370496,0.3116438356164293,0,False,trend,0,1.0,False,,False,0.8,0.04@4487.69:tp1;0.04@4491.20:tp1;0.04@4498.21:tp1;0.06@4512.22:tp2,3735.579999999948,28.175033748847607,2025-12
M15#3001514,M15,3001514,IMB,sell,0.629,B,2025-12-29 18:30:00,2025-12-29 18:54:00,2025-12-29 22:04:00,190.0,4342.73,4342.73,4358.75,4333.12,4265.83,4358.75,4342.73,16.020000000000437,23.839999999999886,0.12,192.24000000000524,85.88999999999487,0.84,0.0,85.04999999999487,0.44678526841444305,0.4424157303370399,partial_be,True,1.7322097378276682,0.3127340823970656,0,True,trend,0,1.0,False,,False,1.5,0.03@4333.12:tp1;0.03@4323.51:tp1;0.03@4342.83:be;0.03@4342.83:be,3820.629999999943,28.617449479184646,2025-12
M10#3002223,M10,3002223,IMB,sell,0.619,B,2025-12-29 18:30:00,2025-12-29 18:54:00,2025-12-30 01:08:00,374.0,4345.58,4345.58,4358.75,4337.68,4282.36,4358.75,4345.58,13.170000000000073,19.131428571428646,0.15,197.5500000000011,70.19999999999618,1.05,1.3499999999999999,70.49999999999618,0.35535307517082154,0.356871678056167,partial_be,True,2.3234624145786027,0.16400911161736917,0,True,trend,0,1.0,False,,False,1.5,0.03@4337.68:tp1;0.03@4329.78:tp1;0.03@4345.68:be;0.06@4345.68:be,3891.129999999939,28.974321157240812,2025-12
M30#3000760,M30,3000760,IMB,sell,0.578,B,2025-12-30 12:00:00,2025-12-30 12:31:00,2025-12-31 07:50:00,1159.0,4389.77,4389.77,4406.74,4379.59,4308.31,4406.74,4389.77,16.969999999999345,12.536428571428457,0.03,50.909999999998035,183.28000000000065,0.21,0.8999999999999999,183.97000000000065,3.600078570025687,3.6136318994305197,tp2,True,5.1921037124339415,0.8709487330583568,0,False,trend,-1,0.5,False,,False,0.8,0.01@4369.41:tp1;0.02@4308.31:tp2,4075.09999999994,32.58795305667133,2025-12
M5#3004385,M5,3004385,IMB,sell,0.553,B,2025-12-31 13:00:00,2025-12-31 13:08:00,2025-12-31 14:36:00,88.0,4312.32,4312.32,4319.64,4307.93,4277.18,4319.64,4312.32,7.3200000000006185,5.842142857142725,0.07,51.24000000000432,12.669999999997344,0.48999999999999994,0.0,12.179999999997344,0.24726775956276884,0.237704918032715,partial_be,True,1.2240437158468962,0.5874316939890463,0,False,trend,-1,0.5,False,,False,0.8,0.01@4307.93:tp1;0.01@4303.54:tp1;0.01@4312.42:be;0.04@4312.42:be,4087.2799999999374,32.82565797470404,2025-12
M10#3002308,M10,3002308,IMB,buy,0.548,C,2025-12-31 17:40:00,2025-12-31 18:05:00,2025-12-31 18:11:00,6.0,4325.97,4325.97,4316.09,4331.9,4373.39,4325.97,4316.09,9.88000000000011,11.427857142857063,0.21,207.48000000000232,28.049999999991087,1.4700000000000002,0.0,26.579999999991088,0.13519375361476177,0.1281087333718469,partial_be,True,0.6093117408906337,0.09311740890688892,0,True,trend,0,1.0,False,,False,1.5,0.05@4331.90:tp1;0.05@4325.87:be;0.05@4325.87:be;0.06@4325.87:be,4113.859999999929,32.95376670807589,2025-12
M30#4000447,M30,4000447,IMB,buy,0.57,B,2026-01-02 08:00:00,2026-01-02 15:57:00,2026-01-02 16:31:00,34.0,4362.06,4362.06,4351.94,4368.13,4410.64,4362.06,4351.94,10.1200000000008,10.338571428571347,0.2,202.400000000016,28.849999999993088,1.4000000000000001,0.0,27.44999999999309,0.14253952569165418,0.13562252964422392,partial_be,True,1.1472332015809046,0.2233201581027707,0,True,trend,0,1.0,False,,False,1.5,0.05@4368.13:tp1;0.05@4361.96:be;0.05@4361.96:be;0.05@4361.96:be,4141.309999999922,33.08938923772011,2026-01
M10#4001331,M10,4001331,IMB,buy,0.505,C,2026-01-02 15:50:00,2026-01-02 15:57:00,2026-01-02 16:31:00,34.0,4362.06,4362.06,4355.68,4365.89,4392.68,4362.06,4355.68,6.380000000000109,7.246428571428559,0.33,210.5400000000036,90.21999999999207,2.31,0.0,87.90999999999207,0.4285171463854399,0.41754535955158434,partial_be,True,1.819749216300858,0.35423197492165825,0,True,trend,0,1.0,False,,False,1.5,0.08@4365.89:tp1;0.08@4369.72:tp1;0.08@4361.96:be;0.09@4361.96:be,4229.219999999914,33.506934597271695,2026-01
M10#4001323,M10,4001323,IMB,buy,0.507,C,2026-01-02 17:40:00,2026-01-02 18:01:00,2026-01-02 18:17:00,16.0,4328.21,4328.21,4319.05,4333.71,4372.18,4328.21,4319.05,9.159999999999854,12.537142857142758,0.23,210.67999999999665,-212.98000000000505,1.6099999999999999,0.0,-214.59000000000506,-1.0109170305677255,-1.0185589519651057,sl,False,0.3558951965065797,1.136462882096072,0,True,trend,0,1.0,False,,False,1.5,0.05@4318.95:sl;0.05@4318.95:sl;0.05@4318.95:sl;0.08@4318.95:sl,4014.6299999999087,32.48837564530659,2026-01
M5#4002376,M5,4002376,IMB,buy,0.55,C,2026-01-02 15:35:00,2026-01-02 18:03:00,2026-01-02 18:17:00,14.0,4327.32,4327.32,4319.05,4332.28,4367.02,4327.32,4319.05,8.269999999999527,5.917142857142737,0.25,206.74999999998818,-209.24999999999727,1.75,0.0,-210.99999999999727,-1.012091898428098,-1.0205562273277355,sl,False,0.26964933494565907,1.1511487303506738,0,True,trend,0,1.0,False,,False,1.5,0.06@4318.95:sl;0.06@4318.95:sl;0.06@4318.95:sl;0.07@4318.95:sl,3803.6299999999114,31.467819417978856,2026-01
M10#4001209,M10,4001209,IMB,sell,0.626,B,2026-01-05 03:20:00,2026-01-05 08:25:00,2026-01-05 16:02:00,457.0,4422.05,4422.05,4446.16,4407.58,4306.32,4446.16,4422.05,24.109999999999673,12.529285714285768,0.04,96.43999999999869,14.170000000001892,0.28,0.0,13.890000000001892,0.14693073413523522,0.14402737453341022,partial_be,True,1.0671920364993743,0.7573620904188949,0,True,trend,-1,0.5,False,,False,1.5,0.01@4407.58:tp1;0.01@4422.15:be;0.01@4422.15:be;0.01@4422.15:be,3817.519999999913,31.611846792512267,2026-01
M30#4000410,M30,4000410,IMB,sell,0.607,B,2026-01-05 04:00:00,2026-01-05 08:25:00,2026-01-05 16:02:00,457.0,4421.61,4421.61,4445.46,4407.3,4307.13,4445.46,4421.61,23.850000000000364,14.595000000000255,0.08,190.8000000000029,28.0199999999968,0.56,0.0,27.4599999999968,0.14685534591193067,0.1439203354297504,partial_be,True,1.0603773584905103,0.7840670859538588,0,True,trend,0,1.0,False,,False,1.5,0.02@4407.30:tp1;0.02@4421.71:be;0.02@4421.71:be;0.02@4421.71:be,3844.97999999991,31.75576712794202,2026-01
M15#4000786,M15,4000786,IMB,sell,0.629,B,2026-01-05 08:45:00,2026-01-05 10:17:00,2026-01-05 16:21:00,364.0,4429.7,4429.7,4445.46,4420.24,4354.05,4445.46,4429.7,15.760000000000218,7.951428571428486,0.13,204.88000000000284,84.40999999999713,0.91,0.0,83.49999999999713,0.41199726669267844,0.40755564232719627,partial_be,True,2.118020304568448,0.673223350253777,0,True,trend,0,1.0,False,,False,1.5,0.03@4420.24:tp1;0.03@4410.79:tp1;0.03@4429.80:be;0.04@4429.80:be,3928.4799999999072,32.16332277026922,2026-01
M5#4002619,M5,4002619,OB,buy,0.61,B,2026-01-06 17:30:00,2026-01-06 17:33:00,2026-01-06 17:37:00,4.0,4471.78,4471.78,4466.32,4475.06,4497.99,4471.78,4466.32,5.460000000000036,6.819285714285668,0.1,54.600000000000364,-55.59999999999491,0.7000000000000001,0.0,-56.29999999999491,-1.0183150183149183,-1.031135531135431,sl,False,0.0,1.5879120879120907,0,False,trend,-1,0.5,False,,False,0.8,0.02@4466.22:sl;0.02@4466.22:sl;0.02@4466.22:sl;0.04@4466.22:sl,3872.1799999999125,31.13218723913379,2026-01
M30#4000475,M30,4000475,OB,buy,0.604,B,2026-01-07 16:00:00,2026-01-08 07:42:00,2026-01-08 14:01:00,379.0,4419.46,4419.46,4399.7,4431.32,4514.31,4419.46,4399.7,19.76000000000022,11.338571428571479,0.05,98.80000000000109,11.459999999998217,0.35000000000000003,0.0,11.109999999998218,0.11599190283398877,0.11244939271253132,partial_be,True,1.0288461538461389,0.20040485829959476,0,False,trend,0,1.0,False,,False,0.8,0.01@4431.32:tp1;0.01@4419.36:be;0.01@4419.36:be;0.02@4419.36:be,3883.289999999911,31.24463663184632,2026-01
M5#4002662,M5,4002662,OB,sell,0.559,B,2026-01-09 15:30:00,2026-01-09 15:32:00,2026-01-09 15:37:00,5.0,4485.33,4485.33,4491.94,4482.02,4468.81,4491.94,4485.33,6.609999999999673,4.994285714285654,0.08,52.87999999999738,6.019999999996798,0.56,0.0,5.459999999996798,0.11384266263232028,0.10325264750372672,partial_be,True,0.9228441754916424,0.6111951588503893,0,False,range,-1,0.5,False,,False,0.8,0.02@4482.02:tp1;0.02@4485.43:be;0.02@4485.43:be;0.02@4485.43:be,3888.7499999999077,31.347889279350046,2026-01
M15#4001072,M15,4001072,UW,buy,0.61,B,2026-01-09 18:30:00,2026-01-09 19:54:00,2026-01-09 22:15:00,141.0,4487.71,4487.71,4479.52,4491.81,4508.18,4487.71,4479.52,8.1899999999996,13.176428571428655,0.25,204.74999999999,290.71000000000004,1.75,0.0,288.96000000000004,1.4198290598291294,1.4112820512821205,tp2,True,2.6043956043957226,0.7130647130647657,0,True,range,0,1.0,False,,False,1.5,0.06@4491.81:tp1;0.06@4495.90:tp1;0.06@4499.99:tp1;0.07@4508.18:tp2,4177.709999999908,32.759171330632164,2026-01
M5#4002970,M5,4002970,IMB,buy,0.706,A,2026-01-12 15:35:00,2026-01-12 16:03:00,2026-01-12 16:04:00,1.0,4600.98,4600.98,4595.93,4603.5,4613.6,4600.98,4595.93,5.049999999999272,4.637857142857229,0.22,111.099999999984,10.900000000011461,1.5400000000000003,0.0,9.36000000001146,0.09810981098121539,0.08424842484259953,partial_be,True,0.7841584158417043,0.6019801980198816,0,False,range,0,1.0,False,,False,0.8,0.05@4603.50:tp1;0.05@4600.88:be;0.05@4600.88:be;0.07@4600.88:be,4187.06999999992,32.84341975547476,2026-01
M10#4001644,M10,4001644,UW,buy,0.581,B,2026-01-12 19:20:00,2026-01-12 19:21:00,2026-01-12 19:34:00,13.0,4613.15,4613.15,4607.72,4615.86,4626.72,4613.15,4607.72,5.4299999999993815,8.079285714285627,0.2,108.59999999998763,12.050000000008367,1.4000000000000001,0.0,10.650000000008367,0.11095764272568821,0.09806629834262964,partial_be,True,0.869244935543424,0.22467771639032857,0,False,range,0,1.0,False,,False,0.8,0.05@4615.86:tp1;0.05@4613.05:be;0.05@4613.05:be;0.05@4613.05:be,4197.719999999928,32.94148605381739,2026-01
M10#4001661,M10,4001661,UW,sell,0.624,B,2026-01-13 01:50:00,2026-01-13 01:57:00,2026-01-13 03:10:00,73.0,4597.23,4597.23,4607.99,4591.85,4570.33,4607.99,4597.23,10.760000000000218,6.961428571428639,0.1,107.60000000000218,51.059999999992215,0.7000000000000001,0.0,50.35999999999221,0.4745353159850481,0.4680297397768698,trail,True,1.4210037174720866,0.27509293680297175,0,False,range,0,1.0,False,,False,0.8,0.02@4591.85:tp1;0.02@4586.47:tp1;0.02@4594.10:trail;0.04@4594.10:trail,4248.079999999921,33.40951579359426,2026-01
M5#4003091,M5,4003091,OB,buy,0.599,B,2026-01-14 06:40:00,2026-01-14 07:57:00,2026-01-14 07:59:00,2.0,4620.58,4620.58,4614.87,4623.43,4634.85,4620.58,4614.87,5.710000000000036,3.1285714285715067,0.19,108.49000000000069,9.899999999995998,1.33,0.0,8.569999999995998,0.0912526500137887,0.07899345561799193,partial_be,True,0.7320490367776294,0.5078809106829453,0,False,range,0,1.0,False,,False,0.8,0.04@4623.43:tp1;0.04@4620.48:be;0.04@4620.48:be;0.07@4620.48:be,4256.649999999917,33.48850924921225,2026-01
M5#4003109,M5,4003109,OB,sell,0.604,B,2026-01-14 12:15:00,2026-01-14 12:17:00,2026-01-14 13:04:00,47.0,4634.27,4634.27,4638.88,4631.97,4622.75,4638.88,4634.27,4.609999999999673,3.3878571428570985,0.24,110.63999999999214,12.000000000010914,1.68,0.0,10.320000000010914,0.10845986984826253,0.09327548806951959,partial_be,True,0.7874186550978908,0.872017353579135,0,False,range,0,1.0,False,,False,0.8,0.06@4631.97:tp1;0.06@4634.37:be;0.06@4634.37:be;0.06@4634.37:be,4266.9699999999275,33.58178473728177,2026-01
M10#4001741,M10,4001741,OB,buy,0.594,B,2026-01-15 00:00:00,2026-01-15 01:06:00,2026-01-15 01:23:00,17.0,4616.81,4616.81,4608.48,4620.98,4637.64,4616.81,4608.48,8.330000000000837,6.887142857142927,0.13,108.29000000001088,-109.59000000000378,0.91,0.0,-110.50000000000378,-1.0120048019207015,-1.0204081632652384,sl,False,0.3217286914764841,1.0588235294117325,0,False,range,0,1.0,False,,False,0.8,0.03@4608.38:sl;0.03@4608.38:sl;0.03@4608.38:sl;0.04@4608.38:sl,4156.469999999924,32.561376574016535,2026-01
M5#4003471,M5,4003471,OB,buy,0.608,B,2026-01-20 12:20:00,2026-01-20 12:29:00,2026-01-20 13:07:00,38.0,4729.36,4729.36,4722.7,4732.69,4746.01,4729.36,4722.7,6.6599999999998545,3.9557142857142287,0.17,113.21999999999753,-114.91999999998826,1.1900000000000002,0.0,-116.10999999998826,-1.0150150150149335,-1.0255255255254443,sl,False,0.0,1.1546546546546197,0,False,range,0,1.0,False,,False,0.8,0.04@4722.60:sl;0.04@4722.60:sl;0.04@4722.60:sl;0.05@4722.60:sl,4040.3599999999356,31.53585104849109,2026-01
M10#4001913,M10,4001913,OB,buy,0.534,C,2026-01-20 16:50:00,2026-01-20 17:25:00,2026-01-20 17:29:00,4.0,4725.18,4725.18,4719.34,4728.1,4739.78,4725.18,4719.34,5.8400000000001455,9.550714285714223,0.56,327.0400000000082,36.67999999998574,3.9200000000000004,0.0,32.75999999998574,0.11215753424652893,0.10017123287666621,partial_be,True,0.582191780821841,0.4811643835617004,0,True,range,1,1.5,False,,False,1.5,0.14@4728.10:tp1;0.14@4725.08:be;0.14@4725.08:be;0.14@4725.08:be,4073.119999999921,31.636022281367755,2026-01
M15#4001236,M15,4001236,IMB,buy,0.726,A,2026-01-19 02:45:00,2026-01-19 04:01:00,2026-01-21 03:05:00,2824.0,4653.3,4653.3,4596.68,4681.61,4794.85,4653.3,4596.68,56.61999999999989,15.441428571428657,0.03,169.85999999999967,339.72000000000025,0.21,-4.5,335.0100000000003,2.0000000000000053,1.9722712822324322,tp2,True,2.500176616036732,0.0052984811020872925,0,True,range,0,1.0,False,,False,1.5,0.01@4709.92:tp1;0.02@4794.85:tp2,4408.129999999922,33.608293563600185,2026-01
M10#4001837,M10,4001837,IMB,buy,0.67,A,2026-01-19 03:30:00,2026-01-19 04:01:00,2026-01-21 03:05:00,2824.0,4653.3,4653.3,4596.68,4681.61,4794.85,4653.3,4596.68,56.61999999999989,12.597142857142899,0.05,283.09999999999945,452.9599999999991,0.35000000000000003,-5.5,447.1099999999991,1.6,1.579335923701872,tp2,True,2.500176616036732,0.0052984811020872925,0,True,range,1,1.5,False,,False,1.5,0.01@4681.61:tp1;0.01@4709.92:tp1;0.01@4738.23:tp1;0.02@4794.85:tp2,4855.239999999921,35.187629487302054,2026-01
M5#4003544,M5,4003544,UW,buy,0.656,A,2026-01-21 08:30:00,2026-01-21 08:39:00,2026-01-21 08:40:00,1.0,4869.53,4869.53,4864.42,4872.08,4882.3,4869.53,4864.42,5.109999999999673,6.692142857142828,0.11,56.2099999999964,-57.3100000000004,0.77,0.0,-58.0800000000004,-1.0195694716243386,-1.0332681017613259,sl,False,0.0,1.1311154598826059,0,False,range,-1,0.5,False,,False,0.8,0.02@4864.32:sl;0.02@4864.32:sl;0.02@4864.32:sl;0.05@4864.32:sl,4797.15999999992,34.15436138554073,2026-01
M10#4001937,M10,4001937,OB,sell,0.541,C,2026-01-21 10:40:00,2026-01-21 11:26:00,2026-01-21 13:19:00,113.0,4869.78,4869.78,4883.88,4862.73,4834.53,4883.88,4869.78,14.100000000000364,12.592857142857286,0.15,211.50000000000546,19.94999999999618,1.05,0.0,18.89999999999618,0.09432624113473127,0.0893617021276392,partial_be,True,0.7319148936169817,0.5418439716312149,0,True,range,0,1.0,False,,False,1.5,0.03@4862.73:tp1;0.03@4869.88:be;0.03@4869.88:be;0.06@4869.88:be,4816.059999999916,34.24372308766837,2026-01
M30#4000655,M30,4000655,IMB,buy,0.66,A,2026-01-21 10:00:00,2026-01-21 17:23:00,2026-01-21 18:52:00,89.0,4815.03,4815.03,4787.53,4828.78,4883.78,4815.03,4787.53,27.5,22.9292857142856,0.08,220.0,115.1000000000022,0.56,0.0,114.5400000000022,0.5231818181818282,0.5206363636363737,trail,True,1.4760000000000053,0.07090909090908429,0,True,range,0,1.0,False,,False,1.5,0.02@4828.78:tp1;0.02@4842.53:tp1;0.02@4823.18:trail;0.02@4823.18:trail,4930.599999999918,34.76435945130474,2026-01
H1#4000336,H1,4000336,IMB,buy,0.623,B,2026-01-21 11:00:00,2026-01-21 17:23:00,2026-01-21 18:52:00,89.0,4817.31,4817.31,4787.53,4832.2,4891.76,4817.31,4787.53,29.780000000000655,23.57714285714272,0.07,208.46000000000456,88.8199999999988,0.48999999999999994,0.0,88.3299999999988,0.4260769452172928,0.42372637436437144,trail,True,1.2864338482202367,0.14204163868369307,0,True,range,0,1.0,False,,False,1.5,0.01@4832.20:tp1;0.01@4847.09:tp1;0.01@4826.14:trail;0.04@4826.14:trail,5018.929999999917,35.18808582566911,2026-01
M10#4001927,M10,4001927,IMB,buy,0.595,B,2026-01-21 17:40:00,2026-01-21 19:31:00,2026-01-21 19:41:00,10.0,4810.41,4810.41,4800.01,4815.61,4836.41,4810.41,4800.01,10.399999999999636,19.26357142857127,0.21,218.3999999999924,24.40000000000782,1.4700000000000002,0.0,22.930000000007823,0.11172161172165143,0.10499084249088197,partial_be,True,0.8125000000000109,0.7576923076923447,0,True,range,0,1.0,False,,False,1.5,0.05@4815.61:tp1;0.05@4810.31:be;0.05@4810.31:be;0.06@4810.31:be,5041.859999999924,35.29307666816,2026-01
M15#4001300,M15,4001300,IMB,buy,0.672,A,2026-01-21 17:45:00,2026-01-21 19:32:00,2026-01-21 20:58:00,86.0,4805.04,4805.04,4787.53,4813.8,4848.82,4805.04,4787.53,17.51000000000022,18.579999999999863,0.12,210.12000000000262,288.96000000000186,0.84,0.0,288.1200000000019,1.3752141633352286,1.371216447744138,tp2,True,2.5134209023415,0.143346659051981,0,True,range,0,1.0,False,,False,1.5,0.03@4813.80:tp1;0.03@4822.55:tp1;0.03@4831.31:tp1;0.03@4848.82:tp2,5329.979999999926,36.66429311590414,2026-01
M10#4001968,M10,4001968,OB,sell,0.582,B,2026-01-22 03:40:00,2026-01-22 07:53:00,2026-01-22 09:16:00,83.0,4818.49,4818.49,4836.47,4809.5,4773.54,4836.47,4818.49,17.980000000000473,14.08142857142853,0.06,107.88000000000285,-108.47999999999956,0.42000000000000004,0.0,-108.89999999999957,-1.0055617352613708,-1.009454949944352,sl,False,0.1523915461623865,1.0450500556173736,0,False,range,0,1.0,False,,False,0.8,0.01@4836.57:sl;0.01@4836.57:sl;0.01@4836.57:sl;0.03@4836.57:sl,5221.079999999926,35.65483816595979,2026-01
M5#4003641,M5,4003641,IMB,buy,0.622,B,2026-01-22 08:20:00,2026-01-22 11:42:00,2026-01-22 13:49:00,127.0,4815.47,4815.47,4807.82,4819.3,4834.6,4815.47,4807.82,7.650000000000546,4.991428571428449,0.08,61.200000000004366,84.17999999999847,0.56,0.0,83.61999999999847,1.3754901960783084,1.3663398692809232,tp2,True,2.5294117647056304,0.18431372549016392,0,False,range,-1,0.5,False,,False,0.8,0.02@4819.30:tp1;0.02@4823.12:tp1;0.02@4826.95:tp1;0.02@4834.60:tp2,5304.699999999924,37.02117803524071,2026-01
M15#4001345,M15,4001345,IMB,buy,0.633,B,2026-01-22 09:15:00,2026-01-22 11:42:00,2026-01-22 14:59:00,197.0,4816.37,4816.37,4802.69,4823.21,4850.57,4816.37,4802.69,13.680000000000291,7.64642857142852,0.16,218.88000000000466,114.08000000000175,1.12,0.0,112.96000000000174,0.5211988304093537,0.5160818713450263,trail,True,1.4627192982455988,0.1688596491227662,0,True,range,0,1.0,False,,False,1.5,0.04@4823.21:tp1;0.04@4830.05:tp1;0.04@4820.37:trail;0.04@4820.37:trail,5417.659999999926,37.53725990658574,2026-01
M30#4000670,M30,4000670,IMB,buy,0.633,B,2026-01-22 11:30:00,2026-01-22 11:42:00,2026-01-22 14:59:00,197.0,4816.37,4816.37,4801.56,4823.77,4853.39,4816.37,4801.56,14.80999999999949,10.769999999999916,0.15,222.14999999999236,105.69000000000413,1.05,0.0,104.64000000000414,0.47575962187714504,0.4710330857529045,trail,True,1.3511141120864893,0.15597569209990345,0,True,range,0,1.0,False,,False,1.5,0.03@4823.77:tp1;0.03@4831.18:tp1;0.03@4820.71:trail;0.06@4820.71:trail,5522.29999999993,38.008292992338646,2026-01
M10#4001994,M10,4001994,UW,buy,0.594,B,2026-01-22 14:40:00,2026-01-22 14:59:00,2026-01-22 15:08:00,9.0,4819.22,4819.22,4814.06,4821.8,4832.12,4819.22,4814.06,5.1599999999998545,4.743571428571288,0.36,185.75999999999476,95.75999999999476,2.52,0.0,93.23999999999477,0.5155038759689786,0.50193798449611,trail,True,1.0387596899224465,0.6046511627906935,0,False,range,1,1.5,False,,False,0.8,0.09@4821.80:tp1;0.09@4824.38:tp1;0.09@4820.67:trail;0.09@4820.67:trail,5615.5399999999245,38.510230976834755,2026-01
M5#4003664,M5,4003664,OB,sell,0.566,B,2026-01-22 14:20:00,2026-01-22 14:20:00,2026-01-22 15:13:00,53.0,4827.73,4827.73,4835.31,4823.94,4808.78,4835.31,4827.73,7.580000000000837,3.7164285714285534,0.16,121.28000000001339,62.83999999999287,1.12,0.0,61.71999999999287,0.5181398416885383,0.5089050131924971,trail,True,1.498680738785951,0.6715039577837062,0,False,range,0,1.0,False,,False,0.8,0.04@4823.94:tp1;0.04@4820.15:tp1;0.04@4825.56:trail;0.04@4825.56:trail,5677.259999999917,39.01913599002725,2026-01
M10#4002029,M10,4002029,OB,buy,0.634,B,2026-01-22 22:50:00,2026-01-22 22:58:00,2026-01-22 23:34:00,36.0,4916.18,4916.18,4908.3,4920.12,4935.88,4916.18,4908.3,7.880000000000109,7.257857142857249,0.15,118.20000000000164,189.11999999999716,1.05,0.0,188.06999999999715,1.599999999999954,1.5911167512689894,tp2,True,2.56725888324864,0.24111675126910145,0,False,range,0,1.0,False,,False,0.8,0.03@4920.12:tp1;0.03@4924.06:tp1;0.03@4928.00:tp1;0.06@4935.88:tp2,5865.329999999914,40.61025274129624,2026-01
M5#4003711,M5,4003711,OB,buy,0.611,B,2026-01-23 02:50:00,2026-01-23 03:02:00,2026-01-23 03:19:00,17.0,4943.99,4943.99,4934.3,4949.8,4990.5,4943.99,4934.3,9.6899999999996,7.071428571428702,0.13,125.9699999999948,16.430000000006658,0.91,0.0,15.520000000006657,0.1304278796539441,0.12320393744548146,partial_be,True,1.0866873065016605,0.7502579979359987,0,False,trend,0,1.0,False,,False,0.8,0.03@4949.80:tp1;0.03@4943.89:be;0.03@4943.89:be;0.04@4943.89:be,5880.849999999921,40.733456678741724,2026-01
M10#4002077,M10,4002077,IMB,buy,0.687,A,2026-01-23 19:00:00,2026-01-23 19:55:00,2026-01-23 20:41:00,46.0,4969.79,4969.79,4960.72,4975.23,5013.33,4969.79,4960.72,9.069999999999709,10.967857142857222,0.14,126.97999999999594,48.15999999999622,0.9800000000000001,0.0,47.17999999999622,0.3792723263505887,0.37155457552368665,partial_be,True,1.593164277839061,0.831312017640596,0,False,trend,0,1.0,False,,False,0.8,0.03@4975.23:tp1;0.03@4980.67:tp1;0.03@4969.69:be;0.05@4969.69:be,5928.029999999918,41.10501125426541,2026-01
M10#4002091,M10,4002091,IMB,buy,0.62,B,2026-01-26 04:10:00,2026-01-26 06:45:00,2026-01-26 07:07:00,22.0,5061.88,5061.88,5049.54,5069.28,5121.11,5061.88,5049.54,12.340000000000146,12.016428571428476,0.1,123.40000000000146,13.999999999996362,0.7000000000000001,0.0,13.299999999996363,0.11345218800645217,0.10777957860612809,partial_be,True,0.8978930307941488,0.2779578606159036,0,False,trend,0,1.0,False,,False,0.8,0.02@5069.28:tp1;0.02@5061.78:be;0.02@5061.78:be;0.04@5061.78:be,5941.329999999914,41.21279083287154,2026-01
M5#4003862,M5,4003862,OB,sell,0.58,B,2026-01-26 12:10:00,2026-01-26 12:14:00,2026-01-26 13:38:00,84.0,5090.46,5090.46,5098.16,5085.84,5053.5,5098.16,5090.46,7.699999999999818,6.277857142857231,0.16,123.19999999999709,54.63999999999578,1.12,0.0,53.51999999999578,0.44350649350646976,0.43441558441556044,partial_be,True,1.4922077922079173,0.6467532467532053,0,False,trend,0,1.0,False,,False,0.8,0.04@5085.84:tp1;0.04@5081.22:tp1;0.04@5090.56:be;0.04@5090.56:be,5994.84999999991,41.6472064172871,2026-01
M10#4002090,M10,4002090,UW,buy,0.671,A,2026-01-26 07:00:00,2026-01-26 21:03:00,2026-01-26 21:18:00,15.0,5041.85,5041.85,5029.22,5049.43,5102.47,5041.85,5029.22,12.63000000000011,7.924999999999922,0.19,239.97000000000207,89.85999999999513,1.33,0.0,88.52999999999513,0.37446347460096824,0.3689211151393689,partial_be,True,1.6935866983372314,0.44259699129058566,0,True,trend,0,1.0,False,,False,1.5,0.04@5049.43:tp1;0.04@5057.01:tp1;0.04@5041.75:be;0.07@5041.75:be,6083.3799999999055,42.016127532426474,2026-01
M5#4003826,M5,4003826,UW,buy,0.709,A,2026-01-26 15:00:00,2026-01-26 21:03:00,2026-01-26 21:18:00,15.0,5041.85,5041.85,5029.22,5049.43,5102.47,5041.85,5029.22,12.63000000000011,5.147857142857122,0.18,227.34000000000202,89.95999999999549,1.2600000000000002,0.0,88.69999999999548,0.39570687076622985,0.3901645113046305,partial_be,True,1.6935866983372314,0.44259699129058566,0,True,trend,0,1.0,False,,False,1.5,0.04@5049.43:tp1;0.04@5057.01:tp1;0.04@5041.75:be;0.06@5041.75:be,6172.079999999901,42.406292043731106,2026-01
M10#4002129,M10,4002129,IMB,buy,0.524,C,2026-01-27 02:20:00,2026-01-27 02:43:00,2026-01-27 02:51:00,8.0,5030.03,5030.03,5016.26,5038.29,5096.13,5030.03,5016.26,13.769999999999527,16.797857142857147,0.18,247.85999999999154,-249.65999999999804,1.2600000000000002,0.0,-250.91999999999803,-1.0072621641249357,-1.0123456790123722,sl,False,0.21278140885986868,1.0936819172113295,0,True,trend,0,1.0,False,,False,1.5,0.04@5016.16:sl;0.04@5016.16:sl;0.04@5016.16:sl;0.06@5016.16:sl,5921.1599999999025,41.39394636471874,2026-01
M10#4002085,M10,4002085,IMB,buy,0.553,B,2026-01-26 22:00:00,2026-01-26 23:36:00,2026-01-27 03:15:00,219.0,4999.19,4999.19,4983.33,5008.71,5075.32,4999.19,4983.33,15.859999999999673,18.704999999999927,0.15,237.8999999999951,656.6100000000051,1.05,-4.5,651.0600000000052,2.7600252206810367,2.73669609079453,tp2,True,4.843001261034173,0.5706179066834464,0,True,trend,0,1.0,False,,False,1.5,0.03@5008.71:tp1;0.03@5018.22:tp1;0.03@5037.25:tp1;0.06@5075.32:tp2,6572.2199999999075,44.13064245551327,2026-01
M10#4002143,M10,4002143,OB,buy,0.57,B,2026-01-27 13:00:00,2026-01-27 13:51:00,2026-01-27 16:03:00,132.0,5067.96,5067.96,5060.83,5072.24,5102.18,5067.96,5060.83,7.130000000000109,6.903571428571338,0.18,128.340000000002,119.19999999999709,1.2600000000000002,0.0,117.93999999999708,0.928782920367736,0.9189652485584795,partial_be,True,3.467040673211764,0.13183730715281702,0,False,trend,0,1.0,False,,False,0.8,0.04@5072.24:tp1;0.04@5076.52:tp1;0.04@5085.07:tp1;0.06@5067.86:be,6690.159999999904,45.04960770407175,2026-01
M10#4002133,M10,4002133,OB,buy,0.626,B,2026-01-27 04:00:00,2026-01-27 04:03:00,2026-01-27 16:16:00,733.0,5051.42,5051.42,5023.7,5068.05,5184.48,5051.42,5023.7,27.720000000000255,14.627142857142774,0.08,221.76000000000204,99.3799999999992,0.56,0.0,98.8199999999992,0.4481421356421279,0.4456168831168754,partial_be,True,1.7846320346320275,0.12481962481962498,0,True,trend,0,1.0,False,,False,1.5,0.02@5068.05:tp1;0.02@5084.68:tp1;0.02@5051.32:be;0.02@5051.32:be,6788.979999999903,45.49522458718862,2026-01
M5#4004057,M5,4004057,UW,buy,0.556,B,2026-01-28 17:00:00,2026-01-28 17:08:00,2026-01-28 17:08:00,0.0,5259.33,5259.33,5250.21,5264.8,5303.11,5259.33,5250.21,9.11999999999989,10.68999999999986,0.14,127.67999999999849,-129.08000000000357,0.9800000000000001,0.0,-130.06000000000355,-1.0109649122807416,-1.0186403508772328,sl,False,0.0,2.578947368421032,0,False,trend,0,1.0,False,,False,0.8,0.03@5250.11:sl;0.03@5250.11:sl;0.03@5250.11:sl;0.05@5250.11:sl,6658.9199999999,44.47658423631139,2026-01
M5#4004093,M5,4004093,UW,buy,0.552,B,2026-01-29 07:30:00,2026-01-29 10:43:00,2026-01-29 10:43:00,0.0,5500.14,5500.14,5486.98,5508.04,5563.31,5500.14,5486.98,13.160000000000764,11.399999999999832,0.05,65.80000000000382,-66.30000000000109,0.35000000000000003,0.0,-66.65000000000109,-1.007598784194487,-1.0129179331306568,sl,False,0.0,1.0326747720364253,0,False,trend,-1,0.5,False,,False,0.8,0.01@5486.88:sl;0.01@5486.88:sl;0.01@5486.88:sl;0.02@5486.88:sl,6592.269999999899,43.46366630318073,2026-01
M5#4004140,M5,4004140,UW,sell,0.554,B,2026-01-29 18:40:00,2026-01-29 19:16:00,2026-01-29 19:29:00,13.0,5328.01,5328.01,5367.36,5304.4,5139.13,5367.36,5328.01,39.349999999999454,55.54142857142863,0.01,39.349999999999454,-39.44999999999982,0.07,0.0,-39.51999999999982,-1.0025412960610003,-1.0043202033036942,sl,False,0.19110546378652177,1.011944091486688,0,False,trend,-1,0.5,False,,False,0.8,0.01@5367.46:sl,6552.749999999899,42.45934609987704,2026-01
M10#4002263,M10,4002263,IMB,buy,0.582,B,2026-01-29 23:30:00,2026-01-29 23:58:00,2026-01-30 03:07:00,189.0,5371.97,5371.97,5347.24,5386.81,5490.67,5371.97,5347.24,24.730000000000473,25.606428571428427,0.05,123.65000000000236,106.87999999999829,0.35000000000000003,-1.5,105.0299999999983,0.864375252729448,0.84941366761016,partial_be,True,3.196522442377625,0.10351799433887389,0,False,trend,0,1.0,False,,False,0.8,0.01@5390.02:tp1;0.01@5401.65:tp1;0.01@5431.32:tp1;0.02@5371.87:be,6657.779999999897,43.308759767487196,2026-01
M10#4002246,M10,4002246,IMB,sell,0.622,B,2026-01-29 23:40:00,2026-01-30 01:03:00,2026-01-30 10:33:00,570.0,5428.5,5428.5,5494.65,5388.81,5110.98,5494.65,5428.5,66.14999999999964,24.48928571428561,0.02,132.29999999999927,396.90000000000055,0.14,0.0,396.76000000000056,3.0000000000000204,2.9989417989418197,tp2,True,5.524263038548773,0.3446712018140636,0,False,trend,0,1.0,False,,False,0.8,0.01@5349.12:tp1;0.01@5110.98:tp2,7054.539999999897,46.30770156642902,2026-01
M5#4004182,M5,4004182,IMB,sell,0.604,B,2026-01-30 04:35:00,2026-01-30 04:39:00,2026-01-30 19:07:00,868.0,5213.53,5213.53,5270.45,5179.38,4940.31,5270.45,5213.53,56.92000000000007,40.6949999999999,0.01,56.92000000000007,273.21999999999935,0.07,0.0,273.14999999999935,4.800070274068851,4.798840477863651,tp2,False,4.981377371749817,0.5736120871398542,0,False,trend,-1,0.5,False,,False,0.8,0.01@4940.31:tp2,7327.689999999897,51.10654204429267,2026-01
M5#5002439,M5,5002439,OB,buy,0.577,B,2026-02-02 01:10:00,2026-02-02 01:11:00,2026-02-02 03:00:00,109.0,4751.96,4751.96,4695.5,4785.84,5022.97,4751.96,4695.5,56.460000000000036,28.795714285714375,0.02,112.92000000000007,67.64999999999964,0.14,0.0,67.50999999999964,0.5990967056323024,0.5978568898335068,partial_be,True,2.3473255402054494,0.9842366277010215,0,False,trend,0,1.0,False,,False,0.8,0.01@4819.71:tp1;0.01@4751.86:be,7395.199999999896,51.704398934126175,2026-02
M10#5001334,M10,5001334,OB,sell,0.524,C,2026-02-02 02:00:00,2026-02-02 02:09:00,2026-02-02 08:38:00,389.0,4810.41,4810.41,4892.25,4761.31,4417.58,4892.25,4810.41,81.84000000000015,50.3778571428572,0.03,245.52000000000044,883.8699999999999,0.21,0.0,883.6599999999999,3.5999918540241054,3.5991365265558746,tp2,True,4.986314760508299,0.9086021505376288,0,True,trend,0,1.0,False,,False,1.5,0.01@4712.20:tp1;0.02@4417.58:tp2,8278.859999999895,55.30353546068205,2026-02
M5#5002452,M5,5002452,OB,sell,0.599,B,2026-02-02 02:00:00,2026-02-02 02:09:00,2026-02-02 08:38:00,389.0,4810.41,4810.41,4892.25,4761.31,4417.58,4892.25,4810.41,81.84000000000015,43.69357142857143,0.03,245.52000000000044,883.8699999999999,0.21,0.0,883.6599999999999,3.5999918540241054,3.5991365265558746,tp2,True,4.986314760508299,0.9086021505376288,0,True,trend,0,1.0,False,,False,1.5,0.01@4712.20:tp1;0.02@4417.58:tp2,9162.519999999895,58.90267198723792,2026-02
M10#5001475,M10,5001475,OB,sell,0.626,B,2026-02-06 02:30:00,2026-02-06 16:37:00,2026-02-06 18:40:00,123.0,4944.57,4944.57,4980.49,4923.02,4772.15,4980.49,4944.57,35.92000000000007,28.906428571428673,0.04,143.6800000000003,21.24999999999818,0.28,0.0,20.96999999999818,0.14789810690421867,0.14594933184853937,partial_be,True,0.6219376391982211,0.5718262806236312,0,False,trend,0,1.0,False,,False,0.8,0.01@4923.02:tp1;0.01@4944.67:be;0.01@4944.67:be;0.01@4944.67:be,9183.489999999892,59.048621319086465,2026-02
M5#5002920,M5,5002920,IMB,buy,0.649,B,2026-02-09 02:25:00,2026-02-09 02:42:00,2026-02-09 03:05:00,23.0,5019.89,5019.89,4997.3,5033.44,5128.32,5019.89,4997.3,22.590000000000146,15.110000000000127,0.06,135.5400000000009,13.049999999997455,0.42000000000000004,0.0,12.629999999997455,0.09628154050462866,0.09318282425850208,partial_be,True,0.979194333775996,0.34528552456839895,0,False,trend,0,1.0,False,,False,0.8,0.01@5033.44:tp1;0.01@5019.79:be;0.01@5019.79:be;0.03@5019.79:be,9196.11999999989,59.14180414334497,2026-02
M10#5001559,M10,5001559,IMB,buy,0.643,B,2026-02-09 02:30:00,2026-02-09 02:42:00,2026-02-09 03:05:00,23.0,5019.89,5019.89,4989.73,5037.99,5164.66,5019.89,4989.73,30.160000000000764,16.5985714285715,0.09,271.44000000000693,35.49999999999636,0.6300000000000001,0.0,34.86999999999636,0.1307839669908468,0.12846301208368505,partial_be,True,0.7334217506631078,0.2586206896551719,0,True,trend,0,1.0,False,,False,1.5,0.02@5037.99:tp1;0.02@5019.79:be;0.02@5019.79:be;0.03@5019.79:be,9230.989999999887,59.270267155428655,2026-02
M10#5001589,M10,5001589,IMB,buy,0.629,B,2026-02-09 19:20:00,2026-02-09 19:51:00,2026-02-09 19:57:00,6.0,5047.1,5047.1,5035.7,5053.94,5101.82,5047.1,5035.7,11.400000000000546,11.126428571428603,0.13,148.2000000000071,19.51999999999407,0.91,0.0,18.60999999999407,0.13171390013490644,0.12557354925771375,partial_be,True,0.8070175438595946,0.07982456140357197,0,False,trend,0,1.0,False,,False,0.8,0.03@5053.94:tp1;0.03@5047.00:be;0.03@5047.00:be;0.04@5047.00:be,9249.59999999988,59.39584070468637,2026-02
M15#5001054,M15,5001054,IMB,buy,0.608,B,2026-02-09 19:30:00,2026-02-09 19:51:00,2026-02-09 23:28:00,217.0,5052.45,5052.45,5035.7,5062.5,5132.85,5052.45,5035.7,16.75,13.602857142857244,0.17,284.75,119.7000000000071,1.1900000000000002,0.0,118.5100000000071,0.42036874451275535,0.41618964003514347,partial_be,True,2.0208955223880816,0.6817910447761237,0,True,trend,0,1.0,False,,False,1.5,0.04@5062.50:tp1;0.04@5072.55:tp1;0.04@5052.35:be;0.05@5052.35:be,9368.109999999888,59.812030344721514,2026-02
M5#5002984,M5,5002984,IMB,sell,0.581,B,2026-02-10 01:30:00,2026-02-10 01:43:00,2026-02-10 04:03:00,140.0,5038.16,5038.16,5055.86,5027.54,4953.2,5055.86,5038.16,17.699999999999818,14.879285714285809,0.08,141.59999999999854,63.31999999999789,0.56,0.0,62.75999999999789,0.44717514124292757,0.4432203389830405,partial_be,True,1.6355932203389896,0.5909604519774092,0,False,trend,0,1.0,False,,False,0.8,0.02@5027.54:tp1;0.02@5016.92:tp1;0.02@5038.26:be;0.02@5038.26:be,9430.869999999886,60.25525068370455,2026-02
M5#5003168,M5,5003168,OB,sell,0.706,A,2026-02-12 07:20:00,2026-02-12 11:50:00,2026-02-12 15:22:00,212.0,5078.8,5078.8,5095.27,5070.57,5037.62,5095.27,5078.8,16.470000000000255,4.564285714285818,0.17,279.99000000000433,221.84000000000378,1.1900000000000002,0.0,220.65000000000379,0.7923140112146875,0.7880638594235522,trail,True,1.7941712204007119,0.13479052823316456,0,True,range,0,1.0,False,,False,1.5,0.04@5070.57:tp1;0.04@5062.33:tp1;0.04@5054.09:tp1;0.05@5073.96:trail,9651.51999999989,61.043314543128105,2026-02
M10#5001752,M10,5001752,IMB,buy,0.594,B,2026-02-13 03:50:00,2026-02-13 07:43:00,2026-02-13 11:28:00,225.0,4962.07,4962.07,4937.51,4974.35,5023.47,4962.07,4937.51,24.55999999999949,15.343571428571522,0.11,270.1599999999944,124.57000000000517,0.77,0.0,123.80000000000517,0.46109712762810096,0.4582469647616514,trail,True,1.1083061889251147,0.6828175895765421,0,True,range,0,1.0,False,,False,1.5,0.02@4974.35:tp1;0.02@4986.63:tp1;0.02@4969.34:trail;0.05@4969.34:trail,9775.319999999894,61.501561507889754,2026-02
H1#5000300,H1,5000300,IMB,sell,0.687,A,2026-02-12 23:00:00,2026-02-13 03:45:00,2026-02-13 21:06:00,1041.0,4982.54,4982.54,5040.32,4953.65,4838.09,5040.32,4982.54,57.779999999999745,39.076428571428615,0.02,115.55999999999949,-115.76000000000022,0.14,0.0,-115.90000000000022,-1.0017307026652884,-1.002942194530986,sl,False,0.831256490134994,1.0065766701280896,0,False,range,0,1.0,False,,False,0.8,0.01@5040.42:sl;0.01@5040.42:sl,9659.419999999895,60.498619313358766,2026-02
M5#5003325,M5,5003325,UW,buy,0.634,B,2026-02-13 17:00:00,2026-02-13 17:53:00,2026-02-16 01:00:00,3307.0,4988.04,4988.04,4964.67,4999.73,5046.47,4988.04,4964.67,23.36999999999989,13.42071428571418,0.06,140.21999999999937,245.40000000000052,0.42000000000000004,0.0,244.98000000000053,1.7501069747539695,1.7471116816431438,tp2,True,2.7398373983739854,0.5857937526743544,0,False,range,0,1.0,False,,False,0.8,0.01@4999.73:tp1;0.01@5011.41:tp1;0.01@5023.09:tp1;0.03@5046.47:tp2,9904.399999999896,62.24573099500191,2026-02
M10#5001794,M10,5001794,UW,buy,0.61,B,2026-02-13 23:30:00,2026-02-16 01:00:00,2026-02-16 01:00:00,0.0,5026.63,5028.02,5021.79,5031.14,5043.6,5028.02,5021.79,6.230000000000473,7.0121428571427975,0.25,155.75000000001182,256.0100000000011,1.75,0.0,254.26000000000113,1.6437239165327877,1.6324879614766088,tp2,True,4.083467094702676,0.052969502407688954,0,False,range,0,1.0,False,,False,0.8,0.06@5031.14:tp1;0.06@5034.25:tp1;0.06@5037.37:tp1;0.07@5043.60:tp2,10158.659999999898,63.87821895647851,2026-02
M5#5003364,M5,5003364,IMB,sell,0.552,B,2026-02-16 09:55:00,2026-02-16 10:02:00,2026-02-16 10:32:00,30.0,5009.95,5009.95,5018.69,5005.58,4988.1,5018.69,5009.95,8.739999999999782,4.129285714285743,0.34,297.1599999999926,234.95999999999003,2.3800000000000003,0.0,232.57999999999004,0.7906851527796336,0.7826759994615555,trail,True,1.602974828375351,0.40160183066365057,0,True,range,0,1.0,False,,False,1.5,0.08@5005.58:tp1;0.08@5001.21:tp1;0.08@4996.84:tp1;0.1@5007.43:trail,10391.239999999889,64.66089495594007,2026-02
M5#5003370,M5,5003370,UW,buy,0.602,B,2026-02-16 16:55:00,2026-02-16 17:02:00,2026-02-16 18:03:00,61.0,4977.06,4977.06,4965.61,4982.79,5005.69,4977.06,4965.61,11.450000000000728,4.803571428571429,0.26,297.7000000000189,32.379999999990105,1.82,0.0,30.559999999990104,0.1087672153173935,0.10265367819948996,partial_be,True,0.5572052401745672,0.6855895196506432,0,True,range,0,1.0,False,,False,1.5,0.06@4982.79:tp1;0.06@4976.96:be;0.06@4976.96:be;0.08@4976.96:be,10421.79999999988,64.76354863413955,2026-02
M10#5001811,M10,5001811,UW,buy,0.585,B,2026-02-16 17:00:00,2026-02-16 17:02:00,2026-02-16 18:03:00,61.0,4977.06,4977.06,4965.61,4982.79,5005.69,4977.06,4965.61,11.450000000000728,5.6328571428571195,0.26,297.7000000000189,32.379999999990105,1.82,0.0,30.559999999990104,0.1087672153173935,0.10265367819948996,partial_be,True,0.5572052401745672,0.6855895196506432,0,True,range,0,1.0,False,,False,1.5,0.06@4982.79:tp1;0.06@4976.96:be;0.06@4976.96:be;0.08@4976.96:be,10452.35999999987,64.86620231233904,2026-02
M10#5001911,M10,5001911,IMB,buy,0.676,A,2026-02-18 21:00:00,2026-02-18 21:27:00,2026-02-18 23:43:00,136.0,4978.61,4978.61,4963.39,4986.22,5016.66,4978.61,4963.39,15.219999999999345,6.488571428571374,0.2,304.3999999999869,36.5500000000111,1.4000000000000001,0.0,35.150000000011104,0.12007227332461456,0.11547306176088244,partial_be,True,0.5873850197109655,0.3653088042049757,0,True,range,0,1.0,False,,False,1.5,0.05@4986.22:tp1;0.05@4978.51:be;0.05@4978.51:be;0.05@4978.51:be,10487.50999999988,64.98167537409992,2026-02
M10#5001951,M10,5001951,IMB,buy,0.58,B,2026-02-19 09:40:00,2026-02-19 09:44:00,2026-02-19 10:00:00,16.0,5014.22,5014.22,5008.69,5016.99,5028.05,5014.22,5008.69,5.530000000000655,5.097142857142769,0.29,160.37000000001902,-163.27000000000317,2.0300000000000002,0.0,-165.30000000000317,-1.0180831826400436,-1.0307414104881434,sl,False,0.49186256781175824,1.1428571428571193,0,False,range,0,1.0,False,,False,0.8,0.07@5008.59:sl;0.07@5008.59:sl;0.07@5008.59:sl;0.08@5008.59:sl,10322.209999999877,63.95093396361178,2026-02
M5#5003660,M5,5003660,UW,buy,0.559,B,2026-02-19 18:10:00,2026-02-19 18:27:00,2026-02-19 18:42:00,15.0,4992.99,4992.99,4987.09,4995.94,5007.74,4992.99,4987.09,5.899999999999636,7.705000000000057,0.27,159.29999999999018,238.95000000000437,1.8900000000000001,0.0,237.06000000000438,1.50000000000012,1.4881355932204583,tp2,True,2.6983050847459413,0.2542372881356089,0,False,range,0,1.0,False,,False,0.8,0.06@4995.94:tp1;0.06@4998.89:tp1;0.06@5001.84:tp1;0.09@5007.74:tp2,10559.269999999882,65.43906955683224,2026-02
M5#5003744,M5,5003744,OB,buy,0.567,B,2026-02-20 16:15:00,2026-02-20 17:03:00,2026-02-20 17:03:00,0.0,5031.45,5031.45,5023.97,5035.19,5050.15,5031.45,5023.97,7.479999999999563,6.734285714285826,0.21,157.07999999999086,-159.17999999999847,1.4700000000000002,0.0,-160.64999999999847,-1.0133689839572684,-1.0227272727273224,sl,False,0.0,2.0494652406418212,0,False,range,0,1.0,False,,False,0.8,0.05@5023.87:sl;0.05@5023.87:sl;0.05@5023.87:sl;0.06@5023.87:sl,10398.619999999884,64.41634228410491,2026-02
M10#5002074,M10,5002074,UW,buy,0.636,B,2026-02-23 23:30:00,2026-02-23 23:30:00,2026-02-23 23:39:00,9.0,5228.6,5228.6,5224.81,5230.5,5238.08,5228.6,5224.81,3.7899999999999636,5.581428571428465,0.67,253.92999999999756,127.43999999999232,4.69,0.0,122.74999999999233,0.5018705942582348,0.48340093726615013,trail,True,1.1978891820580493,0.6068601583113995,0,False,range,1,1.5,False,,False,0.8,0.16@5230.50:tp1;0.16@5232.39:tp1;0.16@5229.64:trail;0.19@5229.64:trail,10521.369999999877,64.89974322137107,2026-02
M10#5002066,M10,5002066,UW,buy,0.735,A,2026-02-23 19:00:00,2026-02-23 19:36:00,2026-02-24 01:04:00,328.0,5195.96,5195.96,5175.79,5206.05,5246.39,5195.96,5175.79,20.170000000000073,12.866428571428449,0.22,443.74000000000166,655.6100000000043,1.5400000000000003,-3.5000000000000004,650.5700000000044,1.4774642808852072,1.4661062784513497,tp2,True,2.576598909271198,0.2345066931085997,0,True,range,1,1.5,False,,False,1.5,0.05@5206.05:tp1;0.05@5216.13:tp1;0.05@5226.22:tp1;0.07@5246.39:tp2,11171.939999999882,66.36584949982242,2026-02
M15#5001373,M15,5001373,UW,buy,0.679,A,2026-02-23 19:30:00,2026-02-23 19:36:00,2026-02-24 01:04:00,328.0,5195.96,5195.96,5175.79,5206.05,5246.39,5195.96,5175.79,20.170000000000073,15.121428571428623,0.15,302.5500000000011,484.140000000003,1.05,-3.0,480.090000000003,1.6001983143282144,1.586812097174025,tp2,True,2.576598909271198,0.2345066931085997,0,True,range,0,1.0,False,,False,1.5,0.03@5206.05:tp1;0.03@5216.13:tp1;0.03@5226.22:tp1;0.06@5246.39:tp2,11652.029999999886,67.95266159699644,2026-02
M30#5000663,M30,5000663,OB,buy,0.649,B,2026-02-23 19:00:00,2026-02-24 03:15:00,2026-02-24 03:16:00,1.0,5163.79,5163.79,5146.89,5172.24,5206.04,5163.79,5146.89,16.899999999999636,18.484999999999996,0.09,152.09999999999675,-153.0,0.6300000000000001,0.0,-153.63,-1.0059171597633352,-1.0100591715976546,sl,False,0.0,1.0982248520710531,0,False,range,0,1.0,False,,False,0.8,0.02@5146.79:sl;0.02@5146.79:sl;0.02@5146.79:sl;0.03@5146.79:sl,11498.399999999887,66.94260242539877,2026-02
M5#5003895,M5,5003895,UW,buy,0.648,B,2026-02-24 09:00:00,2026-02-24 09:06:00,2026-02-24 09:10:00,4.0,5166.56,5166.56,5156.64,5171.52,5191.36,5166.56,5156.64,9.920000000000073,6.786428571428457,0.08,79.36000000000058,9.31999999999789,0.56,0.0,8.75999999999789,0.11743951612900481,0.11038306451610162,partial_be,True,0.660282258064438,0.135080645161304,0,False,range,-1,0.5,False,,False,0.8,0.02@5171.52:tp1;0.02@5166.46:be;0.02@5166.46:be;0.02@5166.46:be,11507.159999999885,67.05298548991487,2026-02
M10#5002112,M10,5002112,IMB,buy,0.632,B,2026-02-24 20:50:00,2026-02-24 21:10:00,2026-02-24 21:17:00,7.0,5152.37,5152.37,5142.0,5157.56,5178.3,5152.37,5142.0,10.36999999999989,8.162142857142824,0.16,165.91999999999825,19.560000000008586,1.12,0.0,18.440000000008585,0.1178881388621552,0.11113789778211655,partial_be,True,0.5072324011572106,0.25650916104145444,0,False,range,0,1.0,False,,False,0.8,0.04@5157.56:tp1;0.04@5152.27:be;0.04@5152.27:be;0.04@5152.27:be,11525.599999999893,67.16412338769699,2026-02
M5#5003938,M5,5003938,UW,buy,0.583,B,2026-02-25 00:00:00,2026-02-25 01:01:00,2026-02-25 01:01:00,0.0,5136.08,5136.08,5130.85,5138.69,5149.15,5136.08,5130.85,5.229999999999563,5.312142857142915,0.32,167.35999999998603,-170.55999999999767,2.24,0.0,-172.79999999999768,-1.0191204588910845,-1.032504780114795,sl,False,0.0,2.9005736137669866,0,False,range,0,1.0,False,,False,0.8,0.08@5130.75:sl;0.08@5130.75:sl;0.08@5130.75:sl;0.08@5130.75:sl,11352.799999999896,66.1316186075822,2026-02
M15#5001413,M15,5001413,IMB,buy,0.624,B,2026-02-25 04:15:00,2026-02-25 04:51:00,2026-02-25 06:10:00,79.0,5173.62,5173.62,5156.16,5182.35,5217.27,5173.62,5156.16,17.460000000000036,14.619285714285784,0.09,157.14000000000036,16.760000000004766,0.6300000000000001,0.0,16.130000000004767,0.1066564846633876,0.10264732086040938,partial_be,True,0.9375715922107593,0.41695303550972107,0,False,range,0,1.0,False,,False,0.8,0.02@5182.35:tp1;0.02@5173.52:be;0.02@5173.52:be;0.03@5173.52:be,11368.9299999999,66.23426592844261,2026-02
M5#5003879,M5,5003879,IMB,sell,0.59,B,2026-02-25 18:55:00,2026-02-25 19:09:00,2026-02-25 21:09:00,120.0,5213.81,5213.81,5221.03,5210.2,5195.76,5221.03,5213.81,7.219999999999345,6.259285714285787,0.11,79.4199999999928,133.57000000000428,0.77,0.0,132.80000000000427,1.6818181818183884,1.6721228909596615,tp2,True,2.696675900277288,0.5581717451523699,0,False,range,-1,0.5,False,,False,0.8,0.02@5210.20:tp1;0.02@5206.59:tp1;0.02@5202.98:tp1;0.05@5195.76:tp2,11501.729999999905,67.90638881940227,2026-02
M10#5002168,M10,5002168,OB,buy,0.646,B,2026-02-26 03:00:00,2026-02-26 03:28:00,2026-02-26 04:32:00,64.0,5179.32,5179.32,5162.29,5187.83,5221.89,5179.32,5162.29,17.029999999999745,11.335714285714207,0.1,170.29999999999745,16.220000000004802,0.7000000000000001,0.0,15.520000000004803,0.09524368761012944,0.09113329418675886,partial_be,True,0.9348209042865714,0.045801526717542985,0,False,range,0,1.0,False,,False,0.8,0.02@5187.83:tp1;0.02@5179.22:be;0.02@5179.22:be;0.04@5179.22:be,11517.249999999909,67.99752211358903,2026-02
M15#5001474,M15,5001474,OB,buy,0.695,A,2026-02-26 18:30:00,2026-02-26 19:32:00,2026-02-27 02:36:00,424.0,5173.2,5173.2,5142.15,5188.73,5250.83,5173.2,5142.15,31.050000000000182,16.580714285714098,0.1,310.5000000000018,30.26000000000386,0.7000000000000001,-4.0,25.56000000000386,0.09745571658616323,0.0823188405797221,partial_be,True,0.8811594202898687,0.3925925925925774,0,True,range,0,1.0,False,,False,1.5,0.02@5188.73:tp1;0.02@5173.10:be;0.02@5173.10:be;0.04@5173.10:be,11542.809999999912,68.07984095416874,2026-02
M5#5004134,M5,5004134,OB,sell,0.585,B,2026-02-27 03:20:00,2026-02-27 03:21:00,2026-02-27 03:32:00,11.0,5179.96,5179.96,5192.22,5173.83,5149.31,5192.22,5179.96,12.260000000000218,6.399285714285725,0.14,171.64000000000308,17.289999999996322,0.9800000000000001,0.0,16.30999999999632,0.10073409461661624,0.09502446982053152,partial_be,True,0.5163132137030844,0.041598694942920816,0,False,range,0,1.0,False,,False,0.8,0.03@5173.83:tp1;0.03@5180.06:be;0.03@5180.06:be;0.05@5180.06:be,11559.119999999908,68.17486542398927,2026-02
M15#6001006,M15,6001006,IMB,buy,0.695,A,2026-03-02 02:45:00,2026-03-02 02:54:00,2026-03-02 16:18:00,804.0,5343.83,5343.83,5281.29,5375.1,5500.18,5343.83,5281.29,62.539999999999964,21.770714285714284,0.05,312.6999999999998,149.78999999999996,0.35000000000000003,0.0,149.43999999999997,0.47902142628717637,0.4779021426287178,trail,True,1.2035497281739764,0.6493444195714694,0,True,range,0,1.0,False,,False,1.5,0.01@5375.10:tp1;0.01@5406.37:tp1;0.01@5362.49:trail;0.02@5362.49:trail,11708.559999999909,68.652767566618,2026-03
M10#6001487,M10,6001487,IMB,buy,0.716,A,2026-03-02 02:40:00,2026-03-02 02:55:00,2026-03-02 16:21:00,806.0,5341.66,5341.66,5281.29,5371.84,5492.58,5341.66,5281.29,60.36999999999989,21.08571428571434,0.05,301.84999999999945,144.58000000000084,0.35000000000000003,0.0,144.23000000000084,0.47897962564187874,0.47782010932582775,trail,True,1.282756335928452,0.6367401027000111,0,True,range,0,1.0,False,,False,1.5,0.01@5371.84:tp1;0.01@5402.03:tp1;0.01@5359.67:trail;0.02@5359.67:trail,11852.78999999991,69.13058767594383,2026-03
M30#6000509,M30,6000509,IMB,sell,0.571,B,2026-03-02 18:30:00,2026-03-03 02:17:00,2026-03-03 11:25:00,548.0,5355.7,5355.7,5389.29,5338.9,5271.72,5389.29,5355.7,33.590000000000146,31.660714285714157,0.02,67.18000000000029,117.56999999999971,0.14,0.0,117.42999999999971,1.7500744269127597,1.7479904733551532,tp2,True,3.2497767192616664,0.7317654063709383,0,False,range,-1,0.5,False,,False,0.8,0.01@5322.11:tp1;0.01@5271.72:tp2,11970.21999999991,70.87857814929899,2026-03
M5#6002827,M5,6002827,IMB,buy,0.579,B,2026-03-03 14:40:00,2026-03-03 15:04:00,2026-03-03 15:08:00,4.0,5177.63,5177.63,5154.62,5189.14,5235.16,5177.63,5154.62,23.01000000000022,23.00428571428568,0.07,161.0700000000015,-161.7699999999977,0.48999999999999994,0.0,-162.25999999999772,-1.0043459365493028,-1.0073880921338314,sl,False,0.24858757062147763,1.072577140373753,0,False,range,0,1.0,False,,False,0.8,0.01@5154.52:sl;0.01@5154.52:sl;0.01@5154.52:sl;0.04@5154.52:sl,11807.959999999912,69.87119005716515,2026-03
M5#6002834,M5,6002834,IMB,sell,0.567,B,2026-03-03 17:10:00,2026-03-03 17:48:00,2026-03-03 18:03:00,15.0,5076.92,5076.92,5102.99,5063.89,5011.75,5102.99,5076.92,26.06999999999971,29.210714285714207,0.03,78.20999999999913,-78.51000000000022,0.21,0.0,-78.72000000000021,-1.0038358266206509,-1.0065209052550965,sl,False,0.5420023014959477,1.0326045262754266,0,False,range,-1,0.5,False,,False,0.8,0.01@5103.09:sl;0.02@5103.09:sl,11729.239999999912,68.86466915191005,2026-03
M5#6002915,M5,6002915,UW,buy,0.583,B,2026-03-04 15:30:00,2026-03-04 15:59:00,2026-03-04 16:12:00,13.0,5168.67,5168.67,5159.88,5173.94,5210.86,5168.67,5159.88,8.789999999999964,9.424999999999923,0.09,79.10999999999969,31.1399999999976,0.6300000000000001,0.0,30.5099999999976,0.3936291240045218,0.3856655290102101,partial_be,True,1.3139931740614597,0.12855517633675925,0,False,trend,-1,0.5,False,,False,0.8,0.02@5173.94:tp1;0.02@5179.22:tp1;0.02@5168.57:be;0.03@5168.57:be,11759.74999999991,69.25033468092026,2026-03
M5#6002920,M5,6002920,OB,sell,0.553,B,2026-03-04 17:10:00,2026-03-04 17:35:00,2026-03-05 01:56:00,501.0,5163.43,5163.43,5179.41,5153.84,5086.73,5179.41,5163.43,15.979999999999563,15.523571428571424,0.1,159.79999999999563,133.84000000000378,0.7000000000000001,0.6,133.7400000000038,0.8375469336671304,0.8369211514393456,partial_be,True,3.382978723404316,0.2209011264080001,0,False,trend,0,1.0,False,,False,0.8,0.02@5153.84:tp1;0.02@5144.25:tp1;0.02@5125.08:tp1;0.04@5163.53:be,11893.489999999914,70.0872558323596,2026-03
M5#6002976,M5,6002976,UW,buy,0.585,B,2026-03-05 13:50:00,2026-03-05 15:01:00,2026-03-05 15:04:00,3.0,5153.68,5153.68,5147.84,5157.18,5181.71,5153.68,5147.84,5.8400000000001455,4.375000000000065,0.29,169.36000000000425,22.299999999992,2.0300000000000002,0.0,20.269999999992,0.13167217760977468,0.11968587623991196,partial_be,True,0.8527397260273013,0.29280821917808114,0,False,trend,0,1.0,False,,False,0.8,0.07@5157.18:tp1;0.07@5153.58:be;0.07@5153.58:be;0.08@5153.58:be,11913.759999999906,70.20694170859952,2026-03
M10#6001688,M10,6001688,IMB,buy,0.61,B,2026-03-06 04:30:00,2026-03-06 07:38:00,2026-03-06 08:02:00,24.0,5121.08,5121.08,5109.69,5127.91,5175.75,5121.08,5109.69,11.390000000000327,12.96142857142851,0.15,170.8500000000049,-172.34999999999673,1.05,0.0,-173.39999999999674,-1.0087796312554391,-1.01492537313428,sl,False,0.2537313432836035,1.0474100087796268,0,False,trend,0,1.0,False,,False,0.8,0.03@5109.59:sl;0.03@5109.59:sl;0.03@5109.59:sl;0.06@5109.59:sl,11740.35999999991,69.19201633546524,2026-03
M5#6003030,M5,6003030,IMB,buy,0.598,B,2026-03-06 08:10:00,2026-03-06 09:08:00,2026-03-06 09:33:00,25.0,5108.44,5108.44,5099.47,5113.82,5151.5,5108.44,5099.47,8.969999999999345,6.466428571428748,0.19,170.42999999998756,63.46000000000731,1.33,0.0,62.130000000007314,0.37235228539583376,0.3645484949833471,partial_be,True,1.2396878483836802,0.31438127090300055,0,False,trend,0,1.0,False,,False,0.8,0.04@5113.82:tp1;0.04@5119.20:tp1;0.04@5108.34:be;0.07@5108.34:be,11802.489999999916,69.5565648304486,2026-03
M10#6001687,M10,6001687,IMB,buy,0.598,B,2026-03-06 08:20:00,2026-03-06 09:08:00,2026-03-06 10:22:00,74.0,5108.44,5108.44,5089.0,5120.1,5201.75,5108.44,5089.0,19.4399999999996,7.09500000000019,0.25,485.99999999999,68.06000000001495,1.75,0.0,66.31000000001495,0.14004115226340813,0.13644032921814056,partial_be,True,0.7577160493827559,0.14506172839504974,0,True,trend,1,1.5,False,,False,1.5,0.06@5120.10:tp1;0.06@5108.34:be;0.06@5108.34:be;0.07@5108.34:be,11868.79999999993,69.69300515966674,2026-03
M10#6001727,M10,6001727,IMB,buy,0.682,A,2026-03-06 18:10:00,2026-03-06 18:40:00,2026-03-09 00:07:00,3207.0,5128.07,5128.07,5099.87,5144.99,5263.43,5128.07,5099.87,28.199999999999818,22.02214285714282,0.11,310.199999999998,236.38000000000375,0.77,-2.5,233.11000000000374,0.7620245003223897,0.7514829142488886,partial_be,True,2.4574468085106607,0.22624113475177837,0,True,trend,0,1.0,False,,False,1.5,0.02@5144.99:tp1;0.02@5161.91:tp1;0.02@5195.75:tp1;0.05@5127.97:be,12101.909999999934,70.44448807391562,2026-03
M5#6003213,M5,6003213,UW,buy,0.573,B,2026-03-10 05:45:00,2026-03-10 05:47:00,2026-03-10 10:00:00,253.0,5158.26,5158.26,5153.37,5161.19,5181.73,5158.26,5153.37,4.890000000000327,6.377142857142774,0.36,176.0400000000118,396.08999999998554,2.52,0.0,393.56999999998555,2.2499999999997673,2.2356850715744105,tp2,True,5.556237218813549,0.7607361963190196,0,False,trend,0,1.0,False,,False,0.8,0.09@5161.19:tp1;0.09@5164.13:tp1;0.09@5170.00:tp1;0.09@5181.73:tp2,12495.47999999992,72.68017314549003,2026-03
M5#6003303,M5,6003303,IMB,buy,0.614,B,2026-03-11 03:35:00,2026-03-11 04:02:00,2026-03-11 04:31:00,29.0,5202.07,5202.07,5192.81,5206.7,5225.22,5202.07,5192.81,9.259999999999309,6.5471428571428465,0.19,175.93999999998687,17.020000000008622,1.33,0.0,15.690000000008622,0.09673752415601848,0.0891781289076378,partial_be,True,0.5118790496761387,0.8455723542117183,0,False,range,0,1.0,False,,False,0.8,0.04@5206.70:tp1;0.04@5201.97:be;0.04@5201.97:be;0.07@5201.97:be,12511.169999999927,72.76935127439766,2026-03
M10#6001869,M10,6001869,HB,buy,0.526,C,2026-03-11 19:30:00,2026-03-11 19:36:00,2026-03-12 00:34:00,298.0,5161.74,5161.74,5150.2,5167.51,5190.59,5161.74,5150.2,11.539999999999964,7.912142857142824,0.29,334.659999999999,269.22000000001026,2.0300000000000002,-4.0,263.1900000000103,0.8044582561405936,0.7864399689237168,trail,True,1.8795493934142615,0.5745233968804272,0,True,range,0,1.0,False,,False,1.5,0.07@5167.51:tp1;0.07@5173.28:tp1;0.07@5179.05:tp1;0.08@5165.10:trail,12774.359999999937,73.55579124332138,2026-03
M5#6003347,M5,6003347,UW,buy,0.658,A,2026-03-11 18:15:00,2026-03-11 19:36:00,2026-03-12 00:35:00,299.0,5159.97,5159.97,5149.67,5165.12,5185.72,5159.97,5149.67,10.300000000000182,6.794285714285771,0.32,329.6000000000058,271.11999999999534,2.24,-4.0,264.87999999999533,0.8225728155339519,0.8036407766990008,trail,True,2.2776699029125846,0.47184466019422294,0,True,range,0,1.0,False,,False,1.5,0.08@5165.12:tp1;0.08@5170.27:tp1;0.08@5175.42:tp1;0.08@5162.96:trail,13039.239999999932,74.35943202002038,2026-03
M5#6003457,M5,6003457,OB,buy,0.576,B,2026-03-13 04:15:00,2026-03-13 04:18:00,2026-03-13 04:51:00,33.0,5121.11,5121.11,5111.99,5125.67,5143.91,5121.11,5111.99,9.11999999999989,5.7028571428571535,0.2,182.39999999999782,-184.3999999999869,1.4000000000000001,0.0,-185.7999999999869,-1.0109649122806421,-1.0186403508771333,sl,False,0.2247807017544086,1.0010964912280942,0,False,range,0,1.0,False,,False,0.8,0.05@5111.89:sl;0.05@5111.89:sl;0.05@5111.89:sl;0.05@5111.89:sl,12853.439999999946,73.34079166914324,2026-03
M30#6000567,M30,6000567,UW,buy,0.575,B,2026-03-13 00:30:00,2026-03-13 16:55:00,2026-03-13 17:42:00,47.0,5049.39,5049.39,5014.72,5066.73,5136.07,5049.39,5014.72,34.67000000000007,18.43000000000003,0.09,312.0300000000007,33.979999999995925,0.6300000000000001,0.0,33.34999999999592,0.10889978527704339,0.10688074864595022,partial_be,True,0.6351312373810061,0.3790020190366397,0,True,range,0,1.0,False,,False,1.5,0.02@5066.73:tp1;0.02@5049.29:be;0.02@5049.29:be;0.03@5049.29:be,12886.789999999943,73.44767241778919,2026-03
M15#6001137,M15,6001137,UW,buy,0.621,B,2026-03-13 07:45:00,2026-03-13 16:55:00,2026-03-13 17:42:00,47.0,5049.39,5049.39,5014.72,5066.73,5136.07,5049.39,5014.72,34.67000000000007,6.924999999999922,0.09,312.0300000000007,33.979999999995925,0.6300000000000001,0.0,33.34999999999592,0.10889978527704339,0.10688074864595022,partial_be,True,0.6351312373810061,0.3790020190366397,0,True,range,0,1.0,False,,False,1.5,0.02@5066.73:tp1;0.02@5049.29:be;0.02@5049.29:be;0.03@5049.29:be,12920.13999999994,73.55455316643514,2026-03
M5#6003563,M5,6003563,OB,buy,0.599,B,2026-03-16 08:10:00,2026-03-16 08:48:00,2026-03-16 09:15:00,27.0,5012.57,5012.57,5004.26,5016.72,5033.34,5012.57,5004.26,8.30999999999949,4.990714285714408,0.11,91.4099999999944,-92.5099999999984,0.77,0.0,-93.2799999999984,-1.012033694344208,-1.0204572803851233,sl,False,0.49699157641400266,1.3874849578821242,0,False,range,-1,0.5,False,,False,0.8,0.02@5004.16:sl;0.02@5004.16:sl;0.02@5004.16:sl;0.05@5004.16:sl,12826.85999999994,72.53409588605003,2026-03
M5#6003518,M5,6003518,OB,sell,0.558,B,2026-03-17 06:55:00,2026-03-17 07:16:00,2026-03-17 07:47:00,31.0,5042.01,5042.01,5047.4,5039.32,5028.54,5047.4,5042.01,5.389999999999418,3.6357142857143896,0.16,86.23999999999069,118.52000000000407,1.12,0.0,117.40000000000407,1.3743042671616057,1.3613172541745913,tp2,True,2.64192949907277,0.5269016697587278,0,False,range,-1,0.5,False,,False,0.8,0.04@5039.32:tp1;0.04@5036.62:tp1;0.04@5033.93:tp1;0.04@5028.54:tp2,12944.259999999944,73.89541314022462,2026-03
M5#6003743,M5,6003743,UW,buy,0.66,A,2026-03-18 11:05:00,2026-03-18 11:16:00,2026-03-18 12:05:00,49.0,4985.44,4985.44,4977.3,4989.51,5005.79,4985.44,4977.3,8.139999999999418,5.411428571428717,0.22,179.07999999998722,89.13000000000648,1.5400000000000003,0.0,87.59000000000647,0.49771052043786485,0.4891110118383556,trail,True,1.2751842751843798,0.11179361179360191,0,False,range,0,1.0,False,,False,0.8,0.05@4989.51:tp1;0.05@4993.58:tp1;0.05@4987.78:trail;0.07@4987.78:trail,13031.84999999995,74.38452415206298,2026-03
M10#6002158,M10,6002158,OB,sell,0.618,B,2026-03-20 01:50:00,2026-03-20 02:07:00,2026-03-20 02:40:00,33.0,4653.9,4653.9,4671.31,4643.45,4570.33,4671.31,4653.9,17.410000000000764,10.972142857142899,0.1,174.10000000000764,20.099999999996726,0.7000000000000001,0.0,19.399999999996727,0.11545089029291122,0.11143021252151565,partial_be,True,0.6519241815048223,0.6507754164273079,0,False,trend,0,1.0,False,,False,0.8,0.02@4643.45:tp1;0.02@4654.00:be;0.02@4654.00:be;0.04@4654.00:be,13051.249999999945,74.49595436458449,2026-03
M5#6003925,M5,6003925,IMB,buy,0.587,B,2026-03-20 06:55:00,2026-03-20 07:02:00,2026-03-20 07:30:00,28.0,4714.49,4714.49,4707.37,4718.76,4748.67,4714.49,4707.37,7.119999999999891,4.860714285714233,0.48,341.75999999999476,151.3200000000179,3.36,0.0,147.96000000001789,0.4427668539326434,0.43293539325848596,partial_be,True,1.2977528089887533,0.5772471910111988,0,True,trend,0,1.0,False,,False,1.5,0.12@4718.76:tp1;0.12@4723.03:tp1;0.12@4714.39:be;0.12@4714.39:be,13199.209999999963,74.92888975784298,2026-03
M10#6002171,M10,6002171,IMB,buy,0.547,C,2026-03-20 07:00:00,2026-03-20 07:02:00,2026-03-20 07:30:00,28.0,4714.49,4714.49,4704.01,4720.78,4764.79,4714.49,4704.01,10.479999999999563,10.727857142857115,0.32,335.35999999998603,47.920000000012806,2.24,0.0,45.680000000012804,0.14289122137408994,0.13621183206111256,partial_be,True,0.881679389312993,0.39217557251906904,0,True,trend,0,1.0,False,,False,1.5,0.08@4720.78:tp1;0.08@4714.39:be;0.08@4714.39:be;0.08@4714.39:be,13244.889999999976,75.06510158990409,2026-03
M10#6002209,M10,6002209,UW,sell,0.541,C,2026-03-23 11:10:00,2026-03-23 11:16:00,2026-03-23 13:00:00,104.0,4285.81,4285.81,4310.14,4271.21,4169.03,4310.14,4285.81,24.329999999999927,44.15714285714258,0.14,340.61999999999904,306.070000000007,0.9800000000000001,0.0,305.09000000000697,0.898567318419376,0.8956902119664372,partial_be,True,2.5491163173037656,0.9449239621865948,0,True,trend,0,1.0,False,,False,1.5,0.03@4271.21:tp1;0.03@4256.61:tp1;0.03@4227.42:tp1;0.05@4285.91:be,13549.979999999983,75.96079180187053,2026-03
M5#6004099,M5,6004099,OB,buy,0.648,B,2026-03-24 05:55:00,2026-03-24 06:19:00,2026-03-24 06:57:00,38.0,4333.03,4333.03,4312.67,4345.25,4430.76,4333.03,4312.67,20.359999999999673,11.694285714285732,0.09,183.23999999999708,23.74000000000433,0.6300000000000001,0.0,23.11000000000433,0.12955686531327607,0.12611875136435657,partial_be,True,0.8064833005894075,0.3094302554027644,0,False,trend,0,1.0,False,,False,0.8,0.02@4345.25:tp1;0.02@4332.93:be;0.02@4332.93:be;0.03@4332.93:be,13573.089999999987,76.08691055323489,2026-03
M10#6002258,M10,6002258,OB,buy,0.59,B,2026-03-24 19:30:00,2026-03-24 19:45:00,2026-03-24 22:24:00,159.0,4372.76,4372.76,4355.46,4383.14,4455.8,4372.76,4355.46,17.300000000000182,15.665000000000159,0.1,173.00000000000182,477.47999999999956,0.7000000000000001,0.0,476.7799999999996,2.7599999999999683,2.7559537572254023,tp2,True,5.435260115606865,0.02601156069363083,0,False,trend,0,1.0,False,,False,0.8,0.02@4383.14:tp1;0.02@4393.52:tp1;0.02@4414.28:tp1;0.04@4455.80:tp2,14049.869999999986,78.84286431046029,2026-03
M15#6001500,M15,6001500,OB,buy,0.604,B,2026-03-24 19:30:00,2026-03-24 19:35:00,2026-03-25 01:16:00,341.0,4379.35,4379.35,4356.66,4392.96,4488.26,4379.35,4356.66,22.69000000000051,20.202857142857347,0.15,340.35000000000764,939.359999999997,1.05,-9.0,929.309999999997,2.7599823710885145,2.730453944468859,tp2,True,5.304539444689157,0.3102688408990659,0,True,trend,0,1.0,False,,False,1.5,0.03@4392.96:tp1;0.03@4406.58:tp1;0.03@4433.81:tp1;0.06@4488.26:tp2,14979.179999999984,81.57331825492915,2026-03
M5#6004177,M5,6004177,UW,buy,0.558,B,2026-03-25 03:00:00,2026-03-25 03:03:00,2026-03-25 03:36:00,33.0,4553.53,4553.53,4546.44,4557.78,4587.56,4553.53,4546.44,7.0900000000001455,10.452142857142851,0.28,198.5200000000041,446.6700000000092,1.9600000000000002,0.0,444.71000000000925,2.25,2.240126939351199,tp2,True,4.895627644569721,0.14245416078974443,0,False,trend,0,1.0,False,,False,0.8,0.07@4557.78:tp1;0.07@4562.04:tp1;0.07@4570.55:tp1;0.07@4587.56:tp2,15423.889999999994,83.81344519428035,2026-03
M10#6002285,M10,6002285,UW,buy,0.591,B,2026-03-25 06:20:00,2026-03-25 07:21:00,2026-03-25 07:32:00,11.0,4563.4,4563.4,4552.52,4569.93,4615.62,4563.4,4552.52,10.8799999999992,9.647142857142885,0.35,380.799999999972,-384.2999999999847,2.45,0.0,-386.7499999999847,-1.0091911764706223,-1.0156250000000346,sl,False,0.0367647058824058,1.289522058823601,0,True,trend,0,1.0,False,,False,1.5,0.08@4552.42:sl;0.08@4552.42:sl;0.08@4552.42:sl;0.11@4552.42:sl,15037.140000000009,82.79782019428032,2026-03
M10#6002283,M10,6002283,IMB,buy,0.555,B,2026-03-25 08:30:00,2026-03-25 11:48:00,2026-03-25 14:31:00,163.0,4531.86,4531.86,4510.25,4544.83,4635.59,4531.86,4510.25,21.609999999999673,8.995000000000086,0.26,561.8599999999915,543.7600000000111,1.82,0.0,541.9400000000111,0.9677855693589495,0.9645463282668624,partial_be,True,2.4835724201758853,0.4720037019898183,0,True,trend,1,1.5,False,,False,1.5,0.06@4544.83:tp1;0.06@4557.79:tp1;0.06@4583.72:tp1;0.08@4531.76:be,15579.08000000002,83.76236652254718,2026-03
M15#6001530,M15,6001530,UW,buy,0.62,B,2026-03-25 13:00:00,2026-03-25 14:28:00,2026-03-25 14:31:00,3.0,4550.78,4550.78,4527.97,4564.47,4660.27,4550.78,4527.97,22.80999999999949,13.53571428571448,0.08,182.47999999999593,-183.27999999999884,0.56,0.0,-183.83999999999884,-1.00438404208682,-1.007452871547583,sl,False,0.0,1.2766330556773582,0,False,trend,0,1.0,False,,False,0.8,0.02@4527.87:sl;0.02@4527.87:sl;0.02@4527.87:sl;0.02@4527.87:sl,15395.240000000022,82.7549136509996,2026-03
M30#6000749,M30,6000749,IMB,buy,0.599,B,2026-03-25 13:30:00,2026-03-26 07:58:00,2026-03-26 16:55:00,537.0,4447.68,4447.68,4407.16,4471.99,4642.18,4447.68,4407.16,40.52000000000044,19.003571428571572,0.05,202.60000000000218,23.909999999998035,0.35000000000000003,0.0,23.559999999998034,0.11801579466928815,0.11628825271469782,partial_be,True,0.7778874629812238,0.8531589338598283,0,False,trend,0,1.0,False,,False,0.8,0.01@4471.99:tp1;0.01@4447.58:be;0.01@4447.58:be;0.02@4447.58:be,15418.80000000002,82.8712019037143,2026-03
M10#6002398,M10,6002398,IMB,buy,0.699,A,2026-03-27 19:00:00,2026-03-27 19:17:00,2026-03-27 21:42:00,145.0,4501.7,4501.7,4475.87,4517.2,4625.68,4501.7,4475.87,25.829999999999927,17.7899999999999,0.14,361.61999999999904,45.400000000006,0.9800000000000001,0.0,44.420000000006006,0.1255461534207348,0.12283612632046381,partial_be,True,1.051877661633765,0.585365853658534,0,True,trend,0,1.0,False,,False,1.5,0.03@4517.20:tp1;0.03@4501.60:be;0.03@4501.60:be;0.05@4501.60:be,15463.220000000025,82.99403803003476,2026-03
M15#6001601,M15,6001601,IMB,buy,0.699,A,2026-03-27 19:00:00,2026-03-27 19:17:00,2026-03-27 21:42:00,145.0,4501.7,4501.7,4464.13,4524.24,4682.04,4501.7,4464.13,37.56999999999971,22.769285714285747,0.15,563.5499999999956,66.42000000000644,1.05,0.0,65.37000000000644,0.11785999467661601,0.11599680596221622,partial_be,True,0.7231833910034677,0.4024487623103542,0,True,trend,1,1.5,False,,False,1.5,0.03@4524.24:tp1;0.03@4501.60:be;0.03@4501.60:be;0.06@4501.60:be,15528.590000000031,83.11003483599697,2026-03
M5#6004397,M5,6004397,IMB,sell,0.644,B,2026-03-30 02:55:00,2026-03-30 03:21:00,2026-03-30 04:10:00,49.0,4460.43,4460.43,4472.46,4453.21,4402.69,4472.46,4460.43,12.029999999999745,11.146428571428585,0.16,192.47999999999593,201.7200000000048,1.12,0.0,200.6000000000048,1.0480049875312192,1.0421862011638043,partial_be,True,2.4505403158769896,0.5502909393183734,0,False,trend,0,1.0,False,,False,0.8,0.04@4453.21:tp1;0.04@4445.99:tp1;0.04@4431.56:tp1;0.04@4460.53:be,15729.190000000035,84.15222103716077,2026-03
M15#6001647,M15,6001647,IMB,buy,0.639,B,2026-03-31 05:45:00,2026-03-31 05:46:00,2026-03-31 06:47:00,61.0,4577.64,4577.64,4550.44,4591.24,4645.64,4577.64,4550.44,27.200000000000728,21.800714285714157,0.14,380.80000000001024,-382.20000000000255,0.9800000000000001,0.0,-383.18000000000256,-1.003676470588215,-1.0062499999999797,sl,False,0.12279411764702745,1.0022058823529223,0,True,range,0,1.0,False,,False,1.5,0.03@4550.34:sl;0.03@4550.34:sl;0.03@4550.34:sl;0.05@4550.34:sl,15346.010000000033,83.14597103716079,2026-03
M5#6004517,M5,6004517,IMB,buy,0.652,A,2026-03-31 06:05:00,2026-03-31 06:18:00,2026-03-31 09:00:00,162.0,4565.19,4565.19,4545.59,4574.99,4614.19,4565.19,4545.59,19.599999999999454,10.425000000000052,0.19,372.39999999998963,37.70000000000891,1.33,0.0,36.370000000008915,0.1012352309345058,0.09766380236307715,partial_be,True,0.8433673469388324,0.8627551020408329,0,True,range,0,1.0,False,,False,1.5,0.04@4574.99:tp1;0.04@4565.09:be;0.04@4565.09:be;0.07@4565.09:be,15382.380000000041,83.24363483952386,2026-03
M5#6004513,M5,6004513,OB,buy,0.559,B,2026-03-31 08:20:00,2026-03-31 10:19:00,2026-03-31 11:05:00,46.0,4547.68,4547.68,4539.35,4551.85,4568.51,4547.68,4539.35,8.329999999999927,6.537142857143018,0.24,199.91999999999825,274.97999999999956,1.68,0.0,273.29999999999956,1.3754501800720387,1.3670468187275007,tp2,True,2.7226890756302016,0.5018007202881546,0,False,range,0,1.0,False,,False,0.8,0.06@4551.85:tp1;0.06@4556.01:tp1;0.06@4560.18:tp1;0.06@4568.51:tp2,15655.68000000004,84.61068165825137,2026-03
M5#7002610,M5,7002610,UW,sell,0.625,B,2026-04-01 07:40:00,2026-04-01 09:27:00,2026-04-01 09:45:00,18.0,4710.95,4710.95,4724.1,4703.06,4647.83,4724.1,4710.95,13.150000000000546,4.830714285714488,0.15,197.25000000000819,22.469999999993888,1.05,0.0,21.419999999993887,0.11391634980985021,0.10859315589350063,partial_be,True,0.6380228136882113,0.5520912547528454,0,False,trend,0,1.0,False,,False,0.8,0.03@4703.06:tp1;0.03@4711.05:be;0.03@4711.05:be;0.06@4711.05:be,15677.100000000035,84.71927481414487,2026-04
H1#6000341,H1,6000341,IMB,sell,0.588,B,2026-04-01 16:00:00,2026-04-01 18:44:00,2026-04-02 02:06:00,442.0,4784.19,4784.19,4826.81,4758.62,4579.61,4826.81,4784.19,42.6200000000008,28.690000000000055,0.04,170.4800000000032,25.269999999998618,0.28,0.44999999999999996,25.439999999998616,0.1482285312059957,0.14922571562645554,partial_be,True,0.9807602064757974,0.2163303613327309,0,True,trend,-1,0.5,False,,False,1.5,0.01@4758.62:tp1;0.01@4784.29:be;0.01@4784.29:be;0.01@4784.29:be,15702.540000000034,84.86850052977132,2026-04
M5#7002679,M5,7002679,IMB,buy,0.569,B,2026-04-02 02:45:00,2026-04-02 02:45:00,2026-04-02 02:51:00,6.0,4787.46,4787.46,4778.88,4791.75,4808.91,4787.46,4778.88,8.579999999999927,6.609999999999867,0.23,197.33999999999833,-199.64000000000672,1.6099999999999999,0.0,-201.25000000000674,-1.0116550116550542,-1.0198135198135625,sl,False,0.0,1.0734265734265869,0,False,range,0,1.0,False,,False,0.8,0.05@4778.78:sl;0.05@4778.78:sl;0.05@4778.78:sl;0.08@4778.78:sl,15501.290000000026,83.84868700995776,2026-04
M15#6001714,M15,6001714,OB,buy,0.707,A,2026-04-02 19:45:00,2026-04-06 01:10:00,2026-04-06 01:47:00,37.0,4625.76,4625.76,4587.67,4644.81,4720.99,4625.76,4587.67,38.090000000000146,23.610000000000127,0.15,571.3500000000022,55.94999999999618,1.05,0.0,54.89999999999618,0.09792596482015571,0.09608821212916072,partial_be,True,0.6529272775006509,0.4494618009976326,0,True,range,1,1.5,False,,False,1.5,0.03@4644.81:tp1;0.03@4625.66:be;0.03@4625.66:be;0.06@4625.66:be,15556.190000000022,83.94477522208692,2026-04
M10#6002571,M10,6002571,UW,sell,0.546,C,2026-04-06 01:40:00,2026-04-06 01:46:00,2026-04-06 01:48:00,2.0,4647.87,4647.87,4665.47,4637.31,4563.39,4665.47,4647.87,17.600000000000364,12.06214285714272,0.21,369.6000000000077,157.2999999999929,1.4700000000000002,0.0,155.8299999999929,0.42559523809521005,0.4216179653679374,partial_be,True,2.2102272727272063,0.17556818181818645,0,True,trend,0,1.0,False,,False,1.5,0.05@4637.31:tp1;0.05@4626.75:tp1;0.05@4647.97:be;0.06@4647.97:be,15712.020000000015,84.36639318745486,2026-04
M5#7002794,M5,7002794,UW,buy,0.557,B,2026-04-06 09:35:00,2026-04-06 09:38:00,2026-04-06 10:12:00,34.0,4652.59,4652.59,4643.32,4658.15,4697.09,4652.59,4643.32,9.270000000000437,6.522142857143081,0.11,101.9700000000048,32.65999999999622,0.77,0.0,31.889999999996217,0.3202902814552778,0.31273904089432886,partial_be,True,1.5954692556633514,0.331175836030158,0,False,trend,-1,0.5,False,,False,0.8,0.02@4658.15:tp1;0.02@4663.71:tp1;0.02@4652.49:be;0.05@4652.49:be,15743.91000000001,84.67913222834919,2026-04
H1#6000425,H1,6000425,IMB,sell,0.608,B,2026-04-02 19:00:00,2026-04-06 12:30:00,2026-04-07 11:21:00,1371.0,4703.98,4703.98,4775.35,4668.29,4525.55,4775.35,4703.98,71.3700000000008,44.54857142857145,0.05,356.850000000004,170.98999999999796,0.35000000000000003,0.6,171.23999999999796,0.47916491523047794,0.4798654897015442,trail,True,1.2237634860585436,0.04441642146560232,0,True,range,0,1.0,False,,False,1.5,0.01@4668.29:tp1;0.01@4632.61:tp1;0.01@4682.67:trail;0.02@4682.67:trail,15915.150000000009,85.15899771805073,2026-04
M10#6002530,M10,6002530,IMB,sell,0.578,B,2026-04-08 01:20:00,2026-04-08 01:36:00,2026-04-08 01:54:00,18.0,4764.85,4764.85,4783.99,4755.28,4717.0,4783.99,4764.85,19.139999999999418,17.424999999999986,0.2,382.79999999998836,-384.79999999999563,1.4000000000000001,0.0,-386.1999999999956,-1.0052246603970934,-1.0088819226750454,sl,False,0.31713688610239776,1.9331243469175092,0,True,range,0,1.0,False,,False,1.5,0.05@4784.09:sl;0.05@4784.09:sl;0.05@4784.09:sl;0.05@4784.09:sl,15528.950000000013,84.15011579537568,2026-04
M30#6000834,M30,6000834,IMB,sell,0.634,B,2026-04-06 13:30:00,2026-04-07 22:45:00,2026-04-08 01:54:00,189.0,4711.8,4711.8,4783.89,4668.55,4365.77,4783.89,4711.8,72.09000000000015,16.664285714285793,0.05,360.4500000000007,-360.949999999998,0.35000000000000003,2.25,-359.049999999998,-1.0013871549451998,-0.9961159661534118,sl,False,0.22971285892634716,1.2491330281592454,0,True,trend,0,1.0,False,,False,1.5,0.01@4783.99:sl;0.01@4783.99:sl;0.01@4783.99:sl;0.02@4783.99:sl,15169.900000000016,83.15399982922227,2026-04
M15#6001791,M15,6001791,IMB,buy,0.639,B,2026-04-08 03:00:00,2026-04-08 04:20:00,2026-04-08 05:44:00,84.0,4800.7,4800.7,4779.87,4811.11,4852.77,4800.7,4779.87,20.829999999999927,25.272142857143017,0.18,374.93999999999875,186.46000000000458,1.2600000000000002,0.0,185.2000000000046,0.49730623566438686,0.4939456979783571,trail,True,1.17810849735958,0.5885741718675114,0,True,range,0,1.0,False,,False,1.5,0.04@4811.11:tp1;0.04@4821.53:tp1;0.04@4806.85:trail;0.06@4806.85:trail,15355.10000000002,83.64794552720063,2026-04
M5#7002966,M5,7002966,IMB,buy,0.653,A,2026-04-08 11:30:00,2026-04-08 17:33:00,2026-04-08 17:46:00,13.0,4752.03,4752.06,4736.44,4759.87,4791.11,4752.06,4736.44,15.6200000000008,7.367857142857182,0.24,374.8800000000192,196.0200000000059,1.68,0.0,194.3400000000059,0.5228873239436509,0.5184058898847522,trail,True,1.1453265044813963,0.0576184379001018,0,True,range,0,1.0,False,,False,1.5,0.06@4759.87:tp1;0.06@4767.68:tp1;0.06@4756.62:trail;0.06@4756.62:trail,15549.440000000026,84.16635141708538,2026-04
M15#6001790,M15,6001790,IMB,buy,0.712,A,2026-04-08 15:45:00,2026-04-08 17:31:00,2026-04-08 17:56:00,25.0,4761.23,4761.23,4736.44,4773.62,4823.2,4761.23,4736.44,24.789999999999964,15.120714285714323,0.15,371.84999999999945,-373.34999999999127,1.05,0.0,-374.3999999999913,-1.0040338846308776,-1.0068576038725072,sl,False,0.3505445744251925,1.1585316659943279,0,True,range,0,1.0,False,,False,1.5,0.03@4736.34:sl;0.03@4736.34:sl;0.03@4736.34:sl;0.06@4736.34:sl,15175.040000000035,83.15949381321288,2026-04
M5#7003052,M5,7003052,OB,sell,0.574,B,2026-04-09 12:35:00,2026-04-09 13:24:00,2026-04-09 13:47:00,23.0,4734.2,4734.2,4743.3,4729.65,4711.45,4743.3,4734.2,9.100000000000364,4.976428571428706,0.22,200.20000000000803,-202.399999999996,1.5400000000000003,0.0,-203.939999999996,-1.0109890109889503,-1.0186813186812578,sl,False,0.0,1.018681318681326,0,False,range,0,1.0,False,,False,0.8,0.05@4743.40:sl;0.05@4743.40:sl;0.05@4743.40:sl;0.07@4743.40:sl,14971.100000000039,82.14081249453162,2026-04
M5#7003198,M5,7003198,OB,sell,0.562,B,2026-04-10 08:00:00,2026-04-10 08:36:00,2026-04-10 08:45:00,9.0,4765.73,4765.73,4770.35,4763.42,4754.18,4770.35,4765.73,4.6200000000008,3.122857142857226,0.21,97.02000000001682,9.949999999991633,1.4700000000000002,0.0,8.479999999991632,0.10255617398464138,0.08740465883312885,partial_be,True,0.9242424242421617,0.6038961038959914,0,False,range,-1,0.5,False,,False,0.8,0.05@4763.42:tp1;0.05@4765.83:be;0.05@4765.83:be;0.06@4765.83:be,14979.58000000003,82.22821715336474,2026-04
M5#7003228,M5,7003228,OB,buy,0.57,B,2026-04-10 18:45:00,2026-04-10 19:06:00,2026-04-10 20:17:00,71.0,4751.78,4751.78,4745.92,4754.71,4766.43,4751.78,4745.92,5.859999999999673,8.785714285714286,0.34,199.23999999998887,287.14000000001215,2.3800000000000003,0.0,284.76000000001216,1.4411764705883767,1.4292310780969086,tp2,True,2.616040955631533,0.7576791808873461,0,False,range,0,1.0,False,,False,0.8,0.08@4754.71:tp1;0.08@4757.64:tp1;0.08@4760.57:tp1;0.1@4766.43:tp2,15264.340000000044,83.65744823146164,2026-04
M10#6002837,M10,6002837,OB,sell,0.6,B,2026-04-13 18:00:00,2026-04-13 19:18:00,2026-04-13 19:40:00,22.0,4727.49,4727.49,4738.47,4722.0,4700.04,4738.47,4727.49,10.980000000000473,11.273571428571618,0.09,98.82000000000427,-99.71999999999935,0.6300000000000001,0.0,-100.34999999999934,-1.0091074681238112,-1.015482695810514,sl,False,0.46630236794168217,1.051001821493659,0,False,range,-1,0.5,False,,False,0.8,0.02@4738.57:sl;0.02@4738.57:sl;0.02@4738.57:sl;0.03@4738.57:sl,15163.990000000045,82.64196553565112,2026-04
M10#6002889,M10,6002889,OB,buy,0.571,B,2026-04-14 22:50:00,2026-04-15 01:00:00,2026-04-15 01:01:00,1.0,4837.64,4837.64,4833.48,4839.72,4848.04,4837.64,4833.48,4.160000000000764,6.096428571428597,1.08,449.2800000000825,368.00999999997845,7.5600000000000005,-40.5,319.94999999997844,0.8191105769228785,0.7121394230767443,trail,True,2.038461538461059,0.10817307692323196,0,False,range,2,2.25,False,,False,0.8,0.27@4839.72:tp1;0.27@4841.80:tp1;0.27@4843.88:tp1;0.27@4838.79:trail,15483.940000000024,83.35410495872787,2026-04
M5#7003454,M5,7003454,OB,buy,0.553,B,2026-04-15 06:15:00,2026-04-15 08:37:00,2026-04-15 08:43:00,6.0,4816.32,4816.32,4810.17,4819.39,4831.69,4816.32,4810.17,6.149999999999636,6.4950000000000205,0.33,202.949999999988,22.06000000001859,2.31,0.0,19.75000000001859,0.1086967233309677,0.09731460950982883,partial_be,True,0.8260162601626386,0.5837398373984322,0,False,range,0,1.0,False,,False,0.8,0.08@4819.39:tp1;0.08@4816.22:be;0.08@4816.22:be;0.09@4816.22:be,15503.690000000042,83.4514195682377,2026-04
M5#7003503,M5,7003503,OB,sell,0.579,B,2026-04-15 14:40:00,2026-04-15 14:46:00,2026-04-15 14:49:00,3.0,4809.63,4809.63,4818.4,4805.25,4787.71,4818.4,4809.63,8.769999999999527,4.318571428571237,0.23,201.70999999998912,20.10000000001037,1.6099999999999999,0.0,18.49000000001037,0.09964800951867261,0.09166625353235519,partial_be,True,0.5906499429874186,0.3272519954390018,0,False,range,0,1.0,False,,False,0.8,0.05@4805.25:tp1;0.05@4809.73:be;0.05@4809.73:be;0.08@4809.73:be,15522.180000000053,83.54308582177005,2026-04
M10#6002965,M10,6002965,OB,buy,0.631,B,2026-04-16 14:40:00,2026-04-16 15:11:00,2026-04-16 15:30:00,19.0,4813.79,4813.79,4807.07,4817.15,4830.59,4813.79,4807.07,6.720000000000255,5.0200000000001115,0.3,201.60000000000767,21.21999999998934,2.1000000000000005,0.0,19.11999999998934,0.10525793650787964,0.09484126984121335,partial_be,True,0.715773809523842,0.3348214285714159,0,False,range,0,1.0,False,,False,0.8,0.07@4817.15:tp1;0.07@4813.69:be;0.07@4813.69:be;0.09@4813.69:be,15541.300000000043,83.63792709161126,2026-04
M5#7003645,M5,7003645,IMB,buy,0.563,B,2026-04-17 05:20:00,2026-04-17 05:57:00,2026-04-17 07:59:00,122.0,4786.24,4786.24,4779.23,4789.74,4803.77,4786.24,4779.23,7.010000000000218,6.871428571428429,0.29,203.29000000000636,287.4500000000098,2.0300000000000002,0.0,285.42000000000985,1.4139898666929058,1.4040041320281418,tp2,True,2.6077032810271166,0.2681883024251142,0,False,range,0,1.0,False,,False,0.8,0.07@4789.74:tp1;0.07@4793.25:tp1;0.07@4796.76:tp1;0.08@4803.77:tp2,15826.720000000052,85.04193122363941,2026-04
M15#6002071,M15,6002071,IMB,buy,0.613,B,2026-04-20 06:45:00,2026-04-20 07:34:00,2026-04-20 08:42:00,68.0,4788.63,4788.63,4774.17,4795.86,4824.78,4788.63,4774.17,14.460000000000036,9.959999999999907,0.4,578.4000000000015,69.29999999998472,2.8000000000000003,0.0,66.49999999998472,0.11981327800827203,0.11497233748268422,partial_be,True,0.5117565698478297,0.3146611341632206,0,True,range,1,1.5,False,,False,1.5,0.1@4795.86:tp1;0.1@4788.53:be;0.1@4788.53:be;0.1@4788.53:be,15893.220000000038,85.15690356112209,2026-04
M5#7003724,M5,7003724,IMB,buy,0.648,B,2026-04-20 08:20:00,2026-04-20 08:44:00,2026-04-20 10:03:00,79.0,4781.34,4781.34,4774.17,4784.93,4799.27,4781.34,4774.17,7.170000000000073,3.8685714285713533,0.53,380.01000000000386,530.7800000000097,3.71,0.0,527.0700000000097,1.3967527170337737,1.3869898160574836,tp2,True,2.8005578800557496,0.21757322175737578,0,True,range,0,1.0,False,,False,1.5,0.13@4784.93:tp1;0.13@4788.51:tp1;0.13@4792.10:tp1;0.14@4799.27:tp2,16420.290000000048,86.54389337717957,2026-04
M5#7003727,M5,7003727,OB,sell,0.568,B,2026-04-20 10:30:00,2026-04-20 14:53:00,2026-04-20 15:07:00,14.0,4806.62,4806.62,4813.0,4803.43,4790.67,4813.0,4806.62,6.380000000000109,5.299285714285686,0.33,210.5400000000036,23.019999999987707,2.31,0.0,20.70999999998771,0.10933789303689234,0.09836610620303674,partial_be,True,0.5266457680250181,0.9451410658308075,0,False,range,0,1.0,False,,False,0.8,0.08@4803.43:tp1;0.08@4806.72:be;0.08@4806.72:be;0.09@4806.72:be,16441.000000000036,86.6422594833826,2026-04
M5#7003771,M5,7003771,IMB,buy,0.569,B,2026-04-20 15:15:00,2026-04-20 15:38:00,2026-04-20 15:52:00,14.0,4801.35,4801.35,4794.7,4804.68,4817.98,4801.35,4794.7,6.650000000000546,5.089285714285714,0.31,206.15000000001692,102.15999999999077,2.17,0.0,99.98999999999077,0.495561484355966,0.48503516856649315,trail,True,1.0571428571427322,0.32631578947366835,0,False,range,0,1.0,False,,False,0.8,0.07@4804.68:tp1;0.07@4808.00:tp1;0.07@4803.25:trail;0.1@4803.25:trail,16540.990000000027,87.1272946519491,2026-04
M10#6003068,M10,6003068,OB,sell,0.619,B,2026-04-20 21:00:00,2026-04-20 21:05:00,2026-04-21 01:00:00,235.0,4812.7,4812.7,4823.34,4807.38,4786.1,4823.34,4812.7,10.640000000000327,5.344999999999735,0.19,202.16000000000622,-204.05999999999585,1.33,0.0,-205.38999999999587,-1.00939849624055,-1.0159774436089708,sl,False,0.18515037593986786,1.5469924812029634,0,False,range,0,1.0,False,,False,0.8,0.04@4823.44:sl;0.04@4823.44:sl;0.04@4823.44:sl;0.07@4823.44:sl,16335.600000000031,86.11131720834013,2026-04
M5#7003723,M5,7003723,IMB,buy,0.562,B,2026-04-21 10:10:00,2026-04-21 15:30:00,2026-04-21 15:36:00,6.0,4771.49,4771.49,4764.96,4774.75,4787.81,4771.49,4764.96,6.529999999999745,6.072142857142808,0.32,208.95999999999185,287.20000000001164,2.24,0.0,284.96000000001163,1.3744257274120542,1.3637059724350247,tp2,True,2.9019908116386763,0.7764165390505217,0,False,range,0,1.0,False,,False,0.8,0.08@4774.75:tp1;0.08@4778.02:tp1;0.08@4781.28:tp1;0.08@4787.81:tp2,16620.56000000004,87.47502318077515,2026-04
M5#7003883,M5,7003883,IMB,sell,0.664,A,2026-04-21 18:05:00,2026-04-21 18:10:00,2026-04-21 18:43:00,33.0,4745.64,4745.64,4760.88,4738.02,4707.54,4760.88,4745.64,15.239999999999782,10.014285714285766,0.13,198.11999999999716,21.86000000000513,0.91,0.0,20.95000000000513,0.11033716939231497,0.10574399353929653,partial_be,True,0.5695538057743055,0.7992125984252274,0,False,range,0,1.0,False,,False,0.8,0.03@4738.02:tp1;0.03@4745.74:be;0.03@4745.74:be;0.04@4745.74:be,16641.510000000046,87.58076717431445,2026-04
M30#6001050,M30,6001050,OB,buy,0.603,B,2026-04-22 02:30:00,2026-04-23 03:10:00,2026-04-23 04:54:00,104.0,4713.83,4713.83,4679.19,4731.15,4800.43,4713.83,4679.19,34.64000000000033,20.852142857142876,0.17,588.8800000000056,300.4499999999998,1.1900000000000002,0.0,299.2599999999998,0.5102058144273824,0.5081850292079829,trail,True,1.1426096997690403,0.5643764434180137,0,True,range,1,1.5,False,,False,1.5,0.04@4731.15:tp1;0.04@4748.47:tp1;0.04@4724.12:trail;0.05@4724.12:trail,16940.770000000044,88.08895220352242,2026-04
M5#7004023,M5,7004023,IMB,sell,0.563,B,2026-04-23 13:35:00,2026-04-23 15:01:00,2026-04-23 15:05:00,4.0,4728.35,4728.35,4733.55,4725.75,4715.35,4733.55,4728.35,5.199999999999818,5.395714285714413,0.41,213.19999999999254,-217.29999999997017,2.87,0.0,-220.16999999997017,-1.019230769230665,-1.0326923076922039,sl,False,0.0,1.1442307692307743,0,False,range,0,1.0,False,,False,0.8,0.1@4733.65:sl;0.1@4733.65:sl;0.1@4733.65:sl;0.11@4733.65:sl,16720.600000000075,87.05625989583022,2026-04
M15#6002199,M15,6002199,IMB,buy,0.618,B,2026-04-23 16:30:00,2026-04-23 17:00:00,2026-04-23 17:06:00,6.0,4719.51,4719.51,4705.82,4726.36,4753.74,4719.51,4705.82,13.69000000000051,10.968571428571522,0.29,397.0100000000148,45.749999999988184,2.0300000000000002,0.0,43.71999999998818,0.11523639203039338,0.11012317070095602,partial_be,True,0.6734842951058438,0.16873630387146196,0,True,range,0,1.0,False,,False,1.5,0.07@4726.36:tp1;0.07@4719.41:be;0.07@4719.41:be;0.08@4719.41:be,16764.32000000006,87.16638306653118,2026-04
M10#6003272,M10,6003272,IMB,buy,0.636,B,2026-04-24 15:30:00,2026-04-24 15:49:00,2026-04-24 16:24:00,35.0,4692.47,4692.47,4680.54,4698.44,4722.3,4692.47,4680.54,11.930000000000291,9.357142857142922,0.5,596.5000000000146,305.27999999997337,3.5,0.0,301.77999999997337,0.5117854149203117,0.5059178541491467,trail,True,1.089689857502069,0.16261525565804374,0,True,range,1,1.5,False,,False,1.5,0.12@4698.44:tp1;0.12@4704.40:tp1;0.12@4695.95:trail;0.14@4695.95:trail,17066.100000000035,87.67230092068033,2026-04
M10#6003283,M10,6003283,UW,buy,0.655,A,2026-04-24 23:30:00,2026-04-27 01:00:00,2026-04-27 01:06:00,6.0,4697.03,4697.03,4689.53,4700.78,4715.78,4697.03,4689.53,7.5,4.39714285714282,0.28,210.00000000000003,-212.79999999998472,1.9600000000000002,-14.000000000000002,-228.75999999998473,-1.0133333333332604,-1.0893333333332604,sl,False,0.3920000000000679,1.528000000000005,0,False,range,0,1.0,False,,False,0.8,0.07@4689.43:sl;0.07@4689.43:sl;0.07@4689.43:sl;0.07@4689.43:sl,16837.34000000005,86.58296758734707,2026-04
M10#6003294,M10,6003294,IMB,sell,0.649,B,2026-04-27 02:30:00,2026-04-27 03:54:00,2026-04-27 04:02:00,8.0,4688.56,4688.56,4706.77,4679.45,4643.03,4706.77,4688.56,18.210000000000036,6.3985714285716835,0.11,200.3100000000004,-201.4099999999944,0.77,0.0,-202.1799999999944,-1.0054914881932704,-1.0093355299285807,sl,False,0.0,1.0818231740801636,0,True,range,-1,0.5,False,,False,1.5,0.02@4706.87:sl;0.02@4706.87:sl;0.02@4706.87:sl;0.05@4706.87:sl,16635.160000000058,85.5736320574185,2026-04
M5#7004341,M5,7004341,OB,sell,0.582,B,2026-04-28 17:25:00,2026-04-28 17:33:00,2026-04-28 18:00:00,27.0,4577.88,4577.88,4586.34,4573.65,4556.73,4586.34,4577.88,8.460000000000036,10.368571428571483,0.12,101.52000000000044,83.46000000000458,0.84,0.0,82.62000000000458,0.8221040189125711,0.8138297872340842,trail,True,2.400709219858193,0.3593380614657152,0,False,range,-1,0.5,False,,False,0.8,0.03@4573.65:tp1;0.03@4569.42:tp1;0.03@4565.19:tp1;0.03@4575.44:trail,16717.780000000064,86.38746184465258,2026-04
M5#7004384,M5,7004384,IMB,buy,0.551,B,2026-04-29 06:10:00,2026-04-29 08:59:00,2026-04-29 09:07:00,8.0,4591.79,4591.79,4585.23,4595.07,4608.19,4591.79,4585.23,6.5600000000004,5.015714285714174,0.32,209.9200000000128,108.63999999999942,2.24,0.0,106.39999999999942,0.5175304878048437,0.5068597560975273,trail,True,1.0381097560975587,0.237804878048827,0,False,range,0,1.0,False,,False,0.8,0.08@4595.07:tp1;0.08@4598.35:tp1;0.08@4593.66:trail;0.08@4593.66:trail,16824.180000000062,86.8943216007501,2026-04
M5#7004416,M5,7004416,IMB,buy,0.587,B,2026-04-29 12:10:00,2026-04-29 12:29:00,2026-04-29 12:39:00,10.0,4568.12,4568.12,4563.27,4570.55,4580.24,4568.12,4563.27,4.849999999999454,5.187142857142979,0.44,213.399999999976,-217.799999999992,3.08,0.0,-220.879999999992,-1.0206185567011083,-1.0350515463918315,sl,False,0.2742268041237272,1.0948453608247604,0,False,range,0,1.0,False,,False,0.8,0.11@4563.17:sl;0.11@4563.17:sl;0.11@4563.17:sl;0.11@4563.17:sl,16603.30000000007,85.85927005435828,2026-04
M5#7004418,M5,7004418,OB,sell,0.626,B,2026-04-29 12:45:00,2026-04-29 13:16:00,2026-04-29 13:59:00,43.0,4572.18,4572.18,4579.55,4568.5,4553.76,4579.55,4572.18,7.369999999999891,5.563571428571452,0.14,103.17999999999849,50.0300000000052,0.9800000000000001,0.0,49.050000000005205,0.4848807908509976,0.4753828261291522,trail,True,1.0868385345997744,0.6295793758479629,0,False,range,-1,0.5,False,,False,0.8,0.03@4568.50:tp1;0.03@4564.81:tp1;0.03@4570.07:trail;0.05@4570.07:trail,16652.350000000075,86.33465288048743,2026-04
M5#8002718,M5,8002718,IMB,buy,0.617,B,2026-05-01 18:15:00,2026-05-01 21:14:00,2026-05-01 21:34:00,20.0,4616.38,4616.38,4609.24,4619.95,4634.23,4616.38,4609.24,7.140000000000327,9.570000000000034,0.29,207.06000000000952,105.56999999999971,2.0300000000000002,0.0,103.53999999999971,0.5098522167487436,0.5000482951801166,trail,True,1.0756302521008319,0.35714285714286625,0,False,range,0,1.0,False,,False,0.8,0.07@4619.95:tp1;0.07@4623.52:tp1;0.07@4618.42:trail;0.08@4618.42:trail,16755.890000000076,86.83470117566755,2026-05
M5#8002881,M5,8002881,IMB,buy,0.552,B,2026-05-05 11:05:00,2026-05-05 13:53:00,2026-05-05 15:11:00,78.0,4542.5,4542.5,4537.72,4545.37,4565.44,4542.5,4537.72,4.779999999999745,4.359285714285696,0.44,210.3199999999888,473.2199999999948,3.08,0.0,470.1399999999948,2.250000000000095,2.235355648535659,tp2,True,5.087866108786821,0.554393305439284,0,False,trend,0,1.0,False,,False,0.8,0.11@4545.37:tp1;0.11@4548.24:tp1;0.11@4553.97:tp1;0.11@4565.44:tp2,17226.03000000007,89.0700568242032,2026-05
M5#8002909,M5,8002909,IMB,buy,0.649,B,2026-05-05 16:35:00,2026-05-05 16:36:00,2026-05-05 17:13:00,37.0,4573.96,4573.96,4565.89,4578.8,4612.7,4573.96,4565.89,8.069999999999709,5.460714285714338,0.26,209.81999999999243,85.71999999999751,1.82,0.0,83.89999999999752,0.4085406538938166,0.39986655228291174,partial_be,True,1.2627013630731063,0.2936802973977666,0,False,trend,0,1.0,False,,False,0.8,0.06@4578.80:tp1;0.06@4583.64:tp1;0.06@4573.86:be;0.08@4573.86:be,17309.93000000007,89.46992337648612,2026-05
M10#6003567,M10,6003567,OB,buy,0.6,B,2026-05-05 23:10:00,2026-05-06 01:04:00,2026-05-06 02:12:00,68.0,4550.84,4550.84,4543.7,4555.12,4585.11,4550.84,4543.7,7.140000000000327,4.10571428571432,0.68,485.52000000002226,1092.4199999999728,4.760000000000001,0.0,1087.6599999999728,2.2499999999998406,2.2401960784312136,tp2,True,5.193277310924121,0.645658263305374,0,False,trend,2,2.25,False,,False,0.8,0.17@4555.12:tp1;0.17@4559.41:tp1;0.17@4567.98:tp1;0.17@4585.11:tp2,18397.590000000044,91.71011945491733,2026-05
M10#6003606,M10,6003606,OB,buy,0.576,B,2026-05-06 14:50:00,2026-05-06 15:15:00,2026-05-06 15:17:00,2.0,4669.41,4669.41,4660.79,4674.58,4710.79,4669.41,4660.79,8.61999999999989,9.367142857142815,0.26,224.11999999999716,29.02000000001135,1.82,0.0,27.20000000001135,0.12948420489028967,0.12136355523831739,partial_be,True,0.8538283062645795,0.2888631090487022,0,False,trend,0,1.0,False,,False,0.8,0.06@4674.58:tp1;0.06@4669.31:be;0.06@4669.31:be;0.08@4669.31:be,18424.790000000055,91.83148301015565,2026-05
M10#6003673,M10,6003673,UW,buy,0.598,B,2026-05-07 12:50:00,2026-05-07 12:56:00,2026-05-07 14:12:00,76.0,4731.01,4731.01,4721.8,4736.54,4775.22,4731.01,4721.8,9.210000000000036,7.036428571428587,0.24,221.04000000000087,31.379999999991924,1.68,0.0,29.699999999991924,0.14196525515740047,0.13436482084686846,partial_be,True,0.9489685124864004,0.5624321389793996,0,False,trend,0,1.0,False,,False,0.8,0.06@4736.54:tp1;0.06@4730.91:be;0.06@4730.91:be;0.06@4730.91:be,18454.49000000005,91.96584783100252,2026-05
M5#8003153,M5,8003153,IMB,buy,0.64,B,2026-05-08 05:10:00,2026-05-08 05:16:00,2026-05-08 05:36:00,20.0,4719.92,4719.92,4711.44,4725.01,4760.62,4719.92,4711.44,8.480000000000473,6.689285714285559,0.26,220.4800000000123,-223.07999999999808,1.82,0.0,-224.89999999999807,-1.0117924528301236,-1.0200471698112552,sl,False,0.4504716981131481,1.2558962264149813,0,False,trend,0,1.0,False,,False,0.8,0.06@4711.34:sl;0.06@4711.34:sl;0.06@4711.34:sl;0.08@4711.34:sl,18229.59000000005,90.94580066119127,2026-05
M5#8003168,M5,8003168,UW,buy,0.586,B,2026-05-08 10:50:00,2026-05-08 15:11:00,2026-05-08 15:22:00,11.0,4706.3,4706.3,4701.39,4709.25,4729.87,4706.3,4701.39,4.9099999999998545,6.284285714285618,0.22,108.01999999999681,13.049999999992908,1.5400000000000003,0.0,11.509999999992907,0.12081096093309843,0.10655434178849515,partial_be,True,0.8248472505092265,0.741344195519437,0,False,trend,-1,0.5,False,,False,0.8,0.05@4709.25:tp1;0.05@4706.20:be;0.05@4706.20:be;0.07@4706.20:be,18241.100000000042,91.05235500297977,2026-05
M30#6001241,M30,6001241,OB,sell,0.576,B,2026-05-08 10:00:00,2026-05-08 16:52:00,2026-05-11 08:50:00,3838.0,4744.79,4744.79,4762.68,4734.06,4658.92,4762.68,4744.79,17.890000000000327,14.228571428571545,0.23,411.47000000000753,1157.6599999999962,1.6099999999999999,1.2,1157.2499999999964,2.8134736432789147,2.812477215835845,tp2,True,4.849636668529778,0.2789267747345221,0,True,trend,0,1.0,False,,False,1.5,0.05@4734.06:tp1;0.05@4723.32:tp1;0.05@4682.85:tp1;0.08@4658.92:tp2,19398.35000000004,93.86483221881561,2026-05
M5#8003212,M5,8003212,IMB,sell,0.55,B,2026-05-11 04:15:00,2026-05-11 04:22:00,2026-05-11 15:57:00,695.0,4700.55,4700.55,4714.35,4692.27,4634.31,4714.35,4700.55,13.800000000000182,9.67357142857132,0.31,427.80000000000564,404.7200000000057,2.17,0.0,402.5500000000057,0.9460495558672286,0.9409770920991126,partial_be,True,3.802898550724556,0.37028985507243517,0,True,trend,0,1.0,False,,False,1.5,0.07@4692.27:tp1;0.07@4683.99:tp1;0.07@4667.43:tp1;0.1@4700.65:be,19800.900000000045,94.80580931091473,2026-05
M10#6003767,M10,6003767,IMB,buy,0.693,A,2026-05-11 17:50:00,2026-05-11 19:42:00,2026-05-12 02:52:00,430.0,4712.15,4712.15,4701.07,4718.8,4765.33,4712.15,4701.07,11.079999999999927,12.540714285714264,0.4,443.1999999999971,997.2000000000119,2.8000000000000003,-5.0,989.4000000000119,2.2500000000000417,2.232400722021702,tp2,True,5.1777978339351245,0.3691335740071537,0,True,trend,0,1.0,False,,False,1.5,0.1@4718.80:tp1;0.1@4725.45:tp1;0.1@4738.74:tp1;0.1@4765.33:tp2,20790.300000000057,97.03821003293643,2026-05
M5#8003271,M5,8003271,OB,buy,0.585,B,2026-05-12 17:10:00,2026-05-12 17:33:00,2026-05-12 17:50:00,17.0,4674.74,4674.74,4668.31,4677.95,4690.81,4674.74,4668.31,6.4299999999993815,9.58714285714281,0.38,244.3399999999765,193.6500000000051,2.66,0.0,190.9900000000051,0.7925431775395912,0.7816567078661842,trail,True,2.06842923794735,0.4650077760497775,0,False,range,0,1.0,False,,False,0.8,0.09@4677.95:tp1;0.09@4681.17:tp1;0.09@4684.38:tp1;0.11@4676.57:trail,20981.290000000063,97.81986674080262,2026-05
M5#8003519,M5,8003519,IMB,buy,0.67,A,2026-05-14 08:35:00,2026-05-14 08:59:00,2026-05-14 10:33:00,94.0,4691.13,4691.13,4683.69,4694.85,4709.73,4691.13,4683.69,7.440000000000509,5.309285714285904,0.33,245.5200000000168,346.11999999999625,2.31,0.0,343.80999999999625,1.4097425871618303,1.4003339850112932,tp2,True,2.610215053763272,0.6747311827957114,0,False,range,0,1.0,False,,False,0.8,0.08@4694.85:tp1;0.08@4698.57:tp1;0.08@4702.31:tp1;0.09@4709.73:tp2,21325.10000000006,99.22020072581391,2026-05
M10#6003869,M10,6003869,OB,buy,0.688,A,2026-05-14 08:40:00,2026-05-14 08:59:00,2026-05-14 10:51:00,112.0,4690.93,4690.93,4675.12,4698.84,4730.46,4690.93,4675.12,15.8100000000004,8.600714285714275,0.29,458.49000000001166,369.19999999998623,2.0300000000000002,0.0,367.16999999998626,0.8052520229448338,0.800824445462228,trail,True,1.7628083491460584,0.30487033523089796,0,True,range,0,1.0,False,,False,1.5,0.07@4698.84:tp1;0.07@4706.74:tp1;0.07@4714.65:tp1;0.08@4695.57:trail,21692.270000000048,100.02102517127614,2026-05
M15#6002651,M15,6002651,OB,buy,0.613,B,2026-05-14 08:45:00,2026-05-14 08:59:00,2026-05-14 10:51:00,112.0,4690.93,4690.93,4675.12,4698.84,4730.46,4690.93,4675.12,15.8100000000004,10.327857142857154,0.29,458.49000000001166,369.19999999998623,2.0300000000000002,0.0,367.16999999998626,0.8052520229448338,0.800824445462228,trail,True,1.7628083491460584,0.30487033523089796,0,True,range,0,1.0,False,,False,1.5,0.07@4698.84:tp1;0.07@4706.74:tp1;0.07@4714.65:tp1;0.08@4695.57:trail,22059.440000000035,100.82184961673836,2026-05
M5#8003588,M5,8003588,IMB,sell,0.61,B,2026-05-15 03:55:00,2026-05-15 03:59:00,2026-05-15 04:03:00,4.0,4630.5,4630.5,4644.81,4623.34,4594.72,4644.81,4630.5,14.3100000000004,8.112142857142837,0.17,243.2700000000068,27.339999999994685,1.1900000000000002,0.0,26.149999999994684,0.11238541538206076,0.10749373124509373,partial_be,True,0.6296296296296273,0.0957372466806326,0,False,range,0,1.0,False,,False,0.8,0.04@4623.34:tp1;0.04@4630.60:be;0.04@4630.60:be;0.05@4630.60:be,22085.59000000003,100.92934334798346,2026-05
M5#8003730,M5,8003730,OB,buy,0.597,B,2026-05-18 17:15:00,2026-05-18 17:22:00,2026-05-18 17:32:00,10.0,4555.54,4555.54,4547.36,4560.45,4594.8,4555.54,4547.36,8.180000000000291,8.809285714285513,0.31,253.58000000000902,31.96999999999025,2.17,0.0,29.79999999999025,0.12607461156238312,0.11751715434966949,partial_be,True,0.9376528117359169,0.11124694376525943,0,False,trend,0,1.0,False,,False,0.8,0.07@4560.45:tp1;0.07@4555.44:be;0.07@4555.44:be;0.1@4555.44:be,22115.39000000002,101.04686050233313,2026-05
M10#6003977,M10,6003977,OB,sell,0.64,B,2026-05-18 20:20:00,2026-05-18 22:03:00,2026-05-18 23:15:00,72.0,4563.5,4563.5,4575.66,4556.2,4505.13,4575.66,4563.5,12.159999999999854,8.588571428571479,0.21,255.359999999997,108.34999999999765,1.4700000000000002,0.0,106.87999999999765,0.42430294486215114,0.41854636591478267,partial_be,True,1.3659539473684106,0.12664473684210378,0,False,trend,0,1.0,False,,False,0.8,0.05@4556.20:tp1;0.05@4548.91:tp1;0.05@4563.60:be;0.06@4563.60:be,22222.27000000002,101.46540686824791,2026-05
M5#8003914,M5,8003914,OB,sell,0.645,B,2026-05-20 16:55:00,2026-05-20 17:16:00,2026-05-20 17:18:00,2.0,4496.08,4496.08,4505.15,4490.64,4452.54,4505.15,4496.08,9.069999999999709,5.992142857142816,0.28,253.95999999999188,35.979999999989566,1.9600000000000002,0.0,34.019999999989565,0.14167585446523356,0.13395810363833144,partial_be,True,0.82028665931641,0.7739801543550895,0,False,trend,0,1.0,False,,False,0.8,0.07@4490.64:tp1;0.07@4496.18:be;0.07@4496.18:be;0.07@4496.18:be,22256.290000000008,101.59936497188625,2026-05
M5#8003924,M5,8003924,IMB,buy,0.648,B,2026-05-21 09:30:00,2026-05-21 10:28:00,2026-05-21 13:26:00,178.0,4515.24,4515.24,4507.18,4520.08,4553.93,4515.24,4507.18,8.05999999999949,5.947857142857239,0.32,257.9199999999837,270.0000000000073,2.24,0.0,267.76000000000727,1.0468362282879355,1.0381513647643619,partial_be,True,3.405707196029969,0.4317617866004694,0,False,trend,0,1.0,False,,False,0.8,0.08@4520.08:tp1;0.08@4524.91:tp1;0.08@4534.58:tp1;0.08@4515.14:be,22524.050000000014,102.6375163366506,2026-05
M5#8003995,M5,8003995,IMB,sell,0.559,B,2026-05-21 13:50:00,2026-05-21 14:03:00,2026-05-21 15:09:00,66.0,4518.45,4518.45,4532.01,4510.31,4453.36,4532.01,4518.45,13.5600000000004,6.868571428571548,0.19,257.6400000000076,31.059999999992215,1.33,0.0,29.729999999992216,0.12055581431451365,0.1153935724266082,partial_be,True,0.7455752212388919,0.22271386430681028,0,False,trend,0,1.0,False,,False,0.8,0.04@4510.31:tp1;0.04@4518.55:be;0.04@4518.55:be;0.07@4518.55:be,22553.780000000006,102.75290990907722,2026-05
M5#8004024,M5,8004024,IMB,buy,0.675,A,2026-05-22 02:20:00,2026-05-22 03:59:00,2026-05-22 04:05:00,6.0,4526.11,4526.11,4518.35,4530.77,4563.36,4526.11,4518.35,7.759999999999309,1.9757142857142103,0.33,256.0799999999772,110.06000000001859,2.31,0.0,107.75000000001859,0.4297875663856154,0.42076694782891355,partial_be,True,1.3079896907218362,0.3286082474226159,0,False,trend,0,1.0,False,,False,0.8,0.08@4530.77:tp1;0.08@4535.42:tp1;0.08@4526.01:be;0.09@4526.01:be,22661.530000000024,103.17367685690613,2026-05
M15#6002884,M15,6002884,IMB,buy,0.648,B,2026-05-26 02:30:00,2026-05-26 03:10:00,2026-05-26 14:35:00,685.0,4548.79,4548.79,4509.68,4568.34,4646.56,4548.79,4509.68,39.10999999999967,4.342857142857156,0.12,469.31999999999607,-470.5200000000004,0.84,0.0,-471.36000000000035,-1.0025568908207712,-1.0043467143953044,sl,False,0.11531577601637065,1.052671950907707,0,True,range,0,1.0,False,,False,1.5,0.03@4509.58:sl;0.03@4509.58:sl;0.03@4509.58:sl;0.03@4509.58:sl,22190.170000000024,102.16933014251082,2026-05
M10#6004269,M10,6004269,OB,buy,0.621,B,2026-05-26 16:30:00,2026-05-26 17:00:00,2026-05-26 17:12:00,12.0,4511.93,4511.93,4502.29,4516.75,4536.03,4511.93,4502.29,9.640000000000327,9.526428571428564,0.26,250.6400000000085,26.919999999990978,1.82,0.0,25.099999999990978,0.10740504308965075,0.10014363230126926,partial_be,True,0.870331950207379,0.2582987551867849,0,False,range,0,1.0,False,,False,0.8,0.06@4516.75:tp1;0.06@4511.83:be;0.06@4511.83:be;0.08@4511.83:be,22215.270000000015,102.26947377481208,2026-05
M5#8004493,M5,8004493,IMB,buy,0.699,A,2026-05-28 16:20:00,2026-05-28 16:33:00,2026-05-28 16:41:00,8.0,4420.58,4420.58,4410.12,4425.81,4446.73,4420.58,4410.12,10.460000000000036,8.637142857142733,0.24,251.04000000000087,29.57999999999629,1.68,0.0,27.89999999999629,0.11782982791585479,0.11113766730400013,partial_be,True,0.5554493307839752,0.23613766730403882,0,False,range,0,1.0,False,,False,0.8,0.06@4425.81:tp1;0.06@4420.48:be;0.06@4420.48:be;0.06@4420.48:be,22243.170000000013,102.38061144211609,2026-05
M10#6004383,M10,6004383,IMB,buy,0.616,B,2026-05-28 23:20:00,2026-05-29 01:08:00,2026-05-29 03:36:00,148.0,4494.68,4494.68,4485.89,4499.08,4516.66,4494.68,4485.89,8.789999999999964,4.482857142857223,0.55,483.44999999999806,52.99999999998,3.8500000000000005,0.0,49.14999999998,0.10962871031126324,0.10166511531695148,partial_be,True,0.6575654152445699,0.6461888509670437,0,True,range,0,1.0,False,,False,1.5,0.13@4499.08:tp1;0.13@4494.58:be;0.13@4494.58:be;0.16@4494.58:be,22292.319999999992,102.48227655743304,2026-05
M15#6003008,M15,6003008,IMB,buy,0.693,A,2026-05-28 22:15:00,2026-05-28 22:58:00,2026-05-29 04:01:00,303.0,4497.56,4497.56,4485.89,4503.4,4526.74,4497.56,4485.89,11.670000000000073,7.605000000000018,0.62,723.5400000000045,82.89999999997144,4.34,-31.0,47.55999999997144,0.11457555905681914,0.06573237139615107,partial_be,True,0.5055698371893401,0.73350471293919,0,True,range,1,1.5,False,,False,1.5,0.15@4503.40:tp1;0.15@4497.46:be;0.15@4497.46:be;0.17@4497.46:be,22339.879999999965,102.54800892882919,2026-05
M5#8004558,M5,8004558,OB,buy,0.61,B,2026-05-29 11:00:00,2026-05-29 11:04:00,2026-05-29 11:48:00,44.0,4519.29,4519.29,4511.77,4523.05,4538.09,4519.29,4511.77,7.519999999999527,4.152857142857101,0.34,255.67999999998392,-259.0799999999963,2.3800000000000003,0.0,-261.4599999999963,-1.0132978723404746,-1.0226063829787733,sl,False,0.17819148936173268,1.0053191489362867,0,False,range,0,1.0,False,,False,0.8,0.08@4511.67:sl;0.08@4511.67:sl;0.08@4511.67:sl;0.1@4511.67:sl,22078.41999999997,101.52540254585041,2026-05
M5#8004591,M5,8004591,IMB,buy,0.711,A,2026-05-29 18:55:00,2026-05-29 20:43:00,2026-05-29 23:51:00,188.0,4555.61,4555.61,4540.93,4562.95,4592.31,4555.61,4540.93,14.679999999999382,11.004285714285677,0.08,117.43999999999505,-118.23999999999796,0.56,0.0,-118.79999999999797,-1.0068119891008425,-1.0115803814714148,sl,False,0.4121253405994848,1.0102179836512637,0,False,range,-1,0.5,False,,False,0.8,0.02@4540.83:sl;0.02@4540.83:sl;0.02@4540.83:sl;0.02@4540.83:sl,21959.61999999997,100.513822164379,2026-05
H1#6000735,H1,6000735,IMB,buy,0.632,B,2026-05-29 04:00:00,2026-06-01 16:21:00,2026-06-02 04:51:00,750.0,4468.67,4468.67,4439.3,4483.35,4542.09,4468.67,4439.3,29.36999999999989,20.872142857142926,0.16,469.91999999999825,57.51999999999679,1.12,-6.0,50.399999999996794,0.122403813415043,0.10725229826352779,partial_be,True,0.9686755192373144,0.7163772557030998,0,True,range,0,1.0,False,,False,1.5,0.04@4483.35:tp1;0.04@4468.57:be;0.04@4468.57:be;0.04@4468.57:be,22010.019999999968,100.62107446264253,2026-06
H1#6000746,H1,6000746,IMB,buy,0.6,B,2026-06-02 14:00:00,2026-06-02 15:54:00,2026-06-02 16:08:00,14.0,4515.17,4515.17,4499.44,4524.61,4590.67,4515.17,4499.44,15.730000000000473,14.733571428571395,0.16,251.68000000000757,36.559999999994034,1.12,0.0,35.439999999994036,0.14526382708198082,0.1408137317227947,partial_be,True,0.6071201525746913,0.14240305149394242,0,False,trend,0,1.0,False,,False,0.8,0.04@4524.61:tp1;0.04@4515.07:be;0.04@4515.07:be;0.04@4515.07:be,22045.459999999963,100.76188819436533,2026-06
M10#6004583,M10,6004583,OB,sell,0.597,B,2026-06-03 19:20:00,2026-06-03 20:09:00,2026-06-03 22:04:00,115.0,4448.0,4448.0,4457.1,4442.54,4404.32,4457.1,4448.0,9.100000000000364,7.399999999999896,0.28,254.80000000001021,113.25999999999569,1.9600000000000002,0.0,111.29999999999569,0.44450549450545973,0.4368131868131524,partial_be,True,1.4560439560438978,0.16923076923075847,0,False,trend,0,1.0,False,,False,0.8,0.07@4442.54:tp1;0.07@4437.08:tp1;0.07@4448.10:be;0.07@4448.10:be,22156.75999999996,101.19870138117848,2026-06
M15#6003157,M15,6003157,UW,buy,0.662,A,2026-06-04 15:45:00,2026-06-04 17:09:00,2026-06-04 17:30:00,21.0,4489.91,4489.91,4482.25,4494.51,4526.68,4489.91,4482.25,7.6599999999998545,10.08142857142866,0.33,252.7799999999952,-256.0800000000072,2.31,0.0,-258.3900000000072,-1.013054830287254,-1.0221932114882986,sl,False,0.49738903394262046,1.001305483028749,0,False,trend,0,1.0,False,,False,0.8,0.08@4482.15:sl;0.08@4482.15:sl;0.08@4482.15:sl;0.09@4482.15:sl,21898.36999999995,100.17650816969018,2026-06
M5#9003096,M5,9003096,OB,buy,0.553,B,2026-06-05 04:10:00,2026-06-05 09:15:00,2026-06-05 09:47:00,32.0,4434.67,4434.67,4427.41,4438.3,4452.82,4434.67,4427.41,7.260000000000218,6.0614285714284835,0.17,123.42000000000371,177.8700000000008,1.1900000000000002,0.0,176.6800000000008,1.4411764705881984,1.4315345973099618,tp2,True,2.845730027548104,0.8030303030302689,0,False,range,-1,0.5,False,,False,0.8,0.04@4438.30:tp1;0.04@4441.93:tp1;0.04@4445.56:tp1;0.05@4452.82:tp2,22075.049999999952,101.60804276700014,2026-06
M15#6003181,M15,6003181,OB,buy,0.621,B,2026-06-05 14:45:00,2026-06-05 15:30:00,2026-06-05 15:35:00,5.0,4449.15,4449.15,4436.65,4455.4,4480.4,4449.15,4436.65,12.5,5.720714285714361,0.3,375.00000000000006,41.45000000001256,2.1000000000000005,0.0,39.35000000001256,0.1105333333333668,0.1049333333333668,partial_be,True,0.5736000000000058,0.15039999999993597,0,False,range,1,1.5,False,,False,0.8,0.07@4455.40:tp1;0.07@4449.05:be;0.07@4449.05:be;0.09@4449.05:be,22114.399999999965,101.7129761003335,2026-06
H1#6000734,H1,6000734,IMB,buy,0.591,B,2026-06-03 18:00:00,2026-06-05 15:54:00,2026-06-05 16:37:00,43.0,4418.11,4418.11,4390.42,4434.72,4551.02,4418.11,4390.42,27.6899999999996,18.962142857142876,0.09,249.20999999999646,-250.10999999999967,0.6300000000000001,0.0,-250.73999999999967,-1.0036114120621293,-1.0061394005056106,sl,False,0.11050920910077444,1.0447815095702346,0,False,trend,0,1.0,False,,False,0.8,0.02@4390.32:sl;0.02@4390.32:sl;0.02@4390.32:sl;0.03@4390.32:sl,21863.659999999967,100.70683669982789,2026-06
M10#6004699,M10,6004699,OB,sell,0.603,B,2026-06-08 17:40:00,2026-06-08 17:45:00,2026-06-08 18:45:00,60.0,4324.42,4324.42,4341.02,4316.12,4282.92,4341.02,4324.42,16.600000000000364,9.710000000000102,0.15,249.00000000000546,-250.49999999999727,1.05,0.0,-251.54999999999728,-1.0060240963855092,-1.0102409638553886,sl,False,0.4228915662650225,1.0120481927710732,0,False,range,0,1.0,False,,False,0.8,0.03@4341.12:sl;0.03@4341.12:sl;0.03@4341.12:sl;0.06@4341.12:sl,21612.10999999997,99.6965957359725,2026-06
M5#9003619,M5,9003619,IMB,buy,0.578,B,2026-06-12 04:00:00,2026-06-12 04:04:00,2026-06-12 04:13:00,9.0,4185.87,4185.87,4175.8,4191.91,4234.21,4185.87,4175.8,10.069999999999709,8.367857142857117,0.47,473.2899999999863,62.840000000019245,3.29,0.0,59.550000000019246,0.13277271862921478,0.12582137801352442,partial_be,True,0.7328699106256527,0.28202581926516657,0,True,trend,0,1.0,False,,False,1.5,0.11@4191.91:tp1;0.11@4185.77:be;0.11@4185.77:be;0.14@4185.77:be,21671.65999999999,99.82241711398602,2026-06
M10#6004994,M10,6004994,OB,sell,0.673,A,2026-06-16 18:30:00,2026-06-16 18:57:00,2026-06-16 21:01:00,124.0,4341.73,4341.73,4354.3,4334.19,4281.39,4354.3,4341.73,12.570000000000618,7.5271428571429295,0.1,125.70000000000618,44.6399999999976,0.7000000000000001,0.0,43.939999999997596,0.3551312649164312,0.34956245027840444,partial_be,True,1.275258552108111,0.4311853619730084,0,False,trend,-1,0.5,False,,False,0.8,0.02@4334.19:tp1;0.02@4326.65:tp1;0.02@4341.83:be;0.04@4341.83:be,21715.599999999988,100.17197956426442,2026-06
M15#6003410,M15,6003410,OB,sell,0.627,B,2026-06-16 18:45:00,2026-06-16 19:08:00,2026-06-17 04:04:00,536.0,4343.65,4343.65,4354.3,4337.26,4292.53,4354.3,4343.65,10.650000000000546,8.988571428571438,0.44,468.600000000024,208.6699999999828,3.08,9.899999999999999,215.48999999998279,0.44530516431918926,0.4598591549295172,partial_be,True,1.685446009389568,0.32863849765265074,0,True,trend,0,1.0,False,,False,1.5,0.11@4337.26:tp1;0.11@4330.87:tp1;0.11@4343.75:be;0.11@4343.75:be,21931.08999999997,100.63183871919394,2026-06
M30#6001610,M30,6001610,IMB,sell,0.669,A,2026-06-16 06:00:00,2026-06-17 20:33:00,2026-06-17 21:13:00,40.0,4379.08,4379.08,4400.2,4366.41,4277.7,4400.2,4379.08,21.11999999999989,8.642142857142906,0.22,464.63999999999766,1153.16,1.5400000000000003,0.0,1151.6200000000001,2.4818353994490483,2.4785210055096547,tp2,True,4.802556818181814,0.15767045454545192,0,True,trend,0,1.0,False,,False,1.5,0.05@4366.41:tp1;0.05@4353.74:tp1;0.05@4328.39:tp1;0.07@4277.70:tp2,23082.70999999997,103.11035972470359,2026-06
M30#6001710,M30,6001710,IMB,buy,0.656,A,2026-06-17 06:00:00,2026-06-17 21:13:00,2026-06-17 21:58:00,45.0,4280.35,4280.35,4219.28,4316.99,4573.49,4280.35,4219.28,61.07000000000062,7.8464285714285325,0.04,244.28000000000247,36.33999999999833,0.28,0.0,36.059999999998325,0.148763713771074,0.14761748812836892,partial_be,True,0.8436220730309318,0.17029638120190668,0,False,trend,0,1.0,False,,False,0.8,0.01@4316.99:tp1;0.01@4280.25:be;0.01@4280.25:be;0.01@4280.25:be,23118.769999999968,103.25797721283196,2026-06
H1#6000777,H1,6000777,IMB,sell,0.661,A,2026-06-15 19:00:00,2026-06-17 20:33:00,2026-06-17 22:15:00,102.0,4379.08,4379.08,4404.87,4363.61,4255.29,4404.87,4379.08,25.789999999999964,16.313571428571645,0.09,232.10999999999973,588.0099999999993,0.6300000000000001,0.0,587.3799999999993,2.533324716729137,2.5306104864073067,tp2,True,4.884063590538977,0.12911981388134672,0,True,trend,-1,0.5,False,,False,1.5,0.02@4363.61:tp1;0.02@4348.13:tp1;0.02@4317.18:tp1;0.03@4255.29:tp2,23706.14999999997,105.78858769923927,2026-06
M10#6005067,M10,6005067,OB,sell,0.584,B,2026-06-18 06:20:00,2026-06-18 06:30:00,2026-06-18 07:36:00,66.0,4317.85,4317.85,4326.52,4312.65,4276.23,4326.52,4317.85,8.670000000000073,8.394285714285681,0.31,268.77000000000226,34.00000000001819,2.17,0.0,31.830000000018188,0.1265022137888079,0.11842839602640891,partial_be,True,0.6978085351787925,0.7254901960784211,0,False,trend,0,1.0,False,,False,0.8,0.07@4312.65:tp1;0.07@4317.95:be;0.07@4317.95:be;0.1@4317.95:be,23737.97999999999,105.90701609526567,2026-06
M15#6003469,M15,6003469,IMB,buy,0.663,A,2026-06-18 09:30:00,2026-06-18 10:36:00,2026-06-18 11:45:00,69.0,4294.65,4294.65,4279.14,4303.96,4369.1,4294.65,4279.14,15.509999999999309,8.669285714285902,0.33,511.8299999999772,-515.1299999999892,2.31,0.0,-517.4399999999891,-1.0064474532559877,-1.0109606705351624,sl,False,0.2798194713088549,1.0025789813023833,0,True,trend,0,1.0,False,,False,1.5,0.08@4279.04:sl;0.08@4279.04:sl;0.08@4279.04:sl;0.09@4279.04:sl,23220.54,104.89605542473052,2026-06
M10#6004903,M10,6004903,IMB,buy,0.571,B,2026-06-17 21:50:00,2026-06-17 22:11:00,2026-06-18 12:00:00,829.0,4262.18,4262.18,4215.01,4290.48,4488.6,4262.18,4215.01,47.17000000000007,20.571428571428505,0.1,471.7000000000007,169.19999999999527,0.7000000000000001,-5.0,163.49999999999528,0.35870256518972865,0.34661861352553536,partial_be,True,1.4356582573669545,0.9126563493746049,0,True,trend,0,1.0,False,,False,1.5,0.02@4290.48:tp1;0.02@4318.78:tp1;0.02@4262.08:be;0.04@4262.08:be,23384.039999999997,105.24267403825606,2026-06
M30#6001693,M30,6001693,IMB,buy,0.62,B,2026-06-19 07:30:00,2026-06-19 07:54:00,2026-06-22 01:00:00,3906.0,4131.47,4131.47,4101.98,4146.22,4205.2,4131.47,4101.98,29.49000000000069,11.893571428571574,0.09,265.4100000000063,203.20999999999913,0.6300000000000001,0.0,202.57999999999913,0.7656456049131318,0.7632719189178793,trail,True,1.7460155985079204,0.3350288233299382,0,False,range,0,1.0,False,,False,0.8,0.02@4146.22:tp1;0.02@4160.96:tp1;0.02@4175.71:tp1;0.03@4140.22:trail,23586.619999999995,106.00594595717394,2026-06
M5#9004106,M5,9004106,IMB,buy,0.693,A,2026-06-22 04:30:00,2026-06-22 04:31:00,2026-06-22 05:00:00,29.0,4200.89,4200.89,4189.22,4206.73,4230.07,4200.89,4189.22,11.670000000000073,8.341428571428619,0.23,268.4100000000017,-270.71000000001004,1.6099999999999999,0.0,-272.32000000001005,-1.0085689802913764,-1.0145672664953183,sl,False,0.36760925449870924,1.0882604970009124,0,False,range,0,1.0,False,,False,0.8,0.05@4189.12:sl;0.05@4189.12:sl;0.05@4189.12:sl;0.08@4189.12:sl,23314.299999999985,104.99137869067862,2026-06
M5#9004394,M5,9004394,IMB,buy,0.56,B,2026-06-25 03:10:00,2026-06-25 03:13:00,2026-06-25 03:18:00,5.0,4008.01,4008.01,4000.56,4011.74,4026.64,4008.01,4000.56,7.450000000000273,5.33571428571424,0.17,126.65000000000464,-128.3500000000031,1.1900000000000002,0.0,-129.5400000000031,-1.0134228187919336,-1.0228187919462957,sl,False,0.03758389261741411,1.0067114093959362,0,False,range,-1,0.5,False,,False,0.8,0.04@4000.46:sl;0.04@4000.46:sl;0.04@4000.46:sl;0.05@4000.46:sl,23184.75999999998,103.96855989873232,2026-06
M10#6005285,M10,6005285,UW,buy,0.583,B,2026-06-24 22:30:00,2026-06-25 04:58:00,2026-06-25 05:06:00,8.0,3972.76,3972.76,3959.14,3979.57,4006.81,3972.76,3959.14,13.620000000000346,10.063571428571452,0.19,258.78000000000657,25.739999999994325,1.33,0.0,24.409999999994326,0.09946672849522248,0.09432722776100821,partial_be,True,0.6615271659324181,0.08883994126284916,0,False,range,0,1.0,False,,False,0.8,0.04@3979.57:tp1;0.04@3972.66:be;0.04@3972.66:be;0.07@3972.66:be,23209.169999999973,104.06288712649334,2026-06
M5#9004453,M5,9004453,OB,buy,0.59,B,2026-06-26 01:30:00,2026-06-26 02:49:00,2026-06-26 03:25:00,36.0,4016.75,4016.75,4007.99,4021.13,4038.65,4016.75,4007.99,8.760000000000218,3.26357142857153,0.15,131.40000000000327,11.940000000001417,1.05,0.0,10.890000000001416,0.09086757990868431,0.08287671232877583,partial_be,True,0.7522831050228289,0.6015981735159647,0,False,range,-1,0.5,False,,False,0.8,0.03@4021.13:tp1;0.03@4016.65:be;0.03@4016.65:be;0.06@4016.65:be,23220.059999999976,104.1457638388221,2026-06
M15#6003660,M15,6003660,UW,buy,0.693,A,2026-06-26 23:30:00,2026-06-29 01:18:00,2026-06-29 01:20:00,2.0,4056.41,4056.41,4044.9,4062.16,4085.18,4056.41,4044.9,11.509999999999764,5.939285714285851,0.34,391.33999999999196,43.400000000002365,2.3800000000000003,0.0,41.02000000000236,0.1109010067971668,0.10481933868248379,partial_be,True,0.5065160729800214,0.27801911381406463,0,False,range,1,1.5,False,,False,0.8,0.08@4062.16:tp1;0.08@4056.31:be;0.08@4056.31:be;0.1@4056.31:be,23261.07999999998,104.2505831775046,2026-06
M10#6005385,M10,6005385,OB,buy,0.581,B,2026-06-29 09:50:00,2026-06-29 11:50:00,2026-06-29 11:58:00,8.0,4054.39,4054.39,4043.95,4059.61,4080.49,4054.39,4043.95,10.440000000000055,8.122142857142892,0.25,261.00000000000136,-263.4999999999991,1.75,0.0,-265.2499999999991,-1.0095785440612939,-1.0162835249042057,sl,False,0.04693486590040555,1.0354406130268092,0,False,range,0,1.0,False,,False,0.8,0.06@4043.85:sl;0.06@4043.85:sl;0.06@4043.85:sl;0.07@4043.85:sl,22995.82999999998,103.23429965260038,2026-06
M5#9004729,M5,9004729,OB,sell,0.608,B,2026-06-30 13:25:00,2026-06-30 13:28:00,2026-06-30 14:45:00,77.0,4028.39,4028.39,4035.64,4024.76,4010.26,4035.64,4028.39,7.25,3.747857142857096,0.36,261.0,-264.5999999999967,2.52,0.0,-267.1199999999967,-1.0137931034482632,-1.0234482758620564,sl,False,0.40413793103446016,1.2110344827586483,0,False,range,0,1.0,False,,False,0.8,0.09@4035.74:sl;0.09@4035.74:sl;0.09@4035.74:sl;0.09@4035.74:sl,22728.709999999985,102.21085137673833,2026-06
M5#9004721,M5,9004721,IMB,buy,0.666,A,2026-06-30 12:45:00,2026-06-30 15:56:00,2026-06-30 16:20:00,24.0,4011.11,4011.11,4003.31,4015.01,4030.61,4011.11,4003.31,7.800000000000182,3.964285714285747,0.63,491.40000000001146,701.9999999999945,4.41,0.0,697.5899999999946,1.4285714285713842,1.4195970695970255,tp2,True,2.8461538461537566,0.32435897435899247,0,True,range,0,1.0,False,,False,1.5,0.15@4015.01:tp1;0.15@4018.91:tp1;0.15@4022.81:tp1;0.18@4030.61:tp2,23426.299999999977,103.63044844633536,2026-06
M15#6003712,M15,6003712,IMB,buy,0.643,B,2026-06-30 13:00:00,2026-06-30 15:56:00,2026-06-30 16:36:00,40.0,4011.11,4011.11,3989.44,4021.95,4065.29,4011.11,3989.44,21.670000000000073,8.994999999999989,0.22,476.74000000000166,239.3499999999999,1.5400000000000003,0.0,237.80999999999992,0.5020556278055105,0.49882535553970525,trail,True,1.0244577757267994,0.11675126903554184,0,True,range,0,1.0,False,,False,1.5,0.05@4021.95:tp1;0.05@4032.78:tp1;0.05@4017.51:trail;0.07@4017.51:trail,23664.10999999998,104.12927380187507,2026-06
M5#9004745,M5,9004745,OB,buy,0.646,B,2026-06-30 16:30:00,2026-06-30 16:36:00,2026-06-30 17:09:00,33.0,4018.23,4018.23,4009.87,4022.41,4039.13,4018.23,4009.87,8.360000000000127,6.587142857142843,0.32,267.5200000000041,367.84000000000015,2.24,0.0,365.60000000000014,1.3749999999999796,1.366626794258353,tp2,True,3.196172248803755,0.6160287081339728,0,False,range,0,1.0,False,,False,0.8,0.08@4022.41:tp1;0.08@4026.59:tp1;0.08@4030.77:tp1;0.08@4039.13:tp2,24029.709999999977,105.49590059613342,2026-06
M5#9004749,M5,9004749,OB,buy,0.615,B,2026-06-30 17:15:00,2026-06-30 18:21:00,2026-06-30 19:04:00,43.0,4023.86,4023.86,4013.52,4029.03,4049.71,4023.86,4013.52,10.340000000000146,9.197857142857108,0.27,279.18000000000393,138.05999999999858,1.8900000000000001,0.0,136.1699999999986,0.49451966473241865,0.4877498388136567,trail,True,1.053191489361675,0.16924564796904984,0,False,range,0,1.0,False,,False,0.8,0.06@4029.03:tp1;0.06@4034.20:tp1;0.06@4026.86:trail;0.09@4026.86:trail,24165.879999999976,105.98365043494708,2026-06
M30#6001871,M30,6001871,IMB,buy,0.615,B,2026-06-30 13:30:00,2026-06-30 15:56:00,2026-06-30 22:50:00,414.0,4011.11,4011.11,3985.0,4024.16,4076.39,4011.11,3985.0,26.110000000000127,14.087857142857112,0.18,469.9800000000024,359.699999999998,1.2600000000000002,0.0,358.439999999998,0.7653517170943362,0.7626707519468832,trail,True,1.9969360398314675,0.0968977403293829,0,True,range,0,1.0,False,,False,1.5,0.04@4024.16:tp1;0.04@4037.22:tp1;0.04@4050.28:tp1;0.06@4018.84:trail,24524.319999999974,106.74632118689397,2026-06
M10#6005432,M10,6005432,IMB,buy,0.661,A,2026-06-30 12:50:00,2026-06-30 15:56:00,2026-06-30 22:51:00,415.0,4011.11,4011.11,3988.52,4022.41,4067.59,4011.11,3988.52,22.590000000000146,6.301428571428622,0.32,722.8800000000047,595.679999999993,2.24,0.0,593.439999999993,0.8240371845949386,0.8209384683488119,trail,True,2.308100929614853,0.11199645861001256,0,True,range,1,1.5,False,,False,1.5,0.08@4022.41:tp1;0.08@4033.70:tp1;0.08@4045.00:tp1;0.08@4017.79:trail,25117.759999999966,107.56725965524278,2026-06
M5#10002674,M5,10002674,IMB,buy,0.618,B,2026-07-01 03:40:00,2026-07-01 03:41:00,2026-07-01 04:05:00,24.0,3997.31,3997.31,3988.52,4001.7,4019.28,3997.31,3988.52,8.789999999999964,3.504999999999914,0.31,272.4899999999989,-275.5899999999961,2.17,0.0,-277.7599999999961,-1.011376564277578,-1.0193401592718898,sl,False,0.26166097838454966,1.4573378839590443,0,False,range,0,1.0,False,,False,0.8,0.07@3988.42:sl;0.07@3988.42:sl;0.07@3988.42:sl;0.1@3988.42:sl,24839.99999999997,106.54791949597089,2026-07
M5#9004805,M5,9004805,OB,buy,0.588,B,2026-07-01 06:05:00,2026-07-01 06:33:00,2026-07-01 06:44:00,11.0,3977.69,3977.69,3972.48,3980.3,3990.72,3977.69,3972.48,5.210000000000036,4.11000000000003,0.26,135.46000000000095,13.660000000002581,1.82,0.0,11.840000000002581,0.10084157684927274,0.0874058762734571,partial_be,True,0.8522072936660314,0.22456813819578975,0,False,range,-1,0.5,False,,False,0.8,0.06@3980.30:tp1;0.06@3977.59:be;0.06@3977.59:be;0.08@3977.59:be,24851.839999999975,106.63532537224434,2026-07
M15#6003750,M15,6003750,IMB,buy,0.73,A,2026-07-01 15:30:00,2026-07-01 16:08:00,2026-07-01 16:37:00,29.0,4015.03,4015.03,3998.66,4023.22,4055.96,4015.03,3998.66,16.370000000000346,8.907857142857113,0.31,507.4700000000107,753.1399999999945,2.17,0.0,750.9699999999946,1.4841074349222192,1.4798313200779922,tp2,True,2.6414172266340175,0.14477703115456905,0,True,range,0,1.0,False,,False,1.5,0.07@4023.22:tp1;0.07@4031.40:tp1;0.07@4039.59:tp1;0.1@4055.96:tp2,25602.80999999997,108.11515669232233,2026-07
M10#6005525,M10,6005525,IMB,sell,0.645,B,2026-07-01 23:40:00,2026-07-02 01:06:00,2026-07-02 03:06:00,120.0,4039.61,4039.61,4051.2,4033.82,4010.64,4051.2,4039.61,11.58999999999969,6.208571428571498,0.24,278.1599999999926,32.94000000000142,1.68,0.0,31.26000000000142,0.11842105263158721,0.11238136324418412,partial_be,True,0.7471958584987132,0.5056082830025737,0,False,range,0,1.0,False,,False,0.8,0.06@4033.82:tp1;0.06@4039.71:be;0.06@4039.71:be;0.06@4039.71:be,25634.06999999997,108.22753805556651,2026-07
M5#10002839,M5,10002839,IMB,sell,0.569,B,2026-07-02 01:15:00,2026-07-02 01:46:00,2026-07-02 03:06:00,80.0,4041.94,4041.94,4051.2,4037.31,4018.79,4051.2,4041.94,9.259999999999764,3.423571428571482,0.57,527.8199999999866,272.17999999999984,3.99,0.0,268.1899999999998,0.5156682202266052,0.5081088249782248,trail,True,1.186825053995687,0.3812095032397231,0,True,range,0,1.0,False,,False,1.5,0.14@4037.31:tp1;0.14@4032.68:tp1;0.14@4039.26:trail;0.15@4039.26:trail,25902.25999999997,108.73564688054473,2026-07
M5#10002852,M5,10002852,OB,buy,0.58,B,2026-07-02 04:10:00,2026-07-02 04:33:00,2026-07-02 04:44:00,11.0,4046.67,4046.67,4039.22,4050.4,4065.3,4046.67,4039.22,7.450000000000273,6.647142857142983,0.38,283.10000000001037,143.41999999999598,2.66,0.0,140.75999999999598,0.5066054397738987,0.49720946661953663,trail,True,1.1691275167784856,0.0604026845637928,0,False,range,0,1.0,False,,False,0.8,0.09@4050.40:tp1;0.09@4054.12:tp1;0.09@4048.81:trail;0.11@4048.81:trail,26043.019999999964,109.23285634716427,2026-07
M5#10002910,M5,10002910,OB,buy,0.63,B,2026-07-02 16:50:00,2026-07-02 17:10:00,2026-07-02 17:19:00,9.0,4124.25,4124.25,4112.97,4129.89,4152.45,4124.25,4112.97,11.279999999999745,11.075000000000014,0.25,281.99999999999363,144.15999999999713,1.75,0.0,142.40999999999713,0.5112056737588666,0.5050000000000012,trail,True,1.0593971631205752,0.04078014184397578,0,False,range,0,1.0,False,,False,0.8,0.06@4129.89:tp1;0.06@4135.53:tp1;0.06@4127.53:trail;0.07@4127.53:trail,26185.42999999996,109.73785634716427,2026-07
M5#10002955,M5,10002955,IMB,buy,0.655,A,2026-07-03 08:55:00,2026-07-03 09:02:00,2026-07-03 09:11:00,9.0,4167.52,4167.52,4161.6,4170.48,4182.32,4167.52,4161.6,5.920000000000073,3.9528571428569585,0.91,538.7200000000065,58.21999999995569,6.369999999999999,0.0,51.84999999995569,0.10807098307089952,0.09624665874657534,partial_be,True,0.6182432432432111,0.501689189189226,0,True,range,0,1.0,False,,False,1.5,0.22@4170.48:tp1;0.22@4167.42:be;0.22@4167.42:be;0.25@4167.42:be,26237.279999999915,109.83410300591085,2026-07
M10#6005578,M10,6005578,IMB,buy,0.671,A,2026-07-03 09:00:00,2026-07-03 09:02:00,2026-07-03 12:26:00,204.0,4167.52,4167.52,4150.89,4175.84,4209.1,4167.52,4150.89,16.63000000000011,4.614999999999976,0.32,532.1600000000035,277.83999999998196,2.24,0.0,275.59999999998195,0.5220986169572688,0.5178893565844486,trail,True,1.1371016235718419,0.4269392663860684,0,True,range,0,1.0,False,,False,1.5,0.08@4175.84:tp1;0.08@4184.15:tp1;0.08@4172.41:trail;0.08@4172.41:trail,26512.879999999896,110.3519923624953,2026-07
M5#10002954,M5,10002954,IMB,buy,0.672,A,2026-07-03 15:05:00,2026-07-03 17:08:00,2026-07-06 01:00:00,3352.0,4159.21,4159.21,4150.89,4163.37,4180.01,4159.21,4150.89,8.319999999999709,2.718571428571327,0.35,291.1999999999898,428.479999999995,2.45,0.0,426.029999999995,1.4714285714286057,1.463015109890144,tp2,True,3.295673076923201,0.4663461538461833,0,False,range,0,1.0,False,,False,0.8,0.08@4163.37:tp1;0.08@4167.53:tp1;0.08@4171.69:tp1;0.11@4180.01:tp2,26938.90999999989,111.81500747238545,2026-07
M10#6005609,M10,6005609,OB,sell,0.626,B,2026-07-06 03:20:00,2026-07-06 03:45:00,2026-07-06 04:02:00,17.0,4187.83,4187.83,4200.4,4181.55,4156.41,4200.4,4187.83,12.569999999999709,9.062142857142785,0.23,289.1099999999933,141.95999999999822,1.6099999999999999,0.0,140.3499999999982,0.49102417764865103,0.4854553630106238,trail,True,1.20127287191732,0.11217183770882157,0,False,range,0,1.0,False,,False,0.8,0.05@4181.55:tp1;0.05@4175.26:tp1;0.05@4184.16:trail;0.08@4184.16:trail,27079.25999999989,112.30046283539608,2026-07
M10#6005727,M10,6005727,IMB,buy,0.633,B,2026-07-09 04:50:00,2026-07-09 06:13:00,2026-07-09 07:18:00,65.0,4057.5,4057.5,4046.97,4062.77,4083.83,4057.5,4046.97,10.5300000000002,7.5978571428571025,0.52,547.5600000000104,64.61000000000332,3.64,0.0,60.970000000003324,0.11799620132953849,0.11134852801519864,partial_be,True,0.6647673314339855,0.31623931623930335,0,True,range,0,1.0,False,,False,1.5,0.13@4062.77:tp1;0.13@4057.40:be;0.13@4057.40:be;0.13@4057.40:be,27140.229999999894,112.41181136341127,2026-07
M10#6005737,M10,6005737,OB,sell,0.591,B,2026-07-09 07:20:00,2026-07-09 08:11:00,2026-07-09 08:30:00,19.0,4072.92,4072.92,4080.4,4069.18,4054.22,4080.4,4072.92,7.480000000000018,6.0850000000000035,0.39,291.7200000000007,30.060000000005402,2.73,0.0,27.330000000005402,0.10304401480873895,0.09368572603868551,partial_be,True,0.8128342245989187,0.4224598930481079,0,False,range,0,1.0,False,,False,0.8,0.09@4069.18:tp1;0.09@4073.04:be;0.09@4073.04:be;0.12@4073.04:be,27167.5599999999,112.50549708944996,2026-07
M5#10003240,M5,10003240,IMB,sell,0.706,A,2026-07-09 08:05:00,2026-07-09 09:00:00,2026-07-09 09:21:00,21.0,4097.8,4097.8,4116.71,4088.35,4050.53,4116.71,4097.8,18.909999999999854,4.083571428571498,0.29,548.3899999999959,63.95000000001393,2.0300000000000002,0.0,61.92000000001393,0.11661408851367532,0.11291234340526704,partial_be,True,0.5002644103648921,0.11263881544157195,0,True,range,0,1.0,False,,False,1.5,0.07@4088.35:tp1;0.07@4097.90:be;0.07@4097.90:be;0.08@4097.90:be,27229.479999999912,112.61840943285523,2026-07
M10#6005715,M10,6005715,IMB,sell,0.645,B,2026-07-09 08:10:00,2026-07-09 09:00:00,2026-07-09 09:21:00,21.0,4097.8,4097.8,4116.48,4088.46,4051.1,4116.48,4097.8,18.67999999999938,5.8585714285714925,0.29,541.7199999999822,63.18000000001304,2.0300000000000002,0.0,61.15000000001304,0.11662851657685726,0.11288119323638604,partial_be,True,0.5064239828693977,0.11402569593148713,0,True,range,0,1.0,False,,False,1.5,0.07@4088.46:tp1;0.07@4097.90:be;0.07@4097.90:be;0.08@4097.90:be,27290.629999999925,112.73129062609162,2026-07
M15#6003873,M15,6003873,IMB,sell,0.622,B,2026-07-08 22:15:00,2026-07-09 09:00:00,2026-07-09 11:23:00,143.0,4091.99,4091.99,4116.48,4079.74,4030.77,4116.48,4091.99,24.48999999999978,10.06357142857142,0.22,538.7799999999953,-540.9800000000032,1.5400000000000003,0.0,-542.5200000000032,-1.0040832993058537,-1.0069416088199412,sl,False,0.1490404246631143,1.0592078399346974,0,True,range,0,1.0,False,,False,1.5,0.05@4116.58:sl;0.05@4116.58:sl;0.05@4116.58:sl;0.07@4116.58:sl,26748.10999999992,111.72434901727168,2026-07
M30#6001957,M30,6001957,IMB,sell,0.572,B,2026-07-08 16:30:00,2026-07-09 09:00:00,2026-07-09 15:08:00,368.0,4091.99,4091.99,4118.15,4078.91,4026.59,4118.15,4091.99,26.159999999999854,18.054285714285697,0.21,549.3599999999971,-551.4600000000046,1.4700000000000002,0.0,-552.9300000000046,-1.0038226299694326,-1.006498470948026,sl,False,0.13952599388377893,1.0443425076452895,0,True,range,0,1.0,False,,False,1.5,0.05@4118.25:sl;0.05@4118.25:sl;0.05@4118.25:sl;0.06@4118.25:sl,26195.179999999917,110.71785054632365,2026-07
M30#6001969,M30,6001969,IMB,buy,0.585,B,2026-07-09 13:30:00,2026-07-09 13:52:00,2026-07-09 16:17:00,145.0,4095.96,4095.96,4084.11,4101.89,4125.59,4095.96,4084.11,11.849999999999909,10.3892857142858,0.24,284.3999999999978,391.08000000000175,1.68,0.0,389.40000000000174,1.3751054852320843,1.3691983122363036,tp2,True,2.579746835443033,0.18565400843880464,0,False,range,0,1.0,False,,False,0.8,0.06@4101.89:tp1;0.06@4107.81:tp1;0.06@4113.73:tp1;0.06@4125.59:tp2,26584.579999999918,112.08704885855995,2026-07
M5#10003352,M5,10003352,UW,sell,0.557,B,2026-07-09 18:30:00,2026-07-09 18:43:00,2026-07-09 18:51:00,8.0,4130.74,4130.74,4135.54,4128.34,4118.74,4135.54,4130.74,4.800000000000182,4.822857142857044,0.6,288.0000000000109,31.499999999978172,4.2,0.0,27.299999999978173,0.10937499999992006,0.09479166666658728,partial_be,True,0.506249999999852,0.38125000000015985,0,False,range,0,1.0,False,,False,0.8,0.15@4128.34:tp1;0.15@4130.84:be;0.15@4130.84:be;0.15@4130.84:be,26611.879999999896,112.18184052522653,2026-07
M10#6005829,M10,6005829,IMB,buy,0.581,B,2026-07-10 23:50:00,2026-07-13 01:00:00,2026-07-13 01:00:00,0.0,4099.11,4108.22,4105.03,4109.82,4116.2,4108.22,4105.03,3.1900000000005093,3.245714285714127,0.91,290.2900000000463,-54.599999999950334,6.369999999999999,0.0,-60.96999999995033,-0.18808777429446977,-0.21003134796217784,sl,False,0.3573667711599202,4.031347962381699,0,False,range,0,1.0,False,,False,0.8,0.22@4098.51:sl;0.22@4098.51:sl;0.22@4098.51:sl;0.25@4098.51:sl,26550.909999999945,111.97180917726436,2026-07
M10#6005846,M10,6005846,OB,sell,0.602,B,2026-07-13 06:50:00,2026-07-13 08:08:00,2026-07-13 08:35:00,27.0,4067.12,4067.12,4075.44,4062.96,4046.32,4075.44,4067.12,8.320000000000164,7.827857142857089,0.17,141.44000000000278,111.83999999999878,1.1900000000000002,0.0,110.64999999999878,0.7907239819004284,0.7823105203619669,trail,True,1.7572115384614908,0.7307692307692076,0,False,range,-1,0.5,False,,False,0.8,0.04@4062.96:tp1;0.04@4058.80:tp1;0.04@4054.64:tp1;0.05@4064.72:trail,26661.559999999943,112.75411969762632,2026-07
M30#6001994,M30,6001994,OB,sell,0.578,B,2026-07-14 15:30:00,2026-07-14 15:33:00,2026-07-14 18:07:00,154.0,4101.51,4101.51,4119.32,4092.61,4056.99,4119.32,4101.51,17.80999999999949,9.255000000000043,0.16,284.95999999999185,234.64000000000124,1.12,0.0,233.52000000000123,0.8234138124649353,0.8194834362717852,trail,True,1.8102189781022548,0.09882088714201905,0,False,range,0,1.0,False,,False,0.8,0.04@4092.61:tp1;0.04@4083.70:tp1;0.04@4074.80:tp1;0.04@4096.27:trail,26895.079999999944,113.5736031338981,2026-07
M15#6003988,M15,6003988,IMB,buy,0.705,A,2026-07-14 17:45:00,2026-07-14 18:42:00,2026-07-15 05:18:00,636.0,4068.98,4068.98,4030.85,4088.05,4164.31,4068.98,4030.85,38.13000000000011,16.74857142857143,0.11,419.4300000000012,-420.5300000000002,0.77,-16.5,-437.8000000000002,-1.0026226068712276,-1.0437975347495385,sl,False,0.1964332546551209,1.033831628638866,0,False,range,1,1.5,False,,False,0.8,0.02@4030.75:sl;0.02@4030.75:sl;0.02@4030.75:sl;0.05@4030.75:sl,26457.279999999944,112.52980559914856,2026-07
M5#10003672,M5,10003672,IMB,buy,0.779,A,2026-07-15 16:35:00,2026-07-15 17:46:00,2026-07-15 18:10:00,24.0,4053.67,4053.67,4040.0,4060.51,4087.85,4053.67,4040.0,13.670000000000073,7.120000000000053,0.21,287.0700000000016,32.60000000000218,1.4700000000000002,0.0,31.130000000002184,0.11356115233219076,0.10844045006445122,partial_be,True,0.6737381126554489,0.040965618141912394,0,False,range,0,1.0,False,,False,0.8,0.05@4060.51:tp1;0.05@4053.57:be;0.05@4053.57:be;0.06@4053.57:be,26488.409999999945,112.63824604921301,2026-07
M10#6005932,M10,6005932,IMB,sell,0.608,B,2026-07-15 23:50:00,2026-07-16 01:00:00,2026-07-16 01:11:00,11.0,4064.66,4064.66,4070.81,4061.59,4049.28,4070.81,4064.66,6.150000000000091,5.331428571428497,0.47,289.0500000000043,30.169999999983702,3.29,7.050000000000001,33.92999999998371,0.1043764054661244,0.11738453554742503,partial_be,True,0.5463414634146467,0.28455284552845106,0,False,range,0,1.0,False,,False,0.8,0.11@4061.59:tp1;0.11@4064.76:be;0.11@4064.76:be;0.14@4064.76:be,26522.339999999927,112.75563058476044,2026-07
M10#6005927,M10,6005927,IMB,buy,0.628,B,2026-07-15 22:50:00,2026-07-16 03:59:00,2026-07-16 04:23:00,24.0,4047.07,4047.07,4038.89,4051.16,4067.52,4047.07,4038.89,8.180000000000291,7.242857142857084,0.36,294.4800000000105,-298.0800000000072,2.52,0.0,-300.6000000000072,-1.012224938875294,-1.0207823960880076,sl,False,0.40586797066009667,1.1381418092909064,0,False,range,0,1.0,False,,False,0.8,0.09@4038.79:sl;0.09@4038.79:sl;0.09@4038.79:sl;0.09@4038.79:sl,26221.73999999992,111.73484818867243,2026-07
M10#6005902,M10,6005902,OB,sell,0.676,A,2026-07-15 16:20:00,2026-07-15 21:30:00,2026-07-16 04:24:00,414.0,4078.92,4078.92,4095.98,4070.39,4036.27,4095.98,4078.92,17.059999999999945,7.378571428571474,0.17,290.0199999999991,417.9700000000016,1.1900000000000002,0.75,417.5300000000016,1.4411764705882455,1.4396593338390558,tp2,True,2.521101992966023,0.17233294255568957,0,False,range,0,1.0,False,,False,0.8,0.04@4070.39:tp1;0.04@4061.86:tp1;0.04@4053.33:tp1;0.05@4036.27:tp2,26639.269999999924,113.17450752251149,2026-07
M5#10003790,M5,10003790,IMB,buy,0.645,B,2026-07-16 18:55:00,2026-07-16 18:56:00,2026-07-16 19:04:00,8.0,4007.01,4007.01,3998.99,4011.02,4027.06,4007.01,3998.99,8.020000000000437,6.422857142857116,0.36,288.7200000000157,-292.32000000001244,2.52,0.0,-294.8400000000124,-1.0124688279301626,-1.0211970074812842,sl,False,0.07730673316706448,1.00997506234413,0,False,range,0,1.0,False,,False,0.8,0.09@3998.89:sl;0.09@3998.89:sl;0.09@3998.89:sl;0.09@3998.89:sl,26344.429999999913,112.1533105150302,2026-07
M10#6006028,M10,6006028,UW,sell,0.63,B,2026-07-20 01:40:00,2026-07-20 03:20:00,2026-07-20 03:59:00,39.0,4001.29,4001.29,4009.89,3996.99,3979.79,4009.89,4001.29,8.599999999999909,5.716428571428586,0.63,541.7999999999943,-548.0999999999885,4.41,0.0,-552.5099999999885,-1.0116279069767338,-1.0197674418604548,sl,False,0.33488372093024876,1.0220930232558205,0,True,range,0,1.0,False,,False,1.5,0.15@4009.99:sl;0.15@4009.99:sl;0.15@4009.99:sl;0.18@4009.99:sl,25791.919999999925,111.13354307316975,2026-07
M5#10003922,M5,10003922,IMB,sell,0.674,A,2026-07-20 01:30:00,2026-07-20 03:20:00,2026-07-20 04:02:00,42.0,4002.27,4002.27,4015.44,3995.68,3969.34,4015.44,4002.27,13.170000000000073,4.564285714285753,0.11,144.8700000000008,-145.9699999999998,0.77,0.0,-146.7399999999998,-1.0075930144267204,-1.0129081245254297,sl,False,0.2930903568716861,1.0311313591496056,0,False,range,-1,0.5,False,,False,0.8,0.02@4015.54:sl;0.02@4015.54:sl;0.02@4015.54:sl;0.05@4015.54:sl,25645.179999999924,110.12063494864432,2026-07
M15#6004036,M15,6004036,OB,sell,0.61,B,2026-07-17 19:45:00,2026-07-20 05:48:00,2026-07-20 10:42:00,294.0,4024.25,4024.25,4038.33,4017.21,3989.05,4038.33,4024.25,14.079999999999927,11.691428571428528,0.1,140.79999999999927,100.95999999999913,0.7000000000000001,0.0,100.25999999999912,0.7170454545454521,0.712073863636361,trail,True,1.5767045454545408,0.3075284090909055,0,False,range,-1,0.5,False,,False,0.8,0.02@4017.21:tp1;0.02@4010.17:tp1;0.02@4003.13:tp1;0.04@4020.13:trail,25745.439999999922,110.83270881228069,2026-07
M5#10003971,M5,10003971,IMB,sell,0.648,B,2026-07-20 16:50:00,2026-07-20 18:09:00,2026-07-20 19:06:00,57.0,4017.48,4017.48,4024.89,4013.78,3998.96,4024.89,4017.48,7.4099999999998545,4.715714285714349,0.19,140.78999999999724,13.300000000000637,1.33,0.0,11.970000000000637,0.0944669365722061,0.08502024291498594,partial_be,True,0.9446693657220159,0.3022941970310156,0,False,range,-1,0.5,False,,False,0.8,0.04@4013.78:tp1;0.04@4017.58:be;0.04@4017.58:be;0.07@4017.58:be,25757.409999999923,110.91772905519566,2026-07
M5#10004014,M5,10004014,UW,buy,0.645,B,2026-07-21 04:30:00,2026-07-21 04:39:00,2026-07-21 04:45:00,6.0,4023.59,4023.59,4018.26,4026.26,4036.91,4023.59,4018.26,5.329999999999927,5.10714285714289,0.53,282.48999999999614,30.709999999986394,3.71,0.0,26.999999999986393,0.10871181280748633,0.09557860455232667,partial_be,True,0.5065666041275525,0.20637898686686282,0,False,range,0,1.0,False,,False,0.8,0.13@4026.26:tp1;0.13@4023.49:be;0.13@4023.49:be;0.14@4023.49:be,25784.40999999991,111.013307659748,2026-07
M15#6004149,M15,6004149,IMB,buy,0.656,A,2026-07-22 10:30:00,2026-07-22 10:41:00,2026-07-22 15:56:00,315.0,4111.69,4111.69,4099.44,4117.81,4142.31,4111.69,4099.44,12.25,6.337857142856982,0.43,526.7500000000001,413.81000000002405,3.0100000000000002,0.0,410.80000000002406,0.7855908875178433,0.7798766018035576,trail,True,1.8669387755102693,0.42367346938772243,0,True,range,0,1.0,False,,False,1.5,0.1@4117.81:tp1;0.1@4123.94:tp1;0.1@4130.06:tp1;0.13@4115.26:trail,26195.209999999934,111.79318426155154,2026-07
M5#10004347,M5,10004347,IMB,buy,0.687,A,2026-07-24 18:35:00,2026-07-24 18:43:00,2026-07-24 19:30:00,47.0,4071.99,4071.99,4064.72,4075.62,4090.16,4071.99,4064.72,7.269999999999982,5.723571428571469,0.39,283.5299999999993,29.67000000000371,2.73,0.0,26.94000000000371,0.10464501110994881,0.0950164003809254,partial_be,True,0.8239339752407498,0.24484181568084593,0,False,range,0,1.0,False,,False,0.8,0.09@4075.62:tp1;0.09@4071.89:be;0.09@4071.89:be;0.12@4071.89:be,26222.149999999936,111.88820066193247,2026-07
M5#10004676,M5,10004676,OB,sell,0.629,B,2026-07-30 10:00:00,2026-07-30 10:01:00,2026-07-30 10:04:00,3.0,4041.88,4041.88,4047.96,4038.84,4026.68,4047.96,4041.88,6.079999999999927,4.902142857142865,0.47,285.7599999999966,-290.4599999999923,3.29,0.0,-293.7499999999923,-1.0164473684210378,-1.027960526315775,sl,False,0.0,1.0476973684210473,0,False,range,0,1.0,False,,False,0.8,0.11@4048.06:sl;0.11@4048.06:sl;0.11@4048.06:sl;0.14@4048.06:sl,25928.399999999943,110.86024013561669,2026-07
H1#6001037,H1,6001037,OB,buy,0.577,B,2026-07-30 02:00:00,2026-07-30 08:38:00,2026-07-30 16:53:00,495.0,4032.67,4032.67,4004.78,4046.61,4102.39,4032.67,4004.78,27.889999999999873,24.95500000000006,0.1,278.8999999999987,446.22000000000116,0.7000000000000001,0.0,445.5200000000012,1.5999282897095848,1.5974184295446512,tp2,True,2.519899605593405,0.153460021513095,0,False,range,0,1.0,False,,False,0.8,0.02@4046.61:tp1;0.02@4060.56:tp1;0.02@4074.51:tp1;0.04@4102.39:tp2,26373.919999999944,112.45765856516134,2026-07
M10#6006447,M10,6006447,OB,buy,0.571,B,2026-07-30 23:10:00,2026-07-30 23:43:00,2026-07-30 23:50:00,7.0,4104.5,4104.5,4099.73,4106.89,4116.43,4104.5,4099.73,4.770000000000437,4.822142857142808,0.91,434.07000000003967,-443.16999999999007,6.369999999999999,0.0,-449.5399999999901,-1.0209643605868859,-1.035639412997786,sl,False,0.0,1.1362683438154249,0,False,range,1,1.5,False,,False,0.8,0.22@4099.63:sl;0.22@4099.63:sl;0.22@4099.63:sl;0.25@4099.63:sl,25924.379999999954,111.42201915216356,2026-07
M15#6004503,M15,6004503,IMB,buy,0.666,A,2026-08-05 12:15:00,2026-08-05 12:21:00,2026-08-05 17:10:00,289.0,4157.1,4157.1,4142.02,4166.15,4229.48,4157.1,4142.02,15.079999999999927,8.91071428571422,0.35,527.7999999999975,1302.8999999999778,2.45,0.0,1300.4499999999778,2.4685486926865936,2.46390678287227,tp2,True,5.002652519893897,0.4701591511936459,0,True,trend,0,1.0,False,,False,1.5,0.08@4166.15:tp1;0.08@4175.20:tp1;0.08@4193.29:tp1;0.11@4229.48:tp2,27224.829999999933,113.88592593503583,2026-08
M10#6006666,M10,6006666,OB,buy,0.641,B,2026-08-05 23:30:00,2026-08-05 23:47:00,2026-08-06 02:35:00,168.0,4243.81,4243.81,4238.63,4246.92,4268.67,4243.81,4238.63,5.180000000000291,5.397857142857187,1.33,688.9400000000387,1563.319999999936,9.31,-50.0,1504.009999999936,2.269167126309763,2.1830783522510693,tp2,True,5.96525096525056,0.1698841698841814,0,False,trend,2,2.25,False,,False,0.8,0.33@4246.92:tp1;0.33@4250.03:tp1;0.33@4256.24:tp1;0.34@4268.67:tp2,28728.83999999987,116.0690042872869,2026-08
M5#11003056,M5,11003056,IMB,buy,0.679,A,2026-08-05 17:45:00,2026-08-05 19:03:00,2026-08-06 03:55:00,532.0,4225.75,4225.75,4210.75,4234.75,4297.75,4225.75,4210.75,15.0,10.063571428571517,0.09,135.00000000000003,342.0,0.6300000000000001,-1.5,339.87,2.5333333333333328,2.517555555555555,tp2,True,4.964000000000002,0.07399999999997817,0,False,trend,-1,0.5,False,,False,0.8,0.02@4234.75:tp1;0.02@4243.75:tp1;0.02@4261.75:tp1;0.03@4297.75:tp2,29068.709999999868,118.58655984284246,2026-08
M10#6006686,M10,6006686,UW,buy,0.524,C,2026-08-06 09:30:00,2026-08-06 09:35:00,2026-08-06 09:51:00,16.0,4253.9,4253.9,4247.15,4257.95,4286.3,4253.9,4247.15,6.75,6.469285714285563,0.9,607.5,82.30000000004111,6.3,0.0,76.00000000004111,0.13547325102887425,0.1251028806585039,partial_be,True,0.6355555555555502,0.6711111111110734,0,True,trend,0,1.0,False,,False,1.5,0.22@4257.95:tp1;0.22@4253.80:be;0.22@4253.80:be;0.24@4253.80:be,29144.709999999908,118.71166272350096,2026-08
M5#11003136,M5,11003136,OB,sell,0.622,B,2026-08-06 16:10:00,2026-08-06 16:37:00,2026-08-06 16:42:00,5.0,4256.13,4256.13,4270.29,4247.63,4188.16,4270.29,4256.13,14.159999999999854,7.488571428571309,0.22,311.51999999999686,-313.7200000000048,1.5400000000000003,0.0,-315.2600000000048,-1.007062146892681,-1.0120056497175398,sl,False,0.0,1.1659604519774285,0,False,trend,0,1.0,False,,False,0.8,0.05@4270.39:sl;0.05@4270.39:sl;0.05@4270.39:sl;0.07@4270.39:sl,28829.449999999903,117.69965707378343,2026-08
M5#11003144,M5,11003144,IMB,buy,0.551,B,2026-08-06 17:35:00,2026-08-06 18:17:00,2026-08-06 18:23:00,6.0,4258.58,4258.58,4252.24,4262.38,4289.01,4258.58,4252.24,6.3400000000001455,8.458571428571434,0.25,158.50000000000364,-160.99999999999,1.75,0.0,-162.74999999999,-1.015772870662374,-1.0268138801260962,sl,False,0.0,1.2618296529968165,0,False,trend,-1,0.5,False,,False,0.8,0.06@4252.14:sl;0.06@4252.14:sl;0.06@4252.14:sl;0.07@4252.14:sl,28666.699999999913,116.67284319365733,2026-08
M10#6006718,M10,6006718,IMB,buy,0.635,B,2026-08-06 17:40:00,2026-08-06 18:17:00,2026-08-06 18:35:00,18.0,4258.58,4258.58,4248.18,4264.82,4308.5,4258.58,4248.18,10.399999999999636,12.33214285714283,0.58,603.199999999979,-609.0000000000001,4.0600000000000005,0.0,-613.0600000000001,-1.0096153846154199,-1.0163461538461893,sl,False,0.05480769230766624,1.097115384615409,0,True,trend,0,1.0,False,,False,1.5,0.14@4248.08:sl;0.14@4248.08:sl;0.14@4248.08:sl;0.16@4248.08:sl,28053.639999999912,115.65649703981114,2026-08
M10#6006658,M10,6006658,IMB,buy,0.713,A,2026-08-05 17:50:00,2026-08-05 19:03:00,2026-08-06 19:16:00,1453.0,4225.75,4225.75,4206.67,4237.2,4317.33,4225.75,4206.67,19.079999999999927,13.183571428571538,0.58,1106.639999999996,1120.359999999986,4.0600000000000005,-15.000000000000002,1101.299999999986,1.0123978891057526,0.9951745825200518,partial_be,True,4.104297693920372,0.05817610062891388,0,True,trend,2,2.0,False,,False,1.5,0.14@4237.20:tp1;0.14@4248.65:tp1;0.14@4271.54:tp1;0.16@4225.65:be,29154.939999999897,116.6516716223312,2026-08
M5#11003308,M5,11003308,UW,sell,0.605,B,2026-08-10 04:30:00,2026-08-10 05:29:00,2026-08-10 07:13:00,104.0,4332.09,4332.09,4340.79,4326.87,4290.33,4340.79,4332.09,8.699999999999818,5.48642857142886,0.17,147.8999999999969,61.74000000000797,1.1900000000000002,0.0,60.55000000000797,0.4174442190669997,0.4093982420555053,partial_be,True,1.6402298850574513,0.0793103448276464,0,False,trend,-1,0.5,False,,False,0.8,0.04@4326.87:tp1;0.04@4321.65:tp1;0.04@4332.19:be;0.05@4332.19:be,29215.489999999903,117.0610698643867,2026-08
M15#6004583,M15,6004583,OB,buy,0.617,B,2026-08-07 17:30:00,2026-08-10 04:05:00,2026-08-10 15:26:00,681.0,4325.16,4325.16,4309.33,4334.66,4401.14,4325.16,4309.33,15.829999999999927,18.097142857142767,0.37,585.7099999999973,254.60000000001037,2.59,0.0,252.01000000001036,0.43468610745934255,0.430264123883853,partial_be,True,2.323436512950089,0.7593177511054695,0,True,trend,0,1.0,False,,False,1.5,0.09@4334.66:tp1;0.09@4344.16:tp1;0.09@4325.06:be;0.1@4325.06:be,29467.499999999913,117.49133398827055,2026-08
M30#6002339,M30,6002339,OB,buy,0.624,B,2026-08-07 18:00:00,2026-08-10 04:05:00,2026-08-10 15:26:00,681.0,4325.16,4325.16,4309.33,4334.66,4401.14,4325.16,4309.33,15.829999999999927,19.171428571428546,0.37,585.7099999999973,254.60000000001037,2.59,0.0,252.01000000001036,0.43468610745934255,0.430264123883853,partial_be,True,2.323436512950089,0.7593177511054695,0,True,trend,0,1.0,False,,False,1.5,0.09@4334.66:tp1;0.09@4344.16:tp1;0.09@4325.06:be;0.1@4325.06:be,29719.509999999922,117.92159811215441,2026-08
M10#6006757,M10,6006757,OB,buy,0.681,A,2026-08-07 17:30:00,2026-08-10 04:05:00,2026-08-10 16:52:00,767.0,4323.82,4323.82,4309.33,4332.51,4393.37,4323.82,4309.33,14.489999999999782,17.615714285714084,0.4,579.5999999999913,607.6000000000204,2.8000000000000003,0.0,604.8000000000204,1.0483091787440122,1.0434782608696163,partial_be,True,2.630779848171185,0.7370600414078359,0,True,trend,0,1.0,False,,False,1.5,0.1@4332.51:tp1;0.1@4341.21:tp1;0.1@4358.60:tp1;0.1@4323.72:be,30324.309999999943,118.96507637302403,2026-08
M10#6006826,M10,6006826,UW,buy,0.572,B,2026-08-11 04:00:00,2026-08-11 04:01:00,2026-08-11 04:02:00,1.0,4402.32,4402.32,4396.38,4405.88,4430.83,4402.32,4396.38,5.9399999999996,5.594285714285759,0.54,320.7599999999784,-326.1599999999981,3.7800000000000002,0.0,-329.93999999999807,-1.0168350168350795,-1.0286195286195918,sl,False,0.0,1.4326599326599128,0,False,trend,0,1.0,False,,False,0.8,0.13@4396.28:sl;0.13@4396.28:sl;0.13@4396.28:sl;0.15@4396.28:sl,29994.369999999944,117.93645684440445,2026-08
M15#6004623,M15,6004623,UW,buy,0.602,B,2026-08-11 05:15:00,2026-08-11 05:55:00,2026-08-11 07:42:00,107.0,4409.32,4409.32,4393.67,4418.71,4484.44,4409.32,4393.67,15.649999999999636,9.67071428571431,0.2,312.9999999999927,45.45000000000982,1.4000000000000001,0.0,44.050000000009824,0.14520766773166416,0.1407348242811848,partial_be,True,0.7757188498402946,0.09392971246002424,0,False,trend,0,1.0,False,,False,0.8,0.05@4418.71:tp1;0.05@4409.22:be;0.05@4409.22:be;0.05@4409.22:be,30038.419999999955,118.07719166868563,2026-08
M5#11003492,M5,11003492,OB,buy,0.599,B,2026-08-12 08:30:00,2026-08-12 08:30:00,2026-08-12 08:35:00,5.0,4391.33,4391.33,4386.92,4393.98,4412.5,4391.33,4386.92,4.4099999999998545,3.0892857142857792,0.72,317.5199999999895,139.3199999999797,5.04,0.0,134.2799999999797,0.43877551020403216,0.4229024943310158,partial_be,True,1.2630385487528102,0.4920634920635248,0,False,trend,0,1.0,False,,False,0.8,0.18@4393.98:tp1;0.18@4396.62:tp1;0.18@4391.23:be;0.18@4391.23:be,30172.699999999935,118.50009416301664,2026-08
M10#6006895,M10,6006895,OB,buy,0.571,B,2026-08-12 13:10:00,2026-08-12 15:06:00,2026-08-12 15:30:00,24.0,4407.28,4407.28,4401.69,4410.63,4434.11,4407.28,4401.69,5.5900000000001455,5.239285714285805,0.86,480.7400000000125,490.7800000000225,6.02,0.0,484.7600000000225,1.0208844697757826,1.0083621084162122,partial_be,True,4.581395348837194,4.41323792486573,0,False,trend,1,1.5,False,,False,0.8,0.21@4410.63:tp1;0.21@4413.99:tp1;0.21@4420.70:tp1;0.23@4407.18:be,30657.45999999996,119.50845627143285,2026-08
M10#6006950,M10,6006950,OB,sell,0.614,B,2026-08-13 14:30:00,2026-08-13 15:30:00,2026-08-13 15:48:00,18.0,4396.63,4396.63,4406.25,4390.86,4350.45,4406.25,4396.63,9.61999999999989,4.132142857143078,0.33,317.4599999999964,136.78000000001248,2.31,0.0,134.47000000001248,0.4308574308574751,0.42358092358096766,partial_be,True,1.6434511434511092,0.510395010395001,0,False,trend,0,1.0,False,,False,0.8,0.08@4390.86:tp1;0.08@4385.09:tp1;0.08@4396.73:be;0.09@4396.73:be,30791.92999999997,119.93203719501382,2026-08
M10#6006972,M10,6006972,OB,sell,0.626,B,2026-08-14 14:40:00,2026-08-14 16:32:00,2026-08-14 17:00:00,28.0,4390.13,4390.13,4401.78,4383.14,4334.21,4401.78,4390.13,11.649999999999636,4.3292857142857555,0.28,326.19999999998987,46.83000000000993,1.9600000000000002,0.0,44.87000000000993,0.14356223175969154,0.13755364806870424,partial_be,True,0.604291845493578,0.6111587982832715,0,False,trend,0,1.0,False,,False,0.8,0.07@4383.14:tp1;0.07@4390.23:be;0.07@4390.23:be;0.07@4390.23:be,30836.79999999998,120.06959084308252,2026-08
M5#11003790,M5,11003790,IMB,buy,0.67,A,2026-08-17 15:20:00,2026-08-17 15:26:00,2026-08-17 15:29:00,3.0,4384.06,4384.06,4379.5,4386.34,4395.46,4384.06,4379.5,4.5600000000004,3.214285714285649,1.34,611.0400000000536,312.07999999994263,9.38,0.0,302.69999999994263,0.5107357947105186,0.49538491751753744,trail,True,1.2346491228067338,0.4385964912280317,0,True,range,0,1.0,False,,False,1.5,0.33@4386.34:tp1;0.33@4388.62:tp1;0.33@4385.33:trail;0.35@4385.33:trail,31139.499999999924,120.56497576060006,2026-08
M10#6007045,M10,6007045,IMB,buy,0.599,B,2026-08-17 08:30:00,2026-08-17 15:26:00,2026-08-17 15:31:00,5.0,4384.06,4384.06,4376.02,4388.08,4404.16,4384.06,4376.02,8.039999999999964,4.9714285714285325,0.76,611.0399999999972,70.67999999997028,5.32,0.0,65.35999999997028,0.11567164179099666,0.10696517412930509,partial_be,True,0.7388059701492073,0.24875621890547375,0,True,range,0,1.0,False,,False,1.5,0.19@4388.08:tp1;0.19@4383.96:be;0.19@4383.96:be;0.19@4383.96:be,31204.859999999895,120.67194093472936,2026-08
M15#6004757,M15,6004757,OB,buy,0.652,A,2026-08-17 13:45:00,2026-08-17 15:26:00,2026-08-18 03:23:00,717.0,4385.89,4385.89,4368.2,4394.74,4430.12,4385.89,4368.2,17.69000000000051,6.456428571428465,0.34,601.4600000000173,866.9399999999878,2.3800000000000003,-5.0,859.5599999999878,1.4413926113124111,1.4291224686595336,tp2,True,2.5189372526850313,0.49858677218769726,0,True,range,0,1.0,False,,False,1.5,0.08@4394.74:tp1;0.08@4403.58:tp1;0.08@4412.43:tp1;0.1@4430.12:tp2,32064.419999999882,122.10106340338889,2026-08
M10#6007120,M10,6007120,UW,buy,0.625,B,2026-08-18 17:10:00,2026-08-18 17:32:00,2026-08-18 17:35:00,3.0,4388.9,4388.9,4376.32,4395.19,4420.35,4388.9,4376.32,12.579999999999927,9.293571428571536,0.5,628.9999999999964,71.6800000000203,3.5,0.0,68.1800000000203,0.11395866454693278,0.10839427662960364,partial_be,True,0.581875993640752,0.2893481717010683,0,True,range,0,1.0,False,,False,1.5,0.12@4395.19:tp1;0.12@4388.80:be;0.12@4388.80:be;0.14@4388.80:be,32132.599999999904,122.2094576800185,2026-08
M5#11003951,M5,11003951,UW,buy,0.677,A,2026-08-18 17:00:00,2026-08-18 17:32:00,2026-08-18 17:35:00,3.0,4388.9,4388.9,4376.32,4395.19,4420.35,4388.9,4376.32,12.579999999999927,7.969285714285759,0.26,327.0799999999981,35.740000000010696,1.82,0.0,33.920000000010695,0.10926990338758377,0.10370551547025465,partial_be,True,0.581875993640752,0.2893481717010683,0,False,range,0,1.0,False,,False,0.8,0.06@4395.19:tp1;0.06@4388.80:be;0.06@4388.80:be;0.08@4388.80:be,32166.519999999913,122.31316319548876,2026-08
M10#6007005,M10,6007005,OB,buy,0.612,B,2026-08-19 02:50:00,2026-08-19 04:02:00,2026-08-19 04:03:00,1.0,4326.89,4326.89,4318.34,4331.17,4348.27,4326.89,4318.34,8.550000000000182,5.052142857142891,0.39,333.4500000000071,35.519999999986794,2.73,0.0,32.7899999999868,0.10652271704899097,0.09833558254606718,partial_be,True,0.5426900584794525,0.28771929824561215,0,False,range,0,1.0,False,,False,0.8,0.09@4331.17:tp1;0.09@4326.79:be;0.09@4326.79:be;0.12@4326.79:be,32199.3099999999,122.41149877803483,2026-08
M30#6002456,M30,6002456,IMB,sell,0.608,B,2026-08-18 20:00:00,2026-08-19 15:33:00,2026-08-19 15:36:00,3.0,4377.5,4377.5,4391.12,4370.69,4343.45,4391.12,4377.5,13.61999999999989,13.582857142857327,0.24,326.8799999999974,-329.2800000000061,1.68,0.0,-330.9600000000061,-1.0073421439060473,-1.0124816446402618,sl,False,0.0,1.4170337738619925,0,False,range,0,1.0,False,,False,0.8,0.06@4391.22:sl;0.06@4391.22:sl;0.06@4391.22:sl;0.06@4391.22:sl,31868.349999999893,121.39901713339457,2026-08
M5#11003888,M5,11003888,IMB,sell,0.567,B,2026-08-19 15:35:00,2026-08-19 15:38:00,2026-08-19 15:41:00,3.0,4412.03,4412.03,4420.06,4408.01,4391.95,4420.06,4412.03,8.030000000000655,4.693571428571366,0.78,626.3400000000511,-634.1400000000085,5.46,0.0,-639.6000000000085,-1.012453300124464,-1.0211706102116365,sl,False,0.34869240348680497,1.1195516811955115,0,True,range,0,1.0,False,,False,1.5,0.19@4420.16:sl;0.19@4420.16:sl;0.19@4420.16:sl;0.21@4420.16:sl,31228.749999999884,120.37784652318292,2026-08
M5#11004068,M5,11004068,IMB,buy,0.552,B,2026-08-20 01:45:00,2026-08-20 01:59:00,2026-08-20 02:23:00,24.0,4517.32,4517.32,4511.16,4521.02,4546.89,4517.32,4511.16,6.1599999999998545,2.861428571428665,0.5,307.9999999999927,40.60000000002946,3.5,0.0,37.10000000002946,0.1318181818182806,0.12045454545464396,partial_be,True,1.0194805194806498,0.3360389610389217,0,True,trend,-1,0.5,False,,False,1.5,0.12@4521.02:tp1;0.12@4517.22:be;0.12@4517.22:be;0.14@4517.22:be,31265.84999999991,120.49830106863757,2026-08
M10#6007171,M10,6007171,OB,buy,0.658,A,2026-08-20 04:20:00,2026-08-20 04:51:00,2026-08-20 05:49:00,58.0,4488.88,4488.88,4475.32,4497.02,4553.97,4488.88,4475.32,13.5600000000004,6.804999999999966,0.45,610.200000000018,86.13999999999123,3.15,0.0,82.98999999999123,0.141166830547343,0.13600458865943751,partial_be,True,0.7942477876105611,0.32817109144540463,0,True,trend,0,1.0,False,,False,1.5,0.11@4497.02:tp1;0.11@4488.78:be;0.11@4488.78:be;0.12@4488.78:be,31348.839999999902,120.634305657297,2026-08
M15#6004839,M15,6004839,OB,buy,0.6,B,2026-08-20 04:30:00,2026-08-20 04:53:00,2026-08-20 07:33:00,160.0,4487.85,4487.85,4475.32,4495.37,4547.99,4487.85,4475.32,12.530000000000655,7.702857142857023,0.49,613.9700000000321,86.53999999998086,3.4299999999999997,0.0,83.10999999998086,0.1409515122888355,0.13536492011006485,partial_be,True,1.0566640063846042,0.2729449321628008,0,True,trend,0,1.0,False,,False,1.5,0.12@4495.37:tp1;0.12@4487.75:be;0.12@4487.75:be;0.13@4487.75:be,31431.949999999884,120.76967057740707,2026-08
M10#6007224,M10,6007224,OB,buy,0.623,B,2026-08-21 06:20:00,2026-08-21 06:29:00,2026-08-21 08:17:00,108.0,4531.31,4531.31,4522.24,4536.75,4574.85,4531.31,4522.24,9.070000000000618,8.874285714285893,0.36,326.52000000002226,145.07999999998265,2.52,0.0,142.55999999998264,0.4443219404629816,0.4366041896360802,partial_be,True,1.8324145534728509,0.5148842337375694,0,False,trend,0,1.0,False,,False,0.8,0.09@4536.75:tp1;0.09@4542.19:tp1;0.09@4531.21:be;0.09@4531.21:be,31574.509999999867,121.20627476704315,2026-08
M10#6007247,M10,6007247,UW,buy,0.534,C,2026-08-21 14:20:00,2026-08-21 15:21:00,2026-08-21 15:30:00,9.0,4583.02,4583.02,4577.81,4586.15,4608.03,4583.02,4577.81,5.210000000000036,7.768571428571444,1.19,619.9900000000043,81.76999999994403,8.33,0.0,73.43999999994404,0.13188922401965106,0.11845352344383542,partial_be,True,0.9616122840689585,0.6295585412669159,0,True,trend,0,1.0,False,,False,1.5,0.29@4586.15:tp1;0.29@4582.92:be;0.29@4582.92:be;0.32@4582.92:be,31647.94999999981,121.32472829048699,2026-08
M5#11004257,M5,11004257,IMB,sell,0.646,B,2026-08-24 03:45:00,2026-08-24 03:48:00,2026-08-24 04:00:00,12.0,4612.68,4612.68,4628.44,4603.22,4537.03,4628.44,4612.68,15.759999999999309,8.946428571428637,0.21,330.95999999998554,-333.0599999999932,1.4700000000000002,0.0,-334.5299999999932,-1.0063451776649979,-1.0107868020304804,sl,False,0.0755076142131759,1.053299492385856,0,False,trend,0,1.0,False,,False,0.8,0.05@4628.54:sl;0.05@4628.54:sl;0.05@4628.54:sl;0.06@4628.54:sl,31313.41999999982,120.3139414884565,2026-08
M5#11004263,M5,11004263,IMB,buy,0.574,B,2026-08-24 05:55:00,2026-08-24 21:08:00,2026-08-24 21:38:00,30.0,4626.57,4626.57,4618.94,4631.15,4663.19,4626.57,4618.94,7.630000000000109,8.468571428571522,0.21,160.23000000000232,67.60000000000491,1.4700000000000002,0.0,66.13000000000491,0.42189352805344776,0.41271921612684237,partial_be,True,2.044560943643531,0.192660550458627,0,False,trend,-1,0.5,False,,False,0.8,0.05@4631.15:tp1;0.05@4635.73:tp1;0.05@4626.47:be;0.06@4626.47:be,31379.549999999825,120.72666070458335,2026-08
H1#6001195,H1,6001195,OB,sell,0.575,B,2026-08-25 11:00:00,2026-08-25 18:36:00,2026-08-25 21:58:00,202.0,4654.34,4654.34,4684.34,4636.34,4510.34,4684.34,4654.34,30.0,20.312857142857087,0.11,330.0,35.10000000000491,0.77,0.0,34.33000000000491,0.10636363636365125,0.1040303030303179,partial_be,True,0.6630000000000109,0.17633333333333212,0,False,trend,0,1.0,False,,False,0.8,0.02@4636.34:tp1;0.02@4654.44:be;0.02@4654.44:be;0.05@4654.44:be,31413.87999999983,120.83069100761367,2026-08
M5#11004415,M5,11004415,UW,buy,0.663,A,2026-08-26 09:35:00,2026-08-26 11:15:00,2026-08-26 12:16:00,61.0,4623.81,4623.81,4613.21,4630.17,4674.69,4623.81,4613.21,10.600000000000364,5.1592857142857484,0.31,328.6000000000113,42.11999999998898,2.17,0.0,39.949999999988975,0.128180158247071,0.12157638466216557,partial_be,True,0.6905660377357979,0.16037735849062917,0,False,trend,0,1.0,False,,False,0.8,0.07@4630.17:tp1;0.07@4623.71:be;0.07@4623.71:be;0.1@4623.71:be,31453.82999999982,120.95226739227583,2026-08
M30#6002566,M30,6002566,OB,sell,0.586,B,2026-08-26 19:30:00,2026-08-27 01:18:00,2026-08-27 04:40:00,202.0,4611.54,4611.54,4631.83,4599.37,4514.15,4631.83,4611.54,20.289999999999964,14.414285714285727,0.08,162.3199999999997,-163.12000000000262,0.56,0.0,-163.68000000000262,-1.004928536224759,-1.008378511582078,sl,False,0.5160177427303777,1.0,0,False,trend,-1,0.5,False,,False,0.8,0.02@4631.93:sl;0.02@4631.93:sl;0.02@4631.93:sl;0.02@4631.93:sl,31290.149999999816,119.94388888069375,2026-08
M5#11004565,M5,11004565,IMB,buy,0.66,A,2026-08-27 08:10:00,2026-08-27 08:31:00,2026-08-27 08:44:00,13.0,4612.36,4612.36,4605.54,4615.77,4629.41,4612.36,4605.54,6.819999999999709,2.6014285714285768,0.48,327.35999999998603,-332.1600000000035,3.36,0.0,-335.5200000000035,-1.0146627565982944,-1.0249266862170632,sl,False,0.2771260997068047,1.058651026392911,0,False,range,0,1.0,False,,False,0.8,0.12@4605.44:sl;0.12@4605.44:sl;0.12@4605.44:sl;0.12@4605.44:sl,30954.629999999812,118.91896219447669,2026-08
M10#6007432,M10,6007432,UW,buy,0.58,B,2026-08-27 14:00:00,2026-08-27 16:34:00,2026-08-27 16:38:00,4.0,4576.4,4576.4,4569.39,4579.9,4593.92,4576.4,4569.39,7.009999999999309,7.029999999999875,0.46,322.4599999999682,35.0000000000191,3.2199999999999998,0.0,31.7800000000191,0.10854059418229409,0.09855485951752849,partial_be,True,0.7346647646221189,0.2867332382310281,0,False,range,0,1.0,False,,False,0.8,0.11@4579.90:tp1;0.11@4576.30:be;0.11@4576.30:be;0.13@4576.30:be,30986.409999999833,119.01751705399423,2026-08
M5#11004612,M5,11004612,OB,buy,0.624,B,2026-08-28 02:45:00,2026-08-28 02:48:00,2026-08-28 03:16:00,28.0,4597.37,4597.37,4590.62,4600.74,4614.24,4597.37,4590.62,6.75,2.5421428571429323,0.24,162.0,18.420000000009168,1.68,0.0,16.740000000009168,0.11370370370376029,0.10333333333338993,partial_be,True,0.7970370370370532,0.5733333333333172,0,False,range,-1,0.5,False,,False,0.8,0.06@4600.74:tp1;0.06@4597.27:be;0.06@4597.27:be;0.06@4597.27:be,31003.14999999984,119.12085038732762,2026-08
M5#11004679,M5,11004679,IMB,buy,0.623,B,2026-08-28 10:20:00,2026-08-28 14:06:00,2026-08-28 14:38:00,32.0,4596.84,4596.84,4588.76,4600.88,4617.04,4596.84,4588.76,8.079999999999927,6.126428571428538,0.4,323.1999999999971,37.39999999998872,2.8000000000000003,0.0,34.599999999988725,0.11571782178214436,0.10705445544551064,partial_be,True,0.5754950495049107,0.21039603960393977,0,False,range,0,1.0,False,,False,0.8,0.1@4600.88:tp1;0.1@4596.74:be;0.1@4596.74:be;0.1@4596.74:be,31037.74999999983,119.22790484277313,2026-08
M10#6007482,M10,6007482,IMB,buy,0.592,B,2026-08-28 10:30:00,2026-08-28 14:06:00,2026-08-28 14:38:00,32.0,4596.84,4596.84,4588.39,4601.07,4617.97,4596.84,4588.39,8.449999999999818,7.839999999999951,0.72,608.3999999999869,70.7399999999725,5.04,0.0,65.69999999997249,0.11627218934906973,0.10798816568043049,partial_be,True,0.5502958579881345,0.20118343195264551,0,True,range,0,1.0,False,,False,1.5,0.18@4601.07:tp1;0.18@4596.74:be;0.18@4596.74:be;0.18@4596.74:be,31103.4499999998,119.33589300845355,2026-08
M5#11004751,M5,11004751,IMB,buy,0.615,B,2026-08-31 07:15:00,2026-08-31 07:24:00,2026-08-31 14:27:00,423.0,4416.56,4416.56,4407.23,4422.16,4461.34,4416.56,4407.23,9.330000000000837,4.217142857142854,0.66,615.7800000000552,1433.0799999999745,4.62,0.0,1428.4599999999746,2.327259735619614,2.3197570560912117,tp2,True,4.869239013933044,0.3654876741693953,0,True,trend,0,1.0,False,,False,1.5,0.16@4422.16:tp1;0.16@4427.76:tp1;0.16@4438.95:tp1;0.18@4461.34:tp2,32531.909999999774,121.65565006454476,2026-08
M30#6002481,M30,6002481,IMB,buy,0.712,A,2026-08-28 22:30:00,2026-08-31 05:03:00,2026-08-31 16:51:00,708.0,4424.13,4424.13,4373.51,4449.44,4550.68,4424.13,4373.51,50.61999999999989,30.400714285714326,0.24,1214.8799999999974,150.0599999999904,1.68,0.0,148.3799999999904,0.12351837218489951,0.1221355195574795,partial_be,True,0.7927696562623507,0.5393125246938016,0,True,range,2,2.0,False,,False,1.5,0.06@4449.44:tp1;0.06@4424.03:be;0.06@4424.03:be;0.06@4424.03:be,32680.289999999764,121.77778558410223,2026-08
H1#6001151,H1,6001151,IMB,buy,0.679,A,2026-08-28 23:00:00,2026-08-31 05:03:00,2026-08-31 16:51:00,708.0,4424.13,4424.13,4374.05,4449.17,4549.33,4424.13,4374.05,50.07999999999993,31.514999999999937,0.12,600.9599999999991,74.21999999999662,0.84,0.0,73.37999999999661,0.12350239616612874,0.12210463258785396,partial_be,True,0.8013178913738053,0.545127795527161,0,True,range,0,1.0,False,,False,1.5,0.03@4449.17:tp1;0.03@4424.03:be;0.03@4424.03:be;0.03@4424.03:be,32753.66999999976,121.89989021669008,2026-08
M15#6004832,M15,6004832,IMB,buy,0.643,B,2026-08-31 05:30:00,2026-08-31 05:35:00,2026-09-01 11:04:00,1769.0,4411.38,4411.38,4373.51,4434.1,4593.16,4411.38,4373.51,37.86999999999989,14.93214285714287,0.16,605.9199999999983,271.8399999999965,1.12,-4.0,266.7199999999965,0.4486400844995994,0.4401901241087887,partial_be,True,1.3963559545814699,0.3842091365196785,0,True,trend,0,1.0,False,,False,1.5,0.04@4434.10:tp1;0.04@4456.82:tp1;0.04@4411.28:be;0.04@4411.28:be,33020.38999999976,122.34008034079888,2026-09
M5#11004866,M5,11004866,IMB,sell,0.566,B,2026-09-02 17:05:00,2026-09-02 17:05:00,2026-09-02 17:09:00,4.0,4387.54,4387.54,4394.72,4383.23,4353.08,4394.72,4387.54,7.180000000000291,8.95714285714283,0.47,337.4600000000137,-342.15999999998803,3.29,0.0,-345.44999999998805,-1.0139275766015947,-1.0236768802227643,sl,False,0.09192200557100665,1.3203342618384524,0,False,trend,0,1.0,False,,False,0.8,0.11@4394.82:sl;0.11@4394.82:sl;0.11@4394.82:sl;0.14@4394.82:sl,32674.93999999977,121.31640346057611,2026-09
M30#6002607,M30,6002607,IMB,sell,0.653,A,2026-09-03 06:00:00,2026-09-03 15:53:00,2026-09-03 18:01:00,128.0,4487.68,4487.68,4524.41,4465.64,4311.38,4524.41,4487.68,36.72999999999956,9.697142857142742,0.09,330.5699999999961,43.38000000000375,0.6300000000000001,0.0,42.750000000003745,0.13122787911790015,0.12932208004357396,partial_be,True,0.8320174244487003,0.23032943098285152,0,False,trend,0,1.0,False,,False,0.8,0.02@4465.64:tp1;0.02@4487.78:be;0.02@4487.78:be;0.03@4487.78:be,32717.689999999773,121.44572554061969,2026-09
M10#6007686,M10,6007686,UW,buy,0.582,B,2026-09-04 14:00:00,2026-09-04 15:30:00,2026-09-04 15:30:00,0.0,4434.12,4434.12,4426.92,4438.44,4468.68,4434.12,4426.92,7.199999999999818,4.864999999999782,0.48,345.59999999999127,-350.40000000000873,3.36,0.0,-353.76000000000874,-1.0138888888889397,-1.0236111111111623,sl,False,0.0,5.750000000000095,0,False,trend,0,1.0,False,,False,0.8,0.12@4426.82:sl;0.12@4426.82:sl;0.12@4426.82:sl;0.12@4426.82:sl,32363.929999999764,120.42211442950853,2026-09
M15#6005088,M15,6005088,IMB,sell,0.625,B,2026-09-03 16:30:00,2026-09-03 18:14:00,2026-09-04 15:30:00,1276.0,4503.93,4503.93,4524.41,4491.64,4405.63,4524.41,4503.93,20.479999999999563,11.702857142857154,0.31,634.8799999999865,1585.1400000000049,2.17,2.5500000000000003,1585.5200000000048,2.4967552923387704,2.497353830645222,tp2,True,5.417480468750107,0.34472656249998246,0,True,trend,0,1.0,False,,False,1.5,0.07@4491.64:tp1;0.07@4479.35:tp1;0.07@4454.78:tp1;0.1@4405.63:tp2,33949.44999999977,122.91946826015375,2026-09
