key,tf,poi_id,kind,side,quality,grade,selected_time,entry_time,close_time,hold_min,entry,limit,sl,tp1,tp2,zone_top,zone_bottom,risk_usd_per_unit,atr,lots,risk_money,gross,commission,swap,net,r_gross,r_net,outcome,partial,mfe_r,mae_r,legs,cum_net,cum_r,month
M5#2749,M5,2749,OB,buy,0.579,B,2025-09-03 01:10:00,2025-09-03 01:36:00,2025-09-03 06:04:00,268.0,3531.26,3531.26,3525.95,3534.45,3552.5,3531.26,3525.95,5.3100000000004,1.9721428571428337,0.56,297.36000000002247,324.9499999999816,3.9200000000000004,0.0,321.0299999999816,1.0927831584609802,1.0796004842613578,partial_be,True,2.883239171374537,0.9548022598869645,0.11@3534.45:tp1;0.22@3544.54:tp1;0.23@3531.16:be,321.0299999999816,1.0796004842613578,2025-09
M10#1630,M10,1630,IMB,sell,0.61,B,2025-09-10 13:50:00,2025-09-10 13:53:00,2025-09-11 06:44:00,1011.0,3657.46,3657.46,3664.18,3653.43,3630.58,3664.18,3657.46,6.7199999999998,2.7357142857142662,0.46,309.1199999999908,849.3900000000071,3.2199999999999998,2.85,849.0200000000071,2.747767857142962,2.74657091097319,tp2,True,4.0029761904762555,0.05208333333338902,0.09@3653.43:tp1;0.18@3640.66:tp1;0.19@3630.58:tp2,1170.0499999999888,3.8261713952345477,2025-09
M10#1747,M10,1747,OB,buy,0.613,B,2025-09-12 18:00:00,2025-09-12 18:05:00,2025-09-15 02:22:00,3377.0,3646.16,3646.16,3638.49,3650.76,3676.84,3646.16,3638.49,7.670000000000073,3.9214285714285455,0.43,329.81000000000313,-334.1099999999993,3.01,-21.5,-358.61999999999927,-1.0130378096479673,-1.0873533246414477,sl,False,0.5971316818774295,1.0847457627118162,0.08@3638.39:sl;0.17@3638.39:sl;0.18@3638.39:sl,811.4299999999896,2.7388180705931,2025-09
M10#1821,M10,1821,IMB,buy,0.711,A,2025-09-15 20:00:00,2025-09-16 01:00:00,2025-09-16 09:57:00,537.0,3672.88,3672.88,3667.8,3675.93,3693.2,3672.88,3667.8,5.079999999999927,4.3828571428571195,0.63,320.0399999999954,882.4199999999846,4.41,-25.5,852.5099999999846,2.75721784776902,2.6637607799025025,tp2,True,4.0157480314961385,0.407480314960668,0.12@3675.93:tp1;0.25@3685.58:tp1;0.26@3693.20:tp2,1663.9399999999741,5.402578850495603,2025-09
M10#1885,M10,1885,IMB,sell,0.643,B,2025-09-17 05:30:00,2025-09-17 05:49:00,2025-09-17 06:15:00,26.0,3682.41,3682.41,3685.9,3680.32,3668.45,3685.9,3682.41,3.4900000000002365,3.5914285714285534,1.0,349.00000000002365,33.79999999996472,7.0,0.0,26.79999999996472,0.09684813753570896,0.07679083094545244,partial_be,True,0.6647564469912756,0.4842406876791962,0.2@3680.32:tp1;0.4@3682.51:be;0.4@3682.51:be,1690.7399999999388,5.479369681441056,2025-09
M10#2052,M10,2052,IMB,buy,0.627,B,2025-09-22 21:50:00,2025-09-22 22:28:00,2025-09-23 01:00:00,152.0,3744.65,3744.65,3741.76,3746.38,3756.21,3744.65,3741.76,2.8899999999998727,2.396428571428617,1.21,349.6899999999846,-246.57000000002427,8.469999999999999,0.0,-255.04000000002426,-0.7051102404988279,-0.7293316937860262,partial_be,True,1.3633217993080373,1.70242214532882,0.24@3746.38:tp1;0.48@3741.68:be;0.49@3741.68:be,1435.6999999999146,4.75003798765503,2025-09
M10#2076,M10,2076,IMB,buy,0.663,A,2025-09-23 17:40:00,2025-09-23 19:36:00,2025-09-23 21:55:00,139.0,3766.79,3766.79,3759.68,3771.06,3795.23,3766.79,3759.68,7.110000000000127,6.394999999999949,0.48,341.2800000000061,374.25000000000546,3.36,0.0,370.89000000000544,1.0966068917018248,1.0867616033755239,partial_be,True,2.666666666666624,0.26722925457103475,0.09@3771.06:tp1;0.19@3784.57:tp1;0.2@3766.69:be,1806.58999999992,5.8367995910305535,2025-09
M30#774,M30,774,UW,buy,0.636,B,2025-09-23 21:30:00,2025-09-23 21:51:00,2025-09-23 21:56:00,5.0,3775.34,3775.34,3764.89,3781.61,3817.14,3775.34,3764.89,10.450000000000273,8.76071428571426,0.34,355.3000000000093,-358.7000000000062,2.3800000000000003,0.0,-361.0800000000062,-1.0095693779904216,-1.0162679425837229,sl,False,0.0,1.150239234449729,0.06@3764.79:sl;0.13@3764.79:sl;0.15@3764.79:sl,1445.5099999999138,4.82053164844683,2025-09
M5#4335,M5,4335,OB,sell,0.588,B,2025-09-25 17:10:00,2025-09-25 17:23:00,2025-09-25 18:15:00,52.0,3735.85,3735.85,3743.1,3731.5,3706.85,3743.1,3735.85,7.25,6.58928571428565,0.47,340.75,35.35000000000264,3.29,0.0,32.06000000000264,0.10374174614821023,0.09408657373441713,partial_be,True,1.651034482758593,0.2786206896551699,0.09@3731.50:tp1;0.18@3735.95:be;0.2@3735.95:be,1477.5699999999165,4.9146182221812476,2025-09
M5#4333,M5,4333,IMB,sell,0.557,B,2025-09-25 17:25:00,2025-09-25 21:25:00,2025-09-25 21:35:00,10.0,3746.51,3746.51,3751.81,3743.33,3725.31,3751.81,3746.51,5.299999999999727,6.39142857142854,0.64,339.19999999998254,-345.5999999999767,4.48,0.0,-350.07999999997674,-1.0188679245282857,-1.0320754716980978,sl,False,0.1056603773585715,1.0641509433962573,0.12@3751.91:sl;0.25@3751.91:sl;0.27@3751.91:sl,1127.4899999999398,3.88254275048315,2025-09
M10#2213,M10,2213,UW,sell,0.6,B,2025-09-26 08:20:00,2025-09-26 08:39:00,2025-09-26 09:12:00,33.0,3749.65,3749.65,3753.57,3747.3,3733.97,3753.57,3749.65,3.9200000000000728,2.5235714285714232,0.85,333.20000000000624,33.150000000004646,5.950000000000001,0.0,27.200000000004643,0.09948979591837942,0.08163265306123689,partial_be,True,2.0102040816326436,0.08673469387747053,0.17@3747.30:tp1;0.34@3749.75:be;0.34@3749.75:be,1154.6899999999443,3.964175403544387,2025-09
M5#4612,M5,4612,IMB,buy,0.745,A,2025-09-30 17:40:00,2025-09-30 18:08:00,2025-10-01 10:51:00,1003.0,3837.88,3837.88,3828.27,3843.65,3876.32,3837.88,3828.27,9.610000000000127,6.79357142857134,0.34,326.74000000000433,923.6099999999974,2.3800000000000003,-42.00000000000001,879.2299999999974,2.826742976066552,2.69091632490661,tp2,True,4.042663891779333,0.6826222684703287,0.06@3843.65:tp1;0.13@3861.91:tp1;0.15@3876.32:tp2,2033.9199999999419,6.655091728450997,2025-10
M5#1002814,M5,1002814,OB,sell,0.558,B,2025-10-02 13:15:00,2025-10-02 13:21:00,2025-10-02 13:42:00,21.0,3883.26,3883.26,3888.52,3880.1,3862.22,3888.52,3883.26,5.2599999999997635,2.601428571428609,0.68,357.6799999999839,35.58000000000902,4.760000000000001,0.0,30.82000000000902,0.09947439051669263,0.0861664057258175,partial_be,True,0.6615969581749381,0.2566539923954315,0.13@3880.10:tp1;0.27@3883.36:be;0.28@3883.36:be,2064.7399999999507,6.741258134176815,2025-10
M10#1001696,M10,1001696,OB,buy,0.629,B,2025-10-09 04:00:00,2025-10-09 04:03:00,2025-10-09 05:02:00,59.0,4014.51,4014.51,4005.27,4020.05,4051.47,4014.51,4005.27,9.240000000000236,7.089999999999918,0.39,360.3600000000092,35.579999999988104,2.73,0.0,32.84999999998811,0.0987345987345632,0.09115884115880582,partial_be,True,2.3744588744587705,0.6774891774891838,0.07@4020.05:tp1;0.15@4014.41:be;0.17@4014.41:be,2097.5899999999388,6.8324169753356205,2025-10
M5#1003312,M5,1003312,OB,sell,0.603,B,2025-10-09 07:25:00,2025-10-09 15:54:00,2025-10-09 16:00:00,6.0,4049.01,4049.01,4054.3,4045.84,4027.85,4054.3,4049.01,5.289999999999964,2.7671428571428414,0.68,359.7199999999975,-366.51999999999134,4.760000000000001,0.0,-371.27999999999133,-1.0189035916824025,-1.0321361058600964,sl,False,0.003780718336566483,1.22495274102072,0.13@4054.40:sl;0.27@4054.40:sl;0.28@4054.40:sl,1726.3099999999474,5.800280869475524,2025-10
M10#1001734,M10,1001734,OB,buy,0.713,A,2025-10-09 23:10:00,2025-10-10 01:10:00,2025-10-10 06:26:00,316.0,3967.97,3967.97,3957.35,3974.34,4010.45,3967.97,3957.35,10.61999999999989,7.807857142857172,0.33,350.4599999999964,381.9700000000057,2.31,0.0,379.6600000000057,1.089910403469753,1.0833190663699412,partial_be,True,2.502824858757124,0.8709981167608376,0.06@3974.34:tp1;0.13@3994.52:tp1;0.14@3967.87:be,2105.969999999953,6.883599935845465,2025-10
M5#1003390,M5,1003390,IMB,sell,0.642,B,2025-10-10 02:50:00,2025-10-10 02:52:00,2025-10-10 07:09:00,257.0,3989.78,3989.78,3998.06,3984.81,3956.66,3998.06,3989.78,8.279999999999745,3.161428571428587,0.44,364.3199999999888,1020.9400000000132,3.08,0.0,1017.8600000000132,2.8023166447080716,2.793862538427878,tp2,True,4.236714975845587,0.6086956521739274,0.08@3984.81:tp1;0.17@3969.08:tp1;0.19@3956.66:tp2,3123.8299999999663,9.677462474273344,2025-10
M5#1003465,M5,1003465,OB,sell,0.644,B,2025-10-10 17:30:00,2025-10-10 17:31:00,2025-10-10 17:39:00,8.0,3987.39,3987.39,3994.7,3983.0,3958.15,3994.7,3987.39,7.309999999999945,6.980000000000051,0.53,387.4299999999971,39.60000000000264,3.71,0.0,35.89000000000264,0.10221201249258688,0.09263608909997394,partial_be,True,0.9794801641586741,0.09986320109439448,0.1@3983.00:tp1;0.21@3987.49:be;0.22@3987.49:be,3159.719999999969,9.770098563373319,2025-10
M15#1001238,M15,1001238,OB,sell,0.632,B,2025-10-10 11:15:00,2025-10-13 01:25:00,2025-10-13 02:08:00,43.0,4040.88,4040.88,4055.88,4031.88,3980.88,4055.88,4040.88,15.0,8.779285714285736,0.26,390.0,-392.59999999999764,1.82,0.0,-394.41999999999763,-1.0066666666666606,-1.0113333333333272,sl,False,0.5306666666666691,1.2079999999999926,0.05@4055.98:sl;0.1@4055.98:sl;0.11@4055.98:sl,2765.299999999971,8.758765230039991,2025-10
M5#1003612,M5,1003612,IMB,buy,0.583,B,2025-10-14 04:40:00,2025-10-14 04:41:00,2025-10-14 04:54:00,13.0,4139.03,4139.03,4131.99,4143.25,4167.19,4139.03,4131.99,7.039999999999964,5.438571428571582,0.54,380.15999999999804,-385.55999999996857,3.7800000000000002,0.0,-389.33999999996854,-1.014204545454468,-1.0241477272726498,sl,False,0.18181818181827578,1.011363636363626,0.1@4131.89:sl;0.21@4131.89:sl;0.23@4131.89:sl,2375.9600000000028,7.734617502767341,2025-10
M5#1003640,M5,1003640,UW,buy,0.597,B,2025-10-14 15:25:00,2025-10-14 16:01:00,2025-10-14 17:04:00,63.0,4098.43,4098.43,4090.35,4103.28,4130.75,4098.43,4090.35,8.080000000000382,4.6892857142859485,0.45,363.60000000001713,989.0099999999866,3.1499999999999995,0.0,985.8599999999866,2.72004950495033,2.7113861386136966,tp2,True,4.018564356435372,0.10024752475252004,0.09@4103.28:tp1;0.18@4118.63:tp1;0.18@4130.75:tp2,3361.8199999999892,10.446003641381036,2025-10
M10#1001849,M10,1001849,OB,sell,0.707,A,2025-10-14 20:10:00,2025-10-15 01:14:00,2025-10-15 04:07:00,173.0,4159.06,4159.06,4179.08,4147.05,4078.98,4179.08,4159.06,20.019999999999527,8.944999999999968,0.2,400.39999999999054,-402.3999999999978,1.4000000000000001,0.0,-403.7999999999978,-1.0049950049950234,-1.008491508491527,sl,False,0.44155844155845925,1.054445554445563,0.04@4179.18:sl;0.08@4179.18:sl;0.08@4179.18:sl,2958.0199999999913,9.437512132889509,2025-10
M5#1003708,M5,1003708,IMB,buy,0.659,A,2025-10-15 04:30:00,2025-10-15 05:31:00,2025-10-15 07:25:00,114.0,4173.72,4173.72,4162.75,4180.3,4217.6,4173.72,4162.75,10.970000000000255,6.795000000000073,0.35,383.9500000000089,43.25999999998931,2.45,0.0,40.80999999998931,0.11267092069276809,0.10628988149495601,partial_be,True,1.5487693710117947,0.607110300820392,0.07@4180.30:tp1;0.14@4173.62:be;0.14@4173.62:be,2998.829999999981,9.543802014384465,2025-10
M5#1003745,M5,1003745,UW,buy,0.574,B,2025-10-15 15:55:00,2025-10-15 18:51:00,2025-10-15 21:04:00,133.0,4181.07,4181.07,4176.28,4183.94,4200.23,4181.07,4176.28,4.789999999999964,5.96714285714305,0.81,387.98999999999705,1061.5600000000086,5.67,0.0,1055.8900000000085,2.7360498981932952,2.721436119487658,tp2,True,4.192066805845528,0.29645093945721995,0.16@4183.94:tp1;0.32@4193.05:tp1;0.33@4200.23:tp2,4054.7199999999893,12.265238133872122,2025-10
M10#1001945,M10,1001945,OB,buy,0.638,B,2025-10-16 13:50:00,2025-10-16 15:39:00,2025-10-16 18:16:00,157.0,4232.8,4232.8,4223.04,4238.66,4271.84,4232.8,4223.04,9.760000000000218,5.701428571428745,0.43,419.6800000000094,1164.3999999999905,3.01,0.0,1161.3899999999906,2.7744948532214173,2.7673227220738768,tp2,True,4.010245901639195,0.5430327868852524,0.08@4238.66:tp1;0.17@4257.20:tp1;0.18@4271.84:tp2,5216.10999999998,15.032560855945999,2025-10
M5#1003868,M5,1003868,OB,buy,0.708,A,2025-10-16 17:35:00,2025-10-16 17:46:00,2025-10-16 19:23:00,97.0,4255.26,4255.26,4246.63,4260.44,4289.78,4255.26,4246.63,8.63000000000011,7.309999999999945,0.52,448.7600000000057,1242.839999999982,3.64,0.0,1239.1999999999819,2.7694981727425936,2.761386932881643,tp2,True,4.089223638470396,0.1575898030128117,0.1@4260.44:tp1;0.2@4276.84:tp1;0.22@4289.78:tp2,6455.309999999961,17.79394778882764,2025-10
M5#1003987,M5,1003987,IMB,buy,0.603,B,2025-10-20 12:30:00,2025-10-20 13:08:00,2025-10-20 15:00:00,112.0,4247.39,4247.39,4239.35,4252.21,4279.55,4247.39,4239.35,8.039999999999964,3.987857142856813,0.61,490.4399999999978,1344.2399999999798,4.27,0.0,1339.9699999999798,2.740885735258107,2.732179267596415,tp2,True,4.179104477611891,0.231343283582163,0.12@4252.21:tp1;0.24@4267.49:tp1;0.25@4279.55:tp2,7795.279999999941,20.526127056424055,2025-10
M10#1002063,M10,1002063,OB,sell,0.611,B,2025-10-21 00:00:00,2025-10-21 01:03:00,2025-10-21 01:15:00,12.0,4365.92,4365.92,4377.64,4358.89,4319.04,4377.64,4365.92,11.720000000000255,8.132142857142819,0.45,527.4000000000113,59.66999999998461,3.1499999999999995,0.0,56.51999999998461,0.11313993174058272,0.10716723549484906,partial_be,True,0.61518771331057,0.45221843003413537,0.09@4358.89:tp1;0.18@4366.02:be;0.18@4366.02:be,7851.799999999926,20.633294291918904,2025-10
M5#1004017,M5,1004017,OB,buy,0.65,B,2025-10-21 08:10:00,2025-10-21 10:33:00,2025-10-21 10:36:00,3.0,4314.65,4314.65,4294.83,4326.54,4393.93,4314.65,4294.83,19.81999999999971,3.3650000000002365,0.27,535.1399999999921,-537.840000000002,1.8900000000000001,0.0,-539.730000000002,-1.0050454086781213,-1.0085771947527935,sl,False,0.0,1.0277497477295756,0.05@4294.73:sl;0.1@4294.73:sl;0.12@4294.73:sl,7312.069999999923,19.624717097166112,2025-10
M5#1004197,M5,1004197,IMB,sell,0.574,B,2025-10-22 16:10:00,2025-10-22 16:11:00,2025-10-22 16:36:00,25.0,4066.79,4066.79,4082.94,4057.1,4002.19,4082.94,4066.79,16.15000000000009,13.05142857142859,0.32,516.8000000000029,55.54000000000269,2.24,0.0,53.30000000000269,0.10746904024768263,0.10313467492260524,partial_be,True,1.1869969040247657,0.12074303405571561,0.06@4057.10:tp1;0.12@4066.89:be;0.14@4066.89:be,7365.369999999926,19.727851772088716,2025-10
M5#1004254,M5,1004254,OB,sell,0.554,B,2025-10-23 04:20:00,2025-10-23 04:22:00,2025-10-23 04:46:00,24.0,4085.91,4085.91,4095.05,4080.43,4049.35,4095.05,4085.91,9.140000000000327,7.9614285714285415,0.56,511.8400000000184,55.77999999998383,3.9200000000000004,0.0,51.85999999998383,0.1089793685526372,0.10132072522659809,partial_be,True,0.8435448577679765,0.7943107221006519,0.11@4080.43:tp1;0.22@4086.01:be;0.23@4086.01:be,7417.22999999991,19.829172497315312,2025-10
M5#1004264,M5,1004264,OB,buy,0.555,B,2025-10-23 04:40:00,2025-10-23 04:43:00,2025-10-23 04:59:00,16.0,4084.04,4084.04,4073.26,4090.51,4127.16,4084.04,4073.26,10.779999999999745,7.311428571428548,0.48,517.4399999999878,-522.2400000000052,3.36,0.0,-525.6000000000053,-1.0092764378479004,-1.015769944341407,sl,False,0.2857142857142857,1.0287569573284236,0.09@4073.16:sl;0.19@4073.16:sl;0.2@4073.16:sl,6891.6299999999055,18.813402552973905,2025-10
M5#1004183,M5,1004183,IMB,sell,0.65,B,2025-10-23 08:30:00,2025-10-23 09:04:00,2025-10-23 09:09:00,5.0,4119.37,4119.37,4130.84,4112.49,4073.49,4130.84,4119.37,11.470000000000255,4.197857142857174,0.44,504.6800000000112,-351.5599999999904,3.08,0.0,-354.6399999999904,-0.6965998256320493,-0.702702702702668,daily_halt,False,0.0,0.7593722755013733,0.08@4127.36:daily_halt;0.17@4127.36:daily_halt;0.19@4127.36:daily_halt,6536.989999999915,18.11069985027124,2025-10
M5#1004416,M5,1004416,IMB,buy,0.678,A,2025-10-24 16:40:00,2025-10-24 16:41:00,2025-10-24 21:01:00,260.0,4105.75,4105.75,4091.18,4114.49,4164.03,4105.75,4091.18,14.570000000000164,12.212857142857112,0.34,495.38000000000557,49.639999999988504,2.3800000000000003,0.0,47.2599999999885,0.10020590253944033,0.09540150995193179,partial_be,True,2.2676733013040216,0.547700754975942,0.06@4114.49:tp1;0.13@4105.65:be;0.15@4105.65:be,6584.249999999904,18.20610136022317,2025-10
M5#1004450,M5,1004450,UW,buy,0.593,B,2025-10-27 00:40:00,2025-10-27 00:44:00,2025-10-27 00:47:00,3.0,4083.55,4083.55,4073.82,4089.39,4122.47,4083.55,4073.82,9.730000000000018,10.697857142857206,0.51,496.2300000000009,-501.33000000001954,3.5700000000000003,0.0,-504.90000000001953,-1.0102774922919182,-1.0174717368962347,sl,False,0.05858170606369043,1.2004110996917028,0.1@4073.72:sl;0.2@4073.72:sl;0.21@4073.72:sl,6079.349999999884,17.188629623326936,2025-10
M5#1004653,M5,1004653,OB,buy,0.601,B,2025-10-29 17:35:00,2025-10-29 17:47:00,2025-10-29 17:51:00,4.0,3996.9,3996.9,3991.28,4000.27,4019.38,3996.9,3991.28,5.619999999999891,5.162857142857092,0.85,477.6999999999908,-486.20000000002165,5.950000000000001,0.0,-492.15000000002163,-1.0177935943061147,-1.03024911032035,sl,False,0.24733096085407466,1.3380782918149694,0.17@3991.18:sl;0.34@3991.18:sl;0.34@3991.18:sl,5587.1999999998625,16.158380513006584,2025-10
M5#1004729,M5,1004729,IMB,buy,0.675,A,2025-10-30 12:00:00,2025-10-30 12:21:00,2025-10-30 12:35:00,14.0,3988.97,3988.97,3976.78,3996.28,4037.73,3988.97,3976.78,12.1899999999996,7.510714285714324,0.38,463.2199999999848,-467.0199999999986,2.66,0.0,-469.67999999999864,-1.0082034454471178,-1.0139458572600797,sl,False,0.1452009844134569,1.2534864643150325,0.07@3976.68:sl;0.15@3976.68:sl;0.16@3976.68:sl,5117.519999999864,15.144434655746505,2025-10
M5#1004792,M5,1004792,UW,sell,0.585,B,2025-10-31 01:45:00,2025-10-31 01:48:00,2025-10-31 03:11:00,83.0,4038.67,4038.67,4046.34,4034.07,4007.99,4046.34,4038.67,7.670000000000073,6.6635714285714585,0.59,452.5300000000043,45.800000000003365,4.13,0.0,41.67000000000336,0.10120875964025132,0.092082292886666,partial_be,True,2.4667535853976394,0.6166883963494099,0.11@4034.07:tp1;0.23@4038.77:be;0.25@4038.77:be,5159.189999999868,15.23651694863317,2025-10
M5#1004861,M5,1004861,IMB,sell,0.584,B,2025-10-31 18:40:00,2025-10-31 19:43:00,2025-10-31 20:12:00,29.0,3999.0,3999.0,4005.08,3995.35,3974.68,4005.08,3999.0,6.079999999999927,8.404285714285672,0.74,449.9199999999946,-457.3199999999879,5.18,0.0,-462.4999999999879,-1.0164473684210378,-1.027960526315775,sl,False,0.5657894736842263,1.0657894736842262,0.14@4005.18:sl;0.29@4005.18:sl;0.31@4005.18:sl,4696.68999999988,14.208556422317395,2025-10
M5#2002838,M5,2002838,IMB,sell,0.576,B,2025-11-03 13:40:00,2025-11-03 13:48:00,2025-11-03 14:33:00,45.0,4007.93,4007.93,4014.36,4004.07,3982.21,4014.36,4007.93,6.430000000000291,3.851428571428674,0.68,437.2400000000198,44.67999999997574,4.760000000000001,0.0,39.919999999975744,0.10218644222846428,0.09129997255505887,partial_be,True,0.9144634525660013,0.25816485225509084,0.13@4004.07:tp1;0.27@4008.03:be;0.28@4008.03:be,4736.609999999855,14.299856394872453,2025-11
M5#2002801,M5,2002801,IMB,buy,0.621,B,2025-11-04 01:20:00,2025-11-04 02:41:00,2025-11-04 03:26:00,45.0,3982.37,3982.37,3974.11,3987.33,4015.41,3982.37,3974.11,8.259999999999764,3.8185714285713988,0.53,437.77999999998747,45.300000000004275,3.71,0.0,41.590000000004274,0.10347663209832694,0.09500205582714026,partial_be,True,1.4648910411622584,0.4539951573850009,0.1@3987.33:tp1;0.21@3982.27:be;0.22@3982.27:be,4778.19999999986,14.394858450699592,2025-11
M5#2003062,M5,2003062,IMB,sell,0.604,B,2025-11-06 01:25:00,2025-11-06 01:32:00,2025-11-06 01:51:00,19.0,3972.4,3972.4,3977.96,3969.06,3950.16,3977.96,3972.4,5.559999999999945,2.8735714285714624,0.79,439.2399999999957,-447.1399999999885,5.53,0.0,-452.6699999999885,-1.0179856115107753,-1.0305755395683291,sl,False,0.023381294964048636,1.0,0.15@3978.06:sl;0.31@3978.06:sl;0.33@3978.06:sl,4325.5299999998715,13.364282911131264,2025-11
M30#2000493,M30,2000493,IMB,buy,0.608,B,2025-11-06 13:30:00,2025-11-06 14:53:00,2025-11-06 16:18:00,85.0,4003.8,4003.8,3992.83,4010.38,4047.68,4003.8,3992.83,10.970000000000255,6.822857142857141,0.39,427.83000000000993,42.859999999987856,2.73,0.0,40.12999999998786,0.10017997802862554,0.09379893883081347,partial_be,True,1.1431175934366156,0.18869644484960033,0.07@4010.38:tp1;0.15@4003.70:be;0.17@4003.70:be,4365.65999999986,13.458081849962078,2025-11
M5#2003282,M5,2003282,IMB,buy,0.759,A,2025-11-10 03:50:00,2025-11-10 03:54:00,2025-11-10 09:13:00,319.0,4043.83,4043.83,4035.09,4049.07,4078.79,4043.83,4035.09,8.739999999999782,5.8321428571428635,0.49,428.2599999999893,1196.4700000000012,3.4299999999999997,0.0,1193.040000000001,2.7937934899360926,2.7857843366180144,tp2,True,4.011441647597348,0.6990846681922517,0.09@4049.07:tp1;0.19@4065.68:tp1;0.21@4078.79:tp2,5558.699999999861,16.243866186580092,2025-11
M10#2001779,M10,2001779,OB,buy,0.615,B,2025-11-13 14:40:00,2025-11-13 15:04:00,2025-11-13 15:19:00,15.0,4229.62,4229.67,4223.11,4233.61,4255.91,4229.67,4223.11,6.5600000000004,6.535000000000049,0.71,465.7600000000284,53.009999999986576,4.97,0.0,48.03999999998658,0.11381398144963789,0.10314324974232146,partial_be,True,0.8628048780487056,0.5731707317073154,0.14@4233.61:tp1;0.28@4229.57:be;0.29@4229.57:be,5606.739999999847,16.347009436322413,2025-11
M15#2001202,M15,2001202,IMB,buy,0.644,B,2025-11-13 15:45:00,2025-11-13 20:35:00,2025-11-14 09:25:00,770.0,4159.4,4159.4,4140.04,4171.02,4236.84,4159.4,4140.04,19.359999999999673,9.377142857142903,0.24,464.6399999999922,480.98000000001406,1.6800000000000002,-10.0,469.30000000001405,1.0351670110193314,1.010029269972499,partial_be,True,2.6833677685951245,0.732438016528906,0.04@4171.02:tp1;0.09@4207.80:tp1;0.11@4159.30:be,6076.039999999861,17.35703870629491,2025-11
M5#2003640,M5,2003640,IMB,sell,0.62,B,2025-11-14 17:05:00,2025-11-14 17:48:00,2025-11-14 17:58:00,10.0,4091.95,4091.95,4105.49,4083.83,4037.79,4105.49,4091.95,13.539999999999964,12.76642857142854,0.35,473.8999999999987,54.039999999989064,2.45,0.0,51.58999999998906,0.11403249630721504,0.10886262924665373,partial_be,True,0.7259970457902477,0.3530280649926638,0.07@4083.83:tp1;0.14@4092.05:be;0.14@4092.05:be,6127.62999999985,17.465901335541567,2025-11
M5#2003779,M5,2003779,OB,sell,0.575,B,2025-11-18 10:20:00,2025-11-18 10:32:00,2025-11-18 10:33:00,1.0,4028.67,4028.67,4035.11,4024.81,4002.91,4035.11,4028.67,6.440000000000055,6.0457142857142765,0.75,483.0000000000041,-490.49999999999727,5.25,0.0,-495.74999999999727,-1.0155279503105448,-1.026397515527936,sl,False,0.0,1.0605590062111598,0.15@4035.21:sl;0.3@4035.21:sl;0.3@4035.21:sl,5631.879999999853,16.43950382001363,2025-11
M5#2003873,M5,2003873,IMB,buy,0.571,B,2025-11-19 08:30:00,2025-11-19 09:08:00,2025-11-19 09:59:00,51.0,4086.68,4086.68,4079.5,4090.99,4115.4,4086.68,4079.5,7.179999999999836,4.872857142857193,0.65,466.69999999998936,50.83000000000402,4.55,0.0,46.28000000000402,0.10891364902508073,0.0991643454039106,partial_be,True,1.420612813370544,0.22423398328686758,0.13@4090.99:tp1;0.26@4086.58:be;0.26@4086.58:be,5678.159999999857,16.53866816541754,2025-11
M5#2003889,M5,2003889,IMB,buy,0.595,B,2025-11-19 15:25:00,2025-11-19 17:53:00,2025-11-19 17:53:00,0.0,4098.15,4098.15,4091.5,4102.14,4124.75,4098.15,4091.5,6.649999999999636,4.689285714285559,0.7,465.49999999997453,-472.4999999999682,4.9,0.0,-477.3999999999682,-1.0150375939849496,-1.0255639097744238,sl,False,0.0,1.20300751879699,0.14@4091.40:sl;0.28@4091.40:sl;0.28@4091.40:sl,5200.759999999889,15.513104255643118,2025-11
M5#2003959,M5,2003959,UW,buy,0.645,B,2025-11-20 09:55:00,2025-11-20 10:04:00,2025-11-20 10:12:00,8.0,4051.21,4051.21,4043.35,4055.93,4082.65,4051.21,4043.35,7.860000000000127,5.2392857142857405,0.58,455.8800000000073,-461.6800000000021,4.06,0.0,-465.7400000000021,-1.0127226463104209,-1.0216284987277235,sl,False,0.5559796437658804,1.0445292620865017,0.11@4043.25:sl;0.23@4043.25:sl;0.24@4043.25:sl,4735.019999999887,14.491475756915394,2025-11
M5#2003991,M5,2003991,OB,buy,0.59,B,2025-11-20 10:50:00,2025-11-20 18:58:00,2025-11-20 19:05:00,7.0,4050.28,4050.28,4042.76,4054.79,4080.36,4050.28,4042.76,7.519999999999982,7.183571428571505,0.58,436.1599999999989,-254.04000000000633,4.06,0.0,-258.10000000000633,-0.5824468085106543,-0.5917553191489522,daily_halt,False,0.5186170212765486,0.6994680851064137,0.11@4045.90:daily_halt;0.23@4045.90:daily_halt;0.24@4045.90:daily_halt,4476.91999999988,13.899720437766442,2025-11
M10#2002024,M10,2002024,IMB,buy,0.604,B,2025-11-21 01:20:00,2025-11-21 02:23:00,2025-11-21 02:53:00,30.0,4072.57,4072.57,4064.14,4077.63,4106.29,4072.57,4064.14,8.430000000000291,5.118571428571419,0.51,429.93000000001484,46.49999999998454,3.5700000000000003,0.0,42.92999999998454,0.10815714186026314,0.09985346451744018,partial_be,True,0.8683274021351668,0.11506524317914842,0.1@4077.63:tp1;0.2@4072.47:be;0.21@4072.47:be,4519.849999999865,13.999573902283883,2025-11
M5#2004088,M5,2004088,IMB,buy,0.584,B,2025-11-21 15:10:00,2025-11-21 17:41:00,2025-11-21 17:43:00,2.0,4055.53,4055.53,4050.02,4058.84,4077.57,4055.53,4050.02,5.510000000000218,7.525714285714263,0.79,435.29000000001724,43.2499999999759,5.53,0.0,37.7199999999759,0.0993590479909352,0.08665487376226057,partial_be,True,0.8439201451904632,0.050816696914734845,0.15@4058.84:tp1;0.31@4055.43:be;0.33@4055.43:be,4557.569999999841,14.086228776046143,2025-11
M5#2004103,M5,2004103,UW,buy,0.584,B,2025-11-21 18:15:00,2025-11-21 22:33:00,2025-11-21 22:35:00,2.0,4061.33,4061.33,4055.25,4064.98,4085.65,4061.33,4055.25,6.079999999999927,6.169999999999975,0.71,431.67999999999483,45.400000000006465,4.97,0.0,40.430000000006466,0.10517049666421194,0.09365733876947496,partial_be,True,0.6101973684210659,0.2878289473684245,0.14@4064.98:tp1;0.28@4061.23:be;0.29@4061.23:be,4597.999999999847,14.179886114815618,2025-11
M5#2004237,M5,2004237,OB,sell,0.586,B,2025-11-25 12:00:00,2025-11-25 15:20:00,2025-11-25 15:30:00,10.0,4146.09,4146.09,4151.38,4142.92,4124.93,4151.38,4146.09,5.289999999999964,5.332142857143026,0.85,449.64999999999696,47.090000000038344,5.950000000000001,0.0,41.14000000003834,0.1047258979206909,0.09149338374299704,partial_be,True,1.4896030245747,0.5141776937618664,0.17@4142.92:tp1;0.34@4146.19:be;0.34@4146.19:be,4639.139999999886,14.271379498558614,2025-11
M10#2002119,M10,2002119,IMB,buy,0.618,B,2025-11-25 08:20:00,2025-11-25 10:54:00,2025-11-26 05:10:00,1096.0,4110.24,4110.24,4095.71,4118.96,4168.36,4110.24,4095.71,14.529999999999745,4.977857142856984,0.3,435.89999999999236,1185.6000000000076,2.1,-18.0,1165.5000000000077,2.7198898830007536,2.6737783895389495,tp2,True,4.052305574673169,0.03578802477629292,0.06@4118.96:tp1;0.12@4146.56:tp1;0.12@4168.36:tp2,5804.639999999894,16.945157888097565,2025-11
M10#2002278,M10,2002278,IMB,buy,0.601,B,2025-11-28 06:40:00,2025-11-28 07:09:00,2025-11-28 07:24:00,15.0,4176.63,4176.63,4171.88,4179.48,4195.63,4176.63,4171.88,4.75,4.24714285714286,0.99,470.25,46.14999999996053,6.93,0.0,39.21999999996053,0.09813928761288788,0.08340244550762473,partial_be,True,2.4210526315789473,4.103157894736796,0.19@4179.48:tp1;0.39@4176.53:be;0.41@4176.53:be,5843.859999999854,17.02856033360519,2025-11
M5#2004477,M5,2004477,IMB,buy,0.632,B,2025-11-28 13:25:00,2025-11-28 14:00:00,2025-11-28 15:25:00,85.0,4168.39,4168.39,4163.17,4171.52,4189.27,4168.39,4163.17,5.220000000000255,4.487142857142771,0.91,475.0200000000231,49.03999999997541,6.369999999999999,0.0,42.66999999997541,0.10323775841011541,0.08982779672429231,partial_be,True,1.8716475095783622,0.18582375478931176,0.18@4171.52:tp1;0.36@4168.29:be;0.37@4168.29:be,5886.52999999983,17.118388130329482,2025-11
M5#2004499,M5,2004499,UW,sell,0.601,B,2025-11-28 17:00:00,2025-11-28 17:57:00,2025-11-28 18:16:00,19.0,4202.44,4202.44,4208.34,4198.9,4178.84,4208.34,4202.44,5.900000000000546,5.524999999999831,0.8,472.00000000004366,50.23999999997614,5.6000000000000005,0.0,44.63999999997614,0.1064406779660413,0.09457627118638139,partial_be,True,0.6762711864405784,0.5644067796609524,0.16@4198.90:tp1;0.32@4202.54:be;0.32@4202.54:be,5931.169999999805,17.212964401515862,2025-11
M5#3002654,M5,3002654,IMB,sell,0.613,B,2025-12-01 08:10:00,2025-12-01 08:10:00,2025-12-01 08:30:00,20.0,4233.54,4233.54,4239.53,4229.95,4209.58,4239.53,4233.54,5.989999999999782,6.385000000000024,0.79,473.20999999998276,47.4499999999789,5.53,0.0,41.9199999999789,0.1002726062424307,0.08858646266980923,partial_be,True,1.1986644407346498,0.1385642737896423,0.15@4229.95:tp1;0.31@4233.64:be;0.33@4233.64:be,5973.089999999785,17.30155086418567,2025-12
M10#2002363,M10,2002363,UW,buy,0.6,B,2025-12-01 22:40:00,2025-12-01 22:57:00,2025-12-01 23:35:00,38.0,4235.14,4235.14,4229.37,4238.6,4258.22,4235.14,4229.37,5.770000000000437,5.552857142857127,0.83,478.91000000003623,48.659999999976215,5.8100000000000005,0.0,42.84999999997621,0.10160572967775268,0.08947401390652308,partial_be,True,0.9341421143845772,0.14038128249572598,0.16@4238.60:tp1;0.33@4235.04:be;0.34@4235.04:be,6015.93999999976,17.391024878092193,2025-12
M5#3002608,M5,3002608,IMB,buy,0.614,B,2025-12-02 11:00:00,2025-12-02 11:36:00,2025-12-02 13:53:00,137.0,4182.15,4182.15,4177.24,4185.1,4201.79,4182.15,4177.24,4.9099999999998545,3.610714285714234,0.97,476.2699999999859,1313.6100000000297,6.79,0.0,1306.8200000000297,2.7581203938943637,2.7438637747497605,tp2,True,4.173116089613299,0.18533604887981292,0.19@4185.40:tp1;0.38@4194.42:tp1;0.4@4201.79:tp2,7322.75999999979,20.13488865284195,2025-12
M5#3002861,M5,3002861,UW,buy,0.57,B,2025-12-03 18:30:00,2025-12-03 18:53:00,2025-12-03 18:54:00,1.0,4212.35,4212.35,4206.26,4216.0,4236.71,4212.35,4206.26,6.0900000000001455,5.338571428571413,0.85,517.6500000000125,-526.1500000000433,5.950000000000001,0.0,-532.1000000000433,-1.0164203612480065,-1.0279146141215696,sl,False,0.0,1.0032840722496612,0.17@4206.16:sl;0.34@4206.16:sl;0.34@4206.16:sl,6790.659999999747,19.10697403872038,2025-12
M10#3001374,M10,3001374,OB,sell,0.645,B,2025-12-05 14:10:00,2025-12-05 17:32:00,2025-12-05 18:11:00,39.0,4250.88,4250.88,4259.94,4245.44,4214.64,4259.94,4250.88,9.05999999999949,3.2057142857143583,0.55,498.29999999997204,1355.4200000000128,3.8500000000000005,0.0,1351.570000000013,2.720088300220929,2.7123620309052554,tp2,True,4.19426048565145,0.9646799116999097,0.11@4245.44:tp1;0.22@4228.23:tp1;0.22@4214.64:tp2,8142.2299999997595,21.819336069625635,2025-12
M5#3003084,M5,3003084,UW,sell,0.685,A,2025-12-09 09:55:00,2025-12-09 11:05:00,2025-12-09 11:19:00,14.0,4201.8,4201.8,4210.7,4196.46,4166.2,4210.7,4201.8,8.899999999999636,2.737857142857268,0.61,542.8999999999778,-549.0,4.27,0.0,-553.27,-1.011235955056221,-1.0191011235955472,sl,False,0.21797752808995377,1.0325842696629186,0.12@4210.80:sl;0.24@4210.80:sl;0.25@4210.80:sl,7588.959999999759,20.800234946030088,2025-12
M15#3001083,M15,3001083,OB,sell,0.607,B,2025-12-10 22:45:00,2025-12-11 02:12:00,2025-12-11 16:37:00,865.0,4239.92,4239.78,4253.75,4231.4,4183.9,4253.75,4239.78,13.970000000000255,13.126428571428473,0.37,516.8900000000094,551.2599999999984,2.59,0.0,548.6699999999984,1.066493838147359,1.0614831008531571,partial_be,True,2.518969219756547,0.5705082319254975,0.07@4231.40:tp1;0.14@4204.85:tp1;0.16@4239.88:be,8137.629999999757,21.861718046883244,2025-12
M10#3001721,M10,3001721,IMB,buy,0.662,A,2025-12-11 19:50:00,2025-12-11 20:58:00,2025-12-11 22:07:00,69.0,4270.98,4270.98,4261.04,4276.94,4310.74,4270.98,4261.04,9.9399999999996,8.33071428571436,0.54,536.7599999999784,55.200000000024374,3.7800000000000002,0.0,51.42000000002437,0.10283925776888478,0.09579700424775774,partial_be,True,0.6569416498994887,0.7957746478873413,0.1@4276.94:tp1;0.21@4270.88:be;0.23@4270.88:be,8189.049999999782,21.957515051131,2025-12
M5#3003401,M5,3003401,IMB,sell,0.674,A,2025-12-15 04:15:00,2025-12-15 04:31:00,2025-12-15 07:56:00,205.0,4327.99,4327.99,4343.29,4318.81,4266.79,4343.29,4327.99,15.300000000000182,4.272857142857057,0.35,535.5000000000064,-539.0000000000191,2.45,0.0,-541.4500000000191,-1.006535947712442,-1.0111111111111348,sl,False,0.5516339869280719,1.0078431372548948,0.07@4343.39:sl;0.14@4343.39:sl;0.14@4343.39:sl,7647.599999999763,20.946403940019866,2025-12
M5#3003457,M5,3003457,IMB,buy,0.653,A,2025-12-15 08:15:00,2025-12-15 09:39:00,2025-12-15 13:07:00,208.0,4335.7,4335.7,4331.01,4338.51,4354.46,4335.7,4331.01,4.6899999999996,3.547857142857083,1.12,525.2799999999553,572.9000000000451,7.840000000000001,0.0,565.0600000000451,1.0906564118186375,1.0757310386843077,partial_be,True,3.108742004264642,0.47547974413640803,0.22@4338.51:tp1;0.44@4347.42:tp1;0.46@4335.60:be,8212.659999999809,22.022134978704173,2025-12
M5#3003497,M5,3003497,OB,sell,0.584,B,2025-12-16 15:05:00,2025-12-16 16:03:00,2025-12-16 16:18:00,15.0,4318.77,4318.77,4325.74,4314.59,4290.89,4325.74,4318.77,6.969999999999345,3.427857142857062,0.78,543.6599999999489,-551.4599999999773,5.46,0.0,-556.9199999999773,-1.014347202295606,-1.0243902439024937,sl,False,0.5337159253946347,1.0832137733143317,0.15@4325.84:sl;0.31@4325.84:sl;0.32@4325.84:sl,7655.7399999998315,20.997744734801678,2025-12
M10#3002090,M10,3002090,IMB,buy,0.652,A,2025-12-23 21:40:00,2025-12-23 23:56:00,2025-12-24 01:41:00,105.0,4484.19,4484.19,4478.35,4487.69,4507.55,4484.19,4478.35,5.839999999999236,5.906428571428543,0.9,525.5999999999311,1429.560000000034,6.299999999999999,-108.0,1315.260000000034,2.7198630136990514,2.5023972602743654,tp2,True,4.172945205480135,0.3116438356164293,0.18@4487.69:tp1;0.36@4498.79:tp1;0.36@4507.55:tp2,8970.999999999865,23.500141995076042,2025-12
M5#3004385,M5,3004385,IMB,sell,0.553,B,2025-12-31 13:00:00,2025-12-31 13:08:00,2025-12-31 14:36:00,88.0,4312.32,4312.32,4319.64,4307.93,4283.04,4319.64,4312.32,7.3200000000006185,5.842142857142725,0.77,563.6400000000476,59.64999999996871,5.390000000000001,0.0,54.25999999996871,0.10582996238727499,0.09626712085722115,partial_be,True,1.2240437158468962,0.5874316939890463,0.15@4307.93:tp1;0.3@4312.42:be;0.32@4312.42:be,9025.259999999835,23.596409115933263,2025-12
M5#4002376,M5,4002376,IMB,buy,0.55,C,2026-01-02 15:35:00,2026-01-02 18:03:00,2026-01-02 18:17:00,14.0,4327.32,4327.32,4319.05,4332.28,4360.4,4327.32,4319.05,8.269999999999527,5.917142857142737,0.69,570.6299999999674,-577.5299999999925,4.83,0.0,-582.3599999999925,-1.012091898428098,-1.0205562273277358,sl,False,0.26964933494565907,1.1511487303506738,0.13@4318.95:sl;0.27@4318.95:sl;0.29@4318.95:sl,8442.899999999841,22.575852888605528,2026-01
M10#4001209,M10,4001209,IMB,sell,0.626,B,2026-01-05 03:20:00,2026-01-05 08:25:00,2026-01-05 16:02:00,457.0,4422.05,4422.05,4446.16,4407.58,4325.61,4446.16,4422.05,24.109999999999673,12.529285714285768,0.22,530.4199999999928,56.08000000001084,1.54,0.0,54.54000000001084,0.10572753666907658,0.10282417706725158,partial_be,True,1.0671920364993743,0.7573620904188949,0.04@4407.58:tp1;0.08@4422.15:be;0.1@4422.15:be,8497.439999999851,22.67867706567278,2026-01
M5#4002619,M5,4002619,OB,buy,0.61,B,2026-01-06 17:30:00,2026-01-06 17:33:00,2026-01-06 17:37:00,4.0,4471.78,4471.78,4466.32,4475.06,4493.62,4471.78,4466.32,5.460000000000036,6.819285714285668,1.01,551.4600000000037,-561.5599999999486,7.07,0.0,-568.6299999999486,-1.0183150183149183,-1.031135531135431,sl,False,0.0,1.5879120879120907,0.2@4466.22:sl;0.4@4466.22:sl;0.41@4466.22:sl,7928.809999999903,21.64754153453735,2026-01
M5#4002662,M5,4002662,OB,sell,0.559,B,2026-01-09 15:30:00,2026-01-09 15:32:00,2026-01-09 15:37:00,5.0,4485.33,4485.33,4491.94,4481.36,4458.89,4491.94,4485.33,6.609999999999673,4.994285714285654,0.81,535.4099999999735,57.01999999998043,5.67,0.0,51.349999999980426,0.10649782409738939,0.09590780896879582,partial_be,True,0.9228441754916424,0.6111951588503893,0.16@4481.36:tp1;0.32@4485.43:be;0.33@4485.43:be,7980.159999999883,21.743449343506146,2026-01
M5#4002970,M5,4002970,IMB,buy,0.706,A,2026-01-12 15:35:00,2026-01-12 16:03:00,2026-01-12 16:04:00,1.0,4600.98,4600.98,4595.93,4604.01,4621.18,4600.98,4595.93,5.049999999999272,4.637857142857229,1.06,535.2999999999229,55.130000000060136,7.42,0.0,47.710000000060134,0.10298897814322451,0.08912759200460865,partial_be,True,0.7841584158417043,0.6019801980198816,0.21@4604.01:tp1;0.42@4600.88:be;0.43@4600.88:be,8027.8699999999435,21.832576935510755,2026-01
M10#4001661,M10,4001661,UW,sell,0.624,B,2026-01-13 01:50:00,2026-01-13 01:57:00,2026-01-13 05:09:00,192.0,4597.23,4597.23,4607.99,4590.77,4554.19,4607.99,4597.23,10.760000000000218,6.961428571428639,0.5,538.0000000000109,60.59999999997672,3.5,0.0,57.09999999997672,0.1126394052044154,0.10613382899623709,partial_be,True,2.0120817843865426,0.27509293680297175,0.1@4590.77:tp1;0.2@4597.33:be;0.2@4597.33:be,8084.96999999992,21.938710764506993,2026-01
M5#4003091,M5,4003091,OB,buy,0.599,B,2026-01-14 06:40:00,2026-01-14 07:57:00,2026-01-14 07:59:00,2.0,4620.58,4620.58,4614.87,4624.01,4643.42,4620.58,4614.87,5.710000000000036,3.1285714285715067,0.95,542.4500000000035,57.56999999997788,6.6499999999999995,0.0,50.91999999997788,0.10612959719785697,0.0938704028020602,partial_be,True,0.7320490367776294,0.5078809106829453,0.19@4624.01:tp1;0.38@4620.48:be;0.38@4620.48:be,8135.8899999998985,22.032581167309054,2026-01
M5#4003109,M5,4003109,OB,sell,0.604,B,2026-01-14 12:15:00,2026-01-14 12:17:00,2026-01-14 13:04:00,47.0,4634.27,4634.27,4638.88,4631.5,4615.83,4638.88,4634.27,4.609999999999673,3.3878571428570985,1.18,543.9799999999614,54.21000000006189,8.26,0.0,45.95000000006189,0.09965439905890977,0.08447001728016683,partial_be,True,0.7874186550978908,0.872017353579135,0.23@4631.50:tp1;0.47@4634.37:be;0.48@4634.37:be,8181.83999999996,22.117051184589222,2026-01
M5#4003471,M5,4003471,OB,buy,0.608,B,2026-01-20 12:20:00,2026-01-20 12:29:00,2026-01-20 13:07:00,38.0,4729.36,4729.36,4722.7,4733.36,4756.0,4729.36,4722.7,6.6599999999998545,3.9557142857142287,0.81,539.4599999999882,-547.5599999999441,5.67,0.0,-553.2299999999441,-1.0150150150149335,-1.0255255255254443,sl,False,0.0,1.1546546546546197,0.16@4722.60:sl;0.32@4722.60:sl;0.33@4722.60:sl,7628.610000000016,21.091525659063777,2026-01
M5#4003544,M5,4003544,UW,buy,0.656,A,2026-01-21 08:30:00,2026-01-21 08:39:00,2026-01-21 08:40:00,1.0,4869.53,4869.53,4864.42,4872.6,4889.97,4869.53,4864.42,5.109999999999673,6.692142857142828,1.03,526.3299999999663,-536.6300000000037,7.21,0.0,-543.8400000000038,-1.0195694716243386,-1.0332681017613259,sl,False,0.0,1.1311154598826059,0.2@4864.32:sl;0.41@4864.32:sl;0.42@4864.32:sl,7084.770000000012,20.05825755730245,2026-01
M30#4000655,M30,4000655,IMB,buy,0.66,A,2026-01-21 10:00:00,2026-01-21 17:23:00,2026-01-21 19:15:00,112.0,4815.03,4815.03,4787.53,4831.53,4925.03,4815.03,4787.53,27.5,22.9292857142856,0.18,495.0,48.000000000008185,1.26,0.0,46.74000000000819,0.09696969696971351,0.09442424242425897,partial_be,True,1.4760000000000053,0.07090909090908429,0.03@4831.53:tp1;0.07@4814.93:be;0.08@4814.93:be,7131.51000000002,20.15268179972671,2026-01
M5#4003664,M5,4003664,OB,sell,0.566,B,2026-01-22 14:20:00,2026-01-22 14:20:00,2026-01-22 15:14:00,54.0,4827.73,4827.73,4835.31,4823.18,4797.41,4835.31,4827.73,7.580000000000837,3.7164285714285534,0.71,538.1800000000594,57.999999999969084,4.97,0.0,53.029999999969085,0.10777063436018187,0.09853580586414068,partial_be,True,1.498680738785951,0.6715039577837062,0.14@4823.18:tp1;0.28@4827.83:be;0.29@4827.83:be,7184.539999999989,20.251217605590853,2026-01
M5#4003641,M5,4003641,IMB,buy,0.622,B,2026-01-22 08:20:00,2026-01-22 11:42:00,2026-01-22 15:42:00,240.0,4815.47,4815.47,4807.82,4820.06,4846.07,4815.47,4807.82,7.650000000000546,4.991428571428449,0.67,512.5500000000366,554.2499999999945,4.69,0.0,549.5599999999945,1.081357916300761,1.0722075895033758,partial_be,True,2.7333333333331193,0.5647058823529817,0.13@4820.06:tp1;0.26@4834.60:tp1;0.28@4815.37:be,7734.099999999984,21.323425195094227,2026-01
M10#4002029,M10,4002029,OB,buy,0.634,B,2026-01-22 22:50:00,2026-01-22 22:58:00,2026-01-23 01:01:00,123.0,4916.18,4916.18,4908.3,4920.91,4947.7,4916.18,4908.3,7.880000000000109,7.257857142857249,0.67,527.9600000000073,1456.2499999999764,4.69,-14.000000000000002,1437.5599999999763,2.7582582013788093,2.7228577922569066,tp2,True,4.020304568527784,0.24111675126910145,0.13@4920.91:tp1;0.26@4935.88:tp1;0.28@4947.70:tp2,9171.65999999996,24.046282987351134,2026-01
M5#4003711,M5,4003711,OB,buy,0.611,B,2026-01-23 02:50:00,2026-01-23 03:02:00,2026-01-23 03:19:00,17.0,4943.99,4943.99,4934.3,4949.8,4982.75,4943.99,4934.3,9.6899999999996,7.071428571428702,0.59,571.7099999999764,59.1100000000306,4.13,0.0,54.9800000000306,0.10339157964708164,0.096167637438619,partial_be,True,1.0866873065016605,0.7502579979359987,0.11@4949.80:tp1;0.23@4943.89:be;0.25@4943.89:be,9226.63999999999,24.142450624789753,2026-01
M10#4002077,M10,4002077,IMB,buy,0.687,A,2026-01-23 19:00:00,2026-01-23 19:55:00,2026-01-23 20:41:00,46.0,4969.79,4969.79,4960.72,4975.23,5006.07,4969.79,4960.72,9.069999999999709,10.967857142857222,0.63,571.4099999999817,60.179999999976644,4.41,0.0,55.76999999997665,0.10531842284870509,0.09760067202180298,partial_be,True,1.593164277839061,0.831312017640596,0.12@4975.23:tp1;0.25@4969.69:be;0.26@4969.69:be,9282.409999999967,24.240051296811554,2026-01
M5#4003862,M5,4003862,OB,sell,0.58,B,2026-01-26 12:10:00,2026-01-26 12:14:00,2026-01-26 13:38:00,84.0,5090.46,5090.46,5098.16,5085.84,5059.66,5098.16,5090.46,7.699999999999818,6.277857142857231,0.75,577.4999999999864,63.299999999976535,5.25,0.0,58.049999999976535,0.10961038961035156,0.10051948051944226,partial_be,True,1.4922077922079173,0.6467532467532053,0.15@5085.84:tp1;0.3@5090.56:be;0.3@5090.56:be,9340.459999999945,24.340570777330996,2026-01
M5#4003826,M5,4003826,UW,buy,0.709,A,2026-01-26 15:00:00,2026-01-26 21:03:00,2026-01-26 21:18:00,15.0,5041.85,5041.85,5029.22,5049.43,5092.37,5041.85,5029.22,12.63000000000011,5.147857142857122,0.45,568.3500000000048,64.61999999998625,3.1499999999999995,0.0,61.46999999998625,0.113697545526499,0.10815518606489967,partial_be,True,1.6935866983372314,0.44259699129058566,0.09@5049.43:tp1;0.18@5041.75:be;0.18@5041.75:be,9401.929999999931,24.448725963395894,2026-01
M5#4004057,M5,4004057,UW,buy,0.556,B,2026-01-28 17:00:00,2026-01-28 17:08:00,2026-01-28 17:08:00,0.0,5259.33,5259.33,5250.21,5264.8,5295.81,5259.33,5250.21,9.11999999999989,10.68999999999986,0.63,574.5599999999931,-580.860000000016,4.41,0.0,-585.270000000016,-1.0109649122807418,-1.018640350877233,sl,False,0.0,2.578947368421032,0.12@5250.11:sl;0.25@5250.11:sl;0.26@5250.11:sl,8816.659999999914,23.43008561251866,2026-01
M5#4004093,M5,4004093,UW,buy,0.552,B,2026-01-29 07:30:00,2026-01-29 10:43:00,2026-01-29 10:43:00,0.0,5500.14,5500.14,5486.98,5508.04,5552.78,5500.14,5486.98,13.160000000000764,11.399999999999832,0.42,552.7200000000322,-556.9200000000092,2.9400000000000004,0.0,-559.8600000000092,-1.0075987841944867,-1.0129179331306568,sl,False,0.0,1.0326747720364253,0.08@5486.88:sl;0.16@5486.88:sl;0.18@5486.88:sl,8256.799999999905,22.417167679388005,2026-01
M5#4004140,M5,4004140,UW,sell,0.554,B,2026-01-29 18:40:00,2026-01-29 19:16:00,2026-01-29 19:26:00,10.0,5328.01,5328.01,5367.36,5304.4,5170.61,5367.36,5328.01,39.349999999999454,55.54142857142863,0.13,511.5499999999929,-393.7699999999995,0.91,0.0,-394.67999999999955,-0.7697585768742156,-0.7715374841169095,daily_halt,False,0.19110546378652177,0.870902160101675,0.02@5358.30:daily_halt;0.05@5358.30:daily_halt;0.06@5358.30:daily_halt,7862.119999999905,21.645630195271096,2026-01
M5#4004182,M5,4004182,IMB,sell,0.604,B,2026-01-30 04:35:00,2026-01-30 04:39:00,2026-01-30 05:31:00,52.0,5213.53,5213.53,5270.45,5179.38,4985.85,5270.45,5213.53,56.92000000000007,40.6949999999999,0.09,512.2800000000007,33.349999999996726,0.63,0.0,32.71999999999672,0.06510111657686554,0.06387132037166526,partial_be,True,0.8148278285312569,0.5736120871398542,0.01@5179.38:tp1;0.03@5213.63:be;0.05@5213.63:be,7894.839999999902,21.70950151564276,2026-01
M5#5002439,M5,5002439,OB,buy,0.577,B,2026-02-02 01:10:00,2026-02-02 01:11:00,2026-02-02 01:45:00,34.0,4751.96,4751.96,4695.5,4785.84,4977.8,4751.96,4695.5,56.460000000000036,28.795714285714375,0.09,508.1400000000003,33.0799999999972,0.63,0.0,32.449999999997196,0.0651001692446908,0.06386035344589518,partial_be,True,0.6583421891604685,0.9842366277010215,0.01@4785.84:tp1;0.03@4751.86:be;0.05@4751.86:be,7927.289999999899,21.773361869088657,2026-02
M5#5002452,M5,5002452,OB,sell,0.599,B,2026-02-02 02:00:00,2026-02-02 02:09:00,2026-02-02 08:23:00,374.0,4810.41,4810.41,4892.25,4761.31,4483.05,4892.25,4810.41,81.84000000000015,43.69357142857143,0.06,491.04000000000093,1440.3799999999974,0.42000000000000004,0.0,1439.9599999999973,2.9333251873574344,2.9324698598892036,tp2,True,4.190493646138798,0.9086021505376288,0.01@4761.31:tp1;0.02@4605.81:tp1;0.03@4483.05:tp2,9367.249999999896,24.70583172897786,2026-02
M10#5001475,M10,5001475,OB,sell,0.626,B,2026-02-06 02:30:00,2026-02-06 16:37:00,2026-02-06 18:40:00,123.0,4944.57,4944.57,4980.49,4923.02,4800.89,4980.49,4944.57,35.92000000000007,28.906428571428673,0.16,574.7200000000012,63.34999999999309,1.12,0.0,62.22999999999309,0.11022758908684743,0.10827881403116815,partial_be,True,0.6219376391982211,0.5718262806236312,0.03@4923.02:tp1;0.06@4944.67:be;0.07@4944.67:be,9429.479999999889,24.81411054300903,2026-02
M5#5002920,M5,5002920,IMB,buy,0.649,B,2026-02-09 02:25:00,2026-02-09 02:42:00,2026-02-09 03:05:00,23.0,5019.89,5019.89,4997.3,5033.44,5110.25,5019.89,4997.3,22.590000000000146,15.110000000000127,0.25,564.7500000000036,65.74999999998909,1.75,0.0,63.999999999989086,0.11642319610445093,0.11332447985832435,partial_be,True,0.979194333775996,0.34528552456839895,0.05@5033.44:tp1;0.1@5019.79:be;0.1@5019.79:be,9493.479999999878,24.927435022867353,2026-02
M5#5002984,M5,5002984,IMB,sell,0.581,B,2026-02-10 01:30:00,2026-02-10 01:43:00,2026-02-10 04:03:00,140.0,5038.16,5038.16,5055.86,5027.54,4967.36,5055.86,5038.16,17.699999999999818,14.879285714285809,0.33,584.099999999994,61.01999999998952,2.31,0.0,58.70999999998952,0.10446841294297235,0.1005136106830853,partial_be,True,1.6355932203389896,0.5909604519774092,0.06@5027.54:tp1;0.13@5038.26:be;0.14@5038.26:be,9552.189999999868,25.027948633550437,2026-02
M5#5003168,M5,5003168,OB,sell,0.706,A,2026-02-12 07:20:00,2026-02-12 11:50:00,2026-02-12 15:46:00,236.0,5078.8,5078.8,5095.27,5068.92,5012.92,5095.27,5078.8,16.470000000000255,4.564285714285818,0.35,576.4500000000089,66.36000000001604,2.45,0.0,63.91000000001604,0.11511839708563625,0.11086824529450091,partial_be,True,1.7941712204007119,0.13479052823316456,0.07@5068.92:tp1;0.14@5078.90:be;0.14@5078.90:be,9616.099999999884,25.13881687884494,2026-02
H1#5000300,H1,5000300,IMB,sell,0.687,A,2026-02-12 23:00:00,2026-02-13 03:45:00,2026-02-13 09:39:00,354.0,4982.54,4982.54,5040.32,4947.87,4751.42,5040.32,4982.54,57.779999999999745,39.076428571428615,0.1,577.7999999999975,68.53999999999724,0.7000000000000001,0.0,67.83999999999723,0.11862236067843118,0.1174108688127337,partial_be,True,0.6398407753547856,0.25752855659398016,0.02@4947.87:tp1;0.04@4982.64:be;0.04@4982.64:be,9683.93999999988,25.25622774765767,2026-02
M10#5001794,M10,5001794,UW,buy,0.61,B,2026-02-13 23:30:00,2026-02-16 01:00:00,2026-02-16 01:01:00,1.0,5026.63,5028.02,5021.79,5031.76,5052.94,5028.02,5021.79,6.230000000000473,7.0121428571427975,0.99,616.7700000000468,812.1900000000105,6.93,-20.5,784.7600000000106,1.316844204484571,1.2723705757412829,partial_be,True,4.083467094702676,1.2343499197431662,0.19@5031.76:tp1;0.39@5043.60:tp1;0.41@5027.92:be,10468.699999999892,26.528598323398956,2026-02
M5#5003325,M5,5003325,UW,buy,0.634,B,2026-02-13 17:00:00,2026-02-13 17:53:00,2026-02-16 05:49:00,3596.0,4988.04,4988.04,4964.67,5002.06,5081.52,4988.04,4964.67,23.36999999999989,13.42071428571418,0.25,584.2499999999973,653.4000000000015,1.75,-5.0,646.6500000000015,1.1183568677792117,1.1068035943517407,partial_be,True,2.7398373983739854,0.5857937526743544,0.05@5002.06:tp1;0.1@5046.47:tp1;0.1@4987.94:be,11115.349999999893,27.6354019177507,2026-02
M5#5003364,M5,5003364,IMB,sell,0.552,B,2026-02-16 09:55:00,2026-02-16 10:02:00,2026-02-16 10:58:00,56.0,5009.95,5009.95,5018.69,5004.71,4974.99,5018.69,5009.95,8.739999999999782,4.129285714285743,0.72,629.2799999999843,67.55999999997584,5.04,0.0,62.519999999975845,0.10736079328753104,0.09935163996945304,partial_be,True,1.602974828375351,0.40160183066365057,0.14@5004.71:tp1;0.28@5010.05:be;0.3@5010.05:be,11177.869999999868,27.73475355772015,2026-02
M5#5003370,M5,5003370,UW,buy,0.602,B,2026-02-16 16:55:00,2026-02-16 17:02:00,2026-02-17 02:09:00,547.0,4977.06,4977.06,4965.61,4983.93,5022.86,4977.06,4965.61,11.450000000000728,4.803571428571429,0.55,629.7500000000401,71.16999999998279,3.8500000000000005,-22.0,45.3199999999828,0.1130131004366467,0.07196506550215151,partial_be,True,2.0541484716155485,0.6855895196506432,0.11@4983.93:tp1;0.22@4976.96:be;0.22@4976.96:be,11223.189999999851,27.806718623222302,2026-02
M10#5001911,M10,5001911,IMB,buy,0.676,A,2026-02-18 21:00:00,2026-02-18 21:27:00,2026-02-19 01:01:00,214.0,4978.61,4978.61,4963.39,4987.74,5039.49,4978.61,4963.39,15.219999999999345,6.488571428571374,0.41,624.0199999999732,-628.1199999999881,2.87,-20.5,-651.4899999999881,-1.006570302233927,-1.0440210249671742,sl,False,0.5873850197109655,1.2141918528252535,0.08@4963.29:sl;0.16@4963.29:sl;0.17@4963.29:sl,10571.699999999862,26.762697598255127,2026-02
M5#5003660,M5,5003660,UW,buy,0.559,B,2026-02-19 18:10:00,2026-02-19 18:27:00,2026-02-19 18:57:00,30.0,4992.99,4992.99,4987.09,4996.53,5016.59,4992.99,4987.09,5.899999999999636,7.705000000000057,1.04,613.5999999999622,671.2500000000227,7.28,0.0,663.9700000000228,1.093953715775854,1.0820893089961925,partial_be,True,2.6983050847459413,0.2542372881356089,0.2@4996.53:tp1;0.41@5007.74:tp1;0.43@4992.89:be,11235.669999999885,27.84478690725132,2026-02
M5#5003744,M5,5003744,OB,buy,0.567,B,2026-02-20 16:15:00,2026-02-20 17:03:00,2026-02-20 17:03:00,0.0,5031.45,5031.45,5023.97,5035.94,5061.37,5031.45,5023.97,7.479999999999563,6.734285714285826,0.85,635.799999999963,-644.2999999999938,5.950000000000001,0.0,-650.2499999999939,-1.0133689839572684,-1.0227272727273227,sl,False,0.0,2.0494652406418212,0.17@5023.87:sl;0.34@5023.87:sl;0.34@5023.87:sl,10585.419999999891,26.822059634523995,2026-02
M10#5002074,M10,5002074,UW,buy,0.636,B,2026-02-23 23:30:00,2026-02-23 23:30:00,2026-02-23 23:43:00,13.0,5228.6,5228.6,5224.81,5230.87,5243.76,5228.6,5224.81,3.7899999999999636,5.581428571428465,1.69,640.509999999994,61.30999999993492,11.830000000000002,0.0,49.47999999993492,0.09572059764864795,0.07725094065656334,partial_be,True,1.1978891820580493,0.6068601583113995,0.33@5230.87:tp1;0.67@5228.50:be;0.69@5228.50:be,10634.899999999825,26.899310575180557,2026-02
M10#5002066,M10,5002066,UW,buy,0.734,A,2026-02-23 19:30:00,2026-02-23 19:36:00,2026-02-24 03:07:00,451.0,5195.96,5195.96,5175.79,5208.06,5276.64,5195.96,5175.79,20.170000000000073,11.29285714285704,0.3,605.1000000000022,676.6799999999984,2.1,-12.0,662.5799999999983,1.1182944967773853,1.0949925632126853,partial_be,True,2.6584035696578927,0.2345066931085997,0.06@5208.08:tp1;0.12@5246.39:tp1;0.12@5195.86:be,11297.479999999823,27.994303138393242,2026-02
M30#5000663,M30,5000663,OB,buy,0.649,B,2026-02-23 19:00:00,2026-02-24 03:15:00,2026-02-24 03:16:00,1.0,5163.79,5163.79,5146.89,5173.93,5231.39,5163.79,5146.89,16.899999999999636,18.484999999999996,0.36,608.3999999999869,-612.0,2.52,0.0,-614.52,-1.0059171597633352,-1.0100591715976548,sl,False,0.0,1.0982248520710531,0.07@5146.79:sl;0.14@5146.79:sl;0.15@5146.79:sl,10682.959999999823,26.98424396679559,2026-02
M5#5003895,M5,5003895,UW,buy,0.648,B,2026-02-24 09:00:00,2026-02-24 09:06:00,2026-02-24 09:10:00,4.0,5166.56,5166.56,5156.64,5172.51,5206.24,5166.56,5156.64,9.920000000000073,6.786428571428457,0.62,615.0400000000045,66.39999999997961,4.34,0.0,62.05999999997961,0.10796045785636564,0.10090400624346246,partial_be,True,0.660282258064438,0.135080645161304,0.12@5172.51:tp1;0.24@5166.46:be;0.26@5166.46:be,10745.019999999802,27.08514797303905,2026-02
M5#5003938,M5,5003938,UW,buy,0.583,B,2026-02-25 00:00:00,2026-02-25 01:01:00,2026-02-25 01:01:00,0.0,5136.08,5136.08,5130.85,5139.22,5157.0,5136.08,5130.85,5.229999999999563,5.312142857142915,1.18,617.1399999999485,-628.9399999999914,8.26,0.0,-637.1999999999914,-1.0191204588910845,-1.032504780114795,sl,False,0.0,2.9005736137669866,0.23@5130.75:sl;0.47@5130.75:sl;0.48@5130.75:sl,10107.81999999981,26.052643192924254,2026-02
M15#5001413,M15,5001413,IMB,buy,0.624,B,2026-02-25 04:15:00,2026-02-25 04:51:00,2026-02-25 06:10:00,79.0,5173.62,5173.62,5156.16,5184.1,5243.46,5173.62,5156.16,17.460000000000036,14.619285714285784,0.34,593.6400000000012,60.08000000001811,2.3800000000000003,0.0,57.70000000001811,0.10120611818613635,0.09719695438315812,partial_be,True,0.9375715922107593,0.41695303550972107,0.06@5184.10:tp1;0.13@5173.52:be;0.15@5173.52:be,10165.51999999983,26.149840147307412,2026-02
M5#5003879,M5,5003879,IMB,sell,0.59,B,2026-02-25 18:55:00,2026-02-25 19:09:00,2026-02-25 22:16:00,187.0,5213.81,5213.81,5221.03,5209.48,5184.93,5221.03,5213.81,7.219999999999345,6.259285714285787,0.83,599.2599999999456,1646.850000000023,5.8100000000000005,0.0,1641.0400000000232,2.7481393718922877,2.7384440810335615,tp2,True,4.072022160665265,0.5581717451523699,0.16@5209.48:tp1;0.33@5195.76:tp1;0.34@5184.93:tp2,11806.559999999852,28.88828422834097,2026-02
M10#5002168,M10,5002168,OB,buy,0.646,B,2026-02-26 03:00:00,2026-02-26 03:28:00,2026-02-26 04:32:00,64.0,5179.32,5179.32,5162.29,5189.54,5247.44,5179.32,5162.29,17.029999999999745,11.335714285714207,0.38,647.1399999999903,68.44000000001871,2.66,0.0,65.78000000001872,0.10575764131412019,0.10164724789074961,partial_be,True,0.9348209042865714,0.045801526717542985,0.07@5189.54:tp1;0.15@5179.22:be;0.16@5179.22:be,11872.339999999871,28.98993147623172,2026-02
M5#5004134,M5,5004134,OB,sell,0.585,B,2026-02-27 03:20:00,2026-02-27 03:21:00,2026-02-27 03:50:00,29.0,5179.96,5179.96,5192.22,5172.6,5130.92,5192.22,5179.96,12.260000000000218,6.399285714285725,0.53,649.7800000000116,-655.0799999999826,3.71,0.0,-658.7899999999827,-1.008156606851505,-1.01386623164759,sl,False,0.5163132137030844,1.03588907014686,0.1@5192.32:sl;0.21@5192.32:sl;0.22@5192.32:sl,11213.549999999888,27.97606524458413,2026-02
M5#6002827,M5,6002827,IMB,buy,0.579,B,2026-03-03 14:40:00,2026-03-03 15:04:00,2026-03-03 15:08:00,4.0,5177.63,5177.63,5154.62,5191.44,5269.67,5177.63,5154.62,23.01000000000022,23.00428571428568,0.27,621.2700000000059,-623.9699999999912,1.8900000000000001,0.0,-625.8599999999911,-1.0043459365493026,-1.007388092133831,sl,False,0.24858757062147763,1.072577140373753,0.05@5154.52:sl;0.1@5154.52:sl;0.12@5154.52:sl,10587.689999999897,26.9686771524503,2026-03
M5#6002834,M5,6002834,IMB,sell,0.567,B,2026-03-03 17:10:00,2026-03-03 17:48:00,2026-03-03 17:57:00,9.0,5076.92,5076.92,5102.99,5061.28,4972.64,5102.99,5076.92,26.06999999999971,29.210714285714207,0.23,599.6099999999933,-349.83000000000084,1.61,0.0,-351.44000000000085,-0.5834292289988572,-0.586114307633303,daily_halt,False,0.5420023014959477,0.6049098580744385,0.04@5092.13:daily_halt;0.09@5092.13:daily_halt;0.1@5092.13:daily_halt,10236.249999999896,26.382562844817,2026-03
M5#6002915,M5,6002915,UW,buy,0.583,B,2026-03-04 15:30:00,2026-03-04 15:59:00,2026-03-04 16:12:00,13.0,5168.67,5168.67,5159.88,5173.94,5203.83,5168.67,5159.88,8.789999999999964,9.424999999999923,0.69,606.5099999999975,62.90999999997348,4.83,0.0,58.07999999997348,0.10372458821779318,0.09576099322348143,partial_be,True,1.3139931740614597,0.12855517633675925,0.13@5173.94:tp1;0.27@5168.57:be;0.29@5168.57:be,10294.329999999869,26.47832383804048,2026-03
M5#6002920,M5,6002920,OB,sell,0.553,B,2026-03-04 17:10:00,2026-03-04 17:35:00,2026-03-05 01:56:00,501.0,5163.43,5163.43,5179.41,5153.84,5099.51,5179.41,5163.43,15.979999999999563,15.523571428571424,0.38,607.2399999999834,664.7800000000207,2.66,2.4,664.5200000000207,1.0947566036493623,1.0943284368619308,partial_be,True,3.382978723404316,0.2209011264080001,0.07@5153.84:tp1;0.15@5123.48:tp1;0.16@5163.53:be,10958.84999999989,27.572652274902413,2026-03
M5#6002976,M5,6002976,UW,buy,0.585,B,2026-03-05 13:50:00,2026-03-05 15:01:00,2026-03-05 15:04:00,3.0,5153.68,5153.68,5147.84,5157.18,5177.04,5153.68,5147.84,5.8400000000001455,4.375000000000065,1.07,624.8800000000156,64.89999999996871,7.49,0.0,57.40999999996871,0.10385994110864022,0.09187363973877749,partial_be,True,0.8527397260273013,0.29280821917808114,0.21@5157.18:tp1;0.42@5153.58:be;0.44@5153.58:be,11016.259999999858,27.664525914641192,2026-03
M10#6001688,M10,6001688,IMB,buy,0.637,B,2026-03-06 05:50:00,2026-03-06 07:38:00,2026-03-06 08:02:00,24.0,5121.08,5121.08,5109.69,5127.91,5166.64,5121.08,5109.69,11.390000000000327,10.445714285714205,0.55,626.4500000000181,-631.949999999988,3.8500000000000005,0.0,-635.799999999988,-1.008779631255439,-1.0149253731342798,sl,False,0.2537313432836035,1.0474100087796268,0.11@5109.59:sl;0.22@5109.59:sl;0.22@5109.59:sl,10380.45999999987,26.649600541506913,2026-03
M5#6003030,M5,6003030,IMB,buy,0.598,B,2026-03-06 08:10:00,2026-03-06 09:08:00,2026-03-06 09:33:00,25.0,5108.44,5108.44,5099.47,5113.82,5144.32,5108.44,5099.47,8.969999999999345,6.466428571428748,0.68,609.9599999999555,64.44000000003143,4.760000000000001,0.0,59.680000000031434,0.10564627188674033,0.0978424814742537,partial_be,True,1.2396878483836802,0.31438127090300055,0.13@5113.82:tp1;0.27@5108.34:be;0.28@5108.34:be,10440.139999999901,26.747443022981166,2026-03
M5#6003213,M5,6003213,UW,buy,0.573,B,2026-03-10 05:45:00,2026-03-10 05:47:00,2026-03-10 07:56:00,129.0,5158.26,5158.26,5153.37,5161.19,5177.82,5158.26,5153.37,4.890000000000327,6.377142857142774,1.25,611.2500000000409,1662.7499999999372,8.75,0.0,1653.9999999999372,2.7202453987727213,2.7059304703473646,tp2,True,4.134969325152963,0.7607361963190196,0.25@5161.19:tp1;0.5@5170.49:tp1;0.5@5177.82:tp2,12094.13999999984,29.45337349332853,2026-03
M5#6003303,M5,6003303,IMB,buy,0.614,B,2026-03-11 03:35:00,2026-03-11 04:02:00,2026-03-11 05:51:00,109.0,5202.07,5202.07,5192.81,5207.63,5239.11,5202.07,5192.81,9.259999999999309,6.5471428571428465,0.71,657.4599999999509,72.14000000003671,4.97,0.0,67.17000000003671,0.10972530648258767,0.10216591123420699,partial_be,True,2.0010799136071316,0.8455723542117183,0.14@5207.63:tp1;0.28@5201.97:be;0.29@5201.97:be,12161.309999999876,29.555539404562737,2026-03
M5#6003347,M5,6003347,UW,buy,0.658,A,2026-03-11 18:15:00,2026-03-11 19:36:00,2026-03-12 00:36:00,300.0,5159.97,5159.97,5149.67,5166.15,5201.17,5159.97,5149.67,10.300000000000182,6.794285714285771,0.64,659.2000000000116,163.59999999995853,4.48,-26.0,133.11999999995854,0.24817961165041813,0.20194174757274908,daily_halt,True,2.2776699029125846,0.47184466019422294,0.12@5166.15:tp1;0.25@5161.69:daily_halt;0.27@5161.69:daily_halt,12294.429999999835,29.757481152135487,2026-03
M5#6003457,M5,6003457,OB,buy,0.576,B,2026-03-13 04:15:00,2026-03-13 04:18:00,2026-03-13 04:51:00,33.0,5121.11,5121.11,5111.99,5126.58,5157.59,5121.11,5111.99,9.11999999999989,5.7028571428571535,0.73,665.759999999992,-673.0599999999522,5.109999999999999,0.0,-678.1699999999522,-1.0109649122806421,-1.0186403508771333,sl,False,0.2247807017544086,1.0010964912280942,0.14@5111.89:sl;0.29@5111.89:sl;0.3@5111.89:sl,11616.259999999882,28.738840801258352,2026-03
M15#6001137,M15,6001137,UW,buy,0.621,B,2026-03-13 07:45:00,2026-03-13 16:55:00,2026-03-13 17:42:00,47.0,5049.39,5049.39,5014.72,5070.19,5188.07,5049.39,5014.72,34.67000000000007,6.924999999999922,0.18,624.0600000000013,60.89999999999235,1.26,0.0,59.639999999992355,0.09758677050282381,0.09556773387173065,partial_be,True,0.6351312373810061,0.3790020190366397,0.03@5070.19:tp1;0.07@5049.29:be;0.08@5049.29:be,11675.899999999874,28.834408535130084,2026-03
M5#6003563,M5,6003563,OB,buy,0.599,B,2026-03-16 08:10:00,2026-03-16 08:48:00,2026-03-16 09:15:00,27.0,5012.57,5012.57,5004.26,5017.56,5045.81,5012.57,5004.26,8.30999999999949,4.990714285714408,0.78,648.1799999999603,-655.9799999999886,5.46,0.0,-661.4399999999887,-1.012033694344208,-1.0204572803851233,sl,False,0.49699157641400266,1.3874849578821242,0.15@5004.16:sl;0.31@5004.16:sl;0.32@5004.16:sl,11014.459999999886,27.81395125474496,2026-03
M5#6003518,M5,6003518,OB,sell,0.558,B,2026-03-17 06:55:00,2026-03-17 07:16:00,2026-03-17 07:59:00,43.0,5042.01,5042.01,5047.4,5038.78,5020.45,5047.4,5042.01,5.389999999999418,3.6357142857143896,1.16,625.2399999999326,1707.2300000000414,8.120000000000001,0.0,1699.1100000000415,2.730519480519841,2.717532467532827,tp2,True,4.048237476809457,0.5269016697587278,0.23@5038.78:tp1;0.46@5028.54:tp1;0.47@5020.45:tp2,12713.569999999927,30.531483722277788,2026-03
M5#6003743,M5,6003743,UW,buy,0.66,A,2026-03-18 11:05:00,2026-03-18 11:16:00,2026-03-18 12:27:00,71.0,4985.44,4985.44,4977.3,4990.32,5018.0,4985.44,4977.3,8.139999999999418,5.411428571428717,0.83,675.6199999999517,71.38000000003831,5.8100000000000005,0.0,65.5700000000383,0.1056511056511699,0.09705159705166069,partial_be,True,1.2751842751843798,0.11179361179360191,0.16@4990.32:tp1;0.33@4985.34:be;0.34@4985.34:be,12779.139999999965,30.628535319329448,2026-03
M10#6002158,M10,6002158,OB,sell,0.618,B,2026-03-20 01:50:00,2026-03-20 02:07:00,2026-03-20 02:40:00,33.0,4653.9,4653.9,4671.31,4643.45,4584.26,4671.31,4653.9,17.410000000000764,10.972142857142899,0.39,678.9900000000298,69.9499999999871,2.73,0.0,67.2199999999871,0.10302066304361482,0.09899998527221925,partial_be,True,0.6519241815048223,0.6507754164273079,0.07@4643.45:tp1;0.15@4654.00:be;0.17@4654.00:be,12846.359999999951,30.727535304601666,2026-03
M5#6003925,M5,6003925,IMB,buy,0.587,B,2026-03-20 06:55:00,2026-03-20 07:02:00,2026-03-20 07:30:00,28.0,4714.49,4714.49,4707.37,4718.76,4742.97,4714.49,4707.37,7.119999999999891,4.860714285714233,0.96,683.5199999999895,73.43000000005031,6.72,0.0,66.71000000005031,0.10742919007498163,0.09759772940082417,partial_be,True,1.2977528089887533,0.5772471910111988,0.19@4718.76:tp1;0.38@4714.39:be;0.39@4714.39:be,12913.070000000002,30.82513303400249,2026-03
M5#6004099,M5,6004099,OB,buy,0.648,B,2026-03-24 05:55:00,2026-03-24 06:19:00,2026-03-24 06:57:00,38.0,4333.03,4333.03,4312.67,4345.25,4414.47,4333.03,4312.67,20.359999999999673,11.694285714285732,0.33,671.8799999999892,70.62000000001626,2.31,0.0,68.31000000001626,0.10510805500984907,0.10166994106092957,partial_be,True,0.8064833005894075,0.3094302554027644,0.06@4345.25:tp1;0.13@4332.93:be;0.14@4332.93:be,12981.380000000017,30.92680297506342,2026-03
M15#6001500,M15,6001500,OB,buy,0.604,B,2026-03-24 19:30:00,2026-03-24 19:35:00,2026-03-24 22:25:00,170.0,4379.35,4379.35,4356.66,4392.96,4470.11,4379.35,4356.66,22.69000000000051,20.202857142857347,0.3,680.7000000000153,1851.5399999999845,2.1,0.0,1849.4399999999846,2.7200528867341602,2.7169678272365845,tp2,True,4.49801674746572,0.3102688408990659,0.06@4392.96:tp1;0.12@4436.08:tp1;0.12@4470.11:tp2,14830.820000000002,33.643770802300004,2026-03
M5#6004177,M5,6004177,UW,buy,0.558,B,2026-03-25 03:00:00,2026-03-25 03:03:00,2026-03-25 03:31:00,28.0,4553.53,4553.53,4546.44,4557.78,4581.89,4553.53,4546.44,7.0900000000001455,10.452142857142851,1.05,744.4500000000153,2025.0300000000443,7.3500000000000005,0.0,2017.6800000000444,2.720169252468269,2.710296191819468,tp2,True,4.0126939351197795,0.14245416078974443,0.21@4557.78:tp1;0.42@4571.26:tp1;0.42@4581.89:tp2,16848.500000000047,36.35406699411947,2026-03
M15#6001530,M15,6001530,UW,buy,0.62,B,2026-03-25 13:00:00,2026-03-25 14:28:00,2026-03-25 14:31:00,3.0,4550.78,4550.78,4527.97,4564.47,4642.02,4550.78,4527.97,22.80999999999949,13.53571428571448,0.35,798.3499999999822,-801.8499999999949,2.45,0.0,-804.299999999995,-1.00438404208682,-1.007452871547583,sl,False,0.0,1.2766330556773582,0.07@4527.87:sl;0.14@4527.87:sl;0.14@4527.87:sl,16044.200000000052,35.346614122571886,2026-03
M5#6004397,M5,6004397,IMB,sell,0.644,B,2026-03-30 02:55:00,2026-03-30 03:21:00,2026-03-30 04:10:00,49.0,4460.43,4460.43,4472.46,4453.21,4412.31,4472.46,4460.43,12.029999999999745,11.146428571428585,0.64,769.9199999999837,81.44000000003142,4.48,0.0,76.96000000003141,0.1057772236076906,0.09995843724027567,partial_be,True,2.4505403158769896,0.5502909393183734,0.12@4453.21:tp1;0.25@4460.53:be;0.27@4460.53:be,16121.160000000084,35.44657255981216,2026-03
M5#6004517,M5,6004517,IMB,buy,0.652,A,2026-03-31 06:05:00,2026-03-31 06:18:00,2026-03-31 09:00:00,162.0,4565.19,4565.19,4545.59,4576.95,4643.59,4565.19,4545.59,19.599999999999454,10.425000000000052,0.39,764.3999999999787,79.120000000019,2.73,0.0,76.390000000019,0.10350601779175982,0.09993458922033115,partial_be,True,0.8433673469388324,0.8627551020408329,0.07@4576.95:tp1;0.15@4565.09:be;0.17@4565.09:be,16197.550000000103,35.54650714903249,2026-03
M5#6004513,M5,6004513,OB,buy,0.559,B,2026-03-31 08:20:00,2026-03-31 10:19:00,2026-03-31 13:37:00,198.0,4547.68,4547.68,4539.35,4552.68,4581.0,4547.68,4539.35,8.329999999999927,6.537142857143018,0.93,774.6899999999932,856.9099999999835,6.51,0.0,850.3999999999835,1.1061327756909098,1.097729414346372,partial_be,True,3.285714285714301,0.5018007202881546,0.18@4552.68:tp1;0.37@4568.51:tp1;0.38@4547.58:be,17047.950000000088,36.64423656337887,2026-03
M5#7002610,M5,7002610,UW,sell,0.625,B,2026-04-01 07:40:00,2026-04-01 09:27:00,2026-04-01 09:45:00,18.0,4710.95,4710.95,4724.1,4703.06,4658.35,4724.1,4710.95,13.150000000000546,4.830714285714488,0.61,802.1500000000333,89.77999999997519,4.27,0.0,85.5099999999752,0.11192420370251382,0.10660100978616424,partial_be,True,0.6380228136882113,0.5520912547528454,0.12@4703.06:tp1;0.24@4711.05:be;0.25@4711.05:be,17133.460000000065,36.75083757316503,2026-04
M5#7002679,M5,7002679,IMB,buy,0.569,B,2026-04-02 02:45:00,2026-04-02 02:45:00,2026-04-02 02:51:00,6.0,4787.46,4787.46,4778.88,4792.61,4821.78,4787.46,4778.88,8.579999999999927,6.609999999999867,0.94,806.5199999999932,-815.9200000000274,6.58,0.0,-822.5000000000274,-1.0116550116550542,-1.0198135198135625,sl,False,0.0,1.0734265734265869,0.18@4778.78:sl;0.37@4778.78:sl;0.39@4778.78:sl,16310.960000000037,35.73102405335147,2026-04
M5#7002794,M5,7002794,UW,buy,0.557,B,2026-04-06 09:35:00,2026-04-06 09:38:00,2026-04-06 10:12:00,34.0,4652.59,4652.59,4643.32,4658.15,4689.67,4652.59,4643.32,9.270000000000437,6.522142857143081,0.85,787.9500000000372,87.7199999999666,5.950000000000001,0.0,81.7699999999666,0.1113268608413763,0.10377562028042736,partial_be,True,1.5954692556633514,0.331175836030158,0.17@4658.15:tp1;0.34@4652.49:be;0.34@4652.49:be,16392.730000000003,35.8347996736319,2026-04
M5#7003052,M5,7003052,OB,sell,0.574,B,2026-04-09 12:35:00,2026-04-09 13:24:00,2026-04-09 13:47:00,23.0,4734.2,4734.2,4743.3,4728.74,4697.8,4743.3,4734.2,9.100000000000364,4.976428571428706,0.87,791.7000000000317,-800.3999999999842,6.09,0.0,-806.4899999999842,-1.0109890109889506,-1.018681318681258,sl,False,0.0,1.018681318681326,0.17@4743.40:sl;0.34@4743.40:sl;0.36@4743.40:sl,15586.24000000002,34.81611835495064,2026-04
M5#7003198,M5,7003198,OB,sell,0.562,B,2026-04-10 08:00:00,2026-04-10 08:36:00,2026-04-10 08:45:00,9.0,4765.73,4765.73,4770.35,4762.96,4747.25,4770.35,4765.73,4.6200000000008,3.122857142857226,1.66,766.9200000001329,78.10999999993601,11.620000000000001,0.0,66.489999999936,0.10184895425849173,0.08669743910697919,partial_be,True,0.9242424242421617,0.6038961038959914,0.33@4762.96:tp1;0.66@4765.83:be;0.67@4765.83:be,15652.729999999956,34.90281579405762,2026-04
M5#7003228,M5,7003228,OB,buy,0.57,B,2026-04-10 18:45:00,2026-04-10 19:06:00,2026-04-10 21:05:00,119.0,4751.78,4751.78,4745.92,4755.3,4775.22,4751.78,4745.92,5.859999999999673,8.785714285714286,1.31,767.6599999999571,848.0200000000686,9.17,0.0,838.8500000000687,1.1046817601543861,1.0927363676629178,partial_be,True,2.865187713310734,0.7576791808873461,0.26@4755.30:tp1;0.52@4766.43:tp1;0.53@4751.68:be,16491.580000000024,35.99555216172053,2026-04
M10#6002837,M10,6002837,OB,sell,0.6,B,2026-04-13 18:00:00,2026-04-13 19:18:00,2026-04-13 19:40:00,22.0,4727.49,4727.49,4738.47,4720.9,4683.57,4738.47,4727.49,10.980000000000473,11.273571428571618,0.72,790.560000000034,-797.7599999999948,5.04,0.0,-802.7999999999947,-1.0091074681238115,-1.0154826958105143,sl,False,0.46630236794168217,1.051001821493659,0.14@4738.57:sl;0.28@4738.57:sl;0.3@4738.57:sl,15688.780000000028,34.98006946591002,2026-04
M5#7003454,M5,7003454,OB,buy,0.553,B,2026-04-15 06:15:00,2026-04-15 08:37:00,2026-04-15 08:43:00,6.0,4816.32,4816.32,4810.17,4820.01,4840.92,4816.32,4810.17,6.149999999999636,6.4950000000000205,1.25,768.7499999999545,82.2500000000673,8.75,0.0,73.5000000000673,0.10699186991879306,0.09560975609765418,partial_be,True,0.8260162601626386,0.5837398373984322,0.25@4820.01:tp1;0.5@4816.22:be;0.5@4816.22:be,15762.280000000095,35.07567922200767,2026-04
M5#7003503,M5,7003503,OB,sell,0.579,B,2026-04-15 14:40:00,2026-04-15 14:46:00,2026-04-15 16:21:00,95.0,4809.63,4809.63,4818.4,4804.37,4774.55,4818.4,4809.63,8.769999999999527,4.318571428571237,0.88,771.7599999999584,-780.5599999999904,6.16,0.0,-786.7199999999904,-1.0114025085519236,-1.019384264538241,sl,False,0.5906499429874186,1.1755986316990827,0.17@4818.50:sl;0.35@4818.50:sl;0.36@4818.50:sl,14975.560000000105,34.05629495746943,2026-04
M10#6002965,M10,6002965,OB,buy,0.631,B,2026-04-16 14:40:00,2026-04-16 15:11:00,2026-04-16 15:30:00,19.0,4813.79,4813.79,4807.07,4817.82,4840.67,4813.79,4807.07,6.720000000000255,5.0200000000001115,1.11,745.9200000000284,79.75999999996202,7.7700000000000005,0.0,71.98999999996202,0.10692835692830194,0.09651169026163568,partial_be,True,0.715773809523842,0.3348214285714159,0.22@4817.82:tp1;0.44@4813.69:be;0.45@4813.69:be,15047.550000000067,34.15280664773107,2026-04
M5#7003645,M5,7003645,IMB,buy,0.563,B,2026-04-17 05:20:00,2026-04-17 05:57:00,2026-04-17 09:18:00,201.0,4786.24,4786.24,4779.23,4790.45,4814.28,4786.24,4779.23,7.010000000000218,6.871428571428429,1.07,750.0700000000234,820.2700000000523,7.49,0.0,812.7800000000523,1.0935912648153197,1.0836055301505552,partial_be,True,2.833095577746072,0.2681883024251142,0.21@4790.45:tp1;0.42@4803.77:tp1;0.44@4786.14:be,15860.330000000118,35.236412177881625,2026-04
M5#7003724,M5,7003724,IMB,buy,0.648,B,2026-04-20 08:20:00,2026-04-20 08:44:00,2026-04-20 14:56:00,372.0,4781.34,4781.34,4774.17,4785.64,4810.02,4781.34,4774.17,7.170000000000073,3.8685714285713533,1.08,774.3600000000079,2123.210000000029,7.5600000000000005,0.0,2115.650000000029,2.7418900769667953,2.7321271759905055,tp2,True,4.073919107391874,0.21757322175737578,0.21@4785.64:tp1;0.43@4799.27:tp1;0.44@4810.02:tp2,17975.98000000015,37.96853935387213,2026-04
M5#7003727,M5,7003727,OB,sell,0.568,B,2026-04-20 10:30:00,2026-04-20 14:53:00,2026-04-20 15:12:00,19.0,4806.62,4806.62,4813.0,4802.79,4781.1,4813.0,4806.62,6.380000000000109,5.299285714285686,1.29,823.0200000000141,-835.920000000061,9.030000000000001,0.0,-844.950000000061,-1.0156739811912794,-1.0266457680251349,sl,False,0.5266457680250181,1.0376175548588993,0.25@4813.10:sl;0.51@4813.10:sl;0.53@4813.10:sl,17131.030000000086,36.941893585847,2026-04
M5#7003771,M5,7003771,IMB,buy,0.569,B,2026-04-20 15:15:00,2026-04-20 15:38:00,2026-04-20 15:58:00,20.0,4801.35,4801.35,4794.7,4805.34,4827.95,4801.35,4794.7,6.650000000000546,5.089285714285714,1.22,811.3000000000666,85.95999999995911,8.54,0.0,77.41999999995912,0.10595340811038094,0.09542709232090812,partial_be,True,1.0571428571427322,0.32631578947366835,0.24@4805.34:tp1;0.48@4801.25:be;0.5@4801.25:be,17208.450000000044,37.03732067816791,2026-04
M10#6003068,M10,6003068,OB,sell,0.619,B,2026-04-20 21:00:00,2026-04-20 21:05:00,2026-04-21 01:00:00,235.0,4812.7,4812.7,4823.34,4806.32,4770.14,4823.34,4812.7,10.640000000000327,5.344999999999735,0.76,808.6400000000249,-816.2399999999834,5.32,0.0,-821.5599999999835,-1.00939849624055,-1.0159774436089708,sl,False,0.18515037593986786,1.5469924812029634,0.15@4823.44:sl;0.3@4823.44:sl;0.31@4823.44:sl,16386.89000000006,36.02134323455894,2026-04
M5#7003723,M5,7003723,IMB,buy,0.562,B,2026-04-21 10:10:00,2026-04-21 15:30:00,2026-04-21 16:06:00,36.0,4771.49,4771.49,4764.96,4775.41,4797.61,4771.49,4764.96,6.529999999999745,6.072142857142808,1.21,790.1299999999692,872.5400000000582,8.469999999999999,0.0,864.0700000000581,1.1042992925216004,1.093579537544571,partial_be,True,2.9019908116386763,0.7764165390505217,0.24@4775.41:tp1;0.48@4787.81:tp1;0.49@4771.39:be,17250.96000000012,37.11492277210351,2026-04
M5#7003883,M5,7003883,IMB,sell,0.664,A,2026-04-21 18:05:00,2026-04-21 18:10:00,2026-04-21 22:42:00,272.0,4745.64,4745.64,4760.88,4736.5,4684.68,4760.88,4745.64,15.239999999999782,10.014285714285766,0.53,807.7199999999884,2232.6200000000117,3.71,0.0,2228.9100000000117,2.7641014212846575,2.7595082454316393,tp2,True,4.419291338582764,0.7992125984252274,0.1@4736.50:tp1;0.21@4707.54:tp1;0.22@4684.68:tp2,19479.87000000013,39.87443101753515,2026-04
M5#7004023,M5,7004023,IMB,sell,0.563,B,2026-04-23 13:35:00,2026-04-23 15:01:00,2026-04-23 15:05:00,4.0,4728.35,4728.35,4733.55,4725.23,4707.55,4733.55,4728.35,5.199999999999818,5.395714285714413,1.7,883.9999999999692,-900.9999999998763,11.900000000000002,0.0,-912.8999999998763,-1.0192307692306648,-1.0326923076922037,sl,False,0.0,1.1442307692307743,0.34@4733.65:sl;0.68@4733.65:sl;0.68@4733.65:sl,18566.970000000252,38.84173870984295,2026-04
M15#6002199,M15,6002199,IMB,buy,0.618,B,2026-04-23 16:30:00,2026-04-23 17:00:00,2026-04-23 17:06:00,6.0,4719.51,4719.51,4705.82,4727.72,4774.27,4719.51,4705.82,13.69000000000051,10.968571428571522,0.62,848.7800000000316,93.51999999998225,4.34,0.0,89.17999999998224,0.11018167251817758,0.10506845118874023,partial_be,True,0.6734842951058438,0.16873630387146196,0.12@4727.72:tp1;0.24@4719.41:be;0.26@4719.41:be,18656.150000000234,38.94680716103169,2026-04
M10#6003272,M10,6003272,IMB,buy,0.636,B,2026-04-24 15:30:00,2026-04-24 15:49:00,2026-04-24 16:31:00,42.0,4692.47,4692.47,4680.54,4699.63,4740.19,4692.47,4680.54,11.930000000000291,9.357142857142922,0.72,858.960000000021,94.43999999997688,5.04,0.0,89.39999999997687,0.10994691254537414,0.10407935177420914,partial_be,True,1.089689857502069,0.16261525565804374,0.14@4699.63:tp1;0.28@4692.37:be;0.3@4692.37:be,18745.55000000021,39.0508865128059,2026-04
M10#6003283,M10,6003283,UW,buy,0.655,A,2026-04-24 23:30:00,2026-04-27 01:00:00,2026-04-27 01:06:00,6.0,4697.03,4697.03,4689.53,4701.53,4727.03,4697.03,4689.53,7.5,4.39714285714282,1.14,855.0000000000001,-866.3999999999378,7.98,-56.99999999999999,-931.3799999999378,-1.0133333333332604,-1.0893333333332604,sl,False,0.3920000000000679,1.528000000000005,0.22@4689.43:sl;0.45@4689.43:sl;0.47@4689.43:sl,17814.17000000027,37.961553179472645,2026-04
M5#7004341,M5,7004341,OB,sell,0.582,B,2026-04-28 17:25:00,2026-04-28 17:33:00,2026-04-28 18:00:00,27.0,4577.88,4577.88,4586.34,4572.8,4544.04,4586.34,4577.88,8.460000000000036,10.368571428571483,0.98,829.0800000000036,88.62000000004173,6.859999999999999,0.0,81.76000000004173,0.10688956433642272,0.09861533265793576,partial_be,True,2.400709219858193,0.3593380614657152,0.19@4572.80:tp1;0.39@4577.98:be;0.4@4577.98:be,17895.930000000313,38.06016851213058,2026-04
M5#7004384,M5,7004384,IMB,buy,0.551,B,2026-04-29 06:10:00,2026-04-29 08:59:00,2026-04-29 09:07:00,8.0,4591.79,4591.79,4585.23,4595.73,4618.03,4591.79,4585.23,6.5600000000004,5.015714285714174,1.27,833.1200000000508,88.29999999995289,8.89,0.0,79.40999999995289,0.10598713270590972,0.09531640099859329,partial_be,True,1.0381097560975587,0.237804878048827,0.25@4595.73:tp1;0.5@4591.69:be;0.52@4591.69:be,17975.340000000266,38.15548491312917,2026-04
M5#7004416,M5,7004416,IMB,buy,0.587,B,2026-04-29 12:10:00,2026-04-29 12:29:00,2026-04-29 12:39:00,10.0,4568.12,4568.12,4563.27,4571.03,4587.52,4568.12,4563.27,4.849999999999454,5.187142857142979,1.73,839.0499999999056,-856.3499999999685,12.11,0.0,-868.4599999999685,-1.0206185567011083,-1.0350515463918315,sl,False,0.2742268041237272,1.0948453608247604,0.34@4563.17:sl;0.69@4563.17:sl;0.7@4563.17:sl,17106.880000000296,37.12043336673734,2026-04
M5#7004418,M5,7004418,OB,sell,0.626,B,2026-04-29 12:45:00,2026-04-29 13:16:00,2026-04-29 14:03:00,47.0,4572.18,4572.18,4579.55,4567.76,4542.7,4579.55,4572.18,7.369999999999891,5.563571428571452,1.1,810.6999999999881,88.44000000004962,7.700000000000001,0.0,80.74000000004962,0.1090909090909719,0.09959294436912644,partial_be,True,1.0868385345997744,0.6295793758479629,0.22@4567.76:tp1;0.44@4572.28:be;0.44@4572.28:be,17187.620000000345,37.220026311106466,2026-04
M5#8002718,M5,8002718,IMB,buy,0.617,B,2026-05-01 18:15:00,2026-05-01 21:14:00,2026-05-01 21:37:00,23.0,4616.38,4616.38,4609.24,4620.66,4644.94,4616.38,4609.24,7.140000000000327,9.570000000000034,1.14,813.9600000000374,84.95999999996093,7.98,0.0,76.97999999996092,0.10437859354262742,0.09457467197400042,partial_be,True,1.0756302521008319,0.35714285714286625,0.22@4620.66:tp1;0.45@4616.28:be;0.47@4616.28:be,17264.600000000304,37.31460098308047,2026-05
M5#8002881,M5,8002881,IMB,buy,0.552,B,2026-05-05 11:05:00,2026-05-05 13:53:00,2026-05-05 14:42:00,49.0,4542.5,4542.5,4537.72,4545.37,4561.62,4542.5,4537.72,4.779999999999745,4.359285714285696,1.71,817.3799999999566,2229.4599999999764,11.97,0.0,2217.4899999999766,2.727568572756973,2.7129242212925377,tp2,True,4.6359832635985425,0.554393305439284,0.34@4545.37:tp1;0.68@4554.45:tp1;0.69@4561.62:tp2,19482.09000000028,40.027525204373006,2026-05
M5#8002909,M5,8002909,IMB,buy,0.649,B,2026-05-05 16:35:00,2026-05-05 16:36:00,2026-05-05 17:13:00,37.0,4573.96,4573.96,4565.89,4578.8,4606.24,4573.96,4565.89,8.069999999999709,5.460714285714338,1.09,879.6299999999684,92.83999999997104,7.630000000000001,0.0,85.20999999997105,0.10554437661286493,0.09687027500196004,partial_be,True,1.2627013630731063,0.2936802973977666,0.21@4578.80:tp1;0.43@4573.86:be;0.45@4573.86:be,19567.30000000025,40.12439547937497,2026-05
M10#6003567,M10,6003567,OB,buy,0.6,B,2026-05-05 23:10:00,2026-05-06 01:04:00,2026-05-06 02:09:00,65.0,4550.84,4550.84,4543.7,4555.12,4579.4,4550.84,4543.7,7.140000000000327,4.10571428571432,1.24,885.3600000000406,2433.929999999941,8.68,0.0,2425.2499999999413,2.7490851179179425,2.7392811963493156,tp2,True,4.137254901960589,0.645658263305374,0.24@4555.12:tp1;0.49@4568.69:tp1;0.51@4579.40:tp2,21992.550000000192,42.863676675724285,2026-05
M5#8003153,M5,8003153,IMB,buy,0.64,B,2026-05-08 05:10:00,2026-05-08 05:16:00,2026-05-08 05:36:00,20.0,4719.92,4719.92,4711.44,4725.01,4753.84,4719.92,4711.44,8.480000000000473,6.689285714285559,1.13,958.2400000000536,-969.5399999999918,7.910000000000001,0.0,-977.4499999999917,-1.0117924528301236,-1.0200471698112552,sl,False,0.4504716981131481,1.2558962264149813,0.22@4711.34:sl;0.45@4711.34:sl;0.46@4711.34:sl,21015.1000000002,41.84362950591303,2026-05
M5#8003168,M5,8003168,UW,buy,0.586,B,2026-05-08 10:50:00,2026-05-08 15:11:00,2026-05-08 15:22:00,11.0,4706.3,4706.3,4701.39,4709.25,4725.94,4706.3,4701.39,4.9099999999998545,6.284285714285618,1.89,927.9899999999725,93.94999999993797,13.23,0.0,80.71999999993797,0.10124031508953842,0.08698369594493514,partial_be,True,0.8248472505092265,0.741344195519437,0.37@4709.25:tp1;0.75@4706.20:be;0.77@4706.20:be,21095.820000000138,41.930613201857966,2026-05
M5#8003212,M5,8003212,IMB,sell,0.55,B,2026-05-11 04:15:00,2026-05-11 04:22:00,2026-05-11 15:57:00,695.0,4700.55,4700.55,4714.35,4692.27,4645.35,4714.35,4700.55,13.800000000000182,9.67357142857132,0.67,924.6000000000122,1001.8400000000121,4.69,0.0,997.150000000012,1.0835388276011235,1.0784663638330076,partial_be,True,3.802898550724556,0.37028985507243517,0.13@4692.27:tp1;0.26@4666.05:tp1;0.28@4700.65:be,22092.97000000015,43.009079565690975,2026-05
M5#8003271,M5,8003271,OB,buy,0.585,B,2026-05-12 17:10:00,2026-05-12 17:33:00,2026-05-12 17:51:00,18.0,4674.74,4674.74,4668.31,4678.6,4700.46,4674.74,4668.31,6.4299999999993815,9.58714285714281,1.49,958.0699999999078,99.94000000008235,10.43,0.0,89.51000000008236,0.10431388103175337,0.09342741135834644,partial_be,True,2.06842923794735,0.612752721617415,0.29@4678.60:tp1;0.59@4674.64:be;0.61@4674.64:be,22182.480000000232,43.10250697704932,2026-05
M5#8003519,M5,8003519,IMB,buy,0.67,A,2026-05-14 08:35:00,2026-05-14 08:59:00,2026-05-14 10:59:00,120.0,4691.13,4691.13,4683.69,4695.59,4720.89,4691.13,4683.69,7.440000000000509,5.309285714285904,1.29,959.7600000000657,1054.7999999999538,9.030000000000001,0.0,1045.7699999999538,1.099024756188924,1.0896161540383869,partial_be,True,3.7190860215051313,0.6747311827957114,0.25@4695.59:tp1;0.51@4709.73:tp1;0.53@4691.03:be,23228.250000000186,44.19212313108771,2026-05
M5#8003588,M5,8003588,IMB,sell,0.61,B,2026-05-15 03:55:00,2026-05-15 03:59:00,2026-05-15 04:03:00,4.0,4630.5,4630.5,4644.81,4621.91,4573.26,4644.81,4630.5,14.3100000000004,8.112142857142837,0.69,987.3900000000276,106.06999999998152,4.83,0.0,101.23999999998152,0.10742462451511414,0.10253294037814713,partial_be,True,0.6296296296296273,0.0957372466806326,0.13@4621.91:tp1;0.27@4630.60:be;0.29@4630.60:be,23329.490000000165,44.29465607146586,2026-05
M5#8003730,M5,8003730,OB,buy,0.597,B,2026-05-18 17:15:00,2026-05-18 17:22:00,2026-05-18 17:32:00,10.0,4555.54,4555.54,4547.36,4560.45,4588.26,4555.54,4547.36,8.180000000000291,8.809285714285513,1.22,997.9600000000355,108.03999999996086,8.54,0.0,99.49999999996086,0.10826085213831918,0.09970339492560557,partial_be,True,0.9376528117359169,0.11124694376525943,0.24@4560.45:tp1;0.48@4555.44:be;0.5@4555.44:be,23428.990000000125,44.394359466391464,2026-05
M10#6003977,M10,6003977,OB,sell,0.64,B,2026-05-18 20:20:00,2026-05-18 22:03:00,2026-05-18 23:15:00,72.0,4563.5,4563.5,4575.66,4556.2,4514.86,4575.66,4563.5,12.159999999999854,8.588571428571479,0.82,997.1199999999881,110.19999999997891,5.74,0.0,104.45999999997892,0.110518292682907,0.10476171373553853,partial_be,True,1.3659539473684106,0.12664473684210378,0.16@4556.20:tp1;0.32@4563.60:be;0.34@4563.60:be,23533.450000000103,44.499121180127005,2026-05
M5#8003914,M5,8003914,OB,sell,0.645,B,2026-05-20 16:55:00,2026-05-20 17:16:00,2026-05-20 17:18:00,2.0,4496.08,4496.08,4505.15,4490.64,4459.8,4505.15,4496.08,9.069999999999709,5.992142857142816,1.1,997.6999999999681,110.87999999995918,7.700000000000001,0.0,103.17999999995918,0.11113561190734964,0.10341786108044751,partial_be,True,0.82028665931641,0.7739801543550895,0.22@4490.64:tp1;0.44@4496.18:be;0.44@4496.18:be,23636.630000000063,44.60253904120745,2026-05
M5#8003924,M5,8003924,IMB,buy,0.648,B,2026-05-21 09:30:00,2026-05-21 10:28:00,2026-05-21 13:26:00,178.0,4515.24,4515.24,4507.18,4520.08,4547.48,4515.24,4507.18,8.05999999999949,5.947857142857239,1.25,1007.4999999999363,1123.5000000000582,8.75,0.0,1114.7500000000582,1.1151364764269271,1.1064516129033535,partial_be,True,3.405707196029969,0.4317617866004694,0.25@4520.08:tp1;0.5@4535.39:tp1;0.5@4515.14:be,24751.38000000012,45.708990654110806,2026-05
M5#8003995,M5,8003995,IMB,sell,0.559,B,2026-05-21 13:50:00,2026-05-21 14:03:00,2026-05-21 15:09:00,66.0,4518.45,4518.45,4532.01,4510.31,4464.21,4532.01,4518.45,13.5600000000004,6.868571428571548,0.76,1030.5600000000304,115.99999999996906,5.32,0.0,110.67999999996906,0.11256016146557758,0.10739791957767213,partial_be,True,0.7455752212388919,0.22271386430681028,0.15@4510.31:tp1;0.3@4518.55:be;0.31@4518.55:be,24862.06000000009,45.81638857368848,2026-05
M5#8004024,M5,8004024,IMB,buy,0.675,A,2026-05-22 02:20:00,2026-05-22 03:59:00,2026-05-22 04:05:00,6.0,4526.11,4526.11,4518.35,4530.77,4557.15,4526.11,4518.35,7.759999999999309,1.9757142857142103,1.34,1039.8399999999074,110.36000000007881,9.38,0.0,100.98000000007882,0.10613171257125004,0.0971110940145482,partial_be,True,1.3079896907218362,0.3286082474226159,0.26@4530.77:tp1;0.53@4526.01:be;0.55@4526.01:be,24963.04000000017,45.91349966770303,2026-05
M5#8004493,M5,8004493,IMB,buy,0.699,A,2026-05-28 16:20:00,2026-05-28 16:33:00,2026-05-28 17:13:00,40.0,4420.58,4420.58,4410.12,4426.86,4462.42,4420.58,4410.12,10.460000000000036,8.637142857142733,1.0,1046.0000000000036,2845.199999999986,7.0,0.0,2838.199999999986,2.7200764818355414,2.713384321223687,tp2,True,4.155831739961769,0.23613766730403882,0.2@4426.86:tp1;0.4@4446.73:tp1;0.4@4462.42:tp2,27801.240000000154,48.626883988926714,2026-05
M10#6004383,M10,6004383,IMB,buy,0.616,B,2026-05-28 23:20:00,2026-05-29 01:08:00,2026-05-29 03:36:00,148.0,4494.68,4494.68,4485.89,4499.95,4529.84,4494.68,4485.89,8.789999999999964,4.482857142857223,1.29,1133.9099999999953,121.34999999995034,9.030000000000001,0.0,112.31999999995034,0.10701907558796628,0.09905548059365453,partial_be,True,0.6575654152445699,0.6461888509670437,0.25@4499.95:tp1;0.51@4494.58:be;0.53@4494.58:be,27913.560000000103,48.72593946952037,2026-05
M5#8004558,M5,8004558,OB,buy,0.61,B,2026-05-29 11:00:00,2026-05-29 11:04:00,2026-05-29 11:48:00,44.0,4519.29,4519.29,4511.77,4523.8,4549.37,4519.29,4511.77,7.519999999999527,4.152857142857101,1.51,1135.5199999999286,-1150.6199999999835,10.57,0.0,-1161.1899999999835,-1.0132978723404746,-1.022606382978773,sl,False,0.17819148936173268,1.0053191489362867,0.3@4511.67:sl;0.6@4511.67:sl;0.61@4511.67:sl,26752.37000000012,47.7033330865416,2026-05
M5#8004591,M5,8004591,IMB,buy,0.711,A,2026-05-29 18:55:00,2026-05-29 20:43:00,2026-05-29 22:50:00,127.0,4555.61,4555.61,4540.93,4564.42,4614.33,4555.61,4540.93,14.679999999999382,11.004285714285677,0.75,1100.9999999999536,-653.9999999999509,5.25,0.0,-659.2499999999509,-0.5940054495912611,-0.5987738419618335,daily_halt,False,0.4121253405994848,0.6158038147139199,0.15@4546.89:daily_halt;0.3@4546.89:daily_halt;0.3@4546.89:daily_halt,26093.12000000017,47.10455924457976,2026-05
H1#6000746,H1,6000746,IMB,buy,0.6,B,2026-06-02 14:00:00,2026-06-02 15:54:00,2026-06-02 16:08:00,14.0,4515.17,4515.17,4499.44,4524.61,4578.09,4515.17,4499.44,15.730000000000473,14.733571428571395,0.68,1069.6400000000322,117.2199999999748,4.760000000000001,0.0,112.4599999999748,0.10958827268985012,0.10513817733066398,partial_be,True,0.6071201525746913,0.14240305149394242,0.13@4524.61:tp1;0.27@4515.07:be;0.28@4515.07:be,26205.580000000144,47.20969742191043,2026-06
M15#6003157,M15,6003157,UW,buy,0.662,A,2026-06-04 15:45:00,2026-06-04 17:09:00,2026-06-04 17:30:00,21.0,4489.91,4489.91,4482.25,4494.51,4520.55,4489.91,4482.25,7.6599999999998545,10.08142857142866,1.41,1080.0599999999795,-1094.1600000000308,9.87,0.0,-1104.0300000000307,-1.013054830287254,-1.0221932114882986,sl,False,0.49738903394262046,1.001305483028749,0.28@4482.15:sl;0.56@4482.15:sl;0.57@4482.15:sl,25101.550000000112,46.18750421042213,2026-06
M5#9003096,M5,9003096,OB,buy,0.553,B,2026-06-05 04:10:00,2026-06-05 09:15:00,2026-06-05 10:16:00,61.0,4434.67,4434.67,4427.41,4439.03,4463.71,4434.67,4427.41,7.260000000000218,6.0614285714284835,1.45,1052.7000000000317,2863.4599999999673,10.15,0.0,2853.309999999967,2.720110192837353,2.710468319559116,tp2,True,4.046831955922759,0.8030303030302689,0.29@4439.03:tp1;0.58@4452.82:tp1;0.58@4463.71:tp2,27954.86000000008,48.897972529981246,2026-06
M15#6003181,M15,6003181,OB,buy,0.621,B,2026-06-05 14:45:00,2026-06-05 15:30:00,2026-06-05 15:50:00,20.0,4449.15,4449.15,4436.65,4456.65,4499.15,4449.15,4436.65,12.5,5.720714285714361,0.91,1137.4999999999998,-1146.5999999999503,6.369999999999999,0.0,-1152.9699999999502,-1.0079999999999565,-1.0135999999999565,sl,False,0.5736000000000058,1.1743999999999506,0.18@4436.55:sl;0.36@4436.55:sl;0.37@4436.55:sl,26801.89000000013,47.88437252998129,2026-06
M10#6004699,M10,6004699,OB,sell,0.603,B,2026-06-08 17:40:00,2026-06-08 17:45:00,2026-06-08 18:45:00,60.0,4324.42,4324.42,4341.02,4314.46,4258.02,4341.02,4324.42,16.600000000000364,9.710000000000102,0.66,1095.600000000024,-1102.199999999988,4.62,0.0,-1106.8199999999879,-1.0060240963855092,-1.0102409638553884,sl,False,0.4228915662650225,1.0120481927710732,0.13@4341.12:sl;0.26@4341.12:sl;0.27@4341.12:sl,25695.07000000014,46.874131566125904,2026-06
M5#9003619,M5,9003619,IMB,buy,0.578,B,2026-06-12 04:00:00,2026-06-12 04:04:00,2026-06-12 04:13:00,9.0,4185.87,4185.87,4175.8,4191.91,4226.15,4185.87,4175.8,10.069999999999709,8.367857142857117,1.06,1067.4199999999691,118.34000000004562,7.42,0.0,110.92000000004562,0.11086545127508295,0.10391411065939257,partial_be,True,0.7328699106256527,0.28202581926516657,0.21@4191.91:tp1;0.42@4185.77:be;0.43@4185.77:be,25805.990000000187,46.9780456767853,2026-06
M10#6004994,M10,6004994,OB,sell,0.673,A,2026-06-16 18:30:00,2026-06-16 18:57:00,2026-06-16 21:01:00,124.0,4341.73,4341.73,4354.3,4334.19,4291.45,4354.3,4341.73,12.570000000000618,7.5271428571429295,0.85,1068.4500000000528,121.37999999997464,5.950000000000001,0.0,115.42999999997464,0.11360381861572244,0.10803500397769566,partial_be,True,1.275258552108111,0.4311853619730084,0.17@4334.19:tp1;0.34@4341.83:be;0.34@4341.83:be,25921.420000000162,47.086080680763,2026-06
M30#6001710,M30,6001710,IMB,buy,0.656,A,2026-06-17 06:00:00,2026-06-17 21:13:00,2026-06-17 21:58:00,45.0,4280.35,4280.35,4219.28,4316.99,4524.63,4280.35,4219.28,61.07000000000062,7.8464285714285325,0.17,1038.1900000000105,108.51999999999315,1.1900000000000002,0.0,107.32999999999315,0.10452807289609035,0.10338184725338528,partial_be,True,0.8436220730309318,0.17029638120190668,0.03@4316.99:tp1;0.06@4280.25:be;0.08@4280.25:be,26028.750000000156,47.189462528016385,2026-06
M5#9004106,M5,9004106,IMB,buy,0.693,A,2026-06-22 04:30:00,2026-06-22 04:31:00,2026-06-22 05:00:00,29.0,4200.89,4200.89,4189.22,4207.89,4247.57,4200.89,4189.22,11.670000000000073,8.341428571428619,0.98,1143.6600000000071,-1153.4600000000428,6.859999999999999,0.0,-1160.3200000000427,-1.0085689802913764,-1.014567266495318,sl,False,0.36760925449870924,1.0882604970009124,0.19@4189.12:sl;0.39@4189.12:sl;0.4@4189.12:sl,24868.430000000113,46.174895261521065,2026-06
M30#6001693,M30,6001693,IMB,buy,0.62,B,2026-06-19 07:30:00,2026-06-19 07:54:00,2026-06-23 06:21:00,5667.0,4131.47,4131.47,4101.98,4149.16,4249.43,4131.47,4101.98,29.49000000000069,11.893571428571574,0.36,1061.6400000000249,1154.5499999999859,2.52,-22.0,1130.0299999999859,1.0875155419915967,1.0644192004822344,partial_be,True,3.029501525940931,0.3350288233299382,0.07@4149.16:tp1;0.14@4205.20:tp1;0.15@4131.37:be,25998.460000000097,47.2393144620033,2026-06
M5#9004394,M5,9004394,IMB,buy,0.56,B,2026-06-25 03:10:00,2026-06-25 03:13:00,2026-06-25 03:18:00,5.0,4008.01,4008.01,4000.56,4012.48,4037.81,4008.01,4000.56,7.450000000000273,5.33571428571424,1.44,1072.8000000000393,-1087.2000000000262,10.08,0.0,-1097.2800000000261,-1.0134228187919336,-1.0228187919462957,sl,False,0.03758389261741411,1.0067114093959362,0.28@4000.46:sl;0.57@4000.46:sl;0.59@4000.46:sl,24901.180000000073,46.21649567005701,2026-06
M5#9004453,M5,9004453,OB,buy,0.59,B,2026-06-26 01:30:00,2026-06-26 02:49:00,2026-06-26 03:25:00,36.0,4016.75,4016.75,4007.99,4022.01,4051.79,4016.75,4007.99,8.760000000000218,3.26357142857153,1.19,1042.440000000026,111.38000000001375,8.33,0.0,103.05000000001375,0.1068454779172048,0.09885461033729633,partial_be,True,0.7522831050228289,0.6015981735159647,0.23@4022.01:tp1;0.47@4016.65:be;0.49@4016.65:be,25004.230000000087,46.315350280394306,2026-06
M15#6003660,M15,6003660,UW,buy,0.693,A,2026-06-26 23:30:00,2026-06-29 01:18:00,2026-06-29 02:22:00,64.0,4056.41,4056.41,4044.9,4063.32,4102.45,4056.41,4044.9,11.509999999999764,5.939285714285851,0.91,1047.4099999999783,117.08000000001219,6.369999999999999,0.0,110.71000000001219,0.11178048710630471,0.1056988189916217,partial_be,True,1.231972198088669,0.27801911381406463,0.18@4063.32:tp1;0.36@4056.31:be;0.37@4056.31:be,25114.9400000001,46.421049099385925,2026-06
M5#9004729,M5,9004729,OB,sell,0.608,B,2026-06-30 13:25:00,2026-06-30 13:28:00,2026-06-30 14:45:00,77.0,4028.39,4028.39,4035.64,4024.04,3999.39,4035.64,4028.39,7.25,3.747857142857096,1.45,1051.25,-1065.7499999999866,10.15,0.0,-1075.8999999999867,-1.013793103448263,-1.0234482758620562,sl,False,0.40413793103446016,1.2110344827586483,0.29@4035.74:sl;0.58@4035.74:sl;0.58@4035.74:sl,24039.040000000114,45.39760082352387,2026-06
M5#9004721,M5,9004721,IMB,buy,0.666,A,2026-06-30 12:45:00,2026-06-30 15:56:00,2026-06-30 17:09:00,73.0,4011.11,4011.11,4003.31,4015.79,4042.31,4011.11,4003.31,7.800000000000182,3.964285714285747,1.35,1053.0000000000246,2864.159999999986,9.450000000000001,0.0,2854.7099999999864,2.7199999999999234,2.711025641025565,tp2,True,4.338461538461398,0.32435897435899247,0.27@4015.79:tp1;0.54@4030.61:tp1;0.54@4042.31:tp2,26893.750000000102,48.10862646454943,2026-06
M5#9004745,M5,9004745,OB,buy,0.646,B,2026-06-30 16:30:00,2026-06-30 16:36:00,2026-06-30 17:21:00,45.0,4018.23,4018.23,4009.87,4023.25,4051.67,4018.23,4009.87,8.360000000000127,6.587142857142843,1.28,1070.0800000000163,2930.280000000007,8.96,0.0,2921.320000000007,2.7383747009569026,2.730001495215276,tp2,True,4.413875598086068,0.6160287081339728,0.25@4023.25:tp1;0.51@4039.13:tp1;0.52@4051.67:tp2,29815.07000000011,50.83862795976471,2026-06
M5#10002674,M5,10002674,IMB,buy,0.618,B,2026-07-01 03:40:00,2026-07-01 03:41:00,2026-07-01 04:05:00,24.0,3997.31,3997.31,3988.52,4002.58,4032.47,3997.31,3988.52,8.789999999999964,3.504999999999914,1.35,1186.649999999995,-1200.149999999983,9.450000000000001,0.0,-1209.599999999983,-1.011376564277578,-1.0193401592718898,sl,False,0.26166097838454966,1.4573378839590443,0.27@3988.42:sl;0.54@3988.42:sl;0.54@3988.42:sl,28605.470000000125,49.819287800492816,2026-07
M5#9004805,M5,9004805,OB,buy,0.588,B,2026-07-01 06:05:00,2026-07-01 06:33:00,2026-07-01 06:44:00,11.0,3977.69,3977.69,3972.48,3980.82,3998.53,3977.69,3972.48,5.210000000000036,4.11000000000003,2.22,1156.6200000000083,119.92000000002099,15.540000000000001,0.0,104.38000000002098,0.10368141654131878,0.09024571596550314,partial_be,True,0.8522072936660314,0.22456813819578975,0.44@3980.82:tp1;0.88@3977.59:be;0.9@3977.59:be,28709.850000000144,49.90953351645832,2026-07
M10#6005525,M10,6005525,IMB,sell,0.645,B,2026-07-01 23:40:00,2026-07-02 01:06:00,2026-07-02 03:06:00,120.0,4039.61,4039.61,4051.2,4032.66,3993.25,4051.2,4039.61,11.58999999999969,6.208571428571498,1.0,1158.999999999969,131.00000000001276,7.0,0.0,124.00000000001276,0.11302847282141178,0.1069887834340087,partial_be,True,0.7471958584987132,0.5056082830025737,0.2@4032.66:tp1;0.4@4039.71:be;0.4@4039.71:be,28833.85000000016,50.01652229989233,2026-07
M5#10002852,M5,10002852,OB,buy,0.58,B,2026-07-02 04:10:00,2026-07-02 04:33:00,2026-07-02 04:45:00,12.0,4046.67,4046.67,4039.22,4051.14,4076.47,4046.67,4039.22,7.450000000000273,6.647142857142983,1.56,1162.2000000000426,128.86000000000968,10.92,0.0,117.94000000000968,0.11087592496988896,0.1014799518155269,partial_be,True,1.1691275167784856,0.19194630872486426,0.31@4051.23:tp1;0.62@4046.57:be;0.63@4046.57:be,28951.79000000017,50.11800225170786,2026-07
M5#10002910,M5,10002910,OB,buy,0.63,B,2026-07-02 16:50:00,2026-07-02 17:10:00,2026-07-02 17:20:00,10.0,4124.25,4124.25,4112.97,4131.02,4169.37,4124.25,4112.97,11.279999999999745,11.075000000000014,1.03,1161.8399999999738,127.09999999997854,7.21,0.0,119.88999999997854,0.10939544171312866,0.10318976795426328,partial_be,True,1.0593971631205752,0.09397163120571135,0.2@4131.02:tp1;0.41@4124.15:be;0.42@4124.15:be,29071.680000000146,50.22119201966212,2026-07
M5#10002955,M5,10002955,IMB,buy,0.655,A,2026-07-03 08:55:00,2026-07-03 09:02:00,2026-07-03 09:11:00,9.0,4167.52,4167.52,4161.6,4171.07,4191.2,4167.52,4161.6,5.920000000000073,3.9528571428569585,1.97,1166.2400000000146,122.64999999991414,13.790000000000001,0.0,108.85999999991414,0.10516703251467333,0.09334270819034914,partial_be,True,0.6182432432432111,0.501689189189226,0.39@4171.07:tp1;0.78@4167.42:be;0.8@4167.42:be,29180.54000000006,50.31453472785247,2026-07
M5#10002954,M5,10002954,IMB,buy,0.672,A,2026-07-03 15:05:00,2026-07-03 17:08:00,2026-07-06 02:28:00,3440.0,4159.21,4159.21,4150.89,4164.2,4192.49,4159.21,4150.89,8.319999999999709,2.718571428571327,1.41,1173.119999999959,3201.4799999999896,9.87,-28.499999999999996,3163.1099999999897,2.7290302782324924,2.6963226268413294,tp2,True,5.111778846153994,0.4663461538461833,0.28@4164.20:tp1;0.56@4180.01:tp1;0.57@4192.49:tp2,32343.65000000005,53.0108573546938,2026-07
M10#6005609,M10,6005609,OB,sell,0.626,B,2026-07-06 03:20:00,2026-07-06 03:45:00,2026-07-06 04:03:00,18.0,4187.83,4187.83,4200.4,4180.29,4137.55,4200.4,4187.83,12.569999999999709,9.062142857142785,1.01,1269.5699999999706,142.69999999996983,7.07,0.0,135.62999999996984,0.11240026150584304,0.10683144686781586,partial_be,True,1.20127287191732,0.2800318217979728,0.2@4180.29:tp1;0.4@4187.93:be;0.41@4187.93:be,32479.280000000017,53.11768880156161,2026-07
M5#10003240,M5,10003240,IMB,sell,0.706,A,2026-07-09 08:05:00,2026-07-09 09:00:00,2026-07-09 11:23:00,143.0,4097.8,4097.8,4116.71,4086.45,4022.16,4116.71,4097.8,18.909999999999854,4.083571428571498,0.67,1266.9699999999903,-1273.6700000000146,4.69,0.0,-1278.3600000000147,-1.0052882072977454,-1.0089899524061536,sl,False,0.5002644103648921,1.064516129032272,0.13@4116.81:sl;0.26@4116.81:sl;0.28@4116.81:sl,31200.920000000002,52.10869884915546,2026-07
M5#10003352,M5,10003352,UW,sell,0.557,B,2026-07-09 18:30:00,2026-07-09 18:43:00,2026-07-09 19:13:00,30.0,4130.74,4130.74,4135.54,4127.86,4111.54,4135.54,4130.74,4.800000000000182,4.822857142857044,2.57,1233.6000000000467,126.27999999993062,17.990000000000002,0.0,108.28999999993061,0.10236705577166491,0.08778372243833213,partial_be,True,1.0916666666665797,0.38125000000015985,0.51@4127.86:tp1;1.02@4130.84:be;1.04@4130.84:be,31309.209999999934,52.19648257159379,2026-07
M15#6003988,M15,6003988,IMB,buy,0.705,A,2026-07-14 17:45:00,2026-07-14 18:42:00,2026-07-15 05:18:00,636.0,4068.98,4068.98,4030.85,4091.86,4221.5,4068.98,4030.85,38.13000000000011,16.74857142857143,0.32,1220.1600000000035,-1223.3600000000006,2.24,-48.0,-1273.6000000000006,-1.0026226068712276,-1.0437975347495385,sl,False,0.1964332546551209,1.033831628638866,0.06@4030.75:sl;0.12@4030.75:sl;0.14@4030.75:sl,30035.60999999993,51.152685036844254,2026-07
M5#10003672,M5,10003672,IMB,buy,0.779,A,2026-07-15 16:35:00,2026-07-15 17:46:00,2026-07-15 18:10:00,24.0,4053.67,4053.67,4040.0,4061.87,4108.35,4053.67,4040.0,13.670000000000073,7.120000000000053,0.87,1189.2900000000063,132.4000000000033,6.09,0.0,126.3100000000033,0.11132692614921726,0.10620622388147771,partial_be,True,0.6737381126554489,0.040965618141912394,0.17@4061.87:tp1;0.34@4053.57:be;0.36@4053.57:be,30161.919999999936,51.25889126072573,2026-07
M10#6005932,M10,6005932,IMB,sell,0.608,B,2026-07-15 23:50:00,2026-07-16 01:00:00,2026-07-16 04:18:00,198.0,4064.66,4064.66,4070.81,4060.97,4040.06,4070.81,4064.66,6.150000000000091,5.331428571428497,1.95,1199.250000000018,3262.3499999999685,13.650000000000002,29.250000000000004,3277.9499999999684,2.7203252032519654,2.733333333333266,tp2,True,4.1268292682926395,0.28455284552845106,0.39@4060.97:tp1;0.78@4049.28:tp1;0.78@4040.06:tp2,33439.86999999991,53.992224594058996,2026-07
M10#6005927,M10,6005927,IMB,buy,0.628,B,2026-07-15 22:50:00,2026-07-16 03:59:00,2026-07-16 04:23:00,24.0,4047.07,4047.07,4038.89,4051.98,4079.79,4047.07,4038.89,8.180000000000291,7.242857142857084,1.47,1202.4600000000428,-1217.1600000000294,10.29,0.0,-1227.4500000000294,-1.012224938875294,-1.0207823960880076,sl,False,0.40586797066009667,1.1381418092909064,0.29@4038.79:sl;0.58@4038.79:sl;0.6@4038.79:sl,32212.41999999988,52.97144219797099,2026-07
M5#10003790,M5,10003790,IMB,buy,0.645,B,2026-07-16 18:55:00,2026-07-16 18:56:00,2026-07-16 19:04:00,8.0,4007.01,4007.01,3998.99,4011.82,4039.09,4007.01,3998.99,8.020000000000437,6.422857142857116,1.57,1259.1400000000685,-1274.8400000000543,10.99,0.0,-1285.8300000000543,-1.0124688279301626,-1.0211970074812842,sl,False,0.07730673316706448,1.00997506234413,0.31@3998.89:sl;0.62@3998.89:sl;0.64@3998.89:sl,30926.589999999826,51.9502451904897,2026-07
M5#10003922,M5,10003922,IMB,sell,0.674,A,2026-07-20 01:30:00,2026-07-20 03:20:00,2026-07-20 04:02:00,42.0,4002.27,4002.27,4015.44,3994.37,3949.59,4015.44,4002.27,13.170000000000073,4.564285714285753,0.93,1224.8100000000068,-1234.1099999999983,6.51,0.0,-1240.6199999999983,-1.0075930144267204,-1.0129081245254297,sl,False,0.2930903568716861,1.0311313591496056,0.18@4015.54:sl;0.37@4015.54:sl;0.38@4015.54:sl,29685.969999999827,50.93733706596427,2026-07
M15#6004036,M15,6004036,OB,sell,0.61,B,2026-07-17 19:45:00,2026-07-20 05:48:00,2026-07-20 11:02:00,314.0,4024.25,4024.25,4038.33,4015.8,3967.93,4038.33,4024.25,14.079999999999927,11.691428571428528,0.87,1224.9599999999937,136.6500000000033,6.09,0.0,130.5600000000033,0.11155466300940767,0.10658307210031673,partial_be,True,1.5767045454545408,0.3075284090909055,0.17@4015.80:tp1;0.34@4024.35:be;0.36@4024.35:be,29816.52999999983,51.043920138064586,2026-07
M5#10003971,M5,10003971,IMB,sell,0.648,B,2026-07-20 16:50:00,2026-07-20 18:09:00,2026-07-20 19:06:00,57.0,4017.48,4017.48,4024.89,4013.03,3987.84,4024.89,4017.48,7.4099999999998545,4.715714285714349,1.61,1193.0099999999766,129.5000000000059,11.270000000000001,0.0,118.23000000000592,0.10854896438421174,0.09910227072699158,partial_be,True,0.9446693657220159,0.3022941970310156,0.32@4013.03:tp1;0.64@4017.58:be;0.65@4017.58:be,29934.75999999984,51.14302240879158,2026-07
M5#10004014,M5,10004014,UW,buy,0.645,B,2026-07-21 04:30:00,2026-07-21 04:39:00,2026-07-21 04:56:00,17.0,4023.59,4023.59,4018.26,4026.79,4044.91,4023.59,4018.26,5.329999999999927,5.10714285714289,2.24,1193.919999999984,122.79999999992651,15.680000000000001,0.0,107.1199999999265,0.1028544626105,0.08972125435534034,partial_be,True,0.8630393996247602,0.20637898686686282,0.44@4026.79:tp1;0.89@4023.49:be;0.91@4023.49:be,30041.879999999765,51.23274366314692,2026-07
M5#10004347,M5,10004347,IMB,buy,0.687,A,2026-07-24 18:35:00,2026-07-24 18:43:00,2026-07-24 19:30:00,47.0,4071.99,4071.99,4064.72,4076.35,4101.07,4071.99,4064.72,7.269999999999982,5.723571428571469,1.65,1199.549999999997,130.6800000000162,11.55,0.0,119.13000000001621,0.10894085281982122,0.09931224209079781,partial_be,True,0.8239339752407498,0.24484181568084593,0.33@4076.35:tp1;0.66@4071.89:be;0.66@4071.89:be,30161.00999999978,51.332055905237716,2026-07
M5#10004676,M5,10004676,OB,sell,0.629,B,2026-07-30 10:00:00,2026-07-30 10:01:00,2026-07-30 10:04:00,3.0,4041.88,4041.88,4047.96,4038.23,4017.56,4047.96,4041.88,6.079999999999927,4.902142857142865,1.98,1203.8399999999856,-1223.6399999999676,13.86,0.0,-1237.4999999999675,-1.0164473684210378,-1.0279605263157747,sl,False,0.0,1.0476973684210473,0.39@4048.06:sl;0.79@4048.06:sl;0.8@4048.06:sl,28923.509999999813,50.30409537892194,2026-07
M10#6006666,M10,6006666,OB,buy,0.641,B,2026-08-05 23:30:00,2026-08-05 23:47:00,2026-08-06 02:34:00,167.0,4243.81,4243.81,4238.63,4246.92,4264.53,4243.81,4238.63,5.180000000000291,5.397857142857187,2.36,1222.4800000000687,3331.869999999905,16.52,-94.5,3220.849999999905,2.7255006216868316,2.634685230023987,tp2,True,4.14671814671783,0.1698841698841814,0.47@4246.92:tp1;0.94@4256.76:tp1;0.95@4264.53:tp2,32144.359999999717,52.93878060894593,2026-08
M5#11003056,M5,11003056,IMB,buy,0.679,A,2026-08-05 17:45:00,2026-08-05 19:03:00,2026-08-06 03:34:00,511.0,4225.75,4225.75,4210.75,4234.75,4285.75,4225.75,4210.75,15.0,10.063571428571517,0.77,1155.0,3180.0,5.390000000000001,-16.0,3158.61,2.7532467532467533,2.7347272727272727,tp2,True,4.082666666666652,0.07399999999997817,0.15@4234.75:tp1;0.3@4263.25:tp1;0.32@4285.75:tp2,35302.96999999972,55.6735078816732,2026-08
M5#11003136,M5,11003136,OB,sell,0.622,B,2026-08-06 16:10:00,2026-08-06 16:37:00,2026-08-06 16:42:00,5.0,4256.13,4256.13,4270.29,4247.63,4199.49,4270.29,4256.13,14.159999999999854,7.488571428571309,0.95,1345.1999999999862,-1354.7000000000207,6.6499999999999995,0.0,-1361.3500000000208,-1.007062146892681,-1.01200564971754,sl,False,0.0,1.1659604519774285,0.19@4270.39:sl;0.38@4270.39:sl;0.38@4270.39:sl,33941.6199999997,54.661502231955666,2026-08
M5#11003144,M5,11003144,IMB,buy,0.551,B,2026-08-06 17:35:00,2026-08-06 18:17:00,2026-08-06 18:23:00,6.0,4258.58,4258.58,4252.24,4262.38,4283.94,4258.58,4252.24,6.3400000000001455,8.458571428571434,2.07,1312.38000000003,-1333.0799999999172,14.489999999999998,0.0,-1347.5699999999172,-1.0157728706623743,-1.0268138801260964,sl,False,0.0,1.2618296529968165,0.41@4252.14:sl;0.82@4252.14:sl;0.84@4252.14:sl,32594.04999999978,53.63468835182957,2026-08
M5#11003308,M5,11003308,UW,sell,0.605,B,2026-08-10 04:30:00,2026-08-10 05:29:00,2026-08-10 07:13:00,104.0,4332.09,4332.09,4340.79,4326.87,4297.29,4340.79,4332.09,8.699999999999818,5.48642857142886,1.46,1270.1999999999734,139.68000000007123,10.219999999999999,0.0,129.46000000007123,0.10996693434110703,0.10192095732961261,partial_be,True,1.6402298850574513,0.0793103448276464,0.29@4326.87:tp1;0.58@4332.19:be;0.59@4332.19:be,32723.509999999853,53.73660930915918,2026-08
M5#11003492,M5,11003492,OB,buy,0.599,B,2026-08-12 08:30:00,2026-08-12 08:30:00,2026-08-12 08:35:00,5.0,4391.33,4391.33,4386.92,4393.98,4408.97,4391.33,4386.92,4.4099999999998545,3.0892857142857792,2.9,1278.8999999999578,130.4999999998945,20.3,0.0,110.1999999998945,0.10204081632645148,0.0861678004534351,partial_be,True,1.2630385487528102,0.4920634920635248,0.58@4393.98:tp1;1.16@4391.23:be;1.16@4391.23:be,32833.709999999744,53.822777109612616,2026-08
M10#6006950,M10,6006950,OB,sell,0.614,B,2026-08-13 14:30:00,2026-08-13 15:30:00,2026-08-13 15:48:00,18.0,4396.63,4396.63,4406.25,4390.86,4358.15,4406.25,4396.63,9.61999999999989,4.132142857143078,1.33,1279.4599999999855,139.32000000006977,9.31,0.0,130.01000000006977,0.10888968783711202,0.10161318056060466,partial_be,True,1.6434511434511092,0.510395010395001,0.26@4390.86:tp1;0.53@4396.73:be;0.54@4396.73:be,32963.71999999981,53.92439029017322,2026-08
M10#6006972,M10,6006972,OB,sell,0.626,B,2026-08-14 14:40:00,2026-08-14 16:32:00,2026-08-14 17:00:00,28.0,4390.13,4390.13,4401.78,4383.14,4343.53,4401.78,4390.13,11.649999999999636,4.3292857142857555,1.1,1281.4999999999602,144.98000000004322,7.700000000000001,0.0,137.28000000004323,0.11313304721033766,0.10712446351935037,partial_be,True,0.604291845493578,0.6111587982832715,0.22@4383.14:tp1;0.44@4390.23:be;0.44@4390.23:be,33100.999999999854,54.03151475369257,2026-08
M5#11003790,M5,11003790,IMB,buy,0.67,A,2026-08-17 15:20:00,2026-08-17 15:26:00,2026-08-17 15:31:00,5.0,4384.06,4384.06,4379.5,4386.8,4402.3,4384.06,4379.5,4.5600000000004,3.214285714285649,2.83,1290.4800000001133,130.7399999999052,19.810000000000002,0.0,110.92999999990519,0.10131114004083265,0.08596026284785153,partial_be,True,1.3026315789471663,0.4385964912280317,0.56@4386.80:tp1;1.13@4383.96:be;1.14@4383.96:be,33211.92999999976,54.11747501654042,2026-08
M5#11003951,M5,11003951,UW,buy,0.677,A,2026-08-18 17:00:00,2026-08-18 17:32:00,2026-08-18 17:53:00,21.0,4388.9,4388.9,4376.32,4396.45,4439.22,4388.9,4376.32,12.579999999999927,7.969285714285759,1.03,1295.7399999999925,-1306.0399999999363,7.21,0.0,-1313.2499999999363,-1.007949125596141,-1.0135135135134703,sl,False,0.581875993640752,1.3100158982511652,0.2@4376.22:sl;0.41@4376.22:sl;0.42@4376.22:sl,31898.679999999826,53.103961503026945,2026-08
M10#6007005,M10,6007005,OB,buy,0.612,B,2026-08-19 02:50:00,2026-08-19 04:02:00,2026-08-19 05:21:00,79.0,4326.89,4326.89,4318.34,4332.02,4361.09,4326.89,4318.34,8.550000000000182,5.052142857142891,1.47,1256.8500000000267,3440.8099999999986,10.29,0.0,3430.5199999999986,2.7376457015554165,2.7294585670524927,tp2,True,4.037426900584654,0.28771929824561215,0.29@4332.02:tp1;0.58@4348.27:tp1;0.6@4361.09:tp2,35329.19999999982,55.833420070079434,2026-08
M30#6002456,M30,6002456,IMB,sell,0.624,B,2026-08-19 15:00:00,2026-08-19 15:33:00,2026-08-19 15:36:00,3.0,4377.5,4377.5,4391.12,4369.33,4323.02,4391.12,4377.5,13.61999999999989,9.354999999999889,0.99,1348.3799999999892,-1358.2800000000252,6.93,0.0,-1365.2100000000253,-1.0073421439060473,-1.0124816446402618,sl,False,0.0,1.4170337738619925,0.19@4391.22:sl;0.39@4391.22:sl;0.41@4391.22:sl,33963.989999999794,54.820938425439174,2026-08
M5#11003888,M5,11003888,IMB,sell,0.567,B,2026-08-19 15:35:00,2026-08-19 15:38:00,2026-08-19 15:41:00,3.0,4412.03,4412.03,4420.06,4407.21,4379.91,4420.06,4412.03,8.030000000000655,4.693571428571366,1.66,1332.9800000001087,-1349.5800000000181,11.620000000000001,0.0,-1361.200000000018,-1.012453300124464,-1.0211706102116362,sl,False,0.34869240348680497,1.1195516811955115,0.33@4420.16:sl;0.66@4420.16:sl;0.67@4420.16:sl,32602.789999999775,53.79976781522754,2026-08
M5#11004068,M5,11004068,IMB,buy,0.552,B,2026-08-20 01:45:00,2026-08-20 01:59:00,2026-08-20 02:23:00,24.0,4517.32,4517.32,4511.16,4521.02,4541.96,4517.32,4511.16,6.1599999999998545,2.861428571428665,2.07,1275.1199999999697,135.10000000012042,14.489999999999998,0.0,120.61000000012042,0.10595081247264856,0.09458717610901193,partial_be,True,1.0194805194806498,0.3360389610389217,0.41@4521.02:tp1;0.82@4517.22:be;0.84@4517.22:be,32723.399999999896,53.89435499133655,2026-08
M10#6007224,M10,6007224,OB,buy,0.623,B,2026-08-21 06:20:00,2026-08-21 06:29:00,2026-08-21 08:17:00,108.0,4531.31,4531.31,4522.24,4536.75,4567.59,4531.31,4522.24,9.070000000000618,8.874285714285893,1.41,1278.8700000000872,141.01999999994771,9.87,0.0,131.1499999999477,0.11026922204754049,0.10255147122063914,partial_be,True,1.8324145534728509,0.5148842337375694,0.28@4536.75:tp1;0.56@4531.21:be;0.57@4531.21:be,32854.54999999984,53.996906462557185,2026-08
M5#11004257,M5,11004257,IMB,sell,0.646,B,2026-08-24 03:45:00,2026-08-24 03:48:00,2026-08-24 04:00:00,12.0,4612.68,4612.68,4628.44,4603.22,4549.64,4628.44,4612.68,15.759999999999309,8.946428571428637,0.81,1276.559999999944,-1284.6599999999735,5.67,0.0,-1290.3299999999736,-1.006345177664998,-1.0107868020304804,sl,False,0.0755076142131759,1.053299492385856,0.16@4628.54:sl;0.32@4628.54:sl;0.33@4628.54:sl,31564.21999999987,52.986119660526704,2026-08
M5#11004263,M5,11004263,IMB,buy,0.574,B,2026-08-24 05:55:00,2026-08-24 21:08:00,2026-08-24 21:38:00,30.0,4626.57,4626.57,4618.94,4631.15,4657.09,4626.57,4618.94,7.630000000000109,8.468571428571522,1.63,1243.6900000000178,133.46000000006916,11.41,0.0,122.05000000006916,0.10730969936243537,0.09813538743583,partial_be,True,2.044560943643531,0.192660550458627,0.32@4631.15:tp1;0.65@4626.47:be;0.66@4626.47:be,31686.26999999994,53.084255047962536,2026-08
M5#11004415,M5,11004415,UW,buy,0.663,A,2026-08-26 09:35:00,2026-08-26 11:15:00,2026-08-26 12:16:00,61.0,4623.81,4623.81,4613.21,4630.17,4666.21,4623.81,4613.21,10.600000000000364,5.1592857142857484,1.17,1240.2000000000426,136.87999999995827,8.19,0.0,128.68999999995827,0.11036929527491822,0.10376552169001278,partial_be,True,0.6905660377357979,0.16037735849062917,0.23@4630.17:tp1;0.46@4623.71:be;0.48@4623.71:be,31814.959999999897,53.18802056965255,2026-08
M5#11004565,M5,11004565,IMB,buy,0.66,A,2026-08-27 08:10:00,2026-08-27 08:31:00,2026-08-27 08:44:00,13.0,4612.36,4612.36,4605.54,4616.45,4639.64,4612.36,4605.54,6.819999999999709,2.6014285714285768,1.83,1248.0599999999467,-1266.3600000000133,12.81,0.0,-1279.1700000000133,-1.0146627565982944,-1.0249266862170632,sl,False,0.2771260997068047,1.058651026392911,0.36@4605.44:sl;0.73@4605.44:sl;0.74@4605.44:sl,30535.789999999884,52.16309388343549,2026-08
M5#11004612,M5,11004612,OB,buy,0.624,B,2026-08-28 02:45:00,2026-08-28 02:48:00,2026-08-28 03:16:00,28.0,4597.37,4597.37,4590.62,4601.42,4624.37,4597.37,4590.62,6.75,2.5421428571429323,1.8,1214.9999999999998,131.40000000008513,12.599999999999998,0.0,118.80000000008513,0.10814814814821823,0.09777777777784787,partial_be,True,0.7970370370370532,0.5733333333333172,0.36@4601.42:tp1;0.72@4597.27:be;0.72@4597.27:be,30654.58999999997,52.260871661213336,2026-08
M5#11004679,M5,11004679,IMB,buy,0.623,B,2026-08-28 10:20:00,2026-08-28 14:06:00,2026-08-28 15:32:00,86.0,4596.84,4596.84,4588.76,4601.69,4629.16,4596.84,4588.76,8.079999999999927,6.126428571428538,1.5,1211.999999999989,133.49999999993997,10.5,0.0,122.99999999993997,0.11014851485143662,0.10148514851480288,partial_be,True,0.8836633663365696,0.7042079207921486,0.3@4601.69:tp1;0.6@4596.74:be;0.6@4596.74:be,30777.58999999991,52.36235680972814,2026-08
M5#11004751,M5,11004751,IMB,buy,0.615,B,2026-08-31 07:15:00,2026-08-31 07:24:00,2026-08-31 13:07:00,343.0,4416.56,4416.56,4407.23,4422.16,4453.88,4416.56,4407.23,9.330000000000837,4.217142857142854,1.32,1231.5600000001104,3374.0399999999663,9.24,0.0,3364.7999999999665,2.7396472766244955,2.7321445970960934,tp2,True,4.001071811360834,0.3654876741693953,0.26@4422.16:tp1;0.52@4439.89:tp1;0.54@4453.88:tp2,34142.389999999876,55.094501406824236,2026-08
M15#6004832,M15,6004832,IMB,buy,0.643,B,2026-08-31 05:30:00,2026-08-31 05:35:00,2026-09-01 11:04:00,1769.0,4411.38,4411.38,4373.51,4434.1,4562.86,4411.38,4373.51,37.86999999999989,14.93214285714287,0.32,1211.8399999999965,133.71999999999207,2.24,-13.0,118.47999999999206,0.11034459994718152,0.09776868233429528,partial_be,True,1.3963559545814699,0.3842091365196785,0.06@4434.10:tp1;0.12@4411.28:be;0.14@4411.28:be,34260.869999999864,55.192270089158534,2026-09
M5#11004866,M5,11004866,IMB,sell,0.566,B,2026-09-02 17:05:00,2026-09-02 17:05:00,2026-09-02 17:09:00,4.0,4387.54,4387.54,4394.72,4383.23,4358.82,4394.72,4387.54,7.180000000000291,8.95714285714283,1.84,1321.1200000000536,-1339.5199999999531,12.879999999999999,0.0,-1352.3999999999533,-1.0139275766015947,-1.0236768802227643,sl,False,0.09192200557100665,1.3203342618384524,0.36@4394.82:sl;0.73@4394.82:sl;0.75@4394.82:sl,32908.469999999914,54.16859320893577,2026-09
M30#6002607,M30,6002607,IMB,sell,0.653,A,2026-09-03 06:00:00,2026-09-03 15:53:00,2026-09-03 18:01:00,128.0,4487.68,4487.68,4524.41,4465.64,4340.76,4524.41,4487.68,36.72999999999956,9.697142857142742,0.35,1285.5499999999847,151.48000000001502,2.45,0.0,149.03000000001504,0.11783283419549362,0.11592703512116745,partial_be,True,0.8320174244487003,0.23032943098285152,0.07@4465.64:tp1;0.14@4487.78:be;0.14@4487.78:be,33057.49999999993,54.284520244056935,2026-09
