time,balance,equity
2025-09-01 01:00:00,10000.0,10000.0
2025-09-01 02:00:00,10000.0,10000.0
2025-09-01 03:00:00,10000.0,10000.0
2025-09-01 04:00:00,10000.0,10000.0
2025-09-01 05:00:00,10000.0,10000.0
2025-09-01 06:00:00,10000.0,10000.0
2025-09-01 07:00:00,10000.0,10000.0
2025-09-01 08:00:00,10000.0,10000.0
2025-09-01 09:00:00,10000.0,10000.0
2025-09-01 10:00:00,10000.0,10000.0
2025-09-01 11:00:00,10000.0,10000.0
2025-09-01 12:00:00,10000.0,10000.0
2025-09-01 13:00:00,10000.0,10000.0
2025-09-01 14:00:00,10000.0,10000.0
2025-09-01 15:00:00,10000.0,10000.0
2025-09-01 16:00:00,10000.0,10000.0
2025-09-01 17:00:00,10000.0,10000.0
2025-09-01 18:00:00,10039.78,10090.930000000002
2025-09-01 19:00:00,10039.78,10114.359999999997
2025-09-01 20:00:00,10039.78,10077.73
2025-09-01 21:00:00,10039.78,10069.149999999996
2025-09-02 01:29:00,10041.43,10062.11
2025-09-02 02:29:00,10040.330000000002,10040.330000000002
2025-09-02 03:29:00,10040.330000000002,10040.330000000002
2025-09-02 04:29:00,10040.330000000002,10040.330000000002
2025-09-02 05:29:00,10040.330000000002,10040.330000000002
2025-09-02 06:29:00,10040.330000000002,10040.330000000002
2025-09-02 07:29:00,10040.330000000002,10040.330000000002
2025-09-02 08:29:00,10040.330000000002,10040.330000000002
2025-09-02 09:29:00,10040.330000000002,10040.330000000002
2025-09-02 10:29:00,10040.330000000002,10040.330000000002
2025-09-02 11:29:00,10040.330000000002,10040.330000000002
2025-09-02 12:29:00,10040.330000000002,10040.330000000002
2025-09-02 13:29:00,10040.330000000002,10040.330000000002
2025-09-02 14:29:00,10040.330000000002,10040.330000000002
2025-09-02 15:29:00,10040.330000000002,10040.330000000002
2025-09-02 16:29:00,10040.330000000002,10040.330000000002
2025-09-02 17:29:00,10040.330000000002,10040.330000000002
2025-09-02 18:29:00,10040.330000000002,10040.330000000002
2025-09-02 19:29:00,10040.330000000002,10040.330000000002
2025-09-02 20:29:00,10040.330000000002,10040.330000000002
2025-09-02 21:29:00,10040.330000000002,10040.330000000002
2025-09-02 22:29:00,10040.330000000002,10040.330000000002
2025-09-02 23:29:00,10040.330000000002,10040.330000000002
2025-09-03 01:30:00,10040.330000000002,10040.330000000002
2025-09-03 02:30:00,10039.070000000002,9977.689999999995
2025-09-03 03:30:00,10128.269999999999,10154.729999999998
2025-09-03 04:30:00,10128.269999999999,10177.049999999996
2025-09-03 05:30:00,10128.269999999999,10183.049999999996
2025-09-03 06:30:00,10127.669999999996,10127.669999999996
2025-09-03 07:30:00,10127.669999999996,10127.669999999996
2025-09-03 08:30:00,10127.669999999996,10127.669999999996
2025-09-03 09:30:00,10127.669999999996,10127.669999999996
2025-09-03 10:30:00,10127.669999999996,10127.669999999996
2025-09-03 11:30:00,10127.669999999996,10127.669999999996
2025-09-03 12:30:00,10127.669999999996,10127.669999999996
2025-09-03 13:30:00,10127.669999999996,10127.669999999996
2025-09-03 14:30:00,10127.669999999996,10127.669999999996
2025-09-03 15:30:00,10127.669999999996,10127.669999999996
2025-09-03 16:30:00,10127.669999999996,10127.669999999996
2025-09-03 17:30:00,10127.669999999996,10127.669999999996
2025-09-03 18:30:00,10127.669999999996,10127.669999999996
2025-09-03 19:30:00,10127.669999999996,10127.669999999996
2025-09-03 20:30:00,10127.669999999996,10127.669999999996
2025-09-03 21:30:00,10127.669999999996,10127.669999999996
2025-09-03 22:30:00,10127.669999999996,10127.669999999996
2025-09-03 23:30:00,10127.669999999996,10127.669999999996
2025-09-04 01:31:00,10127.669999999996,10127.669999999996
2025-09-04 02:31:00,10127.669999999996,10127.669999999996
2025-09-04 03:31:00,10127.669999999996,10127.669999999996
2025-09-04 04:31:00,10127.669999999996,10127.669999999996
2025-09-04 05:31:00,10127.669999999996,10127.669999999996
2025-09-04 06:31:00,10127.669999999996,10127.669999999996
2025-09-04 07:31:00,10127.669999999996,10127.669999999996
2025-09-04 08:31:00,10127.669999999996,10127.669999999996
2025-09-04 09:31:00,10127.669999999996,10127.669999999996
2025-09-04 10:31:00,10127.669999999996,10127.669999999996
2025-09-04 11:31:00,10127.669999999996,10127.669999999996
2025-09-04 12:31:00,10127.669999999996,10127.669999999996
2025-09-04 13:31:00,10127.669999999996,10127.669999999996
2025-09-04 14:31:00,10127.669999999996,10127.669999999996
2025-09-04 15:31:00,10127.669999999996,10127.669999999996
2025-09-04 16:31:00,10127.669999999996,10127.669999999996
2025-09-04 17:31:00,10127.669999999996,10127.669999999996
2025-09-04 18:31:00,10127.669999999996,10127.669999999996
2025-09-04 19:31:00,10127.669999999996,10127.669999999996
2025-09-04 20:31:00,10127.669999999996,10127.669999999996
2025-09-04 21:31:00,10127.669999999996,10127.669999999996
2025-09-04 22:31:00,10127.669999999996,10127.669999999996
2025-09-04 23:31:00,10127.669999999996,10127.669999999996
2025-09-05 01:32:00,10127.669999999996,10127.669999999996
2025-09-05 02:32:00,10127.669999999996,10127.669999999996
2025-09-05 03:32:00,10127.669999999996,10127.669999999996
2025-09-05 04:32:00,10127.669999999996,10127.669999999996
2025-09-05 05:32:00,10127.669999999996,10127.669999999996
2025-09-05 06:32:00,10127.669999999996,10127.669999999996
2025-09-05 07:32:00,10127.669999999996,10127.669999999996
2025-09-05 08:32:00,10127.669999999996,10127.669999999996
2025-09-05 09:32:00,10127.669999999996,10127.669999999996
2025-09-05 10:32:00,10127.669999999996,10127.669999999996
2025-09-05 11:32:00,10127.669999999996,10127.669999999996
2025-09-05 12:32:00,10127.669999999996,10127.669999999996
2025-09-05 13:32:00,10127.669999999996,10127.669999999996
2025-09-05 14:32:00,10127.669999999996,10127.669999999996
2025-09-05 15:32:00,10127.669999999996,10127.669999999996
2025-09-05 16:32:00,10127.669999999996,10127.669999999996
2025-09-05 17:32:00,10127.669999999996,10127.669999999996
2025-09-05 18:32:00,10127.669999999996,10127.669999999996
2025-09-05 19:32:00,10127.669999999996,10127.669999999996
2025-09-05 20:32:00,10127.669999999996,10127.669999999996
2025-09-05 21:32:00,10127.669999999996,10127.669999999996
2025-09-05 22:32:00,10127.669999999996,10127.669999999996
2025-09-05 23:32:00,10127.669999999996,10127.669999999996
2025-09-08 01:33:00,10127.669999999996,10127.669999999996
2025-09-08 02:33:00,10127.669999999996,10127.669999999996
2025-09-08 03:33:00,10127.669999999996,10127.669999999996
2025-09-08 04:33:00,10127.669999999996,10127.669999999996
2025-09-08 05:33:00,10127.669999999996,10127.669999999996
2025-09-08 06:33:00,10127.669999999996,10127.669999999996
2025-09-08 07:33:00,10127.669999999996,10127.669999999996
2025-09-08 08:33:00,10127.669999999996,10127.669999999996
2025-09-08 09:33:00,10127.669999999996,10127.669999999996
2025-09-08 10:33:00,10127.669999999996,10127.669999999996
2025-09-08 11:33:00,10127.669999999996,10127.669999999996
2025-09-08 12:33:00,10127.669999999996,10127.669999999996
2025-09-08 13:33:00,10127.669999999996,10127.669999999996
2025-09-08 14:33:00,10127.669999999996,10127.669999999996
2025-09-08 15:33:00,10127.669999999996,10127.669999999996
2025-09-08 16:33:00,10127.669999999996,10127.669999999996
2025-09-08 17:33:00,10127.669999999996,10127.669999999996
2025-09-08 18:33:00,10127.669999999996,10127.669999999996
2025-09-08 19:33:00,10127.669999999996,10127.669999999996
2025-09-08 20:33:00,10127.669999999996,10127.669999999996
2025-09-08 21:33:00,10127.669999999996,10127.669999999996
2025-09-08 22:33:00,10127.669999999996,10127.669999999996
2025-09-08 23:33:00,10127.669999999996,10127.669999999996
2025-09-09 01:34:00,10127.669999999996,10127.669999999996
2025-09-09 02:34:00,10127.669999999996,10127.669999999996
2025-09-09 03:34:00,10127.669999999996,10127.669999999996
2025-09-09 04:34:00,10127.669999999996,10127.669999999996
2025-09-09 05:34:00,10127.669999999996,10127.669999999996
2025-09-09 06:34:00,10127.669999999996,10127.669999999996
2025-09-09 07:34:00,10127.669999999996,10127.669999999996
2025-09-09 08:34:00,10127.669999999996,10127.669999999996
2025-09-09 09:34:00,10127.669999999996,10127.669999999996
2025-09-09 10:34:00,10127.669999999996,10127.669999999996
2025-09-09 11:34:00,10127.669999999996,10127.669999999996
2025-09-09 12:34:00,10127.669999999996,10127.669999999996
2025-09-09 13:34:00,10127.669999999996,10127.669999999996
2025-09-09 14:34:00,10127.669999999996,10127.669999999996
2025-09-09 15:34:00,10127.669999999996,10127.669999999996
2025-09-09 16:34:00,10127.669999999996,10127.669999999996
2025-09-09 17:34:00,10127.669999999996,10127.669999999996
2025-09-09 18:34:00,10127.669999999996,10127.669999999996
2025-09-09 19:34:00,10127.669999999996,10127.669999999996
2025-09-09 20:34:00,10127.669999999996,10127.669999999996
2025-09-09 21:34:00,10127.669999999996,10127.669999999996
2025-09-09 22:34:00,10127.669999999996,10127.669999999996
2025-09-09 23:34:00,10127.669999999996,10127.669999999996
2025-09-10 01:35:00,10127.669999999996,10127.669999999996
2025-09-10 02:35:00,10127.669999999996,10127.669999999996
2025-09-10 03:35:00,10127.669999999996,10127.669999999996
2025-09-10 04:35:00,10127.669999999996,10127.669999999996
2025-09-10 05:35:00,10127.669999999996,10127.669999999996
2025-09-10 06:35:00,10127.669999999996,10127.669999999996
2025-09-10 07:35:00,10127.669999999996,10127.669999999996
2025-09-10 08:35:00,10127.669999999996,10127.669999999996
2025-09-10 09:35:00,10127.669999999996,10127.669999999996
2025-09-10 10:35:00,10127.669999999996,10127.669999999996
2025-09-10 11:35:00,10127.669999999996,10127.669999999996
2025-09-10 12:35:00,10127.669999999996,10127.669999999996
2025-09-10 13:35:00,10127.669999999996,10127.669999999996
2025-09-10 14:35:00,10138.709999999997,10193.909999999996
2025-09-10 15:35:00,10162.889999999998,10225.169999999998
2025-09-10 16:35:00,10211.279999999999,10246.499999999998
2025-09-10 17:35:00,10211.279999999999,10224.3
2025-09-10 18:35:00,10211.279999999999,10281.539999999999
2025-09-10 19:35:00,10211.279999999999,10311.84
2025-09-10 20:35:00,10211.279999999999,10280.82
2025-09-10 21:35:00,10211.279999999999,10269.06
2025-09-10 22:35:00,10211.279999999999,10333.919999999998
2025-09-10 23:35:00,10211.279999999999,10316.58
2025-09-11 01:36:00,10212.179999999998,10311.36
2025-09-11 02:36:00,10212.179999999998,10298.759999999998
2025-09-11 03:36:00,10212.179999999998,10290.599999999997
2025-09-11 04:36:00,10212.179999999998,10294.139999999998
2025-09-11 05:36:00,10212.179999999998,10328.279999999999
2025-09-11 06:36:00,10212.179999999998,10362.239999999998
2025-09-11 07:36:00,10212.179999999998,10362.599999999997
2025-09-11 08:36:00,10212.179999999998,10366.139999999998
2025-09-11 09:36:00,10405.74,10405.74
2025-09-11 10:36:00,10405.74,10405.74
2025-09-11 11:36:00,10405.74,10405.74
2025-09-11 12:36:00,10405.74,10405.74
2025-09-11 13:36:00,10405.74,10405.74
2025-09-11 14:36:00,10405.74,10405.74
2025-09-11 15:36:00,10405.74,10405.74
2025-09-11 16:36:00,10405.74,10405.74
2025-09-11 17:36:00,10405.74,10405.74
2025-09-11 18:36:00,10405.74,10405.74
2025-09-11 19:36:00,10405.74,10405.74
2025-09-11 20:36:00,10405.74,10405.74
2025-09-11 21:36:00,10405.74,10405.74
2025-09-11 22:36:00,10405.74,10405.74
2025-09-11 23:36:00,10405.74,10405.74
2025-09-12 01:37:00,10405.74,10405.74
2025-09-12 02:37:00,10405.74,10405.74
2025-09-12 03:37:00,10405.74,10405.74
2025-09-12 04:37:00,10405.74,10405.74
2025-09-12 05:37:00,10405.74,10405.74
2025-09-12 06:37:00,10405.74,10405.74
2025-09-12 07:37:00,10405.74,10405.74
2025-09-12 08:37:00,10405.74,10405.74
2025-09-12 09:37:00,10405.74,10405.74
2025-09-12 10:37:00,10405.74,10405.74
2025-09-12 11:37:00,10405.74,10405.74
2025-09-12 12:37:00,10405.74,10405.74
2025-09-12 13:37:00,10405.74,10405.74
2025-09-12 14:37:00,10405.74,10405.74
2025-09-12 15:37:00,10405.74,10405.74
2025-09-12 16:37:00,10405.74,10405.74
2025-09-12 17:37:00,10405.74,10405.74
2025-09-12 18:37:00,10404.83,10412.760000000002
2025-09-12 19:37:00,10404.83,10416.010000000002
2025-09-12 20:37:00,10404.83,10454.490000000002
2025-09-12 21:37:00,10404.83,10434.470000000003
2025-09-12 22:37:00,10404.83,10387.02
2025-09-12 23:37:00,10404.83,10353.349999999999
2025-09-15 01:38:00,10398.33,10337.230000000003
2025-09-15 02:38:00,10297.320000000002,10297.320000000002
2025-09-15 03:38:00,10297.320000000002,10297.320000000002
2025-09-15 04:38:00,10297.320000000002,10297.320000000002
2025-09-15 05:38:00,10297.320000000002,10297.320000000002
2025-09-15 06:38:00,10297.320000000002,10297.320000000002
2025-09-15 07:38:00,10297.320000000002,10297.320000000002
2025-09-15 08:38:00,10297.320000000002,10297.320000000002
2025-09-15 09:38:00,10297.320000000002,10297.320000000002
2025-09-15 10:38:00,10296.410000000002,10314.480000000007
2025-09-15 11:38:00,10310.060000000001,10333.460000000003
2025-09-15 12:38:00,10309.060000000003,10309.060000000003
2025-09-15 13:38:00,10309.060000000003,10309.060000000003
2025-09-15 14:38:00,10309.060000000003,10309.060000000003
2025-09-15 15:38:00,10309.060000000003,10309.060000000003
2025-09-15 16:38:00,10309.060000000003,10309.060000000003
2025-09-15 17:38:00,10309.060000000003,10309.060000000003
2025-09-15 18:38:00,10309.060000000003,10309.060000000003
2025-09-15 19:38:00,10309.060000000003,10309.060000000003
2025-09-15 20:38:00,10309.060000000003,10309.060000000003
2025-09-15 21:38:00,10309.060000000003,10309.060000000003
2025-09-15 22:38:00,10309.060000000003,10309.060000000003
2025-09-15 23:38:00,10309.060000000003,10309.060000000003
2025-09-16 01:39:00,10356.340000000002,10443.6
2025-09-16 02:39:00,10356.340000000002,10438.330000000002
2025-09-16 03:39:00,10417.290000000003,10518.520000000004
2025-09-16 04:39:00,10443.430000000002,10500.579999999998
2025-09-16 05:39:00,10453.649999999992,10508.799999999992
2025-09-16 06:39:00,10453.149999999992,10503.049999999992
2025-09-16 07:39:00,10453.149999999992,10491.449999999992
2025-09-16 08:39:00,10453.149999999992,10503.349999999993
2025-09-16 09:39:00,10453.149999999992,10527.499999999993
2025-09-16 10:39:00,10453.149999999992,10530.749999999993
2025-09-16 11:39:00,10453.149999999992,10557.499999999993
2025-09-16 12:39:00,10575.049999999994,10575.049999999994
2025-09-16 13:39:00,10575.049999999994,10575.049999999994
2025-09-16 14:39:00,10575.049999999994,10575.049999999994
2025-09-16 15:39:00,10575.049999999994,10575.049999999994
2025-09-16 16:39:00,10575.049999999994,10575.049999999994
2025-09-16 17:39:00,10575.049999999994,10575.049999999994
2025-09-16 18:39:00,10575.049999999994,10575.049999999994
2025-09-16 19:39:00,10575.049999999994,10575.049999999994
2025-09-16 20:39:00,10575.049999999994,10575.049999999994
2025-09-16 21:39:00,10575.049999999994,10575.049999999994
2025-09-16 22:39:00,10575.049999999994,10575.049999999994
2025-09-16 23:39:00,10575.049999999994,10575.049999999994
2025-09-17 01:40:00,10575.049999999994,10575.049999999994
2025-09-17 02:40:00,10575.049999999994,10575.049999999994
2025-09-17 03:40:00,10575.049999999994,10575.049999999994
2025-09-17 04:40:00,10575.049999999994,10575.049999999994
2025-09-17 05:40:00,10575.049999999994,10575.049999999994
2025-09-17 06:40:00,10585.279999999982,10585.279999999982
2025-09-17 07:40:00,10585.279999999982,10585.279999999982
2025-09-17 08:40:00,10585.279999999982,10585.279999999982
2025-09-17 09:40:00,10585.279999999982,10585.279999999982
2025-09-17 10:40:00,10585.279999999982,10585.279999999982
2025-09-17 11:40:00,10585.279999999982,10585.279999999982
2025-09-17 12:40:00,10585.279999999982,10585.279999999982
2025-09-17 13:40:00,10585.279999999982,10585.279999999982
2025-09-17 14:40:00,10585.279999999982,10585.279999999982
2025-09-17 15:40:00,10585.279999999982,10585.279999999982
2025-09-17 16:40:00,10585.279999999982,10585.279999999982
2025-09-17 17:40:00,10585.279999999982,10585.279999999982
2025-09-17 18:40:00,10585.279999999982,10585.279999999982
2025-09-17 19:40:00,10585.279999999982,10585.279999999982
2025-09-17 20:40:00,10585.279999999982,10585.279999999982
2025-09-17 21:40:00,10585.279999999982,10585.279999999982
2025-09-17 22:40:00,10585.279999999982,10585.279999999982
2025-09-17 23:40:00,10585.279999999982,10585.279999999982
2025-09-18 01:41:00,10585.279999999982,10585.279999999982
2025-09-18 02:41:00,10585.279999999982,10585.279999999982
2025-09-18 03:41:00,10585.279999999982,10585.279999999982
2025-09-18 04:41:00,10585.279999999982,10585.279999999982
2025-09-18 05:41:00,10585.279999999982,10585.279999999982
2025-09-18 06:41:00,10585.279999999982,10585.279999999982
2025-09-18 07:41:00,10585.279999999982,10585.279999999982
2025-09-18 08:41:00,10585.279999999982,10585.279999999982
2025-09-18 09:41:00,10585.279999999982,10585.279999999982
2025-09-18 10:41:00,10478.03999999998,10478.03999999998
2025-09-18 11:41:00,10478.03999999998,10478.03999999998
2025-09-18 12:41:00,10478.03999999998,10478.03999999998
2025-09-18 13:41:00,10478.03999999998,10478.03999999998
2025-09-18 14:41:00,10478.03999999998,10478.03999999998
2025-09-18 15:41:00,10478.03999999998,10478.03999999998
2025-09-18 16:41:00,10478.03999999998,10478.03999999998
2025-09-18 17:41:00,10478.03999999998,10478.03999999998
2025-09-18 18:41:00,10478.03999999998,10478.03999999998
2025-09-18 19:41:00,10478.03999999998,10478.03999999998
2025-09-18 20:41:00,10478.03999999998,10478.03999999998
2025-09-18 21:41:00,10478.03999999998,10478.03999999998
2025-09-18 22:41:00,10478.03999999998,10478.03999999998
2025-09-18 23:41:00,10478.03999999998,10478.03999999998
2025-09-19 01:42:00,10478.03999999998,10478.03999999998
2025-09-19 02:42:00,10478.03999999998,10478.03999999998
2025-09-19 03:42:00,10478.03999999998,10478.03999999998
2025-09-19 04:42:00,10478.03999999998,10478.03999999998
2025-09-19 05:42:00,10478.03999999998,10478.03999999998
2025-09-19 06:42:00,10478.03999999998,10478.03999999998
2025-09-19 07:42:00,10478.03999999998,10478.03999999998
2025-09-19 08:42:00,10478.03999999998,10478.03999999998
2025-09-19 09:42:00,10478.03999999998,10478.03999999998
2025-09-19 10:42:00,10478.03999999998,10478.03999999998
2025-09-19 11:42:00,10478.03999999998,10478.03999999998
2025-09-19 12:42:00,10478.03999999998,10478.03999999998
2025-09-19 13:42:00,10478.03999999998,10478.03999999998
2025-09-19 14:42:00,10478.03999999998,10478.03999999998
2025-09-19 15:42:00,10478.03999999998,10478.03999999998
2025-09-19 16:42:00,10478.03999999998,10478.03999999998
2025-09-19 17:42:00,10478.03999999998,10478.03999999998
2025-09-19 18:42:00,10478.03999999998,10478.03999999998
2025-09-19 19:42:00,10478.03999999998,10478.03999999998
2025-09-19 20:42:00,10478.03999999998,10478.03999999998
2025-09-19 21:42:00,10478.03999999998,10478.03999999998
2025-09-19 22:42:00,10478.03999999998,10478.03999999998
2025-09-19 23:42:00,10478.03999999998,10478.03999999998
2025-09-22 01:43:00,10478.03999999998,10478.03999999998
2025-09-22 02:43:00,10478.03999999998,10478.03999999998
2025-09-22 03:43:00,10478.03999999998,10478.03999999998
2025-09-22 04:43:00,10478.03999999998,10478.03999999998
2025-09-22 05:43:00,10478.03999999998,10478.03999999998
2025-09-22 06:43:00,10478.03999999998,10478.03999999998
2025-09-22 07:43:00,10478.03999999998,10478.03999999998
2025-09-22 08:43:00,10478.03999999998,10478.03999999998
2025-09-22 09:43:00,10478.03999999998,10478.03999999998
2025-09-22 10:43:00,10478.03999999998,10478.03999999998
2025-09-22 11:43:00,10478.03999999998,10478.03999999998
2025-09-22 12:43:00,10478.03999999998,10478.03999999998
2025-09-22 13:43:00,10478.03999999998,10478.03999999998
2025-09-22 14:43:00,10478.03999999998,10478.03999999998
2025-09-22 15:43:00,10478.03999999998,10478.03999999998
2025-09-22 16:43:00,10478.03999999998,10478.03999999998
2025-09-22 17:43:00,10478.03999999998,10478.03999999998
2025-09-22 18:43:00,10478.03999999998,10478.03999999998
2025-09-22 19:43:00,10478.03999999998,10478.03999999998
2025-09-22 20:43:00,10478.03999999998,10478.03999999998
2025-09-22 21:43:00,10478.03999999998,10478.03999999998
2025-09-22 22:43:00,10504.13999999998,10576.499999999962
2025-09-22 23:43:00,10566.599999999975,10685.039999999974
2025-09-23 01:44:00,10459.679999999964,10459.679999999964
2025-09-23 02:44:00,10459.679999999964,10459.679999999964
2025-09-23 03:44:00,10459.679999999964,10459.679999999964
2025-09-23 04:44:00,10459.679999999964,10459.679999999964
2025-09-23 05:44:00,10459.679999999964,10459.679999999964
2025-09-23 06:44:00,10459.679999999964,10459.679999999964
2025-09-23 07:44:00,10459.679999999964,10459.679999999964
2025-09-23 08:44:00,10459.679999999964,10459.679999999964
2025-09-23 09:44:00,10459.679999999964,10459.679999999964
2025-09-23 10:44:00,10459.679999999964,10459.679999999964
2025-09-23 11:44:00,10459.679999999964,10459.679999999964
2025-09-23 12:44:00,10459.679999999964,10459.679999999964
2025-09-23 13:44:00,10459.679999999964,10459.679999999964
2025-09-23 14:44:00,10459.679999999964,10459.679999999964
2025-09-23 15:44:00,10459.679999999964,10459.679999999964
2025-09-23 16:44:00,10459.679999999964,10459.679999999964
2025-09-23 17:44:00,10459.679999999964,10459.679999999964
2025-09-23 18:44:00,10459.679999999964,10459.679999999964
2025-09-23 19:44:00,10471.509999999964,10549.389999999963
2025-09-23 20:44:00,10548.279999999964,10605.079999999965
2025-09-23 21:44:00,10548.279999999964,10616.929999999964
2025-09-23 22:44:00,10441.579999999962,10441.579999999962
2025-09-23 23:44:00,10441.579999999962,10441.579999999962
2025-09-24 01:45:00,10441.579999999962,10441.579999999962
2025-09-24 02:45:00,10441.579999999962,10441.579999999962
2025-09-24 03:45:00,10441.579999999962,10441.579999999962
2025-09-24 04:45:00,10441.579999999962,10441.579999999962
2025-09-24 05:45:00,10441.579999999962,10441.579999999962
2025-09-24 06:45:00,10441.579999999962,10441.579999999962
2025-09-24 07:45:00,10441.579999999962,10441.579999999962
2025-09-24 08:45:00,10441.579999999962,10441.579999999962
2025-09-24 09:45:00,10441.579999999962,10441.579999999962
2025-09-24 10:45:00,10441.579999999962,10441.579999999962
2025-09-24 11:45:00,10441.579999999962,10441.579999999962
2025-09-24 12:45:00,10441.579999999962,10441.579999999962
2025-09-24 13:45:00,10441.579999999962,10441.579999999962
2025-09-24 14:45:00,10441.579999999962,10441.579999999962
2025-09-24 15:45:00,10441.579999999962,10441.579999999962
2025-09-24 16:45:00,10441.579999999962,10441.579999999962
2025-09-24 17:45:00,10441.579999999962,10441.579999999962
2025-09-24 18:45:00,10441.579999999962,10441.579999999962
2025-09-24 19:45:00,10441.579999999962,10441.579999999962
2025-09-24 20:45:00,10441.579999999962,10441.579999999962
2025-09-24 21:45:00,10441.579999999962,10441.579999999962
2025-09-24 22:45:00,10441.579999999962,10441.579999999962
2025-09-24 23:45:00,10441.579999999962,10441.579999999962
2025-09-25 01:46:00,10441.579999999962,10441.579999999962
2025-09-25 02:46:00,10441.579999999962,10441.579999999962
2025-09-25 03:46:00,10441.579999999962,10441.579999999962
2025-09-25 04:46:00,10441.579999999962,10441.579999999962
2025-09-25 05:46:00,10441.579999999962,10441.579999999962
2025-09-25 06:46:00,10441.579999999962,10441.579999999962
2025-09-25 07:46:00,10441.579999999962,10441.579999999962
2025-09-25 08:46:00,10441.579999999962,10441.579999999962
2025-09-25 09:46:00,10441.579999999962,10441.579999999962
2025-09-25 10:46:00,10441.579999999962,10441.579999999962
2025-09-25 11:46:00,10441.579999999962,10441.579999999962
2025-09-25 12:46:00,10441.579999999962,10441.579999999962
2025-09-25 13:46:00,10441.579999999962,10441.579999999962
2025-09-25 14:46:00,10441.579999999962,10441.579999999962
2025-09-25 15:46:00,10441.579999999962,10441.579999999962
2025-09-25 16:46:00,10441.579999999962,10441.579999999962
2025-09-25 17:46:00,10479.74999999996,10535.349999999959
2025-09-25 18:46:00,10478.94999999996,10478.94999999996
2025-09-25 19:46:00,10478.94999999996,10478.94999999996
2025-09-25 20:46:00,10478.94999999996,10478.94999999996
2025-09-25 21:46:00,10375.019999999968,10375.019999999968
2025-09-25 22:46:00,10375.019999999968,10375.019999999968
2025-09-25 23:46:00,10375.019999999968,10375.019999999968
2025-09-26 01:47:00,10375.019999999968,10375.019999999968
2025-09-26 02:47:00,10375.019999999968,10375.019999999968
2025-09-26 03:47:00,10375.019999999968,10375.019999999968
2025-09-26 04:47:00,10375.019999999968,10375.019999999968
2025-09-26 05:47:00,10375.019999999968,10375.019999999968
2025-09-26 06:47:00,10375.019999999968,10375.019999999968
2025-09-26 07:47:00,10375.019999999968,10375.019999999968
2025-09-26 08:47:00,10387.299999999967,10432.49999999997
2025-09-26 09:47:00,10414.09999999997,10414.09999999997
2025-09-26 10:47:00,10414.09999999997,10414.09999999997
2025-09-26 11:47:00,10414.09999999997,10414.09999999997
2025-09-26 12:47:00,10414.09999999997,10414.09999999997
2025-09-26 13:47:00,10414.09999999997,10414.09999999997
2025-09-26 14:47:00,10414.09999999997,10414.09999999997
2025-09-26 15:47:00,10414.09999999997,10414.09999999997
2025-09-26 16:47:00,10414.09999999997,10414.09999999997
2025-09-26 17:47:00,10414.09999999997,10414.09999999997
2025-09-26 18:47:00,10414.09999999997,10414.09999999997
2025-09-26 19:47:00,10414.09999999997,10414.09999999997
2025-09-26 20:47:00,10414.09999999997,10414.09999999997
2025-09-26 21:47:00,10414.09999999997,10414.09999999997
2025-09-26 22:47:00,10414.09999999997,10414.09999999997
2025-09-26 23:47:00,10414.09999999997,10414.09999999997
2025-09-29 01:48:00,10414.09999999997,10414.09999999997
2025-09-29 02:48:00,10414.09999999997,10414.09999999997
2025-09-29 03:48:00,10414.09999999997,10414.09999999997
2025-09-29 04:48:00,10414.09999999997,10414.09999999997
2025-09-29 05:48:00,10414.09999999997,10414.09999999997
2025-09-29 06:48:00,10414.09999999997,10414.09999999997
2025-09-29 07:48:00,10414.09999999997,10414.09999999997
2025-09-29 08:48:00,10414.09999999997,10414.09999999997
2025-09-29 09:48:00,10414.09999999997,10414.09999999997
2025-09-29 10:48:00,10414.09999999997,10414.09999999997
2025-09-29 11:48:00,10414.09999999997,10414.09999999997
2025-09-29 12:48:00,10414.09999999997,10414.09999999997
2025-09-29 13:48:00,10414.09999999997,10414.09999999997
2025-09-29 14:48:00,10414.09999999997,10414.09999999997
2025-09-29 15:48:00,10414.09999999997,10414.09999999997
2025-09-29 16:48:00,10414.09999999997,10414.09999999997
2025-09-29 17:48:00,10414.09999999997,10414.09999999997
2025-09-29 18:48:00,10414.09999999997,10414.09999999997
2025-09-29 19:48:00,10414.09999999997,10414.09999999997
2025-09-29 20:48:00,10414.09999999997,10414.09999999997
2025-09-29 21:48:00,10414.09999999997,10414.09999999997
2025-09-29 22:48:00,10414.09999999997,10414.09999999997
2025-09-29 23:48:00,10414.09999999997,10414.09999999997
2025-09-30 01:49:00,10414.09999999997,10414.09999999997
2025-09-30 02:49:00,10414.09999999997,10414.09999999997
2025-09-30 03:49:00,10414.09999999997,10414.09999999997
2025-09-30 04:49:00,10414.09999999997,10414.09999999997
2025-09-30 05:49:00,10414.09999999997,10414.09999999997
2025-09-30 06:49:00,10414.09999999997,10414.09999999997
2025-09-30 07:49:00,10414.09999999997,10414.09999999997
2025-09-30 08:49:00,10414.09999999997,10414.09999999997
2025-09-30 09:49:00,10414.09999999997,10414.09999999997
2025-09-30 10:49:00,10414.09999999997,10414.09999999997
2025-09-30 11:49:00,10414.09999999997,10414.09999999997
2025-09-30 12:49:00,10414.09999999997,10414.09999999997
2025-09-30 13:49:00,10414.09999999997,10414.09999999997
2025-09-30 14:49:00,10414.09999999997,10414.09999999997
2025-09-30 15:49:00,10414.09999999997,10414.09999999997
2025-09-30 16:49:00,10413.67999999997,10380.019999999971
2025-09-30 17:49:00,10319.839999999971,10319.839999999971
2025-09-30 18:49:00,10337.839999999971,10337.839999999971
2025-09-30 19:49:00,10337.839999999971,10337.839999999971
2025-09-30 20:49:00,10337.839999999971,10337.839999999971
2025-09-30 21:49:00,10337.839999999971,10337.839999999971
2025-09-30 22:49:00,10337.839999999971,10337.839999999971
2025-09-30 23:49:00,10337.839999999971,10337.839999999971
2025-10-01 01:50:00,10337.839999999971,10337.839999999971
2025-10-01 02:50:00,10337.839999999971,10337.839999999971
2025-10-01 03:50:00,10337.839999999971,10337.839999999971
2025-10-01 04:50:00,10337.839999999971,10337.839999999971
2025-10-01 05:50:00,10337.839999999971,10337.839999999971
2025-10-01 06:50:00,10337.839999999971,10337.839999999971
2025-10-01 07:50:00,10337.839999999971,10337.839999999971
2025-10-01 08:50:00,10337.839999999971,10337.839999999971
2025-10-01 09:50:00,10337.839999999971,10337.839999999971
2025-10-01 10:50:00,10337.839999999971,10337.839999999971
2025-10-01 11:50:00,10337.839999999971,10337.839999999971
2025-10-01 12:50:00,10337.839999999971,10337.839999999971
2025-10-01 13:50:00,10337.839999999971,10337.839999999971
2025-10-01 14:50:00,10337.839999999971,10337.839999999971
2025-10-01 15:50:00,10337.839999999971,10337.839999999971
2025-10-01 16:50:00,10337.839999999971,10337.839999999971
2025-10-01 17:50:00,10337.839999999971,10337.839999999971
2025-10-01 18:50:00,10337.839999999971,10337.839999999971
2025-10-01 19:50:00,10337.839999999971,10337.839999999971
2025-10-01 20:50:00,10337.839999999971,10337.839999999971
2025-10-01 21:50:00,10337.839999999971,10337.839999999971
2025-10-01 22:50:00,10337.839999999971,10337.839999999971
2025-10-01 23:50:00,10337.839999999971,10337.839999999971
2025-10-02 01:51:00,10337.839999999971,10337.839999999971
2025-10-02 02:51:00,10337.839999999971,10337.839999999971
2025-10-02 03:51:00,10337.839999999971,10337.839999999971
2025-10-02 04:51:00,10337.839999999971,10337.839999999971
2025-10-02 05:51:00,10337.839999999971,10337.839999999971
2025-10-02 06:51:00,10337.839999999971,10337.839999999971
2025-10-02 07:51:00,10337.839999999971,10337.839999999971
2025-10-02 08:51:00,10337.839999999971,10337.839999999971
2025-10-02 09:51:00,10337.839999999971,10337.839999999971
2025-10-02 10:51:00,10337.839999999971,10337.839999999971
2025-10-02 11:51:00,10337.839999999971,10337.839999999971
2025-10-02 12:51:00,10337.839999999971,10337.839999999971
2025-10-02 13:51:00,10355.129999999974,10355.129999999974
2025-10-02 14:51:00,10355.129999999974,10355.129999999974
2025-10-02 15:51:00,10355.129999999974,10355.129999999974
2025-10-02 16:51:00,10355.129999999974,10355.129999999974
2025-10-02 17:51:00,10355.129999999974,10355.129999999974
2025-10-02 18:51:00,10355.129999999974,10355.129999999974
2025-10-02 19:51:00,10355.129999999974,10355.129999999974
2025-10-02 20:51:00,10355.129999999974,10355.129999999974
2025-10-02 21:51:00,10355.129999999974,10355.129999999974
2025-10-02 22:51:00,10355.129999999974,10355.129999999974
2025-10-02 23:51:00,10355.129999999974,10355.129999999974
2025-10-03 01:52:00,10355.129999999974,10355.129999999974
2025-10-03 02:52:00,10355.129999999974,10355.129999999974
2025-10-03 03:52:00,10355.129999999974,10355.129999999974
2025-10-03 04:52:00,10355.129999999974,10355.129999999974
2025-10-03 05:52:00,10355.129999999974,10355.129999999974
2025-10-03 06:52:00,10355.129999999974,10355.129999999974
2025-10-03 07:52:00,10355.129999999974,10355.129999999974
2025-10-03 08:52:00,10355.129999999974,10355.129999999974
2025-10-03 09:52:00,10355.129999999974,10355.129999999974
2025-10-03 10:52:00,10354.849999999973,10356.089999999973
2025-10-03 11:52:00,10354.849999999973,10364.929999999973
2025-10-03 12:52:00,10354.849999999973,10363.529999999973
2025-10-03 13:52:00,10354.849999999973,10342.329999999973
2025-10-03 14:52:00,10354.849999999973,10357.449999999973
2025-10-03 15:52:00,10354.849999999973,10330.649999999974
2025-10-03 16:52:00,10265.769999999971,10265.769999999971
2025-10-03 17:52:00,10265.769999999971,10265.769999999971
2025-10-03 18:52:00,10265.769999999971,10265.769999999971
2025-10-03 19:52:00,10265.769999999971,10265.769999999971
2025-10-03 20:52:00,10265.769999999971,10265.769999999971
2025-10-03 21:52:00,10265.769999999971,10265.769999999971
2025-10-03 22:52:00,10265.769999999971,10265.769999999971
2025-10-03 23:52:00,10265.769999999971,10265.769999999971
2025-10-06 01:53:00,10265.769999999971,10265.769999999971
2025-10-06 02:53:00,10265.769999999971,10265.769999999971
2025-10-06 03:53:00,10265.769999999971,10265.769999999971
2025-10-06 04:53:00,10265.769999999971,10265.769999999971
2025-10-06 05:53:00,10265.769999999971,10265.769999999971
2025-10-06 06:53:00,10265.769999999971,10265.769999999971
2025-10-06 07:53:00,10265.769999999971,10265.769999999971
2025-10-06 08:53:00,10265.769999999971,10265.769999999971
2025-10-06 09:53:00,10265.769999999971,10265.769999999971
2025-10-06 10:53:00,10265.769999999971,10265.769999999971
2025-10-06 11:53:00,10265.769999999971,10265.769999999971
2025-10-06 12:53:00,10265.769999999971,10265.769999999971
2025-10-06 13:53:00,10265.769999999971,10265.769999999971
2025-10-06 14:53:00,10265.769999999971,10265.769999999971
2025-10-06 15:53:00,10265.769999999971,10265.769999999971
2025-10-06 16:53:00,10265.769999999971,10265.769999999971
2025-10-06 17:53:00,10265.769999999971,10265.769999999971
2025-10-06 18:53:00,10265.769999999971,10265.769999999971
2025-10-06 19:53:00,10265.769999999971,10265.769999999971
2025-10-06 20:53:00,10265.769999999971,10265.769999999971
2025-10-06 21:53:00,10265.769999999971,10265.769999999971
2025-10-06 22:53:00,10265.769999999971,10265.769999999971
2025-10-06 23:53:00,10265.769999999971,10265.769999999971
2025-10-07 01:54:00,10265.769999999971,10265.769999999971
2025-10-07 02:54:00,10265.769999999971,10265.769999999971
2025-10-07 03:54:00,10265.769999999971,10265.769999999971
2025-10-07 04:54:00,10265.769999999971,10265.769999999971
2025-10-07 05:54:00,10265.769999999971,10265.769999999971
2025-10-07 06:54:00,10265.769999999971,10265.769999999971
2025-10-07 07:54:00,10265.769999999971,10265.769999999971
2025-10-07 08:54:00,10265.769999999971,10265.769999999971
2025-10-07 09:54:00,10265.769999999971,10265.769999999971
2025-10-07 10:54:00,10265.769999999971,10265.769999999971
2025-10-07 11:54:00,10265.769999999971,10265.769999999971
2025-10-07 12:54:00,10265.769999999971,10265.769999999971
2025-10-07 13:54:00,10265.769999999971,10265.769999999971
2025-10-07 14:54:00,10265.769999999971,10265.769999999971
2025-10-07 15:54:00,10265.769999999971,10265.769999999971
2025-10-07 16:54:00,10265.769999999971,10265.769999999971
2025-10-07 17:54:00,10265.769999999971,10265.769999999971
2025-10-07 18:54:00,10265.769999999971,10265.769999999971
2025-10-07 19:54:00,10265.769999999971,10265.769999999971
2025-10-07 20:54:00,10265.769999999971,10265.769999999971
2025-10-07 21:54:00,10265.769999999971,10265.769999999971
2025-10-07 22:54:00,10265.769999999971,10265.769999999971
2025-10-07 23:54:00,10265.769999999971,10265.769999999971
2025-10-08 01:55:00,10265.769999999971,10265.769999999971
2025-10-08 02:55:00,10265.769999999971,10265.769999999971
2025-10-08 03:55:00,10265.769999999971,10265.769999999971
2025-10-08 04:55:00,10265.769999999971,10265.769999999971
2025-10-08 05:55:00,10265.769999999971,10265.769999999971
2025-10-08 06:55:00,10265.769999999971,10265.769999999971
2025-10-08 07:55:00,10265.769999999971,10265.769999999971
2025-10-08 08:55:00,10265.769999999971,10265.769999999971
2025-10-08 09:55:00,10265.769999999971,10265.769999999971
2025-10-08 10:55:00,10265.769999999971,10265.769999999971
2025-10-08 11:55:00,10265.769999999971,10265.769999999971
2025-10-08 12:55:00,10265.769999999971,10265.769999999971
2025-10-08 13:55:00,10265.769999999971,10265.769999999971
2025-10-08 14:55:00,10265.769999999971,10265.769999999971
2025-10-08 15:55:00,10265.769999999971,10265.769999999971
2025-10-08 16:55:00,10265.769999999971,10265.769999999971
2025-10-08 17:55:00,10265.769999999971,10265.769999999971
2025-10-08 18:55:00,10265.769999999971,10265.769999999971
2025-10-08 19:55:00,10265.769999999971,10265.769999999971
2025-10-08 20:55:00,10273.509999999964,10273.509999999964
2025-10-08 21:55:00,10273.509999999964,10273.509999999964
2025-10-08 22:55:00,10273.509999999964,10273.509999999964
2025-10-08 23:55:00,10273.509999999964,10273.509999999964
2025-10-09 01:56:00,10273.509999999964,10273.509999999964
2025-10-09 02:56:00,10273.509999999964,10273.509999999964
2025-10-09 03:56:00,10273.509999999964,10273.509999999964
2025-10-09 04:56:00,10281.07999999996,10281.07999999996
2025-10-09 05:56:00,10281.07999999996,10281.07999999996
2025-10-09 06:56:00,10281.07999999996,10281.07999999996
2025-10-09 07:56:00,10281.07999999996,10281.07999999996
2025-10-09 08:56:00,10281.07999999996,10281.07999999996
2025-10-09 09:56:00,10281.07999999996,10281.07999999996
2025-10-09 10:56:00,10281.07999999996,10281.07999999996
2025-10-09 11:56:00,10281.07999999996,10281.07999999996
2025-10-09 12:56:00,10281.07999999996,10281.07999999996
2025-10-09 13:56:00,10281.07999999996,10281.07999999996
2025-10-09 14:56:00,10281.07999999996,10281.07999999996
2025-10-09 15:56:00,10279.74999999996,10249.159999999967
2025-10-09 16:56:00,10177.339999999962,10177.339999999962
2025-10-09 17:56:00,10177.339999999962,10177.339999999962
2025-10-09 18:56:00,10177.339999999962,10177.339999999962
2025-10-09 19:56:00,10177.339999999962,10177.339999999962
2025-10-09 20:56:00,10177.339999999962,10177.339999999962
2025-10-09 21:56:00,10177.339999999962,10177.339999999962
2025-10-09 22:56:00,10177.199999999963,10173.879999999961
2025-10-09 23:56:00,10177.199999999963,10173.999999999964
2025-10-10 01:57:00,10208.729999999963,10240.789999999964
2025-10-10 02:57:00,10239.469999999963,10275.059999999963
2025-10-10 03:57:00,10319.119999999963,10250.519999999968
2025-10-10 04:57:00,10405.289999999964,10436.089999999964
2025-10-10 05:57:00,10441.839999999962,10527.979999999965
2025-10-10 06:57:00,10605.93999999996,10622.19999999996
2025-10-10 07:57:00,10605.93999999996,10623.739999999962
2025-10-10 08:57:00,10605.93999999996,10609.11999999996
2025-10-10 09:57:00,10605.93999999996,10616.65999999996
2025-10-10 10:57:00,10605.93999999996,10601.97999999996
2025-10-10 11:57:00,10605.93999999996,10568.67999999996
2025-10-10 12:57:00,10605.93999999996,10560.09999999996
2025-10-10 13:57:00,10605.93999999996,10564.239999999962
2025-10-10 14:57:00,10640.159999999962,10643.459999999961
2025-10-10 15:57:00,10639.459999999963,10616.679999999964
2025-10-10 16:57:00,10639.459999999963,10634.179999999964
2025-10-10 17:57:00,10648.359999999964,10626.139999999965
2025-10-10 18:57:00,10577.099999999962,10577.099999999962
2025-10-10 19:57:00,10577.099999999962,10577.099999999962
2025-10-10 20:57:00,10577.099999999962,10577.099999999962
2025-10-10 21:57:00,10577.099999999962,10577.099999999962
2025-10-10 22:57:00,10577.099999999962,10577.099999999962
2025-10-10 23:57:00,10577.099999999962,10577.099999999962
2025-10-13 01:58:00,10605.66999999996,10605.66999999996
2025-10-13 02:58:00,10605.66999999996,10605.66999999996
2025-10-13 03:58:00,10605.66999999996,10605.66999999996
2025-10-13 04:58:00,10605.66999999996,10605.66999999996
2025-10-13 05:58:00,10605.66999999996,10605.66999999996
2025-10-13 06:58:00,10605.66999999996,10605.66999999996
2025-10-13 07:58:00,10605.66999999996,10605.66999999996
2025-10-13 08:58:00,10605.66999999996,10605.66999999996
2025-10-13 09:58:00,10605.66999999996,10605.66999999996
2025-10-13 10:58:00,10605.66999999996,10605.66999999996
2025-10-13 11:58:00,10605.66999999996,10605.66999999996
2025-10-13 12:58:00,10605.66999999996,10605.66999999996
2025-10-13 13:58:00,10605.66999999996,10605.66999999996
2025-10-13 14:58:00,10605.66999999996,10605.66999999996
2025-10-13 15:58:00,10605.66999999996,10605.66999999996
2025-10-13 16:58:00,10605.66999999996,10605.66999999996
2025-10-13 17:58:00,10605.66999999996,10605.66999999996
2025-10-13 18:58:00,10605.66999999996,10605.66999999996
2025-10-13 19:58:00,10605.66999999996,10605.66999999996
2025-10-13 20:58:00,10605.66999999996,10605.66999999996
2025-10-13 21:58:00,10605.66999999996,10605.66999999996
2025-10-13 22:58:00,10605.66999999996,10605.66999999996
2025-10-13 23:58:00,10605.66999999996,10605.66999999996
2025-10-14 01:59:00,10605.66999999996,10605.66999999996
2025-10-14 02:59:00,10605.66999999996,10605.66999999996
2025-10-14 03:59:00,10605.66999999996,10605.66999999996
2025-10-14 04:59:00,10497.51999999997,10497.51999999997
2025-10-14 05:59:00,10497.51999999997,10497.51999999997
2025-10-14 06:59:00,10497.51999999997,10497.51999999997
2025-10-14 07:59:00,10497.51999999997,10497.51999999997
2025-10-14 08:59:00,10497.51999999997,10497.51999999997
2025-10-14 09:59:00,10497.51999999997,10497.51999999997
2025-10-14 10:59:00,10497.51999999997,10497.51999999997
2025-10-14 11:59:00,10497.23999999997,10468.839999999971
2025-10-14 12:59:00,10497.23999999997,10535.839999999971
2025-10-14 13:59:00,10497.23999999997,10518.47999999997
2025-10-14 14:59:00,10497.23999999997,10523.27999999997
2025-10-14 15:59:00,10497.23999999997,10619.039999999968
2025-10-14 16:59:00,10544.589999999967,10583.369999999964
2025-10-14 17:59:00,10544.489999999969,10559.669999999967
2025-10-14 18:59:00,10544.489999999969,10542.149999999967
2025-10-14 19:59:00,10544.489999999969,10537.549999999968
2025-10-14 20:59:00,10544.489999999969,10521.789999999968
2025-10-14 21:59:00,10544.489999999969,10521.709999999968
2025-10-14 22:59:00,10544.489999999969,10535.229999999969
2025-10-15 01:00:00,10545.389999999968,10531.429999999968
2025-10-15 02:00:00,10545.039999999968,10512.339999999971
2025-10-15 03:00:00,10545.039999999968,10499.38999999997
2025-10-15 04:00:00,10545.039999999968,10445.979999999969
2025-10-15 05:00:00,10359.87999999997,10359.87999999997
2025-10-15 06:00:00,10359.24999999997,10394.259999999966
2025-10-15 07:00:00,10425.069999999969,10462.989999999967
2025-10-15 08:00:00,10424.769999999968,10424.769999999968
2025-10-15 09:00:00,10424.769999999968,10424.769999999968
2025-10-15 10:00:00,10424.769999999968,10424.769999999968
2025-10-15 11:00:00,10424.769999999968,10424.769999999968
2025-10-15 12:00:00,10424.769999999968,10424.769999999968
2025-10-15 13:00:00,10424.769999999968,10424.769999999968
2025-10-15 14:00:00,10424.769999999968,10424.769999999968
2025-10-15 15:00:00,10424.769999999968,10424.769999999968
2025-10-15 16:00:00,10424.769999999968,10424.769999999968
2025-10-15 17:00:00,10424.769999999968,10424.769999999968
2025-10-15 18:00:00,10424.769999999968,10424.769999999968
2025-10-15 19:00:00,10567.029999999975,10567.029999999975
2025-10-15 20:00:00,10567.029999999975,10567.029999999975
2025-10-15 21:00:00,10567.029999999975,10567.029999999975
2025-10-15 22:00:00,10567.029999999975,10567.029999999975
2025-10-15 23:00:00,10567.029999999975,10567.029999999975
2025-10-16 01:01:00,10567.029999999975,10567.029999999975
2025-10-16 02:01:00,10567.029999999975,10567.029999999975
2025-10-16 03:01:00,10567.029999999975,10567.029999999975
2025-10-16 04:01:00,10567.029999999975,10567.029999999975
2025-10-16 05:01:00,10567.029999999975,10567.029999999975
2025-10-16 06:01:00,10567.029999999975,10567.029999999975
2025-10-16 07:01:00,10567.029999999975,10567.029999999975
2025-10-16 08:01:00,10567.029999999975,10567.029999999975
2025-10-16 09:01:00,10567.029999999975,10567.029999999975
2025-10-16 10:01:00,10567.029999999975,10567.029999999975
2025-10-16 11:01:00,10567.029999999975,10567.029999999975
2025-10-16 12:01:00,10567.029999999975,10567.029999999975
2025-10-16 13:01:00,10567.029999999975,10567.029999999975
2025-10-16 14:01:00,10567.029999999975,10567.029999999975
2025-10-16 15:01:00,10567.029999999975,10567.029999999975
2025-10-16 16:01:00,10575.289999999972,10575.289999999972
2025-10-16 17:01:00,10575.289999999972,10575.289999999972
2025-10-16 18:01:00,10613.29999999997,10655.359999999971
2025-10-16 19:01:00,10652.11999999997,10710.199999999968
2025-10-16 20:01:00,10751.389999999961,10751.389999999961
2025-10-16 21:01:00,10751.389999999961,10751.389999999961
2025-10-16 22:01:00,10751.389999999961,10751.389999999961
2025-10-16 23:01:00,10751.389999999961,10751.389999999961
2025-10-17 01:02:00,10751.389999999961,10751.389999999961
2025-10-17 02:02:00,10751.389999999961,10751.389999999961
2025-10-17 03:02:00,10751.389999999961,10751.389999999961
2025-10-17 04:02:00,10751.389999999961,10751.389999999961
2025-10-17 05:02:00,10751.389999999961,10751.389999999961
2025-10-17 06:02:00,10751.389999999961,10751.389999999961
2025-10-17 07:02:00,10751.389999999961,10751.389999999961
2025-10-17 08:02:00,10751.389999999961,10751.389999999961
2025-10-17 09:02:00,10751.389999999961,10751.389999999961
2025-10-17 10:02:00,10751.389999999961,10751.389999999961
2025-10-17 11:02:00,10751.389999999961,10751.389999999961
2025-10-17 12:02:00,10751.389999999961,10751.389999999961
2025-10-17 13:02:00,10751.389999999961,10751.389999999961
2025-10-17 14:02:00,10751.389999999961,10751.389999999961
2025-10-17 15:02:00,10751.389999999961,10751.389999999961
2025-10-17 16:02:00,10751.389999999961,10751.389999999961
2025-10-17 17:02:00,10751.389999999961,10751.389999999961
2025-10-17 18:02:00,10751.389999999961,10751.389999999961
2025-10-17 19:02:00,10751.389999999961,10751.389999999961
2025-10-17 20:02:00,10751.389999999961,10751.389999999961
2025-10-17 21:02:00,10751.389999999961,10751.389999999961
2025-10-17 22:02:00,10751.389999999961,10751.389999999961
2025-10-17 23:02:00,10751.389999999961,10751.389999999961
2025-10-20 01:03:00,10751.389999999961,10751.389999999961
2025-10-20 02:03:00,10751.389999999961,10751.389999999961
2025-10-20 03:03:00,10751.389999999961,10751.389999999961
2025-10-20 04:03:00,10751.389999999961,10751.389999999961
2025-10-20 05:03:00,10751.389999999961,10751.389999999961
2025-10-20 06:03:00,10751.389999999961,10751.389999999961
2025-10-20 07:03:00,10751.389999999961,10751.389999999961
2025-10-20 08:03:00,10751.389999999961,10751.389999999961
2025-10-20 09:03:00,10751.389999999961,10751.389999999961
2025-10-20 10:03:00,10751.389999999961,10751.389999999961
2025-10-20 11:03:00,10751.389999999961,10751.389999999961
2025-10-20 12:03:00,10751.389999999961,10751.389999999961
2025-10-20 13:03:00,10751.389999999961,10751.389999999961
2025-10-20 14:03:00,10852.439999999953,10921.539999999952
2025-10-20 15:03:00,11064.13999999995,11064.13999999995
2025-10-20 16:03:00,11064.13999999995,11064.13999999995
2025-10-20 17:03:00,11064.13999999995,11064.13999999995
2025-10-20 18:03:00,11064.13999999995,11064.13999999995
2025-10-20 19:03:00,11064.13999999995,11064.13999999995
2025-10-20 20:03:00,11064.13999999995,11064.13999999995
2025-10-20 21:03:00,11064.13999999995,11064.13999999995
2025-10-20 22:03:00,11064.13999999995,11064.13999999995
2025-10-20 23:03:00,11064.13999999995,11064.13999999995
2025-10-21 01:04:00,10955.189999999953,10953.749999999955
2025-10-21 02:04:00,10966.20999999995,10966.20999999995
2025-10-21 03:04:00,10966.20999999995,10966.20999999995
2025-10-21 04:04:00,10966.20999999995,10966.20999999995
2025-10-21 05:04:00,10966.20999999995,10966.20999999995
2025-10-21 06:04:00,10966.20999999995,10966.20999999995
2025-10-21 07:04:00,10966.20999999995,10966.20999999995
2025-10-21 08:04:00,10966.20999999995,10966.20999999995
2025-10-21 09:04:00,10966.20999999995,10966.20999999995
2025-10-21 10:04:00,10966.20999999995,10966.20999999995
2025-10-21 11:04:00,10866.25999999995,10866.25999999995
2025-10-21 12:04:00,10866.25999999995,10866.25999999995
2025-10-21 13:04:00,10866.25999999995,10866.25999999995
2025-10-21 14:04:00,10866.25999999995,10866.25999999995
2025-10-21 15:04:00,10866.25999999995,10866.25999999995
2025-10-21 16:04:00,10866.25999999995,10866.25999999995
2025-10-21 17:04:00,10866.25999999995,10866.25999999995
2025-10-21 18:04:00,10866.25999999995,10866.25999999995
2025-10-21 19:04:00,10866.25999999995,10866.25999999995
2025-10-21 20:04:00,10866.25999999995,10866.25999999995
2025-10-21 21:04:00,10866.25999999995,10866.25999999995
2025-10-21 22:04:00,10866.25999999995,10866.25999999995
2025-10-21 23:04:00,10866.25999999995,10866.25999999995
2025-10-22 01:05:00,10866.25999999995,10866.25999999995
2025-10-22 02:05:00,10866.25999999995,10866.25999999995
2025-10-22 03:05:00,10866.25999999995,10866.25999999995
2025-10-22 04:05:00,10866.25999999995,10866.25999999995
2025-10-22 05:05:00,10866.25999999995,10866.25999999995
2025-10-22 06:05:00,10866.25999999995,10866.25999999995
2025-10-22 07:05:00,10866.25999999995,10866.25999999995
2025-10-22 08:05:00,10866.25999999995,10866.25999999995
2025-10-22 09:05:00,10866.25999999995,10866.25999999995
2025-10-22 10:05:00,10866.25999999995,10866.25999999995
2025-10-22 11:05:00,10866.25999999995,10866.25999999995
2025-10-22 12:05:00,10866.25999999995,10866.25999999995
2025-10-22 13:05:00,10866.25999999995,10866.25999999995
2025-10-22 14:05:00,10866.25999999995,10866.25999999995
2025-10-22 15:05:00,10866.25999999995,10866.25999999995
2025-10-22 16:05:00,10866.25999999995,10866.25999999995
2025-10-22 17:05:00,10765.85999999995,10765.85999999995
2025-10-22 18:05:00,10765.85999999995,10765.85999999995
2025-10-22 19:05:00,10765.85999999995,10765.85999999995
2025-10-22 20:05:00,10765.85999999995,10765.85999999995
2025-10-22 21:05:00,10765.85999999995,10765.85999999995
2025-10-22 22:05:00,10765.85999999995,10765.85999999995
2025-10-22 23:05:00,10765.85999999995,10765.85999999995
2025-10-23 01:06:00,10765.85999999995,10765.85999999995
2025-10-23 02:06:00,10765.85999999995,10765.85999999995
2025-10-23 03:06:00,10765.85999999995,10765.85999999995
2025-10-23 04:06:00,10765.85999999995,10765.85999999995
2025-10-23 05:06:00,10676.599999999948,10676.599999999948
2025-10-23 06:06:00,10676.599999999948,10676.599999999948
2025-10-23 07:06:00,10676.599999999948,10676.599999999948
2025-10-23 08:06:00,10676.599999999948,10676.599999999948
2025-10-23 09:06:00,10675.969999999948,10628.179999999946
2025-10-23 10:06:00,10584.17999999995,10651.499999999945
2025-10-23 11:06:00,10609.559999999949,10675.169999999946
2025-10-23 12:06:00,10609.559999999949,10667.579999999947
2025-10-23 13:06:00,10609.559999999949,10650.059999999949
2025-10-23 14:06:00,10654.719999999954,10707.939999999951
2025-10-23 15:06:00,10654.719999999954,10717.689999999951
2025-10-23 16:06:00,10654.419999999953,10654.419999999953
2025-10-23 17:06:00,10654.419999999953,10654.419999999953
2025-10-23 18:06:00,10654.419999999953,10654.419999999953
2025-10-23 19:06:00,10654.419999999953,10654.419999999953
2025-10-23 20:06:00,10654.419999999953,10654.419999999953
2025-10-23 21:06:00,10654.419999999953,10654.419999999953
2025-10-23 22:06:00,10654.419999999953,10654.419999999953
2025-10-23 23:06:00,10654.419999999953,10654.419999999953
2025-10-24 01:07:00,10654.419999999953,10654.419999999953
2025-10-24 02:07:00,10654.419999999953,10654.419999999953
2025-10-24 03:07:00,10654.419999999953,10654.419999999953
2025-10-24 04:07:00,10654.419999999953,10654.419999999953
2025-10-24 05:07:00,10654.419999999953,10654.419999999953
2025-10-24 06:07:00,10654.419999999953,10654.419999999953
2025-10-24 07:07:00,10654.419999999953,10654.419999999953
2025-10-24 08:07:00,10654.419999999953,10654.419999999953
2025-10-24 09:07:00,10654.419999999953,10654.419999999953
2025-10-24 10:07:00,10654.419999999953,10654.419999999953
2025-10-24 11:07:00,10654.419999999953,10654.419999999953
2025-10-24 12:07:00,10654.419999999953,10654.419999999953
2025-10-24 13:07:00,10654.419999999953,10654.419999999953
2025-10-24 14:07:00,10654.419999999953,10654.419999999953
2025-10-24 15:07:00,10654.419999999953,10654.419999999953
2025-10-24 16:07:00,10654.419999999953,10654.419999999953
2025-10-24 17:07:00,10662.669999999953,10710.369999999952
2025-10-24 18:07:00,10680.149999999952,10750.69999999995
2025-10-24 19:07:00,10680.149999999952,10816.849999999953
2025-10-24 20:07:00,10680.149999999952,10798.149999999954
2025-10-24 21:07:00,10679.64999999995,10679.64999999995
2025-10-24 22:07:00,10679.64999999995,10679.64999999995
2025-10-24 23:07:00,10679.64999999995,10679.64999999995
2025-10-27 00:08:00,10679.64999999995,10679.64999999995
2025-10-27 01:08:00,10580.649999999949,10580.649999999949
2025-10-27 02:08:00,10580.649999999949,10580.649999999949
2025-10-27 03:08:00,10580.649999999949,10580.649999999949
2025-10-27 04:08:00,10580.649999999949,10580.649999999949
2025-10-27 05:08:00,10580.649999999949,10580.649999999949
2025-10-27 06:08:00,10580.649999999949,10580.649999999949
2025-10-27 07:08:00,10580.649999999949,10580.649999999949
2025-10-27 08:08:00,10580.649999999949,10580.649999999949
2025-10-27 09:08:00,10580.649999999949,10580.649999999949
2025-10-27 10:08:00,10580.649999999949,10580.649999999949
2025-10-27 11:08:00,10580.649999999949,10580.649999999949
2025-10-27 12:08:00,10580.649999999949,10580.649999999949
2025-10-27 13:08:00,10580.649999999949,10580.649999999949
2025-10-27 14:08:00,10580.649999999949,10580.649999999949
2025-10-27 15:08:00,10580.649999999949,10580.649999999949
2025-10-27 16:08:00,10580.649999999949,10580.649999999949
2025-10-27 17:08:00,10580.649999999949,10580.649999999949
2025-10-27 18:08:00,10580.649999999949,10580.649999999949
2025-10-27 19:08:00,10580.649999999949,10580.649999999949
2025-10-27 20:08:00,10580.649999999949,10580.649999999949
2025-10-27 21:08:00,10580.649999999949,10580.649999999949
2025-10-27 22:08:00,10580.649999999949,10580.649999999949
2025-10-28 00:09:00,10580.649999999949,10580.649999999949
2025-10-28 01:09:00,10580.649999999949,10580.649999999949
2025-10-28 02:09:00,10580.649999999949,10580.649999999949
2025-10-28 03:09:00,10580.649999999949,10580.649999999949
2025-10-28 04:09:00,10580.649999999949,10580.649999999949
2025-10-28 05:09:00,10580.649999999949,10580.649999999949
2025-10-28 06:09:00,10580.649999999949,10580.649999999949
2025-10-28 07:09:00,10580.649999999949,10580.649999999949
2025-10-28 08:09:00,10580.649999999949,10580.649999999949
2025-10-28 09:09:00,10580.649999999949,10580.649999999949
2025-10-28 10:09:00,10580.649999999949,10580.649999999949
2025-10-28 11:09:00,10580.649999999949,10580.649999999949
2025-10-28 12:09:00,10580.649999999949,10580.649999999949
2025-10-28 13:09:00,10580.649999999949,10580.649999999949
2025-10-28 14:09:00,10580.649999999949,10580.649999999949
2025-10-28 15:09:00,10580.649999999949,10580.649999999949
2025-10-28 16:09:00,10580.649999999949,10580.649999999949
2025-10-28 17:09:00,10580.649999999949,10580.649999999949
2025-10-28 18:09:00,10580.649999999949,10580.649999999949
2025-10-28 19:09:00,10580.649999999949,10580.649999999949
2025-10-28 20:09:00,10580.649999999949,10580.649999999949
2025-10-28 21:09:00,10580.649999999949,10580.649999999949
2025-10-28 22:09:00,10580.649999999949,10580.649999999949
2025-10-29 00:10:00,10616.859999999948,10764.689999999948
2025-10-29 01:10:00,10677.019999999946,10760.139999999947
2025-10-29 02:10:00,10677.019999999946,10816.099999999946
2025-10-29 03:10:00,10875.739999999947,10875.739999999947
2025-10-29 04:10:00,10875.739999999947,10875.739999999947
2025-10-29 05:10:00,10875.739999999947,10875.739999999947
2025-10-29 06:10:00,10875.739999999947,10875.739999999947
2025-10-29 07:10:00,10875.739999999947,10875.739999999947
2025-10-29 08:10:00,10875.739999999947,10875.739999999947
2025-10-29 09:10:00,10875.739999999947,10875.739999999947
2025-10-29 10:10:00,10875.739999999947,10875.739999999947
2025-10-29 11:10:00,10875.739999999947,10875.739999999947
2025-10-29 12:10:00,10875.739999999947,10875.739999999947
2025-10-29 13:10:00,10875.739999999947,10875.739999999947
2025-10-29 14:10:00,10875.739999999947,10875.739999999947
2025-10-29 15:10:00,10875.739999999947,10875.739999999947
2025-10-29 16:10:00,10875.739999999947,10875.739999999947
2025-10-29 17:10:00,10875.739999999947,10875.739999999947
2025-10-29 18:10:00,10765.729999999941,10765.729999999941
2025-10-29 19:10:00,10765.729999999941,10765.729999999941
2025-10-29 20:10:00,10765.729999999941,10765.729999999941
2025-10-29 21:10:00,10765.729999999941,10765.729999999941
2025-10-29 22:10:00,10765.729999999941,10765.729999999941
2025-10-30 00:11:00,10765.729999999941,10765.729999999941
2025-10-30 01:11:00,10765.729999999941,10765.729999999941
2025-10-30 02:11:00,10765.729999999941,10765.729999999941
2025-10-30 03:11:00,10765.729999999941,10765.729999999941
2025-10-30 04:11:00,10765.729999999941,10765.729999999941
2025-10-30 05:11:00,10765.729999999941,10765.729999999941
2025-10-30 06:11:00,10765.729999999941,10765.729999999941
2025-10-30 07:11:00,10765.729999999941,10765.729999999941
2025-10-30 08:11:00,10765.729999999941,10765.729999999941
2025-10-30 09:11:00,10765.729999999941,10765.729999999941
2025-10-30 10:11:00,10765.729999999941,10765.729999999941
2025-10-30 11:11:00,10765.729999999941,10765.729999999941
2025-10-30 12:11:00,10765.729999999941,10765.729999999941
2025-10-30 13:11:00,10666.849999999942,10666.849999999942
2025-10-30 14:11:00,10666.849999999942,10666.849999999942
2025-10-30 15:11:00,10666.849999999942,10666.849999999942
2025-10-30 16:11:00,10666.849999999942,10666.849999999942
2025-10-30 17:11:00,10666.849999999942,10666.849999999942
2025-10-30 18:11:00,10666.849999999942,10666.849999999942
2025-10-30 19:11:00,10666.849999999942,10666.849999999942
2025-10-30 20:11:00,10666.849999999942,10666.849999999942
2025-10-30 21:11:00,10666.849999999942,10666.849999999942
2025-10-30 22:11:00,10666.849999999942,10666.849999999942
2025-10-31 00:12:00,10666.849999999942,10666.849999999942
2025-10-31 01:12:00,10666.849999999942,10666.849999999942
2025-10-31 02:12:00,10707.339999999942,10761.93999999994
2025-10-31 03:12:00,10762.169999999942,10762.169999999942
2025-10-31 04:12:00,10762.169999999942,10762.169999999942
2025-10-31 05:12:00,10762.169999999942,10762.169999999942
2025-10-31 06:12:00,10762.169999999942,10762.169999999942
2025-10-31 07:12:00,10762.169999999942,10762.169999999942
2025-10-31 08:12:00,10762.169999999942,10762.169999999942
2025-10-31 09:12:00,10762.169999999942,10762.169999999942
2025-10-31 10:12:00,10762.169999999942,10762.169999999942
2025-10-31 11:12:00,10762.169999999942,10762.169999999942
2025-10-31 12:12:00,10762.169999999942,10762.169999999942
2025-10-31 13:12:00,10762.169999999942,10762.169999999942
2025-10-31 14:12:00,10762.169999999942,10762.169999999942
2025-10-31 15:12:00,10762.169999999942,10762.169999999942
2025-10-31 16:12:00,10762.169999999942,10762.169999999942
2025-10-31 17:12:00,10762.169999999942,10762.169999999942
2025-10-31 18:12:00,10762.169999999942,10762.169999999942
2025-10-31 19:12:00,10762.169999999942,10762.169999999942
2025-10-31 20:12:00,10655.359999999944,10607.919999999946
2025-10-31 21:12:00,10655.359999999944,10619.199999999944
2025-10-31 22:12:00,10669.859999999942,10669.859999999942
2025-11-03 01:13:00,10669.859999999942,10669.859999999942
2025-11-03 02:13:00,10669.859999999942,10669.859999999942
2025-11-03 03:13:00,10669.859999999942,10669.859999999942
2025-11-03 04:13:00,10669.859999999942,10669.859999999942
2025-11-03 05:13:00,10669.859999999942,10669.859999999942
2025-11-03 06:13:00,10669.859999999942,10669.859999999942
2025-11-03 07:13:00,10669.859999999942,10669.859999999942
2025-11-03 08:13:00,10669.859999999942,10669.859999999942
2025-11-03 09:13:00,10669.859999999942,10669.859999999942
2025-11-03 10:13:00,10669.859999999942,10669.859999999942
2025-11-03 11:13:00,10669.859999999942,10669.859999999942
2025-11-03 12:13:00,10669.859999999942,10669.859999999942
2025-11-03 13:13:00,10669.859999999942,10669.859999999942
2025-11-03 14:13:00,10668.739999999942,10665.219999999937
2025-11-03 15:13:00,10682.979999999936,10682.979999999936
2025-11-03 16:13:00,10682.979999999936,10682.979999999936
2025-11-03 17:13:00,10682.979999999936,10682.979999999936
2025-11-03 18:13:00,10682.979999999936,10682.979999999936
2025-11-03 19:13:00,10682.979999999936,10682.979999999936
2025-11-03 20:13:00,10682.979999999936,10682.979999999936
2025-11-03 21:13:00,10682.979999999936,10682.979999999936
2025-11-03 22:13:00,10682.979999999936,10682.979999999936
2025-11-03 23:13:00,10682.979999999936,10682.979999999936
2025-11-04 01:14:00,10682.979999999936,10682.979999999936
2025-11-04 02:14:00,10682.979999999936,10682.979999999936
2025-11-04 03:14:00,10726.749999999936,10773.489999999936
2025-11-04 04:14:00,10726.149999999938,10726.149999999938
2025-11-04 05:14:00,10726.149999999938,10726.149999999938
2025-11-04 06:14:00,10726.149999999938,10726.149999999938
2025-11-04 07:14:00,10726.149999999938,10726.149999999938
2025-11-04 08:14:00,10726.149999999938,10726.149999999938
2025-11-04 09:14:00,10726.149999999938,10726.149999999938
2025-11-04 10:14:00,10726.149999999938,10726.149999999938
2025-11-04 11:14:00,10726.149999999938,10726.149999999938
2025-11-04 12:14:00,10726.149999999938,10726.149999999938
2025-11-04 13:14:00,10726.149999999938,10726.149999999938
2025-11-04 14:14:00,10726.149999999938,10726.149999999938
2025-11-04 15:14:00,10726.149999999938,10726.149999999938
2025-11-04 16:14:00,10726.149999999938,10726.149999999938
2025-11-04 17:14:00,10726.149999999938,10726.149999999938
2025-11-04 18:14:00,10726.149999999938,10726.149999999938
2025-11-04 19:14:00,10726.149999999938,10726.149999999938
2025-11-04 20:14:00,10726.149999999938,10726.149999999938
2025-11-04 21:14:00,10726.149999999938,10726.149999999938
2025-11-04 22:14:00,10726.149999999938,10726.149999999938
2025-11-04 23:14:00,10726.149999999938,10726.149999999938
2025-11-05 01:15:00,10726.149999999938,10726.149999999938
2025-11-05 02:15:00,10726.149999999938,10726.149999999938
2025-11-05 03:15:00,10726.149999999938,10726.149999999938
2025-11-05 04:15:00,10726.149999999938,10726.149999999938
2025-11-05 05:15:00,10726.149999999938,10726.149999999938
2025-11-05 06:15:00,10726.149999999938,10726.149999999938
2025-11-05 07:15:00,10726.149999999938,10726.149999999938
2025-11-05 08:15:00,10726.149999999938,10726.149999999938
2025-11-05 09:15:00,10726.149999999938,10726.149999999938
2025-11-05 10:15:00,10726.149999999938,10726.149999999938
2025-11-05 11:15:00,10726.149999999938,10726.149999999938
2025-11-05 12:15:00,10726.149999999938,10726.149999999938
2025-11-05 13:15:00,10726.149999999938,10726.149999999938
2025-11-05 14:15:00,10726.149999999938,10726.149999999938
2025-11-05 15:15:00,10726.149999999938,10726.149999999938
2025-11-05 16:15:00,10726.149999999938,10726.149999999938
2025-11-05 17:15:00,10726.149999999938,10726.149999999938
2025-11-05 18:15:00,10726.149999999938,10726.149999999938
2025-11-05 19:15:00,10726.149999999938,10726.149999999938
2025-11-05 20:15:00,10726.149999999938,10726.149999999938
2025-11-05 21:15:00,10726.149999999938,10726.149999999938
2025-11-05 22:15:00,10726.149999999938,10726.149999999938
2025-11-05 23:15:00,10726.149999999938,10726.149999999938
2025-11-06 01:16:00,10726.149999999938,10726.149999999938
2025-11-06 02:16:00,10617.27999999994,10617.27999999994
2025-11-06 03:16:00,10617.27999999994,10617.27999999994
2025-11-06 04:16:00,10617.27999999994,10617.27999999994
2025-11-06 05:16:00,10617.27999999994,10617.27999999994
2025-11-06 06:16:00,10617.27999999994,10617.27999999994
2025-11-06 07:16:00,10617.27999999994,10617.27999999994
2025-11-06 08:16:00,10617.27999999994,10617.27999999994
2025-11-06 09:16:00,10617.27999999994,10617.27999999994
2025-11-06 10:16:00,10617.27999999994,10617.27999999994
2025-11-06 11:16:00,10617.27999999994,10617.27999999994
2025-11-06 12:16:00,10617.27999999994,10617.27999999994
2025-11-06 13:16:00,10617.27999999994,10617.27999999994
2025-11-06 14:16:00,10617.27999999994,10617.27999999994
2025-11-06 15:16:00,10629.809999999941,10679.15999999994
2025-11-06 16:16:00,10629.809999999941,10639.959999999941
2025-11-06 17:16:00,10629.109999999939,10629.109999999939
2025-11-06 18:16:00,10629.109999999939,10629.109999999939
2025-11-06 19:16:00,10629.109999999939,10629.109999999939
2025-11-06 20:16:00,10629.109999999939,10629.109999999939
2025-11-06 21:16:00,10629.109999999939,10629.109999999939
2025-11-06 22:16:00,10629.109999999939,10629.109999999939
2025-11-06 23:16:00,10629.109999999939,10629.109999999939
2025-11-07 01:17:00,10629.109999999939,10629.109999999939
2025-11-07 02:17:00,10629.109999999939,10629.109999999939
2025-11-07 03:17:00,10629.109999999939,10629.109999999939
2025-11-07 04:17:00,10629.109999999939,10629.109999999939
2025-11-07 05:17:00,10629.109999999939,10629.109999999939
2025-11-07 06:17:00,10629.109999999939,10629.109999999939
2025-11-07 07:17:00,10629.109999999939,10629.109999999939
2025-11-07 08:17:00,10629.109999999939,10629.109999999939
2025-11-07 09:17:00,10629.109999999939,10629.109999999939
2025-11-07 10:17:00,10629.109999999939,10629.109999999939
2025-11-07 11:17:00,10629.109999999939,10629.109999999939
2025-11-07 12:17:00,10629.109999999939,10629.109999999939
2025-11-07 13:17:00,10629.109999999939,10629.109999999939
2025-11-07 14:17:00,10629.109999999939,10629.109999999939
2025-11-07 15:17:00,10629.109999999939,10629.109999999939
2025-11-07 16:17:00,10629.109999999939,10629.109999999939
2025-11-07 17:17:00,10629.109999999939,10629.109999999939
2025-11-07 18:17:00,10629.109999999939,10629.109999999939
2025-11-07 19:17:00,10629.109999999939,10629.109999999939
2025-11-07 20:17:00,10629.109999999939,10629.109999999939
2025-11-07 21:17:00,10629.109999999939,10629.109999999939
2025-11-07 22:17:00,10629.109999999939,10629.109999999939
2025-11-07 23:17:00,10629.109999999939,10629.109999999939
2025-11-10 01:18:00,10629.109999999939,10629.109999999939
2025-11-10 02:18:00,10629.109999999939,10629.109999999939
2025-11-10 03:18:00,10629.109999999939,10629.109999999939
2025-11-10 04:18:00,10628.269999999939,10677.58999999994
2025-11-10 05:18:00,10628.269999999939,10660.54999999994
2025-11-10 06:18:00,10675.459999999941,10738.639999999941
2025-11-10 07:18:00,10675.459999999941,10732.09999999994
2025-11-10 08:18:00,10738.399999999941,10819.099999999942
2025-11-10 09:18:00,10738.399999999941,10836.319999999942
2025-11-10 10:18:00,10738.399999999941,10839.139999999941
2025-11-10 11:18:00,10738.399999999941,10837.339999999942
2025-11-10 12:18:00,10864.249999999942,10864.249999999942
2025-11-10 13:18:00,10864.249999999942,10864.249999999942
2025-11-10 14:18:00,10864.249999999942,10864.249999999942
2025-11-10 15:18:00,10864.249999999942,10864.249999999942
2025-11-10 16:18:00,10864.249999999942,10864.249999999942
2025-11-10 17:18:00,10864.249999999942,10864.249999999942
2025-11-10 18:18:00,10864.249999999942,10864.249999999942
2025-11-10 19:18:00,10864.249999999942,10864.249999999942
2025-11-10 20:18:00,10864.249999999942,10864.249999999942
2025-11-10 21:18:00,10864.249999999942,10864.249999999942
2025-11-10 22:18:00,10864.249999999942,10864.249999999942
2025-11-10 23:18:00,10864.249999999942,10864.249999999942
2025-11-11 01:19:00,10864.249999999942,10864.249999999942
2025-11-11 02:19:00,10864.249999999942,10864.249999999942
2025-11-11 03:19:00,10864.249999999942,10864.249999999942
2025-11-11 04:19:00,10864.249999999942,10864.249999999942
2025-11-11 05:19:00,10864.249999999942,10864.249999999942
2025-11-11 06:19:00,10864.249999999942,10864.249999999942
2025-11-11 07:19:00,10864.249999999942,10864.249999999942
2025-11-11 08:19:00,10864.249999999942,10864.249999999942
2025-11-11 09:19:00,10864.249999999942,10864.249999999942
2025-11-11 10:19:00,10864.249999999942,10864.249999999942
2025-11-11 11:19:00,10864.249999999942,10864.249999999942
2025-11-11 12:19:00,10864.249999999942,10864.249999999942
2025-11-11 13:19:00,10864.249999999942,10864.249999999942
2025-11-11 14:19:00,10864.249999999942,10864.249999999942
2025-11-11 15:19:00,10864.249999999942,10864.249999999942
2025-11-11 16:19:00,10864.249999999942,10864.249999999942
2025-11-11 17:19:00,10864.249999999942,10864.249999999942
2025-11-11 18:19:00,10864.249999999942,10864.249999999942
2025-11-11 19:19:00,10864.249999999942,10864.249999999942
2025-11-11 20:19:00,10864.249999999942,10864.249999999942
2025-11-11 21:19:00,10864.249999999942,10864.249999999942
2025-11-11 22:19:00,10864.249999999942,10864.249999999942
2025-11-11 23:19:00,10864.249999999942,10864.249999999942
2025-11-12 01:20:00,10864.249999999942,10864.249999999942
2025-11-12 02:20:00,10864.249999999942,10864.249999999942
2025-11-12 03:20:00,10864.249999999942,10864.249999999942
2025-11-12 04:20:00,10864.249999999942,10864.249999999942
2025-11-12 05:20:00,10864.249999999942,10864.249999999942
2025-11-12 06:20:00,10864.249999999942,10864.249999999942
2025-11-12 07:20:00,10864.249999999942,10864.249999999942
2025-11-12 08:20:00,10864.249999999942,10864.249999999942
2025-11-12 09:20:00,10864.249999999942,10864.249999999942
2025-11-12 10:20:00,10864.249999999942,10864.249999999942
2025-11-12 11:20:00,10864.249999999942,10864.249999999942
2025-11-12 12:20:00,10864.249999999942,10864.249999999942
2025-11-12 13:20:00,10864.249999999942,10864.249999999942
2025-11-12 14:20:00,10864.249999999942,10864.249999999942
2025-11-12 15:20:00,10864.249999999942,10864.249999999942
2025-11-12 16:20:00,10864.249999999942,10864.249999999942
2025-11-12 17:20:00,10864.249999999942,10864.249999999942
2025-11-12 18:20:00,10864.249999999942,10864.249999999942
2025-11-12 19:20:00,10864.249999999942,10864.249999999942
2025-11-12 20:20:00,10864.249999999942,10864.249999999942
2025-11-12 21:20:00,10864.249999999942,10864.249999999942
2025-11-12 22:20:00,10864.249999999942,10864.249999999942
2025-11-12 23:20:00,10864.249999999942,10864.249999999942
2025-11-13 01:21:00,10864.249999999942,10864.249999999942
2025-11-13 02:21:00,10864.249999999942,10864.249999999942
2025-11-13 03:21:00,10864.249999999942,10864.249999999942
2025-11-13 04:21:00,10864.249999999942,10864.249999999942
2025-11-13 05:21:00,10864.249999999942,10864.249999999942
2025-11-13 06:21:00,10864.249999999942,10864.249999999942
2025-11-13 07:21:00,10864.249999999942,10864.249999999942
2025-11-13 08:21:00,10864.249999999942,10864.249999999942
2025-11-13 09:21:00,10864.249999999942,10864.249999999942
2025-11-13 10:21:00,10864.249999999942,10864.249999999942
2025-11-13 11:21:00,10864.249999999942,10864.249999999942
2025-11-13 12:21:00,10864.249999999942,10864.249999999942
2025-11-13 13:21:00,10864.249999999942,10864.249999999942
2025-11-13 14:21:00,10864.249999999942,10864.249999999942
2025-11-13 15:21:00,10878.489999999938,10878.489999999938
2025-11-13 16:21:00,10878.489999999938,10878.489999999938
2025-11-13 17:21:00,10878.489999999938,10878.489999999938
2025-11-13 18:21:00,10878.489999999938,10878.489999999938
2025-11-13 19:21:00,10878.489999999938,10878.489999999938
2025-11-13 20:21:00,10878.489999999938,10878.489999999938
2025-11-13 21:21:00,10877.439999999937,10802.629999999934
2025-11-13 22:21:00,10886.849999999937,10902.94999999994
2025-11-13 23:21:00,10917.289999999937,11089.089999999944
2025-11-14 01:22:00,10926.989999999938,11135.689999999939
2025-11-14 02:22:00,10950.21999999994,11216.679999999942
2025-11-14 03:22:00,10950.21999999994,11139.679999999935
2025-11-14 04:22:00,10950.21999999994,11290.77999999994
2025-11-14 05:22:00,11065.699999999939,11382.299999999937
2025-11-14 06:22:00,11065.699999999939,11334.139999999941
2025-11-14 07:22:00,11065.699999999939,11243.419999999942
2025-11-14 08:22:00,11065.699999999939,11208.55999999994
2025-11-14 09:22:00,11065.499999999942,11080.519999999942
2025-11-14 10:22:00,11064.999999999942,11064.999999999942
2025-11-14 11:22:00,11064.999999999942,11064.999999999942
2025-11-14 12:22:00,11064.999999999942,11064.999999999942
2025-11-14 13:22:00,11064.999999999942,11064.999999999942
2025-11-14 14:22:00,11064.999999999942,11064.999999999942
2025-11-14 15:22:00,11064.999999999942,11064.999999999942
2025-11-14 16:22:00,11064.999999999942,11064.999999999942
2025-11-14 17:22:00,11064.999999999942,11064.999999999942
2025-11-14 18:22:00,11080.07999999994,11080.07999999994
2025-11-14 19:22:00,11080.07999999994,11080.07999999994
2025-11-14 20:22:00,11080.07999999994,11080.07999999994
2025-11-14 21:22:00,11080.07999999994,11080.07999999994
2025-11-14 22:22:00,11080.07999999994,11080.07999999994
2025-11-14 23:22:00,11080.07999999994,11080.07999999994
2025-11-17 01:23:00,11080.07999999994,11080.07999999994
2025-11-17 02:23:00,11080.07999999994,11080.07999999994
2025-11-17 03:23:00,11080.07999999994,11080.07999999994
2025-11-17 04:23:00,11080.07999999994,11080.07999999994
2025-11-17 05:23:00,11080.07999999994,11080.07999999994
2025-11-17 06:23:00,11080.07999999994,11080.07999999994
2025-11-17 07:23:00,11080.07999999994,11080.07999999994
2025-11-17 08:23:00,11079.79999999994,11095.79999999994
2025-11-17 09:23:00,11094.12999999994,11154.96999999994
2025-11-17 10:23:00,11122.789999999939,11179.049999999937
2025-11-17 11:23:00,11122.789999999939,11179.80999999994
2025-11-17 12:23:00,11122.789999999939,11184.929999999938
2025-11-17 13:23:00,11122.789999999939,11150.929999999938
2025-11-17 14:23:00,11122.789999999939,11169.089999999938
2025-11-17 15:23:00,11122.789999999939,11174.449999999939
2025-11-17 16:23:00,11122.789999999939,11144.349999999939
2025-11-17 17:23:00,11122.789999999939,11153.80999999994
2025-11-17 18:23:00,11122.589999999938,11122.589999999938
2025-11-17 19:23:00,11122.589999999938,11122.589999999938
2025-11-17 20:23:00,11122.589999999938,11122.589999999938
2025-11-17 21:23:00,11122.589999999938,11122.589999999938
2025-11-17 22:23:00,11122.589999999938,11122.589999999938
2025-11-17 23:23:00,11122.589999999938,11122.589999999938
2025-11-18 01:24:00,11122.589999999938,11122.589999999938
2025-11-18 02:24:00,11122.589999999938,11122.589999999938
2025-11-18 03:24:00,11122.589999999938,11122.589999999938
2025-11-18 04:24:00,11122.589999999938,11122.589999999938
2025-11-18 05:24:00,11122.589999999938,11122.589999999938
2025-11-18 06:24:00,11122.589999999938,11122.589999999938
2025-11-18 07:24:00,11122.589999999938,11122.589999999938
2025-11-18 08:24:00,11122.589999999938,11122.589999999938
2025-11-18 09:24:00,11122.589999999938,11122.589999999938
2025-11-18 10:24:00,11122.589999999938,11122.589999999938
2025-11-18 11:24:00,11010.21999999994,11010.21999999994
2025-11-18 12:24:00,11010.21999999994,11010.21999999994
2025-11-18 13:24:00,11010.21999999994,11010.21999999994
2025-11-18 14:24:00,11010.21999999994,11010.21999999994
2025-11-18 15:24:00,11010.21999999994,11010.21999999994
2025-11-18 16:24:00,11010.21999999994,11010.21999999994
2025-11-18 17:24:00,11010.21999999994,11010.21999999994
2025-11-18 18:24:00,11010.21999999994,11010.21999999994
2025-11-18 19:24:00,11010.21999999994,11010.21999999994
2025-11-18 20:24:00,11010.21999999994,11010.21999999994
2025-11-18 21:24:00,11010.21999999994,11010.21999999994
2025-11-18 22:24:00,11010.21999999994,11010.21999999994
2025-11-18 23:24:00,11010.21999999994,11010.21999999994
2025-11-19 01:25:00,11010.21999999994,11010.21999999994
2025-11-19 02:25:00,11010.21999999994,11010.21999999994
2025-11-19 03:25:00,11010.21999999994,11010.21999999994
2025-11-19 04:25:00,11010.21999999994,11010.21999999994
2025-11-19 05:25:00,11010.21999999994,11010.21999999994
2025-11-19 06:25:00,11010.21999999994,11010.21999999994
2025-11-19 07:25:00,11010.21999999994,11010.21999999994
2025-11-19 08:25:00,11010.21999999994,11010.21999999994
2025-11-19 09:25:00,11030.449999999943,11112.559999999947
2025-11-19 10:25:00,11073.299999999945,11073.299999999945
2025-11-19 11:25:00,11073.299999999945,11073.299999999945
2025-11-19 12:25:00,11073.299999999945,11073.299999999945
2025-11-19 13:25:00,11073.299999999945,11073.299999999945
2025-11-19 14:25:00,11073.299999999945,11073.299999999945
2025-11-19 15:25:00,11083.139999999945,11110.579999999947
2025-11-19 16:25:00,11135.779999999946,11161.659999999947
2025-11-19 17:25:00,11135.379999999948,11135.379999999948
2025-11-19 18:25:00,11026.259999999955,11026.259999999955
2025-11-19 19:25:00,11026.259999999955,11026.259999999955
2025-11-19 20:25:00,11026.259999999955,11026.259999999955
2025-11-19 21:25:00,11026.259999999955,11026.259999999955
2025-11-19 22:25:00,11026.259999999955,11026.259999999955
2025-11-19 23:25:00,11026.259999999955,11026.259999999955
2025-11-20 01:26:00,11026.259999999955,11026.259999999955
2025-11-20 02:26:00,11025.559999999954,10966.959999999952
2025-11-20 03:26:00,11036.979999999954,11075.199999999959
2025-11-20 04:26:00,11159.389999999954,11159.389999999954
2025-11-20 05:26:00,11159.389999999954,11159.389999999954
2025-11-20 06:26:00,11159.389999999954,11159.389999999954
2025-11-20 07:26:00,11159.389999999954,11159.389999999954
2025-11-20 08:26:00,11159.389999999954,11159.389999999954
2025-11-20 09:26:00,11159.389999999954,11159.389999999954
2025-11-20 10:26:00,11178.809999999956,11178.809999999956
2025-11-20 11:26:00,11178.809999999956,11178.809999999956
2025-11-20 12:26:00,11178.809999999956,11178.809999999956
2025-11-20 13:26:00,11178.809999999956,11178.809999999956
2025-11-20 14:26:00,11178.809999999956,11178.809999999956
2025-11-20 15:26:00,11178.809999999956,11178.809999999956
2025-11-20 16:26:00,11178.809999999956,11178.809999999956
2025-11-20 17:26:00,11178.809999999956,11178.809999999956
2025-11-20 18:26:00,11178.809999999956,11178.809999999956
2025-11-20 19:26:00,11188.009999999951,11188.009999999951
2025-11-20 20:26:00,11188.009999999951,11188.009999999951
2025-11-20 21:26:00,11188.009999999951,11188.009999999951
2025-11-20 22:26:00,11188.009999999951,11188.009999999951
2025-11-20 23:26:00,11188.009999999951,11188.009999999951
2025-11-21 01:27:00,11188.009999999951,11188.009999999951
2025-11-21 02:27:00,11187.099999999951,11228.569999999952
2025-11-21 03:27:00,11198.759999999947,11198.759999999947
2025-11-21 04:27:00,11198.759999999947,11198.759999999947
2025-11-21 05:27:00,11198.759999999947,11198.759999999947
2025-11-21 06:27:00,11198.759999999947,11198.759999999947
2025-11-21 07:27:00,11198.759999999947,11198.759999999947
2025-11-21 08:27:00,11198.759999999947,11198.759999999947
2025-11-21 09:27:00,11198.759999999947,11198.759999999947
2025-11-21 10:27:00,11198.059999999947,11175.25999999995
2025-11-21 11:27:00,11208.399999999945,11208.399999999945
2025-11-21 12:27:00,11208.399999999945,11208.399999999945
2025-11-21 13:27:00,11208.399999999945,11208.399999999945
2025-11-21 14:27:00,11208.399999999945,11208.399999999945
2025-11-21 15:27:00,11208.399999999945,11208.399999999945
2025-11-21 16:27:00,11208.399999999945,11208.399999999945
2025-11-21 17:27:00,11208.399999999945,11208.399999999945
2025-11-21 18:27:00,11287.979999999938,11345.879999999937
2025-11-21 19:27:00,11384.729999999938,11384.729999999938
2025-11-21 20:27:00,11384.729999999938,11384.729999999938
2025-11-21 21:27:00,11384.729999999938,11384.729999999938
2025-11-21 22:27:00,11384.729999999938,11384.729999999938
2025-11-21 23:27:00,11394.229999999938,11394.229999999938
2025-11-24 01:28:00,11394.229999999938,11394.229999999938
2025-11-24 02:28:00,11394.229999999938,11394.229999999938
2025-11-24 03:28:00,11394.229999999938,11394.229999999938
2025-11-24 04:28:00,11394.229999999938,11394.229999999938
2025-11-24 05:28:00,11394.229999999938,11394.229999999938
2025-11-24 06:28:00,11394.229999999938,11394.229999999938
2025-11-24 07:28:00,11394.229999999938,11394.229999999938
2025-11-24 08:28:00,11394.229999999938,11394.229999999938
2025-11-24 09:28:00,11394.229999999938,11394.229999999938
2025-11-24 10:28:00,11394.229999999938,11394.229999999938
2025-11-24 11:28:00,11394.229999999938,11394.229999999938
2025-11-24 12:28:00,11394.229999999938,11394.229999999938
2025-11-24 13:28:00,11394.229999999938,11394.229999999938
2025-11-24 14:28:00,11394.229999999938,11394.229999999938
2025-11-24 15:28:00,11394.229999999938,11394.229999999938
2025-11-24 16:28:00,11394.229999999938,11394.229999999938
2025-11-24 17:28:00,11394.229999999938,11394.229999999938
2025-11-24 18:28:00,11394.229999999938,11394.229999999938
2025-11-24 19:28:00,11394.229999999938,11394.229999999938
2025-11-24 20:28:00,11394.229999999938,11394.229999999938
2025-11-24 21:28:00,11394.229999999938,11394.229999999938
2025-11-24 22:28:00,11394.229999999938,11394.229999999938
2025-11-24 23:28:00,11394.229999999938,11394.229999999938
2025-11-25 01:29:00,11394.229999999938,11394.229999999938
2025-11-25 02:29:00,11394.229999999938,11394.229999999938
2025-11-25 03:29:00,11394.229999999938,11394.229999999938
2025-11-25 04:29:00,11394.229999999938,11394.229999999938
2025-11-25 05:29:00,11394.229999999938,11394.229999999938
2025-11-25 06:29:00,11394.229999999938,11394.229999999938
2025-11-25 07:29:00,11394.229999999938,11394.229999999938
2025-11-25 08:29:00,11394.229999999938,11394.229999999938
2025-11-25 09:29:00,11394.229999999938,11394.229999999938
2025-11-25 10:29:00,11394.229999999938,11394.229999999938
2025-11-25 11:29:00,11436.82999999994,11581.629999999945
2025-11-25 12:29:00,11480.409999999942,11646.649999999947
2025-11-25 13:29:00,11480.409999999942,11658.649999999947
2025-11-25 14:29:00,11480.409999999942,11660.649999999947
2025-11-25 15:29:00,11518.639999999945,11815.789999999944
2025-11-25 16:29:00,11808.099999999955,11808.099999999955
2025-11-25 17:29:00,11808.099999999955,11808.099999999955
2025-11-25 18:29:00,11808.099999999955,11808.099999999955
2025-11-25 19:29:00,11808.099999999955,11808.099999999955
2025-11-25 20:29:00,11808.099999999955,11808.099999999955
2025-11-25 21:29:00,11808.099999999955,11808.099999999955
2025-11-25 22:29:00,11808.099999999955,11808.099999999955
2025-11-25 23:29:00,11808.099999999955,11808.099999999955
2025-11-26 01:30:00,11808.099999999955,11808.099999999955
2025-11-26 02:30:00,11808.099999999955,11808.099999999955
2025-11-26 03:30:00,11808.099999999955,11808.099999999955
2025-11-26 04:30:00,11808.099999999955,11808.099999999955
2025-11-26 05:30:00,11808.099999999955,11808.099999999955
2025-11-26 06:30:00,11808.099999999955,11808.099999999955
2025-11-26 07:30:00,11808.099999999955,11808.099999999955
2025-11-26 08:30:00,11808.099999999955,11808.099999999955
2025-11-26 09:30:00,11808.099999999955,11808.099999999955
2025-11-26 10:30:00,11808.099999999955,11808.099999999955
2025-11-26 11:30:00,11808.099999999955,11808.099999999955
2025-11-26 12:30:00,11808.099999999955,11808.099999999955
2025-11-26 13:30:00,11808.099999999955,11808.099999999955
2025-11-26 14:30:00,11808.099999999955,11808.099999999955
2025-11-26 15:30:00,11808.099999999955,11808.099999999955
2025-11-26 16:30:00,11808.099999999955,11808.099999999955
2025-11-26 17:30:00,11808.099999999955,11808.099999999955
2025-11-26 18:30:00,11808.099999999955,11808.099999999955
2025-11-26 19:30:00,11808.099999999955,11808.099999999955
2025-11-26 20:30:00,11808.099999999955,11808.099999999955
2025-11-26 21:30:00,11808.099999999955,11808.099999999955
2025-11-26 22:30:00,11808.099999999955,11808.099999999955
2025-11-26 23:30:00,11808.099999999955,11808.099999999955
2025-11-27 01:31:00,11808.099999999955,11808.099999999955
2025-11-27 02:31:00,11808.099999999955,11808.099999999955
2025-11-27 03:31:00,11808.099999999955,11808.099999999955
2025-11-27 04:31:00,11808.099999999955,11808.099999999955
2025-11-27 05:31:00,11808.099999999955,11808.099999999955
2025-11-27 06:31:00,11808.099999999955,11808.099999999955
2025-11-27 07:31:00,11808.099999999955,11808.099999999955
2025-11-27 08:31:00,11808.099999999955,11808.099999999955
2025-11-27 09:31:00,11808.099999999955,11808.099999999955
2025-11-27 10:31:00,11808.099999999955,11808.099999999955
2025-11-27 11:31:00,11808.099999999955,11808.099999999955
2025-11-27 12:31:00,11808.099999999955,11808.099999999955
2025-11-27 13:31:00,11808.099999999955,11808.099999999955
2025-11-27 14:31:00,11808.099999999955,11808.099999999955
2025-11-27 15:31:00,11808.099999999955,11808.099999999955
2025-11-27 16:31:00,11808.099999999955,11808.099999999955
2025-11-27 17:31:00,11808.099999999955,11808.099999999955
2025-11-27 18:31:00,11808.099999999955,11808.099999999955
2025-11-27 19:31:00,11808.099999999955,11808.099999999955
2025-11-27 20:31:00,11808.099999999955,11808.099999999955
2025-11-28 01:00:00,11808.099999999955,11808.099999999955
2025-11-28 02:00:00,11808.099999999955,11808.099999999955
2025-11-28 03:00:00,11808.099999999955,11808.099999999955
2025-11-28 04:00:00,11808.099999999955,11808.099999999955
2025-11-28 05:00:00,11808.099999999955,11808.099999999955
2025-11-28 06:00:00,11808.099999999955,11808.099999999955
2025-11-28 07:00:00,11808.099999999955,11808.099999999955
2025-11-28 08:00:00,11891.379999999954,11891.379999999954
2025-11-28 09:00:00,11891.379999999954,11891.379999999954
2025-11-28 10:00:00,11891.379999999954,11891.379999999954
2025-11-28 11:00:00,11891.379999999954,11891.379999999954
2025-11-28 12:00:00,11891.379999999954,11891.379999999954
2025-11-28 13:00:00,11891.379999999954,11891.379999999954
2025-11-28 14:00:00,11889.839999999953,11905.019999999944
2025-11-28 15:00:00,11968.139999999948,12023.719999999947
2025-11-28 16:00:00,11967.439999999946,11967.439999999946
2025-11-28 17:00:00,11967.439999999946,11967.439999999946
2025-11-28 18:00:00,11966.039999999946,11942.43999999994
2025-11-28 19:00:00,11979.28999999994,11979.28999999994
2025-11-28 20:00:00,11979.28999999994,11979.28999999994
2025-11-28 21:00:00,11979.28999999994,11979.28999999994
2025-12-01 01:14:00,11979.28999999994,11979.28999999994
2025-12-01 02:14:00,11979.28999999994,11979.28999999994
2025-12-01 03:14:00,11979.28999999994,11979.28999999994
2025-12-01 04:14:00,11979.28999999994,11979.28999999994
2025-12-01 05:14:00,11979.28999999994,11979.28999999994
2025-12-01 06:14:00,11979.28999999994,11979.28999999994
2025-12-01 07:14:00,11979.28999999994,11979.28999999994
2025-12-01 08:14:00,11977.959999999941,11984.22999999994
2025-12-01 09:14:00,12012.779999999935,12012.779999999935
2025-12-01 10:14:00,12012.779999999935,12012.779999999935
2025-12-01 11:14:00,12012.779999999935,12012.779999999935
2025-12-01 12:14:00,12012.779999999935,12012.779999999935
2025-12-01 13:14:00,12012.779999999935,12012.779999999935
2025-12-01 14:14:00,12012.779999999935,12012.779999999935
2025-12-01 15:14:00,12012.779999999935,12012.779999999935
2025-12-01 16:14:00,12012.779999999935,12012.779999999935
2025-12-01 17:14:00,12012.779999999935,12012.779999999935
2025-12-01 18:14:00,12012.779999999935,12012.779999999935
2025-12-01 19:14:00,12012.779999999935,12012.779999999935
2025-12-01 20:14:00,12012.779999999935,12012.779999999935
2025-12-01 21:14:00,12012.779999999935,12012.779999999935
2025-12-01 22:14:00,12012.779999999935,12012.779999999935
2025-12-01 23:14:00,12012.779999999935,12012.779999999935
2025-12-02 01:15:00,12012.779999999935,12012.779999999935
2025-12-02 02:15:00,12012.779999999935,12012.779999999935
2025-12-02 03:15:00,12012.779999999935,12012.779999999935
2025-12-02 04:15:00,12012.779999999935,12012.779999999935
2025-12-02 05:15:00,12012.779999999935,12012.779999999935
2025-12-02 06:15:00,12012.779999999935,12012.779999999935
2025-12-02 07:15:00,12012.779999999935,12012.779999999935
2025-12-02 08:15:00,12012.779999999935,12012.779999999935
2025-12-02 09:15:00,12012.779999999935,12012.779999999935
2025-12-02 10:15:00,12012.779999999935,12012.779999999935
2025-12-02 11:15:00,12012.779999999935,12012.779999999935
2025-12-02 12:15:00,12099.419999999947,12119.159999999947
2025-12-02 13:15:00,12099.419999999947,12136.01999999995
2025-12-02 14:15:00,12055.139999999954,12055.139999999954
2025-12-02 15:15:00,12055.139999999954,12055.139999999954
2025-12-02 16:15:00,12055.139999999954,12055.139999999954
2025-12-02 17:15:00,12055.139999999954,12055.139999999954
2025-12-02 18:15:00,12055.139999999954,12055.139999999954
2025-12-02 19:15:00,12055.139999999954,12055.139999999954
2025-12-02 20:15:00,12055.139999999954,12055.139999999954
2025-12-02 21:15:00,12055.139999999954,12055.139999999954
2025-12-02 22:15:00,12054.299999999954,12056.819999999954
2025-12-02 23:15:00,11936.999999999953,11954.459999999957
2025-12-03 01:16:00,11981.539999999946,11981.539999999946
2025-12-03 02:16:00,11981.539999999946,11981.539999999946
2025-12-03 03:16:00,11981.539999999946,11981.539999999946
2025-12-03 04:16:00,11981.539999999946,11981.539999999946
2025-12-03 05:16:00,11981.539999999946,11981.539999999946
2025-12-03 06:16:00,11981.539999999946,11981.539999999946
2025-12-03 07:16:00,11981.539999999946,11981.539999999946
2025-12-03 08:16:00,11981.539999999946,11981.539999999946
2025-12-03 09:16:00,11981.539999999946,11981.539999999946
2025-12-03 10:16:00,11981.539999999946,11981.539999999946
2025-12-03 11:16:00,11981.539999999946,11981.539999999946
2025-12-03 12:16:00,11981.539999999946,11981.539999999946
2025-12-03 13:16:00,11981.539999999946,11981.539999999946
2025-12-03 14:16:00,11981.539999999946,11981.539999999946
2025-12-03 15:16:00,11981.539999999946,11981.539999999946
2025-12-03 16:16:00,11981.539999999946,11981.539999999946
2025-12-03 17:16:00,11981.539999999946,11981.539999999946
2025-12-03 18:16:00,11981.539999999946,11981.539999999946
2025-12-03 19:16:00,11862.599999999937,11862.599999999937
2025-12-03 20:16:00,11862.599999999937,11862.599999999937
2025-12-03 21:16:00,11862.599999999937,11862.599999999937
2025-12-03 22:16:00,11862.599999999937,11862.599999999937
2025-12-03 23:16:00,11862.599999999937,11862.599999999937
2025-12-04 01:17:00,11862.599999999937,11862.599999999937
2025-12-04 02:17:00,11862.599999999937,11862.599999999937
2025-12-04 03:17:00,11862.599999999937,11862.599999999937
2025-12-04 04:17:00,11862.599999999937,11862.599999999937
2025-12-04 05:17:00,11862.599999999937,11862.599999999937
2025-12-04 06:17:00,11862.599999999937,11862.599999999937
2025-12-04 07:17:00,11862.599999999937,11862.599999999937
2025-12-04 08:17:00,11862.599999999937,11862.599999999937
2025-12-04 09:17:00,11862.599999999937,11862.599999999937
2025-12-04 10:17:00,11862.599999999937,11862.599999999937
2025-12-04 11:17:00,11862.599999999937,11862.599999999937
2025-12-04 12:17:00,11862.599999999937,11862.599999999937
2025-12-04 13:17:00,11862.599999999937,11862.599999999937
2025-12-04 14:17:00,11862.599999999937,11862.599999999937
2025-12-04 15:17:00,11862.599999999937,11862.599999999937
2025-12-04 16:17:00,11862.599999999937,11862.599999999937
2025-12-04 17:17:00,11862.599999999937,11862.599999999937
2025-12-04 18:17:00,11862.599999999937,11862.599999999937
2025-12-04 19:17:00,11862.599999999937,11862.599999999937
2025-12-04 20:17:00,11862.599999999937,11862.599999999937
2025-12-04 21:17:00,11862.599999999937,11862.599999999937
2025-12-04 22:17:00,11862.599999999937,11862.599999999937
2025-12-04 23:17:00,11862.599999999937,11862.599999999937
2025-12-05 01:18:00,11862.599999999937,11862.599999999937
2025-12-05 02:18:00,11862.599999999937,11862.599999999937
2025-12-05 03:18:00,11862.599999999937,11862.599999999937
2025-12-05 04:18:00,11862.599999999937,11862.599999999937
2025-12-05 05:18:00,11862.599999999937,11862.599999999937
2025-12-05 06:18:00,11862.599999999937,11862.599999999937
2025-12-05 07:18:00,11862.599999999937,11862.599999999937
2025-12-05 08:18:00,11862.599999999937,11862.599999999937
2025-12-05 09:18:00,11862.599999999937,11862.599999999937
2025-12-05 10:18:00,11862.599999999937,11862.599999999937
2025-12-05 11:18:00,11862.599999999937,11862.599999999937
2025-12-05 12:18:00,11862.599999999937,11862.599999999937
2025-12-05 13:18:00,11862.599999999937,11862.599999999937
2025-12-05 14:18:00,11862.599999999937,11862.599999999937
2025-12-05 15:18:00,11862.599999999937,11862.599999999937
2025-12-05 16:18:00,11862.599999999937,11862.599999999937
2025-12-05 17:18:00,11862.599999999937,11862.599999999937
2025-12-05 18:18:00,12033.82999999994,12033.82999999994
2025-12-05 19:18:00,12033.82999999994,12033.82999999994
2025-12-05 20:18:00,12033.82999999994,12033.82999999994
2025-12-05 21:18:00,12033.82999999994,12033.82999999994
2025-12-05 22:18:00,12033.82999999994,12033.82999999994
2025-12-05 23:18:00,12033.82999999994,12033.82999999994
2025-12-08 01:19:00,12033.82999999994,12033.82999999994
2025-12-08 02:19:00,12033.82999999994,12033.82999999994
2025-12-08 03:19:00,12033.82999999994,12033.82999999994
2025-12-08 04:19:00,12033.82999999994,12033.82999999994
2025-12-08 05:19:00,12033.82999999994,12033.82999999994
2025-12-08 06:19:00,12033.82999999994,12033.82999999994
2025-12-08 07:19:00,12033.82999999994,12033.82999999994
2025-12-08 08:19:00,12033.82999999994,12033.82999999994
2025-12-08 09:19:00,12033.82999999994,12033.82999999994
2025-12-08 10:19:00,12033.82999999994,12033.82999999994
2025-12-08 11:19:00,12033.82999999994,12033.82999999994
2025-12-08 12:19:00,12033.82999999994,12033.82999999994
2025-12-08 13:19:00,12033.82999999994,12033.82999999994
2025-12-08 14:19:00,12033.82999999994,12033.82999999994
2025-12-08 15:19:00,12033.82999999994,12033.82999999994
2025-12-08 16:19:00,12033.82999999994,12033.82999999994
2025-12-08 17:19:00,12033.82999999994,12033.82999999994
2025-12-08 18:19:00,12033.82999999994,12033.82999999994
2025-12-08 19:19:00,12033.82999999994,12033.82999999994
2025-12-08 20:19:00,12033.82999999994,12033.82999999994
2025-12-08 21:19:00,12033.82999999994,12033.82999999994
2025-12-08 22:19:00,12033.82999999994,12033.82999999994
2025-12-08 23:19:00,12033.82999999994,12033.82999999994
2025-12-09 01:20:00,12033.82999999994,12033.82999999994
2025-12-09 02:20:00,12033.82999999994,12033.82999999994
2025-12-09 03:20:00,12033.82999999994,12033.82999999994
2025-12-09 04:20:00,12033.82999999994,12033.82999999994
2025-12-09 05:20:00,12033.82999999994,12033.82999999994
2025-12-09 06:20:00,12033.82999999994,12033.82999999994
2025-12-09 07:20:00,12033.82999999994,12033.82999999994
2025-12-09 08:20:00,12033.82999999994,12033.82999999994
2025-12-09 09:20:00,12033.82999999994,12033.82999999994
2025-12-09 10:20:00,12033.82999999994,12033.82999999994
2025-12-09 11:20:00,11798.269999999931,11798.269999999931
2025-12-09 12:20:00,11798.269999999931,11798.269999999931
2025-12-09 13:20:00,11798.269999999931,11798.269999999931
2025-12-09 14:20:00,11797.359999999931,11778.769999999928
2025-12-09 15:20:00,11810.589999999931,11829.589999999927
2025-12-09 16:20:00,11809.589999999927,11809.589999999927
2025-12-09 17:20:00,11809.589999999927,11809.589999999927
2025-12-09 18:20:00,11809.589999999927,11809.589999999927
2025-12-09 19:20:00,11809.589999999927,11809.589999999927
2025-12-09 20:20:00,11809.589999999927,11809.589999999927
2025-12-09 21:20:00,11809.589999999927,11809.589999999927
2025-12-09 22:20:00,11809.589999999927,11809.589999999927
2025-12-09 23:20:00,11809.589999999927,11809.589999999927
2025-12-10 01:21:00,11809.589999999927,11809.589999999927
2025-12-10 02:21:00,11809.589999999927,11809.589999999927
2025-12-10 03:21:00,11809.589999999927,11809.589999999927
2025-12-10 04:21:00,11809.589999999927,11809.589999999927
2025-12-10 05:21:00,11809.589999999927,11809.589999999927
2025-12-10 06:21:00,11809.589999999927,11809.589999999927
2025-12-10 07:21:00,11809.589999999927,11809.589999999927
2025-12-10 08:21:00,11687.489999999927,11687.489999999927
2025-12-10 09:21:00,11687.489999999927,11687.489999999927
2025-12-10 10:21:00,11687.489999999927,11687.489999999927
2025-12-10 11:21:00,11687.489999999927,11687.489999999927
2025-12-10 12:21:00,11687.489999999927,11687.489999999927
2025-12-10 13:21:00,11687.489999999927,11687.489999999927
2025-12-10 14:21:00,11687.489999999927,11687.489999999927
2025-12-10 15:21:00,11687.489999999927,11687.489999999927
2025-12-10 16:21:00,11687.489999999927,11687.489999999927
2025-12-10 17:21:00,11687.489999999927,11687.489999999927
2025-12-10 18:21:00,11687.489999999927,11687.489999999927
2025-12-10 19:21:00,11687.489999999927,11687.489999999927
2025-12-10 20:21:00,11687.489999999927,11687.489999999927
2025-12-10 21:21:00,11687.489999999927,11687.489999999927
2025-12-10 22:21:00,11686.999999999927,11656.619999999926
2025-12-10 23:21:00,11695.309999999927,11735.509999999926
2025-12-11 01:22:00,11696.209999999926,11727.589999999924
2025-12-11 02:22:00,11695.049999999925,11665.529999999928
2025-12-11 03:22:00,11695.049999999925,11702.009999999924
2025-12-11 04:22:00,11709.289999999924,11742.889999999927
2025-12-11 05:22:00,11779.429999999924,11836.109999999926
2025-12-11 06:22:00,11779.429999999924,11841.209999999926
2025-12-11 07:22:00,11779.429999999924,11832.829999999925
2025-12-11 08:22:00,11849.569999999923,11843.889999999923
2025-12-11 09:22:00,11849.569999999923,11851.569999999923
2025-12-11 10:22:00,11849.569999999923,11864.289999999924
2025-12-11 11:22:00,11849.569999999923,11859.849999999926
2025-12-11 12:22:00,11861.939999999924,11876.129999999925
2025-12-11 13:22:00,11861.639999999927,11861.639999999927
2025-12-11 14:22:00,11861.639999999927,11861.639999999927
2025-12-11 15:22:00,11861.639999999927,11861.639999999927
2025-12-11 16:22:00,11861.639999999927,11861.639999999927
2025-12-11 17:22:00,11861.639999999927,11861.639999999927
2025-12-11 18:22:00,11861.639999999927,11861.639999999927
2025-12-11 19:22:00,11861.639999999927,11861.639999999927
2025-12-11 20:22:00,11861.639999999927,11861.639999999927
2025-12-11 21:22:00,11860.029999999926,11896.829999999936
2025-12-11 22:22:00,11881.969999999927,11881.969999999927
2025-12-11 23:22:00,11881.969999999927,11881.969999999927
2025-12-12 01:23:00,11881.969999999927,11881.969999999927
2025-12-12 02:23:00,11881.969999999927,11881.969999999927
2025-12-12 03:23:00,11881.969999999927,11881.969999999927
2025-12-12 04:23:00,11881.969999999927,11881.969999999927
2025-12-12 05:23:00,11881.969999999927,11881.969999999927
2025-12-12 06:23:00,11881.969999999927,11881.969999999927
2025-12-12 07:23:00,11881.969999999927,11881.969999999927
2025-12-12 08:23:00,11881.969999999927,11881.969999999927
2025-12-12 09:23:00,11881.969999999927,11881.969999999927
2025-12-12 10:23:00,11881.969999999927,11881.969999999927
2025-12-12 11:23:00,11881.969999999927,11881.969999999927
2025-12-12 12:23:00,11881.969999999927,11881.969999999927
2025-12-12 13:23:00,11881.969999999927,11881.969999999927
2025-12-12 14:23:00,11881.969999999927,11881.969999999927
2025-12-12 15:23:00,11881.969999999927,11881.969999999927
2025-12-12 16:23:00,11881.969999999927,11881.969999999927
2025-12-12 17:23:00,11881.969999999927,11881.969999999927
2025-12-12 18:23:00,11881.969999999927,11881.969999999927
2025-12-12 19:23:00,11881.969999999927,11881.969999999927
2025-12-12 20:23:00,11881.969999999927,11881.969999999927
2025-12-12 21:23:00,11881.969999999927,11881.969999999927
2025-12-12 22:23:00,11881.969999999927,11881.969999999927
2025-12-12 23:23:00,11881.969999999927,11881.969999999927
2025-12-15 01:24:00,11881.969999999927,11881.969999999927
2025-12-15 02:24:00,11881.969999999927,11881.969999999927
2025-12-15 03:24:00,11881.969999999927,11881.969999999927
2025-12-15 04:24:00,11881.969999999927,11881.969999999927
2025-12-15 05:24:00,11901.479999999927,11959.329999999913
2025-12-15 06:24:00,11900.179999999922,11900.179999999922
2025-12-15 07:24:00,11900.179999999922,11900.179999999922
2025-12-15 08:24:00,11900.179999999922,11900.179999999922
2025-12-15 09:24:00,11900.179999999922,11900.179999999922
2025-12-15 10:24:00,12057.03999999992,12157.059999999925
2025-12-15 11:24:00,12240.119999999915,12240.119999999915
2025-12-15 12:24:00,12240.119999999915,12240.119999999915
2025-12-15 13:24:00,12240.119999999915,12240.119999999915
2025-12-15 14:24:00,12240.119999999915,12240.119999999915
2025-12-15 15:24:00,12240.119999999915,12240.119999999915
2025-12-15 16:24:00,12240.119999999915,12240.119999999915
2025-12-15 17:24:00,12240.119999999915,12240.119999999915
2025-12-15 18:24:00,12240.119999999915,12240.119999999915
2025-12-15 19:24:00,12240.119999999915,12240.119999999915
2025-12-15 20:24:00,12240.119999999915,12240.119999999915
2025-12-15 21:24:00,12240.119999999915,12240.119999999915
2025-12-15 22:24:00,12240.119999999915,12240.119999999915
2025-12-15 23:24:00,12240.119999999915,12240.119999999915
2025-12-16 01:25:00,12240.119999999915,12240.119999999915
2025-12-16 02:25:00,12240.119999999915,12240.119999999915
2025-12-16 03:25:00,12240.119999999915,12240.119999999915
2025-12-16 04:25:00,12240.119999999915,12240.119999999915
2025-12-16 05:25:00,12240.119999999915,12240.119999999915
2025-12-16 06:25:00,12240.119999999915,12240.119999999915
2025-12-16 07:25:00,12240.119999999915,12240.119999999915
2025-12-16 08:25:00,12240.119999999915,12240.119999999915
2025-12-16 09:25:00,12240.119999999915,12240.119999999915
2025-12-16 10:25:00,12240.119999999915,12240.119999999915
2025-12-16 11:25:00,12240.119999999915,12240.119999999915
2025-12-16 12:25:00,12240.119999999915,12240.119999999915
2025-12-16 13:25:00,12240.119999999915,12240.119999999915
2025-12-16 14:25:00,12240.119999999915,12240.119999999915
2025-12-16 15:25:00,12239.279999999915,12160.439999999908
2025-12-16 16:25:00,12132.629999999921,12132.629999999921
2025-12-16 17:25:00,12132.629999999921,12132.629999999921
2025-12-16 18:25:00,12132.629999999921,12132.629999999921
2025-12-16 19:25:00,12132.629999999921,12132.629999999921
2025-12-16 20:25:00,12132.629999999921,12132.629999999921
2025-12-16 21:25:00,12132.629999999921,12132.629999999921
2025-12-16 22:25:00,12132.629999999921,12132.629999999921
2025-12-16 23:25:00,12132.629999999921,12132.629999999921
2025-12-17 01:26:00,12132.629999999921,12132.629999999921
2025-12-17 02:26:00,12132.629999999921,12132.629999999921
2025-12-17 03:26:00,12132.629999999921,12132.629999999921
2025-12-17 04:26:00,12132.629999999921,12132.629999999921
2025-12-17 05:26:00,12132.629999999921,12132.629999999921
2025-12-17 06:26:00,12132.629999999921,12132.629999999921
2025-12-17 07:26:00,12132.629999999921,12132.629999999921
2025-12-17 08:26:00,12132.629999999921,12132.629999999921
2025-12-17 09:26:00,12132.629999999921,12132.629999999921
2025-12-17 10:26:00,12132.629999999921,12132.629999999921
2025-12-17 11:26:00,12132.629999999921,12132.629999999921
2025-12-17 12:26:00,12132.629999999921,12132.629999999921
2025-12-17 13:26:00,12132.629999999921,12132.629999999921
2025-12-17 14:26:00,12132.629999999921,12132.629999999921
2025-12-17 15:26:00,12132.629999999921,12132.629999999921
2025-12-17 16:26:00,12132.629999999921,12132.629999999921
2025-12-17 17:26:00,12132.629999999921,12132.629999999921
2025-12-17 18:26:00,12132.629999999921,12132.629999999921
2025-12-17 19:26:00,12132.629999999921,12132.629999999921
2025-12-17 20:26:00,12132.629999999921,12132.629999999921
2025-12-17 21:26:00,12132.629999999921,12132.629999999921
2025-12-17 22:26:00,12132.629999999921,12132.629999999921
2025-12-17 23:26:00,12132.629999999921,12132.629999999921
2025-12-18 01:27:00,12132.629999999921,12132.629999999921
2025-12-18 02:27:00,12132.629999999921,12132.629999999921
2025-12-18 03:27:00,12132.629999999921,12132.629999999921
2025-12-18 04:27:00,12132.629999999921,12132.629999999921
2025-12-18 05:27:00,12132.629999999921,12132.629999999921
2025-12-18 06:27:00,12132.629999999921,12132.629999999921
2025-12-18 07:27:00,12132.629999999921,12132.629999999921
2025-12-18 08:27:00,12132.629999999921,12132.629999999921
2025-12-18 09:27:00,12132.629999999921,12132.629999999921
2025-12-18 10:27:00,12132.629999999921,12132.629999999921
2025-12-18 11:27:00,12132.629999999921,12132.629999999921
2025-12-18 12:27:00,12132.629999999921,12132.629999999921
2025-12-18 13:27:00,12132.629999999921,12132.629999999921
2025-12-18 14:27:00,12132.629999999921,12132.629999999921
2025-12-18 15:27:00,12132.629999999921,12132.629999999921
2025-12-18 16:27:00,12132.629999999921,12132.629999999921
2025-12-18 17:27:00,12144.459999999926,12144.459999999926
2025-12-18 18:27:00,12144.459999999926,12144.459999999926
2025-12-18 19:27:00,12144.459999999926,12144.459999999926
2025-12-18 20:27:00,12144.459999999926,12144.459999999926
2025-12-18 21:27:00,12144.459999999926,12144.459999999926
2025-12-18 22:27:00,12144.459999999926,12144.459999999926
2025-12-18 23:27:00,12144.459999999926,12144.459999999926
2025-12-19 01:28:00,12144.459999999926,12144.459999999926
2025-12-19 02:28:00,12144.459999999926,12144.459999999926
2025-12-19 03:28:00,12144.459999999926,12144.459999999926
2025-12-19 04:28:00,12144.459999999926,12144.459999999926
2025-12-19 05:28:00,12144.459999999926,12144.459999999926
2025-12-19 06:28:00,12144.459999999926,12144.459999999926
2025-12-19 07:28:00,12144.459999999926,12144.459999999926
2025-12-19 08:28:00,12144.459999999926,12144.459999999926
2025-12-19 09:28:00,12144.459999999926,12144.459999999926
2025-12-19 10:28:00,12144.459999999926,12144.459999999926
2025-12-19 11:28:00,12144.459999999926,12144.459999999926
2025-12-19 12:28:00,12144.459999999926,12144.459999999926
2025-12-19 13:28:00,12144.459999999926,12144.459999999926
2025-12-19 14:28:00,12144.459999999926,12144.459999999926
2025-12-19 15:28:00,12144.459999999926,12144.459999999926
2025-12-19 16:28:00,12144.459999999926,12144.459999999926
2025-12-19 17:28:00,12143.899999999927,12172.459999999925
2025-12-19 18:28:00,12143.899999999927,12105.899999999927
2025-12-19 19:28:00,12143.899999999927,12061.979999999929
2025-12-19 20:28:00,12027.739999999923,12027.739999999923
2025-12-19 21:28:00,12027.739999999923,12027.739999999923
2025-12-19 22:28:00,12027.739999999923,12027.739999999923
2025-12-19 23:28:00,12027.739999999923,12027.739999999923
2025-12-22 01:29:00,12027.739999999923,12027.739999999923
2025-12-22 02:29:00,12027.739999999923,12027.739999999923
2025-12-22 03:29:00,12027.739999999923,12027.739999999923
2025-12-22 04:29:00,12027.739999999923,12027.739999999923
2025-12-22 05:29:00,12027.739999999923,12027.739999999923
2025-12-22 06:29:00,12027.739999999923,12027.739999999923
2025-12-22 07:29:00,12027.739999999923,12027.739999999923
2025-12-22 08:29:00,12027.739999999923,12027.739999999923
2025-12-22 09:29:00,12027.739999999923,12027.739999999923
2025-12-22 10:29:00,12027.739999999923,12027.739999999923
2025-12-22 11:29:00,12027.739999999923,12027.739999999923
2025-12-22 12:29:00,12027.739999999923,12027.739999999923
2025-12-22 13:29:00,12027.739999999923,12027.739999999923
2025-12-22 14:29:00,12027.739999999923,12027.739999999923
2025-12-22 15:29:00,12027.739999999923,12027.739999999923
2025-12-22 16:29:00,12027.739999999923,12027.739999999923
2025-12-22 17:29:00,12027.739999999923,12027.739999999923
2025-12-22 18:29:00,12027.739999999923,12027.739999999923
2025-12-22 19:29:00,12027.739999999923,12027.739999999923
2025-12-22 20:29:00,12027.739999999923,12027.739999999923
2025-12-22 21:29:00,12027.739999999923,12027.739999999923
2025-12-22 22:29:00,12027.739999999923,12027.739999999923
2025-12-22 23:29:00,12027.739999999923,12027.739999999923
2025-12-23 01:30:00,12027.739999999923,12027.739999999923
2025-12-23 02:30:00,12027.739999999923,12027.739999999923
2025-12-23 03:30:00,12027.739999999923,12027.739999999923
2025-12-23 04:30:00,12027.739999999923,12027.739999999923
2025-12-23 05:30:00,12027.739999999923,12027.739999999923
2025-12-23 06:30:00,12027.739999999923,12027.739999999923
2025-12-23 07:30:00,12027.739999999923,12027.739999999923
2025-12-23 08:30:00,12027.739999999923,12027.739999999923
2025-12-23 09:30:00,12027.739999999923,12027.739999999923
2025-12-23 10:30:00,12027.739999999923,12027.739999999923
2025-12-23 11:30:00,12027.739999999923,12027.739999999923
2025-12-23 12:30:00,12027.739999999923,12027.739999999923
2025-12-23 13:30:00,12027.739999999923,12027.739999999923
2025-12-23 14:30:00,12027.739999999923,12027.739999999923
2025-12-23 15:30:00,12027.739999999923,12027.739999999923
2025-12-23 16:30:00,12027.739999999923,12027.739999999923
2025-12-23 17:30:00,12027.739999999923,12027.739999999923
2025-12-23 18:30:00,12027.739999999923,12027.739999999923
2025-12-23 19:30:00,12027.739999999923,12027.739999999923
2025-12-23 20:30:00,12027.739999999923,12027.739999999923
2025-12-23 21:30:00,12027.739999999923,12027.739999999923
2025-12-23 22:30:00,12027.739999999923,12027.739999999923
2025-12-23 23:30:00,12027.739999999923,12027.739999999923
2025-12-24 01:31:00,12091.439999999926,12141.339999999927
2025-12-24 02:31:00,12164.439999999928,12164.439999999928
2025-12-24 03:31:00,12164.439999999928,12164.439999999928
2025-12-24 04:31:00,12164.439999999928,12164.439999999928
2025-12-24 05:31:00,12164.439999999928,12164.439999999928
2025-12-24 06:31:00,12164.439999999928,12164.439999999928
2025-12-24 07:31:00,12164.439999999928,12164.439999999928
2025-12-24 08:31:00,12164.439999999928,12164.439999999928
2025-12-24 09:31:00,12164.439999999928,12164.439999999928
2025-12-24 10:31:00,12164.439999999928,12164.439999999928
2025-12-24 11:31:00,12164.439999999928,12164.439999999928
2025-12-24 12:31:00,12164.439999999928,12164.439999999928
2025-12-24 13:31:00,12164.439999999928,12164.439999999928
2025-12-24 14:31:00,12164.439999999928,12164.439999999928
2025-12-24 15:31:00,12164.439999999928,12164.439999999928
2025-12-24 16:31:00,12164.439999999928,12164.439999999928
2025-12-24 17:31:00,12164.439999999928,12164.439999999928
2025-12-24 18:31:00,12164.439999999928,12164.439999999928
2025-12-24 19:31:00,12164.439999999928,12164.439999999928
2025-12-24 20:31:00,12164.439999999928,12164.439999999928
2025-12-26 01:45:00,12164.439999999928,12164.439999999928
2025-12-26 02:45:00,12164.439999999928,12164.439999999928
2025-12-26 03:45:00,12164.439999999928,12164.439999999928
2025-12-26 04:45:00,12164.439999999928,12164.439999999928
2025-12-26 05:45:00,12164.439999999928,12164.439999999928
2025-12-26 06:45:00,12164.439999999928,12164.439999999928
2025-12-26 07:45:00,12164.439999999928,12164.439999999928
2025-12-26 08:45:00,12164.439999999928,12164.439999999928
2025-12-26 09:45:00,12164.439999999928,12164.439999999928
2025-12-26 10:45:00,12164.439999999928,12164.439999999928
2025-12-26 11:45:00,12164.439999999928,12164.439999999928
2025-12-26 12:45:00,12164.439999999928,12164.439999999928
2025-12-26 13:45:00,12164.439999999928,12164.439999999928
2025-12-26 14:45:00,12164.439999999928,12164.439999999928
2025-12-26 15:45:00,12164.439999999928,12164.439999999928
2025-12-26 16:45:00,12164.439999999928,12164.439999999928
2025-12-26 17:45:00,12164.439999999928,12164.439999999928
2025-12-26 18:45:00,12164.439999999928,12164.439999999928
2025-12-26 19:45:00,12164.439999999928,12164.439999999928
2025-12-26 20:45:00,12164.439999999928,12164.439999999928
2025-12-26 21:45:00,12164.439999999928,12164.439999999928
2025-12-26 22:45:00,12164.439999999928,12164.439999999928
2025-12-26 23:45:00,12164.439999999928,12164.439999999928
2025-12-29 01:46:00,12164.439999999928,12164.439999999928
2025-12-29 02:46:00,12164.439999999928,12164.439999999928
2025-12-29 03:46:00,12164.439999999928,12164.439999999928
2025-12-29 04:46:00,12164.439999999928,12164.439999999928
2025-12-29 05:46:00,12164.439999999928,12164.439999999928
2025-12-29 06:46:00,12164.439999999928,12164.439999999928
2025-12-29 07:46:00,12164.439999999928,12164.439999999928
2025-12-29 08:46:00,12164.439999999928,12164.439999999928
2025-12-29 09:46:00,12164.439999999928,12164.439999999928
2025-12-29 10:46:00,12164.439999999928,12164.439999999928
2025-12-29 11:46:00,12164.439999999928,12164.439999999928
2025-12-29 12:46:00,12164.439999999928,12164.439999999928
2025-12-29 13:46:00,12164.439999999928,12164.439999999928
2025-12-29 14:46:00,12164.439999999928,12164.439999999928
2025-12-29 15:46:00,12164.439999999928,12164.439999999928
2025-12-29 16:46:00,12164.439999999928,12164.439999999928
2025-12-29 17:46:00,12164.439999999928,12164.439999999928
2025-12-29 18:46:00,12164.439999999928,12164.439999999928
2025-12-29 19:46:00,12290.41999999993,12431.479999999927
2025-12-29 20:46:00,12290.41999999993,12375.759999999933
2025-12-29 21:46:00,12290.41999999993,12362.24999999993
2025-12-29 22:46:00,12290.019999999928,12326.499999999927
2025-12-29 23:46:00,12290.019999999928,12332.739999999927
2025-12-30 01:47:00,12290.169999999927,12290.169999999927
2025-12-30 02:47:00,12290.169999999927,12290.169999999927
2025-12-30 03:47:00,12290.169999999927,12290.169999999927
2025-12-30 04:47:00,12290.169999999927,12290.169999999927
2025-12-30 05:47:00,12290.169999999927,12290.169999999927
2025-12-30 06:47:00,12290.169999999927,12290.169999999927
2025-12-30 07:47:00,12290.169999999927,12290.169999999927
2025-12-30 08:47:00,12290.169999999927,12290.169999999927
2025-12-30 09:47:00,12290.169999999927,12290.169999999927
2025-12-30 10:47:00,12290.169999999927,12290.169999999927
2025-12-30 11:47:00,12290.169999999927,12290.169999999927
2025-12-30 12:47:00,12298.159999999927,12348.499999999929
2025-12-30 13:47:00,12297.559999999932,12297.559999999932
2025-12-30 14:47:00,12297.559999999932,12297.559999999932
2025-12-30 15:47:00,12297.559999999932,12297.559999999932
2025-12-30 16:47:00,12297.559999999932,12297.559999999932
2025-12-30 17:47:00,12297.559999999932,12297.559999999932
2025-12-30 18:47:00,12297.559999999932,12297.559999999932
2025-12-30 19:47:00,12297.559999999932,12297.559999999932
2025-12-30 20:47:00,12297.559999999932,12297.559999999932
2025-12-30 21:47:00,12297.559999999932,12297.559999999932
2025-12-30 22:47:00,12297.559999999932,12297.559999999932
2025-12-30 23:47:00,12297.559999999932,12297.559999999932
2025-12-31 01:48:00,12297.559999999932,12297.559999999932
2025-12-31 02:48:00,12297.559999999932,12297.559999999932
2025-12-31 03:48:00,12297.559999999932,12297.559999999932
2025-12-31 04:48:00,12297.559999999932,12297.559999999932
2025-12-31 05:48:00,12297.559999999932,12297.559999999932
2025-12-31 06:48:00,12297.559999999932,12297.559999999932
2025-12-31 07:48:00,12297.559999999932,12297.559999999932
2025-12-31 08:48:00,12297.559999999932,12297.559999999932
2025-12-31 09:48:00,12297.559999999932,12297.559999999932
2025-12-31 10:48:00,12297.559999999932,12297.559999999932
2025-12-31 11:48:00,12297.559999999932,12297.559999999932
2025-12-31 12:48:00,12297.559999999932,12297.559999999932
2025-12-31 13:48:00,12309.879999999926,12309.879999999926
2025-12-31 14:48:00,12309.879999999926,12309.879999999926
2025-12-31 15:48:00,12309.879999999926,12309.879999999926
2025-12-31 16:48:00,12309.879999999926,12309.879999999926
2025-12-31 17:48:00,12309.879999999926,12309.879999999926
2025-12-31 18:48:00,12322.959999999921,12322.959999999921
2025-12-31 19:48:00,12322.959999999921,12322.959999999921
2025-12-31 20:48:00,12322.959999999921,12322.959999999921
2025-12-31 21:48:00,12322.959999999921,12322.959999999921
2025-12-31 22:48:00,12322.959999999921,12322.959999999921
2025-12-31 23:48:00,12322.959999999921,12322.959999999921
2026-01-02 01:49:00,12322.959999999921,12322.959999999921
2026-01-02 02:49:00,12322.959999999921,12322.959999999921
2026-01-02 03:49:00,12322.959999999921,12322.959999999921
2026-01-02 04:49:00,12322.959999999921,12322.959999999921
2026-01-02 05:49:00,12322.959999999921,12322.959999999921
2026-01-02 06:49:00,12322.959999999921,12322.959999999921
2026-01-02 07:49:00,12322.959999999921,12322.959999999921
2026-01-02 08:49:00,12322.959999999921,12322.959999999921
2026-01-02 09:49:00,12322.959999999921,12322.959999999921
2026-01-02 10:49:00,12322.959999999921,12322.959999999921
2026-01-02 11:49:00,12322.959999999921,12322.959999999921
2026-01-02 12:49:00,12322.959999999921,12322.959999999921
2026-01-02 13:49:00,12322.959999999921,12322.959999999921
2026-01-02 14:49:00,12322.959999999921,12322.959999999921
2026-01-02 15:49:00,12322.959999999921,12322.959999999921
2026-01-02 16:49:00,12441.589999999907,12441.589999999907
2026-01-02 17:49:00,12441.589999999907,12441.589999999907
2026-01-02 18:49:00,12202.139999999905,12202.139999999905
2026-01-02 19:49:00,12202.139999999905,12202.139999999905
2026-01-02 20:49:00,12202.139999999905,12202.139999999905
2026-01-02 21:49:00,12202.139999999905,12202.139999999905
2026-01-02 22:49:00,12202.139999999905,12202.139999999905
2026-01-02 23:49:00,12202.139999999905,12202.139999999905
2026-01-05 01:50:00,12202.139999999905,12202.139999999905
2026-01-05 02:50:00,12202.139999999905,12202.139999999905
2026-01-05 03:50:00,12202.139999999905,12202.139999999905
2026-01-05 04:50:00,12202.139999999905,12202.139999999905
2026-01-05 05:50:00,12202.139999999905,12202.139999999905
2026-01-05 06:50:00,12202.139999999905,12202.139999999905
2026-01-05 07:50:00,12202.139999999905,12202.139999999905
2026-01-05 08:50:00,12201.439999999904,12224.039999999906
2026-01-05 09:50:00,12201.439999999904,12207.53999999991
2026-01-05 10:50:00,12200.949999999904,12066.659999999913
2026-01-05 11:50:00,12200.949999999904,12024.329999999902
2026-01-05 12:50:00,12200.949999999904,11994.409999999913
2026-01-05 13:50:00,12224.589999999904,12204.689999999906
2026-01-05 14:50:00,12272.209999999905,12482.129999999903
2026-01-05 15:50:00,12320.169999999904,12419.649999999896
2026-01-05 16:50:00,12319.169999999904,12319.169999999904
2026-01-05 17:50:00,12319.169999999904,12319.169999999904
2026-01-05 18:50:00,12319.169999999904,12319.169999999904
2026-01-05 19:50:00,12319.169999999904,12319.169999999904
2026-01-05 20:50:00,12319.169999999904,12319.169999999904
2026-01-05 21:50:00,12319.169999999904,12319.169999999904
2026-01-05 22:50:00,12319.169999999904,12319.169999999904
2026-01-05 23:50:00,12319.169999999904,12319.169999999904
2026-01-06 01:51:00,12319.169999999904,12319.169999999904
2026-01-06 02:51:00,12319.169999999904,12319.169999999904
2026-01-06 03:51:00,12319.169999999904,12319.169999999904
2026-01-06 04:51:00,12319.169999999904,12319.169999999904
2026-01-06 05:51:00,12319.169999999904,12319.169999999904
2026-01-06 06:51:00,12319.169999999904,12319.169999999904
2026-01-06 07:51:00,12319.169999999904,12319.169999999904
2026-01-06 08:51:00,12319.169999999904,12319.169999999904
2026-01-06 09:51:00,12319.169999999904,12319.169999999904
2026-01-06 10:51:00,12319.169999999904,12319.169999999904
2026-01-06 11:51:00,12319.169999999904,12319.169999999904
2026-01-06 12:51:00,12319.169999999904,12319.169999999904
2026-01-06 13:51:00,12319.169999999904,12319.169999999904
2026-01-06 14:51:00,12319.169999999904,12319.169999999904
2026-01-06 15:51:00,12319.169999999904,12319.169999999904
2026-01-06 16:51:00,12319.169999999904,12319.169999999904
2026-01-06 17:51:00,12195.309999999914,12195.309999999914
2026-01-06 18:51:00,12195.309999999914,12195.309999999914
2026-01-06 19:51:00,12195.309999999914,12195.309999999914
2026-01-06 20:51:00,12195.309999999914,12195.309999999914
2026-01-06 21:51:00,12195.309999999914,12195.309999999914
2026-01-06 22:51:00,12195.309999999914,12195.309999999914
2026-01-06 23:51:00,12195.309999999914,12195.309999999914
2026-01-07 01:52:00,12195.309999999914,12195.309999999914
2026-01-07 02:52:00,12195.309999999914,12195.309999999914
2026-01-07 03:52:00,12195.309999999914,12195.309999999914
2026-01-07 04:52:00,12195.309999999914,12195.309999999914
2026-01-07 05:52:00,12195.309999999914,12195.309999999914
2026-01-07 06:52:00,12195.309999999914,12195.309999999914
2026-01-07 07:52:00,12195.309999999914,12195.309999999914
2026-01-07 08:52:00,12195.309999999914,12195.309999999914
2026-01-07 09:52:00,12195.309999999914,12195.309999999914
2026-01-07 10:52:00,12195.309999999914,12195.309999999914
2026-01-07 11:52:00,12195.309999999914,12195.309999999914
2026-01-07 12:52:00,12195.309999999914,12195.309999999914
2026-01-07 13:52:00,12195.309999999914,12195.309999999914
2026-01-07 14:52:00,12195.309999999914,12195.309999999914
2026-01-07 15:52:00,12195.309999999914,12195.309999999914
2026-01-07 16:52:00,12195.309999999914,12195.309999999914
2026-01-07 17:52:00,12195.309999999914,12195.309999999914
2026-01-07 18:52:00,12195.309999999914,12195.309999999914
2026-01-07 19:52:00,12195.309999999914,12195.309999999914
2026-01-07 20:52:00,12195.309999999914,12195.309999999914
2026-01-07 21:52:00,12195.309999999914,12195.309999999914
2026-01-07 22:52:00,12195.309999999914,12195.309999999914
2026-01-07 23:52:00,12195.309999999914,12195.309999999914
2026-01-08 01:53:00,12195.309999999914,12195.309999999914
2026-01-08 02:53:00,12195.309999999914,12195.309999999914
2026-01-08 03:53:00,12195.309999999914,12195.309999999914
2026-01-08 04:53:00,12195.309999999914,12195.309999999914
2026-01-08 05:53:00,12195.309999999914,12195.309999999914
2026-01-08 06:53:00,12195.309999999914,12195.309999999914
2026-01-08 07:53:00,12194.889999999914,12189.369999999913
2026-01-08 08:53:00,12204.769999999913,12276.319999999916
2026-01-08 09:53:00,12224.529999999913,12273.129999999912
2026-01-08 10:53:00,12224.529999999913,12259.129999999912
2026-01-08 11:53:00,12224.529999999913,12270.769999999915
2026-01-08 12:53:00,12224.529999999913,12271.009999999913
2026-01-08 13:53:00,12224.529999999913,12243.609999999911
2026-01-08 14:53:00,12224.129999999912,12224.129999999912
2026-01-08 15:53:00,12224.129999999912,12224.129999999912
2026-01-08 16:53:00,12224.129999999912,12224.129999999912
2026-01-08 17:53:00,12224.129999999912,12224.129999999912
2026-01-08 18:53:00,12224.129999999912,12224.129999999912
2026-01-08 19:53:00,12224.129999999912,12224.129999999912
2026-01-08 20:53:00,12224.129999999912,12224.129999999912
2026-01-08 21:53:00,12224.129999999912,12224.129999999912
2026-01-08 22:53:00,12224.129999999912,12224.129999999912
2026-01-08 23:53:00,12224.129999999912,12224.129999999912
2026-01-09 01:54:00,12224.129999999912,12224.129999999912
2026-01-09 02:54:00,12224.129999999912,12224.129999999912
2026-01-09 03:54:00,12224.129999999912,12224.129999999912
2026-01-09 04:54:00,12224.129999999912,12224.129999999912
2026-01-09 05:54:00,12224.129999999912,12224.129999999912
2026-01-09 06:54:00,12224.129999999912,12224.129999999912
2026-01-09 07:54:00,12224.129999999912,12224.129999999912
2026-01-09 08:54:00,12224.129999999912,12224.129999999912
2026-01-09 09:54:00,12224.129999999912,12224.129999999912
2026-01-09 10:54:00,12224.129999999912,12224.129999999912
2026-01-09 11:54:00,12224.129999999912,12224.129999999912
2026-01-09 12:54:00,12224.129999999912,12224.129999999912
2026-01-09 13:54:00,12224.129999999912,12224.129999999912
2026-01-09 14:54:00,12224.129999999912,12224.129999999912
2026-01-09 15:54:00,12234.709999999905,12234.709999999905
2026-01-09 16:54:00,12234.709999999905,12234.709999999905
2026-01-09 17:54:00,12234.709999999905,12234.709999999905
2026-01-09 18:54:00,12234.709999999905,12234.709999999905
2026-01-09 19:54:00,12233.729999999905,12224.489999999907
2026-01-09 20:54:00,12307.439999999904,12351.139999999903
2026-01-09 21:54:00,12307.439999999904,12371.039999999906
2026-01-09 22:54:00,12409.789999999906,12409.789999999906
2026-01-09 23:54:00,12409.789999999906,12409.789999999906
2026-01-12 01:55:00,12409.789999999906,12409.789999999906
2026-01-12 02:55:00,12409.789999999906,12409.789999999906
2026-01-12 03:55:00,12409.789999999906,12409.789999999906
2026-01-12 04:55:00,12409.789999999906,12409.789999999906
2026-01-12 05:55:00,12409.789999999906,12409.789999999906
2026-01-12 06:55:00,12409.789999999906,12409.789999999906
2026-01-12 07:55:00,12409.789999999906,12409.789999999906
2026-01-12 08:55:00,12409.789999999906,12409.789999999906
2026-01-12 09:55:00,12409.789999999906,12409.789999999906
2026-01-12 10:55:00,12409.789999999906,12409.789999999906
2026-01-12 11:55:00,12409.789999999906,12409.789999999906
2026-01-12 12:55:00,12409.789999999906,12409.789999999906
2026-01-12 13:55:00,12409.789999999906,12409.789999999906
2026-01-12 14:55:00,12409.789999999906,12409.789999999906
2026-01-12 15:55:00,12409.789999999906,12409.789999999906
2026-01-12 16:55:00,12421.429999999918,12421.429999999918
2026-01-12 17:55:00,12421.429999999918,12421.429999999918
2026-01-12 18:55:00,12421.429999999918,12421.429999999918
2026-01-12 19:55:00,12431.739999999925,12431.739999999925
2026-01-12 20:55:00,12431.739999999925,12431.739999999925
2026-01-12 21:55:00,12431.739999999925,12431.739999999925
2026-01-12 22:55:00,12431.739999999925,12431.739999999925
2026-01-12 23:55:00,12431.739999999925,12431.739999999925
2026-01-13 01:56:00,12431.739999999925,12431.739999999925
2026-01-13 02:56:00,12463.249999999922,12508.469999999921
2026-01-13 03:56:00,12495.52999999992,12574.579999999918
2026-01-13 04:56:00,12495.52999999992,12513.479999999921
2026-01-13 05:56:00,12495.029999999919,12495.029999999919
2026-01-13 06:56:00,12495.029999999919,12495.029999999919
2026-01-13 07:56:00,12495.029999999919,12495.029999999919
2026-01-13 08:56:00,12495.029999999919,12495.029999999919
2026-01-13 09:56:00,12495.029999999919,12495.029999999919
2026-01-13 10:56:00,12495.029999999919,12495.029999999919
2026-01-13 11:56:00,12495.029999999919,12495.029999999919
2026-01-13 12:56:00,12495.029999999919,12495.029999999919
2026-01-13 13:56:00,12495.029999999919,12495.029999999919
2026-01-13 14:56:00,12495.029999999919,12495.029999999919
2026-01-13 15:56:00,12495.029999999919,12495.029999999919
2026-01-13 16:56:00,12495.029999999919,12495.029999999919
2026-01-13 17:56:00,12495.029999999919,12495.029999999919
2026-01-13 18:56:00,12495.029999999919,12495.029999999919
2026-01-13 19:56:00,12495.029999999919,12495.029999999919
2026-01-13 20:56:00,12495.029999999919,12495.029999999919
2026-01-13 21:56:00,12495.029999999919,12495.029999999919
2026-01-13 22:56:00,12495.029999999919,12495.029999999919
2026-01-13 23:56:00,12495.029999999919,12495.029999999919
2026-01-14 01:57:00,12495.029999999919,12495.029999999919
2026-01-14 02:57:00,12495.029999999919,12495.029999999919
2026-01-14 03:57:00,12495.029999999919,12495.029999999919
2026-01-14 04:57:00,12495.029999999919,12495.029999999919
2026-01-14 05:57:00,12495.029999999919,12495.029999999919
2026-01-14 06:57:00,12495.029999999919,12495.029999999919
2026-01-14 07:57:00,12493.55999999992,12449.03999999992
2026-01-14 08:57:00,12506.209999999915,12506.209999999915
2026-01-14 09:57:00,12506.209999999915,12506.209999999915
2026-01-14 10:57:00,12506.209999999915,12506.209999999915
2026-01-14 11:57:00,12506.209999999915,12506.209999999915
2026-01-14 12:57:00,12504.319999999916,12561.289999999932
2026-01-14 13:57:00,12516.019999999928,12516.019999999928
2026-01-14 14:57:00,12516.019999999928,12516.019999999928
2026-01-14 15:57:00,12516.019999999928,12516.019999999928
2026-01-14 16:57:00,12516.019999999928,12516.019999999928
2026-01-14 17:57:00,12516.019999999928,12516.019999999928
2026-01-14 18:57:00,12516.019999999928,12516.019999999928
2026-01-14 19:57:00,12516.019999999928,12516.019999999928
2026-01-14 20:57:00,12516.019999999928,12516.019999999928
2026-01-14 21:57:00,12516.019999999928,12516.019999999928
2026-01-14 22:57:00,12516.019999999928,12516.019999999928
2026-01-14 23:57:00,12516.019999999928,12516.019999999928
2026-01-15 01:58:00,12388.519999999924,12388.519999999924
2026-01-15 02:58:00,12388.519999999924,12388.519999999924
2026-01-15 03:58:00,12388.519999999924,12388.519999999924
2026-01-15 04:58:00,12388.519999999924,12388.519999999924
2026-01-15 05:58:00,12388.519999999924,12388.519999999924
2026-01-15 06:58:00,12388.519999999924,12388.519999999924
2026-01-15 07:58:00,12388.519999999924,12388.519999999924
2026-01-15 08:58:00,12388.519999999924,12388.519999999924
2026-01-15 09:58:00,12388.519999999924,12388.519999999924
2026-01-15 10:58:00,12388.519999999924,12388.519999999924
2026-01-15 11:58:00,12388.519999999924,12388.519999999924
2026-01-15 12:58:00,12388.519999999924,12388.519999999924
2026-01-15 13:58:00,12388.519999999924,12388.519999999924
2026-01-15 14:58:00,12388.519999999924,12388.519999999924
2026-01-15 15:58:00,12388.519999999924,12388.519999999924
2026-01-15 16:58:00,12388.519999999924,12388.519999999924
2026-01-15 17:58:00,12388.519999999924,12388.519999999924
2026-01-15 18:58:00,12388.519999999924,12388.519999999924
2026-01-15 19:58:00,12388.519999999924,12388.519999999924
2026-01-15 20:58:00,12388.519999999924,12388.519999999924
2026-01-15 21:58:00,12388.519999999924,12388.519999999924
2026-01-15 22:58:00,12388.519999999924,12388.519999999924
2026-01-15 23:58:00,12388.519999999924,12388.519999999924
2026-01-16 01:59:00,12388.519999999924,12388.519999999924
2026-01-16 02:59:00,12388.519999999924,12388.519999999924
2026-01-16 03:59:00,12388.519999999924,12388.519999999924
2026-01-16 04:59:00,12388.519999999924,12388.519999999924
2026-01-16 05:59:00,12388.519999999924,12388.519999999924
2026-01-16 06:59:00,12388.519999999924,12388.519999999924
2026-01-16 07:59:00,12388.519999999924,12388.519999999924
2026-01-16 08:59:00,12388.519999999924,12388.519999999924
2026-01-16 09:59:00,12388.519999999924,12388.519999999924
2026-01-16 10:59:00,12388.519999999924,12388.519999999924
2026-01-16 11:59:00,12388.519999999924,12388.519999999924
2026-01-16 12:59:00,12388.519999999924,12388.519999999924
2026-01-16 13:59:00,12388.519999999924,12388.519999999924
2026-01-16 14:59:00,12388.519999999924,12388.519999999924
2026-01-16 15:59:00,12388.519999999924,12388.519999999924
2026-01-16 16:59:00,12388.519999999924,12388.519999999924
2026-01-16 17:59:00,12388.519999999924,12388.519999999924
2026-01-16 18:59:00,12388.519999999924,12388.519999999924
2026-01-16 19:59:00,12388.519999999924,12388.519999999924
2026-01-16 20:59:00,12388.519999999924,12388.519999999924
2026-01-16 21:59:00,12388.519999999924,12388.519999999924
2026-01-16 22:59:00,12388.519999999924,12388.519999999924
2026-01-19 01:00:00,12388.519999999924,12388.519999999924
2026-01-19 02:00:00,12388.519999999924,12388.519999999924
2026-01-19 03:00:00,12388.519999999924,12388.519999999924
2026-01-19 04:00:00,12388.519999999924,12388.519999999924
2026-01-19 05:00:00,12388.239999999925,12435.239999999925
2026-01-19 06:00:00,12388.239999999925,12407.719999999925
2026-01-19 07:00:00,12388.239999999925,12431.759999999926
2026-01-19 08:00:00,12388.239999999925,12453.319999999923
2026-01-19 09:00:00,12388.239999999925,12474.759999999926
2026-01-19 10:00:00,12388.239999999925,12441.799999999923
2026-01-19 11:00:00,12388.239999999925,12426.199999999924
2026-01-19 12:00:00,12388.239999999925,12447.359999999924
2026-01-19 13:00:00,12388.239999999925,12429.639999999923
2026-01-19 14:00:00,12388.239999999925,12422.399999999925
2026-01-19 15:00:00,12388.239999999925,12464.719999999925
2026-01-19 16:00:00,12388.239999999925,12442.279999999926
2026-01-19 17:00:00,12388.239999999925,12445.199999999924
2026-01-19 18:00:00,12388.239999999925,12474.919999999925
2026-01-19 19:00:00,12388.239999999925,12464.639999999923
2026-01-19 20:00:00,12388.239999999925,12475.839999999924
2026-01-19 21:00:00,12388.239999999925,12476.759999999926
2026-01-20 01:06:00,12386.239999999925,12447.359999999924
2026-01-20 02:06:00,12386.239999999925,12435.759999999926
2026-01-20 03:06:00,12386.239999999925,12451.879999999925
2026-01-20 04:06:00,12386.239999999925,12455.399999999925
2026-01-20 05:06:00,12386.239999999925,12440.919999999925
2026-01-20 06:06:00,12386.239999999925,12498.839999999924
2026-01-20 07:06:00,12386.239999999925,12574.479999999923
2026-01-20 08:06:00,12499.479999999923,12625.819999999923
2026-01-20 09:06:00,12499.479999999923,12619.519999999922
2026-01-20 10:06:00,12499.479999999923,12631.439999999922
2026-01-20 11:06:00,12499.479999999923,12654.579999999924
2026-01-20 12:06:00,12499.479999999923,12656.239999999923
2026-01-20 13:06:00,12498.149999999923,12525.10999999992
2026-01-20 14:06:00,12369.709999999935,12527.629999999936
2026-01-20 15:06:00,12369.709999999935,12512.769999999935
2026-01-20 16:06:00,12369.709999999935,12532.789999999935
2026-01-20 17:06:00,12369.709999999935,12551.209999999935
2026-01-20 18:06:00,12381.23999999993,12539.13999999993
2026-01-20 19:06:00,12381.23999999993,12572.35999999993
2026-01-20 20:06:00,12381.23999999993,12597.85999999993
2026-01-20 21:06:00,12381.23999999993,12592.87999999993
2026-01-20 22:06:00,12381.23999999993,12587.43999999993
2026-01-20 23:06:00,12381.23999999993,12593.49999999993
2026-01-21 01:07:00,12378.23999999993,12594.35999999993
2026-01-21 02:07:00,12378.23999999993,12620.47999999993
2026-01-21 03:07:00,12661.339999999931,12661.339999999931
2026-01-21 04:07:00,12661.339999999931,12661.339999999931
2026-01-21 05:07:00,12661.339999999931,12661.339999999931
2026-01-21 06:07:00,12661.339999999931,12661.339999999931
2026-01-21 07:07:00,12661.339999999931,12661.339999999931
2026-01-21 08:07:00,12661.339999999931,12661.339999999931
2026-01-21 09:07:00,12534.61999999993,12534.61999999993
2026-01-21 10:07:00,12534.61999999993,12534.61999999993
2026-01-21 11:07:00,12534.61999999993,12534.61999999993
2026-01-21 12:07:00,12534.61999999993,12534.61999999993
2026-01-21 13:07:00,12534.61999999993,12534.61999999993
2026-01-21 14:07:00,12534.61999999993,12534.61999999993
2026-01-21 15:07:00,12534.61999999993,12534.61999999993
2026-01-21 16:07:00,12534.61999999993,12534.61999999993
2026-01-21 17:07:00,12534.61999999993,12534.61999999993
2026-01-21 18:07:00,12619.979999999927,12773.019999999928
2026-01-21 19:07:00,12619.979999999927,12672.059999999925
2026-01-21 20:07:00,12659.21999999993,12764.61999999993
2026-01-21 21:07:00,12860.60999999993,12860.60999999993
2026-01-21 22:07:00,12860.60999999993,12860.60999999993
2026-01-21 23:07:00,12860.60999999993,12860.60999999993
2026-01-22 01:08:00,12860.60999999993,12860.60999999993
2026-01-22 02:08:00,12860.60999999993,12860.60999999993
2026-01-22 03:08:00,12860.60999999993,12860.60999999993
2026-01-22 04:08:00,12860.60999999993,12860.60999999993
2026-01-22 05:08:00,12860.60999999993,12860.60999999993
2026-01-22 06:08:00,12860.60999999993,12860.60999999993
2026-01-22 07:08:00,12860.60999999993,12860.60999999993
2026-01-22 08:08:00,12860.11999999993,12834.219999999925
2026-01-22 09:08:00,12860.11999999993,12762.469999999925
2026-01-22 10:08:00,12733.55999999993,12733.55999999993
2026-01-22 11:08:00,12733.55999999993,12733.55999999993
2026-01-22 12:08:00,12805.64999999993,12918.899999999932
2026-01-22 13:08:00,12908.54999999993,13080.10999999993
2026-01-22 14:08:00,12985.06999999993,13064.989999999932
2026-01-22 15:08:00,13073.149999999932,13162.06999999992
2026-01-22 16:08:00,13208.989999999925,13208.989999999925
2026-01-22 17:08:00,13208.989999999925,13208.989999999925
2026-01-22 18:08:00,13208.989999999925,13208.989999999925
2026-01-22 19:08:00,13208.989999999925,13208.989999999925
2026-01-22 20:08:00,13208.989999999925,13208.989999999925
2026-01-22 21:08:00,13208.989999999925,13208.989999999925
2026-01-22 22:08:00,13208.989999999925,13208.989999999925
2026-01-22 23:08:00,13223.629999999923,13288.549999999921
2026-01-23 01:09:00,13381.229999999921,13381.229999999921
2026-01-23 02:09:00,13381.229999999921,13381.229999999921
2026-01-23 03:09:00,13380.319999999921,13396.049999999921
2026-01-23 04:09:00,13393.839999999927,13393.839999999927
2026-01-23 05:09:00,13393.839999999927,13393.839999999927
2026-01-23 06:09:00,13393.839999999927,13393.839999999927
2026-01-23 07:09:00,13393.839999999927,13393.839999999927
2026-01-23 08:09:00,13393.839999999927,13393.839999999927
2026-01-23 09:09:00,13393.839999999927,13393.839999999927
2026-01-23 10:09:00,13393.839999999927,13393.839999999927
2026-01-23 11:09:00,13393.839999999927,13393.839999999927
2026-01-23 12:09:00,13393.839999999927,13393.839999999927
2026-01-23 13:09:00,13393.839999999927,13393.839999999927
2026-01-23 14:09:00,13393.839999999927,13393.839999999927
2026-01-23 15:09:00,13393.839999999927,13393.839999999927
2026-01-23 16:09:00,13393.839999999927,13393.839999999927
2026-01-23 17:09:00,13393.839999999927,13393.839999999927
2026-01-23 18:09:00,13393.839999999927,13393.839999999927
2026-01-23 19:09:00,13393.839999999927,13393.839999999927
2026-01-23 20:09:00,13433.659999999927,13482.059999999929
2026-01-23 21:09:00,13473.959999999926,13473.959999999926
2026-01-23 22:09:00,13473.959999999926,13473.959999999926
2026-01-23 23:09:00,13473.959999999926,13473.959999999926
2026-01-26 01:10:00,13473.959999999926,13473.959999999926
2026-01-26 02:10:00,13473.959999999926,13473.959999999926
2026-01-26 03:10:00,13473.959999999926,13473.959999999926
2026-01-26 04:10:00,13473.959999999926,13473.959999999926
2026-01-26 05:10:00,13473.959999999926,13473.959999999926
2026-01-26 06:10:00,13473.959999999926,13473.959999999926
2026-01-26 07:10:00,13484.799999999923,13484.799999999923
2026-01-26 08:10:00,13484.799999999923,13484.799999999923
2026-01-26 09:10:00,13484.799999999923,13484.799999999923
2026-01-26 10:10:00,13484.799999999923,13484.799999999923
2026-01-26 11:10:00,13484.799999999923,13484.799999999923
2026-01-26 12:10:00,13484.799999999923,13484.799999999923
2026-01-26 13:10:00,13497.70999999992,13497.70999999992
2026-01-26 14:10:00,13497.70999999992,13497.70999999992
2026-01-26 15:10:00,13497.70999999992,13497.70999999992
2026-01-26 16:10:00,13497.70999999992,13497.70999999992
2026-01-26 17:10:00,13497.70999999992,13497.70999999992
2026-01-26 18:10:00,13497.70999999992,13497.70999999992
2026-01-26 19:10:00,13497.70999999992,13497.70999999992
2026-01-26 20:10:00,13497.70999999992,13497.70999999992
2026-01-26 21:10:00,13647.909999999913,13776.549999999912
2026-01-26 22:10:00,13647.10999999991,13647.10999999991
2026-01-26 23:10:00,13647.10999999991,13647.10999999991
2026-01-27 01:11:00,13647.10999999991,13647.10999999991
2026-01-27 02:11:00,13647.10999999991,13647.10999999991
2026-01-27 03:11:00,13521.64999999991,13521.64999999991
2026-01-27 04:11:00,13535.229999999909,13579.719999999908
2026-01-27 05:11:00,13562.94999999991,13594.94999999991
2026-01-27 06:11:00,13562.94999999991,13605.76999999991
2026-01-27 07:11:00,13562.94999999991,13578.42999999991
2026-01-27 08:11:00,13562.94999999991,13617.80999999991
2026-01-27 09:11:00,13604.52999999991,13644.43999999991
2026-01-27 10:11:00,13604.52999999991,13635.55999999991
2026-01-27 11:11:00,13604.52999999991,13637.25999999991
2026-01-27 12:11:00,13604.52999999991,13644.889999999908
2026-01-27 13:11:00,13604.52999999991,13639.36999999991
2026-01-27 14:11:00,13688.759999999911,13800.499999999909
2026-01-27 15:11:00,13813.499999999909,13847.059999999909
2026-01-27 16:11:00,13813.499999999909,13826.059999999909
2026-01-27 17:11:00,13813.399999999909,13813.399999999909
2026-01-27 18:11:00,13813.399999999909,13813.399999999909
2026-01-27 19:11:00,13813.399999999909,13813.399999999909
2026-01-27 20:11:00,13813.399999999909,13813.399999999909
2026-01-27 21:11:00,13813.399999999909,13813.399999999909
2026-01-27 22:11:00,13813.399999999909,13813.399999999909
2026-01-27 23:11:00,13813.399999999909,13813.399999999909
2026-01-28 01:12:00,13813.399999999909,13813.399999999909
2026-01-28 02:12:00,13813.399999999909,13813.399999999909
2026-01-28 03:12:00,13813.399999999909,13813.399999999909
2026-01-28 04:12:00,13813.399999999909,13813.399999999909
2026-01-28 05:12:00,13813.399999999909,13813.399999999909
2026-01-28 06:12:00,13813.399999999909,13813.399999999909
2026-01-28 07:12:00,13813.399999999909,13813.399999999909
2026-01-28 08:12:00,13813.399999999909,13813.399999999909
2026-01-28 09:12:00,13813.399999999909,13813.399999999909
2026-01-28 10:12:00,13813.399999999909,13813.399999999909
2026-01-28 11:12:00,13813.399999999909,13813.399999999909
2026-01-28 12:12:00,13813.399999999909,13813.399999999909
2026-01-28 13:12:00,13813.399999999909,13813.399999999909
2026-01-28 14:12:00,13813.399999999909,13813.399999999909
2026-01-28 15:12:00,13813.399999999909,13813.399999999909
2026-01-28 16:12:00,13813.399999999909,13813.399999999909
2026-01-28 17:12:00,13674.049999999908,13674.049999999908
2026-01-28 18:12:00,13674.049999999908,13674.049999999908
2026-01-28 19:12:00,13674.049999999908,13674.049999999908
2026-01-28 20:12:00,13674.049999999908,13674.049999999908
2026-01-28 21:12:00,13674.049999999908,13674.049999999908
2026-01-28 22:12:00,13674.049999999908,13674.049999999908
2026-01-28 23:12:00,13674.049999999908,13674.049999999908
2026-01-29 01:13:00,13674.049999999908,13674.049999999908
2026-01-29 02:13:00,13674.049999999908,13674.049999999908
2026-01-29 03:13:00,13674.049999999908,13674.049999999908
2026-01-29 04:13:00,13674.049999999908,13674.049999999908
2026-01-29 05:13:00,13674.049999999908,13674.049999999908
2026-01-29 06:13:00,13674.049999999908,13674.049999999908
2026-01-29 07:13:00,13674.049999999908,13674.049999999908
2026-01-29 08:13:00,13674.049999999908,13674.049999999908
2026-01-29 09:13:00,13674.049999999908,13674.049999999908
2026-01-29 10:13:00,13674.049999999908,13674.049999999908
2026-01-29 11:13:00,13540.749999999905,13540.749999999905
2026-01-29 12:13:00,13540.749999999905,13540.749999999905
2026-01-29 13:13:00,13540.749999999905,13540.749999999905
2026-01-29 14:13:00,13540.749999999905,13540.749999999905
2026-01-29 15:13:00,13540.749999999905,13540.749999999905
2026-01-29 16:13:00,13540.749999999905,13540.749999999905
2026-01-29 17:13:00,13540.749999999905,13540.749999999905
2026-01-29 18:13:00,13540.749999999905,13540.749999999905
2026-01-29 19:13:00,13540.749999999905,13540.749999999905
2026-01-29 20:13:00,13422.189999999906,13422.189999999906
2026-01-29 21:13:00,13422.189999999906,13422.189999999906
2026-01-29 22:13:00,13422.189999999906,13422.189999999906
2026-01-29 23:13:00,13422.189999999906,13422.189999999906
2026-01-30 01:14:00,13623.739999999903,13636.599999999904
2026-01-30 02:14:00,13623.739999999903,13589.799999999905
2026-01-30 03:14:00,13689.889999999903,13808.189999999902
2026-01-30 04:14:00,13855.259999999904,13855.259999999904
2026-01-30 05:14:00,13855.119999999904,13918.579999999904
2026-01-30 06:14:00,13911.939999999904,13911.939999999904
2026-01-30 07:14:00,13911.939999999904,13911.939999999904
2026-01-30 08:14:00,13911.939999999904,13911.939999999904
2026-01-30 09:14:00,13911.939999999904,13911.939999999904
2026-01-30 10:14:00,13911.939999999904,13911.939999999904
2026-01-30 11:14:00,13911.939999999904,13911.939999999904
2026-01-30 12:14:00,13911.939999999904,13911.939999999904
2026-01-30 13:14:00,13911.939999999904,13911.939999999904
2026-01-30 14:14:00,13911.939999999904,13911.939999999904
2026-01-30 15:14:00,13911.939999999904,13911.939999999904
2026-01-30 16:14:00,13911.939999999904,13911.939999999904
2026-01-30 17:14:00,13911.939999999904,13911.939999999904
2026-01-30 18:14:00,13911.939999999904,13911.939999999904
2026-01-30 19:14:00,13911.939999999904,13911.939999999904
2026-01-30 20:14:00,13911.939999999904,13911.939999999904
2026-01-30 21:14:00,13911.939999999904,13911.939999999904
2026-01-30 22:14:00,13911.939999999904,13911.939999999904
2026-01-30 23:14:00,13911.939999999904,13911.939999999904
2026-02-02 01:15:00,13911.799999999905,13877.719999999905
2026-02-02 02:15:00,13979.409999999905,13993.399999999905
2026-02-02 03:15:00,13979.309999999905,14259.169999999904
2026-02-02 04:15:00,13979.309999999905,14131.009999999904
2026-02-02 05:15:00,13979.309999999905,14251.949999999904
2026-02-02 06:15:00,13979.309999999905,14255.669999999905
2026-02-02 07:15:00,13979.309999999905,14282.989999999905
2026-02-02 08:15:00,13979.309999999905,14511.809999999905
2026-02-02 09:15:00,14764.969999999905,14764.969999999905
2026-02-02 10:15:00,14764.969999999905,14764.969999999905
2026-02-02 11:15:00,14764.969999999905,14764.969999999905
2026-02-02 12:15:00,14764.969999999905,14764.969999999905
2026-02-02 13:15:00,14764.969999999905,14764.969999999905
2026-02-02 14:15:00,14764.969999999905,14764.969999999905
2026-02-02 15:15:00,14764.969999999905,14764.969999999905
2026-02-02 16:15:00,14764.969999999905,14764.969999999905
2026-02-02 17:15:00,14764.969999999905,14764.969999999905
2026-02-02 18:15:00,14764.969999999905,14764.969999999905
2026-02-02 19:15:00,14764.969999999905,14764.969999999905
2026-02-02 20:15:00,14764.969999999905,14764.969999999905
2026-02-02 21:15:00,14764.969999999905,14764.969999999905
2026-02-02 22:15:00,14764.969999999905,14764.969999999905
2026-02-02 23:15:00,14764.969999999905,14764.969999999905
2026-02-03 01:16:00,14764.969999999905,14764.969999999905
2026-02-03 02:16:00,14764.969999999905,14764.969999999905
2026-02-03 03:16:00,14764.969999999905,14764.969999999905
2026-02-03 04:16:00,14764.969999999905,14764.969999999905
2026-02-03 05:16:00,14764.969999999905,14764.969999999905
2026-02-03 06:16:00,14764.969999999905,14764.969999999905
2026-02-03 07:16:00,14764.969999999905,14764.969999999905
2026-02-03 08:16:00,14764.969999999905,14764.969999999905
2026-02-03 09:16:00,14764.969999999905,14764.969999999905
2026-02-03 10:16:00,14764.969999999905,14764.969999999905
2026-02-03 11:16:00,14764.969999999905,14764.969999999905
2026-02-03 12:16:00,14764.969999999905,14764.969999999905
2026-02-03 13:16:00,14764.969999999905,14764.969999999905
2026-02-03 14:16:00,14764.969999999905,14764.969999999905
2026-02-03 15:16:00,14764.969999999905,14764.969999999905
2026-02-03 16:16:00,14764.969999999905,14764.969999999905
2026-02-03 17:16:00,14764.969999999905,14764.969999999905
2026-02-03 18:16:00,14764.969999999905,14764.969999999905
2026-02-03 19:16:00,14764.969999999905,14764.969999999905
2026-02-03 20:16:00,14764.969999999905,14764.969999999905
2026-02-03 21:16:00,14764.969999999905,14764.969999999905
2026-02-03 22:16:00,14764.969999999905,14764.969999999905
2026-02-03 23:16:00,14764.969999999905,14764.969999999905
2026-02-04 01:17:00,14764.969999999905,14764.969999999905
2026-02-04 02:17:00,14764.969999999905,14764.969999999905
2026-02-04 03:17:00,14764.969999999905,14764.969999999905
2026-02-04 04:17:00,14764.969999999905,14764.969999999905
2026-02-04 05:17:00,14764.969999999905,14764.969999999905
2026-02-04 06:17:00,14764.969999999905,14764.969999999905
2026-02-04 07:17:00,14764.969999999905,14764.969999999905
2026-02-04 08:17:00,14764.969999999905,14764.969999999905
2026-02-04 09:17:00,14764.969999999905,14764.969999999905
2026-02-04 10:17:00,14764.969999999905,14764.969999999905
2026-02-04 11:17:00,14764.969999999905,14764.969999999905
2026-02-04 12:17:00,14764.969999999905,14764.969999999905
2026-02-04 13:17:00,14764.969999999905,14764.969999999905
2026-02-04 14:17:00,14764.969999999905,14764.969999999905
2026-02-04 15:17:00,14764.969999999905,14764.969999999905
2026-02-04 16:17:00,14764.969999999905,14764.969999999905
2026-02-04 17:17:00,14764.969999999905,14764.969999999905
2026-02-04 18:17:00,14764.969999999905,14764.969999999905
2026-02-04 19:17:00,14764.969999999905,14764.969999999905
2026-02-04 20:17:00,14764.969999999905,14764.969999999905
2026-02-04 21:17:00,14764.969999999905,14764.969999999905
2026-02-04 22:17:00,14764.969999999905,14764.969999999905
2026-02-04 23:17:00,14764.969999999905,14764.969999999905
2026-02-05 01:18:00,14764.969999999905,14764.969999999905
2026-02-05 02:18:00,14764.969999999905,14764.969999999905
2026-02-05 03:18:00,14764.969999999905,14764.969999999905
2026-02-05 04:18:00,14764.969999999905,14764.969999999905
2026-02-05 05:18:00,14764.969999999905,14764.969999999905
2026-02-05 06:18:00,14764.969999999905,14764.969999999905
2026-02-05 07:18:00,14764.969999999905,14764.969999999905
2026-02-05 08:18:00,14764.969999999905,14764.969999999905
2026-02-05 09:18:00,14764.969999999905,14764.969999999905
2026-02-05 10:18:00,14764.969999999905,14764.969999999905
2026-02-05 11:18:00,14764.969999999905,14764.969999999905
2026-02-05 12:18:00,14764.969999999905,14764.969999999905
2026-02-05 13:18:00,14764.969999999905,14764.969999999905
2026-02-05 14:18:00,14764.969999999905,14764.969999999905
2026-02-05 15:18:00,14764.969999999905,14764.969999999905
2026-02-05 16:18:00,14764.969999999905,14764.969999999905
2026-02-05 17:18:00,14764.969999999905,14764.969999999905
2026-02-05 18:18:00,14764.969999999905,14764.969999999905
2026-02-05 19:18:00,14764.969999999905,14764.969999999905
2026-02-05 20:18:00,14764.969999999905,14764.969999999905
2026-02-05 21:18:00,14764.969999999905,14764.969999999905
2026-02-05 22:18:00,14764.969999999905,14764.969999999905
2026-02-05 23:18:00,14764.969999999905,14764.969999999905
2026-02-06 01:19:00,14764.969999999905,14764.969999999905
2026-02-06 02:19:00,14764.969999999905,14764.969999999905
2026-02-06 03:19:00,14764.969999999905,14764.969999999905
2026-02-06 04:19:00,14764.969999999905,14764.969999999905
2026-02-06 05:19:00,14764.969999999905,14764.969999999905
2026-02-06 06:19:00,14764.969999999905,14764.969999999905
2026-02-06 07:19:00,14764.969999999905,14764.969999999905
2026-02-06 08:19:00,14764.969999999905,14764.969999999905
2026-02-06 09:19:00,14764.969999999905,14764.969999999905
2026-02-06 10:19:00,14764.969999999905,14764.969999999905
2026-02-06 11:19:00,14764.969999999905,14764.969999999905
2026-02-06 12:19:00,14764.969999999905,14764.969999999905
2026-02-06 13:19:00,14764.969999999905,14764.969999999905
2026-02-06 14:19:00,14764.969999999905,14764.969999999905
2026-02-06 15:19:00,14764.969999999905,14764.969999999905
2026-02-06 16:19:00,14764.969999999905,14764.969999999905
2026-02-06 17:19:00,14764.689999999904,14758.2099999999
2026-02-06 18:19:00,14764.689999999904,14772.649999999903
2026-02-06 19:19:00,14785.939999999902,14785.939999999902
2026-02-06 20:19:00,14785.939999999902,14785.939999999902
2026-02-06 21:19:00,14785.939999999902,14785.939999999902
2026-02-06 22:19:00,14785.939999999902,14785.939999999902
2026-02-06 23:19:00,14785.939999999902,14785.939999999902
2026-02-09 01:20:00,14785.939999999902,14785.939999999902
2026-02-09 02:20:00,14785.939999999902,14785.939999999902
2026-02-09 03:20:00,14816.089999999898,14816.089999999898
2026-02-09 04:20:00,14816.089999999898,14816.089999999898
2026-02-09 05:20:00,14816.089999999898,14816.089999999898
2026-02-09 06:20:00,14816.089999999898,14816.089999999898
2026-02-09 07:20:00,14816.089999999898,14816.089999999898
2026-02-09 08:20:00,14816.089999999898,14816.089999999898
2026-02-09 09:20:00,14816.089999999898,14816.089999999898
2026-02-09 10:20:00,14816.089999999898,14816.089999999898
2026-02-09 11:20:00,14816.089999999898,14816.089999999898
2026-02-09 12:20:00,14816.089999999898,14816.089999999898
2026-02-09 13:20:00,14816.089999999898,14816.089999999898
2026-02-09 14:20:00,14816.089999999898,14816.089999999898
2026-02-09 15:20:00,14816.089999999898,14816.089999999898
2026-02-09 16:20:00,14816.089999999898,14816.089999999898
2026-02-09 17:20:00,14816.089999999898,14816.089999999898
2026-02-09 18:20:00,14816.089999999898,14816.089999999898
2026-02-09 19:20:00,14816.089999999898,14816.089999999898
2026-02-09 20:20:00,14834.309999999894,14831.189999999899
2026-02-09 21:20:00,14854.409999999894,14944.589999999893
2026-02-09 22:20:00,14894.609999999895,15008.569999999894
2026-02-09 23:20:00,14894.609999999895,14941.569999999894
2026-02-10 01:21:00,14894.209999999897,14894.209999999897
2026-02-10 02:21:00,14893.649999999898,14923.809999999901
2026-02-10 03:21:00,14957.369999999897,15024.849999999897
2026-02-10 04:21:00,14956.969999999896,14956.969999999896
2026-02-10 05:21:00,14956.969999999896,14956.969999999896
2026-02-10 06:21:00,14956.969999999896,14956.969999999896
2026-02-10 07:21:00,14956.969999999896,14956.969999999896
2026-02-10 08:21:00,14956.969999999896,14956.969999999896
2026-02-10 09:21:00,14956.969999999896,14956.969999999896
2026-02-10 10:21:00,14956.969999999896,14956.969999999896
2026-02-10 11:21:00,14956.969999999896,14956.969999999896
2026-02-10 12:21:00,14956.969999999896,14956.969999999896
2026-02-10 13:21:00,14956.969999999896,14956.969999999896
2026-02-10 14:21:00,14956.969999999896,14956.969999999896
2026-02-10 15:21:00,14956.969999999896,14956.969999999896
2026-02-10 16:21:00,14956.969999999896,14956.969999999896
2026-02-10 17:21:00,14956.969999999896,14956.969999999896
2026-02-10 18:21:00,14956.969999999896,14956.969999999896
2026-02-10 19:21:00,14956.969999999896,14956.969999999896
2026-02-10 20:21:00,14956.969999999896,14956.969999999896
2026-02-10 21:21:00,14956.969999999896,14956.969999999896
2026-02-10 22:21:00,14956.969999999896,14956.969999999896
2026-02-10 23:21:00,14956.969999999896,14956.969999999896
2026-02-11 01:22:00,14956.969999999896,14956.969999999896
2026-02-11 02:22:00,14956.969999999896,14956.969999999896
2026-02-11 03:22:00,14956.969999999896,14956.969999999896
2026-02-11 04:22:00,14956.969999999896,14956.969999999896
2026-02-11 05:22:00,14956.969999999896,14956.969999999896
2026-02-11 06:22:00,14956.969999999896,14956.969999999896
2026-02-11 07:22:00,14956.969999999896,14956.969999999896
2026-02-11 08:22:00,14956.969999999896,14956.969999999896
2026-02-11 09:22:00,14956.969999999896,14956.969999999896
2026-02-11 10:22:00,14956.969999999896,14956.969999999896
2026-02-11 11:22:00,14956.969999999896,14956.969999999896
2026-02-11 12:22:00,14956.969999999896,14956.969999999896
2026-02-11 13:22:00,14956.969999999896,14956.969999999896
2026-02-11 14:22:00,14956.969999999896,14956.969999999896
2026-02-11 15:22:00,14956.969999999896,14956.969999999896
2026-02-11 16:22:00,14956.969999999896,14956.969999999896
2026-02-11 17:22:00,14956.969999999896,14956.969999999896
2026-02-11 18:22:00,14956.969999999896,14956.969999999896
2026-02-11 19:22:00,14956.969999999896,14956.969999999896
2026-02-11 20:22:00,14956.969999999896,14956.969999999896
2026-02-11 21:22:00,14956.969999999896,14956.969999999896
2026-02-11 22:22:00,14956.969999999896,14956.969999999896
2026-02-11 23:22:00,14956.969999999896,14956.969999999896
2026-02-12 01:23:00,14956.969999999896,14956.969999999896
2026-02-12 02:23:00,14956.969999999896,14956.969999999896
2026-02-12 03:23:00,14956.969999999896,14956.969999999896
2026-02-12 04:23:00,14956.969999999896,14956.969999999896
2026-02-12 05:23:00,14956.969999999896,14956.969999999896
2026-02-12 06:23:00,14956.969999999896,14956.969999999896
2026-02-12 07:23:00,14956.969999999896,14956.969999999896
2026-02-12 08:23:00,14956.969999999896,14956.969999999896
2026-02-12 09:23:00,14956.969999999896,14956.969999999896
2026-02-12 10:23:00,14956.969999999896,14956.969999999896
2026-02-12 11:23:00,14956.969999999896,14956.969999999896
2026-02-12 12:23:00,14976.099999999897,15067.029999999895
2026-02-12 13:23:00,15015.619999999897,15098.2199999999
2026-02-12 14:23:00,15015.619999999897,15098.869999999895
2026-02-12 15:23:00,15015.619999999897,15045.769999999895
2026-02-12 16:23:00,15015.1199999999,15015.1199999999
2026-02-12 17:23:00,15015.1199999999,15015.1199999999
2026-02-12 18:23:00,15015.1199999999,15015.1199999999
2026-02-12 19:23:00,15015.1199999999,15015.1199999999
2026-02-12 20:23:00,15015.1199999999,15015.1199999999
2026-02-12 21:23:00,15015.1199999999,15015.1199999999
2026-02-12 22:23:00,15015.1199999999,15015.1199999999
2026-02-12 23:23:00,15015.1199999999,15015.1199999999
2026-02-13 01:24:00,15015.1199999999,15015.1199999999
2026-02-13 02:24:00,15015.1199999999,15015.1199999999
2026-02-13 03:24:00,15015.1199999999,15015.1199999999
2026-02-13 04:24:00,15014.979999999901,15013.0199999999
2026-02-13 05:24:00,15014.979999999901,15028.0799999999
2026-02-13 06:24:00,15014.979999999901,15001.5199999999
2026-02-13 07:24:00,15014.979999999901,15014.9999999999
2026-02-13 08:24:00,15014.559999999901,15027.679999999902
2026-02-13 09:24:00,15014.559999999901,15071.5999999999
2026-02-13 10:24:00,15029.299999999901,15118.1799999999
2026-02-13 11:24:00,15029.299999999901,15117.5799999999
2026-02-13 12:24:00,15028.799999999905,15052.539999999904
2026-02-13 13:24:00,15028.799999999905,15114.759999999904
2026-02-13 14:24:00,15028.799999999905,15050.979999999903
2026-02-13 15:24:00,15028.799999999905,15054.319999999903
2026-02-13 16:24:00,15028.799999999905,14990.619999999904
2026-02-13 17:24:00,15028.799999999905,14988.979999999903
2026-02-13 18:24:00,15042.399999999905,15096.389999999907
2026-02-13 19:24:00,15070.439999999904,15109.399999999905
2026-02-13 20:24:00,15070.439999999904,15138.359999999904
2026-02-13 21:24:00,15010.769999999902,15179.8499999999
2026-02-13 22:24:00,15010.769999999902,15141.209999999905
2026-02-13 23:24:00,15010.769999999902,15142.709999999905
2026-02-16 01:25:00,15194.369999999903,15311.279999999904
2026-02-16 02:25:00,15194.369999999903,15258.119999999903
2026-02-16 03:25:00,15194.369999999903,15319.469999999903
2026-02-16 04:25:00,15194.369999999903,15295.829999999902
2026-02-16 05:25:00,15194.369999999903,15222.179999999904
2026-02-16 06:25:00,15194.069999999901,15194.069999999901
2026-02-16 07:25:00,15194.069999999901,15194.069999999901
2026-02-16 08:25:00,15194.069999999901,15194.069999999901
2026-02-16 09:25:00,15194.069999999901,15194.069999999901
2026-02-16 10:25:00,15255.7999999999,15297.1099999999
2026-02-16 11:25:00,15254.899999999896,15254.899999999896
2026-02-16 12:25:00,15254.899999999896,15254.899999999896
2026-02-16 13:25:00,15254.899999999896,15254.899999999896
2026-02-16 14:25:00,15254.899999999896,15254.899999999896
2026-02-16 15:25:00,15254.899999999896,15254.899999999896
2026-02-16 16:25:00,15254.899999999896,15254.899999999896
2026-02-16 17:25:00,15253.079999999896,15328.999999999874
2026-02-16 18:25:00,15253.079999999896,15403.35999999989
2026-02-16 19:25:00,15376.739999999896,15601.01999999989
2026-02-16 20:25:00,15376.739999999896,15629.999999999885
2026-02-16 21:25:00,15376.739999999896,15570.079999999889
2026-02-17 01:54:00,15369.739999999896,15602.139999999888
2026-02-17 02:54:00,15368.339999999891,15368.339999999891
2026-02-17 03:54:00,15368.339999999891,15368.339999999891
2026-02-17 04:54:00,15368.339999999891,15368.339999999891
2026-02-17 05:54:00,15368.339999999891,15368.339999999891
2026-02-17 06:54:00,15368.339999999891,15368.339999999891
2026-02-17 07:54:00,15368.339999999891,15368.339999999891
2026-02-17 08:54:00,15368.339999999891,15368.339999999891
2026-02-17 09:54:00,15368.339999999891,15368.339999999891
2026-02-17 10:54:00,15368.339999999891,15368.339999999891
2026-02-17 11:54:00,15368.339999999891,15368.339999999891
2026-02-17 12:54:00,15368.339999999891,15368.339999999891
2026-02-17 13:54:00,15368.339999999891,15368.339999999891
2026-02-17 14:54:00,15368.339999999891,15368.339999999891
2026-02-17 15:54:00,15368.339999999891,15368.339999999891
2026-02-17 16:54:00,15368.339999999891,15368.339999999891
2026-02-17 17:54:00,15368.339999999891,15368.339999999891
2026-02-17 18:54:00,15368.339999999891,15368.339999999891
2026-02-17 19:54:00,15368.339999999891,15368.339999999891
2026-02-17 20:54:00,15368.339999999891,15368.339999999891
2026-02-17 21:54:00,15368.339999999891,15368.339999999891
2026-02-17 22:54:00,15368.339999999891,15368.339999999891
2026-02-17 23:54:00,15368.339999999891,15368.339999999891
2026-02-18 01:55:00,15368.339999999891,15368.339999999891
2026-02-18 02:55:00,15368.339999999891,15368.339999999891
2026-02-18 03:55:00,15368.339999999891,15368.339999999891
2026-02-18 04:55:00,15368.339999999891,15368.339999999891
2026-02-18 05:55:00,15368.339999999891,15368.339999999891
2026-02-18 06:55:00,15368.339999999891,15368.339999999891
2026-02-18 07:55:00,15368.339999999891,15368.339999999891
2026-02-18 08:55:00,15368.339999999891,15368.339999999891
2026-02-18 09:55:00,15368.339999999891,15368.339999999891
2026-02-18 10:55:00,15368.339999999891,15368.339999999891
2026-02-18 11:55:00,15368.339999999891,15368.339999999891
2026-02-18 12:55:00,15368.339999999891,15368.339999999891
2026-02-18 13:55:00,15368.339999999891,15368.339999999891
2026-02-18 14:55:00,15368.339999999891,15368.339999999891
2026-02-18 15:55:00,15368.339999999891,15368.339999999891
2026-02-18 16:55:00,15368.339999999891,15368.339999999891
2026-02-18 17:55:00,15368.339999999891,15368.339999999891
2026-02-18 18:55:00,15368.339999999891,15368.339999999891
2026-02-18 19:55:00,15368.339999999891,15368.339999999891
2026-02-18 20:55:00,15368.339999999891,15368.339999999891
2026-02-18 21:55:00,15367.63999999989,15387.039999999895
2026-02-18 22:55:00,15367.63999999989,15390.93999999989
2026-02-18 23:55:00,15367.63999999989,15349.439999999893
2026-02-19 01:56:00,15209.439999999893,15209.439999999893
2026-02-19 02:56:00,15209.439999999893,15209.439999999893
2026-02-19 03:56:00,15209.439999999893,15209.439999999893
2026-02-19 04:56:00,15209.439999999893,15209.439999999893
2026-02-19 05:56:00,15209.439999999893,15209.439999999893
2026-02-19 06:56:00,15209.439999999893,15209.439999999893
2026-02-19 07:56:00,15209.439999999893,15209.439999999893
2026-02-19 08:56:00,15209.439999999893,15209.439999999893
2026-02-19 09:56:00,15207.549999999894,15110.079999999878
2026-02-19 10:56:00,15055.539999999892,15055.539999999892
2026-02-19 11:56:00,15055.539999999892,15055.539999999892
2026-02-19 12:56:00,15055.539999999892,15055.539999999892
2026-02-19 13:56:00,15055.539999999892,15055.539999999892
2026-02-19 14:56:00,15055.539999999892,15055.539999999892
2026-02-19 15:56:00,15055.539999999892,15055.539999999892
2026-02-19 16:56:00,15055.539999999892,15055.539999999892
2026-02-19 17:56:00,15055.539999999892,15055.539999999892
2026-02-19 18:56:00,15202.46999999989,15230.609999999893
2026-02-19 19:56:00,15201.769999999895,15201.769999999895
2026-02-19 20:56:00,15201.769999999895,15201.769999999895
2026-02-19 21:56:00,15201.769999999895,15201.769999999895
2026-02-19 22:56:00,15201.769999999895,15201.769999999895
2026-02-19 23:56:00,15201.769999999895,15201.769999999895
2026-02-20 01:57:00,15201.769999999895,15201.769999999895
2026-02-20 02:57:00,15201.769999999895,15201.769999999895
2026-02-20 03:57:00,15201.769999999895,15201.769999999895
2026-02-20 04:57:00,15201.769999999895,15201.769999999895
2026-02-20 05:57:00,15201.769999999895,15201.769999999895
2026-02-20 06:57:00,15201.769999999895,15201.769999999895
2026-02-20 07:57:00,15201.769999999895,15201.769999999895
2026-02-20 08:57:00,15201.769999999895,15201.769999999895
2026-02-20 09:57:00,15201.769999999895,15201.769999999895
2026-02-20 10:57:00,15201.769999999895,15201.769999999895
2026-02-20 11:57:00,15201.769999999895,15201.769999999895
2026-02-20 12:57:00,15201.769999999895,15201.769999999895
2026-02-20 13:57:00,15201.769999999895,15201.769999999895
2026-02-20 14:57:00,15201.769999999895,15201.769999999895
2026-02-20 15:57:00,15201.769999999895,15201.769999999895
2026-02-20 16:57:00,15201.769999999895,15201.769999999895
2026-02-20 17:57:00,15048.769999999897,15048.769999999897
2026-02-20 18:57:00,15048.769999999897,15048.769999999897
2026-02-20 19:57:00,15048.769999999897,15048.769999999897
2026-02-20 20:57:00,15048.769999999897,15048.769999999897
2026-02-20 21:57:00,15048.769999999897,15048.769999999897
2026-02-20 22:57:00,15048.769999999897,15048.769999999897
2026-02-20 23:57:00,15048.769999999897,15048.769999999897
2026-02-23 01:58:00,15048.769999999897,15048.769999999897
2026-02-23 02:58:00,15048.769999999897,15048.769999999897
2026-02-23 03:58:00,15048.769999999897,15048.769999999897
2026-02-23 04:58:00,15048.769999999897,15048.769999999897
2026-02-23 05:58:00,15048.769999999897,15048.769999999897
2026-02-23 06:58:00,15048.769999999897,15048.769999999897
2026-02-23 07:58:00,15048.769999999897,15048.769999999897
2026-02-23 08:58:00,15048.769999999897,15048.769999999897
2026-02-23 09:58:00,15048.769999999897,15048.769999999897
2026-02-23 10:58:00,15048.769999999897,15048.769999999897
2026-02-23 11:58:00,15048.769999999897,15048.769999999897
2026-02-23 12:58:00,15048.769999999897,15048.769999999897
2026-02-23 13:58:00,15048.769999999897,15048.769999999897
2026-02-23 14:58:00,15048.769999999897,15048.769999999897
2026-02-23 15:58:00,15048.769999999897,15048.769999999897
2026-02-23 16:58:00,15048.769999999897,15048.769999999897
2026-02-23 17:58:00,15048.769999999897,15048.769999999897
2026-02-23 18:58:00,15048.769999999897,15048.769999999897
2026-02-23 19:58:00,15047.789999999897,15203.889999999892
2026-02-23 20:58:00,15072.029999999897,15231.749999999902
2026-02-23 21:58:00,15072.029999999897,15307.589999999898
2026-02-23 22:58:00,15120.429999999898,15529.429999999895
2026-02-23 23:58:00,15137.329999999884,15453.529999999882
2026-02-24 01:59:00,15229.149999999883,15548.109999999882
2026-02-24 02:59:00,15229.149999999883,15453.229999999885
2026-02-24 03:59:00,15091.78999999988,15091.78999999988
2026-02-24 04:59:00,15091.78999999988,15091.78999999988
2026-02-24 05:59:00,15091.78999999988,15091.78999999988
2026-02-24 06:59:00,15091.78999999988,15091.78999999988
2026-02-24 07:59:00,15091.78999999988,15091.78999999988
2026-02-24 08:59:00,15091.78999999988,15091.78999999988
2026-02-24 09:59:00,15107.389999999876,15107.389999999876
2026-02-24 10:59:00,15107.389999999876,15107.389999999876
2026-02-24 11:59:00,15107.389999999876,15107.389999999876
2026-02-24 12:59:00,15107.389999999876,15107.389999999876
2026-02-24 13:59:00,15107.389999999876,15107.389999999876
2026-02-24 14:59:00,15107.389999999876,15107.389999999876
2026-02-24 15:59:00,15107.389999999876,15107.389999999876
2026-02-24 16:59:00,15107.389999999876,15107.389999999876
2026-02-24 17:59:00,15107.389999999876,15107.389999999876
2026-02-24 18:59:00,15107.389999999876,15107.389999999876
2026-02-24 19:59:00,15107.389999999876,15107.389999999876
2026-02-24 20:59:00,15107.389999999876,15107.389999999876
2026-02-24 21:59:00,15106.409999999876,15127.409999999876
2026-02-24 22:59:00,15162.389999999878,15258.14999999988
2026-02-25 01:00:00,15161.589999999882,15161.589999999882
2026-02-25 02:00:00,15010.389999999885,15010.389999999885
2026-02-25 03:00:00,15010.389999999885,15010.389999999885
2026-02-25 04:00:00,15010.389999999885,15010.389999999885
2026-02-25 05:00:00,15030.789999999886,15121.509999999886
2026-02-25 06:00:00,15030.789999999886,15087.18999999989
2026-02-25 07:00:00,15030.18999999989,15030.18999999989
2026-02-25 08:00:00,15030.18999999989,15030.18999999989
2026-02-25 09:00:00,15030.18999999989,15030.18999999989
2026-02-25 10:00:00,15030.18999999989,15030.18999999989
2026-02-25 11:00:00,15030.18999999989,15030.18999999989
2026-02-25 12:00:00,15030.18999999989,15030.18999999989
2026-02-25 13:00:00,15030.18999999989,15030.18999999989
2026-02-25 14:00:00,15030.18999999989,15030.18999999989
2026-02-25 15:00:00,15030.18999999989,15030.18999999989
2026-02-25 16:00:00,15030.18999999989,15030.18999999989
2026-02-25 17:00:00,15030.18999999989,15030.18999999989
2026-02-25 18:00:00,15030.18999999989,15030.18999999989
2026-02-25 19:00:00,15030.18999999989,15030.18999999989
2026-02-25 20:00:00,15093.739999999898,15156.239999999898
2026-02-25 21:00:00,15093.739999999898,15204.439999999895
2026-02-25 22:00:00,15180.389999999901,15230.939999999904
2026-02-25 23:00:00,15353.689999999904,15353.689999999904
2026-02-26 01:01:00,15353.689999999904,15353.689999999904
2026-02-26 02:01:00,15353.689999999904,15353.689999999904
2026-02-26 03:01:00,15353.689999999904,15353.689999999904
2026-02-26 04:01:00,15373.499999999905,15475.699999999908
2026-02-26 05:01:00,15372.799999999908,15372.799999999908
2026-02-26 06:01:00,15372.799999999908,15372.799999999908
2026-02-26 07:01:00,15372.799999999908,15372.799999999908
2026-02-26 08:01:00,15372.799999999908,15372.799999999908
2026-02-26 09:01:00,15372.799999999908,15372.799999999908
2026-02-26 10:01:00,15372.799999999908,15372.799999999908
2026-02-26 11:01:00,15372.799999999908,15372.799999999908
2026-02-26 12:01:00,15372.799999999908,15372.799999999908
2026-02-26 13:01:00,15372.799999999908,15372.799999999908
2026-02-26 14:01:00,15372.799999999908,15372.799999999908
2026-02-26 15:01:00,15372.799999999908,15372.799999999908
2026-02-26 16:01:00,15372.799999999908,15372.799999999908
2026-02-26 17:01:00,15372.799999999908,15372.799999999908
2026-02-26 18:01:00,15372.799999999908,15372.799999999908
2026-02-26 19:01:00,15372.799999999908,15372.799999999908
2026-02-26 20:01:00,15372.519999999908,15358.639999999907
2026-02-26 21:01:00,15372.519999999908,15417.079999999909
2026-02-26 22:01:00,15391.149999999907,15441.279999999908
2026-02-26 23:01:00,15391.149999999907,15465.669999999907
2026-02-27 01:02:00,15389.649999999907,15408.819999999909
2026-02-27 02:02:00,15389.649999999907,15417.399999999907
2026-02-27 03:02:00,15389.349999999911,15389.349999999911
2026-02-27 04:02:00,15240.189999999919,15240.189999999919
2026-02-27 05:02:00,15240.189999999919,15240.189999999919
2026-02-27 06:02:00,15240.189999999919,15240.189999999919
2026-02-27 07:02:00,15240.189999999919,15240.189999999919
2026-02-27 08:02:00,15240.189999999919,15240.189999999919
2026-02-27 09:02:00,15240.189999999919,15240.189999999919
2026-02-27 10:02:00,15240.189999999919,15240.189999999919
2026-02-27 11:02:00,15240.189999999919,15240.189999999919
2026-02-27 12:02:00,15240.189999999919,15240.189999999919
2026-02-27 13:02:00,15240.189999999919,15240.189999999919
2026-02-27 14:02:00,15240.189999999919,15240.189999999919
2026-02-27 15:02:00,15240.189999999919,15240.189999999919
2026-02-27 16:02:00,15240.189999999919,15240.189999999919
2026-02-27 17:02:00,15240.189999999919,15240.189999999919
2026-02-27 18:02:00,15240.189999999919,15240.189999999919
2026-02-27 19:02:00,15240.189999999919,15240.189999999919
2026-02-27 20:02:00,15240.189999999919,15240.189999999919
2026-02-27 21:02:00,15240.189999999919,15240.189999999919
2026-02-27 22:02:00,15240.189999999919,15240.189999999919
2026-02-27 23:02:00,15240.189999999919,15240.189999999919
2026-03-02 01:03:00,15240.189999999919,15240.189999999919
2026-03-02 02:03:00,15240.189999999919,15240.189999999919
2026-03-02 03:03:00,15239.90999999992,15139.169999999922
2026-03-02 04:03:00,15239.90999999992,15168.649999999921
2026-03-02 05:03:00,15239.90999999992,15284.689999999919
2026-03-02 06:03:00,15239.90999999992,15325.489999999922
2026-03-02 07:03:00,15239.90999999992,15279.04999999992
2026-03-02 08:03:00,15239.90999999992,15328.60999999992
2026-03-02 09:03:00,15239.90999999992,15425.24999999992
2026-03-02 10:03:00,15387.399999999921,15509.469999999921
2026-03-02 11:03:00,15387.399999999921,15495.189999999922
2026-03-02 12:03:00,15387.399999999921,15471.549999999921
2026-03-02 13:03:00,15387.399999999921,15480.929999999922
2026-03-02 14:03:00,15387.399999999921,15473.029999999922
2026-03-02 15:03:00,15387.399999999921,15501.269999999922
2026-03-02 16:03:00,15387.399999999921,15472.809999999921
2026-03-02 17:03:00,15387.19999999992,15387.19999999992
2026-03-02 18:03:00,15387.19999999992,15387.19999999992
2026-03-02 19:03:00,15387.19999999992,15387.19999999992
2026-03-02 20:03:00,15387.19999999992,15387.19999999992
2026-03-02 21:03:00,15387.19999999992,15387.19999999992
2026-03-02 22:03:00,15387.19999999992,15387.19999999992
2026-03-02 23:03:00,15387.19999999992,15387.19999999992
2026-03-03 01:04:00,15387.19999999992,15387.19999999992
2026-03-03 02:04:00,15387.19999999992,15387.19999999992
2026-03-03 03:04:00,15386.91999999992,15356.639999999921
2026-03-03 04:04:00,15407.06999999992,15430.04999999992
2026-03-03 05:04:00,15406.769999999919,15406.769999999919
2026-03-03 06:04:00,15406.769999999919,15406.769999999919
2026-03-03 07:04:00,15406.769999999919,15406.769999999919
2026-03-03 08:04:00,15406.769999999919,15406.769999999919
2026-03-03 09:04:00,15406.769999999919,15406.769999999919
2026-03-03 10:04:00,15406.769999999919,15406.769999999919
2026-03-03 11:04:00,15406.769999999919,15406.769999999919
2026-03-03 12:04:00,15406.769999999919,15406.769999999919
2026-03-03 13:04:00,15406.769999999919,15406.769999999919
2026-03-03 14:04:00,15406.769999999919,15406.769999999919
2026-03-03 15:04:00,15406.349999999919,15390.14999999992
2026-03-03 16:04:00,15267.689999999919,15267.689999999919
2026-03-03 17:04:00,15267.689999999919,15267.689999999919
2026-03-03 18:04:00,15136.489999999918,15136.489999999918
2026-03-03 19:04:00,15136.489999999918,15136.489999999918
2026-03-03 20:04:00,15136.489999999918,15136.489999999918
2026-03-03 21:04:00,15136.489999999918,15136.489999999918
2026-03-03 22:04:00,15136.489999999918,15136.489999999918
2026-03-03 23:04:00,15136.489999999918,15136.489999999918
2026-03-04 01:05:00,15136.489999999918,15136.489999999918
2026-03-04 02:05:00,15136.489999999918,15136.489999999918
2026-03-04 03:05:00,15136.489999999918,15136.489999999918
2026-03-04 04:05:00,15136.489999999918,15136.489999999918
2026-03-04 05:05:00,15136.489999999918,15136.489999999918
2026-03-04 06:05:00,15136.489999999918,15136.489999999918
2026-03-04 07:05:00,15136.489999999918,15136.489999999918
2026-03-04 08:05:00,15136.489999999918,15136.489999999918
2026-03-04 09:05:00,15136.489999999918,15136.489999999918
2026-03-04 10:05:00,15136.489999999918,15136.489999999918
2026-03-04 11:05:00,15136.489999999918,15136.489999999918
2026-03-04 12:05:00,15136.489999999918,15136.489999999918
2026-03-04 13:05:00,15136.489999999918,15136.489999999918
2026-03-04 14:05:00,15136.489999999918,15136.489999999918
2026-03-04 15:05:00,15136.489999999918,15136.489999999918
2026-03-04 16:05:00,15198.579999999916,15288.849999999915
2026-03-04 17:05:00,15197.679999999913,15197.679999999913
2026-03-04 18:05:00,15254.589999999915,15300.639999999916
2026-03-04 19:05:00,15254.589999999915,15326.989999999912
2026-03-04 20:05:00,15331.289999999915,15420.719999999914
2026-03-04 21:05:00,15331.289999999915,15429.689999999915
2026-03-04 22:05:00,15331.289999999915,15417.089999999916
2026-03-04 23:05:00,15331.289999999915,15401.939999999915
2026-03-05 01:06:00,15331.739999999916,15364.169999999916
2026-03-05 02:06:00,15331.439999999919,15331.439999999919
2026-03-05 03:06:00,15331.439999999919,15331.439999999919
2026-03-05 04:06:00,15331.439999999919,15331.439999999919
2026-03-05 05:06:00,15331.439999999919,15331.439999999919
2026-03-05 06:06:00,15331.439999999919,15331.439999999919
2026-03-05 07:06:00,15331.439999999919,15331.439999999919
2026-03-05 08:06:00,15331.439999999919,15331.439999999919
2026-03-05 09:06:00,15331.439999999919,15331.439999999919
2026-03-05 10:06:00,15331.439999999919,15331.439999999919
2026-03-05 11:06:00,15331.439999999919,15331.439999999919
2026-03-05 12:06:00,15331.439999999919,15331.439999999919
2026-03-05 13:06:00,15331.439999999919,15331.439999999919
2026-03-05 14:06:00,15331.439999999919,15331.439999999919
2026-03-05 15:06:00,15348.619999999912,15348.619999999912
2026-03-05 16:06:00,15348.619999999912,15348.619999999912
2026-03-05 17:06:00,15348.619999999912,15348.619999999912
2026-03-05 18:06:00,15348.619999999912,15348.619999999912
2026-03-05 19:06:00,15348.619999999912,15348.619999999912
2026-03-05 20:06:00,15348.619999999912,15348.619999999912
2026-03-05 21:06:00,15348.619999999912,15348.619999999912
2026-03-05 22:06:00,15348.619999999912,15348.619999999912
2026-03-05 23:06:00,15348.619999999912,15348.619999999912
2026-03-06 01:07:00,15348.619999999912,15348.619999999912
2026-03-06 02:07:00,15348.619999999912,15348.619999999912
2026-03-06 03:07:00,15348.619999999912,15348.619999999912
2026-03-06 04:07:00,15348.619999999912,15348.619999999912
2026-03-06 05:07:00,15348.619999999912,15348.619999999912
2026-03-06 06:07:00,15348.619999999912,15348.619999999912
2026-03-06 07:07:00,15348.619999999912,15348.619999999912
2026-03-06 08:07:00,15198.339999999915,15198.339999999915
2026-03-06 09:07:00,15198.339999999915,15198.339999999915
2026-03-06 10:07:00,15272.149999999921,15339.349999999926
2026-03-06 11:07:00,15271.549999999927,15271.549999999927
2026-03-06 12:07:00,15271.549999999927,15271.549999999927
2026-03-06 13:07:00,15271.549999999927,15271.549999999927
2026-03-06 14:07:00,15271.549999999927,15271.549999999927
2026-03-06 15:07:00,15271.549999999927,15271.549999999927
2026-03-06 16:07:00,15271.549999999927,15271.549999999927
2026-03-06 17:07:00,15271.549999999927,15271.549999999927
2026-03-06 18:07:00,15271.549999999927,15271.549999999927
2026-03-06 19:07:00,15288.119999999926,15298.119999999926
2026-03-06 20:07:00,15288.119999999926,15352.359999999928
2026-03-06 21:07:00,15321.959999999926,15438.299999999928
2026-03-06 22:07:00,15321.959999999926,15421.289999999928
2026-03-06 23:07:00,15321.959999999926,15436.619999999926
2026-03-09 00:08:00,15388.439999999928,15388.439999999928
2026-03-09 01:08:00,15388.439999999928,15388.439999999928
2026-03-09 02:08:00,15388.439999999928,15388.439999999928
2026-03-09 03:08:00,15388.439999999928,15388.439999999928
2026-03-09 04:08:00,15388.439999999928,15388.439999999928
2026-03-09 05:08:00,15388.439999999928,15388.439999999928
2026-03-09 06:08:00,15388.439999999928,15388.439999999928
2026-03-09 07:08:00,15388.439999999928,15388.439999999928
2026-03-09 08:08:00,15388.439999999928,15388.439999999928
2026-03-09 09:08:00,15388.439999999928,15388.439999999928
2026-03-09 10:08:00,15388.439999999928,15388.439999999928
2026-03-09 11:08:00,15388.439999999928,15388.439999999928
2026-03-09 12:08:00,15388.439999999928,15388.439999999928
2026-03-09 13:08:00,15388.439999999928,15388.439999999928
2026-03-09 14:08:00,15388.439999999928,15388.439999999928
2026-03-09 15:08:00,15388.439999999928,15388.439999999928
2026-03-09 16:08:00,15388.439999999928,15388.439999999928
2026-03-09 17:08:00,15388.439999999928,15388.439999999928
2026-03-09 18:08:00,15388.439999999928,15388.439999999928
2026-03-09 19:08:00,15388.439999999928,15388.439999999928
2026-03-09 20:08:00,15388.439999999928,15388.439999999928
2026-03-09 21:08:00,15388.439999999928,15388.439999999928
2026-03-09 22:08:00,15388.439999999928,15388.439999999928
2026-03-10 00:09:00,15388.439999999928,15388.439999999928
2026-03-10 01:09:00,15388.439999999928,15388.439999999928
2026-03-10 02:09:00,15388.439999999928,15388.439999999928
2026-03-10 03:09:00,15388.439999999928,15388.439999999928
2026-03-10 04:09:00,15388.439999999928,15388.439999999928
2026-03-10 05:09:00,15388.439999999928,15388.439999999928
2026-03-10 06:09:00,15386.269999999928,15372.939999999919
2026-03-10 07:09:00,15530.049999999921,15624.54999999992
2026-03-10 08:09:00,15530.049999999921,15706.149999999918
2026-03-10 09:09:00,15530.049999999921,15677.04999999992
2026-03-10 10:09:00,15764.749999999915,15764.749999999915
2026-03-10 11:09:00,15764.749999999915,15764.749999999915
2026-03-10 12:09:00,15764.749999999915,15764.749999999915
2026-03-10 13:09:00,15764.749999999915,15764.749999999915
2026-03-10 14:09:00,15764.749999999915,15764.749999999915
2026-03-10 15:09:00,15764.749999999915,15764.749999999915
2026-03-10 16:09:00,15764.749999999915,15764.749999999915
2026-03-10 17:09:00,15764.749999999915,15764.749999999915
2026-03-10 18:09:00,15764.749999999915,15764.749999999915
2026-03-10 19:09:00,15764.749999999915,15764.749999999915
2026-03-10 20:09:00,15764.749999999915,15764.749999999915
2026-03-10 21:09:00,15764.749999999915,15764.749999999915
2026-03-10 22:09:00,15764.749999999915,15764.749999999915
2026-03-11 00:10:00,15764.749999999915,15764.749999999915
2026-03-11 01:10:00,15764.749999999915,15764.749999999915
2026-03-11 02:10:00,15764.749999999915,15764.749999999915
2026-03-11 03:10:00,15764.749999999915,15764.749999999915
2026-03-11 04:10:00,15763.559999999914,15694.369999999919
2026-03-11 05:10:00,15830.239999999918,15928.699999999923
2026-03-11 06:10:00,15829.339999999922,15829.339999999922
2026-03-11 07:10:00,15829.339999999922,15829.339999999922
2026-03-11 08:10:00,15829.339999999922,15829.339999999922
2026-03-11 09:10:00,15829.339999999922,15829.339999999922
2026-03-11 10:10:00,15829.339999999922,15829.339999999922
2026-03-11 11:10:00,15829.339999999922,15829.339999999922
2026-03-11 12:10:00,15829.339999999922,15829.339999999922
2026-03-11 13:10:00,15829.339999999922,15829.339999999922
2026-03-11 14:10:00,15829.339999999922,15829.339999999922
2026-03-11 15:10:00,15829.339999999922,15829.339999999922
2026-03-11 16:10:00,15829.339999999922,15829.339999999922
2026-03-11 17:10:00,15829.339999999922,15829.339999999922
2026-03-11 18:10:00,15829.339999999922,15829.339999999922
2026-03-11 19:10:00,15829.339999999922,15829.339999999922
2026-03-11 20:10:00,15903.75999999992,16129.069999999923
2026-03-11 21:10:00,15945.309999999921,16155.639999999927
2026-03-11 22:10:00,15945.309999999921,16228.279999999926
2026-03-12 00:11:00,15937.309999999921,16128.119999999923
2026-03-12 01:11:00,15935.709999999921,15935.709999999921
2026-03-12 02:11:00,15935.709999999921,15935.709999999921
2026-03-12 03:11:00,15935.709999999921,15935.709999999921
2026-03-12 04:11:00,15935.709999999921,15935.709999999921
2026-03-12 05:11:00,15935.709999999921,15935.709999999921
2026-03-12 06:11:00,15935.709999999921,15935.709999999921
2026-03-12 07:11:00,15935.709999999921,15935.709999999921
2026-03-12 08:11:00,15935.709999999921,15935.709999999921
2026-03-12 09:11:00,15935.709999999921,15935.709999999921
2026-03-12 10:11:00,15935.709999999921,15935.709999999921
2026-03-12 11:11:00,15935.709999999921,15935.709999999921
2026-03-12 12:11:00,15935.709999999921,15935.709999999921
2026-03-12 13:11:00,15935.709999999921,15935.709999999921
2026-03-12 14:11:00,15935.709999999921,15935.709999999921
2026-03-12 15:11:00,15935.709999999921,15935.709999999921
2026-03-12 16:11:00,15935.709999999921,15935.709999999921
2026-03-12 17:11:00,15935.709999999921,15935.709999999921
2026-03-12 18:11:00,15935.709999999921,15935.709999999921
2026-03-12 19:11:00,15935.709999999921,15935.709999999921
2026-03-12 20:11:00,15935.709999999921,15935.709999999921
2026-03-12 21:11:00,15935.709999999921,15935.709999999921
2026-03-12 22:11:00,15935.709999999921,15935.709999999921
2026-03-13 00:12:00,15935.709999999921,15935.709999999921
2026-03-13 01:12:00,15935.709999999921,15935.709999999921
2026-03-13 02:12:00,15935.709999999921,15935.709999999921
2026-03-13 03:12:00,15935.709999999921,15935.709999999921
2026-03-13 04:12:00,15935.709999999921,15935.709999999921
2026-03-13 05:12:00,15777.779999999932,15777.779999999932
2026-03-13 06:12:00,15777.779999999932,15777.779999999932
2026-03-13 07:12:00,15777.779999999932,15777.779999999932
2026-03-13 08:12:00,15777.779999999932,15777.779999999932
2026-03-13 09:12:00,15777.779999999932,15777.779999999932
2026-03-13 10:12:00,15777.779999999932,15777.779999999932
2026-03-13 11:12:00,15777.779999999932,15777.779999999932
2026-03-13 12:12:00,15777.779999999932,15777.779999999932
2026-03-13 13:12:00,15777.779999999932,15777.779999999932
2026-03-13 14:12:00,15777.779999999932,15777.779999999932
2026-03-13 15:12:00,15777.779999999932,15777.779999999932
2026-03-13 16:12:00,15777.779999999932,15777.779999999932
2026-03-13 17:12:00,15777.21999999993,15942.099999999928
2026-03-13 18:12:00,15818.219999999927,15818.219999999927
2026-03-13 19:12:00,15818.219999999927,15818.219999999927
2026-03-13 20:12:00,15818.219999999927,15818.219999999927
2026-03-13 21:12:00,15818.219999999927,15818.219999999927
2026-03-13 22:12:00,15818.219999999927,15818.219999999927
2026-03-16 00:13:00,15818.219999999927,15818.219999999927
2026-03-16 01:13:00,15818.219999999927,15818.219999999927
2026-03-16 02:13:00,15818.219999999927,15818.219999999927
2026-03-16 03:13:00,15818.219999999927,15818.219999999927
2026-03-16 04:13:00,15818.219999999927,15818.219999999927
2026-03-16 05:13:00,15818.219999999927,15818.219999999927
2026-03-16 06:13:00,15818.219999999927,15818.219999999927
2026-03-16 07:13:00,15818.219999999927,15818.219999999927
2026-03-16 08:13:00,15818.219999999927,15818.219999999927
2026-03-16 09:13:00,15816.889999999927,15814.419999999925
2026-03-16 10:13:00,15657.09999999993,15657.09999999993
2026-03-16 11:13:00,15657.09999999993,15657.09999999993
2026-03-16 12:13:00,15657.09999999993,15657.09999999993
2026-03-16 13:13:00,15657.09999999993,15657.09999999993
2026-03-16 14:13:00,15657.09999999993,15657.09999999993
2026-03-16 15:13:00,15657.09999999993,15657.09999999993
2026-03-16 16:13:00,15657.09999999993,15657.09999999993
2026-03-16 17:13:00,15657.09999999993,15657.09999999993
2026-03-16 18:13:00,15657.09999999993,15657.09999999993
2026-03-16 19:13:00,15657.09999999993,15657.09999999993
2026-03-16 20:13:00,15657.09999999993,15657.09999999993
2026-03-16 21:13:00,15657.09999999993,15657.09999999993
2026-03-16 22:13:00,15657.09999999993,15657.09999999993
2026-03-17 00:14:00,15657.09999999993,15657.09999999993
2026-03-17 01:14:00,15657.09999999993,15657.09999999993
2026-03-17 02:14:00,15657.09999999993,15657.09999999993
2026-03-17 03:14:00,15657.09999999993,15657.09999999993
2026-03-17 04:14:00,15657.09999999993,15657.09999999993
2026-03-17 05:14:00,15657.09999999993,15657.09999999993
2026-03-17 06:14:00,15657.09999999993,15657.09999999993
2026-03-17 07:14:00,15657.09999999993,15657.09999999993
2026-03-17 08:14:00,16020.509999999938,16020.509999999938
2026-03-17 09:14:00,16020.509999999938,16020.509999999938
2026-03-17 10:14:00,16020.509999999938,16020.509999999938
2026-03-17 11:14:00,16020.509999999938,16020.509999999938
2026-03-17 12:14:00,16020.509999999938,16020.509999999938
2026-03-17 13:14:00,16020.509999999938,16020.509999999938
2026-03-17 14:14:00,16020.509999999938,16020.509999999938
2026-03-17 15:14:00,16020.509999999938,16020.509999999938
2026-03-17 16:14:00,16020.509999999938,16020.509999999938
2026-03-17 17:14:00,16020.509999999938,16020.509999999938
2026-03-17 18:14:00,16020.509999999938,16020.509999999938
2026-03-17 19:14:00,16020.509999999938,16020.509999999938
2026-03-17 20:14:00,16020.509999999938,16020.509999999938
2026-03-17 21:14:00,16020.509999999938,16020.509999999938
2026-03-17 22:14:00,16020.509999999938,16020.509999999938
2026-03-18 00:15:00,16020.509999999938,16020.509999999938
2026-03-18 01:15:00,16020.509999999938,16020.509999999938
2026-03-18 02:15:00,16020.509999999938,16020.509999999938
2026-03-18 03:15:00,16020.509999999938,16020.509999999938
2026-03-18 04:15:00,16020.509999999938,16020.509999999938
2026-03-18 05:15:00,16020.509999999938,16020.509999999938
2026-03-18 06:15:00,16020.509999999938,16020.509999999938
2026-03-18 07:15:00,16020.509999999938,16020.509999999938
2026-03-18 08:15:00,16020.509999999938,16020.509999999938
2026-03-18 09:15:00,16020.509999999938,16020.509999999938
2026-03-18 10:15:00,16020.509999999938,16020.509999999938
2026-03-18 11:15:00,16020.509999999938,16020.509999999938
2026-03-18 12:15:00,16077.77999999994,16103.299999999948
2026-03-18 13:15:00,16076.679999999946,16076.679999999946
2026-03-18 14:15:00,16076.679999999946,16076.679999999946
2026-03-18 15:15:00,16076.679999999946,16076.679999999946
2026-03-18 16:15:00,16076.679999999946,16076.679999999946
2026-03-18 17:15:00,16076.679999999946,16076.679999999946
2026-03-18 18:15:00,16076.679999999946,16076.679999999946
2026-03-18 19:15:00,16076.679999999946,16076.679999999946
2026-03-18 20:15:00,16076.679999999946,16076.679999999946
2026-03-18 21:15:00,16076.679999999946,16076.679999999946
2026-03-18 22:15:00,16076.679999999946,16076.679999999946
2026-03-19 00:16:00,16076.679999999946,16076.679999999946
2026-03-19 01:16:00,16076.679999999946,16076.679999999946
2026-03-19 02:16:00,16076.679999999946,16076.679999999946
2026-03-19 03:16:00,16076.679999999946,16076.679999999946
2026-03-19 04:16:00,16076.679999999946,16076.679999999946
2026-03-19 05:16:00,16076.679999999946,16076.679999999946
2026-03-19 06:16:00,16076.679999999946,16076.679999999946
2026-03-19 07:16:00,16076.679999999946,16076.679999999946
2026-03-19 08:16:00,16076.679999999946,16076.679999999946
2026-03-19 09:16:00,16076.679999999946,16076.679999999946
2026-03-19 10:16:00,16076.679999999946,16076.679999999946
2026-03-19 11:16:00,16076.679999999946,16076.679999999946
2026-03-19 12:16:00,16076.679999999946,16076.679999999946
2026-03-19 13:16:00,16076.679999999946,16076.679999999946
2026-03-19 14:16:00,16076.679999999946,16076.679999999946
2026-03-19 15:16:00,16076.679999999946,16076.679999999946
2026-03-19 16:16:00,16076.679999999946,16076.679999999946
2026-03-19 17:16:00,16076.679999999946,16076.679999999946
2026-03-19 18:16:00,16076.679999999946,16076.679999999946
2026-03-19 19:16:00,16076.679999999946,16076.679999999946
2026-03-19 20:16:00,16076.679999999946,16076.679999999946
2026-03-19 21:16:00,16076.679999999946,16076.679999999946
2026-03-19 22:16:00,16076.679999999946,16076.679999999946
2026-03-20 00:17:00,16076.679999999946,16076.679999999946
2026-03-20 01:17:00,16076.679999999946,16076.679999999946
2026-03-20 02:17:00,16076.049999999947,15981.279999999948
2026-03-20 03:17:00,16096.249999999944,16096.249999999944
2026-03-20 04:17:00,16096.249999999944,16096.249999999944
2026-03-20 05:17:00,16096.249999999944,16096.249999999944
2026-03-20 06:17:00,16096.249999999944,16096.249999999944
2026-03-20 07:17:00,16133.879999999946,16273.369999999959
2026-03-20 08:17:00,16174.179999999958,16174.179999999958
2026-03-20 09:17:00,16174.179999999958,16174.179999999958
2026-03-20 10:17:00,16174.179999999958,16174.179999999958
2026-03-20 11:17:00,16174.179999999958,16174.179999999958
2026-03-20 12:17:00,16174.179999999958,16174.179999999958
2026-03-20 13:17:00,16174.179999999958,16174.179999999958
2026-03-20 14:17:00,16174.179999999958,16174.179999999958
2026-03-20 15:17:00,16174.179999999958,16174.179999999958
2026-03-20 16:17:00,16174.179999999958,16174.179999999958
2026-03-20 17:17:00,16174.179999999958,16174.179999999958
2026-03-20 18:17:00,16174.179999999958,16174.179999999958
2026-03-20 19:17:00,16174.179999999958,16174.179999999958
2026-03-20 20:17:00,16174.179999999958,16174.179999999958
2026-03-20 21:17:00,16174.179999999958,16174.179999999958
2026-03-20 22:17:00,16174.179999999958,16174.179999999958
2026-03-23 00:18:00,16174.179999999958,16174.179999999958
2026-03-23 01:18:00,16174.179999999958,16174.179999999958
2026-03-23 02:18:00,16174.179999999958,16174.179999999958
2026-03-23 03:18:00,16174.179999999958,16174.179999999958
2026-03-23 04:18:00,16174.179999999958,16174.179999999958
2026-03-23 05:18:00,16174.179999999958,16174.179999999958
2026-03-23 06:18:00,16174.179999999958,16174.179999999958
2026-03-23 07:18:00,16174.179999999958,16174.179999999958
2026-03-23 08:18:00,16174.179999999958,16174.179999999958
2026-03-23 09:18:00,16174.179999999958,16174.179999999958
2026-03-23 10:18:00,16174.179999999958,16174.179999999958
2026-03-23 11:18:00,16173.759999999958,16180.899999999961
2026-03-23 12:18:00,16275.94999999996,16311.979999999961
2026-03-23 13:18:00,16275.649999999961,16275.649999999961
2026-03-23 14:18:00,16275.649999999961,16275.649999999961
2026-03-23 15:18:00,16275.649999999961,16275.649999999961
2026-03-23 16:18:00,16275.649999999961,16275.649999999961
2026-03-23 17:18:00,16275.649999999961,16275.649999999961
2026-03-23 18:18:00,16275.649999999961,16275.649999999961
2026-03-23 19:18:00,16275.649999999961,16275.649999999961
2026-03-23 20:18:00,16275.649999999961,16275.649999999961
2026-03-23 21:18:00,16275.649999999961,16275.649999999961
2026-03-23 22:18:00,16275.649999999961,16275.649999999961
2026-03-24 00:19:00,16275.649999999961,16275.649999999961
2026-03-24 01:19:00,16275.649999999961,16275.649999999961
2026-03-24 02:19:00,16275.649999999961,16275.649999999961
2026-03-24 03:19:00,16275.649999999961,16275.649999999961
2026-03-24 04:19:00,16275.649999999961,16275.649999999961
2026-03-24 05:19:00,16275.649999999961,16275.649999999961
2026-03-24 06:19:00,16275.159999999962,16255.419999999964
2026-03-24 07:19:00,16286.779999999966,16286.779999999966
2026-03-24 08:19:00,16286.779999999966,16286.779999999966
2026-03-24 09:19:00,16286.779999999966,16286.779999999966
2026-03-24 10:19:00,16286.779999999966,16286.779999999966
2026-03-24 11:19:00,16286.779999999966,16286.779999999966
2026-03-24 12:19:00,16286.779999999966,16286.779999999966
2026-03-24 13:19:00,16286.779999999966,16286.779999999966
2026-03-24 14:19:00,16286.779999999966,16286.779999999966
2026-03-24 15:19:00,16286.779999999966,16286.779999999966
2026-03-24 16:19:00,16286.779999999966,16286.779999999966
2026-03-24 17:19:00,16286.779999999966,16286.779999999966
2026-03-24 18:19:00,16286.779999999966,16286.779999999966
2026-03-24 19:19:00,16286.779999999966,16286.779999999966
2026-03-24 20:19:00,16361.549999999967,16599.97999999996
2026-03-24 21:19:00,16471.819999999963,16719.34999999996
2026-03-24 22:19:00,16471.819999999963,16733.509999999962
2026-03-25 00:20:00,16769.39999999996,17189.59999999996
2026-03-25 01:20:00,17205.03999999996,17205.03999999996
2026-03-25 02:20:00,17205.03999999996,17205.03999999996
2026-03-25 03:20:00,17382.039999999964,17528.259999999966
2026-03-25 04:20:00,17586.21999999997,17586.21999999997
2026-03-25 05:20:00,17586.21999999997,17586.21999999997
2026-03-25 06:20:00,17586.21999999997,17586.21999999997
2026-03-25 07:20:00,17586.21999999997,17586.21999999997
2026-03-25 08:20:00,17409.419999999976,17409.419999999976
2026-03-25 09:20:00,17409.419999999976,17409.419999999976
2026-03-25 10:20:00,17409.419999999976,17409.419999999976
2026-03-25 11:20:00,17409.419999999976,17409.419999999976
2026-03-25 12:20:00,17486.659999999974,17581.979999999974
2026-03-25 13:20:00,17486.659999999974,17633.019999999975
2026-03-25 14:20:00,17590.379999999976,17658.659999999974
2026-03-25 15:20:00,17429.319999999974,17429.319999999974
2026-03-25 16:20:00,17429.319999999974,17429.319999999974
2026-03-25 17:20:00,17429.319999999974,17429.319999999974
2026-03-25 18:20:00,17429.319999999974,17429.319999999974
2026-03-25 19:20:00,17429.319999999974,17429.319999999974
2026-03-25 20:20:00,17429.319999999974,17429.319999999974
2026-03-25 21:20:00,17429.319999999974,17429.319999999974
2026-03-25 22:20:00,17429.319999999974,17429.319999999974
2026-03-26 00:21:00,17429.319999999974,17429.319999999974
2026-03-26 01:21:00,17429.319999999974,17429.319999999974
2026-03-26 02:21:00,17429.319999999974,17429.319999999974
2026-03-26 03:21:00,17429.319999999974,17429.319999999974
2026-03-26 04:21:00,17429.319999999974,17429.319999999974
2026-03-26 05:21:00,17429.319999999974,17429.319999999974
2026-03-26 06:21:00,17429.319999999974,17429.319999999974
2026-03-26 07:21:00,17429.319999999974,17429.319999999974
2026-03-26 08:21:00,17429.039999999975,17364.079999999973
2026-03-26 09:21:00,17429.039999999975,17420.799999999974
2026-03-26 10:21:00,17429.039999999975,17414.919999999973
2026-03-26 11:21:00,17429.039999999975,17369.239999999972
2026-03-26 12:21:00,17429.039999999975,17388.319999999974
2026-03-26 13:21:00,17429.039999999975,17433.079999999973
2026-03-26 14:21:00,17429.039999999975,17388.719999999976
2026-03-26 15:21:00,17429.039999999975,17414.839999999975
2026-03-26 16:21:00,17429.039999999975,17450.319999999974
2026-03-26 17:21:00,17453.04999999998,17453.04999999998
2026-03-26 18:21:00,17453.04999999998,17453.04999999998
2026-03-26 19:21:00,17453.04999999998,17453.04999999998
2026-03-26 20:21:00,17453.04999999998,17453.04999999998
2026-03-26 21:21:00,17453.04999999998,17453.04999999998
2026-03-26 22:21:00,17453.04999999998,17453.04999999998
2026-03-27 00:22:00,17453.04999999998,17453.04999999998
2026-03-27 01:22:00,17453.04999999998,17453.04999999998
2026-03-27 02:22:00,17453.04999999998,17453.04999999998
2026-03-27 03:22:00,17453.04999999998,17453.04999999998
2026-03-27 04:22:00,17453.04999999998,17453.04999999998
2026-03-27 05:22:00,17453.04999999998,17453.04999999998
2026-03-27 06:22:00,17453.04999999998,17453.04999999998
2026-03-27 07:22:00,17453.04999999998,17453.04999999998
2026-03-27 08:22:00,17453.04999999998,17453.04999999998
2026-03-27 09:22:00,17453.04999999998,17453.04999999998
2026-03-27 10:22:00,17453.04999999998,17453.04999999998
2026-03-27 11:22:00,17453.04999999998,17453.04999999998
2026-03-27 12:22:00,17453.04999999998,17453.04999999998
2026-03-27 13:22:00,17453.04999999998,17453.04999999998
2026-03-27 14:22:00,17453.04999999998,17453.04999999998
2026-03-27 15:22:00,17453.04999999998,17453.04999999998
2026-03-27 16:22:00,17453.04999999998,17453.04999999998
2026-03-27 17:22:00,17453.04999999998,17453.04999999998
2026-03-27 18:22:00,17453.04999999998,17453.04999999998
2026-03-27 19:22:00,17452.349999999984,17406.74999999999
2026-03-27 20:22:00,17452.349999999984,17507.24999999998
2026-03-27 21:22:00,17490.389999999985,17652.309999999983
2026-03-27 22:22:00,17489.589999999993,17489.589999999993
2026-03-30 01:23:00,17489.589999999993,17489.589999999993
2026-03-30 02:23:00,17489.589999999993,17489.589999999993
2026-03-30 03:23:00,17488.609999999993,17509.049999999996
2026-03-30 04:23:00,17639.699999999997,17639.699999999997
2026-03-30 05:23:00,17639.699999999997,17639.699999999997
2026-03-30 06:23:00,17639.699999999997,17639.699999999997
2026-03-30 07:23:00,17639.699999999997,17639.699999999997
2026-03-30 08:23:00,17639.699999999997,17639.699999999997
2026-03-30 09:23:00,17639.699999999997,17639.699999999997
2026-03-30 10:23:00,17639.699999999997,17639.699999999997
2026-03-30 11:23:00,17639.699999999997,17639.699999999997
2026-03-30 12:23:00,17639.699999999997,17639.699999999997
2026-03-30 13:23:00,17639.699999999997,17639.699999999997
2026-03-30 14:23:00,17639.699999999997,17639.699999999997
2026-03-30 15:23:00,17639.699999999997,17639.699999999997
2026-03-30 16:23:00,17639.699999999997,17639.699999999997
2026-03-30 17:23:00,17639.699999999997,17639.699999999997
2026-03-30 18:23:00,17639.699999999997,17639.699999999997
2026-03-30 19:23:00,17639.699999999997,17639.699999999997
2026-03-30 20:23:00,17639.699999999997,17639.699999999997
2026-03-30 21:23:00,17639.699999999997,17639.699999999997
2026-03-30 22:23:00,17639.699999999997,17639.699999999997
2026-03-30 23:23:00,17639.699999999997,17639.699999999997
2026-03-31 01:24:00,17639.699999999997,17639.699999999997
2026-03-31 02:24:00,17639.699999999997,17639.699999999997
2026-03-31 03:24:00,17639.699999999997,17639.699999999997
2026-03-31 04:24:00,17639.699999999997,17639.699999999997
2026-03-31 05:24:00,17639.699999999997,17639.699999999997
2026-03-31 06:24:00,17638.719999999998,17455.8
2026-03-31 07:24:00,17474.92,17429.239999999998
2026-03-31 08:24:00,17474.92,17462.520000000004
2026-03-31 09:24:00,17497.840000000004,17497.840000000004
2026-03-31 10:24:00,17521.440000000002,17572.44
2026-03-31 11:24:00,17671.390000000003,17776.09
2026-03-31 12:24:00,17671.390000000003,17770.940000000002
2026-03-31 13:24:00,17671.390000000003,17726.74
2026-03-31 14:24:00,17670.89,17670.89
2026-03-31 15:24:00,17670.89,17670.89
2026-03-31 16:24:00,17670.89,17670.89
2026-03-31 17:24:00,17670.89,17670.89
2026-03-31 18:24:00,17670.89,17670.89
2026-03-31 19:24:00,17670.89,17670.89
2026-03-31 20:24:00,17670.89,17670.89
2026-03-31 21:24:00,17670.89,17670.89
2026-03-31 22:24:00,17670.89,17670.89
2026-03-31 23:24:00,17670.89,17670.89
2026-04-01 01:25:00,17670.89,17670.89
2026-04-01 02:25:00,17670.89,17670.89
2026-04-01 03:25:00,17670.89,17670.89
2026-04-01 04:25:00,17670.89,17670.89
2026-04-01 05:25:00,17670.89,17670.89
2026-04-01 06:25:00,17670.89,17670.89
2026-04-01 07:25:00,17670.89,17670.89
2026-04-01 08:25:00,17670.89,17670.89
2026-04-01 09:25:00,17670.89,17670.89
2026-04-01 10:25:00,17692.649999999998,17692.649999999998
2026-04-01 11:25:00,17692.649999999998,17692.649999999998
2026-04-01 12:25:00,17692.649999999998,17692.649999999998
2026-04-01 13:25:00,17692.649999999998,17692.649999999998
2026-04-01 14:25:00,17692.649999999998,17692.649999999998
2026-04-01 15:25:00,17692.649999999998,17692.649999999998
2026-04-01 16:25:00,17692.649999999998,17692.649999999998
2026-04-01 17:25:00,17692.649999999998,17692.649999999998
2026-04-01 18:25:00,17692.649999999998,17692.649999999998
2026-04-01 19:25:00,17692.37,17717.249999999996
2026-04-01 20:25:00,17692.37,17680.929999999997
2026-04-01 21:25:00,17717.94,17796.719999999998
2026-04-01 22:25:00,17717.94,17779.769999999997
2026-04-01 23:25:00,17717.94,17776.199999999997
2026-04-02 01:26:00,17718.39,17755.98
2026-04-02 02:26:00,17718.090000000004,17718.090000000004
2026-04-02 03:26:00,17543.089999999997,17543.089999999997
2026-04-02 04:26:00,17543.089999999997,17543.089999999997
2026-04-02 05:26:00,17543.089999999997,17543.089999999997
2026-04-02 06:26:00,17543.089999999997,17543.089999999997
2026-04-02 07:26:00,17543.089999999997,17543.089999999997
2026-04-02 08:26:00,17543.089999999997,17543.089999999997
2026-04-02 09:26:00,17543.089999999997,17543.089999999997
2026-04-02 10:26:00,17543.089999999997,17543.089999999997
2026-04-02 11:26:00,17543.089999999997,17543.089999999997
2026-04-02 12:26:00,17543.089999999997,17543.089999999997
2026-04-02 13:26:00,17543.089999999997,17543.089999999997
2026-04-02 14:26:00,17543.089999999997,17543.089999999997
2026-04-02 15:26:00,17543.089999999997,17543.089999999997
2026-04-02 16:26:00,17543.089999999997,17543.089999999997
2026-04-02 17:26:00,17543.089999999997,17543.089999999997
2026-04-02 18:26:00,17543.089999999997,17543.089999999997
2026-04-02 19:26:00,17543.089999999997,17543.089999999997
2026-04-02 20:26:00,17543.089999999997,17543.089999999997
2026-04-02 21:26:00,17543.089999999997,17543.089999999997
2026-04-02 22:26:00,17543.089999999997,17543.089999999997
2026-04-02 23:26:00,17543.089999999997,17543.089999999997
2026-04-06 01:27:00,17542.809999999998,17581.049999999996
2026-04-06 02:27:00,17627.419999999995,17627.419999999995
2026-04-06 03:27:00,17627.419999999995,17627.419999999995
2026-04-06 04:27:00,17627.419999999995,17627.419999999995
2026-04-06 05:27:00,17627.419999999995,17627.419999999995
2026-04-06 06:27:00,17627.419999999995,17627.419999999995
2026-04-06 07:27:00,17627.419999999995,17627.419999999995
2026-04-06 08:27:00,17627.419999999995,17627.419999999995
2026-04-06 09:27:00,17627.419999999995,17627.419999999995
2026-04-06 10:27:00,17691.709999999985,17691.709999999985
2026-04-06 11:27:00,17691.709999999985,17691.709999999985
2026-04-06 12:27:00,17691.709999999985,17691.709999999985
2026-04-06 13:27:00,17691.569999999985,17724.049999999985
2026-04-06 14:27:00,17691.569999999985,17720.789999999986
2026-04-06 15:27:00,17691.569999999985,17767.349999999984
2026-04-06 16:27:00,17691.569999999985,17754.989999999983
2026-04-06 17:27:00,17691.569999999985,17728.40999999998
2026-04-06 18:27:00,17691.569999999985,17765.649999999983
2026-04-06 19:27:00,17691.569999999985,17764.90999999998
2026-04-06 20:27:00,17691.569999999985,17781.009999999984
2026-04-06 21:27:00,17691.569999999985,17772.04999999998
2026-04-06 22:27:00,17691.569999999985,17801.009999999987
2026-04-06 23:27:00,17691.569999999985,17785.149999999987
2026-04-07 01:28:00,17691.869999999984,17777.929999999982
2026-04-07 02:28:00,17691.869999999984,17788.509999999984
2026-04-07 03:28:00,17691.869999999984,17782.669999999984
2026-04-07 04:28:00,17691.869999999984,17794.129999999983
2026-04-07 05:28:00,17777.509999999984,17847.99999999998
2026-04-07 06:28:00,17777.509999999984,17837.879999999983
2026-04-07 07:28:00,17777.509999999984,17831.439999999984
2026-04-07 08:28:00,17777.509999999984,17849.019999999982
2026-04-07 09:28:00,17777.509999999984,17839.689999999984
2026-04-07 10:28:00,17777.509999999984,17840.059999999983
2026-04-07 11:28:00,17777.509999999984,17802.099999999984
2026-04-07 12:28:00,17777.509999999984,17792.109999999982
2026-04-07 13:28:00,17777.509999999984,17814.209999999985
2026-04-07 14:28:00,17777.509999999984,17830.399999999983
2026-04-07 15:28:00,17777.509999999984,17815.569999999985
2026-04-07 16:28:00,17777.509999999984,17822.259999999984
2026-04-07 17:28:00,17777.509999999984,17840.449999999983
2026-04-07 18:28:00,17777.509999999984,17831.469999999983
2026-04-07 19:28:00,17777.509999999984,17820.089999999982
2026-04-07 20:28:00,17777.509999999984,17823.65999999998
2026-04-07 21:28:00,17777.509999999984,17801.859999999982
2026-04-07 22:28:00,17777.509999999984,17790.74999999998
2026-04-07 23:28:00,17777.269999999982,17776.86999999998
2026-04-08 01:29:00,17778.169999999984,17730.669999999984
2026-04-08 02:29:00,17459.99999999999,17459.99999999999
2026-04-08 03:29:00,17459.99999999999,17459.99999999999
2026-04-08 04:29:00,17459.439999999988,17405.999999999993
2026-04-08 05:29:00,17484.439999999988,17549.23999999999
2026-04-08 06:29:00,17483.839999999997,17483.839999999997
2026-04-08 07:29:00,17483.839999999997,17483.839999999997
2026-04-08 08:29:00,17483.839999999997,17483.839999999997
2026-04-08 09:29:00,17483.839999999997,17483.839999999997
2026-04-08 10:29:00,17483.839999999997,17483.839999999997
2026-04-08 11:29:00,17483.839999999997,17483.839999999997
2026-04-08 12:29:00,17483.839999999997,17483.839999999997
2026-04-08 13:29:00,17483.839999999997,17483.839999999997
2026-04-08 14:29:00,17483.839999999997,17483.839999999997
2026-04-08 15:29:00,17483.839999999997,17483.839999999997
2026-04-08 16:29:00,17483.839999999997,17483.839999999997
2026-04-08 17:29:00,17483.839999999997,17483.839999999997
2026-04-08 18:29:00,17326.520000000004,17326.520000000004
2026-04-08 19:29:00,17326.520000000004,17326.520000000004
2026-04-08 20:29:00,17326.520000000004,17326.520000000004
2026-04-08 21:29:00,17326.520000000004,17326.520000000004
2026-04-08 22:29:00,17326.520000000004,17326.520000000004
2026-04-08 23:29:00,17326.520000000004,17326.520000000004
2026-04-09 01:30:00,17326.520000000004,17326.520000000004
2026-04-09 02:30:00,17326.520000000004,17326.520000000004
2026-04-09 03:30:00,17326.520000000004,17326.520000000004
2026-04-09 04:30:00,17326.520000000004,17326.520000000004
2026-04-09 05:30:00,17326.520000000004,17326.520000000004
2026-04-09 06:30:00,17326.520000000004,17326.520000000004
2026-04-09 07:30:00,17326.520000000004,17326.520000000004
2026-04-09 08:30:00,17326.520000000004,17326.520000000004
2026-04-09 09:30:00,17326.520000000004,17326.520000000004
2026-04-09 10:30:00,17326.520000000004,17326.520000000004
2026-04-09 11:30:00,17326.520000000004,17326.520000000004
2026-04-09 12:30:00,17326.520000000004,17326.520000000004
2026-04-09 13:30:00,17325.190000000002,17195.989999999998
2026-04-09 14:30:00,17150.390000000007,17150.390000000007
2026-04-09 15:30:00,17150.390000000007,17150.390000000007
2026-04-09 16:30:00,17150.390000000007,17150.390000000007
2026-04-09 17:30:00,17150.390000000007,17150.390000000007
2026-04-09 18:30:00,17150.390000000007,17150.390000000007
2026-04-09 19:30:00,17150.390000000007,17150.390000000007
2026-04-09 20:30:00,17150.390000000007,17150.390000000007
2026-04-09 21:30:00,17150.390000000007,17150.390000000007
2026-04-09 22:30:00,17150.390000000007,17150.390000000007
2026-04-09 23:30:00,17150.390000000007,17150.390000000007
2026-04-10 01:31:00,17150.390000000007,17150.390000000007
2026-04-10 02:31:00,17150.390000000007,17150.390000000007
2026-04-10 03:31:00,17150.390000000007,17150.390000000007
2026-04-10 04:31:00,17150.390000000007,17150.390000000007
2026-04-10 05:31:00,17150.390000000007,17150.390000000007
2026-04-10 06:31:00,17150.390000000007,17150.390000000007
2026-04-10 07:31:00,17150.390000000007,17150.390000000007
2026-04-10 08:31:00,17150.390000000007,17150.390000000007
2026-04-10 09:31:00,17169.929999999997,17169.929999999997
2026-04-10 10:31:00,17169.929999999997,17169.929999999997
2026-04-10 11:31:00,17169.929999999997,17169.929999999997
2026-04-10 12:31:00,17169.929999999997,17169.929999999997
2026-04-10 13:31:00,17169.929999999997,17169.929999999997
2026-04-10 14:31:00,17169.929999999997,17169.929999999997
2026-04-10 15:31:00,17169.929999999997,17169.929999999997
2026-04-10 16:31:00,17169.929999999997,17169.929999999997
2026-04-10 17:31:00,17169.929999999997,17169.929999999997
2026-04-10 18:31:00,17169.929999999997,17169.929999999997
2026-04-10 19:31:00,17241.750000000007,17395.05000000001
2026-04-10 20:31:00,17340.17000000001,17427.29000000001
2026-04-10 21:31:00,17339.370000000014,17339.370000000014
2026-04-10 22:31:00,17339.370000000014,17339.370000000014
2026-04-10 23:31:00,17339.370000000014,17339.370000000014
2026-04-13 01:32:00,17339.370000000014,17339.370000000014
2026-04-13 02:32:00,17339.370000000014,17339.370000000014
2026-04-13 03:32:00,17339.370000000014,17339.370000000014
2026-04-13 04:32:00,17339.370000000014,17339.370000000014
2026-04-13 05:32:00,17339.370000000014,17339.370000000014
2026-04-13 06:32:00,17339.370000000014,17339.370000000014
2026-04-13 07:32:00,17339.370000000014,17339.370000000014
2026-04-13 08:32:00,17339.370000000014,17339.370000000014
2026-04-13 09:32:00,17339.370000000014,17339.370000000014
2026-04-13 10:32:00,17339.370000000014,17339.370000000014
2026-04-13 11:32:00,17339.370000000014,17339.370000000014
2026-04-13 12:32:00,17339.370000000014,17339.370000000014
2026-04-13 13:32:00,17339.370000000014,17339.370000000014
2026-04-13 14:32:00,17339.370000000014,17339.370000000014
2026-04-13 15:32:00,17339.370000000014,17339.370000000014
2026-04-13 16:32:00,17339.370000000014,17339.370000000014
2026-04-13 17:32:00,17339.370000000014,17339.370000000014
2026-04-13 18:32:00,17339.370000000014,17339.370000000014
2026-04-13 19:32:00,17338.320000000014,17318.82000000001
2026-04-13 20:32:00,17172.12000000002,17172.12000000002
2026-04-13 21:32:00,17172.12000000002,17172.12000000002
2026-04-13 22:32:00,17172.12000000002,17172.12000000002
2026-04-13 23:32:00,17172.12000000002,17172.12000000002
2026-04-14 01:33:00,17172.12000000002,17172.12000000002
2026-04-14 02:33:00,17172.12000000002,17172.12000000002
2026-04-14 03:33:00,17172.12000000002,17172.12000000002
2026-04-14 04:33:00,17172.12000000002,17172.12000000002
2026-04-14 05:33:00,17172.12000000002,17172.12000000002
2026-04-14 06:33:00,17172.12000000002,17172.12000000002
2026-04-14 07:33:00,17172.12000000002,17172.12000000002
2026-04-14 08:33:00,17172.12000000002,17172.12000000002
2026-04-14 09:33:00,17172.12000000002,17172.12000000002
2026-04-14 10:33:00,17172.12000000002,17172.12000000002
2026-04-14 11:33:00,17172.12000000002,17172.12000000002
2026-04-14 12:33:00,17172.12000000002,17172.12000000002
2026-04-14 13:33:00,17172.12000000002,17172.12000000002
2026-04-14 14:33:00,17172.12000000002,17172.12000000002
2026-04-14 15:33:00,17172.12000000002,17172.12000000002
2026-04-14 16:33:00,17172.12000000002,17172.12000000002
2026-04-14 17:33:00,17172.12000000002,17172.12000000002
2026-04-14 18:33:00,17172.12000000002,17172.12000000002
2026-04-14 19:33:00,17172.12000000002,17172.12000000002
2026-04-14 20:33:00,17172.12000000002,17172.12000000002
2026-04-14 21:33:00,17172.12000000002,17172.12000000002
2026-04-14 22:33:00,17172.12000000002,17172.12000000002
2026-04-14 23:33:00,17172.12000000002,17172.12000000002
2026-04-15 01:34:00,17311.350000000013,17311.350000000013
2026-04-15 02:34:00,17311.350000000013,17311.350000000013
2026-04-15 03:34:00,17311.350000000013,17311.350000000013
2026-04-15 04:34:00,17311.350000000013,17311.350000000013
2026-04-15 05:34:00,17311.350000000013,17311.350000000013
2026-04-15 06:34:00,17311.350000000013,17311.350000000013
2026-04-15 07:34:00,17311.350000000013,17311.350000000013
2026-04-15 08:34:00,17311.350000000013,17311.350000000013
2026-04-15 09:34:00,17333.120000000024,17333.120000000024
2026-04-15 10:34:00,17333.120000000024,17333.120000000024
2026-04-15 11:34:00,17333.120000000024,17333.120000000024
2026-04-15 12:34:00,17333.120000000024,17333.120000000024
2026-04-15 13:34:00,17333.120000000024,17333.120000000024
2026-04-15 14:34:00,17333.120000000024,17333.120000000024
2026-04-15 15:34:00,17331.790000000023,17256.36000000002
2026-04-15 16:34:00,17163.260000000024,17163.260000000024
2026-04-15 17:34:00,17163.260000000024,17163.260000000024
2026-04-15 18:34:00,17163.260000000024,17163.260000000024
2026-04-15 19:34:00,17163.260000000024,17163.260000000024
2026-04-15 20:34:00,17163.260000000024,17163.260000000024
2026-04-15 21:34:00,17163.260000000024,17163.260000000024
2026-04-15 22:34:00,17163.260000000024,17163.260000000024
2026-04-15 23:34:00,17163.260000000024,17163.260000000024
2026-04-16 01:35:00,17163.260000000024,17163.260000000024
2026-04-16 02:35:00,17163.260000000024,17163.260000000024
2026-04-16 03:35:00,17163.260000000024,17163.260000000024
2026-04-16 04:35:00,17163.260000000024,17163.260000000024
2026-04-16 05:35:00,17163.260000000024,17163.260000000024
2026-04-16 06:35:00,17163.260000000024,17163.260000000024
2026-04-16 07:35:00,17163.260000000024,17163.260000000024
2026-04-16 08:35:00,17163.260000000024,17163.260000000024
2026-04-16 09:35:00,17163.260000000024,17163.260000000024
2026-04-16 10:35:00,17163.260000000024,17163.260000000024
2026-04-16 11:35:00,17163.260000000024,17163.260000000024
2026-04-16 12:35:00,17163.260000000024,17163.260000000024
2026-04-16 13:35:00,17163.260000000024,17163.260000000024
2026-04-16 14:35:00,17163.260000000024,17163.260000000024
2026-04-16 15:35:00,17183.790000000015,17183.790000000015
2026-04-16 16:35:00,17183.790000000015,17183.790000000015
2026-04-16 17:35:00,17183.790000000015,17183.790000000015
2026-04-16 18:35:00,17183.790000000015,17183.790000000015
2026-04-16 19:35:00,17183.790000000015,17183.790000000015
2026-04-16 20:35:00,17183.790000000015,17183.790000000015
2026-04-16 21:35:00,17183.790000000015,17183.790000000015
2026-04-16 22:35:00,17183.790000000015,17183.790000000015
2026-04-16 23:35:00,17183.790000000015,17183.790000000015
2026-04-17 01:36:00,17183.790000000015,17183.790000000015
2026-04-17 02:36:00,17183.790000000015,17183.790000000015
2026-04-17 03:36:00,17183.790000000015,17183.790000000015
2026-04-17 04:36:00,17183.790000000015,17183.790000000015
2026-04-17 05:36:00,17183.790000000015,17183.790000000015
2026-04-17 06:36:00,17257.830000000013,17335.23000000001
2026-04-17 07:36:00,17257.830000000013,17397.510000000017
2026-04-17 08:36:00,17358.750000000015,17436.09000000002
2026-04-17 09:36:00,17358.150000000016,17358.150000000016
2026-04-17 10:36:00,17358.150000000016,17358.150000000016
2026-04-17 11:36:00,17358.150000000016,17358.150000000016
2026-04-17 12:36:00,17358.150000000016,17358.150000000016
2026-04-17 13:36:00,17358.150000000016,17358.150000000016
2026-04-17 14:36:00,17358.150000000016,17358.150000000016
2026-04-17 15:36:00,17358.150000000016,17358.150000000016
2026-04-17 16:36:00,17358.150000000016,17358.150000000016
2026-04-17 17:36:00,17358.150000000016,17358.150000000016
2026-04-17 18:36:00,17358.150000000016,17358.150000000016
2026-04-17 19:36:00,17358.150000000016,17358.150000000016
2026-04-17 20:36:00,17358.150000000016,17358.150000000016
2026-04-17 21:36:00,17358.150000000016,17358.150000000016
2026-04-17 22:36:00,17358.150000000016,17358.150000000016
2026-04-17 23:36:00,17358.150000000016,17358.150000000016
2026-04-20 01:37:00,17358.150000000016,17358.150000000016
2026-04-20 02:37:00,17358.150000000016,17358.150000000016
2026-04-20 03:37:00,17358.150000000016,17358.150000000016
2026-04-20 04:37:00,17358.150000000016,17358.150000000016
2026-04-20 05:37:00,17358.150000000016,17358.150000000016
2026-04-20 06:37:00,17358.150000000016,17358.150000000016
2026-04-20 07:37:00,17357.310000000016,17360.790000000015
2026-04-20 08:37:00,17357.310000000016,17437.11000000001
2026-04-20 09:37:00,17433.030000000013,17500.35000000001
2026-04-20 10:37:00,17562.330000000016,17672.970000000016
2026-04-20 11:37:00,17561.43000000002,17611.230000000018
2026-04-20 12:37:00,17561.43000000002,17588.49000000002
2026-04-20 13:37:00,17561.43000000002,17651.550000000017
2026-04-20 14:37:00,17561.43000000002,17618.13000000002
2026-04-20 15:37:00,17591.100000000006,17591.100000000006
2026-04-20 16:37:00,17611.219999999998,17611.219999999998
2026-04-20 17:37:00,17611.219999999998,17611.219999999998
2026-04-20 18:37:00,17611.219999999998,17611.219999999998
2026-04-20 19:37:00,17611.219999999998,17611.219999999998
2026-04-20 20:37:00,17611.219999999998,17611.219999999998
2026-04-20 21:37:00,17610.1,17617.77999999999
2026-04-20 22:37:00,17610.1,17625.939999999995
2026-04-20 23:37:00,17610.1,17568.019999999997
2026-04-21 01:38:00,17438.260000000002,17438.260000000002
2026-04-21 02:38:00,17438.260000000002,17438.260000000002
2026-04-21 03:38:00,17438.260000000002,17438.260000000002
2026-04-21 04:38:00,17438.260000000002,17438.260000000002
2026-04-21 05:38:00,17438.260000000002,17438.260000000002
2026-04-21 06:38:00,17438.260000000002,17438.260000000002
2026-04-21 07:38:00,17438.260000000002,17438.260000000002
2026-04-21 08:38:00,17438.260000000002,17438.260000000002
2026-04-21 09:38:00,17438.260000000002,17438.260000000002
2026-04-21 10:38:00,17438.260000000002,17438.260000000002
2026-04-21 11:38:00,17438.260000000002,17438.260000000002
2026-04-21 12:38:00,17438.260000000002,17438.260000000002
2026-04-21 13:38:00,17438.260000000002,17438.260000000002
2026-04-21 14:38:00,17438.260000000002,17438.260000000002
2026-04-21 15:38:00,17601.020000000004,17696.940000000002
2026-04-21 16:38:00,17600.22000000001,17600.22000000001
2026-04-21 17:38:00,17600.22000000001,17600.22000000001
2026-04-21 18:38:00,17599.450000000008,17642.460000000006
2026-04-21 19:38:00,17654.310000000012,17822.87000000001
2026-04-21 20:38:00,17727.470000000012,17915.170000000013
2026-04-21 21:38:00,17727.470000000012,17946.220000000012
2026-04-21 22:38:00,17727.470000000012,17951.52000000001
2026-04-21 23:38:00,18093.220000000016,18093.220000000016
2026-04-22 01:39:00,18093.220000000016,18093.220000000016
2026-04-22 02:39:00,18093.220000000016,18093.220000000016
2026-04-22 03:39:00,18093.220000000016,18093.220000000016
2026-04-22 04:39:00,18093.220000000016,18093.220000000016
2026-04-22 05:39:00,18093.220000000016,18093.220000000016
2026-04-22 06:39:00,18093.220000000016,18093.220000000016
2026-04-22 07:39:00,18093.220000000016,18093.220000000016
2026-04-22 08:39:00,18093.220000000016,18093.220000000016
2026-04-22 09:39:00,18093.220000000016,18093.220000000016
2026-04-22 10:39:00,18093.220000000016,18093.220000000016
2026-04-22 11:39:00,18093.220000000016,18093.220000000016
2026-04-22 12:39:00,18093.220000000016,18093.220000000016
2026-04-22 13:39:00,18093.220000000016,18093.220000000016
2026-04-22 14:39:00,18093.220000000016,18093.220000000016
2026-04-22 15:39:00,18093.220000000016,18093.220000000016
2026-04-22 16:39:00,18093.220000000016,18093.220000000016
2026-04-22 17:39:00,18093.220000000016,18093.220000000016
2026-04-22 18:39:00,18093.220000000016,18093.220000000016
2026-04-22 19:39:00,18093.220000000016,18093.220000000016
2026-04-22 20:39:00,18093.220000000016,18093.220000000016
2026-04-22 21:39:00,18093.220000000016,18093.220000000016
2026-04-22 22:39:00,18093.220000000016,18093.220000000016
2026-04-22 23:39:00,18093.220000000016,18093.220000000016
2026-04-23 01:40:00,18093.220000000016,18093.220000000016
2026-04-23 02:40:00,18093.220000000016,18093.220000000016
2026-04-23 03:40:00,18113.650000000016,18241.490000000016
2026-04-23 04:40:00,18113.650000000016,18191.130000000016
2026-04-23 05:40:00,18113.25000000002,18113.25000000002
2026-04-23 06:40:00,18113.25000000002,18113.25000000002
2026-04-23 07:40:00,18113.25000000002,18113.25000000002
2026-04-23 08:40:00,18113.25000000002,18113.25000000002
2026-04-23 09:40:00,18113.25000000002,18113.25000000002
2026-04-23 10:40:00,18113.25000000002,18113.25000000002
2026-04-23 11:40:00,18113.25000000002,18113.25000000002
2026-04-23 12:40:00,18113.25000000002,18113.25000000002
2026-04-23 13:40:00,18113.25000000002,18113.25000000002
2026-04-23 14:40:00,18113.25000000002,18113.25000000002
2026-04-23 15:40:00,17930.670000000042,17930.670000000042
2026-04-23 16:40:00,17930.670000000042,17930.670000000042
2026-04-23 17:40:00,17953.390000000043,17953.390000000043
2026-04-23 18:40:00,17953.390000000043,17953.390000000043
2026-04-23 19:40:00,17953.390000000043,17953.390000000043
2026-04-23 20:40:00,17953.390000000043,17953.390000000043
2026-04-23 21:40:00,17953.390000000043,17953.390000000043
2026-04-23 22:40:00,17953.390000000043,17953.390000000043
2026-04-23 23:40:00,17953.390000000043,17953.390000000043
2026-04-24 01:41:00,17953.390000000043,17953.390000000043
2026-04-24 02:41:00,17953.390000000043,17953.390000000043
2026-04-24 03:41:00,17953.390000000043,17953.390000000043
2026-04-24 04:41:00,17953.390000000043,17953.390000000043
2026-04-24 05:41:00,17953.390000000043,17953.390000000043
2026-04-24 06:41:00,17953.390000000043,17953.390000000043
2026-04-24 07:41:00,17953.390000000043,17953.390000000043
2026-04-24 08:41:00,17953.390000000043,17953.390000000043
2026-04-24 09:41:00,17953.390000000043,17953.390000000043
2026-04-24 10:41:00,17953.390000000043,17953.390000000043
2026-04-24 11:41:00,17953.390000000043,17953.390000000043
2026-04-24 12:41:00,17953.390000000043,17953.390000000043
2026-04-24 13:41:00,17953.390000000043,17953.390000000043
2026-04-24 14:41:00,17953.390000000043,17953.390000000043
2026-04-24 15:41:00,17953.390000000043,17953.390000000043
2026-04-24 16:41:00,17972.620000000043,17972.620000000043
2026-04-24 17:41:00,17972.620000000043,17972.620000000043
2026-04-24 18:41:00,17972.620000000043,17972.620000000043
2026-04-24 19:41:00,17972.620000000043,17972.620000000043
2026-04-24 20:41:00,17972.620000000043,17972.620000000043
2026-04-24 21:41:00,17972.620000000043,17972.620000000043
2026-04-24 22:41:00,17972.620000000043,17972.620000000043
2026-04-24 23:41:00,17972.620000000043,17972.620000000043
2026-04-27 01:42:00,17784.710000000057,17784.710000000057
2026-04-27 02:42:00,17784.710000000057,17784.710000000057
2026-04-27 03:42:00,17784.710000000057,17784.710000000057
2026-04-27 04:42:00,17619.29000000006,17619.29000000006
2026-04-27 05:42:00,17619.29000000006,17619.29000000006
2026-04-27 06:42:00,17619.29000000006,17619.29000000006
2026-04-27 07:42:00,17619.29000000006,17619.29000000006
2026-04-27 08:42:00,17619.29000000006,17619.29000000006
2026-04-27 09:42:00,17619.29000000006,17619.29000000006
2026-04-27 10:42:00,17619.29000000006,17619.29000000006
2026-04-27 11:42:00,17619.29000000006,17619.29000000006
2026-04-27 12:42:00,17619.29000000006,17619.29000000006
2026-04-27 13:42:00,17619.29000000006,17619.29000000006
2026-04-27 14:42:00,17619.29000000006,17619.29000000006
2026-04-27 15:42:00,17619.29000000006,17619.29000000006
2026-04-27 16:42:00,17619.29000000006,17619.29000000006
2026-04-27 17:42:00,17619.29000000006,17619.29000000006
2026-04-27 18:42:00,17619.29000000006,17619.29000000006
2026-04-27 19:42:00,17619.29000000006,17619.29000000006
2026-04-27 20:42:00,17619.29000000006,17619.29000000006
2026-04-27 21:42:00,17619.29000000006,17619.29000000006
2026-04-27 22:42:00,17619.29000000006,17619.29000000006
2026-04-27 23:42:00,17619.29000000006,17619.29000000006
2026-04-28 01:43:00,17619.29000000006,17619.29000000006
2026-04-28 02:43:00,17619.29000000006,17619.29000000006
2026-04-28 03:43:00,17619.29000000006,17619.29000000006
2026-04-28 04:43:00,17619.29000000006,17619.29000000006
2026-04-28 05:43:00,17619.29000000006,17619.29000000006
2026-04-28 06:43:00,17619.29000000006,17619.29000000006
2026-04-28 07:43:00,17619.29000000006,17619.29000000006
2026-04-28 08:43:00,17619.29000000006,17619.29000000006
2026-04-28 09:43:00,17619.29000000006,17619.29000000006
2026-04-28 10:43:00,17619.29000000006,17619.29000000006
2026-04-28 11:43:00,17619.29000000006,17619.29000000006
2026-04-28 12:43:00,17619.29000000006,17619.29000000006
2026-04-28 13:43:00,17619.29000000006,17619.29000000006
2026-04-28 14:43:00,17619.29000000006,17619.29000000006
2026-04-28 15:43:00,17619.29000000006,17619.29000000006
2026-04-28 16:43:00,17619.29000000006,17619.29000000006
2026-04-28 17:43:00,17744.79000000006,17816.090000000062
2026-04-28 18:43:00,17744.290000000063,17744.290000000063
2026-04-28 19:43:00,17744.290000000063,17744.290000000063
2026-04-28 20:43:00,17744.290000000063,17744.290000000063
2026-04-28 21:43:00,17744.290000000063,17744.290000000063
2026-04-28 22:43:00,17744.290000000063,17744.290000000063
2026-04-28 23:43:00,17744.290000000063,17744.290000000063
2026-04-29 01:44:00,17744.290000000063,17744.290000000063
2026-04-29 02:44:00,17744.290000000063,17744.290000000063
2026-04-29 03:44:00,17744.290000000063,17744.290000000063
2026-04-29 04:44:00,17744.290000000063,17744.290000000063
2026-04-29 05:44:00,17744.290000000063,17744.290000000063
2026-04-29 06:44:00,17744.290000000063,17744.290000000063
2026-04-29 07:44:00,17744.290000000063,17744.290000000063
2026-04-29 08:44:00,17744.290000000063,17744.290000000063
2026-04-29 09:44:00,17763.940000000053,17763.940000000053
2026-04-29 10:44:00,17763.940000000053,17763.940000000053
2026-04-29 11:44:00,17763.940000000053,17763.940000000053
2026-04-29 12:44:00,17583.220000000056,17583.220000000056
2026-04-29 13:44:00,17603.710000000057,17703.970000000067
2026-04-29 14:44:00,17601.91000000007,17601.91000000007
2026-04-29 15:44:00,17601.91000000007,17601.91000000007
2026-04-29 16:44:00,17601.91000000007,17601.91000000007
2026-04-29 17:44:00,17601.91000000007,17601.91000000007
2026-04-29 18:44:00,17601.91000000007,17601.91000000007
2026-04-29 19:44:00,17601.91000000007,17601.91000000007
2026-04-29 20:44:00,17601.91000000007,17601.91000000007
2026-04-29 21:44:00,17601.91000000007,17601.91000000007
2026-04-29 22:44:00,17601.91000000007,17601.91000000007
2026-04-29 23:44:00,17601.91000000007,17601.91000000007
2026-04-30 01:45:00,17601.91000000007,17601.91000000007
2026-04-30 02:45:00,17601.91000000007,17601.91000000007
2026-04-30 03:45:00,17601.91000000007,17601.91000000007
2026-04-30 04:45:00,17601.91000000007,17601.91000000007
2026-04-30 05:45:00,17601.91000000007,17601.91000000007
2026-04-30 06:45:00,17601.91000000007,17601.91000000007
2026-04-30 07:45:00,17601.91000000007,17601.91000000007
2026-04-30 08:45:00,17601.91000000007,17601.91000000007
2026-04-30 09:45:00,17601.91000000007,17601.91000000007
2026-04-30 10:45:00,17601.91000000007,17601.91000000007
2026-04-30 11:45:00,17601.91000000007,17601.91000000007
2026-04-30 12:45:00,17601.91000000007,17601.91000000007
2026-04-30 13:45:00,17601.91000000007,17601.91000000007
2026-04-30 14:45:00,17601.91000000007,17601.91000000007
2026-04-30 15:45:00,17601.91000000007,17601.91000000007
2026-04-30 16:45:00,17601.91000000007,17601.91000000007
2026-04-30 17:45:00,17601.91000000007,17601.91000000007
2026-04-30 18:45:00,17601.91000000007,17601.91000000007
2026-04-30 19:45:00,17601.91000000007,17601.91000000007
2026-04-30 20:45:00,17601.91000000007,17601.91000000007
2026-04-30 21:45:00,17601.91000000007,17601.91000000007
2026-04-30 22:45:00,17601.91000000007,17601.91000000007
2026-04-30 23:45:00,17601.91000000007,17601.91000000007
2026-05-01 01:46:00,17601.91000000007,17601.91000000007
2026-05-01 02:46:00,17601.91000000007,17601.91000000007
2026-05-01 03:46:00,17601.91000000007,17601.91000000007
2026-05-01 04:46:00,17601.91000000007,17601.91000000007
2026-05-01 05:46:00,17601.91000000007,17601.91000000007
2026-05-01 06:46:00,17601.91000000007,17601.91000000007
2026-05-01 07:46:00,17601.91000000007,17601.91000000007
2026-05-01 08:46:00,17601.91000000007,17601.91000000007
2026-05-01 09:46:00,17601.91000000007,17601.91000000007
2026-05-01 10:46:00,17601.91000000007,17601.91000000007
2026-05-01 11:46:00,17601.91000000007,17601.91000000007
2026-05-01 12:46:00,17601.91000000007,17601.91000000007
2026-05-01 13:46:00,17601.91000000007,17601.91000000007
2026-05-01 14:46:00,17601.91000000007,17601.91000000007
2026-05-01 15:46:00,17601.91000000007,17601.91000000007
2026-05-01 16:46:00,17601.91000000007,17601.91000000007
2026-05-01 17:46:00,17601.91000000007,17601.91000000007
2026-05-01 18:46:00,17601.91000000007,17601.91000000007
2026-05-01 19:46:00,17601.91000000007,17601.91000000007
2026-05-01 20:46:00,17601.91000000007,17601.91000000007
2026-05-01 21:46:00,17663.290000000066,17663.290000000066
2026-05-01 22:46:00,17663.290000000066,17663.290000000066
2026-05-01 23:46:00,17663.290000000066,17663.290000000066
2026-05-04 01:47:00,17663.290000000066,17663.290000000066
2026-05-04 02:47:00,17663.290000000066,17663.290000000066
2026-05-04 03:47:00,17663.290000000066,17663.290000000066
2026-05-04 04:47:00,17663.290000000066,17663.290000000066
2026-05-04 05:47:00,17663.290000000066,17663.290000000066
2026-05-04 06:47:00,17663.290000000066,17663.290000000066
2026-05-04 07:47:00,17663.290000000066,17663.290000000066
2026-05-04 08:47:00,17663.290000000066,17663.290000000066
2026-05-04 09:47:00,17663.290000000066,17663.290000000066
2026-05-04 10:47:00,17663.290000000066,17663.290000000066
2026-05-04 11:47:00,17663.290000000066,17663.290000000066
2026-05-04 12:47:00,17663.290000000066,17663.290000000066
2026-05-04 13:47:00,17663.290000000066,17663.290000000066
2026-05-04 14:47:00,17663.290000000066,17663.290000000066
2026-05-04 15:47:00,17663.290000000066,17663.290000000066
2026-05-04 16:47:00,17663.290000000066,17663.290000000066
2026-05-04 17:47:00,17663.290000000066,17663.290000000066
2026-05-04 18:47:00,17663.290000000066,17663.290000000066
2026-05-04 19:47:00,17663.290000000066,17663.290000000066
2026-05-04 20:47:00,17663.290000000066,17663.290000000066
2026-05-04 21:47:00,17663.290000000066,17663.290000000066
2026-05-04 22:47:00,17663.290000000066,17663.290000000066
2026-05-04 23:47:00,17663.290000000066,17663.290000000066
2026-05-05 01:48:00,17663.290000000066,17663.290000000066
2026-05-05 02:48:00,17663.290000000066,17663.290000000066
2026-05-05 03:48:00,17663.290000000066,17663.290000000066
2026-05-05 04:48:00,17663.290000000066,17663.290000000066
2026-05-05 05:48:00,17663.290000000066,17663.290000000066
2026-05-05 06:48:00,17663.290000000066,17663.290000000066
2026-05-05 07:48:00,17663.290000000066,17663.290000000066
2026-05-05 08:48:00,17663.290000000066,17663.290000000066
2026-05-05 09:48:00,17663.290000000066,17663.290000000066
2026-05-05 10:48:00,17663.290000000066,17663.290000000066
2026-05-05 11:48:00,17663.290000000066,17663.290000000066
2026-05-05 12:48:00,17663.290000000066,17663.290000000066
2026-05-05 13:48:00,17663.290000000066,17663.290000000066
2026-05-05 14:48:00,17897.380000000067,17897.380000000067
2026-05-05 15:48:00,17897.380000000067,17897.380000000067
2026-05-05 16:48:00,17895.840000000066,17916.740000000063
2026-05-05 17:48:00,17955.140000000058,17955.140000000058
2026-05-05 18:48:00,17955.140000000058,17955.140000000058
2026-05-05 19:48:00,17955.140000000058,17955.140000000058
2026-05-05 20:48:00,17955.140000000058,17955.140000000058
2026-05-05 21:48:00,17955.140000000058,17955.140000000058
2026-05-05 22:48:00,17955.140000000058,17955.140000000058
2026-05-05 23:48:00,17955.140000000058,17955.140000000058
2026-05-06 01:49:00,17953.390000000058,17872.140000000058
2026-05-06 02:49:00,18206.86000000005,18206.86000000005
2026-05-06 03:49:00,18206.86000000005,18206.86000000005
2026-05-06 04:49:00,18206.86000000005,18206.86000000005
2026-05-06 05:49:00,18206.86000000005,18206.86000000005
2026-05-06 06:49:00,18206.86000000005,18206.86000000005
2026-05-06 07:49:00,18206.86000000005,18206.86000000005
2026-05-06 08:49:00,18206.86000000005,18206.86000000005
2026-05-06 09:49:00,18206.86000000005,18206.86000000005
2026-05-06 10:49:00,18206.86000000005,18206.86000000005
2026-05-06 11:49:00,18206.86000000005,18206.86000000005
2026-05-06 12:49:00,18206.86000000005,18206.86000000005
2026-05-06 13:49:00,18206.86000000005,18206.86000000005
2026-05-06 14:49:00,18206.86000000005,18206.86000000005
2026-05-06 15:49:00,18225.340000000062,18225.340000000062
2026-05-06 16:49:00,18225.340000000062,18225.340000000062
2026-05-06 17:49:00,18225.340000000062,18225.340000000062
2026-05-06 18:49:00,18225.340000000062,18225.340000000062
2026-05-06 19:49:00,18225.340000000062,18225.340000000062
2026-05-06 20:49:00,18225.340000000062,18225.340000000062
2026-05-06 21:49:00,18225.340000000062,18225.340000000062
2026-05-06 22:49:00,18225.340000000062,18225.340000000062
2026-05-06 23:49:00,18225.340000000062,18225.340000000062
2026-05-07 01:50:00,18225.340000000062,18225.340000000062
2026-05-07 02:50:00,18225.340000000062,18225.340000000062
2026-05-07 03:50:00,18225.340000000062,18225.340000000062
2026-05-07 04:50:00,18225.340000000062,18225.340000000062
2026-05-07 05:50:00,18225.340000000062,18225.340000000062
2026-05-07 06:50:00,18225.340000000062,18225.340000000062
2026-05-07 07:50:00,18225.340000000062,18225.340000000062
2026-05-07 08:50:00,18225.340000000062,18225.340000000062
2026-05-07 09:50:00,18225.340000000062,18225.340000000062
2026-05-07 10:50:00,18225.340000000062,18225.340000000062
2026-05-07 11:50:00,18225.340000000062,18225.340000000062
2026-05-07 12:50:00,18225.340000000062,18225.340000000062
2026-05-07 13:50:00,18240.91000000005,18240.91000000005
2026-05-07 14:50:00,18240.91000000005,18240.91000000005
2026-05-07 15:50:00,18240.91000000005,18240.91000000005
2026-05-07 16:50:00,18240.91000000005,18240.91000000005
2026-05-07 17:50:00,18240.91000000005,18240.91000000005
2026-05-07 18:50:00,18240.91000000005,18240.91000000005
2026-05-07 19:50:00,18240.91000000005,18240.91000000005
2026-05-07 20:50:00,18240.91000000005,18240.91000000005
2026-05-07 21:50:00,18240.91000000005,18240.91000000005
2026-05-07 22:50:00,18240.91000000005,18240.91000000005
2026-05-07 23:50:00,18240.91000000005,18240.91000000005
2026-05-08 01:51:00,18240.91000000005,18240.91000000005
2026-05-08 02:51:00,18240.91000000005,18240.91000000005
2026-05-08 03:51:00,18240.91000000005,18240.91000000005
2026-05-08 04:51:00,18240.91000000005,18240.91000000005
2026-05-08 05:51:00,18059.26000000005,18059.26000000005
2026-05-08 06:51:00,18059.26000000005,18059.26000000005
2026-05-08 07:51:00,18059.26000000005,18059.26000000005
2026-05-08 08:51:00,18059.26000000005,18059.26000000005
2026-05-08 09:51:00,18059.26000000005,18059.26000000005
2026-05-08 10:51:00,18059.26000000005,18059.26000000005
2026-05-08 11:51:00,18059.26000000005,18059.26000000005
2026-05-08 12:51:00,18059.26000000005,18059.26000000005
2026-05-08 13:51:00,18059.26000000005,18059.26000000005
2026-05-08 14:51:00,18059.26000000005,18059.26000000005
2026-05-08 15:51:00,18076.180000000044,18076.180000000044
2026-05-08 16:51:00,18076.180000000044,18076.180000000044
2026-05-08 17:51:00,18182.84000000004,18290.32000000004
2026-05-08 18:51:00,18182.84000000004,18318.720000000038
2026-05-08 19:51:00,18182.84000000004,18310.60000000004
2026-05-08 20:51:00,18182.84000000004,18281.44000000004
2026-05-08 21:51:00,18182.84000000004,18267.36000000004
2026-05-08 22:51:00,18182.84000000004,18260.60000000004
2026-05-08 23:51:00,18182.84000000004,18301.240000000038
2026-05-11 01:52:00,18430.60000000004,18430.60000000004
2026-05-11 02:52:00,18430.60000000004,18430.60000000004
2026-05-11 03:52:00,18430.60000000004,18430.60000000004
2026-05-11 04:52:00,18449.390000000043,18449.390000000043
2026-05-11 05:52:00,18449.390000000043,18449.390000000043
2026-05-11 06:52:00,18449.390000000043,18449.390000000043
2026-05-11 07:52:00,18449.390000000043,18449.390000000043
2026-05-11 08:52:00,18449.390000000043,18449.390000000043
2026-05-11 09:52:00,18449.390000000043,18449.390000000043
2026-05-11 10:52:00,18449.390000000043,18449.390000000043
2026-05-11 11:52:00,18449.390000000043,18449.390000000043
2026-05-11 12:52:00,18449.390000000043,18449.390000000043
2026-05-11 13:52:00,18449.390000000043,18449.390000000043
2026-05-11 14:52:00,18449.390000000043,18449.390000000043
2026-05-11 15:52:00,18449.390000000043,18449.390000000043
2026-05-11 16:52:00,18449.390000000043,18449.390000000043
2026-05-11 17:52:00,18449.390000000043,18449.390000000043
2026-05-11 18:52:00,18449.390000000043,18449.390000000043
2026-05-11 19:52:00,18448.270000000044,18501.390000000054
2026-05-11 20:52:00,18514.750000000044,18603.71000000005
2026-05-11 21:52:00,18581.230000000047,18639.99000000005
2026-05-11 22:52:00,18581.230000000047,18661.99000000005
2026-05-11 23:52:00,18581.230000000047,18667.99000000005
2026-05-12 01:53:00,18692.03000000005,18692.03000000005
2026-05-12 02:53:00,18692.03000000005,18692.03000000005
2026-05-12 03:53:00,18692.03000000005,18692.03000000005
2026-05-12 04:53:00,18692.03000000005,18692.03000000005
2026-05-12 05:53:00,18692.03000000005,18692.03000000005
2026-05-12 06:53:00,18692.03000000005,18692.03000000005
2026-05-12 07:53:00,18692.03000000005,18692.03000000005
2026-05-12 08:53:00,18692.03000000005,18692.03000000005
2026-05-12 09:53:00,18692.03000000005,18692.03000000005
2026-05-12 10:53:00,18692.03000000005,18692.03000000005
2026-05-12 11:53:00,18692.03000000005,18692.03000000005
2026-05-12 12:53:00,18692.03000000005,18692.03000000005
2026-05-12 13:53:00,18692.03000000005,18692.03000000005
2026-05-12 14:53:00,18692.03000000005,18692.03000000005
2026-05-12 15:53:00,18692.03000000005,18692.03000000005
2026-05-12 16:53:00,18692.03000000005,18692.03000000005
2026-05-12 17:53:00,18824.16000000006,18824.16000000006
2026-05-12 18:53:00,18824.16000000006,18824.16000000006
2026-05-12 19:53:00,18824.16000000006,18824.16000000006
2026-05-12 20:53:00,18824.16000000006,18824.16000000006
2026-05-12 21:53:00,18824.16000000006,18824.16000000006
2026-05-12 22:53:00,18824.16000000006,18824.16000000006
2026-05-12 23:53:00,18824.16000000006,18824.16000000006
2026-05-13 01:54:00,18824.16000000006,18824.16000000006
2026-05-13 02:54:00,18824.16000000006,18824.16000000006
2026-05-13 03:54:00,18824.16000000006,18824.16000000006
2026-05-13 04:54:00,18824.16000000006,18824.16000000006
2026-05-13 05:54:00,18824.16000000006,18824.16000000006
2026-05-13 06:54:00,18824.16000000006,18824.16000000006
2026-05-13 07:54:00,18824.16000000006,18824.16000000006
2026-05-13 08:54:00,18824.16000000006,18824.16000000006
2026-05-13 09:54:00,18824.16000000006,18824.16000000006
2026-05-13 10:54:00,18824.16000000006,18824.16000000006
2026-05-13 11:54:00,18824.16000000006,18824.16000000006
2026-05-13 12:54:00,18824.16000000006,18824.16000000006
2026-05-13 13:54:00,18824.16000000006,18824.16000000006
2026-05-13 14:54:00,18824.16000000006,18824.16000000006
2026-05-13 15:54:00,18824.16000000006,18824.16000000006
2026-05-13 16:54:00,18824.16000000006,18824.16000000006
2026-05-13 17:54:00,18824.16000000006,18824.16000000006
2026-05-13 18:54:00,18824.16000000006,18824.16000000006
2026-05-13 19:54:00,18824.16000000006,18824.16000000006
2026-05-13 20:54:00,18824.16000000006,18824.16000000006
2026-05-13 21:54:00,18824.16000000006,18824.16000000006
2026-05-13 22:54:00,18824.16000000006,18824.16000000006
2026-05-13 23:54:00,18824.16000000006,18824.16000000006
2026-05-14 01:55:00,18824.16000000006,18824.16000000006
2026-05-14 02:55:00,18824.16000000006,18824.16000000006
2026-05-14 03:55:00,18824.16000000006,18824.16000000006
2026-05-14 04:55:00,18824.16000000006,18824.16000000006
2026-05-14 05:55:00,18824.16000000006,18824.16000000006
2026-05-14 06:55:00,18824.16000000006,18824.16000000006
2026-05-14 07:55:00,18824.16000000006,18824.16000000006
2026-05-14 08:55:00,18824.16000000006,18824.16000000006
2026-05-14 09:55:00,18986.55000000006,19173.900000000045
2026-05-14 10:55:00,19274.870000000054,19366.570000000054
2026-05-14 11:55:00,19274.870000000054,19321.770000000048
2026-05-14 12:55:00,19273.870000000054,19273.870000000054
2026-05-14 13:55:00,19273.870000000054,19273.870000000054
2026-05-14 14:55:00,19273.870000000054,19273.870000000054
2026-05-14 15:55:00,19273.870000000054,19273.870000000054
2026-05-14 16:55:00,19273.870000000054,19273.870000000054
2026-05-14 17:55:00,19273.870000000054,19273.870000000054
2026-05-14 18:55:00,19273.870000000054,19273.870000000054
2026-05-14 19:55:00,19273.870000000054,19273.870000000054
2026-05-14 20:55:00,19273.870000000054,19273.870000000054
2026-05-14 21:55:00,19273.870000000054,19273.870000000054
2026-05-14 22:55:00,19273.870000000054,19273.870000000054
2026-05-14 23:55:00,19273.870000000054,19273.870000000054
2026-05-15 01:56:00,19273.870000000054,19273.870000000054
2026-05-15 02:56:00,19273.870000000054,19273.870000000054
2026-05-15 03:56:00,19273.870000000054,19273.870000000054
2026-05-15 04:56:00,19293.440000000053,19293.440000000053
2026-05-15 05:56:00,19293.440000000053,19293.440000000053
2026-05-15 06:56:00,19293.440000000053,19293.440000000053
2026-05-15 07:56:00,19293.440000000053,19293.440000000053
2026-05-15 08:56:00,19293.440000000053,19293.440000000053
2026-05-15 09:56:00,19293.440000000053,19293.440000000053
2026-05-15 10:56:00,19293.440000000053,19293.440000000053
2026-05-15 11:56:00,19293.440000000053,19293.440000000053
2026-05-15 12:56:00,19293.440000000053,19293.440000000053
2026-05-15 13:56:00,19293.440000000053,19293.440000000053
2026-05-15 14:56:00,19293.440000000053,19293.440000000053
2026-05-15 15:56:00,19293.440000000053,19293.440000000053
2026-05-15 16:56:00,19293.440000000053,19293.440000000053
2026-05-15 17:56:00,19293.440000000053,19293.440000000053
2026-05-15 18:56:00,19293.440000000053,19293.440000000053
2026-05-15 19:56:00,19293.440000000053,19293.440000000053
2026-05-15 20:56:00,19293.440000000053,19293.440000000053
2026-05-15 21:56:00,19293.440000000053,19293.440000000053
2026-05-15 22:56:00,19293.440000000053,19293.440000000053
2026-05-15 23:56:00,19293.440000000053,19293.440000000053
2026-05-18 01:57:00,19293.440000000053,19293.440000000053
2026-05-18 02:57:00,19293.440000000053,19293.440000000053
2026-05-18 03:57:00,19293.440000000053,19293.440000000053
2026-05-18 04:57:00,19293.440000000053,19293.440000000053
2026-05-18 05:57:00,19293.440000000053,19293.440000000053
2026-05-18 06:57:00,19293.440000000053,19293.440000000053
2026-05-18 07:57:00,19293.440000000053,19293.440000000053
2026-05-18 08:57:00,19293.440000000053,19293.440000000053
2026-05-18 09:57:00,19293.440000000053,19293.440000000053
2026-05-18 10:57:00,19293.440000000053,19293.440000000053
2026-05-18 11:57:00,19293.440000000053,19293.440000000053
2026-05-18 12:57:00,19293.440000000053,19293.440000000053
2026-05-18 13:57:00,19293.440000000053,19293.440000000053
2026-05-18 14:57:00,19293.440000000053,19293.440000000053
2026-05-18 15:57:00,19293.440000000053,19293.440000000053
2026-05-18 16:57:00,19293.440000000053,19293.440000000053
2026-05-18 17:57:00,19310.480000000047,19310.480000000047
2026-05-18 18:57:00,19310.480000000047,19310.480000000047
2026-05-18 19:57:00,19310.480000000047,19310.480000000047
2026-05-18 20:57:00,19310.480000000047,19310.480000000047
2026-05-18 21:57:00,19310.480000000047,19310.480000000047
2026-05-18 22:57:00,19364.15000000005,19394.93000000005
2026-05-18 23:57:00,19363.250000000047,19363.250000000047
2026-05-19 01:58:00,19363.250000000047,19363.250000000047
2026-05-19 02:58:00,19363.250000000047,19363.250000000047
2026-05-19 03:58:00,19363.250000000047,19363.250000000047
2026-05-19 04:58:00,19363.250000000047,19363.250000000047
2026-05-19 05:58:00,19363.250000000047,19363.250000000047
2026-05-19 06:58:00,19363.250000000047,19363.250000000047
2026-05-19 07:58:00,19363.250000000047,19363.250000000047
2026-05-19 08:58:00,19363.250000000047,19363.250000000047
2026-05-19 09:58:00,19363.250000000047,19363.250000000047
2026-05-19 10:58:00,19363.250000000047,19363.250000000047
2026-05-19 11:58:00,19363.250000000047,19363.250000000047
2026-05-19 12:58:00,19363.250000000047,19363.250000000047
2026-05-19 13:58:00,19363.250000000047,19363.250000000047
2026-05-19 14:58:00,19363.250000000047,19363.250000000047
2026-05-19 15:58:00,19363.250000000047,19363.250000000047
2026-05-19 16:58:00,19363.250000000047,19363.250000000047
2026-05-19 17:58:00,19363.250000000047,19363.250000000047
2026-05-19 18:58:00,19363.250000000047,19363.250000000047
2026-05-19 19:58:00,19363.250000000047,19363.250000000047
2026-05-19 20:58:00,19363.250000000047,19363.250000000047
2026-05-19 21:58:00,19363.250000000047,19363.250000000047
2026-05-19 22:58:00,19363.250000000047,19363.250000000047
2026-05-19 23:58:00,19363.250000000047,19363.250000000047
2026-05-20 01:59:00,19363.250000000047,19363.250000000047
2026-05-20 02:59:00,19363.250000000047,19363.250000000047
2026-05-20 03:59:00,19363.250000000047,19363.250000000047
2026-05-20 04:59:00,19363.250000000047,19363.250000000047
2026-05-20 05:59:00,19363.250000000047,19363.250000000047
2026-05-20 06:59:00,19363.250000000047,19363.250000000047
2026-05-20 07:59:00,19363.250000000047,19363.250000000047
2026-05-20 08:59:00,19363.250000000047,19363.250000000047
2026-05-20 09:59:00,19363.250000000047,19363.250000000047
2026-05-20 10:59:00,19363.250000000047,19363.250000000047
2026-05-20 11:59:00,19363.250000000047,19363.250000000047
2026-05-20 12:59:00,19363.250000000047,19363.250000000047
2026-05-20 13:59:00,19363.250000000047,19363.250000000047
2026-05-20 14:59:00,19363.250000000047,19363.250000000047
2026-05-20 15:59:00,19363.250000000047,19363.250000000047
2026-05-20 16:59:00,19363.250000000047,19363.250000000047
2026-05-20 17:59:00,19382.83000000004,19382.83000000004
2026-05-20 18:59:00,19382.83000000004,19382.83000000004
2026-05-20 19:59:00,19382.83000000004,19382.83000000004
2026-05-20 20:59:00,19382.83000000004,19382.83000000004
2026-05-20 21:59:00,19382.83000000004,19382.83000000004
2026-05-20 22:59:00,19382.83000000004,19382.83000000004
2026-05-21 01:00:00,19382.83000000004,19382.83000000004
2026-05-21 02:00:00,19382.83000000004,19382.83000000004
2026-05-21 03:00:00,19382.83000000004,19382.83000000004
2026-05-21 04:00:00,19382.83000000004,19382.83000000004
2026-05-21 05:00:00,19382.83000000004,19382.83000000004
2026-05-21 06:00:00,19382.83000000004,19382.83000000004
2026-05-21 07:00:00,19382.83000000004,19382.83000000004
2026-05-21 08:00:00,19382.83000000004,19382.83000000004
2026-05-21 09:00:00,19382.83000000004,19382.83000000004
2026-05-21 10:00:00,19382.83000000004,19382.83000000004
2026-05-21 11:00:00,19405.330000000045,19502.530000000057
2026-05-21 12:00:00,19647.13000000005,19647.13000000005
2026-05-21 13:00:00,19647.13000000005,19647.13000000005
2026-05-21 14:00:00,19647.13000000005,19647.13000000005
2026-05-21 15:00:00,19666.49000000005,19707.30000000005
2026-05-21 16:00:00,19665.39000000005,19665.39000000005
2026-05-21 17:00:00,19665.39000000005,19665.39000000005
2026-05-21 18:00:00,19665.39000000005,19665.39000000005
2026-05-21 19:00:00,19665.39000000005,19665.39000000005
2026-05-21 20:00:00,19665.39000000005,19665.39000000005
2026-05-21 21:00:00,19665.39000000005,19665.39000000005
2026-05-21 22:00:00,19665.39000000005,19665.39000000005
2026-05-21 23:00:00,19665.39000000005,19665.39000000005
2026-05-22 01:01:00,19665.39000000005,19665.39000000005
2026-05-22 02:01:00,19665.39000000005,19665.39000000005
2026-05-22 03:01:00,19665.39000000005,19665.39000000005
2026-05-22 04:01:00,19733.48000000005,19819.020000000048
2026-05-22 05:01:00,19732.18000000006,19732.18000000006
2026-05-22 06:01:00,19732.18000000006,19732.18000000006
2026-05-22 07:01:00,19732.18000000006,19732.18000000006
2026-05-22 08:01:00,19732.18000000006,19732.18000000006
2026-05-22 09:01:00,19732.18000000006,19732.18000000006
2026-05-22 10:01:00,19732.18000000006,19732.18000000006
2026-05-22 11:01:00,19732.18000000006,19732.18000000006
2026-05-22 12:01:00,19732.18000000006,19732.18000000006
2026-05-22 13:01:00,19732.18000000006,19732.18000000006
2026-05-22 14:01:00,19732.18000000006,19732.18000000006
2026-05-22 15:01:00,19732.18000000006,19732.18000000006
2026-05-22 16:01:00,19732.18000000006,19732.18000000006
2026-05-22 17:01:00,19732.18000000006,19732.18000000006
2026-05-22 18:01:00,19732.18000000006,19732.18000000006
2026-05-22 19:01:00,19732.18000000006,19732.18000000006
2026-05-22 20:01:00,19732.18000000006,19732.18000000006
2026-05-22 21:01:00,19732.18000000006,19732.18000000006
2026-05-22 22:01:00,19732.18000000006,19732.18000000006
2026-05-22 23:01:00,19732.18000000006,19732.18000000006
2026-05-25 01:02:00,19732.18000000006,19732.18000000006
2026-05-25 02:02:00,19732.18000000006,19732.18000000006
2026-05-25 03:02:00,19732.18000000006,19732.18000000006
2026-05-25 04:02:00,19732.18000000006,19732.18000000006
2026-05-25 05:02:00,19732.18000000006,19732.18000000006
2026-05-25 06:02:00,19732.18000000006,19732.18000000006
2026-05-25 07:02:00,19732.18000000006,19732.18000000006
2026-05-25 08:02:00,19732.18000000006,19732.18000000006
2026-05-25 09:02:00,19732.18000000006,19732.18000000006
2026-05-25 10:02:00,19732.18000000006,19732.18000000006
2026-05-25 11:02:00,19732.18000000006,19732.18000000006
2026-05-25 12:02:00,19732.18000000006,19732.18000000006
2026-05-25 13:02:00,19732.18000000006,19732.18000000006
2026-05-25 14:02:00,19732.18000000006,19732.18000000006
2026-05-25 15:02:00,19732.18000000006,19732.18000000006
2026-05-25 16:02:00,19732.18000000006,19732.18000000006
2026-05-25 17:02:00,19732.18000000006,19732.18000000006
2026-05-25 18:02:00,19732.18000000006,19732.18000000006
2026-05-25 19:02:00,19732.18000000006,19732.18000000006
2026-05-25 20:02:00,19732.18000000006,19732.18000000006
2026-05-25 21:02:00,19732.18000000006,19732.18000000006
2026-05-25 22:03:00,19732.18000000006,19732.18000000006
2026-05-26 01:54:00,19732.18000000006,19732.18000000006
2026-05-26 02:54:00,19732.18000000006,19732.18000000006
2026-05-26 03:54:00,19731.83000000006,19698.78000000006
2026-05-26 04:54:00,19731.83000000006,19663.13000000006
2026-05-26 05:54:00,19731.83000000006,19649.33000000006
2026-05-26 06:54:00,19731.83000000006,19700.880000000063
2026-05-26 07:54:00,19731.83000000006,19625.98000000006
2026-05-26 08:54:00,19731.83000000006,19622.33000000006
2026-05-26 09:54:00,19731.83000000006,19644.93000000006
2026-05-26 10:54:00,19731.83000000006,19645.83000000006
2026-05-26 11:54:00,19731.83000000006,19608.63000000006
2026-05-26 12:54:00,19731.83000000006,19582.83000000006
2026-05-26 13:54:00,19731.83000000006,19661.08000000006
2026-05-26 14:54:00,19535.780000000064,19535.780000000064
2026-05-26 15:54:00,19535.780000000064,19535.780000000064
2026-05-26 16:54:00,19535.780000000064,19535.780000000064
2026-05-26 17:54:00,19556.98000000006,19556.98000000006
2026-05-26 18:54:00,19556.98000000006,19556.98000000006
2026-05-26 19:54:00,19556.98000000006,19556.98000000006
2026-05-26 20:54:00,19556.98000000006,19556.98000000006
2026-05-26 21:54:00,19556.98000000006,19556.98000000006
2026-05-26 22:54:00,19556.98000000006,19556.98000000006
2026-05-26 23:54:00,19556.98000000006,19556.98000000006
2026-05-27 01:55:00,19556.98000000006,19556.98000000006
2026-05-27 02:55:00,19556.98000000006,19556.98000000006
2026-05-27 03:55:00,19556.98000000006,19556.98000000006
2026-05-27 04:55:00,19556.98000000006,19556.98000000006
2026-05-27 05:55:00,19556.98000000006,19556.98000000006
2026-05-27 06:55:00,19556.98000000006,19556.98000000006
2026-05-27 07:55:00,19556.98000000006,19556.98000000006
2026-05-27 08:55:00,19556.98000000006,19556.98000000006
2026-05-27 09:55:00,19556.98000000006,19556.98000000006
2026-05-27 10:55:00,19556.98000000006,19556.98000000006
2026-05-27 11:55:00,19556.98000000006,19556.98000000006
2026-05-27 12:55:00,19556.98000000006,19556.98000000006
2026-05-27 13:55:00,19556.98000000006,19556.98000000006
2026-05-27 14:55:00,19556.98000000006,19556.98000000006
2026-05-27 15:55:00,19556.98000000006,19556.98000000006
2026-05-27 16:55:00,19556.98000000006,19556.98000000006
2026-05-27 17:55:00,19556.98000000006,19556.98000000006
2026-05-27 18:55:00,19556.98000000006,19556.98000000006
2026-05-27 19:55:00,19556.98000000006,19556.98000000006
2026-05-27 20:55:00,19556.98000000006,19556.98000000006
2026-05-27 21:55:00,19556.98000000006,19556.98000000006
2026-05-27 22:55:00,19556.98000000006,19556.98000000006
2026-05-27 23:55:00,19556.98000000006,19556.98000000006
2026-05-28 01:56:00,19556.98000000006,19556.98000000006
2026-05-28 02:56:00,19556.98000000006,19556.98000000006
2026-05-28 03:56:00,19556.98000000006,19556.98000000006
2026-05-28 04:56:00,19556.98000000006,19556.98000000006
2026-05-28 05:56:00,19556.98000000006,19556.98000000006
2026-05-28 06:56:00,19556.98000000006,19556.98000000006
2026-05-28 07:56:00,19556.98000000006,19556.98000000006
2026-05-28 08:56:00,19556.98000000006,19556.98000000006
2026-05-28 09:56:00,19556.98000000006,19556.98000000006
2026-05-28 10:56:00,19556.98000000006,19556.98000000006
2026-05-28 11:56:00,19556.98000000006,19556.98000000006
2026-05-28 12:56:00,19556.98000000006,19556.98000000006
2026-05-28 13:56:00,19556.98000000006,19556.98000000006
2026-05-28 14:56:00,19556.98000000006,19556.98000000006
2026-05-28 15:56:00,19556.98000000006,19556.98000000006
2026-05-28 16:56:00,19575.24000000006,19575.24000000006
2026-05-28 17:56:00,19575.24000000006,19575.24000000006
2026-05-28 18:56:00,19575.24000000006,19575.24000000006
2026-05-28 19:56:00,19575.24000000006,19575.24000000006
2026-05-28 20:56:00,19575.24000000006,19575.24000000006
2026-05-28 21:56:00,19575.24000000006,19575.24000000006
2026-05-28 22:56:00,19575.24000000006,19575.24000000006
2026-05-28 23:56:00,19574.12000000006,19545.160000000054
2026-05-29 01:57:00,19564.58000000006,19474.80000000004
2026-05-29 02:57:00,19564.58000000006,19527.24000000004
2026-05-29 03:57:00,19584.880000000056,19534.160000000054
2026-05-29 04:57:00,19607.040000000048,19607.040000000048
2026-05-29 05:57:00,19607.040000000048,19607.040000000048
2026-05-29 06:57:00,19607.040000000048,19607.040000000048
2026-05-29 07:57:00,19607.040000000048,19607.040000000048
2026-05-29 08:57:00,19607.040000000048,19607.040000000048
2026-05-29 09:57:00,19607.040000000048,19607.040000000048
2026-05-29 10:57:00,19607.040000000048,19607.040000000048
2026-05-29 11:57:00,19407.10000000005,19407.10000000005
2026-05-29 12:57:00,19407.10000000005,19407.10000000005
2026-05-29 13:57:00,19407.10000000005,19407.10000000005
2026-05-29 14:57:00,19407.10000000005,19407.10000000005
2026-05-29 15:57:00,19407.10000000005,19407.10000000005
2026-05-29 16:57:00,19407.10000000005,19407.10000000005
2026-05-29 17:57:00,19407.10000000005,19407.10000000005
2026-05-29 18:57:00,19407.10000000005,19407.10000000005
2026-05-29 19:57:00,19407.10000000005,19407.10000000005
2026-05-29 20:57:00,19406.19000000005,19369.140000000058
2026-05-29 21:57:00,19406.19000000005,19398.650000000052
2026-05-29 22:57:00,19406.19000000005,19259.42000000005
2026-05-29 23:57:00,19214.05000000005,19214.05000000005
2026-06-01 01:58:00,19214.05000000005,19214.05000000005
2026-06-01 02:58:00,19214.05000000005,19214.05000000005
2026-06-01 03:58:00,19214.05000000005,19214.05000000005
2026-06-01 04:58:00,19214.05000000005,19214.05000000005
2026-06-01 05:58:00,19214.05000000005,19214.05000000005
2026-06-01 06:58:00,19214.05000000005,19214.05000000005
2026-06-01 07:58:00,19214.05000000005,19214.05000000005
2026-06-01 08:58:00,19214.05000000005,19214.05000000005
2026-06-01 09:58:00,19214.05000000005,19214.05000000005
2026-06-01 10:58:00,19214.05000000005,19214.05000000005
2026-06-01 11:58:00,19214.05000000005,19214.05000000005
2026-06-01 12:58:00,19214.05000000005,19214.05000000005
2026-06-01 13:58:00,19214.05000000005,19214.05000000005
2026-06-01 14:58:00,19214.05000000005,19214.05000000005
2026-06-01 15:58:00,19214.05000000005,19214.05000000005
2026-06-01 16:58:00,19213.630000000052,19106.710000000054
2026-06-01 17:58:00,19213.630000000052,19141.75000000005
2026-06-01 18:58:00,19213.630000000052,19243.210000000054
2026-06-01 19:58:00,19213.630000000052,19276.870000000054
2026-06-01 20:58:00,19228.310000000052,19323.260000000053
2026-06-01 21:58:00,19228.310000000052,19320.460000000054
2026-06-01 22:58:00,19228.310000000052,19287.260000000053
2026-06-01 23:58:00,19228.310000000052,19308.36000000005
2026-06-02 01:59:00,19225.810000000052,19310.36000000005
2026-06-02 02:59:00,19225.810000000052,19304.410000000054
2026-06-02 03:59:00,19225.810000000052,19290.16000000005
2026-06-02 04:59:00,19225.310000000052,19225.310000000052
2026-06-02 05:59:00,19225.310000000052,19225.310000000052
2026-06-02 06:59:00,19225.310000000052,19225.310000000052
2026-06-02 07:59:00,19225.310000000052,19225.310000000052
2026-06-02 08:59:00,19225.310000000052,19225.310000000052
2026-06-02 09:59:00,19225.310000000052,19225.310000000052
2026-06-02 10:59:00,19225.310000000052,19225.310000000052
2026-06-02 11:59:00,19225.310000000052,19225.310000000052
2026-06-02 12:59:00,19225.310000000052,19225.310000000052
2026-06-02 13:59:00,19225.310000000052,19225.310000000052
2026-06-02 14:59:00,19225.310000000052,19225.310000000052
2026-06-02 15:59:00,19224.470000000052,19217.87000000005
2026-06-02 16:59:00,19247.150000000052,19247.150000000052
2026-06-02 17:59:00,19247.150000000052,19247.150000000052
2026-06-02 18:59:00,19247.150000000052,19247.150000000052
2026-06-02 19:59:00,19247.150000000052,19247.150000000052
2026-06-02 20:59:00,19247.150000000052,19247.150000000052
2026-06-02 21:59:00,19247.150000000052,19247.150000000052
2026-06-02 22:59:00,19247.150000000052,19247.150000000052
2026-06-03 01:00:00,19247.150000000052,19247.150000000052
2026-06-03 02:00:00,19247.150000000052,19247.150000000052
2026-06-03 03:00:00,19247.150000000052,19247.150000000052
2026-06-03 04:00:00,19247.150000000052,19247.150000000052
2026-06-03 05:00:00,19247.150000000052,19247.150000000052
2026-06-03 06:00:00,19247.150000000052,19247.150000000052
2026-06-03 07:00:00,19247.150000000052,19247.150000000052
2026-06-03 08:00:00,19247.150000000052,19247.150000000052
2026-06-03 09:00:00,19247.150000000052,19247.150000000052
2026-06-03 10:00:00,19247.150000000052,19247.150000000052
2026-06-03 11:00:00,19247.150000000052,19247.150000000052
2026-06-03 12:00:00,19247.150000000052,19247.150000000052
2026-06-03 13:00:00,19247.150000000052,19247.150000000052
2026-06-03 14:00:00,19247.150000000052,19247.150000000052
2026-06-03 15:00:00,19247.150000000052,19247.150000000052
2026-06-03 16:00:00,19247.150000000052,19247.150000000052
2026-06-03 17:00:00,19247.150000000052,19247.150000000052
2026-06-03 18:00:00,19247.150000000052,19247.150000000052
2026-06-03 19:00:00,19247.150000000052,19247.150000000052
2026-06-03 20:00:00,19247.150000000052,19247.150000000052
2026-06-03 21:00:00,19313.93000000005,19418.210000000046
2026-06-03 22:00:00,19313.93000000005,19372.230000000054
2026-06-03 23:00:00,19312.83000000005,19312.83000000005
2026-06-04 01:01:00,19312.83000000005,19312.83000000005
2026-06-04 02:01:00,19312.83000000005,19312.83000000005
2026-06-04 03:01:00,19312.83000000005,19312.83000000005
2026-06-04 04:01:00,19312.83000000005,19312.83000000005
2026-06-04 05:01:00,19312.83000000005,19312.83000000005
2026-06-04 06:01:00,19312.83000000005,19312.83000000005
2026-06-04 07:01:00,19312.83000000005,19312.83000000005
2026-06-04 08:01:00,19312.83000000005,19312.83000000005
2026-06-04 09:01:00,19312.83000000005,19312.83000000005
2026-06-04 10:01:00,19312.83000000005,19312.83000000005
2026-06-04 11:01:00,19312.83000000005,19312.83000000005
2026-06-04 12:01:00,19312.83000000005,19312.83000000005
2026-06-04 13:01:00,19312.83000000005,19312.83000000005
2026-06-04 14:01:00,19312.83000000005,19312.83000000005
2026-06-04 15:01:00,19312.83000000005,19312.83000000005
2026-06-04 16:01:00,19312.83000000005,19312.83000000005
2026-06-04 17:01:00,19312.83000000005,19312.83000000005
2026-06-04 18:01:00,19117.08000000004,19117.08000000004
2026-06-04 19:01:00,19117.08000000004,19117.08000000004
2026-06-04 20:01:00,19117.08000000004,19117.08000000004
2026-06-04 21:01:00,19117.08000000004,19117.08000000004
2026-06-04 22:01:00,19117.08000000004,19117.08000000004
2026-06-04 23:01:00,19117.08000000004,19117.08000000004
2026-06-05 01:02:00,19117.08000000004,19117.08000000004
2026-06-05 02:02:00,19117.08000000004,19117.08000000004
2026-06-05 03:02:00,19117.08000000004,19117.08000000004
2026-06-05 04:02:00,19117.08000000004,19117.08000000004
2026-06-05 05:02:00,19117.08000000004,19117.08000000004
2026-06-05 06:02:00,19117.08000000004,19117.08000000004
2026-06-05 07:02:00,19117.08000000004,19117.08000000004
2026-06-05 08:02:00,19117.08000000004,19117.08000000004
2026-06-05 09:02:00,19117.08000000004,19117.08000000004
2026-06-05 10:02:00,19391.140000000043,19391.140000000043
2026-06-05 11:02:00,19391.140000000043,19391.140000000043
2026-06-05 12:02:00,19391.140000000043,19391.140000000043
2026-06-05 13:02:00,19391.140000000043,19391.140000000043
2026-06-05 14:02:00,19391.140000000043,19391.140000000043
2026-06-05 15:02:00,19391.140000000043,19391.140000000043
2026-06-05 16:02:00,19407.220000000052,19375.900000000056
2026-06-05 17:02:00,19240.48000000005,19240.48000000005
2026-06-05 18:02:00,19240.48000000005,19240.48000000005
2026-06-05 19:02:00,19240.48000000005,19240.48000000005
2026-06-05 20:02:00,19240.48000000005,19240.48000000005
2026-06-05 21:02:00,19240.48000000005,19240.48000000005
2026-06-05 22:02:00,19240.48000000005,19240.48000000005
2026-06-05 23:02:00,19240.48000000005,19240.48000000005
2026-06-08 01:03:00,19240.48000000005,19240.48000000005
2026-06-08 02:03:00,19240.48000000005,19240.48000000005
2026-06-08 03:03:00,19240.48000000005,19240.48000000005
2026-06-08 04:03:00,19240.48000000005,19240.48000000005
2026-06-08 05:03:00,19240.48000000005,19240.48000000005
2026-06-08 06:03:00,19240.48000000005,19240.48000000005
2026-06-08 07:03:00,19240.48000000005,19240.48000000005
2026-06-08 08:03:00,19240.48000000005,19240.48000000005
2026-06-08 09:03:00,19240.48000000005,19240.48000000005
2026-06-08 10:03:00,19240.48000000005,19240.48000000005
2026-06-08 11:03:00,19240.48000000005,19240.48000000005
2026-06-08 12:03:00,19240.48000000005,19240.48000000005
2026-06-08 13:03:00,19240.48000000005,19240.48000000005
2026-06-08 14:03:00,19240.48000000005,19240.48000000005
2026-06-08 15:03:00,19240.48000000005,19240.48000000005
2026-06-08 16:03:00,19240.48000000005,19240.48000000005
2026-06-08 17:03:00,19240.48000000005,19240.48000000005
2026-06-08 18:03:00,19239.71000000005,19153.250000000044
2026-06-08 19:03:00,19056.010000000046,19056.010000000046
2026-06-08 20:03:00,19056.010000000046,19056.010000000046
2026-06-08 21:03:00,19056.010000000046,19056.010000000046
2026-06-08 22:03:00,19056.010000000046,19056.010000000046
2026-06-08 23:03:00,19056.010000000046,19056.010000000046
2026-06-09 01:04:00,19056.010000000046,19056.010000000046
2026-06-09 02:04:00,19056.010000000046,19056.010000000046
2026-06-09 03:04:00,19056.010000000046,19056.010000000046
2026-06-09 04:04:00,19056.010000000046,19056.010000000046
2026-06-09 05:04:00,19056.010000000046,19056.010000000046
2026-06-09 06:04:00,19056.010000000046,19056.010000000046
2026-06-09 07:04:00,19056.010000000046,19056.010000000046
2026-06-09 08:04:00,19056.010000000046,19056.010000000046
2026-06-09 09:04:00,19056.010000000046,19056.010000000046
2026-06-09 10:04:00,19056.010000000046,19056.010000000046
2026-06-09 11:04:00,19056.010000000046,19056.010000000046
2026-06-09 12:04:00,19056.010000000046,19056.010000000046
2026-06-09 13:04:00,19056.010000000046,19056.010000000046
2026-06-09 14:04:00,19056.010000000046,19056.010000000046
2026-06-09 15:04:00,19056.010000000046,19056.010000000046
2026-06-09 16:04:00,19056.010000000046,19056.010000000046
2026-06-09 17:04:00,19056.010000000046,19056.010000000046
2026-06-09 18:04:00,19056.010000000046,19056.010000000046
2026-06-09 19:04:00,19056.010000000046,19056.010000000046
2026-06-09 20:04:00,19056.010000000046,19056.010000000046
2026-06-09 21:04:00,19056.010000000046,19056.010000000046
2026-06-09 22:04:00,19056.010000000046,19056.010000000046
2026-06-09 23:04:00,19056.010000000046,19056.010000000046
2026-06-10 01:05:00,19056.010000000046,19056.010000000046
2026-06-10 02:05:00,19056.010000000046,19056.010000000046
2026-06-10 03:05:00,19056.010000000046,19056.010000000046
2026-06-10 04:05:00,19056.010000000046,19056.010000000046
2026-06-10 05:05:00,19056.010000000046,19056.010000000046
2026-06-10 06:05:00,19056.010000000046,19056.010000000046
2026-06-10 07:05:00,19056.010000000046,19056.010000000046
2026-06-10 08:05:00,19056.010000000046,19056.010000000046
2026-06-10 09:05:00,19056.010000000046,19056.010000000046
2026-06-10 10:05:00,19056.010000000046,19056.010000000046
2026-06-10 11:05:00,19056.010000000046,19056.010000000046
2026-06-10 12:05:00,19056.010000000046,19056.010000000046
2026-06-10 13:05:00,19056.010000000046,19056.010000000046
2026-06-10 14:05:00,19056.010000000046,19056.010000000046
2026-06-10 15:05:00,19056.010000000046,19056.010000000046
2026-06-10 16:05:00,19056.010000000046,19056.010000000046
2026-06-10 17:05:00,19056.010000000046,19056.010000000046
2026-06-10 18:05:00,19056.010000000046,19056.010000000046
2026-06-10 19:05:00,19056.010000000046,19056.010000000046
2026-06-10 20:05:00,19056.010000000046,19056.010000000046
2026-06-10 21:05:00,19056.010000000046,19056.010000000046
2026-06-10 22:05:00,19056.010000000046,19056.010000000046
2026-06-10 23:05:00,19056.010000000046,19056.010000000046
2026-06-11 01:06:00,19056.010000000046,19056.010000000046
2026-06-11 02:06:00,19056.010000000046,19056.010000000046
2026-06-11 03:06:00,19056.010000000046,19056.010000000046
2026-06-11 04:06:00,19056.010000000046,19056.010000000046
2026-06-11 05:06:00,19056.010000000046,19056.010000000046
2026-06-11 06:06:00,19056.010000000046,19056.010000000046
2026-06-11 07:06:00,19056.010000000046,19056.010000000046
2026-06-11 08:06:00,19056.010000000046,19056.010000000046
2026-06-11 09:06:00,19056.010000000046,19056.010000000046
2026-06-11 10:06:00,19056.010000000046,19056.010000000046
2026-06-11 11:06:00,19056.010000000046,19056.010000000046
2026-06-11 12:06:00,19056.010000000046,19056.010000000046
2026-06-11 13:06:00,19056.010000000046,19056.010000000046
2026-06-11 14:06:00,19056.010000000046,19056.010000000046
2026-06-11 15:06:00,19056.010000000046,19056.010000000046
2026-06-11 16:06:00,19056.010000000046,19056.010000000046
2026-06-11 17:06:00,19056.010000000046,19056.010000000046
2026-06-11 18:06:00,19056.010000000046,19056.010000000046
2026-06-11 19:06:00,19056.010000000046,19056.010000000046
2026-06-11 20:06:00,19056.010000000046,19056.010000000046
2026-06-11 21:06:00,19056.010000000046,19056.010000000046
2026-06-11 22:06:00,19056.010000000046,19056.010000000046
2026-06-11 23:06:00,19056.010000000046,19056.010000000046
2026-06-12 01:07:00,19056.010000000046,19056.010000000046
2026-06-12 02:07:00,19056.010000000046,19056.010000000046
2026-06-12 03:07:00,19056.010000000046,19056.010000000046
2026-06-12 04:07:00,19078.910000000047,19127.770000000044
2026-06-12 05:07:00,19077.510000000053,19077.510000000053
2026-06-12 06:07:00,19077.510000000053,19077.510000000053
2026-06-12 07:07:00,19077.510000000053,19077.510000000053
2026-06-12 08:07:00,19077.510000000053,19077.510000000053
2026-06-12 09:07:00,19077.510000000053,19077.510000000053
2026-06-12 10:07:00,19077.510000000053,19077.510000000053
2026-06-12 11:07:00,19077.510000000053,19077.510000000053
2026-06-12 12:07:00,19077.510000000053,19077.510000000053
2026-06-12 13:07:00,19077.510000000053,19077.510000000053
2026-06-12 14:07:00,19077.510000000053,19077.510000000053
2026-06-12 15:07:00,19077.510000000053,19077.510000000053
2026-06-12 16:07:00,19077.510000000053,19077.510000000053
2026-06-12 17:07:00,19077.510000000053,19077.510000000053
2026-06-12 18:07:00,19077.510000000053,19077.510000000053
2026-06-12 19:07:00,19077.510000000053,19077.510000000053
2026-06-12 20:07:00,19077.510000000053,19077.510000000053
2026-06-12 21:07:00,19077.510000000053,19077.510000000053
2026-06-12 22:07:00,19077.510000000053,19077.510000000053
2026-06-12 23:07:00,19077.510000000053,19077.510000000053
2026-06-15 01:08:00,19077.510000000053,19077.510000000053
2026-06-15 02:08:00,19077.510000000053,19077.510000000053
2026-06-15 03:08:00,19077.510000000053,19077.510000000053
2026-06-15 04:08:00,19077.510000000053,19077.510000000053
2026-06-15 05:08:00,19077.510000000053,19077.510000000053
2026-06-15 06:08:00,19077.510000000053,19077.510000000053
2026-06-15 07:08:00,19077.510000000053,19077.510000000053
2026-06-15 08:08:00,19077.510000000053,19077.510000000053
2026-06-15 09:08:00,19077.510000000053,19077.510000000053
2026-06-15 10:08:00,19077.510000000053,19077.510000000053
2026-06-15 11:08:00,19077.510000000053,19077.510000000053
2026-06-15 12:08:00,19077.510000000053,19077.510000000053
2026-06-15 13:08:00,19077.510000000053,19077.510000000053
2026-06-15 14:08:00,19077.510000000053,19077.510000000053
2026-06-15 15:08:00,19077.510000000053,19077.510000000053
2026-06-15 16:08:00,19077.510000000053,19077.510000000053
2026-06-15 17:08:00,19077.510000000053,19077.510000000053
2026-06-15 18:08:00,19077.510000000053,19077.510000000053
2026-06-15 19:08:00,19077.510000000053,19077.510000000053
2026-06-15 20:08:00,19077.510000000053,19077.510000000053
2026-06-15 21:08:00,19077.510000000053,19077.510000000053
2026-06-15 22:08:00,19077.510000000053,19077.510000000053
2026-06-15 23:08:00,19077.510000000053,19077.510000000053
2026-06-16 01:09:00,19077.510000000053,19077.510000000053
2026-06-16 02:09:00,19077.510000000053,19077.510000000053
2026-06-16 03:09:00,19077.510000000053,19077.510000000053
2026-06-16 04:09:00,19077.510000000053,19077.510000000053
2026-06-16 05:09:00,19077.510000000053,19077.510000000053
2026-06-16 06:09:00,19077.510000000053,19077.510000000053
2026-06-16 07:09:00,19077.510000000053,19077.510000000053
2026-06-16 08:09:00,19077.510000000053,19077.510000000053
2026-06-16 09:09:00,19077.510000000053,19077.510000000053
2026-06-16 10:09:00,19077.510000000053,19077.510000000053
2026-06-16 11:09:00,19077.510000000053,19077.510000000053
2026-06-16 12:09:00,19077.510000000053,19077.510000000053
2026-06-16 13:09:00,19077.510000000053,19077.510000000053
2026-06-16 14:09:00,19077.510000000053,19077.510000000053
2026-06-16 15:09:00,19077.510000000053,19077.510000000053
2026-06-16 16:09:00,19077.510000000053,19077.510000000053
2026-06-16 17:09:00,19077.510000000053,19077.510000000053
2026-06-16 18:09:00,19077.510000000053,19077.510000000053
2026-06-16 19:09:00,19075.270000000055,19099.91000000003
2026-06-16 20:09:00,19075.270000000055,19172.230000000032
2026-06-16 21:09:00,19218.910000000047,19246.900000000045
2026-06-16 22:09:00,19218.910000000047,19241.320000000043
2026-06-16 23:09:00,19218.910000000047,19319.170000000042
2026-06-17 01:10:00,19222.960000000046,19318.540000000045
2026-06-17 02:10:00,19222.960000000046,19291.900000000045
2026-06-17 03:10:00,19222.960000000046,19260.22000000005
2026-06-17 04:10:00,19222.06000000004,19222.06000000004
2026-06-17 05:10:00,19222.06000000004,19222.06000000004
2026-06-17 06:10:00,19222.06000000004,19222.06000000004
2026-06-17 07:10:00,19222.06000000004,19222.06000000004
2026-06-17 08:10:00,19222.06000000004,19222.06000000004
2026-06-17 09:10:00,19222.06000000004,19222.06000000004
2026-06-17 10:10:00,19222.06000000004,19222.06000000004
2026-06-17 11:10:00,19222.06000000004,19222.06000000004
2026-06-17 12:10:00,19222.06000000004,19222.06000000004
2026-06-17 13:10:00,19222.06000000004,19222.06000000004
2026-06-17 14:10:00,19222.06000000004,19222.06000000004
2026-06-17 15:10:00,19222.06000000004,19222.06000000004
2026-06-17 16:10:00,19222.06000000004,19222.06000000004
2026-06-17 17:10:00,19222.06000000004,19222.06000000004
2026-06-17 18:10:00,19222.06000000004,19222.06000000004
2026-06-17 19:10:00,19222.06000000004,19222.06000000004
2026-06-17 20:10:00,19222.06000000004,19222.06000000004
2026-06-17 21:10:00,19506.66000000004,20145.970000000038
2026-06-17 22:10:00,19810.59000000004,20221.180000000037
2026-06-17 23:10:00,20121.960000000043,20091.640000000043
2026-06-18 01:11:00,20119.960000000043,20132.920000000042
2026-06-18 02:11:00,20119.960000000043,20180.68000000004
2026-06-18 03:11:00,20143.550000000043,20242.73000000004
2026-06-18 04:11:00,20190.720000000045,20318.640000000043
2026-06-18 05:11:00,20190.720000000045,20318.600000000042
2026-06-18 06:11:00,20190.720000000045,20288.220000000045
2026-06-18 07:11:00,20189.110000000044,20330.590000000044
2026-06-18 08:11:00,20213.31000000006,20323.93000000006
2026-06-18 09:11:00,20213.31000000006,20288.47000000006
2026-06-18 10:11:00,20213.31000000006,20304.390000000058
2026-06-18 11:11:00,20212.40000000006,20208.49000000007
2026-06-18 12:11:00,20009.27000000007,20009.27000000007
2026-06-18 13:11:00,20009.27000000007,20009.27000000007
2026-06-18 14:11:00,20009.27000000007,20009.27000000007
2026-06-18 15:11:00,20009.27000000007,20009.27000000007
2026-06-18 16:11:00,20009.27000000007,20009.27000000007
2026-06-18 17:11:00,20009.27000000007,20009.27000000007
2026-06-18 18:11:00,20009.27000000007,20009.27000000007
2026-06-18 19:11:00,20009.27000000007,20009.27000000007
2026-06-18 20:11:00,20009.27000000007,20009.27000000007
2026-06-18 21:11:00,20009.27000000007,20009.27000000007
2026-06-18 22:11:00,20009.27000000007,20009.27000000007
2026-06-18 23:11:00,20009.27000000007,20009.27000000007
2026-06-19 01:12:00,20009.27000000007,20009.27000000007
2026-06-19 02:12:00,20009.27000000007,20009.27000000007
2026-06-19 03:12:00,20009.27000000007,20009.27000000007
2026-06-19 04:12:00,20009.27000000007,20009.27000000007
2026-06-19 05:12:00,20009.27000000007,20009.27000000007
2026-06-19 06:12:00,20009.27000000007,20009.27000000007
2026-06-19 07:12:00,20009.27000000007,20009.27000000007
2026-06-19 08:12:00,20008.85000000007,19988.45000000007
2026-06-19 09:12:00,20008.85000000007,20090.03000000007
2026-06-19 10:12:00,20026.54000000007,20148.34000000007
2026-06-19 11:12:00,20061.93000000007,20202.89000000007
2026-06-19 12:12:00,20061.93000000007,20202.530000000068
2026-06-19 13:12:00,20061.93000000007,20155.970000000067
2026-06-19 14:12:00,20061.93000000007,20122.09000000007
2026-06-19 15:12:00,20061.93000000007,20167.370000000068
2026-06-19 16:12:00,20061.93000000007,20223.170000000067
2026-06-19 17:12:00,20061.93000000007,20133.490000000067
2026-06-19 18:12:00,20061.93000000007,20134.25000000007
2026-06-19 19:12:00,20061.93000000007,20116.690000000068
2026-06-22 01:11:00,20059.93000000007,20136.490000000067
2026-06-22 02:11:00,20059.93000000007,20175.690000000068
2026-06-22 03:11:00,20059.93000000007,20146.09000000007
2026-06-22 04:11:00,20130.71000000007,20366.690000000068
2026-06-22 05:11:00,19929.430000000062,20100.40000000006
2026-06-22 06:11:00,19929.430000000062,20086.96000000006
2026-06-22 07:11:00,19929.430000000062,20066.98000000006
2026-06-22 08:11:00,19929.430000000062,20082.82000000006
2026-06-22 09:11:00,19929.430000000062,20121.040000000063
2026-06-22 10:11:00,19929.430000000062,20134.000000000062
2026-06-22 11:11:00,19929.430000000062,20105.23000000006
2026-06-22 12:11:00,19929.430000000062,20153.65000000006
2026-06-22 13:11:00,19929.430000000062,20175.61000000006
2026-06-22 14:11:00,19929.430000000062,20158.57000000006
2026-06-22 15:11:00,19929.430000000062,20158.39000000006
2026-06-22 16:11:00,19929.430000000062,20114.05000000006
2026-06-22 17:11:00,19929.430000000062,20141.05000000006
2026-06-22 18:11:00,19929.430000000062,20130.580000000064
2026-06-22 19:11:00,19929.430000000062,20060.89000000006
2026-06-22 20:11:00,19929.430000000062,20099.74000000006
2026-06-22 21:11:00,19929.430000000062,20090.290000000063
2026-06-22 22:11:00,19929.430000000062,20109.880000000063
2026-06-22 23:11:00,19929.430000000062,20109.01000000006
2026-06-23 01:12:00,19927.930000000062,20111.020000000062
2026-06-23 02:12:00,19927.930000000062,20106.46000000006
2026-06-23 03:12:00,19927.930000000062,20071.930000000062
2026-06-23 04:12:00,19927.930000000062,20092.30000000006
2026-06-23 05:12:00,19927.930000000062,19989.01000000006
2026-06-23 06:12:00,19927.930000000062,19957.15000000006
2026-06-23 07:12:00,19927.630000000063,19927.630000000063
2026-06-23 08:12:00,19927.630000000063,19927.630000000063
2026-06-23 09:12:00,19927.630000000063,19927.630000000063
2026-06-23 10:12:00,19927.630000000063,19927.630000000063
2026-06-23 11:12:00,19927.630000000063,19927.630000000063
2026-06-23 12:12:00,19927.630000000063,19927.630000000063
2026-06-23 13:12:00,19927.630000000063,19927.630000000063
2026-06-23 14:12:00,19927.630000000063,19927.630000000063
2026-06-23 15:12:00,19927.630000000063,19927.630000000063
2026-06-23 16:12:00,19927.630000000063,19927.630000000063
2026-06-23 17:12:00,19927.630000000063,19927.630000000063
2026-06-23 18:12:00,19927.630000000063,19927.630000000063
2026-06-23 19:12:00,19927.630000000063,19927.630000000063
2026-06-23 20:12:00,19927.630000000063,19927.630000000063
2026-06-23 21:12:00,19927.630000000063,19927.630000000063
2026-06-23 22:12:00,19927.630000000063,19927.630000000063
2026-06-23 23:12:00,19927.630000000063,19927.630000000063
2026-06-24 01:13:00,19927.630000000063,19927.630000000063
2026-06-24 02:13:00,19927.630000000063,19927.630000000063
2026-06-24 03:13:00,19927.630000000063,19927.630000000063
2026-06-24 04:13:00,19927.630000000063,19927.630000000063
2026-06-24 05:13:00,19927.630000000063,19927.630000000063
2026-06-24 06:13:00,19927.630000000063,19927.630000000063
2026-06-24 07:13:00,19927.630000000063,19927.630000000063
2026-06-24 08:13:00,19927.630000000063,19927.630000000063
2026-06-24 09:13:00,19927.630000000063,19927.630000000063
2026-06-24 10:13:00,19927.630000000063,19927.630000000063
2026-06-24 11:13:00,19927.630000000063,19927.630000000063
2026-06-24 12:13:00,19927.630000000063,19927.630000000063
2026-06-24 13:13:00,19927.630000000063,19927.630000000063
2026-06-24 14:13:00,19927.630000000063,19927.630000000063
2026-06-24 15:13:00,19927.630000000063,19927.630000000063
2026-06-24 16:13:00,19927.630000000063,19927.630000000063
2026-06-24 17:13:00,19927.630000000063,19927.630000000063
2026-06-24 18:13:00,19927.630000000063,19927.630000000063
2026-06-24 19:13:00,19927.630000000063,19927.630000000063
2026-06-24 20:13:00,19927.630000000063,19927.630000000063
2026-06-24 21:13:00,19927.630000000063,19927.630000000063
2026-06-24 22:13:00,19927.630000000063,19927.630000000063
2026-06-24 23:13:00,19927.630000000063,19927.630000000063
2026-06-25 01:14:00,19927.630000000063,19927.630000000063
2026-06-25 02:14:00,19927.630000000063,19927.630000000063
2026-06-25 03:14:00,19925.810000000063,19857.43000000006
2026-06-25 04:14:00,19729.510000000053,19729.510000000053
2026-06-25 05:14:00,19751.940000000053,19751.940000000053
2026-06-25 06:14:00,19751.940000000053,19751.940000000053
2026-06-25 07:14:00,19751.940000000053,19751.940000000053
2026-06-25 08:14:00,19751.940000000053,19751.940000000053
2026-06-25 09:14:00,19751.940000000053,19751.940000000053
2026-06-25 10:14:00,19751.940000000053,19751.940000000053
2026-06-25 11:14:00,19751.940000000053,19751.940000000053
2026-06-25 12:14:00,19751.940000000053,19751.940000000053
2026-06-25 13:14:00,19751.940000000053,19751.940000000053
2026-06-25 14:14:00,19751.940000000053,19751.940000000053
2026-06-25 15:14:00,19751.940000000053,19751.940000000053
2026-06-25 16:14:00,19751.940000000053,19751.940000000053
2026-06-25 17:14:00,19751.940000000053,19751.940000000053
2026-06-25 18:14:00,19751.940000000053,19751.940000000053
2026-06-25 19:14:00,19751.940000000053,19751.940000000053
2026-06-25 20:14:00,19751.940000000053,19751.940000000053
2026-06-25 21:14:00,19751.940000000053,19751.940000000053
2026-06-25 22:14:00,19751.940000000053,19751.940000000053
2026-06-25 23:14:00,19751.940000000053,19751.940000000053
2026-06-26 01:15:00,19751.940000000053,19751.940000000053
2026-06-26 02:15:00,19751.940000000053,19751.940000000053
2026-06-26 03:15:00,19750.400000000052,19839.28000000005
2026-06-26 04:15:00,19775.000000000055,19775.000000000055
2026-06-26 05:15:00,19775.000000000055,19775.000000000055
2026-06-26 06:15:00,19775.000000000055,19775.000000000055
2026-06-26 07:15:00,19775.000000000055,19775.000000000055
2026-06-26 08:15:00,19775.000000000055,19775.000000000055
2026-06-26 09:15:00,19775.000000000055,19775.000000000055
2026-06-26 10:15:00,19775.000000000055,19775.000000000055
2026-06-26 11:15:00,19775.000000000055,19775.000000000055
2026-06-26 12:15:00,19775.000000000055,19775.000000000055
2026-06-26 13:15:00,19775.000000000055,19775.000000000055
2026-06-26 14:15:00,19775.000000000055,19775.000000000055
2026-06-26 15:15:00,19775.000000000055,19775.000000000055
2026-06-26 16:15:00,19775.000000000055,19775.000000000055
2026-06-26 17:15:00,19775.000000000055,19775.000000000055
2026-06-26 18:15:00,19775.000000000055,19775.000000000055
2026-06-26 19:15:00,19775.000000000055,19775.000000000055
2026-06-26 20:15:00,19775.000000000055,19775.000000000055
2026-06-26 21:15:00,19775.000000000055,19775.000000000055
2026-06-26 22:15:00,19775.000000000055,19775.000000000055
2026-06-26 23:15:00,19775.000000000055,19775.000000000055
2026-06-29 01:16:00,19775.000000000055,19775.000000000055
2026-06-29 02:16:00,19856.690000000053,19916.090000000055
2026-06-29 03:16:00,19855.79000000005,19855.79000000005
2026-06-29 04:16:00,19855.79000000005,19855.79000000005
2026-06-29 05:16:00,19855.79000000005,19855.79000000005
2026-06-29 06:16:00,19855.79000000005,19855.79000000005
2026-06-29 07:16:00,19855.79000000005,19855.79000000005
2026-06-29 08:16:00,19855.79000000005,19855.79000000005
2026-06-29 09:16:00,19855.79000000005,19855.79000000005
2026-06-29 10:16:00,19855.79000000005,19855.79000000005
2026-06-29 11:16:00,19855.79000000005,19855.79000000005
2026-06-29 12:16:00,19654.20000000005,19654.20000000005
2026-06-29 13:16:00,19654.20000000005,19654.20000000005
2026-06-29 14:16:00,19654.20000000005,19654.20000000005
2026-06-29 15:16:00,19654.20000000005,19654.20000000005
2026-06-29 16:16:00,19654.20000000005,19654.20000000005
2026-06-29 17:16:00,19654.20000000005,19654.20000000005
2026-06-29 18:16:00,19654.20000000005,19654.20000000005
2026-06-29 19:16:00,19654.20000000005,19654.20000000005
2026-06-29 20:16:00,19654.20000000005,19654.20000000005
2026-06-29 21:16:00,19654.20000000005,19654.20000000005
2026-06-29 22:16:00,19654.20000000005,19654.20000000005
2026-06-29 23:16:00,19654.20000000005,19654.20000000005
2026-06-30 01:17:00,19654.20000000005,19654.20000000005
2026-06-30 02:17:00,19654.20000000005,19654.20000000005
2026-06-30 03:17:00,19654.20000000005,19654.20000000005
2026-06-30 04:17:00,19654.20000000005,19654.20000000005
2026-06-30 05:17:00,19654.20000000005,19654.20000000005
2026-06-30 06:17:00,19654.20000000005,19654.20000000005
2026-06-30 07:17:00,19654.20000000005,19654.20000000005
2026-06-30 08:17:00,19654.20000000005,19654.20000000005
2026-06-30 09:17:00,19654.20000000005,19654.20000000005
2026-06-30 10:17:00,19654.20000000005,19654.20000000005
2026-06-30 11:17:00,19654.20000000005,19654.20000000005
2026-06-30 12:17:00,19654.20000000005,19654.20000000005
2026-06-30 13:17:00,19654.20000000005,19654.20000000005
2026-06-30 14:17:00,19652.310000000052,19584.000000000047
2026-06-30 15:17:00,19453.86000000006,19453.86000000006
2026-06-30 16:17:00,19587.770000000048,20053.730000000043
2026-06-30 17:17:00,20115.39000000005,20587.47000000005
2026-06-30 18:17:00,20219.41000000005,20422.81000000005
2026-06-30 19:17:00,20242.88000000005,20513.60000000004
2026-06-30 20:17:00,20241.380000000045,20428.70000000004
2026-06-30 21:17:00,20241.380000000045,20476.100000000042
2026-06-30 22:17:00,20241.380000000045,20397.98000000004
2026-06-30 23:17:00,20241.380000000045,20331.260000000042
2026-07-01 01:18:00,20240.180000000044,20240.180000000044
2026-07-01 02:18:00,20240.180000000044,20240.180000000044
2026-07-01 03:18:00,20240.180000000044,20240.180000000044
2026-07-01 04:18:00,20034.100000000042,20034.100000000042
2026-07-01 05:18:00,20034.100000000042,20034.100000000042
2026-07-01 06:18:00,20034.100000000042,20034.100000000042
2026-07-01 07:18:00,20056.71000000005,20056.71000000005
2026-07-01 08:18:00,20056.71000000005,20056.71000000005
2026-07-01 09:18:00,20056.71000000005,20056.71000000005
2026-07-01 10:18:00,20056.71000000005,20056.71000000005
2026-07-01 11:18:00,20056.71000000005,20056.71000000005
2026-07-01 12:18:00,20056.71000000005,20056.71000000005
2026-07-01 13:18:00,20056.71000000005,20056.71000000005
2026-07-01 14:18:00,20056.71000000005,20056.71000000005
2026-07-01 15:18:00,20056.71000000005,20056.71000000005
2026-07-01 16:18:00,20085.33000000005,20197.38000000005
2026-07-01 17:18:00,20497.860000000044,20497.860000000044
2026-07-01 18:18:00,20497.860000000044,20497.860000000044
2026-07-01 19:18:00,20497.860000000044,20497.860000000044
2026-07-01 20:18:00,20497.860000000044,20497.860000000044
2026-07-01 21:18:00,20497.860000000044,20497.860000000044
2026-07-01 22:18:00,20497.860000000044,20497.860000000044
2026-07-01 23:18:00,20497.860000000044,20497.860000000044
2026-07-02 01:19:00,20496.670000000046,20557.020000000048
2026-07-02 02:19:00,20522.930000000044,20572.40000000004
2026-07-02 03:19:00,20547.730000000043,20547.730000000043
2026-07-02 04:19:00,20547.730000000043,20547.730000000043
2026-07-02 05:19:00,20571.10000000005,20571.10000000005
2026-07-02 06:19:00,20571.10000000005,20571.10000000005
2026-07-02 07:19:00,20571.10000000005,20571.10000000005
2026-07-02 08:19:00,20571.10000000005,20571.10000000005
2026-07-02 09:19:00,20571.10000000005,20571.10000000005
2026-07-02 10:19:00,20571.10000000005,20571.10000000005
2026-07-02 11:19:00,20571.10000000005,20571.10000000005
2026-07-02 12:19:00,20571.10000000005,20571.10000000005
2026-07-02 13:19:00,20571.10000000005,20571.10000000005
2026-07-02 14:19:00,20571.10000000005,20571.10000000005
2026-07-02 15:19:00,20571.10000000005,20571.10000000005
2026-07-02 16:19:00,20571.10000000005,20571.10000000005
2026-07-02 17:19:00,20596.920000000053,20687.640000000047
2026-07-02 18:19:00,20595.520000000048,20595.520000000048
2026-07-02 19:19:00,20595.520000000048,20595.520000000048
2026-07-02 20:19:00,20595.520000000048,20595.520000000048
2026-07-02 21:19:00,20595.520000000048,20595.520000000048
2026-07-02 22:19:00,20595.520000000048,20595.520000000048
2026-07-02 23:19:00,20595.520000000048,20595.520000000048
2026-07-03 01:20:00,20595.520000000048,20595.520000000048
2026-07-03 02:20:00,20595.520000000048,20595.520000000048
2026-07-03 03:20:00,20595.520000000048,20595.520000000048
2026-07-03 04:20:00,20595.520000000048,20595.520000000048
2026-07-03 05:20:00,20595.520000000048,20595.520000000048
2026-07-03 06:20:00,20595.520000000048,20595.520000000048
2026-07-03 07:20:00,20595.520000000048,20595.520000000048
2026-07-03 08:20:00,20595.520000000048,20595.520000000048
2026-07-03 09:20:00,20618.10000000003,20599.860000000026
2026-07-03 10:23:00,20648.04000000003,20689.080000000024
2026-07-03 11:23:00,20648.04000000003,20791.950000000026
2026-07-03 12:23:00,20648.04000000003,20702.40000000003
2026-07-03 13:23:00,20648.04000000003,20760.270000000026
2026-07-03 14:23:00,20648.04000000003,20808.51000000003
2026-07-03 15:23:00,20648.04000000003,20710.410000000025
2026-07-03 16:23:00,20647.140000000032,20647.140000000032
2026-07-03 17:23:00,20675.40000000003,20760.720000000027
2026-07-03 18:23:00,20735.280000000028,20865.480000000032
2026-07-03 19:23:00,20735.280000000028,20817.36000000003
2026-07-06 01:22:00,20852.100000000028,20985.90000000003
2026-07-06 02:22:00,20852.100000000028,21034.260000000024
2026-07-06 03:22:00,21091.740000000027,21091.740000000027
2026-07-06 04:22:00,21180.300000000025,21180.300000000025
2026-07-06 05:22:00,21180.300000000025,21180.300000000025
2026-07-06 06:22:00,21180.300000000025,21180.300000000025
2026-07-06 07:22:00,21180.300000000025,21180.300000000025
2026-07-06 08:22:00,21180.300000000025,21180.300000000025
2026-07-06 09:22:00,21180.300000000025,21180.300000000025
2026-07-06 10:22:00,21180.300000000025,21180.300000000025
2026-07-06 11:22:00,21180.300000000025,21180.300000000025
2026-07-06 12:22:00,21180.300000000025,21180.300000000025
2026-07-06 13:22:00,21180.300000000025,21180.300000000025
2026-07-06 14:22:00,21180.300000000025,21180.300000000025
2026-07-06 15:22:00,21180.300000000025,21180.300000000025
2026-07-06 16:22:00,21180.300000000025,21180.300000000025
2026-07-06 17:22:00,21180.300000000025,21180.300000000025
2026-07-06 18:22:00,21180.300000000025,21180.300000000025
2026-07-06 19:22:00,21180.300000000025,21180.300000000025
2026-07-06 20:22:00,21180.300000000025,21180.300000000025
2026-07-06 21:22:00,21180.300000000025,21180.300000000025
2026-07-06 22:22:00,21180.300000000025,21180.300000000025
2026-07-06 23:22:00,21180.300000000025,21180.300000000025
2026-07-07 01:23:00,21180.300000000025,21180.300000000025
2026-07-07 02:23:00,21180.300000000025,21180.300000000025
2026-07-07 03:23:00,21180.300000000025,21180.300000000025
2026-07-07 04:23:00,21180.300000000025,21180.300000000025
2026-07-07 05:23:00,21180.300000000025,21180.300000000025
2026-07-07 06:23:00,21180.300000000025,21180.300000000025
2026-07-07 07:23:00,21180.300000000025,21180.300000000025
2026-07-07 08:23:00,21180.300000000025,21180.300000000025
2026-07-07 09:23:00,21180.300000000025,21180.300000000025
2026-07-07 10:23:00,21180.300000000025,21180.300000000025
2026-07-07 11:23:00,21180.300000000025,21180.300000000025
2026-07-07 12:23:00,21180.300000000025,21180.300000000025
2026-07-07 13:23:00,21180.300000000025,21180.300000000025
2026-07-07 14:23:00,21180.300000000025,21180.300000000025
2026-07-07 15:23:00,21180.300000000025,21180.300000000025
2026-07-07 16:23:00,21180.300000000025,21180.300000000025
2026-07-07 17:23:00,21180.300000000025,21180.300000000025
2026-07-07 18:23:00,21180.300000000025,21180.300000000025
2026-07-07 19:23:00,21180.300000000025,21180.300000000025
2026-07-07 20:23:00,21180.300000000025,21180.300000000025
2026-07-07 21:23:00,21180.300000000025,21180.300000000025
2026-07-07 22:23:00,21180.300000000025,21180.300000000025
2026-07-07 23:23:00,21180.300000000025,21180.300000000025
2026-07-08 01:24:00,21180.300000000025,21180.300000000025
2026-07-08 02:24:00,21180.300000000025,21180.300000000025
2026-07-08 03:24:00,21180.300000000025,21180.300000000025
2026-07-08 04:24:00,21180.300000000025,21180.300000000025
2026-07-08 05:24:00,21180.300000000025,21180.300000000025
2026-07-08 06:24:00,21180.300000000025,21180.300000000025
2026-07-08 07:24:00,21180.300000000025,21180.300000000025
2026-07-08 08:24:00,21180.300000000025,21180.300000000025
2026-07-08 09:24:00,21180.300000000025,21180.300000000025
2026-07-08 10:24:00,21180.300000000025,21180.300000000025
2026-07-08 11:24:00,21180.300000000025,21180.300000000025
2026-07-08 12:24:00,21180.300000000025,21180.300000000025
2026-07-08 13:24:00,21180.300000000025,21180.300000000025
2026-07-08 14:24:00,21180.300000000025,21180.300000000025
2026-07-08 15:24:00,21180.300000000025,21180.300000000025
2026-07-08 16:24:00,21180.300000000025,21180.300000000025
2026-07-08 17:24:00,21180.300000000025,21180.300000000025
2026-07-08 18:24:00,21180.300000000025,21180.300000000025
2026-07-08 19:24:00,21180.300000000025,21180.300000000025
2026-07-08 20:24:00,21180.300000000025,21180.300000000025
2026-07-08 21:24:00,21180.300000000025,21180.300000000025
2026-07-08 22:24:00,21180.300000000025,21180.300000000025
2026-07-08 23:24:00,21180.300000000025,21180.300000000025
2026-07-09 01:25:00,21180.300000000025,21180.300000000025
2026-07-09 02:25:00,21180.300000000025,21180.300000000025
2026-07-09 03:25:00,21180.300000000025,21180.300000000025
2026-07-09 04:25:00,21180.300000000025,21180.300000000025
2026-07-09 05:25:00,21180.300000000025,21180.300000000025
2026-07-09 06:25:00,21178.900000000023,21219.700000000023
2026-07-09 07:25:00,21209.000000000025,21209.000000000025
2026-07-09 08:25:00,21238.470000000027,21315.330000000024
2026-07-09 09:25:00,21233.290000000023,20999.350000000013
2026-07-09 10:25:00,21233.290000000023,20778.190000000024
2026-07-09 11:25:00,20620.880000000023,20437.600000000024
2026-07-09 12:25:00,20620.880000000023,20487.04000000002
2026-07-09 13:25:00,20620.880000000023,20516.72000000002
2026-07-09 14:25:00,20648.130000000023,20637.55000000002
2026-07-09 15:25:00,20494.930000000022,20583.850000000024
2026-07-09 16:25:00,20608.69000000002,20751.840000000022
2026-07-09 17:25:00,20608.69000000002,20745.04000000002
2026-07-09 18:25:00,20608.69000000002,20771.29000000002
2026-07-09 19:25:00,20631.18000000001,20795.33000000001
2026-07-09 20:25:00,20631.18000000001,20782.43000000001
2026-07-09 21:25:00,20631.18000000001,20768.68000000001
2026-07-09 22:25:00,20631.18000000001,20755.130000000012
2026-07-09 23:25:00,20631.18000000001,20760.780000000013
2026-07-10 01:26:00,20628.68000000001,20770.380000000012
2026-07-10 02:26:00,20628.68000000001,20761.43000000001
2026-07-10 03:26:00,20628.68000000001,20744.23000000001
2026-07-10 04:26:00,20628.68000000001,20757.53000000001
2026-07-10 05:26:00,20628.68000000001,20771.130000000012
2026-07-10 06:26:00,20628.68000000001,20770.380000000012
2026-07-10 07:26:00,20628.68000000001,20714.180000000015
2026-07-10 08:26:00,20628.68000000001,20718.83000000001
2026-07-10 09:26:00,20628.68000000001,20735.630000000012
2026-07-10 10:26:00,20628.68000000001,20715.93000000001
2026-07-10 11:26:00,20628.68000000001,20674.03000000001
2026-07-10 12:26:00,20628.18000000001,20628.18000000001
2026-07-10 13:26:00,20628.18000000001,20628.18000000001
2026-07-10 14:26:00,20628.18000000001,20628.18000000001
2026-07-10 15:26:00,20628.18000000001,20628.18000000001
2026-07-10 16:26:00,20628.18000000001,20628.18000000001
2026-07-10 17:26:00,20628.18000000001,20628.18000000001
2026-07-10 18:26:00,20628.18000000001,20628.18000000001
2026-07-10 19:26:00,20628.18000000001,20628.18000000001
2026-07-10 20:26:00,20628.18000000001,20628.18000000001
2026-07-10 21:26:00,20628.18000000001,20628.18000000001
2026-07-10 22:26:00,20628.18000000001,20628.18000000001
2026-07-10 23:26:00,20628.18000000001,20628.18000000001
2026-07-13 01:27:00,20585.300000000047,20585.300000000047
2026-07-13 02:27:00,20585.300000000047,20585.300000000047
2026-07-13 03:27:00,20585.300000000047,20585.300000000047
2026-07-13 04:27:00,20585.300000000047,20585.300000000047
2026-07-13 05:27:00,20585.300000000047,20585.300000000047
2026-07-13 06:27:00,20585.300000000047,20585.300000000047
2026-07-13 07:27:00,20585.300000000047,20585.300000000047
2026-07-13 08:27:00,20608.580000000045,20709.20000000004
2026-07-13 09:27:00,20858.180000000044,20858.180000000044
2026-07-13 10:27:00,20858.180000000044,20858.180000000044
2026-07-13 11:27:00,20858.180000000044,20858.180000000044
2026-07-13 12:27:00,20858.180000000044,20858.180000000044
2026-07-13 13:27:00,20858.180000000044,20858.180000000044
2026-07-13 14:27:00,20858.180000000044,20858.180000000044
2026-07-13 15:27:00,20858.180000000044,20858.180000000044
2026-07-13 16:27:00,20858.180000000044,20858.180000000044
2026-07-13 17:27:00,20858.180000000044,20858.180000000044
2026-07-13 18:27:00,20858.180000000044,20858.180000000044
2026-07-13 19:27:00,20858.180000000044,20858.180000000044
2026-07-13 20:27:00,20858.180000000044,20858.180000000044
2026-07-13 21:27:00,20858.180000000044,20858.180000000044
2026-07-13 22:27:00,20858.180000000044,20858.180000000044
2026-07-13 23:27:00,20858.180000000044,20858.180000000044
2026-07-14 01:28:00,20858.180000000044,20858.180000000044
2026-07-14 02:28:00,20858.180000000044,20858.180000000044
2026-07-14 03:28:00,20858.180000000044,20858.180000000044
2026-07-14 04:28:00,20858.180000000044,20858.180000000044
2026-07-14 05:28:00,20858.180000000044,20858.180000000044
2026-07-14 06:28:00,20858.180000000044,20858.180000000044
2026-07-14 07:28:00,20858.180000000044,20858.180000000044
2026-07-14 08:28:00,20858.180000000044,20858.180000000044
2026-07-14 09:28:00,20858.180000000044,20858.180000000044
2026-07-14 10:28:00,20858.180000000044,20858.180000000044
2026-07-14 11:28:00,20858.180000000044,20858.180000000044
2026-07-14 12:28:00,20858.180000000044,20858.180000000044
2026-07-14 13:28:00,20858.180000000044,20858.180000000044
2026-07-14 14:28:00,20858.180000000044,20858.180000000044
2026-07-14 15:28:00,20858.180000000044,20858.180000000044
2026-07-14 16:28:00,20921.530000000046,21040.180000000048
2026-07-14 17:28:00,20921.530000000046,21096.110000000048
2026-07-14 18:28:00,20921.530000000046,21039.06000000005
2026-07-14 19:28:00,21006.660000000047,21167.81000000005
2026-07-14 20:28:00,21006.660000000047,21167.81000000005
2026-07-14 21:28:00,21006.660000000047,21167.860000000048
2026-07-14 22:28:00,21006.660000000047,21167.860000000048
2026-07-14 23:28:00,21006.660000000047,21167.610000000048
2026-07-15 01:29:00,21001.410000000047,21162.360000000048
2026-07-15 02:29:00,21001.410000000047,21162.610000000048
2026-07-15 03:29:00,21001.410000000047,21162.610000000048
2026-07-15 04:29:00,21001.410000000047,21162.610000000048
2026-07-15 05:29:00,20810.26000000005,21151.16000000005
2026-07-15 06:29:00,20810.26000000005,21161.56000000005
2026-07-15 07:29:00,20810.26000000005,21148.41000000005
2026-07-15 08:29:00,20810.26000000005,21191.21000000005
2026-07-15 09:29:00,20810.26000000005,21184.510000000053
2026-07-15 10:29:00,20810.26000000005,21196.06000000005
2026-07-15 11:29:00,20810.26000000005,21184.86000000005
2026-07-15 12:29:00,20810.26000000005,21179.61000000005
2026-07-15 13:29:00,20810.26000000005,21172.36000000005
2026-07-15 14:29:00,20810.26000000005,21162.91000000005
2026-07-15 15:29:00,20810.26000000005,21118.91000000005
2026-07-15 16:29:00,20810.26000000005,21036.96000000005
2026-07-15 17:29:00,20810.26000000005,21025.46000000005
2026-07-15 18:29:00,20832.61000000005,21093.960000000054
2026-07-15 19:29:00,20832.61000000005,21165.210000000054
2026-07-15 20:29:00,20832.61000000005,21101.410000000054
2026-07-15 21:29:00,20832.61000000005,20966.710000000054
2026-07-15 22:29:00,20923.900000000052,21286.11000000005
2026-07-15 23:29:00,20923.900000000052,21228.140000000058
2026-07-16 01:30:00,20928.27000000005,21331.280000000035
2026-07-16 02:30:00,21016.83000000005,21476.880000000037
2026-07-16 03:30:00,21016.83000000005,21410.470000000052
2026-07-16 04:30:00,21335.830000000045,21766.940000000046
2026-07-16 05:30:00,21335.830000000045,21801.500000000044
2026-07-16 06:30:00,21335.830000000045,21807.420000000046
2026-07-16 07:30:00,21335.830000000045,21806.300000000047
2026-07-16 08:30:00,21335.830000000045,21858.700000000048
2026-07-16 09:30:00,21335.830000000045,21841.260000000046
2026-07-16 10:30:00,21335.830000000045,21887.100000000046
2026-07-16 11:30:00,21335.830000000045,21812.700000000048
2026-07-16 12:30:00,21335.830000000045,21815.260000000046
2026-07-16 13:30:00,21335.830000000045,21816.38000000005
2026-07-16 14:30:00,21335.830000000045,21882.940000000046
2026-07-16 15:30:00,21763.280000000046,21916.340000000047
2026-07-16 16:30:00,22008.950000000044,22008.950000000044
2026-07-16 17:30:00,22008.950000000044,22008.950000000044
2026-07-16 18:30:00,22008.950000000044,22008.950000000044
2026-07-16 19:30:00,21787.82000000004,21787.82000000004
2026-07-16 20:30:00,21787.82000000004,21787.82000000004
2026-07-16 21:30:00,21787.82000000004,21787.82000000004
2026-07-16 22:30:00,21787.82000000004,21787.82000000004
2026-07-16 23:30:00,21787.82000000004,21787.82000000004
2026-07-17 01:31:00,21787.82000000004,21787.82000000004
2026-07-17 02:31:00,21787.82000000004,21787.82000000004
2026-07-17 03:31:00,21787.82000000004,21787.82000000004
2026-07-17 04:31:00,21787.82000000004,21787.82000000004
2026-07-17 05:31:00,21787.82000000004,21787.82000000004
2026-07-17 06:31:00,21787.82000000004,21787.82000000004
2026-07-17 07:31:00,21787.82000000004,21787.82000000004
2026-07-17 08:31:00,21787.82000000004,21787.82000000004
2026-07-17 09:31:00,21787.82000000004,21787.82000000004
2026-07-17 10:31:00,21787.82000000004,21787.82000000004
2026-07-17 11:31:00,21787.82000000004,21787.82000000004
2026-07-17 12:31:00,21787.82000000004,21787.82000000004
2026-07-17 13:31:00,21787.82000000004,21787.82000000004
2026-07-17 14:31:00,21787.82000000004,21787.82000000004
2026-07-17 15:31:00,21787.82000000004,21787.82000000004
2026-07-17 16:31:00,21787.82000000004,21787.82000000004
2026-07-17 17:31:00,21787.82000000004,21787.82000000004
2026-07-17 18:31:00,21787.82000000004,21787.82000000004
2026-07-17 19:31:00,21787.82000000004,21787.82000000004
2026-07-17 20:31:00,21787.82000000004,21787.82000000004
2026-07-17 21:31:00,21787.82000000004,21787.82000000004
2026-07-17 22:31:00,21787.82000000004,21787.82000000004
2026-07-17 23:31:00,21787.82000000004,21787.82000000004
2026-07-20 01:32:00,21787.82000000004,21787.82000000004
2026-07-20 02:32:00,21787.82000000004,21787.82000000004
2026-07-20 03:32:00,21784.95000000004,21850.240000000023
2026-07-20 04:32:00,21355.13000000005,21355.13000000005
2026-07-20 05:32:00,21355.13000000005,21355.13000000005
2026-07-20 06:32:00,21354.08000000005,21419.930000000048
2026-07-20 07:32:00,21354.08000000005,21369.38000000005
2026-07-20 08:32:00,21379.430000000048,21521.390000000047
2026-07-20 09:32:00,21430.13000000005,21619.40000000005
2026-07-20 10:32:00,21430.13000000005,21562.970000000052
2026-07-20 11:32:00,21429.23000000005,21429.23000000005
2026-07-20 12:32:00,21429.23000000005,21429.23000000005
2026-07-20 13:32:00,21429.23000000005,21429.23000000005
2026-07-20 14:32:00,21429.23000000005,21429.23000000005
2026-07-20 15:32:00,21429.23000000005,21429.23000000005
2026-07-20 16:32:00,21429.23000000005,21429.23000000005
2026-07-20 17:32:00,21429.23000000005,21429.23000000005
2026-07-20 18:32:00,21453.17000000005,21506.300000000054
2026-07-20 19:32:00,21451.070000000047,21451.070000000047
2026-07-20 20:32:00,21451.070000000047,21451.070000000047
2026-07-20 21:32:00,21451.070000000047,21451.070000000047
2026-07-20 22:32:00,21451.070000000047,21451.070000000047
2026-07-20 23:32:00,21451.070000000047,21451.070000000047
2026-07-21 01:33:00,21451.070000000047,21451.070000000047
2026-07-21 02:33:00,21451.070000000047,21451.070000000047
2026-07-21 03:33:00,21451.070000000047,21451.070000000047
2026-07-21 04:33:00,21451.070000000047,21451.070000000047
2026-07-21 05:33:00,21471.970000000038,21471.970000000038
2026-07-21 06:33:00,21471.970000000038,21471.970000000038
2026-07-21 07:33:00,21471.970000000038,21471.970000000038
2026-07-21 08:33:00,21471.970000000038,21471.970000000038
2026-07-21 09:33:00,21471.970000000038,21471.970000000038
2026-07-21 10:33:00,21471.970000000038,21471.970000000038
2026-07-21 11:33:00,21471.970000000038,21471.970000000038
2026-07-21 12:33:00,21471.970000000038,21471.970000000038
2026-07-21 13:33:00,21471.970000000038,21471.970000000038
2026-07-21 14:33:00,21471.970000000038,21471.970000000038
2026-07-21 15:33:00,21471.970000000038,21471.970000000038
2026-07-21 16:33:00,21471.970000000038,21471.970000000038
2026-07-21 17:33:00,21471.970000000038,21471.970000000038
2026-07-21 18:33:00,21471.970000000038,21471.970000000038
2026-07-21 19:33:00,21471.970000000038,21471.970000000038
2026-07-21 20:33:00,21471.970000000038,21471.970000000038
2026-07-21 21:33:00,21471.970000000038,21471.970000000038
2026-07-21 22:33:00,21471.970000000038,21471.970000000038
2026-07-21 23:33:00,21471.970000000038,21471.970000000038
2026-07-22 01:34:00,21471.970000000038,21471.970000000038
2026-07-22 02:34:00,21471.970000000038,21471.970000000038
2026-07-22 03:34:00,21471.970000000038,21471.970000000038
2026-07-22 04:34:00,21471.970000000038,21471.970000000038
2026-07-22 05:34:00,21471.970000000038,21471.970000000038
2026-07-22 06:34:00,21471.970000000038,21471.970000000038
2026-07-22 07:34:00,21471.970000000038,21471.970000000038
2026-07-22 08:34:00,21471.970000000038,21471.970000000038
2026-07-22 09:34:00,21471.970000000038,21471.970000000038
2026-07-22 10:34:00,21471.970000000038,21471.970000000038
2026-07-22 11:34:00,21495.260000000042,21577.680000000044
2026-07-22 12:34:00,21495.260000000042,21570.660000000044
2026-07-22 13:34:00,21495.260000000042,21589.900000000052
2026-07-22 14:34:00,21495.260000000042,21603.550000000054
2026-07-22 15:34:00,21617.740000000045,21698.440000000046
2026-07-22 16:34:00,21617.24000000005,21617.24000000005
2026-07-22 17:34:00,21617.24000000005,21617.24000000005
2026-07-22 18:34:00,21617.24000000005,21617.24000000005
2026-07-22 19:34:00,21617.24000000005,21617.24000000005
2026-07-22 20:34:00,21617.24000000005,21617.24000000005
2026-07-22 21:34:00,21617.24000000005,21617.24000000005
2026-07-22 22:34:00,21617.24000000005,21617.24000000005
2026-07-22 23:34:00,21617.24000000005,21617.24000000005
2026-07-23 01:35:00,21617.24000000005,21617.24000000005
2026-07-23 02:35:00,21617.24000000005,21617.24000000005
2026-07-23 03:35:00,21617.24000000005,21617.24000000005
2026-07-23 04:35:00,21617.24000000005,21617.24000000005
2026-07-23 05:35:00,21617.24000000005,21617.24000000005
2026-07-23 06:35:00,21617.24000000005,21617.24000000005
2026-07-23 07:35:00,21617.24000000005,21617.24000000005
2026-07-23 08:35:00,21617.24000000005,21617.24000000005
2026-07-23 09:35:00,21617.24000000005,21617.24000000005
2026-07-23 10:35:00,21617.24000000005,21617.24000000005
2026-07-23 11:35:00,21617.24000000005,21617.24000000005
2026-07-23 12:35:00,21617.24000000005,21617.24000000005
2026-07-23 13:35:00,21617.24000000005,21617.24000000005
2026-07-23 14:35:00,21617.24000000005,21617.24000000005
2026-07-23 15:35:00,21617.24000000005,21617.24000000005
2026-07-23 16:35:00,21617.24000000005,21617.24000000005
2026-07-23 17:35:00,21617.24000000005,21617.24000000005
2026-07-23 18:35:00,21617.24000000005,21617.24000000005
2026-07-23 19:35:00,21617.24000000005,21617.24000000005
2026-07-23 20:35:00,21617.24000000005,21617.24000000005
2026-07-23 21:35:00,21617.24000000005,21617.24000000005
2026-07-23 22:35:00,21617.24000000005,21617.24000000005
2026-07-23 23:35:00,21617.24000000005,21617.24000000005
2026-07-24 01:36:00,21617.24000000005,21617.24000000005
2026-07-24 02:36:00,21617.24000000005,21617.24000000005
2026-07-24 03:36:00,21617.24000000005,21617.24000000005
2026-07-24 04:36:00,21617.24000000005,21617.24000000005
2026-07-24 05:36:00,21617.24000000005,21617.24000000005
2026-07-24 06:36:00,21617.24000000005,21617.24000000005
2026-07-24 07:36:00,21617.24000000005,21617.24000000005
2026-07-24 08:36:00,21617.24000000005,21617.24000000005
2026-07-24 09:36:00,21617.24000000005,21617.24000000005
2026-07-24 10:36:00,21617.24000000005,21617.24000000005
2026-07-24 11:36:00,21617.24000000005,21617.24000000005
2026-07-24 12:36:00,21617.24000000005,21617.24000000005
2026-07-24 13:36:00,21617.24000000005,21617.24000000005
2026-07-24 14:36:00,21617.24000000005,21617.24000000005
2026-07-24 15:36:00,21617.24000000005,21617.24000000005
2026-07-24 16:36:00,21617.24000000005,21617.24000000005
2026-07-24 17:36:00,21617.24000000005,21617.24000000005
2026-07-24 18:36:00,21617.24000000005,21617.24000000005
2026-07-24 19:36:00,21638.42000000005,21638.42000000005
2026-07-24 20:36:00,21638.42000000005,21638.42000000005
2026-07-24 21:36:00,21638.42000000005,21638.42000000005
2026-07-24 22:36:00,21638.42000000005,21638.42000000005
2026-07-24 23:36:00,21638.42000000005,21638.42000000005
2026-07-27 01:37:00,21638.42000000005,21638.42000000005
2026-07-27 02:37:00,21638.42000000005,21638.42000000005
2026-07-27 03:37:00,21638.42000000005,21638.42000000005
2026-07-27 04:37:00,21638.42000000005,21638.42000000005
2026-07-27 05:37:00,21638.42000000005,21638.42000000005
2026-07-27 06:37:00,21638.42000000005,21638.42000000005
2026-07-27 07:37:00,21638.42000000005,21638.42000000005
2026-07-27 08:37:00,21638.42000000005,21638.42000000005
2026-07-27 09:37:00,21638.42000000005,21638.42000000005
2026-07-27 10:37:00,21638.42000000005,21638.42000000005
2026-07-27 11:37:00,21638.42000000005,21638.42000000005
2026-07-27 12:37:00,21638.42000000005,21638.42000000005
2026-07-27 13:37:00,21638.42000000005,21638.42000000005
2026-07-27 14:37:00,21638.42000000005,21638.42000000005
2026-07-27 15:37:00,21638.42000000005,21638.42000000005
2026-07-27 16:37:00,21638.42000000005,21638.42000000005
2026-07-27 17:37:00,21638.42000000005,21638.42000000005
2026-07-27 18:37:00,21638.42000000005,21638.42000000005
2026-07-27 19:37:00,21638.42000000005,21638.42000000005
2026-07-27 20:37:00,21638.42000000005,21638.42000000005
2026-07-27 21:37:00,21638.42000000005,21638.42000000005
2026-07-27 22:37:00,21638.42000000005,21638.42000000005
2026-07-27 23:37:00,21638.42000000005,21638.42000000005
2026-07-28 01:38:00,21638.42000000005,21638.42000000005
2026-07-28 02:38:00,21638.42000000005,21638.42000000005
2026-07-28 03:38:00,21638.42000000005,21638.42000000005
2026-07-28 04:38:00,21638.42000000005,21638.42000000005
2026-07-28 05:38:00,21638.42000000005,21638.42000000005
2026-07-28 06:38:00,21638.42000000005,21638.42000000005
2026-07-28 07:38:00,21638.42000000005,21638.42000000005
2026-07-28 08:38:00,21638.42000000005,21638.42000000005
2026-07-28 09:38:00,21638.42000000005,21638.42000000005
2026-07-28 10:38:00,21638.42000000005,21638.42000000005
2026-07-28 11:38:00,21638.42000000005,21638.42000000005
2026-07-28 12:38:00,21638.42000000005,21638.42000000005
2026-07-28 13:38:00,21638.42000000005,21638.42000000005
2026-07-28 14:38:00,21638.42000000005,21638.42000000005
2026-07-28 15:38:00,21638.42000000005,21638.42000000005
2026-07-28 16:38:00,21638.42000000005,21638.42000000005
2026-07-28 17:38:00,21638.42000000005,21638.42000000005
2026-07-28 18:38:00,21638.42000000005,21638.42000000005
2026-07-28 19:38:00,21638.42000000005,21638.42000000005
2026-07-28 20:38:00,21638.42000000005,21638.42000000005
2026-07-28 21:38:00,21638.42000000005,21638.42000000005
2026-07-28 22:38:00,21638.42000000005,21638.42000000005
2026-07-28 23:38:00,21638.42000000005,21638.42000000005
2026-07-29 01:39:00,21638.42000000005,21638.42000000005
2026-07-29 02:39:00,21638.42000000005,21638.42000000005
2026-07-29 03:39:00,21638.42000000005,21638.42000000005
2026-07-29 04:39:00,21638.42000000005,21638.42000000005
2026-07-29 05:39:00,21638.42000000005,21638.42000000005
2026-07-29 06:39:00,21638.42000000005,21638.42000000005
2026-07-29 07:39:00,21638.42000000005,21638.42000000005
2026-07-29 08:39:00,21638.42000000005,21638.42000000005
2026-07-29 09:39:00,21638.42000000005,21638.42000000005
2026-07-29 10:39:00,21638.42000000005,21638.42000000005
2026-07-29 11:39:00,21638.42000000005,21638.42000000005
2026-07-29 12:39:00,21638.42000000005,21638.42000000005
2026-07-29 13:39:00,21638.42000000005,21638.42000000005
2026-07-29 14:39:00,21638.42000000005,21638.42000000005
2026-07-29 15:39:00,21638.42000000005,21638.42000000005
2026-07-29 16:39:00,21638.42000000005,21638.42000000005
2026-07-29 17:39:00,21638.42000000005,21638.42000000005
2026-07-29 18:39:00,21638.42000000005,21638.42000000005
2026-07-29 19:39:00,21638.42000000005,21638.42000000005
2026-07-29 20:39:00,21638.42000000005,21638.42000000005
2026-07-29 21:39:00,21638.42000000005,21638.42000000005
2026-07-29 22:39:00,21638.42000000005,21638.42000000005
2026-07-29 23:39:00,21638.42000000005,21638.42000000005
2026-07-30 01:40:00,21638.42000000005,21638.42000000005
2026-07-30 02:40:00,21638.42000000005,21638.42000000005
2026-07-30 03:40:00,21638.42000000005,21638.42000000005
2026-07-30 04:40:00,21638.42000000005,21638.42000000005
2026-07-30 05:40:00,21638.42000000005,21638.42000000005
2026-07-30 06:40:00,21638.42000000005,21638.42000000005
2026-07-30 07:40:00,21638.42000000005,21638.42000000005
2026-07-30 08:40:00,21637.930000000048,21658.020000000048
2026-07-30 09:40:00,21637.930000000048,21659.49000000005
2026-07-30 10:40:00,21433.12000000005,21487.78000000005
2026-07-30 11:40:00,21461.01000000005,21622.110000000048
2026-07-30 12:40:00,21461.01000000005,21620.660000000047
2026-07-30 13:40:00,21502.85000000005,21694.57000000005
2026-07-30 14:40:00,21502.85000000005,21683.33000000005
2026-07-30 15:40:00,21502.85000000005,21668.37000000005
2026-07-30 16:40:00,21502.85000000005,21732.69000000005
2026-07-30 17:40:00,21781.73000000005,21781.73000000005
2026-07-30 18:40:00,21781.73000000005,21781.73000000005
2026-07-30 19:40:00,21781.73000000005,21781.73000000005
2026-07-30 20:40:00,21781.73000000005,21781.73000000005
2026-07-30 21:40:00,21781.73000000005,21781.73000000005
2026-07-30 22:40:00,21781.73000000005,21781.73000000005
2026-07-30 23:40:00,21781.73000000005,21781.73000000005
2026-07-31 01:41:00,21559.43000000005,21559.43000000005
2026-07-31 02:41:00,21559.43000000005,21559.43000000005
2026-07-31 03:41:00,21559.43000000005,21559.43000000005
2026-07-31 04:41:00,21559.43000000005,21559.43000000005
2026-07-31 05:41:00,21559.43000000005,21559.43000000005
2026-07-31 06:41:00,21559.43000000005,21559.43000000005
2026-07-31 07:41:00,21559.43000000005,21559.43000000005
2026-07-31 08:41:00,21559.43000000005,21559.43000000005
2026-07-31 09:41:00,21559.43000000005,21559.43000000005
2026-07-31 10:41:00,21559.43000000005,21559.43000000005
2026-07-31 11:41:00,21559.43000000005,21559.43000000005
2026-07-31 12:41:00,21559.43000000005,21559.43000000005
2026-07-31 13:41:00,21559.43000000005,21559.43000000005
2026-07-31 14:41:00,21559.43000000005,21559.43000000005
2026-07-31 15:41:00,21559.43000000005,21559.43000000005
2026-07-31 16:41:00,21559.43000000005,21559.43000000005
2026-07-31 17:41:00,21559.43000000005,21559.43000000005
2026-07-31 18:41:00,21559.43000000005,21559.43000000005
2026-07-31 19:41:00,21559.43000000005,21559.43000000005
2026-07-31 20:41:00,21559.43000000005,21559.43000000005
2026-07-31 21:41:00,21559.43000000005,21559.43000000005
2026-07-31 22:41:00,21559.43000000005,21559.43000000005
2026-07-31 23:41:00,21559.43000000005,21559.43000000005
2026-08-03 01:42:00,21559.43000000005,21559.43000000005
2026-08-03 02:42:00,21559.43000000005,21559.43000000005
2026-08-03 03:42:00,21559.43000000005,21559.43000000005
2026-08-03 04:42:00,21559.43000000005,21559.43000000005
2026-08-03 05:42:00,21559.43000000005,21559.43000000005
2026-08-03 06:42:00,21559.43000000005,21559.43000000005
2026-08-03 07:42:00,21559.43000000005,21559.43000000005
2026-08-03 08:42:00,21559.43000000005,21559.43000000005
2026-08-03 09:42:00,21559.43000000005,21559.43000000005
2026-08-03 10:42:00,21559.43000000005,21559.43000000005
2026-08-03 11:42:00,21559.43000000005,21559.43000000005
2026-08-03 12:42:00,21559.43000000005,21559.43000000005
2026-08-03 13:42:00,21559.43000000005,21559.43000000005
2026-08-03 14:42:00,21559.43000000005,21559.43000000005
2026-08-03 15:42:00,21559.43000000005,21559.43000000005
2026-08-03 16:42:00,21559.43000000005,21559.43000000005
2026-08-03 17:42:00,21559.43000000005,21559.43000000005
2026-08-03 18:42:00,21559.43000000005,21559.43000000005
2026-08-03 19:42:00,21559.43000000005,21559.43000000005
2026-08-03 20:42:00,21559.43000000005,21559.43000000005
2026-08-03 21:42:00,21559.43000000005,21559.43000000005
2026-08-03 22:42:00,21559.43000000005,21559.43000000005
2026-08-03 23:42:00,21559.43000000005,21559.43000000005
2026-08-04 01:43:00,21559.43000000005,21559.43000000005
2026-08-04 02:43:00,21559.43000000005,21559.43000000005
2026-08-04 03:43:00,21559.43000000005,21559.43000000005
2026-08-04 04:43:00,21559.43000000005,21559.43000000005
2026-08-04 05:43:00,21559.43000000005,21559.43000000005
2026-08-04 06:43:00,21559.43000000005,21559.43000000005
2026-08-04 07:43:00,21559.43000000005,21559.43000000005
2026-08-04 08:43:00,21559.43000000005,21559.43000000005
2026-08-04 09:43:00,21559.43000000005,21559.43000000005
2026-08-04 10:43:00,21559.43000000005,21559.43000000005
2026-08-04 11:43:00,21559.43000000005,21559.43000000005
2026-08-04 12:43:00,21559.43000000005,21559.43000000005
2026-08-04 13:43:00,21559.43000000005,21559.43000000005
2026-08-04 14:43:00,21559.43000000005,21559.43000000005
2026-08-04 15:43:00,21559.43000000005,21559.43000000005
2026-08-04 16:43:00,21559.43000000005,21559.43000000005
2026-08-04 17:43:00,21559.43000000005,21559.43000000005
2026-08-04 18:43:00,21559.43000000005,21559.43000000005
2026-08-04 19:43:00,21559.43000000005,21559.43000000005
2026-08-04 20:43:00,21559.43000000005,21559.43000000005
2026-08-04 21:43:00,21559.43000000005,21559.43000000005
2026-08-04 22:43:00,21559.43000000005,21559.43000000005
2026-08-04 23:43:00,21559.43000000005,21559.43000000005
2026-08-05 01:44:00,21559.43000000005,21559.43000000005
2026-08-05 02:44:00,21559.43000000005,21559.43000000005
2026-08-05 03:44:00,21559.43000000005,21559.43000000005
2026-08-05 04:44:00,21559.43000000005,21559.43000000005
2026-08-05 05:44:00,21559.43000000005,21559.43000000005
2026-08-05 06:44:00,21559.43000000005,21559.43000000005
2026-08-05 07:44:00,21559.43000000005,21559.43000000005
2026-08-05 08:44:00,21559.43000000005,21559.43000000005
2026-08-05 09:44:00,21559.43000000005,21559.43000000005
2026-08-05 10:44:00,21559.43000000005,21559.43000000005
2026-08-05 11:44:00,21559.43000000005,21559.43000000005
2026-08-05 12:44:00,21558.45000000005,21571.330000000053
2026-08-05 13:44:00,21558.45000000005,21529.75000000005
2026-08-05 14:44:00,21694.17000000005,21832.520000000048
2026-08-05 15:44:00,21882.67000000005,21882.67000000005
2026-08-05 16:44:00,21882.67000000005,21882.67000000005
2026-08-05 17:44:00,21882.67000000005,21882.67000000005
2026-08-05 18:44:00,21882.67000000005,21882.67000000005
2026-08-05 19:44:00,22005.66000000005,22287.360000000048
2026-08-05 20:44:00,22073.16000000005,22342.68000000005
2026-08-05 21:44:00,22317.900000000052,22485.400000000052
2026-08-05 22:44:00,22317.900000000052,22454.250000000055
2026-08-05 23:44:00,22317.900000000052,22415.650000000052
2026-08-06 01:45:00,22456.290000000037,22626.51000000003
2026-08-06 02:45:00,22863.140000000036,22863.140000000036
2026-08-06 03:45:00,22863.140000000036,22863.140000000036
2026-08-06 04:45:00,22863.140000000036,22863.140000000036
2026-08-06 05:45:00,22863.140000000036,22863.140000000036
2026-08-06 06:45:00,22863.140000000036,22863.140000000036
2026-08-06 07:45:00,22863.140000000036,22863.140000000036
2026-08-06 08:45:00,22863.140000000036,22863.140000000036
2026-08-06 09:45:00,22863.140000000036,22863.140000000036
2026-08-06 10:45:00,22863.140000000036,22863.140000000036
2026-08-06 11:45:00,22863.140000000036,22863.140000000036
2026-08-06 12:45:00,22863.140000000036,22863.140000000036
2026-08-06 13:45:00,22863.140000000036,22863.140000000036
2026-08-06 14:45:00,22863.140000000036,22863.140000000036
2026-08-06 15:45:00,22863.140000000036,22863.140000000036
2026-08-06 16:45:00,22633.860000000033,22633.860000000033
2026-08-06 17:45:00,22633.860000000033,22633.860000000033
2026-08-06 18:45:00,22184.040000000045,22184.040000000045
2026-08-06 19:45:00,22184.040000000045,22184.040000000045
2026-08-06 20:45:00,22184.040000000045,22184.040000000045
2026-08-06 21:45:00,22184.040000000045,22184.040000000045
2026-08-06 22:45:00,22184.040000000045,22184.040000000045
2026-08-06 23:45:00,22184.040000000045,22184.040000000045
2026-08-07 01:46:00,22184.040000000045,22184.040000000045
2026-08-07 02:46:00,22184.040000000045,22184.040000000045
2026-08-07 03:46:00,22184.040000000045,22184.040000000045
2026-08-07 04:46:00,22184.040000000045,22184.040000000045
2026-08-07 05:46:00,22184.040000000045,22184.040000000045
2026-08-07 06:46:00,22184.040000000045,22184.040000000045
2026-08-07 07:46:00,22184.040000000045,22184.040000000045
2026-08-07 08:46:00,22184.040000000045,22184.040000000045
2026-08-07 09:46:00,22184.040000000045,22184.040000000045
2026-08-07 10:46:00,22184.040000000045,22184.040000000045
2026-08-07 11:46:00,22184.040000000045,22184.040000000045
2026-08-07 12:46:00,22184.040000000045,22184.040000000045
2026-08-07 13:46:00,22184.040000000045,22184.040000000045
2026-08-07 14:46:00,22184.040000000045,22184.040000000045
2026-08-07 15:46:00,22184.040000000045,22184.040000000045
2026-08-07 16:46:00,22184.040000000045,22184.040000000045
2026-08-07 17:46:00,22184.040000000045,22184.040000000045
2026-08-07 18:46:00,22184.040000000045,22184.040000000045
2026-08-07 19:46:00,22184.040000000045,22184.040000000045
2026-08-07 20:46:00,22184.040000000045,22184.040000000045
2026-08-07 21:46:00,22184.040000000045,22184.040000000045
2026-08-07 22:46:00,22184.040000000045,22184.040000000045
2026-08-07 23:46:00,22184.040000000045,22184.040000000045
2026-08-10 01:47:00,22184.040000000045,22184.040000000045
2026-08-10 02:47:00,22184.040000000045,22184.040000000045
2026-08-10 03:47:00,22184.040000000045,22184.040000000045
2026-08-10 04:47:00,22181.030000000046,21852.83000000007
2026-08-10 05:47:00,22278.10000000005,22335.280000000046
2026-08-10 06:47:00,22356.400000000052,22430.25000000006
2026-08-10 07:47:00,22403.160000000054,22619.200000000048
2026-08-10 08:47:00,22498.14000000005,22814.14000000005
2026-08-10 09:47:00,22640.580000000053,22955.38000000006
2026-08-10 10:47:00,22640.580000000053,22986.380000000052
2026-08-10 11:47:00,22640.580000000053,22871.480000000054
2026-08-10 12:47:00,22640.580000000053,22830.380000000056
2026-08-10 13:47:00,22640.580000000053,22770.080000000053
2026-08-10 14:47:00,22640.580000000053,22750.48000000005
2026-08-10 15:47:00,22639.58000000006,22639.58000000006
2026-08-10 16:47:00,22639.58000000006,22639.58000000006
2026-08-10 17:47:00,22639.58000000006,22639.58000000006
2026-08-10 18:47:00,22639.58000000006,22639.58000000006
2026-08-10 19:47:00,22639.58000000006,22639.58000000006
2026-08-10 20:47:00,22639.58000000006,22639.58000000006
2026-08-10 21:47:00,22639.58000000006,22639.58000000006
2026-08-10 22:47:00,22639.58000000006,22639.58000000006
2026-08-10 23:47:00,22639.58000000006,22639.58000000006
2026-08-11 01:48:00,22639.58000000006,22639.58000000006
2026-08-11 02:48:00,22639.58000000006,22639.58000000006
2026-08-11 03:48:00,22639.58000000006,22639.58000000006
2026-08-11 04:48:00,22407.40000000006,22407.40000000006
2026-08-11 05:48:00,22407.40000000006,22407.40000000006
2026-08-11 06:48:00,22429.880000000063,22496.540000000066
2026-08-11 07:48:00,22428.780000000068,22428.780000000068
2026-08-11 08:48:00,22428.780000000068,22428.780000000068
2026-08-11 09:48:00,22428.780000000068,22428.780000000068
2026-08-11 10:48:00,22428.780000000068,22428.780000000068
2026-08-11 11:48:00,22428.780000000068,22428.780000000068
2026-08-11 12:48:00,22428.780000000068,22428.780000000068
2026-08-11 13:48:00,22428.780000000068,22428.780000000068
2026-08-11 14:48:00,22428.780000000068,22428.780000000068
2026-08-11 15:48:00,22428.780000000068,22428.780000000068
2026-08-11 16:48:00,22428.780000000068,22428.780000000068
2026-08-11 17:48:00,22428.780000000068,22428.780000000068
2026-08-11 18:48:00,22428.780000000068,22428.780000000068
2026-08-11 19:48:00,22428.780000000068,22428.780000000068
2026-08-11 20:48:00,22428.780000000068,22428.780000000068
2026-08-11 21:48:00,22428.780000000068,22428.780000000068
2026-08-11 22:48:00,22428.780000000068,22428.780000000068
2026-08-11 23:48:00,22428.780000000068,22428.780000000068
2026-08-12 01:49:00,22428.780000000068,22428.780000000068
2026-08-12 02:49:00,22428.780000000068,22428.780000000068
2026-08-12 03:49:00,22428.780000000068,22428.780000000068
2026-08-12 04:49:00,22428.780000000068,22428.780000000068
2026-08-12 05:49:00,22428.780000000068,22428.780000000068
2026-08-12 06:49:00,22428.780000000068,22428.780000000068
2026-08-12 07:49:00,22428.780000000068,22428.780000000068
2026-08-12 08:49:00,22502.000000000055,22502.000000000055
2026-08-12 09:49:00,22502.000000000055,22502.000000000055
2026-08-12 10:49:00,22502.000000000055,22502.000000000055
2026-08-12 11:49:00,22502.000000000055,22502.000000000055
2026-08-12 12:49:00,22502.000000000055,22502.000000000055
2026-08-12 13:49:00,22502.000000000055,22502.000000000055
2026-08-12 14:49:00,22502.000000000055,22502.000000000055
2026-08-12 15:49:00,22806.600000000064,22806.600000000064
2026-08-12 16:49:00,22806.600000000064,22806.600000000064
2026-08-12 17:49:00,22806.600000000064,22806.600000000064
2026-08-12 18:49:00,22806.600000000064,22806.600000000064
2026-08-12 19:49:00,22806.600000000064,22806.600000000064
2026-08-12 20:49:00,22806.600000000064,22806.600000000064
2026-08-12 21:49:00,22806.600000000064,22806.600000000064
2026-08-12 22:49:00,22806.600000000064,22806.600000000064
2026-08-12 23:49:00,22806.600000000064,22806.600000000064
2026-08-13 01:50:00,22806.600000000064,22806.600000000064
2026-08-13 02:50:00,22806.600000000064,22806.600000000064
2026-08-13 03:50:00,22806.600000000064,22806.600000000064
2026-08-13 04:50:00,22806.600000000064,22806.600000000064
2026-08-13 05:50:00,22806.600000000064,22806.600000000064
2026-08-13 06:50:00,22806.600000000064,22806.600000000064
2026-08-13 07:50:00,22806.600000000064,22806.600000000064
2026-08-13 08:50:00,22806.600000000064,22806.600000000064
2026-08-13 09:50:00,22806.600000000064,22806.600000000064
2026-08-13 10:50:00,22806.600000000064,22806.600000000064
2026-08-13 11:50:00,22806.600000000064,22806.600000000064
2026-08-13 12:50:00,22806.600000000064,22806.600000000064
2026-08-13 13:50:00,22806.600000000064,22806.600000000064
2026-08-13 14:50:00,22806.600000000064,22806.600000000064
2026-08-13 15:50:00,22948.49000000007,22948.49000000007
2026-08-13 16:50:00,22948.49000000007,22948.49000000007
2026-08-13 17:50:00,22948.49000000007,22948.49000000007
2026-08-13 18:50:00,22948.49000000007,22948.49000000007
2026-08-13 19:50:00,22948.49000000007,22948.49000000007
2026-08-13 20:50:00,22948.49000000007,22948.49000000007
2026-08-13 21:50:00,22948.49000000007,22948.49000000007
2026-08-13 22:50:00,22948.49000000007,22948.49000000007
2026-08-13 23:50:00,22948.49000000007,22948.49000000007
2026-08-14 01:51:00,22948.49000000007,22948.49000000007
2026-08-14 02:51:00,22948.49000000007,22948.49000000007
2026-08-14 03:51:00,22948.49000000007,22948.49000000007
2026-08-14 04:51:00,22948.49000000007,22948.49000000007
2026-08-14 05:51:00,22948.49000000007,22948.49000000007
2026-08-14 06:51:00,22948.49000000007,22948.49000000007
2026-08-14 07:51:00,22948.49000000007,22948.49000000007
2026-08-14 08:51:00,22948.49000000007,22948.49000000007
2026-08-14 09:51:00,22948.49000000007,22948.49000000007
2026-08-14 10:51:00,22948.49000000007,22948.49000000007
2026-08-14 11:51:00,22948.49000000007,22948.49000000007
2026-08-14 12:51:00,22948.49000000007,22948.49000000007
2026-08-14 13:51:00,22948.49000000007,22948.49000000007
2026-08-14 14:51:00,22948.49000000007,22948.49000000007
2026-08-14 15:51:00,22948.49000000007,22948.49000000007
2026-08-14 16:51:00,22947.16000000007,22989.340000000055
2026-08-14 17:51:00,22968.940000000075,22968.940000000075
2026-08-14 18:51:00,22968.940000000075,22968.940000000075
2026-08-14 19:51:00,22968.940000000075,22968.940000000075
2026-08-14 20:51:00,22968.940000000075,22968.940000000075
2026-08-14 21:51:00,22968.940000000075,22968.940000000075
2026-08-14 22:51:00,22968.940000000075,22968.940000000075
2026-08-14 23:51:00,22968.940000000075,22968.940000000075
2026-08-17 01:52:00,22968.940000000075,22968.940000000075
2026-08-17 02:52:00,22968.940000000075,22968.940000000075
2026-08-17 03:52:00,22968.940000000075,22968.940000000075
2026-08-17 04:52:00,22968.940000000075,22968.940000000075
2026-08-17 05:52:00,22968.940000000075,22968.940000000075
2026-08-17 06:52:00,22968.940000000075,22968.940000000075
2026-08-17 07:52:00,22968.940000000075,22968.940000000075
2026-08-17 08:52:00,22968.940000000075,22968.940000000075
2026-08-17 09:52:00,22968.940000000075,22968.940000000075
2026-08-17 10:52:00,22968.940000000075,22968.940000000075
2026-08-17 11:52:00,22968.940000000075,22968.940000000075
2026-08-17 12:52:00,22968.940000000075,22968.940000000075
2026-08-17 13:52:00,22968.940000000075,22968.940000000075
2026-08-17 14:52:00,22968.940000000075,22968.940000000075
2026-08-17 15:52:00,23068.16000000004,23048.72000000004
2026-08-17 16:52:00,23147.78000000004,23249.420000000035
2026-08-17 17:52:00,23227.400000000038,23326.190000000035
2026-08-17 18:52:00,23227.400000000038,23341.790000000037
2026-08-17 19:52:00,23227.400000000038,23338.040000000037
2026-08-17 20:52:00,23227.400000000038,23322.920000000035
2026-08-17 21:52:00,23227.400000000038,23290.250000000036
2026-08-17 22:52:00,23227.400000000038,23322.62000000004
2026-08-17 23:52:00,23227.400000000038,23315.690000000035
2026-08-18 01:53:00,23225.900000000038,23309.480000000036
2026-08-18 02:53:00,23225.900000000038,23337.590000000037
2026-08-18 03:53:00,23358.590000000037,23358.590000000037
2026-08-18 04:53:00,23358.590000000037,23358.590000000037
2026-08-18 05:53:00,23358.590000000037,23358.590000000037
2026-08-18 06:53:00,23358.590000000037,23358.590000000037
2026-08-18 07:53:00,23358.590000000037,23358.590000000037
2026-08-18 08:53:00,23358.590000000037,23358.590000000037
2026-08-18 09:53:00,23358.590000000037,23358.590000000037
2026-08-18 10:53:00,23358.590000000037,23358.590000000037
2026-08-18 11:53:00,23358.590000000037,23358.590000000037
2026-08-18 12:53:00,23358.590000000037,23358.590000000037
2026-08-18 13:53:00,23358.590000000037,23358.590000000037
2026-08-18 14:53:00,23358.590000000037,23358.590000000037
2026-08-18 15:53:00,23358.590000000037,23358.590000000037
2026-08-18 16:53:00,23358.590000000037,23358.590000000037
2026-08-18 17:53:00,23403.590000000055,23403.590000000055
2026-08-18 18:53:00,23403.590000000055,23403.590000000055
2026-08-18 19:53:00,23403.590000000055,23403.590000000055
2026-08-18 20:53:00,23403.590000000055,23403.590000000055
2026-08-18 21:53:00,23403.590000000055,23403.590000000055
2026-08-18 22:53:00,23403.590000000055,23403.590000000055
2026-08-18 23:53:00,23403.590000000055,23403.590000000055
2026-08-19 01:54:00,23403.590000000055,23403.590000000055
2026-08-19 02:54:00,23403.590000000055,23403.590000000055
2026-08-19 03:54:00,23403.590000000055,23403.590000000055
2026-08-19 04:54:00,23425.28000000005,23425.28000000005
2026-08-19 05:54:00,23425.28000000005,23425.28000000005
2026-08-19 06:54:00,23425.28000000005,23425.28000000005
2026-08-19 07:54:00,23425.28000000005,23425.28000000005
2026-08-19 08:54:00,23425.28000000005,23425.28000000005
2026-08-19 09:54:00,23425.28000000005,23425.28000000005
2026-08-19 10:54:00,23425.28000000005,23425.28000000005
2026-08-19 11:54:00,23425.28000000005,23425.28000000005
2026-08-19 12:54:00,23425.28000000005,23425.28000000005
2026-08-19 13:54:00,23425.28000000005,23425.28000000005
2026-08-19 14:54:00,23425.28000000005,23425.28000000005
2026-08-19 15:54:00,22953.050000000047,22953.050000000047
2026-08-19 16:54:00,22953.050000000047,22953.050000000047
2026-08-19 17:54:00,22953.050000000047,22953.050000000047
2026-08-19 18:54:00,22953.050000000047,22953.050000000047
2026-08-19 19:54:00,22953.050000000047,22953.050000000047
2026-08-19 20:54:00,22953.050000000047,22953.050000000047
2026-08-19 21:54:00,22953.050000000047,22953.050000000047
2026-08-19 22:54:00,22953.050000000047,22953.050000000047
2026-08-19 23:54:00,22953.050000000047,22953.050000000047
2026-08-20 01:55:00,22953.050000000047,22953.050000000047
2026-08-20 02:55:00,23031.720000000052,23031.720000000052
2026-08-20 03:55:00,23031.720000000052,23031.720000000052
2026-08-20 04:55:00,23029.340000000055,22971.72000000006
2026-08-20 05:55:00,23080.340000000047,23142.500000000044
2026-08-20 06:55:00,23130.460000000046,23255.460000000046
2026-08-20 07:55:00,23129.460000000043,23129.460000000043
2026-08-20 08:55:00,23129.460000000043,23129.460000000043
2026-08-20 09:55:00,23129.460000000043,23129.460000000043
2026-08-20 10:55:00,23129.460000000043,23129.460000000043
2026-08-20 11:55:00,23129.460000000043,23129.460000000043
2026-08-20 12:55:00,23129.460000000043,23129.460000000043
2026-08-20 13:55:00,23129.460000000043,23129.460000000043
2026-08-20 14:55:00,23129.460000000043,23129.460000000043
2026-08-20 15:55:00,23129.460000000043,23129.460000000043
2026-08-20 16:55:00,23129.460000000043,23129.460000000043
2026-08-20 17:55:00,23129.460000000043,23129.460000000043
2026-08-20 18:55:00,23129.460000000043,23129.460000000043
2026-08-20 19:55:00,23129.460000000043,23129.460000000043
2026-08-20 20:55:00,23129.460000000043,23129.460000000043
2026-08-20 21:55:00,23129.460000000043,23129.460000000043
2026-08-20 22:55:00,23129.460000000043,23129.460000000043
2026-08-20 23:55:00,23129.460000000043,23129.460000000043
2026-08-21 01:56:00,23129.460000000043,23129.460000000043
2026-08-21 02:56:00,23129.460000000043,23129.460000000043
2026-08-21 03:56:00,23129.460000000043,23129.460000000043
2026-08-21 04:56:00,23129.460000000043,23129.460000000043
2026-08-21 05:56:00,23129.460000000043,23129.460000000043
2026-08-21 06:56:00,23127.710000000043,23168.46000000002
2026-08-21 07:56:00,23291.030000000035,23361.38000000003
2026-08-21 08:56:00,23290.33000000003,23290.33000000003
2026-08-21 09:56:00,23290.33000000003,23290.33000000003
2026-08-21 10:56:00,23290.33000000003,23290.33000000003
2026-08-21 11:56:00,23290.33000000003,23290.33000000003
2026-08-21 12:56:00,23290.33000000003,23290.33000000003
2026-08-21 13:56:00,23290.33000000003,23290.33000000003
2026-08-21 14:56:00,23290.33000000003,23290.33000000003
2026-08-21 15:56:00,23312.55000000001,23312.55000000001
2026-08-21 16:56:00,23312.55000000001,23312.55000000001
2026-08-21 17:56:00,23312.55000000001,23312.55000000001
2026-08-21 18:56:00,23312.55000000001,23312.55000000001
2026-08-21 19:56:00,23312.55000000001,23312.55000000001
2026-08-21 20:56:00,23312.55000000001,23312.55000000001
2026-08-21 21:56:00,23312.55000000001,23312.55000000001
2026-08-21 22:56:00,23312.55000000001,23312.55000000001
2026-08-21 23:56:00,23312.55000000001,23312.55000000001
2026-08-24 01:57:00,23312.55000000001,23312.55000000001
2026-08-24 02:57:00,23312.55000000001,23312.55000000001
2026-08-24 03:57:00,23311.57000000001,23247.590000000015
2026-08-24 04:57:00,23089.530000000017,23089.530000000017
2026-08-24 05:57:00,23089.530000000017,23089.530000000017
2026-08-24 06:57:00,23089.530000000017,23089.530000000017
2026-08-24 07:57:00,23089.530000000017,23089.530000000017
2026-08-24 08:57:00,23089.530000000017,23089.530000000017
2026-08-24 09:57:00,23089.530000000017,23089.530000000017
2026-08-24 10:57:00,23089.530000000017,23089.530000000017
2026-08-24 11:57:00,23089.530000000017,23089.530000000017
2026-08-24 12:57:00,23089.530000000017,23089.530000000017
2026-08-24 13:57:00,23089.530000000017,23089.530000000017
2026-08-24 14:57:00,23089.530000000017,23089.530000000017
2026-08-24 15:57:00,23089.530000000017,23089.530000000017
2026-08-24 16:57:00,23089.530000000017,23089.530000000017
2026-08-24 17:57:00,23089.530000000017,23089.530000000017
2026-08-24 18:57:00,23089.530000000017,23089.530000000017
2026-08-24 19:57:00,23089.530000000017,23089.530000000017
2026-08-24 20:57:00,23089.530000000017,23089.530000000017
2026-08-24 21:57:00,23246.76000000003,23246.76000000003
2026-08-24 22:57:00,23246.76000000003,23246.76000000003
2026-08-24 23:57:00,23246.76000000003,23246.76000000003
2026-08-25 01:58:00,23246.76000000003,23246.76000000003
2026-08-25 02:58:00,23246.76000000003,23246.76000000003
2026-08-25 03:58:00,23246.76000000003,23246.76000000003
2026-08-25 04:58:00,23246.76000000003,23246.76000000003
2026-08-25 05:58:00,23246.76000000003,23246.76000000003
2026-08-25 06:58:00,23246.76000000003,23246.76000000003
2026-08-25 07:58:00,23246.76000000003,23246.76000000003
2026-08-25 08:58:00,23246.76000000003,23246.76000000003
2026-08-25 09:58:00,23246.76000000003,23246.76000000003
2026-08-25 10:58:00,23246.76000000003,23246.76000000003
2026-08-25 11:58:00,23246.76000000003,23246.76000000003
2026-08-25 12:58:00,23246.76000000003,23246.76000000003
2026-08-25 13:58:00,23246.76000000003,23246.76000000003
2026-08-25 14:58:00,23246.76000000003,23246.76000000003
2026-08-25 15:58:00,23246.76000000003,23246.76000000003
2026-08-25 16:58:00,23246.76000000003,23246.76000000003
2026-08-25 17:58:00,23246.76000000003,23246.76000000003
2026-08-25 18:58:00,23246.27000000003,23266.850000000028
2026-08-25 19:58:00,23261.27000000003,23336.87000000003
2026-08-25 20:58:00,23261.27000000003,23297.81000000003
2026-08-25 21:58:00,23260.670000000035,23260.670000000035
2026-08-25 22:58:00,23260.670000000035,23260.670000000035
2026-08-25 23:58:00,23260.670000000035,23260.670000000035
2026-08-26 01:59:00,23260.670000000035,23260.670000000035
2026-08-26 02:59:00,23260.670000000035,23260.670000000035
2026-08-26 03:59:00,23260.670000000035,23260.670000000035
2026-08-26 04:59:00,23260.670000000035,23260.670000000035
2026-08-26 05:59:00,23260.670000000035,23260.670000000035
2026-08-26 06:59:00,23260.670000000035,23260.670000000035
2026-08-26 07:59:00,23260.670000000035,23260.670000000035
2026-08-26 08:59:00,23260.670000000035,23260.670000000035
2026-08-26 09:59:00,23260.670000000035,23260.670000000035
2026-08-26 10:59:00,23260.670000000035,23260.670000000035
2026-08-26 11:59:00,23285.70000000003,23361.22000000002
2026-08-26 12:59:00,23284.100000000024,23284.100000000024
2026-08-26 13:59:00,23284.100000000024,23284.100000000024
2026-08-26 14:59:00,23284.100000000024,23284.100000000024
2026-08-26 15:59:00,23284.100000000024,23284.100000000024
2026-08-26 16:59:00,23284.100000000024,23284.100000000024
2026-08-26 17:59:00,23284.100000000024,23284.100000000024
2026-08-26 18:59:00,23284.100000000024,23284.100000000024
2026-08-26 19:59:00,23284.100000000024,23284.100000000024
2026-08-26 20:59:00,23284.100000000024,23284.100000000024
2026-08-26 21:59:00,23284.100000000024,23284.100000000024
2026-08-26 22:59:00,23284.100000000024,23284.100000000024
2026-08-27 01:00:00,23284.100000000024,23284.100000000024
2026-08-27 02:00:00,23283.330000000024,23292.46000000002
2026-08-27 03:00:00,23283.330000000024,23132.96000000002
2026-08-27 04:00:00,23303.610000000022,23352.39000000002
2026-08-27 05:00:00,23302.71000000002,23302.71000000002
2026-08-27 06:00:00,23302.71000000002,23302.71000000002
2026-08-27 07:00:00,23302.71000000002,23302.71000000002
2026-08-27 08:00:00,23302.71000000002,23302.71000000002
2026-08-27 09:00:00,23065.050000000017,23065.050000000017
2026-08-27 10:00:00,23065.050000000017,23065.050000000017
2026-08-27 11:00:00,23065.050000000017,23065.050000000017
2026-08-27 12:00:00,23065.050000000017,23065.050000000017
2026-08-27 13:00:00,23065.050000000017,23065.050000000017
2026-08-27 14:00:00,23065.050000000017,23065.050000000017
2026-08-27 15:00:00,23065.050000000017,23065.050000000017
2026-08-27 16:00:00,23065.050000000017,23065.050000000017
2026-08-27 17:00:00,23088.41000000003,23088.41000000003
2026-08-27 18:00:00,23088.41000000003,23088.41000000003
2026-08-27 19:00:00,23088.41000000003,23088.41000000003
2026-08-27 20:00:00,23088.41000000003,23088.41000000003
2026-08-27 21:00:00,23088.41000000003,23088.41000000003
2026-08-27 22:00:00,23088.41000000003,23088.41000000003
2026-08-27 23:00:00,23088.41000000003,23088.41000000003
2026-08-28 01:01:00,23088.41000000003,23088.41000000003
2026-08-28 02:01:00,23088.41000000003,23088.41000000003
2026-08-28 03:01:00,23086.030000000028,23088.070000000043
2026-08-28 04:01:00,23110.39000000004,23110.39000000004
2026-08-28 05:01:00,23110.39000000004,23110.39000000004
2026-08-28 06:01:00,23110.39000000004,23110.39000000004
2026-08-28 07:01:00,23110.39000000004,23110.39000000004
2026-08-28 08:01:00,23110.39000000004,23110.39000000004
2026-08-28 09:01:00,23110.39000000004,23110.39000000004
2026-08-28 10:01:00,23110.39000000004,23110.39000000004
2026-08-28 11:01:00,23110.39000000004,23110.39000000004
2026-08-28 12:01:00,23110.39000000004,23110.39000000004
2026-08-28 13:01:00,23110.39000000004,23110.39000000004
2026-08-28 14:01:00,23110.39000000004,23110.39000000004
2026-08-28 15:01:00,23156.000000000015,23156.000000000015
2026-08-28 16:01:00,23156.000000000015,23156.000000000015
2026-08-28 17:01:00,23156.000000000015,23156.000000000015
2026-08-28 18:01:00,23156.000000000015,23156.000000000015
2026-08-28 19:01:00,23156.000000000015,23156.000000000015
2026-08-28 20:01:00,23156.000000000015,23156.000000000015
2026-08-28 21:01:00,23156.000000000015,23156.000000000015
2026-08-28 22:01:00,23156.000000000015,23156.000000000015
2026-08-28 23:01:00,23156.000000000015,23156.000000000015
2026-08-31 01:02:00,23156.000000000015,23156.000000000015
2026-08-31 02:02:00,23156.000000000015,23156.000000000015
2026-08-31 03:02:00,23156.000000000015,23156.000000000015
2026-08-31 04:02:00,23156.000000000015,23156.000000000015
2026-08-31 05:02:00,23156.000000000015,23156.000000000015
2026-08-31 06:02:00,23155.02000000002,23256.02000000002
2026-08-31 07:02:00,23173.960000000017,23187.270000000015
2026-08-31 08:02:00,23256.28000000001,23450.12
2026-08-31 09:02:00,23480.26000000001,23692.860000000008
2026-08-31 10:02:00,23480.26000000001,23733.81
2026-08-31 11:02:00,23543.17000000001,23868.84000000001
2026-08-31 12:02:00,23568.480000000007,23761.480000000003
2026-08-31 13:02:00,23568.480000000007,23838.880000000005
2026-08-31 14:02:00,23568.480000000007,23935.980000000003
2026-08-31 15:02:00,23568.480000000007,23949.380000000005
2026-08-31 16:02:00,23568.480000000007,23755.180000000004
2026-08-31 17:02:00,23567.880000000012,23605.920000000013
2026-08-31 18:02:00,23567.880000000012,23640.04000000001
2026-08-31 19:02:00,23567.880000000012,23649.84000000001
2026-08-31 20:02:00,23567.880000000012,23656.12000000001
2026-08-31 21:02:00,23567.880000000012,23652.68000000001
2026-08-31 22:02:00,23567.880000000012,23648.440000000013
2026-08-31 23:02:00,23567.880000000012,23739.96000000001
2026-09-01 01:03:00,23565.880000000012,23728.64000000001
2026-09-01 02:03:00,23565.880000000012,23707.80000000001
2026-09-01 03:03:00,23565.880000000012,23727.440000000013
2026-09-01 04:03:00,23565.880000000012,23716.880000000012
2026-09-01 05:03:00,23565.880000000012,23700.52000000001
2026-09-01 06:03:00,23565.880000000012,23679.400000000012
2026-09-01 07:03:00,23565.880000000012,23666.760000000013
2026-09-01 08:03:00,23565.880000000012,23637.48000000001
2026-09-01 09:03:00,23565.880000000012,23666.400000000012
2026-09-01 10:03:00,23565.880000000012,23648.720000000012
2026-09-01 11:03:00,23565.880000000012,23572.36000000001
2026-09-01 12:03:00,23565.480000000014,23565.480000000014
2026-09-01 13:03:00,23565.480000000014,23565.480000000014
2026-09-01 14:03:00,23565.480000000014,23565.480000000014
2026-09-01 15:03:00,23565.480000000014,23565.480000000014
2026-09-01 16:03:00,23565.480000000014,23565.480000000014
2026-09-01 17:03:00,23565.480000000014,23565.480000000014
2026-09-01 18:03:00,23565.480000000014,23565.480000000014
2026-09-01 19:03:00,23565.480000000014,23565.480000000014
2026-09-01 20:03:00,23565.480000000014,23565.480000000014
2026-09-01 21:03:00,23565.480000000014,23565.480000000014
2026-09-01 22:03:00,23565.480000000014,23565.480000000014
2026-09-01 23:03:00,23565.480000000014,23565.480000000014
2026-09-02 01:04:00,23565.480000000014,23565.480000000014
2026-09-02 02:04:00,23565.480000000014,23565.480000000014
2026-09-02 03:04:00,23565.480000000014,23565.480000000014
2026-09-02 04:04:00,23565.480000000014,23565.480000000014
2026-09-02 05:04:00,23565.480000000014,23565.480000000014
2026-09-02 06:04:00,23565.480000000014,23565.480000000014
2026-09-02 07:04:00,23565.480000000014,23565.480000000014
2026-09-02 08:04:00,23565.480000000014,23565.480000000014
2026-09-02 09:04:00,23565.480000000014,23565.480000000014
2026-09-02 10:04:00,23565.480000000014,23565.480000000014
2026-09-02 11:04:00,23565.480000000014,23565.480000000014
2026-09-02 12:04:00,23565.480000000014,23565.480000000014
2026-09-02 13:04:00,23565.480000000014,23565.480000000014
2026-09-02 14:04:00,23565.480000000014,23565.480000000014
2026-09-02 15:04:00,23565.480000000014,23565.480000000014
2026-09-02 16:04:00,23565.480000000014,23565.480000000014
2026-09-02 17:04:00,23565.480000000014,23565.480000000014
2026-09-02 18:04:00,23330.28000000002,23330.28000000002
2026-09-02 19:04:00,23330.28000000002,23330.28000000002
2026-09-02 20:04:00,23330.28000000002,23330.28000000002
2026-09-02 21:04:00,23330.28000000002,23330.28000000002
2026-09-02 22:04:00,23330.28000000002,23330.28000000002
2026-09-02 23:04:00,23330.28000000002,23330.28000000002
2026-09-03 01:05:00,23330.28000000002,23330.28000000002
2026-09-03 02:05:00,23330.28000000002,23330.28000000002
2026-09-03 03:05:00,23330.28000000002,23330.28000000002
2026-09-03 04:05:00,23330.28000000002,23330.28000000002
2026-09-03 05:05:00,23330.28000000002,23330.28000000002
2026-09-03 06:05:00,23330.28000000002,23330.28000000002
2026-09-03 07:05:00,23330.28000000002,23330.28000000002
2026-09-03 08:05:00,23330.28000000002,23330.28000000002
2026-09-03 09:05:00,23330.28000000002,23330.28000000002
2026-09-03 10:05:00,23330.28000000002,23330.28000000002
2026-09-03 11:05:00,23330.28000000002,23330.28000000002
2026-09-03 12:05:00,23330.28000000002,23330.28000000002
2026-09-03 13:05:00,23330.28000000002,23330.28000000002
2026-09-03 14:05:00,23330.28000000002,23330.28000000002
2026-09-03 15:05:00,23330.28000000002,23330.28000000002
2026-09-03 16:05:00,23329.860000000022,23304.720000000023
2026-09-03 17:05:00,23348.220000000023,23449.82000000002
2026-09-03 18:05:00,23347.720000000027,23347.720000000027
2026-09-03 19:05:00,23367.43000000003,23493.07000000003
2026-09-03 20:05:00,23367.43000000003,23505.94000000003
2026-09-03 21:05:00,23367.43000000003,23534.74000000003
2026-09-03 22:05:00,23408.39000000003,23605.02000000003
2026-09-03 23:05:00,23469.830000000027,23624.88000000003
2026-09-04 01:06:00,23470.580000000027,23605.88000000003
2026-09-04 02:06:00,23470.580000000027,23625.48000000003
2026-09-04 03:06:00,23470.580000000027,23578.330000000027
2026-09-04 04:06:00,23470.580000000027,23602.93000000003
2026-09-04 05:06:00,23470.580000000027,23591.580000000027
2026-09-04 06:06:00,23470.580000000027,23621.23000000003
2026-09-04 07:06:00,23470.580000000027,23649.18000000003
2026-09-04 08:06:00,23470.580000000027,23644.43000000003
2026-09-04 09:06:00,23470.580000000027,23634.130000000026
2026-09-04 10:06:00,23470.580000000027,23660.280000000028
2026-09-04 11:06:00,23470.580000000027,23571.53000000003
2026-09-04 12:06:00,23470.580000000027,23617.68000000003
2026-09-04 13:06:00,23470.580000000027,23642.630000000026
2026-09-04 14:06:00,23470.580000000027,23636.48000000003
2026-09-04 15:06:00,23470.580000000027,23642.030000000028
2026-09-04 16:06:00,23490.740000000023,23490.740000000023
2026-09-04 17:06:00,23490.740000000023,23490.740000000023
2026-09-04 18:06:00,23490.740000000023,23490.740000000023
2026-09-04 19:06:00,23490.740000000023,23490.740000000023
2026-09-04 20:06:00,23490.740000000023,23490.740000000023
2026-09-04 21:06:00,23490.740000000023,23490.740000000023
2026-09-04 22:06:00,23490.740000000023,23490.740000000023
2026-09-04 23:06:00,23490.740000000023,23490.740000000023
2026-09-04 23:58:00,23490.740000000023,23490.740000000023
