time,balance,equity
2025-09-01 01:00:00,10000.0,10000.0
2025-09-01 02:00:00,10000.0,10000.0
2025-09-01 03:00:00,10000.0,10000.0
2025-09-01 04:00:00,10000.0,10000.0
2025-09-01 05:00:00,10000.0,10000.0
2025-09-01 06:00:00,10000.0,10000.0
2025-09-01 07:00:00,10000.0,10000.0
2025-09-01 08:00:00,10000.0,10000.0
2025-09-01 09:00:00,10000.0,10000.0
2025-09-01 10:00:00,10000.0,10000.0
2025-09-01 11:00:00,10000.0,10000.0
2025-09-01 12:00:00,10000.0,10000.0
2025-09-01 13:00:00,10000.0,10000.0
2025-09-01 14:00:00,10000.0,10000.0
2025-09-01 15:00:00,10000.0,10000.0
2025-09-01 16:00:00,10000.0,10000.0
2025-09-01 17:00:00,10000.0,10000.0
2025-09-01 18:00:00,10039.78,10090.930000000002
2025-09-01 19:00:00,10039.78,10114.359999999997
2025-09-01 20:00:00,10039.78,10077.73
2025-09-01 21:00:00,10039.78,10069.149999999996
2025-09-02 01:29:00,10041.43,10062.11
2025-09-02 02:29:00,10040.330000000002,10040.330000000002
2025-09-02 03:29:00,10040.330000000002,10040.330000000002
2025-09-02 04:29:00,10040.330000000002,10040.330000000002
2025-09-02 05:29:00,10040.330000000002,10040.330000000002
2025-09-02 06:29:00,10040.330000000002,10040.330000000002
2025-09-02 07:29:00,10040.330000000002,10040.330000000002
2025-09-02 08:29:00,10040.330000000002,10040.330000000002
2025-09-02 09:29:00,10040.330000000002,10040.330000000002
2025-09-02 10:29:00,10040.330000000002,10040.330000000002
2025-09-02 11:29:00,10040.330000000002,10040.330000000002
2025-09-02 12:29:00,10040.330000000002,10040.330000000002
2025-09-02 13:29:00,10040.330000000002,10040.330000000002
2025-09-02 14:29:00,10040.330000000002,10040.330000000002
2025-09-02 15:29:00,10040.330000000002,10040.330000000002
2025-09-02 16:29:00,10040.330000000002,10040.330000000002
2025-09-02 17:29:00,10040.330000000002,10040.330000000002
2025-09-02 18:29:00,10040.330000000002,10040.330000000002
2025-09-02 19:29:00,10040.330000000002,10040.330000000002
2025-09-02 20:29:00,10040.330000000002,10040.330000000002
2025-09-02 21:29:00,10040.330000000002,10040.330000000002
2025-09-02 22:29:00,10040.330000000002,10040.330000000002
2025-09-02 23:29:00,10040.330000000002,10040.330000000002
2025-09-03 01:30:00,10040.330000000002,10040.330000000002
2025-09-03 02:30:00,10039.070000000002,9977.689999999995
2025-09-03 03:30:00,10128.269999999999,10154.729999999998
2025-09-03 04:30:00,10128.269999999999,10177.049999999996
2025-09-03 05:30:00,10128.269999999999,10183.049999999996
2025-09-03 06:30:00,10127.669999999996,10127.669999999996
2025-09-03 07:30:00,10127.669999999996,10127.669999999996
2025-09-03 08:30:00,10127.669999999996,10127.669999999996
2025-09-03 09:30:00,10127.669999999996,10127.669999999996
2025-09-03 10:30:00,10127.669999999996,10127.669999999996
2025-09-03 11:30:00,10127.669999999996,10127.669999999996
2025-09-03 12:30:00,10127.669999999996,10127.669999999996
2025-09-03 13:30:00,10127.669999999996,10127.669999999996
2025-09-03 14:30:00,10127.669999999996,10127.669999999996
2025-09-03 15:30:00,10127.669999999996,10127.669999999996
2025-09-03 16:30:00,10127.669999999996,10127.669999999996
2025-09-03 17:30:00,10127.669999999996,10127.669999999996
2025-09-03 18:30:00,10127.669999999996,10127.669999999996
2025-09-03 19:30:00,10127.669999999996,10127.669999999996
2025-09-03 20:30:00,10127.669999999996,10127.669999999996
2025-09-03 21:30:00,10127.669999999996,10127.669999999996
2025-09-03 22:30:00,10127.669999999996,10127.669999999996
2025-09-03 23:30:00,10127.669999999996,10127.669999999996
2025-09-04 01:31:00,10127.669999999996,10127.669999999996
2025-09-04 02:31:00,10127.669999999996,10127.669999999996
2025-09-04 03:31:00,10127.669999999996,10127.669999999996
2025-09-04 04:31:00,10127.669999999996,10127.669999999996
2025-09-04 05:31:00,10127.669999999996,10127.669999999996
2025-09-04 06:31:00,10127.669999999996,10127.669999999996
2025-09-04 07:31:00,10127.669999999996,10127.669999999996
2025-09-04 08:31:00,10127.669999999996,10127.669999999996
2025-09-04 09:31:00,10127.669999999996,10127.669999999996
2025-09-04 10:31:00,10127.669999999996,10127.669999999996
2025-09-04 11:31:00,10127.669999999996,10127.669999999996
2025-09-04 12:31:00,10127.669999999996,10127.669999999996
2025-09-04 13:31:00,10127.669999999996,10127.669999999996
2025-09-04 14:31:00,10127.669999999996,10127.669999999996
2025-09-04 15:31:00,10127.669999999996,10127.669999999996
2025-09-04 16:31:00,10127.669999999996,10127.669999999996
2025-09-04 17:31:00,10127.669999999996,10127.669999999996
2025-09-04 18:31:00,10127.669999999996,10127.669999999996
2025-09-04 19:31:00,10127.669999999996,10127.669999999996
2025-09-04 20:31:00,10127.669999999996,10127.669999999996
2025-09-04 21:31:00,10127.669999999996,10127.669999999996
2025-09-04 22:31:00,10127.669999999996,10127.669999999996
2025-09-04 23:31:00,10127.669999999996,10127.669999999996
2025-09-05 01:32:00,10127.669999999996,10127.669999999996
2025-09-05 02:32:00,10127.669999999996,10127.669999999996
2025-09-05 03:32:00,10127.669999999996,10127.669999999996
2025-09-05 04:32:00,10127.669999999996,10127.669999999996
2025-09-05 05:32:00,10127.669999999996,10127.669999999996
2025-09-05 06:32:00,10127.669999999996,10127.669999999996
2025-09-05 07:32:00,10127.669999999996,10127.669999999996
2025-09-05 08:32:00,10127.669999999996,10127.669999999996
2025-09-05 09:32:00,10127.669999999996,10127.669999999996
2025-09-05 10:32:00,10127.669999999996,10127.669999999996
2025-09-05 11:32:00,10127.669999999996,10127.669999999996
2025-09-05 12:32:00,10127.669999999996,10127.669999999996
2025-09-05 13:32:00,10127.669999999996,10127.669999999996
2025-09-05 14:32:00,10127.669999999996,10127.669999999996
2025-09-05 15:32:00,10127.669999999996,10127.669999999996
2025-09-05 16:32:00,10127.669999999996,10127.669999999996
2025-09-05 17:32:00,10127.669999999996,10127.669999999996
2025-09-05 18:32:00,10127.669999999996,10127.669999999996
2025-09-05 19:32:00,10127.669999999996,10127.669999999996
2025-09-05 20:32:00,10127.669999999996,10127.669999999996
2025-09-05 21:32:00,10127.669999999996,10127.669999999996
2025-09-05 22:32:00,10127.669999999996,10127.669999999996
2025-09-05 23:32:00,10127.669999999996,10127.669999999996
2025-09-08 01:33:00,10127.669999999996,10127.669999999996
2025-09-08 02:33:00,10127.669999999996,10127.669999999996
2025-09-08 03:33:00,10127.669999999996,10127.669999999996
2025-09-08 04:33:00,10127.669999999996,10127.669999999996
2025-09-08 05:33:00,10127.669999999996,10127.669999999996
2025-09-08 06:33:00,10127.669999999996,10127.669999999996
2025-09-08 07:33:00,10127.669999999996,10127.669999999996
2025-09-08 08:33:00,10127.669999999996,10127.669999999996
2025-09-08 09:33:00,10127.669999999996,10127.669999999996
2025-09-08 10:33:00,10127.669999999996,10127.669999999996
2025-09-08 11:33:00,10127.669999999996,10127.669999999996
2025-09-08 12:33:00,10127.669999999996,10127.669999999996
2025-09-08 13:33:00,10127.669999999996,10127.669999999996
2025-09-08 14:33:00,10127.669999999996,10127.669999999996
2025-09-08 15:33:00,10127.669999999996,10127.669999999996
2025-09-08 16:33:00,10127.669999999996,10127.669999999996
2025-09-08 17:33:00,10127.669999999996,10127.669999999996
2025-09-08 18:33:00,10127.669999999996,10127.669999999996
2025-09-08 19:33:00,10127.669999999996,10127.669999999996
2025-09-08 20:33:00,10127.669999999996,10127.669999999996
2025-09-08 21:33:00,10127.669999999996,10127.669999999996
2025-09-08 22:33:00,10127.669999999996,10127.669999999996
2025-09-08 23:33:00,10127.669999999996,10127.669999999996
2025-09-09 01:34:00,10127.669999999996,10127.669999999996
2025-09-09 02:34:00,10127.669999999996,10127.669999999996
2025-09-09 03:34:00,10127.669999999996,10127.669999999996
2025-09-09 04:34:00,10127.669999999996,10127.669999999996
2025-09-09 05:34:00,10127.669999999996,10127.669999999996
2025-09-09 06:34:00,10127.669999999996,10127.669999999996
2025-09-09 07:34:00,10127.669999999996,10127.669999999996
2025-09-09 08:34:00,10127.669999999996,10127.669999999996
2025-09-09 09:34:00,10127.669999999996,10127.669999999996
2025-09-09 10:34:00,10127.669999999996,10127.669999999996
2025-09-09 11:34:00,10127.669999999996,10127.669999999996
2025-09-09 12:34:00,10127.669999999996,10127.669999999996
2025-09-09 13:34:00,10127.669999999996,10127.669999999996
2025-09-09 14:34:00,10127.669999999996,10127.669999999996
2025-09-09 15:34:00,10127.669999999996,10127.669999999996
2025-09-09 16:34:00,10127.669999999996,10127.669999999996
2025-09-09 17:34:00,10127.669999999996,10127.669999999996
2025-09-09 18:34:00,10127.669999999996,10127.669999999996
2025-09-09 19:34:00,10127.669999999996,10127.669999999996
2025-09-09 20:34:00,10127.669999999996,10127.669999999996
2025-09-09 21:34:00,10127.669999999996,10127.669999999996
2025-09-09 22:34:00,10127.669999999996,10127.669999999996
2025-09-09 23:34:00,10127.669999999996,10127.669999999996
2025-09-10 01:35:00,10127.669999999996,10127.669999999996
2025-09-10 02:35:00,10127.669999999996,10127.669999999996
2025-09-10 03:35:00,10127.669999999996,10127.669999999996
2025-09-10 04:35:00,10127.669999999996,10127.669999999996
2025-09-10 05:35:00,10127.669999999996,10127.669999999996
2025-09-10 06:35:00,10127.669999999996,10127.669999999996
2025-09-10 07:35:00,10127.669999999996,10127.669999999996
2025-09-10 08:35:00,10127.669999999996,10127.669999999996
2025-09-10 09:35:00,10127.669999999996,10127.669999999996
2025-09-10 10:35:00,10127.669999999996,10127.669999999996
2025-09-10 11:35:00,10127.669999999996,10127.669999999996
2025-09-10 12:35:00,10127.669999999996,10127.669999999996
2025-09-10 13:35:00,10127.669999999996,10127.669999999996
2025-09-10 14:35:00,10138.709999999997,10193.909999999996
2025-09-10 15:35:00,10162.889999999998,10225.169999999998
2025-09-10 16:35:00,10211.279999999999,10246.499999999998
2025-09-10 17:35:00,10211.279999999999,10224.3
2025-09-10 18:35:00,10211.279999999999,10281.539999999999
2025-09-10 19:35:00,10211.279999999999,10311.84
2025-09-10 20:35:00,10211.279999999999,10280.82
2025-09-10 21:35:00,10211.279999999999,10269.06
2025-09-10 22:35:00,10211.279999999999,10333.919999999998
2025-09-10 23:35:00,10211.279999999999,10316.58
2025-09-11 01:36:00,10212.179999999998,10311.36
2025-09-11 02:36:00,10212.179999999998,10298.759999999998
2025-09-11 03:36:00,10212.179999999998,10290.599999999997
2025-09-11 04:36:00,10212.179999999998,10294.139999999998
2025-09-11 05:36:00,10212.179999999998,10328.279999999999
2025-09-11 06:36:00,10212.179999999998,10362.239999999998
2025-09-11 07:36:00,10212.179999999998,10362.599999999997
2025-09-11 08:36:00,10212.179999999998,10366.139999999998
2025-09-11 09:36:00,10405.74,10405.74
2025-09-11 10:36:00,10405.74,10405.74
2025-09-11 11:36:00,10405.74,10405.74
2025-09-11 12:36:00,10405.74,10405.74
2025-09-11 13:36:00,10405.74,10405.74
2025-09-11 14:36:00,10405.74,10405.74
2025-09-11 15:36:00,10405.74,10405.74
2025-09-11 16:36:00,10405.74,10405.74
2025-09-11 17:36:00,10405.74,10405.74
2025-09-11 18:36:00,10405.74,10405.74
2025-09-11 19:36:00,10405.74,10405.74
2025-09-11 20:36:00,10405.74,10405.74
2025-09-11 21:36:00,10405.74,10405.74
2025-09-11 22:36:00,10405.74,10405.74
2025-09-11 23:36:00,10405.74,10405.74
2025-09-12 01:37:00,10405.74,10405.74
2025-09-12 02:37:00,10405.74,10405.74
2025-09-12 03:37:00,10405.74,10405.74
2025-09-12 04:37:00,10405.74,10405.74
2025-09-12 05:37:00,10405.74,10405.74
2025-09-12 06:37:00,10405.74,10405.74
2025-09-12 07:37:00,10405.74,10405.74
2025-09-12 08:37:00,10405.74,10405.74
2025-09-12 09:37:00,10405.74,10405.74
2025-09-12 10:37:00,10405.74,10405.74
2025-09-12 11:37:00,10405.74,10405.74
2025-09-12 12:37:00,10405.74,10405.74
2025-09-12 13:37:00,10405.74,10405.74
2025-09-12 14:37:00,10405.74,10405.74
2025-09-12 15:37:00,10405.74,10405.74
2025-09-12 16:37:00,10405.74,10405.74
2025-09-12 17:37:00,10405.74,10405.74
2025-09-12 18:37:00,10404.83,10412.760000000002
2025-09-12 19:37:00,10404.83,10416.010000000002
2025-09-12 20:37:00,10404.83,10454.490000000002
2025-09-12 21:37:00,10404.83,10434.470000000003
2025-09-12 22:37:00,10404.83,10387.02
2025-09-12 23:37:00,10404.83,10353.349999999999
2025-09-15 01:38:00,10398.33,10337.230000000003
2025-09-15 02:38:00,10297.320000000002,10297.320000000002
2025-09-15 03:38:00,10297.320000000002,10297.320000000002
2025-09-15 04:38:00,10297.320000000002,10297.320000000002
2025-09-15 05:38:00,10297.320000000002,10297.320000000002
2025-09-15 06:38:00,10297.320000000002,10297.320000000002
2025-09-15 07:38:00,10297.320000000002,10297.320000000002
2025-09-15 08:38:00,10297.320000000002,10297.320000000002
2025-09-15 09:38:00,10297.320000000002,10297.320000000002
2025-09-15 10:38:00,10296.410000000002,10314.480000000007
2025-09-15 11:38:00,10310.060000000001,10333.460000000003
2025-09-15 12:38:00,10309.060000000003,10309.060000000003
2025-09-15 13:38:00,10309.060000000003,10309.060000000003
2025-09-15 14:38:00,10309.060000000003,10309.060000000003
2025-09-15 15:38:00,10309.060000000003,10309.060000000003
2025-09-15 16:38:00,10309.060000000003,10309.060000000003
2025-09-15 17:38:00,10309.060000000003,10309.060000000003
2025-09-15 18:38:00,10309.060000000003,10309.060000000003
2025-09-15 19:38:00,10309.060000000003,10309.060000000003
2025-09-15 20:38:00,10309.060000000003,10309.060000000003
2025-09-15 21:38:00,10309.060000000003,10309.060000000003
2025-09-15 22:38:00,10309.060000000003,10309.060000000003
2025-09-15 23:38:00,10309.060000000003,10309.060000000003
2025-09-16 01:39:00,10356.340000000002,10443.6
2025-09-16 02:39:00,10356.340000000002,10438.330000000002
2025-09-16 03:39:00,10417.290000000003,10518.520000000004
2025-09-16 04:39:00,10443.430000000002,10500.579999999998
2025-09-16 05:39:00,10453.649999999992,10508.799999999992
2025-09-16 06:39:00,10453.149999999992,10503.049999999992
2025-09-16 07:39:00,10453.149999999992,10491.449999999992
2025-09-16 08:39:00,10453.149999999992,10503.349999999993
2025-09-16 09:39:00,10453.149999999992,10527.499999999993
2025-09-16 10:39:00,10453.149999999992,10530.749999999993
2025-09-16 11:39:00,10453.149999999992,10557.499999999993
2025-09-16 12:39:00,10575.049999999994,10575.049999999994
2025-09-16 13:39:00,10575.049999999994,10575.049999999994
2025-09-16 14:39:00,10575.049999999994,10575.049999999994
2025-09-16 15:39:00,10575.049999999994,10575.049999999994
2025-09-16 16:39:00,10575.049999999994,10575.049999999994
2025-09-16 17:39:00,10575.049999999994,10575.049999999994
2025-09-16 18:39:00,10575.049999999994,10575.049999999994
2025-09-16 19:39:00,10575.049999999994,10575.049999999994
2025-09-16 20:39:00,10575.049999999994,10575.049999999994
2025-09-16 21:39:00,10575.049999999994,10575.049999999994
2025-09-16 22:39:00,10575.049999999994,10575.049999999994
2025-09-16 23:39:00,10575.049999999994,10575.049999999994
2025-09-17 01:40:00,10575.049999999994,10575.049999999994
2025-09-17 02:40:00,10575.049999999994,10575.049999999994
2025-09-17 03:40:00,10575.049999999994,10575.049999999994
2025-09-17 04:40:00,10575.049999999994,10575.049999999994
2025-09-17 05:40:00,10575.049999999994,10575.049999999994
2025-09-17 06:40:00,10585.279999999982,10585.279999999982
2025-09-17 07:40:00,10585.279999999982,10585.279999999982
2025-09-17 08:40:00,10585.279999999982,10585.279999999982
2025-09-17 09:40:00,10585.279999999982,10585.279999999982
2025-09-17 10:40:00,10585.279999999982,10585.279999999982
2025-09-17 11:40:00,10585.279999999982,10585.279999999982
2025-09-17 12:40:00,10585.279999999982,10585.279999999982
2025-09-17 13:40:00,10585.279999999982,10585.279999999982
2025-09-17 14:40:00,10585.279999999982,10585.279999999982
2025-09-17 15:40:00,10585.279999999982,10585.279999999982
2025-09-17 16:40:00,10585.279999999982,10585.279999999982
2025-09-17 17:40:00,10585.279999999982,10585.279999999982
2025-09-17 18:40:00,10585.279999999982,10585.279999999982
2025-09-17 19:40:00,10585.279999999982,10585.279999999982
2025-09-17 20:40:00,10585.279999999982,10585.279999999982
2025-09-17 21:40:00,10585.279999999982,10585.279999999982
2025-09-17 22:40:00,10585.279999999982,10585.279999999982
2025-09-17 23:40:00,10585.279999999982,10585.279999999982
2025-09-18 01:41:00,10585.279999999982,10585.279999999982
2025-09-18 02:41:00,10585.279999999982,10585.279999999982
2025-09-18 03:41:00,10585.279999999982,10585.279999999982
2025-09-18 04:41:00,10585.279999999982,10585.279999999982
2025-09-18 05:41:00,10585.279999999982,10585.279999999982
2025-09-18 06:41:00,10585.279999999982,10585.279999999982
2025-09-18 07:41:00,10585.279999999982,10585.279999999982
2025-09-18 08:41:00,10585.279999999982,10585.279999999982
2025-09-18 09:41:00,10585.279999999982,10585.279999999982
2025-09-18 10:41:00,10478.03999999998,10478.03999999998
2025-09-18 11:41:00,10478.03999999998,10478.03999999998
2025-09-18 12:41:00,10478.03999999998,10478.03999999998
2025-09-18 13:41:00,10478.03999999998,10478.03999999998
2025-09-18 14:41:00,10478.03999999998,10478.03999999998
2025-09-18 15:41:00,10478.03999999998,10478.03999999998
2025-09-18 16:41:00,10478.03999999998,10478.03999999998
2025-09-18 17:41:00,10478.03999999998,10478.03999999998
2025-09-18 18:41:00,10478.03999999998,10478.03999999998
2025-09-18 19:41:00,10478.03999999998,10478.03999999998
2025-09-18 20:41:00,10478.03999999998,10478.03999999998
2025-09-18 21:41:00,10478.03999999998,10478.03999999998
2025-09-18 22:41:00,10478.03999999998,10478.03999999998
2025-09-18 23:41:00,10478.03999999998,10478.03999999998
2025-09-19 01:42:00,10478.03999999998,10478.03999999998
2025-09-19 02:42:00,10478.03999999998,10478.03999999998
2025-09-19 03:42:00,10478.03999999998,10478.03999999998
2025-09-19 04:42:00,10478.03999999998,10478.03999999998
2025-09-19 05:42:00,10478.03999999998,10478.03999999998
2025-09-19 06:42:00,10478.03999999998,10478.03999999998
2025-09-19 07:42:00,10478.03999999998,10478.03999999998
2025-09-19 08:42:00,10478.03999999998,10478.03999999998
2025-09-19 09:42:00,10478.03999999998,10478.03999999998
2025-09-19 10:42:00,10478.03999999998,10478.03999999998
2025-09-19 11:42:00,10478.03999999998,10478.03999999998
2025-09-19 12:42:00,10478.03999999998,10478.03999999998
2025-09-19 13:42:00,10478.03999999998,10478.03999999998
2025-09-19 14:42:00,10478.03999999998,10478.03999999998
2025-09-19 15:42:00,10478.03999999998,10478.03999999998
2025-09-19 16:42:00,10478.03999999998,10478.03999999998
2025-09-19 17:42:00,10478.03999999998,10478.03999999998
2025-09-19 18:42:00,10478.03999999998,10478.03999999998
2025-09-19 19:42:00,10478.03999999998,10478.03999999998
2025-09-19 20:42:00,10478.03999999998,10478.03999999998
2025-09-19 21:42:00,10478.03999999998,10478.03999999998
2025-09-19 22:42:00,10478.03999999998,10478.03999999998
2025-09-19 23:42:00,10478.03999999998,10478.03999999998
2025-09-22 01:43:00,10478.03999999998,10478.03999999998
2025-09-22 02:43:00,10478.03999999998,10478.03999999998
2025-09-22 03:43:00,10478.03999999998,10478.03999999998
2025-09-22 04:43:00,10478.03999999998,10478.03999999998
2025-09-22 05:43:00,10478.03999999998,10478.03999999998
2025-09-22 06:43:00,10478.03999999998,10478.03999999998
2025-09-22 07:43:00,10478.03999999998,10478.03999999998
2025-09-22 08:43:00,10478.03999999998,10478.03999999998
2025-09-22 09:43:00,10478.03999999998,10478.03999999998
2025-09-22 10:43:00,10478.03999999998,10478.03999999998
2025-09-22 11:43:00,10478.03999999998,10478.03999999998
2025-09-22 12:43:00,10478.03999999998,10478.03999999998
2025-09-22 13:43:00,10478.03999999998,10478.03999999998
2025-09-22 14:43:00,10478.03999999998,10478.03999999998
2025-09-22 15:43:00,10478.03999999998,10478.03999999998
2025-09-22 16:43:00,10478.03999999998,10478.03999999998
2025-09-22 17:43:00,10478.03999999998,10478.03999999998
2025-09-22 18:43:00,10478.03999999998,10478.03999999998
2025-09-22 19:43:00,10478.03999999998,10478.03999999998
2025-09-22 20:43:00,10478.03999999998,10478.03999999998
2025-09-22 21:43:00,10478.03999999998,10478.03999999998
2025-09-22 22:43:00,10504.13999999998,10576.499999999962
2025-09-22 23:43:00,10566.599999999975,10685.039999999974
2025-09-23 01:44:00,10459.679999999964,10459.679999999964
2025-09-23 02:44:00,10459.679999999964,10459.679999999964
2025-09-23 03:44:00,10459.679999999964,10459.679999999964
2025-09-23 04:44:00,10459.679999999964,10459.679999999964
2025-09-23 05:44:00,10459.679999999964,10459.679999999964
2025-09-23 06:44:00,10459.679999999964,10459.679999999964
2025-09-23 07:44:00,10459.679999999964,10459.679999999964
2025-09-23 08:44:00,10459.679999999964,10459.679999999964
2025-09-23 09:44:00,10459.679999999964,10459.679999999964
2025-09-23 10:44:00,10459.679999999964,10459.679999999964
2025-09-23 11:44:00,10459.679999999964,10459.679999999964
2025-09-23 12:44:00,10459.679999999964,10459.679999999964
2025-09-23 13:44:00,10459.679999999964,10459.679999999964
2025-09-23 14:44:00,10459.679999999964,10459.679999999964
2025-09-23 15:44:00,10459.679999999964,10459.679999999964
2025-09-23 16:44:00,10459.679999999964,10459.679999999964
2025-09-23 17:44:00,10459.679999999964,10459.679999999964
2025-09-23 18:44:00,10459.679999999964,10459.679999999964
2025-09-23 19:44:00,10471.509999999964,10549.389999999963
2025-09-23 20:44:00,10548.279999999964,10605.079999999965
2025-09-23 21:44:00,10548.279999999964,10616.929999999964
2025-09-23 22:44:00,10441.579999999962,10441.579999999962
2025-09-23 23:44:00,10441.579999999962,10441.579999999962
2025-09-24 01:45:00,10441.579999999962,10441.579999999962
2025-09-24 02:45:00,10441.579999999962,10441.579999999962
2025-09-24 03:45:00,10441.579999999962,10441.579999999962
2025-09-24 04:45:00,10441.579999999962,10441.579999999962
2025-09-24 05:45:00,10441.579999999962,10441.579999999962
2025-09-24 06:45:00,10441.579999999962,10441.579999999962
2025-09-24 07:45:00,10441.579999999962,10441.579999999962
2025-09-24 08:45:00,10441.579999999962,10441.579999999962
2025-09-24 09:45:00,10441.579999999962,10441.579999999962
2025-09-24 10:45:00,10441.579999999962,10441.579999999962
2025-09-24 11:45:00,10441.579999999962,10441.579999999962
2025-09-24 12:45:00,10441.579999999962,10441.579999999962
2025-09-24 13:45:00,10441.579999999962,10441.579999999962
2025-09-24 14:45:00,10441.579999999962,10441.579999999962
2025-09-24 15:45:00,10441.579999999962,10441.579999999962
2025-09-24 16:45:00,10441.579999999962,10441.579999999962
2025-09-24 17:45:00,10441.579999999962,10441.579999999962
2025-09-24 18:45:00,10441.579999999962,10441.579999999962
2025-09-24 19:45:00,10441.579999999962,10441.579999999962
2025-09-24 20:45:00,10441.579999999962,10441.579999999962
2025-09-24 21:45:00,10441.579999999962,10441.579999999962
2025-09-24 22:45:00,10441.579999999962,10441.579999999962
2025-09-24 23:45:00,10441.579999999962,10441.579999999962
2025-09-25 01:46:00,10441.579999999962,10441.579999999962
2025-09-25 02:46:00,10441.579999999962,10441.579999999962
2025-09-25 03:46:00,10441.579999999962,10441.579999999962
2025-09-25 04:46:00,10441.579999999962,10441.579999999962
2025-09-25 05:46:00,10441.579999999962,10441.579999999962
2025-09-25 06:46:00,10441.579999999962,10441.579999999962
2025-09-25 07:46:00,10441.579999999962,10441.579999999962
2025-09-25 08:46:00,10441.579999999962,10441.579999999962
2025-09-25 09:46:00,10441.579999999962,10441.579999999962
2025-09-25 10:46:00,10441.579999999962,10441.579999999962
2025-09-25 11:46:00,10441.579999999962,10441.579999999962
2025-09-25 12:46:00,10441.579999999962,10441.579999999962
2025-09-25 13:46:00,10441.579999999962,10441.579999999962
2025-09-25 14:46:00,10441.579999999962,10441.579999999962
2025-09-25 15:46:00,10441.579999999962,10441.579999999962
2025-09-25 16:46:00,10441.579999999962,10441.579999999962
2025-09-25 17:46:00,10479.74999999996,10535.349999999959
2025-09-25 18:46:00,10478.94999999996,10478.94999999996
2025-09-25 19:46:00,10478.94999999996,10478.94999999996
2025-09-25 20:46:00,10478.94999999996,10478.94999999996
2025-09-25 21:46:00,10375.019999999968,10375.019999999968
2025-09-25 22:46:00,10375.019999999968,10375.019999999968
2025-09-25 23:46:00,10375.019999999968,10375.019999999968
2025-09-26 01:47:00,10375.019999999968,10375.019999999968
2025-09-26 02:47:00,10375.019999999968,10375.019999999968
2025-09-26 03:47:00,10375.019999999968,10375.019999999968
2025-09-26 04:47:00,10375.019999999968,10375.019999999968
2025-09-26 05:47:00,10375.019999999968,10375.019999999968
2025-09-26 06:47:00,10375.019999999968,10375.019999999968
2025-09-26 07:47:00,10375.019999999968,10375.019999999968
2025-09-26 08:47:00,10387.299999999967,10432.49999999997
2025-09-26 09:47:00,10414.09999999997,10414.09999999997
2025-09-26 10:47:00,10414.09999999997,10414.09999999997
2025-09-26 11:47:00,10414.09999999997,10414.09999999997
2025-09-26 12:47:00,10414.09999999997,10414.09999999997
2025-09-26 13:47:00,10414.09999999997,10414.09999999997
2025-09-26 14:47:00,10414.09999999997,10414.09999999997
2025-09-26 15:47:00,10414.09999999997,10414.09999999997
2025-09-26 16:47:00,10414.09999999997,10414.09999999997
2025-09-26 17:47:00,10414.09999999997,10414.09999999997
2025-09-26 18:47:00,10414.09999999997,10414.09999999997
2025-09-26 19:47:00,10414.09999999997,10414.09999999997
2025-09-26 20:47:00,10414.09999999997,10414.09999999997
2025-09-26 21:47:00,10414.09999999997,10414.09999999997
2025-09-26 22:47:00,10414.09999999997,10414.09999999997
2025-09-26 23:47:00,10414.09999999997,10414.09999999997
2025-09-29 01:48:00,10414.09999999997,10414.09999999997
2025-09-29 02:48:00,10414.09999999997,10414.09999999997
2025-09-29 03:48:00,10414.09999999997,10414.09999999997
2025-09-29 04:48:00,10414.09999999997,10414.09999999997
2025-09-29 05:48:00,10414.09999999997,10414.09999999997
2025-09-29 06:48:00,10414.09999999997,10414.09999999997
2025-09-29 07:48:00,10414.09999999997,10414.09999999997
2025-09-29 08:48:00,10414.09999999997,10414.09999999997
2025-09-29 09:48:00,10414.09999999997,10414.09999999997
2025-09-29 10:48:00,10414.09999999997,10414.09999999997
2025-09-29 11:48:00,10414.09999999997,10414.09999999997
2025-09-29 12:48:00,10414.09999999997,10414.09999999997
2025-09-29 13:48:00,10414.09999999997,10414.09999999997
2025-09-29 14:48:00,10414.09999999997,10414.09999999997
2025-09-29 15:48:00,10414.09999999997,10414.09999999997
2025-09-29 16:48:00,10414.09999999997,10414.09999999997
2025-09-29 17:48:00,10414.09999999997,10414.09999999997
2025-09-29 18:48:00,10414.09999999997,10414.09999999997
2025-09-29 19:48:00,10414.09999999997,10414.09999999997
2025-09-29 20:48:00,10414.09999999997,10414.09999999997
2025-09-29 21:48:00,10414.09999999997,10414.09999999997
2025-09-29 22:48:00,10414.09999999997,10414.09999999997
2025-09-29 23:48:00,10414.09999999997,10414.09999999997
2025-09-30 01:49:00,10414.09999999997,10414.09999999997
2025-09-30 02:49:00,10414.09999999997,10414.09999999997
2025-09-30 03:49:00,10414.09999999997,10414.09999999997
2025-09-30 04:49:00,10414.09999999997,10414.09999999997
2025-09-30 05:49:00,10414.09999999997,10414.09999999997
2025-09-30 06:49:00,10414.09999999997,10414.09999999997
2025-09-30 07:49:00,10414.09999999997,10414.09999999997
2025-09-30 08:49:00,10414.09999999997,10414.09999999997
2025-09-30 09:49:00,10414.09999999997,10414.09999999997
2025-09-30 10:49:00,10414.09999999997,10414.09999999997
2025-09-30 11:49:00,10414.09999999997,10414.09999999997
2025-09-30 12:49:00,10414.09999999997,10414.09999999997
2025-09-30 13:49:00,10414.09999999997,10414.09999999997
2025-09-30 14:49:00,10414.09999999997,10414.09999999997
2025-09-30 15:49:00,10414.09999999997,10414.09999999997
2025-09-30 16:49:00,10413.67999999997,10380.019999999971
2025-09-30 17:49:00,10319.83999999997,10319.83999999997
2025-09-30 18:49:00,10345.849999999968,10362.649999999965
2025-09-30 19:49:00,10374.699999999968,10423.899999999967
2025-09-30 20:49:00,10374.699999999968,10400.149999999967
2025-09-30 21:49:00,10374.699999999968,10423.899999999967
2025-09-30 22:49:00,10446.799999999968,10446.799999999968
2025-09-30 23:49:00,10446.799999999968,10446.799999999968
2025-10-01 01:50:00,10446.799999999968,10446.799999999968
2025-10-01 02:50:00,10446.799999999968,10446.799999999968
2025-10-01 03:50:00,10446.799999999968,10446.799999999968
2025-10-01 04:50:00,10446.799999999968,10446.799999999968
2025-10-01 05:50:00,10446.799999999968,10446.799999999968
2025-10-01 06:50:00,10446.799999999968,10446.799999999968
2025-10-01 07:50:00,10446.799999999968,10446.799999999968
2025-10-01 08:50:00,10446.799999999968,10446.799999999968
2025-10-01 09:50:00,10446.799999999968,10446.799999999968
2025-10-01 10:50:00,10446.799999999968,10446.799999999968
2025-10-01 11:50:00,10446.799999999968,10446.799999999968
2025-10-01 12:50:00,10446.799999999968,10446.799999999968
2025-10-01 13:50:00,10446.799999999968,10446.799999999968
2025-10-01 14:50:00,10446.799999999968,10446.799999999968
2025-10-01 15:50:00,10446.799999999968,10446.799999999968
2025-10-01 16:50:00,10446.799999999968,10446.799999999968
2025-10-01 17:50:00,10446.799999999968,10446.799999999968
2025-10-01 18:50:00,10446.799999999968,10446.799999999968
2025-10-01 19:50:00,10446.799999999968,10446.799999999968
2025-10-01 20:50:00,10446.799999999968,10446.799999999968
2025-10-01 21:50:00,10446.799999999968,10446.799999999968
2025-10-01 22:50:00,10446.799999999968,10446.799999999968
2025-10-01 23:50:00,10446.799999999968,10446.799999999968
2025-10-02 01:51:00,10446.799999999968,10446.799999999968
2025-10-02 02:51:00,10446.799999999968,10446.799999999968
2025-10-02 03:51:00,10446.799999999968,10446.799999999968
2025-10-02 04:51:00,10446.799999999968,10446.799999999968
2025-10-02 05:51:00,10446.799999999968,10446.799999999968
2025-10-02 06:51:00,10446.799999999968,10446.799999999968
2025-10-02 07:51:00,10446.799999999968,10446.799999999968
2025-10-02 08:51:00,10446.799999999968,10446.799999999968
2025-10-02 09:51:00,10446.799999999968,10446.799999999968
2025-10-02 10:51:00,10446.799999999968,10446.799999999968
2025-10-02 11:51:00,10446.799999999968,10446.799999999968
2025-10-02 12:51:00,10446.799999999968,10446.799999999968
2025-10-02 13:51:00,10500.609999999975,10500.609999999975
2025-10-02 14:51:00,10500.609999999975,10500.609999999975
2025-10-02 15:51:00,10500.609999999975,10500.609999999975
2025-10-02 16:51:00,10500.609999999975,10500.609999999975
2025-10-02 17:51:00,10500.609999999975,10500.609999999975
2025-10-02 18:51:00,10500.609999999975,10500.609999999975
2025-10-02 19:51:00,10500.609999999975,10500.609999999975
2025-10-02 20:51:00,10500.609999999975,10500.609999999975
2025-10-02 21:51:00,10500.609999999975,10500.609999999975
2025-10-02 22:51:00,10500.609999999975,10500.609999999975
2025-10-02 23:51:00,10500.609999999975,10500.609999999975
2025-10-03 01:52:00,10500.609999999975,10500.609999999975
2025-10-03 02:52:00,10500.609999999975,10500.609999999975
2025-10-03 03:52:00,10500.609999999975,10500.609999999975
2025-10-03 04:52:00,10500.609999999975,10500.609999999975
2025-10-03 05:52:00,10500.609999999975,10500.609999999975
2025-10-03 06:52:00,10500.609999999975,10500.609999999975
2025-10-03 07:52:00,10500.609999999975,10500.609999999975
2025-10-03 08:52:00,10500.609999999975,10500.609999999975
2025-10-03 09:52:00,10500.609999999975,10500.609999999975
2025-10-03 10:52:00,10500.329999999974,10501.569999999974
2025-10-03 11:52:00,10500.329999999974,10510.409999999974
2025-10-03 12:52:00,10500.329999999974,10509.009999999975
2025-10-03 13:52:00,10500.329999999974,10487.809999999974
2025-10-03 14:52:00,10500.329999999974,10502.929999999975
2025-10-03 15:52:00,10500.329999999974,10476.129999999976
2025-10-03 16:52:00,10411.249999999975,10411.249999999975
2025-10-03 17:52:00,10411.249999999975,10411.249999999975
2025-10-03 18:52:00,10411.249999999975,10411.249999999975
2025-10-03 19:52:00,10411.249999999975,10411.249999999975
2025-10-03 20:52:00,10411.249999999975,10411.249999999975
2025-10-03 21:52:00,10411.249999999975,10411.249999999975
2025-10-03 22:52:00,10411.249999999975,10411.249999999975
2025-10-03 23:52:00,10411.249999999975,10411.249999999975
2025-10-06 01:53:00,10411.249999999975,10411.249999999975
2025-10-06 02:53:00,10411.249999999975,10411.249999999975
2025-10-06 03:53:00,10411.249999999975,10411.249999999975
2025-10-06 04:53:00,10411.249999999975,10411.249999999975
2025-10-06 05:53:00,10411.249999999975,10411.249999999975
2025-10-06 06:53:00,10411.249999999975,10411.249999999975
2025-10-06 07:53:00,10411.249999999975,10411.249999999975
2025-10-06 08:53:00,10411.249999999975,10411.249999999975
2025-10-06 09:53:00,10411.249999999975,10411.249999999975
2025-10-06 10:53:00,10411.249999999975,10411.249999999975
2025-10-06 11:53:00,10411.249999999975,10411.249999999975
2025-10-06 12:53:00,10411.249999999975,10411.249999999975
2025-10-06 13:53:00,10411.249999999975,10411.249999999975
2025-10-06 14:53:00,10411.249999999975,10411.249999999975
2025-10-06 15:53:00,10411.249999999975,10411.249999999975
2025-10-06 16:53:00,10411.249999999975,10411.249999999975
2025-10-06 17:53:00,10411.249999999975,10411.249999999975
2025-10-06 18:53:00,10411.249999999975,10411.249999999975
2025-10-06 19:53:00,10411.249999999975,10411.249999999975
2025-10-06 20:53:00,10411.249999999975,10411.249999999975
2025-10-06 21:53:00,10411.249999999975,10411.249999999975
2025-10-06 22:53:00,10411.249999999975,10411.249999999975
2025-10-06 23:53:00,10411.249999999975,10411.249999999975
2025-10-07 01:54:00,10411.249999999975,10411.249999999975
2025-10-07 02:54:00,10411.249999999975,10411.249999999975
2025-10-07 03:54:00,10411.249999999975,10411.249999999975
2025-10-07 04:54:00,10411.249999999975,10411.249999999975
2025-10-07 05:54:00,10411.249999999975,10411.249999999975
2025-10-07 06:54:00,10411.249999999975,10411.249999999975
2025-10-07 07:54:00,10411.249999999975,10411.249999999975
2025-10-07 08:54:00,10411.249999999975,10411.249999999975
2025-10-07 09:54:00,10411.249999999975,10411.249999999975
2025-10-07 10:54:00,10411.249999999975,10411.249999999975
2025-10-07 11:54:00,10411.249999999975,10411.249999999975
2025-10-07 12:54:00,10411.249999999975,10411.249999999975
2025-10-07 13:54:00,10411.249999999975,10411.249999999975
2025-10-07 14:54:00,10411.249999999975,10411.249999999975
2025-10-07 15:54:00,10411.249999999975,10411.249999999975
2025-10-07 16:54:00,10411.249999999975,10411.249999999975
2025-10-07 17:54:00,10411.249999999975,10411.249999999975
2025-10-07 18:54:00,10411.249999999975,10411.249999999975
2025-10-07 19:54:00,10411.249999999975,10411.249999999975
2025-10-07 20:54:00,10411.249999999975,10411.249999999975
2025-10-07 21:54:00,10411.249999999975,10411.249999999975
2025-10-07 22:54:00,10411.249999999975,10411.249999999975
2025-10-07 23:54:00,10411.249999999975,10411.249999999975
2025-10-08 01:55:00,10411.249999999975,10411.249999999975
2025-10-08 02:55:00,10411.249999999975,10411.249999999975
2025-10-08 03:55:00,10411.249999999975,10411.249999999975
2025-10-08 04:55:00,10411.249999999975,10411.249999999975
2025-10-08 05:55:00,10411.249999999975,10411.249999999975
2025-10-08 06:55:00,10411.249999999975,10411.249999999975
2025-10-08 07:55:00,10411.249999999975,10411.249999999975
2025-10-08 08:55:00,10411.249999999975,10411.249999999975
2025-10-08 09:55:00,10411.249999999975,10411.249999999975
2025-10-08 10:55:00,10411.249999999975,10411.249999999975
2025-10-08 11:55:00,10411.249999999975,10411.249999999975
2025-10-08 12:55:00,10411.249999999975,10411.249999999975
2025-10-08 13:55:00,10411.249999999975,10411.249999999975
2025-10-08 14:55:00,10411.249999999975,10411.249999999975
2025-10-08 15:55:00,10411.249999999975,10411.249999999975
2025-10-08 16:55:00,10411.249999999975,10411.249999999975
2025-10-08 17:55:00,10411.249999999975,10411.249999999975
2025-10-08 18:55:00,10411.249999999975,10411.249999999975
2025-10-08 19:55:00,10411.249999999975,10411.249999999975
2025-10-08 20:55:00,10304.759999999975,10304.759999999975
2025-10-08 21:55:00,10304.759999999975,10304.759999999975
2025-10-08 22:55:00,10304.759999999975,10304.759999999975
2025-10-08 23:55:00,10304.759999999975,10304.759999999975
2025-10-09 01:56:00,10304.759999999975,10304.759999999975
2025-10-09 02:56:00,10304.759999999975,10304.759999999975
2025-10-09 03:56:00,10304.759999999975,10304.759999999975
2025-10-09 04:56:00,10414.849999999971,10414.849999999971
2025-10-09 05:56:00,10414.849999999971,10414.849999999971
2025-10-09 06:56:00,10414.849999999971,10414.849999999971
2025-10-09 07:56:00,10414.849999999971,10414.849999999971
2025-10-09 08:56:00,10414.849999999971,10414.849999999971
2025-10-09 09:56:00,10414.849999999971,10414.849999999971
2025-10-09 10:56:00,10414.849999999971,10414.849999999971
2025-10-09 11:56:00,10414.849999999971,10414.849999999971
2025-10-09 12:56:00,10414.849999999971,10414.849999999971
2025-10-09 13:56:00,10414.849999999971,10414.849999999971
2025-10-09 14:56:00,10414.849999999971,10414.849999999971
2025-10-09 15:56:00,10413.519999999971,10382.929999999977
2025-10-09 16:56:00,10311.109999999975,10311.109999999975
2025-10-09 17:56:00,10311.109999999975,10311.109999999975
2025-10-09 18:56:00,10311.109999999975,10311.109999999975
2025-10-09 19:56:00,10311.109999999975,10311.109999999975
2025-10-09 20:56:00,10311.109999999975,10311.109999999975
2025-10-09 21:56:00,10311.109999999975,10311.109999999975
2025-10-09 22:56:00,10310.969999999976,10307.649999999976
2025-10-09 23:56:00,10310.969999999976,10307.769999999975
2025-10-10 01:57:00,10336.119999999977,10368.179999999978
2025-10-10 02:57:00,10414.649999999978,10388.529999999977
2025-10-10 03:57:00,10414.649999999978,10346.049999999983
2025-10-10 04:57:00,10546.96999999998,10545.409999999978
2025-10-10 05:57:00,10575.96999999998,10627.48999999998
2025-10-10 06:57:00,10652.469999999976,10668.729999999976
2025-10-10 07:57:00,10673.789999999975,10682.689999999975
2025-10-10 08:57:00,10673.689999999975,10673.689999999975
2025-10-10 09:57:00,10673.689999999975,10673.689999999975
2025-10-10 10:57:00,10673.689999999975,10673.689999999975
2025-10-10 11:57:00,10673.689999999975,10673.689999999975
2025-10-10 12:57:00,10673.689999999975,10673.689999999975
2025-10-10 13:57:00,10673.689999999975,10673.689999999975
2025-10-10 14:57:00,10700.919999999976,10733.539999999975
2025-10-10 15:57:00,10700.219999999978,10700.219999999978
2025-10-10 16:57:00,10700.219999999978,10700.219999999978
2025-10-10 17:57:00,10729.269999999979,10729.269999999979
2025-10-10 18:57:00,10729.269999999979,10729.269999999979
2025-10-10 19:57:00,10729.269999999979,10729.269999999979
2025-10-10 20:57:00,10729.269999999979,10729.269999999979
2025-10-10 21:57:00,10729.269999999979,10729.269999999979
2025-10-10 22:57:00,10729.269999999979,10729.269999999979
2025-10-10 23:57:00,10729.269999999979,10729.269999999979
2025-10-13 01:58:00,10751.999999999978,10751.999999999978
2025-10-13 02:58:00,10751.999999999978,10751.999999999978
2025-10-13 03:58:00,10751.999999999978,10751.999999999978
2025-10-13 04:58:00,10751.999999999978,10751.999999999978
2025-10-13 05:58:00,10751.999999999978,10751.999999999978
2025-10-13 06:58:00,10751.999999999978,10751.999999999978
2025-10-13 07:58:00,10751.999999999978,10751.999999999978
2025-10-13 08:58:00,10751.999999999978,10751.999999999978
2025-10-13 09:58:00,10751.999999999978,10751.999999999978
2025-10-13 10:58:00,10751.999999999978,10751.999999999978
2025-10-13 11:58:00,10751.999999999978,10751.999999999978
2025-10-13 12:58:00,10751.999999999978,10751.999999999978
2025-10-13 13:58:00,10751.999999999978,10751.999999999978
2025-10-13 14:58:00,10751.999999999978,10751.999999999978
2025-10-13 15:58:00,10751.999999999978,10751.999999999978
2025-10-13 16:58:00,10751.999999999978,10751.999999999978
2025-10-13 17:58:00,10751.999999999978,10751.999999999978
2025-10-13 18:58:00,10751.999999999978,10751.999999999978
2025-10-13 19:58:00,10751.999999999978,10751.999999999978
2025-10-13 20:58:00,10751.999999999978,10751.999999999978
2025-10-13 21:58:00,10751.999999999978,10751.999999999978
2025-10-13 22:58:00,10751.999999999978,10751.999999999978
2025-10-13 23:58:00,10751.999999999978,10751.999999999978
2025-10-14 01:59:00,10751.999999999978,10751.999999999978
2025-10-14 02:59:00,10751.999999999978,10751.999999999978
2025-10-14 03:59:00,10751.999999999978,10751.999999999978
2025-10-14 04:59:00,10643.849999999988,10643.849999999988
2025-10-14 05:59:00,10643.849999999988,10643.849999999988
2025-10-14 06:59:00,10643.849999999988,10643.849999999988
2025-10-14 07:59:00,10643.849999999988,10643.849999999988
2025-10-14 08:59:00,10643.849999999988,10643.849999999988
2025-10-14 09:59:00,10643.849999999988,10643.849999999988
2025-10-14 10:59:00,10643.849999999988,10643.849999999988
2025-10-14 11:59:00,10643.569999999989,10615.16999999999
2025-10-14 12:59:00,10643.569999999989,10682.16999999999
2025-10-14 13:59:00,10643.569999999989,10664.809999999989
2025-10-14 14:59:00,10643.569999999989,10669.609999999988
2025-10-14 15:59:00,10691.159999999989,10752.059999999987
2025-10-14 16:59:00,10804.189999999986,10830.149999999983
2025-10-14 17:59:00,10803.989999999985,10803.989999999985
2025-10-14 18:59:00,10803.989999999985,10803.989999999985
2025-10-14 19:59:00,10803.989999999985,10803.989999999985
2025-10-14 20:59:00,10803.989999999985,10803.989999999985
2025-10-14 21:59:00,10803.989999999985,10803.989999999985
2025-10-14 22:59:00,10803.989999999985,10803.989999999985
2025-10-15 01:00:00,10803.989999999985,10803.989999999985
2025-10-15 02:00:00,10803.639999999985,10811.939999999988
2025-10-15 03:00:00,10803.639999999985,10802.689999999988
2025-10-15 04:00:00,10803.639999999985,10764.539999999986
2025-10-15 05:00:00,10703.039999999986,10703.039999999986
2025-10-15 06:00:00,10702.409999999987,10737.419999999982
2025-10-15 07:00:00,10811.029999999988,10811.029999999988
2025-10-15 08:00:00,10811.029999999988,10811.029999999988
2025-10-15 09:00:00,10811.029999999988,10811.029999999988
2025-10-15 10:00:00,10811.029999999988,10811.029999999988
2025-10-15 11:00:00,10811.029999999988,10811.029999999988
2025-10-15 12:00:00,10811.029999999988,10811.029999999988
2025-10-15 13:00:00,10811.029999999988,10811.029999999988
2025-10-15 14:00:00,10811.029999999988,10811.029999999988
2025-10-15 15:00:00,10811.029999999988,10811.029999999988
2025-10-15 16:00:00,10811.029999999988,10811.029999999988
2025-10-15 17:00:00,10811.029999999988,10811.029999999988
2025-10-15 18:00:00,10811.029999999988,10811.029999999988
2025-10-15 19:00:00,10920.03999999999,10920.03999999999
2025-10-15 20:00:00,10920.03999999999,10920.03999999999
2025-10-15 21:00:00,10920.03999999999,10920.03999999999
2025-10-15 22:00:00,10920.03999999999,10920.03999999999
2025-10-15 23:00:00,10920.03999999999,10920.03999999999
2025-10-16 01:01:00,10920.03999999999,10920.03999999999
2025-10-16 02:01:00,10920.03999999999,10920.03999999999
2025-10-16 03:01:00,10920.03999999999,10920.03999999999
2025-10-16 04:01:00,10920.03999999999,10920.03999999999
2025-10-16 05:01:00,10920.03999999999,10920.03999999999
2025-10-16 06:01:00,10920.03999999999,10920.03999999999
2025-10-16 07:01:00,10920.03999999999,10920.03999999999
2025-10-16 08:01:00,10920.03999999999,10920.03999999999
2025-10-16 09:01:00,10920.03999999999,10920.03999999999
2025-10-16 10:01:00,10920.03999999999,10920.03999999999
2025-10-16 11:01:00,10920.03999999999,10920.03999999999
2025-10-16 12:01:00,10920.03999999999,10920.03999999999
2025-10-16 13:01:00,10920.03999999999,10920.03999999999
2025-10-16 14:01:00,10920.03999999999,10920.03999999999
2025-10-16 15:01:00,10920.03999999999,10920.03999999999
2025-10-16 16:01:00,10948.569999999989,11014.809999999989
2025-10-16 17:01:00,11036.409999999985,11036.409999999985
2025-10-16 18:01:00,11066.649999999981,11108.709999999983
2025-10-16 19:01:00,11144.289999999979,11144.289999999979
2025-10-16 20:01:00,11174.319999999967,11174.319999999967
2025-10-16 21:01:00,11174.319999999967,11174.319999999967
2025-10-16 22:01:00,11174.319999999967,11174.319999999967
2025-10-16 23:01:00,11174.319999999967,11174.319999999967
2025-10-17 01:02:00,11174.319999999967,11174.319999999967
2025-10-17 02:02:00,11174.319999999967,11174.319999999967
2025-10-17 03:02:00,11174.319999999967,11174.319999999967
2025-10-17 04:02:00,11174.319999999967,11174.319999999967
2025-10-17 05:02:00,11174.319999999967,11174.319999999967
2025-10-17 06:02:00,11174.319999999967,11174.319999999967
2025-10-17 07:02:00,11174.319999999967,11174.319999999967
2025-10-17 08:02:00,11174.319999999967,11174.319999999967
2025-10-17 09:02:00,11174.319999999967,11174.319999999967
2025-10-17 10:02:00,11174.319999999967,11174.319999999967
2025-10-17 11:02:00,11174.319999999967,11174.319999999967
2025-10-17 12:02:00,11174.319999999967,11174.319999999967
2025-10-17 13:02:00,11174.319999999967,11174.319999999967
2025-10-17 14:02:00,11174.319999999967,11174.319999999967
2025-10-17 15:02:00,11174.319999999967,11174.319999999967
2025-10-17 16:02:00,11174.319999999967,11174.319999999967
2025-10-17 17:02:00,11174.319999999967,11174.319999999967
2025-10-17 18:02:00,11174.319999999967,11174.319999999967
2025-10-17 19:02:00,11174.319999999967,11174.319999999967
2025-10-17 20:02:00,11174.319999999967,11174.319999999967
2025-10-17 21:02:00,11174.319999999967,11174.319999999967
2025-10-17 22:02:00,11174.319999999967,11174.319999999967
2025-10-17 23:02:00,11174.319999999967,11174.319999999967
2025-10-20 01:03:00,11174.319999999967,11174.319999999967
2025-10-20 02:03:00,11174.319999999967,11174.319999999967
2025-10-20 03:03:00,11174.319999999967,11174.319999999967
2025-10-20 04:03:00,11174.319999999967,11174.319999999967
2025-10-20 05:03:00,11174.319999999967,11174.319999999967
2025-10-20 06:03:00,11174.319999999967,11174.319999999967
2025-10-20 07:03:00,11174.319999999967,11174.319999999967
2025-10-20 08:03:00,11174.319999999967,11174.319999999967
2025-10-20 09:03:00,11174.319999999967,11174.319999999967
2025-10-20 10:03:00,11174.319999999967,11174.319999999967
2025-10-20 11:03:00,11174.319999999967,11174.319999999967
2025-10-20 12:03:00,11174.319999999967,11174.319999999967
2025-10-20 13:03:00,11174.319999999967,11174.319999999967
2025-10-20 14:03:00,11316.279999999959,11357.739999999958
2025-10-20 15:03:00,11407.179999999957,11407.179999999957
2025-10-20 16:03:00,11407.179999999957,11407.179999999957
2025-10-20 17:03:00,11407.179999999957,11407.179999999957
2025-10-20 18:03:00,11407.179999999957,11407.179999999957
2025-10-20 19:03:00,11407.179999999957,11407.179999999957
2025-10-20 20:03:00,11407.179999999957,11407.179999999957
2025-10-20 21:03:00,11407.179999999957,11407.179999999957
2025-10-20 22:03:00,11407.179999999957,11407.179999999957
2025-10-20 23:03:00,11407.179999999957,11407.179999999957
2025-10-21 01:04:00,11291.459999999961,11290.019999999962
2025-10-21 02:04:00,11319.079999999958,11319.079999999958
2025-10-21 03:04:00,11319.079999999958,11319.079999999958
2025-10-21 04:04:00,11319.079999999958,11319.079999999958
2025-10-21 05:04:00,11319.079999999958,11319.079999999958
2025-10-21 06:04:00,11319.079999999958,11319.079999999958
2025-10-21 07:04:00,11319.079999999958,11319.079999999958
2025-10-21 08:04:00,11319.079999999958,11319.079999999958
2025-10-21 09:04:00,11319.079999999958,11319.079999999958
2025-10-21 10:04:00,11319.079999999958,11319.079999999958
2025-10-21 11:04:00,11219.129999999957,11219.129999999957
2025-10-21 12:04:00,11219.129999999957,11219.129999999957
2025-10-21 13:04:00,11219.129999999957,11219.129999999957
2025-10-21 14:04:00,11219.129999999957,11219.129999999957
2025-10-21 15:04:00,11219.129999999957,11219.129999999957
2025-10-21 16:04:00,11219.129999999957,11219.129999999957
2025-10-21 17:04:00,11219.129999999957,11219.129999999957
2025-10-21 18:04:00,11219.129999999957,11219.129999999957
2025-10-21 19:04:00,11219.129999999957,11219.129999999957
2025-10-21 20:04:00,11219.129999999957,11219.129999999957
2025-10-21 21:04:00,11219.129999999957,11219.129999999957
2025-10-21 22:04:00,11219.129999999957,11219.129999999957
2025-10-21 23:04:00,11219.129999999957,11219.129999999957
2025-10-22 01:05:00,11219.129999999957,11219.129999999957
2025-10-22 02:05:00,11219.129999999957,11219.129999999957
2025-10-22 03:05:00,11219.129999999957,11219.129999999957
2025-10-22 04:05:00,11219.129999999957,11219.129999999957
2025-10-22 05:05:00,11219.129999999957,11219.129999999957
2025-10-22 06:05:00,11219.129999999957,11219.129999999957
2025-10-22 07:05:00,11219.129999999957,11219.129999999957
2025-10-22 08:05:00,11219.129999999957,11219.129999999957
2025-10-22 09:05:00,11219.129999999957,11219.129999999957
2025-10-22 10:05:00,11219.129999999957,11219.129999999957
2025-10-22 11:05:00,11219.129999999957,11219.129999999957
2025-10-22 12:05:00,11219.129999999957,11219.129999999957
2025-10-22 13:05:00,11219.129999999957,11219.129999999957
2025-10-22 14:05:00,11219.129999999957,11219.129999999957
2025-10-22 15:05:00,11219.129999999957,11219.129999999957
2025-10-22 16:05:00,11219.129999999957,11219.129999999957
2025-10-22 17:05:00,11247.479999999958,11247.479999999958
2025-10-22 18:05:00,11247.479999999958,11247.479999999958
2025-10-22 19:05:00,11247.479999999958,11247.479999999958
2025-10-22 20:05:00,11247.479999999958,11247.479999999958
2025-10-22 21:05:00,11247.479999999958,11247.479999999958
2025-10-22 22:05:00,11247.479999999958,11247.479999999958
2025-10-22 23:05:00,11247.479999999958,11247.479999999958
2025-10-23 01:06:00,11247.479999999958,11247.479999999958
2025-10-23 02:06:00,11247.479999999958,11247.479999999958
2025-10-23 03:06:00,11247.479999999958,11247.479999999958
2025-10-23 04:06:00,11247.479999999958,11247.479999999958
2025-10-23 05:06:00,11152.679999999953,11152.679999999953
2025-10-23 06:06:00,11152.679999999953,11152.679999999953
2025-10-23 07:06:00,11152.679999999953,11152.679999999953
2025-10-23 08:06:00,11152.679999999953,11152.679999999953
2025-10-23 09:06:00,11152.049999999954,11104.259999999951
2025-10-23 10:06:00,11060.259999999955,11127.57999999995
2025-10-23 11:06:00,11085.639999999954,11151.24999999995
2025-10-23 12:06:00,11085.639999999954,11143.659999999953
2025-10-23 13:06:00,11085.639999999954,11126.139999999954
2025-10-23 14:06:00,11130.62999999996,11183.849999999955
2025-10-23 15:06:00,11130.62999999996,11193.599999999955
2025-10-23 16:06:00,11130.329999999958,11130.329999999958
2025-10-23 17:06:00,11130.329999999958,11130.329999999958
2025-10-23 18:06:00,11130.329999999958,11130.329999999958
2025-10-23 19:06:00,11130.329999999958,11130.329999999958
2025-10-23 20:06:00,11130.329999999958,11130.329999999958
2025-10-23 21:06:00,11130.329999999958,11130.329999999958
2025-10-23 22:06:00,11130.329999999958,11130.329999999958
2025-10-23 23:06:00,11130.329999999958,11130.329999999958
2025-10-24 01:07:00,11130.329999999958,11130.329999999958
2025-10-24 02:07:00,11130.329999999958,11130.329999999958
2025-10-24 03:07:00,11130.329999999958,11130.329999999958
2025-10-24 04:07:00,11130.329999999958,11130.329999999958
2025-10-24 05:07:00,11130.329999999958,11130.329999999958
2025-10-24 06:07:00,11130.329999999958,11130.329999999958
2025-10-24 07:07:00,11130.329999999958,11130.329999999958
2025-10-24 08:07:00,11130.329999999958,11130.329999999958
2025-10-24 09:07:00,11130.329999999958,11130.329999999958
2025-10-24 10:07:00,11130.329999999958,11130.329999999958
2025-10-24 11:07:00,11130.329999999958,11130.329999999958
2025-10-24 12:07:00,11130.329999999958,11130.329999999958
2025-10-24 13:07:00,11130.329999999958,11130.329999999958
2025-10-24 14:07:00,11130.329999999958,11130.329999999958
2025-10-24 15:07:00,11130.329999999958,11130.329999999958
2025-10-24 16:07:00,11130.329999999958,11130.329999999958
2025-10-24 17:07:00,11138.579999999958,11186.279999999957
2025-10-24 18:07:00,11156.059999999958,11226.609999999957
2025-10-24 19:07:00,11156.059999999958,11292.759999999958
2025-10-24 20:07:00,11156.059999999958,11274.05999999996
2025-10-24 21:07:00,11155.559999999956,11155.559999999956
2025-10-24 22:07:00,11155.559999999956,11155.559999999956
2025-10-24 23:07:00,11155.559999999956,11155.559999999956
2025-10-27 00:08:00,11155.559999999956,11155.559999999956
2025-10-27 01:08:00,11046.659999999953,11046.659999999953
2025-10-27 02:08:00,11046.659999999953,11046.659999999953
2025-10-27 03:08:00,11046.659999999953,11046.659999999953
2025-10-27 04:08:00,11046.659999999953,11046.659999999953
2025-10-27 05:08:00,11046.659999999953,11046.659999999953
2025-10-27 06:08:00,11046.659999999953,11046.659999999953
2025-10-27 07:08:00,11046.659999999953,11046.659999999953
2025-10-27 08:08:00,11046.659999999953,11046.659999999953
2025-10-27 09:08:00,11046.659999999953,11046.659999999953
2025-10-27 10:08:00,11046.659999999953,11046.659999999953
2025-10-27 11:08:00,11046.659999999953,11046.659999999953
2025-10-27 12:08:00,11046.659999999953,11046.659999999953
2025-10-27 13:08:00,11046.659999999953,11046.659999999953
2025-10-27 14:08:00,11046.659999999953,11046.659999999953
2025-10-27 15:08:00,11046.659999999953,11046.659999999953
2025-10-27 16:08:00,11046.659999999953,11046.659999999953
2025-10-27 17:08:00,11046.659999999953,11046.659999999953
2025-10-27 18:08:00,11046.659999999953,11046.659999999953
2025-10-27 19:08:00,11046.659999999953,11046.659999999953
2025-10-27 20:08:00,11046.659999999953,11046.659999999953
2025-10-27 21:08:00,11046.659999999953,11046.659999999953
2025-10-27 22:08:00,11046.659999999953,11046.659999999953
2025-10-28 00:09:00,11046.659999999953,11046.659999999953
2025-10-28 01:09:00,11046.659999999953,11046.659999999953
2025-10-28 02:09:00,11046.659999999953,11046.659999999953
2025-10-28 03:09:00,11046.659999999953,11046.659999999953
2025-10-28 04:09:00,11046.659999999953,11046.659999999953
2025-10-28 05:09:00,11046.659999999953,11046.659999999953
2025-10-28 06:09:00,11046.659999999953,11046.659999999953
2025-10-28 07:09:00,11046.659999999953,11046.659999999953
2025-10-28 08:09:00,11046.659999999953,11046.659999999953
2025-10-28 09:09:00,11046.659999999953,11046.659999999953
2025-10-28 10:09:00,11046.659999999953,11046.659999999953
2025-10-28 11:09:00,11046.659999999953,11046.659999999953
2025-10-28 12:09:00,11046.659999999953,11046.659999999953
2025-10-28 13:09:00,11046.659999999953,11046.659999999953
2025-10-28 14:09:00,11046.659999999953,11046.659999999953
2025-10-28 15:09:00,11046.659999999953,11046.659999999953
2025-10-28 16:09:00,11046.659999999953,11046.659999999953
2025-10-28 17:09:00,11046.659999999953,11046.659999999953
2025-10-28 18:09:00,11046.659999999953,11046.659999999953
2025-10-28 19:09:00,11046.659999999953,11046.659999999953
2025-10-28 20:09:00,11046.659999999953,11046.659999999953
2025-10-28 21:09:00,11046.659999999953,11046.659999999953
2025-10-28 22:09:00,11046.659999999953,11046.659999999953
2025-10-29 00:10:00,11082.799999999952,11239.819999999952
2025-10-29 01:10:00,11142.859999999953,11225.979999999954
2025-10-29 02:10:00,11142.859999999953,11281.939999999953
2025-10-29 03:10:00,11341.579999999954,11341.579999999954
2025-10-29 04:10:00,11341.579999999954,11341.579999999954
2025-10-29 05:10:00,11341.579999999954,11341.579999999954
2025-10-29 06:10:00,11341.579999999954,11341.579999999954
2025-10-29 07:10:00,11341.579999999954,11341.579999999954
2025-10-29 08:10:00,11341.579999999954,11341.579999999954
2025-10-29 09:10:00,11341.579999999954,11341.579999999954
2025-10-29 10:10:00,11341.579999999954,11341.579999999954
2025-10-29 11:10:00,11341.579999999954,11341.579999999954
2025-10-29 12:10:00,11341.579999999954,11341.579999999954
2025-10-29 13:10:00,11341.579999999954,11341.579999999954
2025-10-29 14:10:00,11341.579999999954,11341.579999999954
2025-10-29 15:10:00,11341.579999999954,11341.579999999954
2025-10-29 16:10:00,11341.579999999954,11341.579999999954
2025-10-29 17:10:00,11341.579999999954,11341.579999999954
2025-10-29 18:10:00,11225.779999999948,11225.779999999948
2025-10-29 19:10:00,11225.779999999948,11225.779999999948
2025-10-29 20:10:00,11225.779999999948,11225.779999999948
2025-10-29 21:10:00,11225.779999999948,11225.779999999948
2025-10-29 22:10:00,11225.779999999948,11225.779999999948
2025-10-30 00:11:00,11225.779999999948,11225.779999999948
2025-10-30 01:11:00,11225.779999999948,11225.779999999948
2025-10-30 02:11:00,11225.779999999948,11225.779999999948
2025-10-30 03:11:00,11225.779999999948,11225.779999999948
2025-10-30 04:11:00,11225.779999999948,11225.779999999948
2025-10-30 05:11:00,11225.779999999948,11225.779999999948
2025-10-30 06:11:00,11225.779999999948,11225.779999999948
2025-10-30 07:11:00,11225.779999999948,11225.779999999948
2025-10-30 08:11:00,11225.779999999948,11225.779999999948
2025-10-30 09:11:00,11225.779999999948,11225.779999999948
2025-10-30 10:11:00,11225.779999999948,11225.779999999948
2025-10-30 11:11:00,11225.779999999948,11225.779999999948
2025-10-30 12:11:00,11225.779999999948,11225.779999999948
2025-10-30 13:11:00,11114.53999999995,11114.53999999995
2025-10-30 14:11:00,11114.53999999995,11114.53999999995
2025-10-30 15:11:00,11114.53999999995,11114.53999999995
2025-10-30 16:11:00,11114.53999999995,11114.53999999995
2025-10-30 17:11:00,11114.53999999995,11114.53999999995
2025-10-30 18:11:00,11114.53999999995,11114.53999999995
2025-10-30 19:11:00,11114.53999999995,11114.53999999995
2025-10-30 20:11:00,11114.53999999995,11114.53999999995
2025-10-30 21:11:00,11114.53999999995,11114.53999999995
2025-10-30 22:11:00,11114.53999999995,11114.53999999995
2025-10-31 00:12:00,11114.53999999995,11114.53999999995
2025-10-31 01:12:00,11114.53999999995,11114.53999999995
2025-10-31 02:12:00,11154.95999999995,11217.359999999948
2025-10-31 03:12:00,11209.68999999995,11209.68999999995
2025-10-31 04:12:00,11209.68999999995,11209.68999999995
2025-10-31 05:12:00,11209.68999999995,11209.68999999995
2025-10-31 06:12:00,11209.68999999995,11209.68999999995
2025-10-31 07:12:00,11209.68999999995,11209.68999999995
2025-10-31 08:12:00,11209.68999999995,11209.68999999995
2025-10-31 09:12:00,11209.68999999995,11209.68999999995
2025-10-31 10:12:00,11209.68999999995,11209.68999999995
2025-10-31 11:12:00,11209.68999999995,11209.68999999995
2025-10-31 12:12:00,11209.68999999995,11209.68999999995
2025-10-31 13:12:00,11209.68999999995,11209.68999999995
2025-10-31 14:12:00,11209.68999999995,11209.68999999995
2025-10-31 15:12:00,11209.68999999995,11209.68999999995
2025-10-31 16:12:00,11209.68999999995,11209.68999999995
2025-10-31 17:12:00,11209.68999999995,11209.68999999995
2025-10-31 18:12:00,11209.68999999995,11209.68999999995
2025-10-31 19:12:00,11209.68999999995,11209.68999999995
2025-10-31 20:12:00,11096.629999999954,11049.189999999955
2025-10-31 21:12:00,11096.629999999954,11060.469999999954
2025-10-31 22:12:00,11111.129999999952,11111.129999999952
2025-11-03 01:13:00,11111.129999999952,11111.129999999952
2025-11-03 02:13:00,11111.129999999952,11111.129999999952
2025-11-03 03:13:00,11111.129999999952,11111.129999999952
2025-11-03 04:13:00,11111.129999999952,11111.129999999952
2025-11-03 05:13:00,11111.129999999952,11111.129999999952
2025-11-03 06:13:00,11111.129999999952,11111.129999999952
2025-11-03 07:13:00,11111.129999999952,11111.129999999952
2025-11-03 08:13:00,11111.129999999952,11111.129999999952
2025-11-03 09:13:00,11111.129999999952,11111.129999999952
2025-11-03 10:13:00,11111.129999999952,11111.129999999952
2025-11-03 11:13:00,11111.129999999952,11111.129999999952
2025-11-03 12:13:00,11111.129999999952,11111.129999999952
2025-11-03 13:13:00,11111.129999999952,11111.129999999952
2025-11-03 14:13:00,11109.939999999951,11106.199999999946
2025-11-03 15:13:00,11124.079999999945,11124.079999999945
2025-11-03 16:13:00,11124.079999999945,11124.079999999945
2025-11-03 17:13:00,11124.079999999945,11124.079999999945
2025-11-03 18:13:00,11124.079999999945,11124.079999999945
2025-11-03 19:13:00,11124.079999999945,11124.079999999945
2025-11-03 20:13:00,11124.079999999945,11124.079999999945
2025-11-03 21:13:00,11124.079999999945,11124.079999999945
2025-11-03 22:13:00,11124.079999999945,11124.079999999945
2025-11-03 23:13:00,11124.079999999945,11124.079999999945
2025-11-04 01:14:00,11124.079999999945,11124.079999999945
2025-11-04 02:14:00,11124.079999999945,11124.079999999945
2025-11-04 03:14:00,11167.779999999946,11222.309999999947
2025-11-04 04:14:00,11167.079999999947,11167.079999999947
2025-11-04 05:14:00,11167.079999999947,11167.079999999947
2025-11-04 06:14:00,11167.079999999947,11167.079999999947
2025-11-04 07:14:00,11167.079999999947,11167.079999999947
2025-11-04 08:14:00,11167.079999999947,11167.079999999947
2025-11-04 09:14:00,11167.079999999947,11167.079999999947
2025-11-04 10:14:00,11167.079999999947,11167.079999999947
2025-11-04 11:14:00,11167.079999999947,11167.079999999947
2025-11-04 12:14:00,11167.079999999947,11167.079999999947
2025-11-04 13:14:00,11167.079999999947,11167.079999999947
2025-11-04 14:14:00,11167.079999999947,11167.079999999947
2025-11-04 15:14:00,11167.079999999947,11167.079999999947
2025-11-04 16:14:00,11167.079999999947,11167.079999999947
2025-11-04 17:14:00,11167.079999999947,11167.079999999947
2025-11-04 18:14:00,11167.079999999947,11167.079999999947
2025-11-04 19:14:00,11167.079999999947,11167.079999999947
2025-11-04 20:14:00,11167.079999999947,11167.079999999947
2025-11-04 21:14:00,11167.079999999947,11167.079999999947
2025-11-04 22:14:00,11167.079999999947,11167.079999999947
2025-11-04 23:14:00,11167.079999999947,11167.079999999947
2025-11-05 01:15:00,11167.079999999947,11167.079999999947
2025-11-05 02:15:00,11167.079999999947,11167.079999999947
2025-11-05 03:15:00,11167.079999999947,11167.079999999947
2025-11-05 04:15:00,11167.079999999947,11167.079999999947
2025-11-05 05:15:00,11167.079999999947,11167.079999999947
2025-11-05 06:15:00,11167.079999999947,11167.079999999947
2025-11-05 07:15:00,11167.079999999947,11167.079999999947
2025-11-05 08:15:00,11167.079999999947,11167.079999999947
2025-11-05 09:15:00,11167.079999999947,11167.079999999947
2025-11-05 10:15:00,11167.079999999947,11167.079999999947
2025-11-05 11:15:00,11167.079999999947,11167.079999999947
2025-11-05 12:15:00,11167.079999999947,11167.079999999947
2025-11-05 13:15:00,11167.079999999947,11167.079999999947
2025-11-05 14:15:00,11167.079999999947,11167.079999999947
2025-11-05 15:15:00,11167.079999999947,11167.079999999947
2025-11-05 16:15:00,11167.079999999947,11167.079999999947
2025-11-05 17:15:00,11167.079999999947,11167.079999999947
2025-11-05 18:15:00,11167.079999999947,11167.079999999947
2025-11-05 19:15:00,11167.079999999947,11167.079999999947
2025-11-05 20:15:00,11167.079999999947,11167.079999999947
2025-11-05 21:15:00,11167.079999999947,11167.079999999947
2025-11-05 22:15:00,11167.079999999947,11167.079999999947
2025-11-05 23:15:00,11167.079999999947,11167.079999999947
2025-11-06 01:16:00,11167.079999999947,11167.079999999947
2025-11-06 02:16:00,11052.47999999995,11052.47999999995
2025-11-06 03:16:00,11052.47999999995,11052.47999999995
2025-11-06 04:16:00,11052.47999999995,11052.47999999995
2025-11-06 05:16:00,11052.47999999995,11052.47999999995
2025-11-06 06:16:00,11052.47999999995,11052.47999999995
2025-11-06 07:16:00,11052.47999999995,11052.47999999995
2025-11-06 08:16:00,11052.47999999995,11052.47999999995
2025-11-06 09:16:00,11052.47999999995,11052.47999999995
2025-11-06 10:16:00,11052.47999999995,11052.47999999995
2025-11-06 11:16:00,11052.47999999995,11052.47999999995
2025-11-06 12:16:00,11052.47999999995,11052.47999999995
2025-11-06 13:16:00,11052.47999999995,11052.47999999995
2025-11-06 14:16:00,11052.47999999995,11052.47999999995
2025-11-06 15:16:00,11064.93999999995,11121.339999999947
2025-11-06 16:16:00,11064.93999999995,11076.539999999948
2025-11-06 17:16:00,11064.139999999947,11064.139999999947
2025-11-06 18:16:00,11064.139999999947,11064.139999999947
2025-11-06 19:16:00,11064.139999999947,11064.139999999947
2025-11-06 20:16:00,11064.139999999947,11064.139999999947
2025-11-06 21:16:00,11064.139999999947,11064.139999999947
2025-11-06 22:16:00,11064.139999999947,11064.139999999947
2025-11-06 23:16:00,11064.139999999947,11064.139999999947
2025-11-07 01:17:00,11064.139999999947,11064.139999999947
2025-11-07 02:17:00,11064.139999999947,11064.139999999947
2025-11-07 03:17:00,11064.139999999947,11064.139999999947
2025-11-07 04:17:00,11064.139999999947,11064.139999999947
2025-11-07 05:17:00,11064.139999999947,11064.139999999947
2025-11-07 06:17:00,11064.139999999947,11064.139999999947
2025-11-07 07:17:00,11064.139999999947,11064.139999999947
2025-11-07 08:17:00,11064.139999999947,11064.139999999947
2025-11-07 09:17:00,11064.139999999947,11064.139999999947
2025-11-07 10:17:00,11064.139999999947,11064.139999999947
2025-11-07 11:17:00,11064.139999999947,11064.139999999947
2025-11-07 12:17:00,11064.139999999947,11064.139999999947
2025-11-07 13:17:00,11064.139999999947,11064.139999999947
2025-11-07 14:17:00,11064.139999999947,11064.139999999947
2025-11-07 15:17:00,11064.139999999947,11064.139999999947
2025-11-07 16:17:00,11064.139999999947,11064.139999999947
2025-11-07 17:17:00,11064.139999999947,11064.139999999947
2025-11-07 18:17:00,11064.139999999947,11064.139999999947
2025-11-07 19:17:00,11064.139999999947,11064.139999999947
2025-11-07 20:17:00,11064.139999999947,11064.139999999947
2025-11-07 21:17:00,11064.139999999947,11064.139999999947
2025-11-07 22:17:00,11064.139999999947,11064.139999999947
2025-11-07 23:17:00,11064.139999999947,11064.139999999947
2025-11-10 01:18:00,11064.139999999947,11064.139999999947
2025-11-10 02:18:00,11064.139999999947,11064.139999999947
2025-11-10 03:18:00,11064.139999999947,11064.139999999947
2025-11-10 04:18:00,11063.299999999947,11112.619999999948
2025-11-10 05:18:00,11063.299999999947,11095.579999999947
2025-11-10 06:18:00,11110.489999999949,11173.669999999951
2025-11-10 07:18:00,11110.489999999949,11167.129999999948
2025-11-10 08:18:00,11173.42999999995,11254.12999999995
2025-11-10 09:18:00,11173.42999999995,11271.34999999995
2025-11-10 10:18:00,11173.42999999995,11274.16999999995
2025-11-10 11:18:00,11173.42999999995,11272.36999999995
2025-11-10 12:18:00,11299.27999999995,11299.27999999995
2025-11-10 13:18:00,11299.27999999995,11299.27999999995
2025-11-10 14:18:00,11299.27999999995,11299.27999999995
2025-11-10 15:18:00,11299.27999999995,11299.27999999995
2025-11-10 16:18:00,11299.27999999995,11299.27999999995
2025-11-10 17:18:00,11299.27999999995,11299.27999999995
2025-11-10 18:18:00,11299.27999999995,11299.27999999995
2025-11-10 19:18:00,11299.27999999995,11299.27999999995
2025-11-10 20:18:00,11299.27999999995,11299.27999999995
2025-11-10 21:18:00,11299.27999999995,11299.27999999995
2025-11-10 22:18:00,11299.27999999995,11299.27999999995
2025-11-10 23:18:00,11299.27999999995,11299.27999999995
2025-11-11 01:19:00,11299.27999999995,11299.27999999995
2025-11-11 02:19:00,11299.27999999995,11299.27999999995
2025-11-11 03:19:00,11299.27999999995,11299.27999999995
2025-11-11 04:19:00,11299.27999999995,11299.27999999995
2025-11-11 05:19:00,11299.27999999995,11299.27999999995
2025-11-11 06:19:00,11299.27999999995,11299.27999999995
2025-11-11 07:19:00,11299.27999999995,11299.27999999995
2025-11-11 08:19:00,11299.27999999995,11299.27999999995
2025-11-11 09:19:00,11299.27999999995,11299.27999999995
2025-11-11 10:19:00,11299.27999999995,11299.27999999995
2025-11-11 11:19:00,11299.27999999995,11299.27999999995
2025-11-11 12:19:00,11299.27999999995,11299.27999999995
2025-11-11 13:19:00,11299.27999999995,11299.27999999995
2025-11-11 14:19:00,11299.27999999995,11299.27999999995
2025-11-11 15:19:00,11299.27999999995,11299.27999999995
2025-11-11 16:19:00,11299.27999999995,11299.27999999995
2025-11-11 17:19:00,11299.27999999995,11299.27999999995
2025-11-11 18:19:00,11299.27999999995,11299.27999999995
2025-11-11 19:19:00,11299.27999999995,11299.27999999995
2025-11-11 20:19:00,11299.27999999995,11299.27999999995
2025-11-11 21:19:00,11299.27999999995,11299.27999999995
2025-11-11 22:19:00,11299.27999999995,11299.27999999995
2025-11-11 23:19:00,11299.27999999995,11299.27999999995
2025-11-12 01:20:00,11299.27999999995,11299.27999999995
2025-11-12 02:20:00,11299.27999999995,11299.27999999995
2025-11-12 03:20:00,11299.27999999995,11299.27999999995
2025-11-12 04:20:00,11299.27999999995,11299.27999999995
2025-11-12 05:20:00,11299.27999999995,11299.27999999995
2025-11-12 06:20:00,11299.27999999995,11299.27999999995
2025-11-12 07:20:00,11299.27999999995,11299.27999999995
2025-11-12 08:20:00,11299.27999999995,11299.27999999995
2025-11-12 09:20:00,11299.27999999995,11299.27999999995
2025-11-12 10:20:00,11299.27999999995,11299.27999999995
2025-11-12 11:20:00,11299.27999999995,11299.27999999995
2025-11-12 12:20:00,11299.27999999995,11299.27999999995
2025-11-12 13:20:00,11299.27999999995,11299.27999999995
2025-11-12 14:20:00,11299.27999999995,11299.27999999995
2025-11-12 15:20:00,11299.27999999995,11299.27999999995
2025-11-12 16:20:00,11299.27999999995,11299.27999999995
2025-11-12 17:20:00,11299.27999999995,11299.27999999995
2025-11-12 18:20:00,11299.27999999995,11299.27999999995
2025-11-12 19:20:00,11299.27999999995,11299.27999999995
2025-11-12 20:20:00,11299.27999999995,11299.27999999995
2025-11-12 21:20:00,11299.27999999995,11299.27999999995
2025-11-12 22:20:00,11299.27999999995,11299.27999999995
2025-11-12 23:20:00,11299.27999999995,11299.27999999995
2025-11-13 01:21:00,11299.27999999995,11299.27999999995
2025-11-13 02:21:00,11299.27999999995,11299.27999999995
2025-11-13 03:21:00,11299.27999999995,11299.27999999995
2025-11-13 04:21:00,11299.27999999995,11299.27999999995
2025-11-13 05:21:00,11299.27999999995,11299.27999999995
2025-11-13 06:21:00,11299.27999999995,11299.27999999995
2025-11-13 07:21:00,11299.27999999995,11299.27999999995
2025-11-13 08:21:00,11299.27999999995,11299.27999999995
2025-11-13 09:21:00,11299.27999999995,11299.27999999995
2025-11-13 10:21:00,11299.27999999995,11299.27999999995
2025-11-13 11:21:00,11299.27999999995,11299.27999999995
2025-11-13 12:21:00,11299.27999999995,11299.27999999995
2025-11-13 13:21:00,11299.27999999995,11299.27999999995
2025-11-13 14:21:00,11299.27999999995,11299.27999999995
2025-11-13 15:21:00,11313.399999999947,11313.399999999947
2025-11-13 16:21:00,11313.399999999947,11313.399999999947
2025-11-13 17:21:00,11313.399999999947,11313.399999999947
2025-11-13 18:21:00,11313.399999999947,11313.399999999947
2025-11-13 19:21:00,11313.399999999947,11313.399999999947
2025-11-13 20:21:00,11313.399999999947,11313.399999999947
2025-11-13 21:21:00,11312.279999999946,11233.779999999942
2025-11-13 22:21:00,11321.689999999946,11340.32999999995
2025-11-13 23:21:00,11352.129999999946,11539.939999999953
2025-11-14 01:22:00,11361.329999999947,11590.309999999947
2025-11-14 02:22:00,11384.559999999947,11679.189999999951
2025-11-14 03:22:00,11384.559999999947,11594.489999999943
2025-11-14 04:22:00,11384.559999999947,11760.69999999995
2025-11-14 05:22:00,11500.039999999946,11863.319999999943
2025-11-14 06:22:00,11500.039999999946,11808.27999999995
2025-11-14 07:22:00,11500.039999999946,11704.59999999995
2025-11-14 08:22:00,11500.039999999946,11664.759999999946
2025-11-14 09:22:00,11499.83999999995,11517.51999999995
2025-11-14 10:22:00,11499.239999999949,11499.239999999949
2025-11-14 11:22:00,11499.239999999949,11499.239999999949
2025-11-14 12:22:00,11499.239999999949,11499.239999999949
2025-11-14 13:22:00,11499.239999999949,11499.239999999949
2025-11-14 14:22:00,11499.239999999949,11499.239999999949
2025-11-14 15:22:00,11499.239999999949,11499.239999999949
2025-11-14 16:22:00,11499.239999999949,11499.239999999949
2025-11-14 17:22:00,11499.239999999949,11499.239999999949
2025-11-14 18:22:00,11514.319999999947,11514.319999999947
2025-11-14 19:22:00,11514.319999999947,11514.319999999947
2025-11-14 20:22:00,11514.319999999947,11514.319999999947
2025-11-14 21:22:00,11514.319999999947,11514.319999999947
2025-11-14 22:22:00,11514.319999999947,11514.319999999947
2025-11-14 23:22:00,11514.319999999947,11514.319999999947
2025-11-17 01:23:00,11514.319999999947,11514.319999999947
2025-11-17 02:23:00,11514.319999999947,11514.319999999947
2025-11-17 03:23:00,11514.319999999947,11514.319999999947
2025-11-17 04:23:00,11514.319999999947,11514.319999999947
2025-11-17 05:23:00,11514.319999999947,11514.319999999947
2025-11-17 06:23:00,11514.319999999947,11514.319999999947
2025-11-17 07:23:00,11514.319999999947,11514.319999999947
2025-11-17 08:23:00,11514.039999999946,11530.039999999946
2025-11-17 09:23:00,11528.369999999946,11589.209999999945
2025-11-17 10:23:00,11557.029999999946,11613.289999999946
2025-11-17 11:23:00,11557.029999999946,11614.049999999945
2025-11-17 12:23:00,11557.029999999946,11619.169999999946
2025-11-17 13:23:00,11557.029999999946,11585.169999999946
2025-11-17 14:23:00,11557.029999999946,11603.329999999945
2025-11-17 15:23:00,11557.029999999946,11608.689999999946
2025-11-17 16:23:00,11557.029999999946,11578.589999999946
2025-11-17 17:23:00,11557.029999999946,11588.049999999945
2025-11-17 18:23:00,11556.829999999945,11556.829999999945
2025-11-17 19:23:00,11556.829999999945,11556.829999999945
2025-11-17 20:23:00,11556.829999999945,11556.829999999945
2025-11-17 21:23:00,11556.829999999945,11556.829999999945
2025-11-17 22:23:00,11556.829999999945,11556.829999999945
2025-11-17 23:23:00,11556.829999999945,11556.829999999945
2025-11-18 01:24:00,11556.829999999945,11556.829999999945
2025-11-18 02:24:00,11556.829999999945,11556.829999999945
2025-11-18 03:24:00,11556.829999999945,11556.829999999945
2025-11-18 04:24:00,11556.829999999945,11556.829999999945
2025-11-18 05:24:00,11556.829999999945,11556.829999999945
2025-11-18 06:24:00,11556.829999999945,11556.829999999945
2025-11-18 07:24:00,11556.829999999945,11556.829999999945
2025-11-18 08:24:00,11556.829999999945,11556.829999999945
2025-11-18 09:24:00,11556.829999999945,11556.829999999945
2025-11-18 10:24:00,11556.829999999945,11556.829999999945
2025-11-18 11:24:00,11444.459999999945,11444.459999999945
2025-11-18 12:24:00,11444.459999999945,11444.459999999945
2025-11-18 13:24:00,11444.459999999945,11444.459999999945
2025-11-18 14:24:00,11444.459999999945,11444.459999999945
2025-11-18 15:24:00,11444.459999999945,11444.459999999945
2025-11-18 16:24:00,11444.459999999945,11444.459999999945
2025-11-18 17:24:00,11444.459999999945,11444.459999999945
2025-11-18 18:24:00,11444.459999999945,11444.459999999945
2025-11-18 19:24:00,11444.459999999945,11444.459999999945
2025-11-18 20:24:00,11444.459999999945,11444.459999999945
2025-11-18 21:24:00,11444.459999999945,11444.459999999945
2025-11-18 22:24:00,11444.459999999945,11444.459999999945
2025-11-18 23:24:00,11444.459999999945,11444.459999999945
2025-11-19 01:25:00,11444.459999999945,11444.459999999945
2025-11-19 02:25:00,11444.459999999945,11444.459999999945
2025-11-19 03:25:00,11444.459999999945,11444.459999999945
2025-11-19 04:25:00,11444.459999999945,11444.459999999945
2025-11-19 05:25:00,11444.459999999945,11444.459999999945
2025-11-19 06:25:00,11444.459999999945,11444.459999999945
2025-11-19 07:25:00,11444.459999999945,11444.459999999945
2025-11-19 08:25:00,11444.459999999945,11444.459999999945
2025-11-19 09:25:00,11472.599999999946,11551.139999999948
2025-11-19 10:25:00,11503.29999999995,11503.29999999995
2025-11-19 11:25:00,11503.29999999995,11503.29999999995
2025-11-19 12:25:00,11503.29999999995,11503.29999999995
2025-11-19 13:25:00,11503.29999999995,11503.29999999995
2025-11-19 14:25:00,11503.29999999995,11503.29999999995
2025-11-19 15:25:00,11534.199999999953,11551.349999999955
2025-11-19 16:25:00,11613.149999999954,11613.149999999954
2025-11-19 17:25:00,11613.149999999954,11613.149999999954
2025-11-19 18:25:00,11497.209999999961,11497.209999999961
2025-11-19 19:25:00,11497.209999999961,11497.209999999961
2025-11-19 20:25:00,11497.209999999961,11497.209999999961
2025-11-19 21:25:00,11497.209999999961,11497.209999999961
2025-11-19 22:25:00,11497.209999999961,11497.209999999961
2025-11-19 23:25:00,11497.209999999961,11497.209999999961
2025-11-20 01:26:00,11497.209999999961,11497.209999999961
2025-11-20 02:26:00,11496.43999999996,11436.95999999996
2025-11-20 03:26:00,11523.83999999996,11562.059999999965
2025-11-20 04:26:00,11736.359999999959,11736.359999999959
2025-11-20 05:26:00,11736.359999999959,11736.359999999959
2025-11-20 06:26:00,11736.359999999959,11736.359999999959
2025-11-20 07:26:00,11736.359999999959,11736.359999999959
2025-11-20 08:26:00,11736.359999999959,11736.359999999959
2025-11-20 09:26:00,11736.359999999959,11736.359999999959
2025-11-20 10:26:00,11511.519999999957,11511.519999999957
2025-11-20 11:26:00,11511.519999999957,11511.519999999957
2025-11-20 12:26:00,11511.519999999957,11511.519999999957
2025-11-20 13:26:00,11511.519999999957,11511.519999999957
2025-11-20 14:26:00,11511.519999999957,11511.519999999957
2025-11-20 15:26:00,11511.519999999957,11511.519999999957
2025-11-20 16:26:00,11511.519999999957,11511.519999999957
2025-11-20 17:26:00,11511.519999999957,11511.519999999957
2025-11-20 18:26:00,11511.519999999957,11511.519999999957
2025-11-20 19:26:00,11542.039999999955,11609.239999999952
2025-11-20 20:26:00,11541.239999999952,11541.239999999952
2025-11-20 21:26:00,11541.239999999952,11541.239999999952
2025-11-20 22:26:00,11541.239999999952,11541.239999999952
2025-11-20 23:26:00,11541.239999999952,11541.239999999952
2025-11-21 01:27:00,11541.239999999952,11541.239999999952
2025-11-21 02:27:00,11540.329999999953,11581.799999999954
2025-11-21 03:27:00,11569.989999999949,11569.989999999949
2025-11-21 04:27:00,11569.989999999949,11569.989999999949
2025-11-21 05:27:00,11569.989999999949,11569.989999999949
2025-11-21 06:27:00,11569.989999999949,11569.989999999949
2025-11-21 07:27:00,11569.989999999949,11569.989999999949
2025-11-21 08:27:00,11569.989999999949,11569.989999999949
2025-11-21 09:27:00,11569.989999999949,11569.989999999949
2025-11-21 10:27:00,11569.289999999948,11546.48999999995
2025-11-21 11:27:00,11602.18999999995,11602.18999999995
2025-11-21 12:27:00,11602.18999999995,11602.18999999995
2025-11-21 13:27:00,11602.18999999995,11602.18999999995
2025-11-21 14:27:00,11602.18999999995,11602.18999999995
2025-11-21 15:27:00,11602.18999999995,11602.18999999995
2025-11-21 16:27:00,11602.18999999995,11602.18999999995
2025-11-21 17:27:00,11602.18999999995,11602.18999999995
2025-11-21 18:27:00,11745.489999999943,11745.489999999943
2025-11-21 19:27:00,11745.489999999943,11745.489999999943
2025-11-21 20:27:00,11745.489999999943,11745.489999999943
2025-11-21 21:27:00,11745.489999999943,11745.489999999943
2025-11-21 22:27:00,11745.489999999943,11745.489999999943
2025-11-21 23:27:00,11776.009999999944,11776.009999999944
2025-11-24 01:28:00,11776.009999999944,11776.009999999944
2025-11-24 02:28:00,11776.009999999944,11776.009999999944
2025-11-24 03:28:00,11776.009999999944,11776.009999999944
2025-11-24 04:28:00,11776.009999999944,11776.009999999944
2025-11-24 05:28:00,11776.009999999944,11776.009999999944
2025-11-24 06:28:00,11776.009999999944,11776.009999999944
2025-11-24 07:28:00,11776.009999999944,11776.009999999944
2025-11-24 08:28:00,11776.009999999944,11776.009999999944
2025-11-24 09:28:00,11776.009999999944,11776.009999999944
2025-11-24 10:28:00,11776.009999999944,11776.009999999944
2025-11-24 11:28:00,11776.009999999944,11776.009999999944
2025-11-24 12:28:00,11776.009999999944,11776.009999999944
2025-11-24 13:28:00,11776.009999999944,11776.009999999944
2025-11-24 14:28:00,11776.009999999944,11776.009999999944
2025-11-24 15:28:00,11776.009999999944,11776.009999999944
2025-11-24 16:28:00,11776.009999999944,11776.009999999944
2025-11-24 17:28:00,11776.009999999944,11776.009999999944
2025-11-24 18:28:00,11776.009999999944,11776.009999999944
2025-11-24 19:28:00,11776.009999999944,11776.009999999944
2025-11-24 20:28:00,11776.009999999944,11776.009999999944
2025-11-24 21:28:00,11776.009999999944,11776.009999999944
2025-11-24 22:28:00,11776.009999999944,11776.009999999944
2025-11-24 23:28:00,11776.009999999944,11776.009999999944
2025-11-25 01:29:00,11776.009999999944,11776.009999999944
2025-11-25 02:29:00,11776.009999999944,11776.009999999944
2025-11-25 03:29:00,11776.009999999944,11776.009999999944
2025-11-25 04:29:00,11776.009999999944,11776.009999999944
2025-11-25 05:29:00,11776.009999999944,11776.009999999944
2025-11-25 06:29:00,11776.009999999944,11776.009999999944
2025-11-25 07:29:00,11776.009999999944,11776.009999999944
2025-11-25 08:29:00,11776.009999999944,11776.009999999944
2025-11-25 09:29:00,11776.009999999944,11776.009999999944
2025-11-25 10:29:00,11776.009999999944,11776.009999999944
2025-11-25 11:29:00,11844.649999999947,11960.48999999995
2025-11-25 12:29:00,12018.969999999947,12018.969999999947
2025-11-25 13:29:00,12018.969999999947,12018.969999999947
2025-11-25 14:29:00,12018.969999999947,12018.969999999947
2025-11-25 15:29:00,12052.299999999947,12098.169999999947
2025-11-25 16:29:00,12051.199999999953,12051.199999999953
2025-11-25 17:29:00,12051.199999999953,12051.199999999953
2025-11-25 18:29:00,12051.199999999953,12051.199999999953
2025-11-25 19:29:00,12051.199999999953,12051.199999999953
2025-11-25 20:29:00,12051.199999999953,12051.199999999953
2025-11-25 21:29:00,12051.199999999953,12051.199999999953
2025-11-25 22:29:00,12051.199999999953,12051.199999999953
2025-11-25 23:29:00,12051.199999999953,12051.199999999953
2025-11-26 01:30:00,12051.199999999953,12051.199999999953
2025-11-26 02:30:00,12051.199999999953,12051.199999999953
2025-11-26 03:30:00,12051.199999999953,12051.199999999953
2025-11-26 04:30:00,12051.199999999953,12051.199999999953
2025-11-26 05:30:00,12051.199999999953,12051.199999999953
2025-11-26 06:30:00,12051.199999999953,12051.199999999953
2025-11-26 07:30:00,12051.199999999953,12051.199999999953
2025-11-26 08:30:00,12051.199999999953,12051.199999999953
2025-11-26 09:30:00,12051.199999999953,12051.199999999953
2025-11-26 10:30:00,12051.199999999953,12051.199999999953
2025-11-26 11:30:00,12051.199999999953,12051.199999999953
2025-11-26 12:30:00,12051.199999999953,12051.199999999953
2025-11-26 13:30:00,12051.199999999953,12051.199999999953
2025-11-26 14:30:00,12051.199999999953,12051.199999999953
2025-11-26 15:30:00,12051.199999999953,12051.199999999953
2025-11-26 16:30:00,12051.199999999953,12051.199999999953
2025-11-26 17:30:00,12051.199999999953,12051.199999999953
2025-11-26 18:30:00,12051.199999999953,12051.199999999953
2025-11-26 19:30:00,12051.199999999953,12051.199999999953
2025-11-26 20:30:00,12051.199999999953,12051.199999999953
2025-11-26 21:30:00,12051.199999999953,12051.199999999953
2025-11-26 22:30:00,12051.199999999953,12051.199999999953
2025-11-26 23:30:00,12051.199999999953,12051.199999999953
2025-11-27 01:31:00,12051.199999999953,12051.199999999953
2025-11-27 02:31:00,12051.199999999953,12051.199999999953
2025-11-27 03:31:00,12051.199999999953,12051.199999999953
2025-11-27 04:31:00,12051.199999999953,12051.199999999953
2025-11-27 05:31:00,12051.199999999953,12051.199999999953
2025-11-27 06:31:00,12051.199999999953,12051.199999999953
2025-11-27 07:31:00,12051.199999999953,12051.199999999953
2025-11-27 08:31:00,12051.199999999953,12051.199999999953
2025-11-27 09:31:00,12051.199999999953,12051.199999999953
2025-11-27 10:31:00,12051.199999999953,12051.199999999953
2025-11-27 11:31:00,12051.199999999953,12051.199999999953
2025-11-27 12:31:00,12051.199999999953,12051.199999999953
2025-11-27 13:31:00,12051.199999999953,12051.199999999953
2025-11-27 14:31:00,12051.199999999953,12051.199999999953
2025-11-27 15:31:00,12051.199999999953,12051.199999999953
2025-11-27 16:31:00,12051.199999999953,12051.199999999953
2025-11-27 17:31:00,12051.199999999953,12051.199999999953
2025-11-27 18:31:00,12051.199999999953,12051.199999999953
2025-11-27 19:31:00,12051.199999999953,12051.199999999953
2025-11-27 20:31:00,12051.199999999953,12051.199999999953
2025-11-28 01:00:00,12051.199999999953,12051.199999999953
2025-11-28 02:00:00,12051.199999999953,12051.199999999953
2025-11-28 03:00:00,12051.199999999953,12051.199999999953
2025-11-28 04:00:00,12051.199999999953,12051.199999999953
2025-11-28 05:00:00,12051.199999999953,12051.199999999953
2025-11-28 06:00:00,12051.199999999953,12051.199999999953
2025-11-28 07:00:00,12051.199999999953,12051.199999999953
2025-11-28 08:00:00,12176.33999999995,12176.33999999995
2025-11-28 09:00:00,12176.33999999995,12176.33999999995
2025-11-28 10:00:00,12176.33999999995,12176.33999999995
2025-11-28 11:00:00,12176.33999999995,12176.33999999995
2025-11-28 12:00:00,12176.33999999995,12176.33999999995
2025-11-28 13:00:00,12176.33999999995,12176.33999999995
2025-11-28 14:00:00,12174.729999999949,12190.59999999994
2025-11-28 15:00:00,12303.119999999948,12303.119999999948
2025-11-28 16:00:00,12303.119999999948,12303.119999999948
2025-11-28 17:00:00,12303.119999999948,12303.119999999948
2025-11-28 18:00:00,12301.719999999948,12278.119999999943
2025-11-28 19:00:00,12336.119999999944,12336.119999999944
2025-11-28 20:00:00,12336.119999999944,12336.119999999944
2025-11-28 21:00:00,12336.119999999944,12336.119999999944
2025-12-01 01:14:00,12336.119999999944,12336.119999999944
2025-12-01 02:14:00,12336.119999999944,12336.119999999944
2025-12-01 03:14:00,12336.119999999944,12336.119999999944
2025-12-01 04:14:00,12336.119999999944,12336.119999999944
2025-12-01 05:14:00,12336.119999999944,12336.119999999944
2025-12-01 06:14:00,12336.119999999944,12336.119999999944
2025-12-01 07:14:00,12336.119999999944,12336.119999999944
2025-12-01 08:14:00,12334.719999999945,12341.319999999943
2025-12-01 09:14:00,12369.619999999943,12369.619999999943
2025-12-01 10:14:00,12369.619999999943,12369.619999999943
2025-12-01 11:14:00,12369.619999999943,12369.619999999943
2025-12-01 12:14:00,12369.619999999943,12369.619999999943
2025-12-01 13:14:00,12369.619999999943,12369.619999999943
2025-12-01 14:14:00,12369.619999999943,12369.619999999943
2025-12-01 15:14:00,12369.619999999943,12369.619999999943
2025-12-01 16:14:00,12369.619999999943,12369.619999999943
2025-12-01 17:14:00,12369.619999999943,12369.619999999943
2025-12-01 18:14:00,12369.619999999943,12369.619999999943
2025-12-01 19:14:00,12369.619999999943,12369.619999999943
2025-12-01 20:14:00,12369.619999999943,12369.619999999943
2025-12-01 21:14:00,12369.619999999943,12369.619999999943
2025-12-01 22:14:00,12369.619999999943,12369.619999999943
2025-12-01 23:14:00,12369.619999999943,12369.619999999943
2025-12-02 01:15:00,12369.619999999943,12369.619999999943
2025-12-02 02:15:00,12369.619999999943,12369.619999999943
2025-12-02 03:15:00,12369.619999999943,12369.619999999943
2025-12-02 04:15:00,12369.619999999943,12369.619999999943
2025-12-02 05:15:00,12369.619999999943,12369.619999999943
2025-12-02 06:15:00,12369.619999999943,12369.619999999943
2025-12-02 07:15:00,12369.619999999943,12369.619999999943
2025-12-02 08:15:00,12369.619999999943,12369.619999999943
2025-12-02 09:15:00,12369.619999999943,12369.619999999943
2025-12-02 10:15:00,12369.619999999943,12369.619999999943
2025-12-02 11:15:00,12369.619999999943,12369.619999999943
2025-12-02 12:15:00,12502.54999999995,12502.54999999995
2025-12-02 13:15:00,12502.54999999995,12502.54999999995
2025-12-02 14:15:00,12376.78999999995,12376.78999999995
2025-12-02 15:15:00,12376.78999999995,12376.78999999995
2025-12-02 16:15:00,12376.78999999995,12376.78999999995
2025-12-02 17:15:00,12376.78999999995,12376.78999999995
2025-12-02 18:15:00,12376.78999999995,12376.78999999995
2025-12-02 19:15:00,12376.78999999995,12376.78999999995
2025-12-02 20:15:00,12376.78999999995,12376.78999999995
2025-12-02 21:15:00,12376.78999999995,12376.78999999995
2025-12-02 22:15:00,12375.94999999995,12378.46999999995
2025-12-02 23:15:00,12258.649999999949,12276.109999999953
2025-12-03 01:16:00,12297.079999999945,12297.079999999945
2025-12-03 02:16:00,12297.079999999945,12297.079999999945
2025-12-03 03:16:00,12297.079999999945,12297.079999999945
2025-12-03 04:16:00,12297.079999999945,12297.079999999945
2025-12-03 05:16:00,12297.079999999945,12297.079999999945
2025-12-03 06:16:00,12297.079999999945,12297.079999999945
2025-12-03 07:16:00,12297.079999999945,12297.079999999945
2025-12-03 08:16:00,12297.079999999945,12297.079999999945
2025-12-03 09:16:00,12297.079999999945,12297.079999999945
2025-12-03 10:16:00,12297.079999999945,12297.079999999945
2025-12-03 11:16:00,12297.079999999945,12297.079999999945
2025-12-03 12:16:00,12297.079999999945,12297.079999999945
2025-12-03 13:16:00,12297.079999999945,12297.079999999945
2025-12-03 14:16:00,12297.079999999945,12297.079999999945
2025-12-03 15:16:00,12297.079999999945,12297.079999999945
2025-12-03 16:16:00,12297.079999999945,12297.079999999945
2025-12-03 17:16:00,12297.079999999945,12297.079999999945
2025-12-03 18:16:00,12297.079999999945,12297.079999999945
2025-12-03 19:16:00,12171.879999999936,12171.879999999936
2025-12-03 20:16:00,12171.879999999936,12171.879999999936
2025-12-03 21:16:00,12171.879999999936,12171.879999999936
2025-12-03 22:16:00,12171.879999999936,12171.879999999936
2025-12-03 23:16:00,12171.879999999936,12171.879999999936
2025-12-04 01:17:00,12171.879999999936,12171.879999999936
2025-12-04 02:17:00,12171.879999999936,12171.879999999936
2025-12-04 03:17:00,12171.879999999936,12171.879999999936
2025-12-04 04:17:00,12171.879999999936,12171.879999999936
2025-12-04 05:17:00,12171.879999999936,12171.879999999936
2025-12-04 06:17:00,12171.879999999936,12171.879999999936
2025-12-04 07:17:00,12171.879999999936,12171.879999999936
2025-12-04 08:17:00,12171.879999999936,12171.879999999936
2025-12-04 09:17:00,12171.879999999936,12171.879999999936
2025-12-04 10:17:00,12171.879999999936,12171.879999999936
2025-12-04 11:17:00,12171.879999999936,12171.879999999936
2025-12-04 12:17:00,12171.879999999936,12171.879999999936
2025-12-04 13:17:00,12171.879999999936,12171.879999999936
2025-12-04 14:17:00,12171.879999999936,12171.879999999936
2025-12-04 15:17:00,12171.879999999936,12171.879999999936
2025-12-04 16:17:00,12171.879999999936,12171.879999999936
2025-12-04 17:17:00,12171.879999999936,12171.879999999936
2025-12-04 18:17:00,12171.879999999936,12171.879999999936
2025-12-04 19:17:00,12171.879999999936,12171.879999999936
2025-12-04 20:17:00,12171.879999999936,12171.879999999936
2025-12-04 21:17:00,12171.879999999936,12171.879999999936
2025-12-04 22:17:00,12171.879999999936,12171.879999999936
2025-12-04 23:17:00,12171.879999999936,12171.879999999936
2025-12-05 01:18:00,12171.879999999936,12171.879999999936
2025-12-05 02:18:00,12171.879999999936,12171.879999999936
2025-12-05 03:18:00,12171.879999999936,12171.879999999936
2025-12-05 04:18:00,12171.879999999936,12171.879999999936
2025-12-05 05:18:00,12171.879999999936,12171.879999999936
2025-12-05 06:18:00,12171.879999999936,12171.879999999936
2025-12-05 07:18:00,12171.879999999936,12171.879999999936
2025-12-05 08:18:00,12171.879999999936,12171.879999999936
2025-12-05 09:18:00,12171.879999999936,12171.879999999936
2025-12-05 10:18:00,12171.879999999936,12171.879999999936
2025-12-05 11:18:00,12171.879999999936,12171.879999999936
2025-12-05 12:18:00,12171.879999999936,12171.879999999936
2025-12-05 13:18:00,12171.879999999936,12171.879999999936
2025-12-05 14:18:00,12171.879999999936,12171.879999999936
2025-12-05 15:18:00,12171.879999999936,12171.879999999936
2025-12-05 16:18:00,12171.879999999936,12171.879999999936
2025-12-05 17:18:00,12171.879999999936,12171.879999999936
2025-12-05 18:18:00,12298.73999999994,12298.73999999994
2025-12-05 19:18:00,12298.73999999994,12298.73999999994
2025-12-05 20:18:00,12298.73999999994,12298.73999999994
2025-12-05 21:18:00,12298.73999999994,12298.73999999994
2025-12-05 22:18:00,12298.73999999994,12298.73999999994
2025-12-05 23:18:00,12298.73999999994,12298.73999999994
2025-12-08 01:19:00,12298.73999999994,12298.73999999994
2025-12-08 02:19:00,12298.73999999994,12298.73999999994
2025-12-08 03:19:00,12298.73999999994,12298.73999999994
2025-12-08 04:19:00,12298.73999999994,12298.73999999994
2025-12-08 05:19:00,12298.73999999994,12298.73999999994
2025-12-08 06:19:00,12298.73999999994,12298.73999999994
2025-12-08 07:19:00,12298.73999999994,12298.73999999994
2025-12-08 08:19:00,12298.73999999994,12298.73999999994
2025-12-08 09:19:00,12298.73999999994,12298.73999999994
2025-12-08 10:19:00,12298.73999999994,12298.73999999994
2025-12-08 11:19:00,12298.73999999994,12298.73999999994
2025-12-08 12:19:00,12298.73999999994,12298.73999999994
2025-12-08 13:19:00,12298.73999999994,12298.73999999994
2025-12-08 14:19:00,12298.73999999994,12298.73999999994
2025-12-08 15:19:00,12298.73999999994,12298.73999999994
2025-12-08 16:19:00,12298.73999999994,12298.73999999994
2025-12-08 17:19:00,12298.73999999994,12298.73999999994
2025-12-08 18:19:00,12298.73999999994,12298.73999999994
2025-12-08 19:19:00,12298.73999999994,12298.73999999994
2025-12-08 20:19:00,12298.73999999994,12298.73999999994
2025-12-08 21:19:00,12298.73999999994,12298.73999999994
2025-12-08 22:19:00,12298.73999999994,12298.73999999994
2025-12-08 23:19:00,12298.73999999994,12298.73999999994
2025-12-09 01:20:00,12298.73999999994,12298.73999999994
2025-12-09 02:20:00,12298.73999999994,12298.73999999994
2025-12-09 03:20:00,12298.73999999994,12298.73999999994
2025-12-09 04:20:00,12298.73999999994,12298.73999999994
2025-12-09 05:20:00,12298.73999999994,12298.73999999994
2025-12-09 06:20:00,12298.73999999994,12298.73999999994
2025-12-09 07:20:00,12298.73999999994,12298.73999999994
2025-12-09 08:20:00,12298.73999999994,12298.73999999994
2025-12-09 09:20:00,12298.73999999994,12298.73999999994
2025-12-09 10:20:00,12298.73999999994,12298.73999999994
2025-12-09 11:20:00,12063.179999999935,12063.179999999935
2025-12-09 12:20:00,12063.179999999935,12063.179999999935
2025-12-09 13:20:00,12063.179999999935,12063.179999999935
2025-12-09 14:20:00,12062.269999999935,12043.679999999931
2025-12-09 15:20:00,12094.009999999935,12107.309999999932
2025-12-09 16:20:00,12093.309999999932,12093.309999999932
2025-12-09 17:20:00,12093.309999999932,12093.309999999932
2025-12-09 18:20:00,12093.309999999932,12093.309999999932
2025-12-09 19:20:00,12093.309999999932,12093.309999999932
2025-12-09 20:20:00,12093.309999999932,12093.309999999932
2025-12-09 21:20:00,12093.309999999932,12093.309999999932
2025-12-09 22:20:00,12093.309999999932,12093.309999999932
2025-12-09 23:20:00,12093.309999999932,12093.309999999932
2025-12-10 01:21:00,12093.309999999932,12093.309999999932
2025-12-10 02:21:00,12093.309999999932,12093.309999999932
2025-12-10 03:21:00,12093.309999999932,12093.309999999932
2025-12-10 04:21:00,12093.309999999932,12093.309999999932
2025-12-10 05:21:00,12093.309999999932,12093.309999999932
2025-12-10 06:21:00,12093.309999999932,12093.309999999932
2025-12-10 07:21:00,12093.309999999932,12093.309999999932
2025-12-10 08:21:00,11967.139999999932,11967.139999999932
2025-12-10 09:21:00,11967.139999999932,11967.139999999932
2025-12-10 10:21:00,11967.139999999932,11967.139999999932
2025-12-10 11:21:00,11967.139999999932,11967.139999999932
2025-12-10 12:21:00,11967.139999999932,11967.139999999932
2025-12-10 13:21:00,11967.139999999932,11967.139999999932
2025-12-10 14:21:00,11967.139999999932,11967.139999999932
2025-12-10 15:21:00,11967.139999999932,11967.139999999932
2025-12-10 16:21:00,11967.139999999932,11967.139999999932
2025-12-10 17:21:00,11967.139999999932,11967.139999999932
2025-12-10 18:21:00,11967.139999999932,11967.139999999932
2025-12-10 19:21:00,11967.139999999932,11967.139999999932
2025-12-10 20:21:00,11967.139999999932,11967.139999999932
2025-12-10 21:21:00,11967.139999999932,11967.139999999932
2025-12-10 22:21:00,11966.649999999932,11936.269999999931
2025-12-10 23:21:00,11996.55999999993,12023.35999999993
2025-12-11 01:22:00,11997.15999999993,12018.079999999929
2025-12-11 02:22:00,11996.19999999993,11966.679999999933
2025-12-11 03:22:00,11996.19999999993,12003.159999999929
2025-12-11 04:22:00,11996.19999999993,12040.999999999933
2025-12-11 05:22:00,12114.399999999932,12117.799999999934
2025-12-11 06:22:00,12114.399999999932,12127.999999999935
2025-12-11 07:22:00,12114.399999999932,12111.239999999932
2025-12-11 08:22:00,12114.399999999932,12108.719999999932
2025-12-11 09:22:00,12114.399999999932,12116.399999999932
2025-12-11 10:22:00,12114.399999999932,12129.119999999933
2025-12-11 11:22:00,12114.399999999932,12124.679999999935
2025-12-11 12:22:00,12114.399999999932,12133.319999999934
2025-12-11 13:22:00,12114.399999999932,12127.519999999935
2025-12-11 14:22:00,12114.399999999932,12133.119999999933
2025-12-11 15:22:00,12114.399999999932,12108.159999999934
2025-12-11 16:22:00,12144.079999999933,12178.399999999934
2025-12-11 17:22:00,12144.079999999933,12204.739999999932
2025-12-11 18:22:00,12218.299999999934,12218.299999999934
2025-12-11 19:22:00,12218.299999999934,12218.299999999934
2025-12-11 20:22:00,12218.299999999934,12218.299999999934
2025-12-11 21:22:00,12216.549999999934,12256.599999999944
2025-12-11 22:22:00,12251.709999999937,12197.109999999939
2025-12-11 23:22:00,12251.709999999937,12317.87999999994
2025-12-12 01:23:00,12281.269999999939,12330.199999999937
2025-12-12 02:23:00,12281.269999999939,12329.14999999994
2025-12-12 03:23:00,12280.569999999936,12280.569999999936
2025-12-12 04:23:00,12280.569999999936,12280.569999999936
2025-12-12 05:23:00,12280.569999999936,12280.569999999936
2025-12-12 06:23:00,12280.569999999936,12280.569999999936
2025-12-12 07:23:00,12280.569999999936,12280.569999999936
2025-12-12 08:23:00,12280.569999999936,12280.569999999936
2025-12-12 09:23:00,12280.569999999936,12280.569999999936
2025-12-12 10:23:00,12280.569999999936,12280.569999999936
2025-12-12 11:23:00,12280.569999999936,12280.569999999936
2025-12-12 12:23:00,12280.569999999936,12280.569999999936
2025-12-12 13:23:00,12280.569999999936,12280.569999999936
2025-12-12 14:23:00,12280.569999999936,12280.569999999936
2025-12-12 15:23:00,12280.569999999936,12280.569999999936
2025-12-12 16:23:00,12280.569999999936,12280.569999999936
2025-12-12 17:23:00,12280.569999999936,12280.569999999936
2025-12-12 18:23:00,12280.569999999936,12280.569999999936
2025-12-12 19:23:00,12280.569999999936,12280.569999999936
2025-12-12 20:23:00,12280.569999999936,12280.569999999936
2025-12-12 21:23:00,12280.569999999936,12280.569999999936
2025-12-12 22:23:00,12280.569999999936,12280.569999999936
2025-12-12 23:23:00,12280.569999999936,12280.569999999936
2025-12-15 01:24:00,12280.569999999936,12280.569999999936
2025-12-15 02:24:00,12280.569999999936,12280.569999999936
2025-12-15 03:24:00,12280.569999999936,12280.569999999936
2025-12-15 04:24:00,12280.569999999936,12280.569999999936
2025-12-15 05:24:00,12310.539999999937,12368.389999999923
2025-12-15 06:24:00,12310.039999999935,12300.759999999937
2025-12-15 07:24:00,12310.039999999935,12305.559999999932
2025-12-15 08:24:00,12186.839999999931,12186.839999999931
2025-12-15 09:24:00,12186.839999999931,12186.839999999931
2025-12-15 10:24:00,12435.839999999927,12435.839999999927
2025-12-15 11:24:00,12435.839999999927,12435.839999999927
2025-12-15 12:24:00,12435.839999999927,12435.839999999927
2025-12-15 13:24:00,12435.839999999927,12435.839999999927
2025-12-15 14:24:00,12435.839999999927,12435.839999999927
2025-12-15 15:24:00,12435.839999999927,12435.839999999927
2025-12-15 16:24:00,12435.839999999927,12435.839999999927
2025-12-15 17:24:00,12435.839999999927,12435.839999999927
2025-12-15 18:24:00,12435.839999999927,12435.839999999927
2025-12-15 19:24:00,12435.839999999927,12435.839999999927
2025-12-15 20:24:00,12435.839999999927,12435.839999999927
2025-12-15 21:24:00,12435.839999999927,12435.839999999927
2025-12-15 22:24:00,12435.839999999927,12435.839999999927
2025-12-15 23:24:00,12435.839999999927,12435.839999999927
2025-12-16 01:25:00,12435.839999999927,12435.839999999927
2025-12-16 02:25:00,12435.839999999927,12435.839999999927
2025-12-16 03:25:00,12435.839999999927,12435.839999999927
2025-12-16 04:25:00,12435.839999999927,12435.839999999927
2025-12-16 05:25:00,12435.839999999927,12435.839999999927
2025-12-16 06:25:00,12435.839999999927,12435.839999999927
2025-12-16 07:25:00,12435.839999999927,12435.839999999927
2025-12-16 08:25:00,12435.839999999927,12435.839999999927
2025-12-16 09:25:00,12435.839999999927,12435.839999999927
2025-12-16 10:25:00,12435.839999999927,12435.839999999927
2025-12-16 11:25:00,12435.839999999927,12435.839999999927
2025-12-16 12:25:00,12435.839999999927,12435.839999999927
2025-12-16 13:25:00,12435.839999999927,12435.839999999927
2025-12-16 14:25:00,12435.839999999927,12435.839999999927
2025-12-16 15:25:00,12434.999999999927,12356.15999999992
2025-12-16 16:25:00,12195.53999999993,12195.53999999993
2025-12-16 17:25:00,12195.53999999993,12195.53999999993
2025-12-16 18:25:00,12195.53999999993,12195.53999999993
2025-12-16 19:25:00,12195.53999999993,12195.53999999993
2025-12-16 20:25:00,12195.53999999993,12195.53999999993
2025-12-16 21:25:00,12195.53999999993,12195.53999999993
2025-12-16 22:25:00,12195.53999999993,12195.53999999993
2025-12-16 23:25:00,12195.53999999993,12195.53999999993
2025-12-17 01:26:00,12195.53999999993,12195.53999999993
2025-12-17 02:26:00,12195.53999999993,12195.53999999993
2025-12-17 03:26:00,12195.53999999993,12195.53999999993
2025-12-17 04:26:00,12195.53999999993,12195.53999999993
2025-12-17 05:26:00,12195.53999999993,12195.53999999993
2025-12-17 06:26:00,12195.53999999993,12195.53999999993
2025-12-17 07:26:00,12195.53999999993,12195.53999999993
2025-12-17 08:26:00,12195.53999999993,12195.53999999993
2025-12-17 09:26:00,12195.53999999993,12195.53999999993
2025-12-17 10:26:00,12195.53999999993,12195.53999999993
2025-12-17 11:26:00,12195.53999999993,12195.53999999993
2025-12-17 12:26:00,12195.53999999993,12195.53999999993
2025-12-17 13:26:00,12195.53999999993,12195.53999999993
2025-12-17 14:26:00,12195.53999999993,12195.53999999993
2025-12-17 15:26:00,12195.53999999993,12195.53999999993
2025-12-17 16:26:00,12195.53999999993,12195.53999999993
2025-12-17 17:26:00,12195.53999999993,12195.53999999993
2025-12-17 18:26:00,12195.53999999993,12195.53999999993
2025-12-17 19:26:00,12195.53999999993,12195.53999999993
2025-12-17 20:26:00,12195.53999999993,12195.53999999993
2025-12-17 21:26:00,12195.53999999993,12195.53999999993
2025-12-17 22:26:00,12195.53999999993,12195.53999999993
2025-12-17 23:26:00,12195.53999999993,12195.53999999993
2025-12-18 01:27:00,12195.53999999993,12195.53999999993
2025-12-18 02:27:00,12195.53999999993,12195.53999999993
2025-12-18 03:27:00,12195.53999999993,12195.53999999993
2025-12-18 04:27:00,12195.53999999993,12195.53999999993
2025-12-18 05:27:00,12195.53999999993,12195.53999999993
2025-12-18 06:27:00,12195.53999999993,12195.53999999993
2025-12-18 07:27:00,12195.53999999993,12195.53999999993
2025-12-18 08:27:00,12195.53999999993,12195.53999999993
2025-12-18 09:27:00,12195.53999999993,12195.53999999993
2025-12-18 10:27:00,12195.53999999993,12195.53999999993
2025-12-18 11:27:00,12195.53999999993,12195.53999999993
2025-12-18 12:27:00,12195.53999999993,12195.53999999993
2025-12-18 13:27:00,12195.53999999993,12195.53999999993
2025-12-18 14:27:00,12195.53999999993,12195.53999999993
2025-12-18 15:27:00,12195.53999999993,12195.53999999993
2025-12-18 16:27:00,12195.53999999993,12195.53999999993
2025-12-18 17:27:00,12226.929999999935,12226.929999999935
2025-12-18 18:27:00,12226.929999999935,12226.929999999935
2025-12-18 19:27:00,12226.929999999935,12226.929999999935
2025-12-18 20:27:00,12226.929999999935,12226.929999999935
2025-12-18 21:27:00,12226.929999999935,12226.929999999935
2025-12-18 22:27:00,12226.929999999935,12226.929999999935
2025-12-18 23:27:00,12226.929999999935,12226.929999999935
2025-12-19 01:28:00,12226.929999999935,12226.929999999935
2025-12-19 02:28:00,12226.929999999935,12226.929999999935
2025-12-19 03:28:00,12226.929999999935,12226.929999999935
2025-12-19 04:28:00,12226.929999999935,12226.929999999935
2025-12-19 05:28:00,12226.929999999935,12226.929999999935
2025-12-19 06:28:00,12226.929999999935,12226.929999999935
2025-12-19 07:28:00,12226.929999999935,12226.929999999935
2025-12-19 08:28:00,12226.929999999935,12226.929999999935
2025-12-19 09:28:00,12226.929999999935,12226.929999999935
2025-12-19 10:28:00,12226.929999999935,12226.929999999935
2025-12-19 11:28:00,12226.929999999935,12226.929999999935
2025-12-19 12:28:00,12226.929999999935,12226.929999999935
2025-12-19 13:28:00,12226.929999999935,12226.929999999935
2025-12-19 14:28:00,12226.929999999935,12226.929999999935
2025-12-19 15:28:00,12226.929999999935,12226.929999999935
2025-12-19 16:28:00,12226.929999999935,12226.929999999935
2025-12-19 17:28:00,12226.369999999935,12254.929999999933
2025-12-19 18:28:00,12226.369999999935,12188.369999999935
2025-12-19 19:28:00,12226.369999999935,12144.449999999937
2025-12-19 20:28:00,12110.209999999932,12110.209999999932
2025-12-19 21:28:00,12110.209999999932,12110.209999999932
2025-12-19 22:28:00,12110.209999999932,12110.209999999932
2025-12-19 23:28:00,12110.209999999932,12110.209999999932
2025-12-22 01:29:00,12110.209999999932,12110.209999999932
2025-12-22 02:29:00,12110.209999999932,12110.209999999932
2025-12-22 03:29:00,12110.209999999932,12110.209999999932
2025-12-22 04:29:00,12110.209999999932,12110.209999999932
2025-12-22 05:29:00,12110.209999999932,12110.209999999932
2025-12-22 06:29:00,12110.209999999932,12110.209999999932
2025-12-22 07:29:00,12110.209999999932,12110.209999999932
2025-12-22 08:29:00,12110.209999999932,12110.209999999932
2025-12-22 09:29:00,12110.209999999932,12110.209999999932
2025-12-22 10:29:00,12110.209999999932,12110.209999999932
2025-12-22 11:29:00,12110.209999999932,12110.209999999932
2025-12-22 12:29:00,12110.209999999932,12110.209999999932
2025-12-22 13:29:00,12110.209999999932,12110.209999999932
2025-12-22 14:29:00,12110.209999999932,12110.209999999932
2025-12-22 15:29:00,12110.209999999932,12110.209999999932
2025-12-22 16:29:00,12110.209999999932,12110.209999999932
2025-12-22 17:29:00,12110.209999999932,12110.209999999932
2025-12-22 18:29:00,12110.209999999932,12110.209999999932
2025-12-22 19:29:00,12110.209999999932,12110.209999999932
2025-12-22 20:29:00,12110.209999999932,12110.209999999932
2025-12-22 21:29:00,12110.209999999932,12110.209999999932
2025-12-22 22:29:00,12110.209999999932,12110.209999999932
2025-12-22 23:29:00,12110.209999999932,12110.209999999932
2025-12-23 01:30:00,12110.209999999932,12110.209999999932
2025-12-23 02:30:00,12110.209999999932,12110.209999999932
2025-12-23 03:30:00,12110.209999999932,12110.209999999932
2025-12-23 04:30:00,12110.209999999932,12110.209999999932
2025-12-23 05:30:00,12110.209999999932,12110.209999999932
2025-12-23 06:30:00,12110.209999999932,12110.209999999932
2025-12-23 07:30:00,12110.209999999932,12110.209999999932
2025-12-23 08:30:00,12110.209999999932,12110.209999999932
2025-12-23 09:30:00,12110.209999999932,12110.209999999932
2025-12-23 10:30:00,12110.209999999932,12110.209999999932
2025-12-23 11:30:00,12110.209999999932,12110.209999999932
2025-12-23 12:30:00,12110.209999999932,12110.209999999932
2025-12-23 13:30:00,12110.209999999932,12110.209999999932
2025-12-23 14:30:00,12110.209999999932,12110.209999999932
2025-12-23 15:30:00,12110.209999999932,12110.209999999932
2025-12-23 16:30:00,12110.209999999932,12110.209999999932
2025-12-23 17:30:00,12110.209999999932,12110.209999999932
2025-12-23 18:30:00,12110.209999999932,12110.209999999932
2025-12-23 19:30:00,12110.209999999932,12110.209999999932
2025-12-23 20:30:00,12110.209999999932,12110.209999999932
2025-12-23 21:30:00,12110.209999999932,12110.209999999932
2025-12-23 22:30:00,12110.209999999932,12110.209999999932
2025-12-23 23:30:00,12110.209999999932,12110.209999999932
2025-12-24 01:31:00,12216.409999999934,12216.409999999934
2025-12-24 02:31:00,12216.409999999934,12216.409999999934
2025-12-24 03:31:00,12216.409999999934,12216.409999999934
2025-12-24 04:31:00,12216.409999999934,12216.409999999934
2025-12-24 05:31:00,12216.409999999934,12216.409999999934
2025-12-24 06:31:00,12216.409999999934,12216.409999999934
2025-12-24 07:31:00,12216.409999999934,12216.409999999934
2025-12-24 08:31:00,12216.409999999934,12216.409999999934
2025-12-24 09:31:00,12216.409999999934,12216.409999999934
2025-12-24 10:31:00,12216.409999999934,12216.409999999934
2025-12-24 11:31:00,12216.409999999934,12216.409999999934
2025-12-24 12:31:00,12216.409999999934,12216.409999999934
2025-12-24 13:31:00,12216.409999999934,12216.409999999934
2025-12-24 14:31:00,12216.409999999934,12216.409999999934
2025-12-24 15:31:00,12216.409999999934,12216.409999999934
2025-12-24 16:31:00,12216.409999999934,12216.409999999934
2025-12-24 17:31:00,12216.409999999934,12216.409999999934
2025-12-24 18:31:00,12216.409999999934,12216.409999999934
2025-12-24 19:31:00,12216.409999999934,12216.409999999934
2025-12-24 20:31:00,12216.409999999934,12216.409999999934
2025-12-26 01:45:00,12216.409999999934,12216.409999999934
2025-12-26 02:45:00,12216.409999999934,12216.409999999934
2025-12-26 03:45:00,12216.409999999934,12216.409999999934
2025-12-26 04:45:00,12216.409999999934,12216.409999999934
2025-12-26 05:45:00,12216.409999999934,12216.409999999934
2025-12-26 06:45:00,12216.409999999934,12216.409999999934
2025-12-26 07:45:00,12216.409999999934,12216.409999999934
2025-12-26 08:45:00,12216.409999999934,12216.409999999934
2025-12-26 09:45:00,12216.409999999934,12216.409999999934
2025-12-26 10:45:00,12216.409999999934,12216.409999999934
2025-12-26 11:45:00,12216.409999999934,12216.409999999934
2025-12-26 12:45:00,12216.409999999934,12216.409999999934
2025-12-26 13:45:00,12216.409999999934,12216.409999999934
2025-12-26 14:45:00,12216.409999999934,12216.409999999934
2025-12-26 15:45:00,12216.409999999934,12216.409999999934
2025-12-26 16:45:00,12216.409999999934,12216.409999999934
2025-12-26 17:45:00,12216.409999999934,12216.409999999934
2025-12-26 18:45:00,12216.409999999934,12216.409999999934
2025-12-26 19:45:00,12216.409999999934,12216.409999999934
2025-12-26 20:45:00,12216.409999999934,12216.409999999934
2025-12-26 21:45:00,12216.409999999934,12216.409999999934
2025-12-26 22:45:00,12216.409999999934,12216.409999999934
2025-12-26 23:45:00,12216.409999999934,12216.409999999934
2025-12-29 01:46:00,12216.409999999934,12216.409999999934
2025-12-29 02:46:00,12216.409999999934,12216.409999999934
2025-12-29 03:46:00,12216.409999999934,12216.409999999934
2025-12-29 04:46:00,12216.409999999934,12216.409999999934
2025-12-29 05:46:00,12216.409999999934,12216.409999999934
2025-12-29 06:46:00,12216.409999999934,12216.409999999934
2025-12-29 07:46:00,12216.409999999934,12216.409999999934
2025-12-29 08:46:00,12216.409999999934,12216.409999999934
2025-12-29 09:46:00,12216.409999999934,12216.409999999934
2025-12-29 10:46:00,12216.409999999934,12216.409999999934
2025-12-29 11:46:00,12216.409999999934,12216.409999999934
2025-12-29 12:46:00,12216.409999999934,12216.409999999934
2025-12-29 13:46:00,12216.409999999934,12216.409999999934
2025-12-29 14:46:00,12216.409999999934,12216.409999999934
2025-12-29 15:46:00,12216.409999999934,12216.409999999934
2025-12-29 16:46:00,12216.409999999934,12216.409999999934
2025-12-29 17:46:00,12216.409999999934,12216.409999999934
2025-12-29 18:46:00,12216.409999999934,12216.409999999934
2025-12-29 19:46:00,12470.639999999932,12470.639999999932
2025-12-29 20:46:00,12470.639999999932,12470.639999999932
2025-12-29 21:46:00,12470.639999999932,12470.639999999932
2025-12-29 22:46:00,12470.639999999932,12470.639999999932
2025-12-29 23:46:00,12470.639999999932,12470.639999999932
2025-12-30 01:47:00,12470.639999999932,12470.639999999932
2025-12-30 02:47:00,12470.639999999932,12470.639999999932
2025-12-30 03:47:00,12470.639999999932,12470.639999999932
2025-12-30 04:47:00,12470.639999999932,12470.639999999932
2025-12-30 05:47:00,12470.639999999932,12470.639999999932
2025-12-30 06:47:00,12470.639999999932,12470.639999999932
2025-12-30 07:47:00,12470.639999999932,12470.639999999932
2025-12-30 08:47:00,12470.639999999932,12470.639999999932
2025-12-30 09:47:00,12470.639999999932,12470.639999999932
2025-12-30 10:47:00,12470.639999999932,12470.639999999932
2025-12-30 11:47:00,12470.639999999932,12470.639999999932
2025-12-30 12:47:00,12470.149999999932,12528.879999999936
2025-12-30 13:47:00,12500.289999999935,12500.289999999935
2025-12-30 14:47:00,12500.289999999935,12500.289999999935
2025-12-30 15:47:00,12500.289999999935,12500.289999999935
2025-12-30 16:47:00,12500.289999999935,12500.289999999935
2025-12-30 17:47:00,12500.289999999935,12500.289999999935
2025-12-30 18:47:00,12500.289999999935,12500.289999999935
2025-12-30 19:47:00,12500.289999999935,12500.289999999935
2025-12-30 20:47:00,12500.289999999935,12500.289999999935
2025-12-30 21:47:00,12500.289999999935,12500.289999999935
2025-12-30 22:47:00,12500.289999999935,12500.289999999935
2025-12-30 23:47:00,12500.289999999935,12500.289999999935
2025-12-31 01:48:00,12500.289999999935,12500.289999999935
2025-12-31 02:48:00,12500.289999999935,12500.289999999935
2025-12-31 03:48:00,12500.289999999935,12500.289999999935
2025-12-31 04:48:00,12500.289999999935,12500.289999999935
2025-12-31 05:48:00,12500.289999999935,12500.289999999935
2025-12-31 06:48:00,12500.289999999935,12500.289999999935
2025-12-31 07:48:00,12500.289999999935,12500.289999999935
2025-12-31 08:48:00,12500.289999999935,12500.289999999935
2025-12-31 09:48:00,12500.289999999935,12500.289999999935
2025-12-31 10:48:00,12500.289999999935,12500.289999999935
2025-12-31 11:48:00,12500.289999999935,12500.289999999935
2025-12-31 12:48:00,12500.289999999935,12500.289999999935
2025-12-31 13:48:00,12499.099999999935,12488.729999999941
2025-12-31 14:48:00,12533.319999999927,12533.319999999927
2025-12-31 15:48:00,12533.319999999927,12533.319999999927
2025-12-31 16:48:00,12533.319999999927,12533.319999999927
2025-12-31 17:48:00,12533.319999999927,12533.319999999927
2025-12-31 18:48:00,12567.459999999921,12567.459999999921
2025-12-31 19:48:00,12567.459999999921,12567.459999999921
2025-12-31 20:48:00,12567.459999999921,12567.459999999921
2025-12-31 21:48:00,12567.459999999921,12567.459999999921
2025-12-31 22:48:00,12567.459999999921,12567.459999999921
2025-12-31 23:48:00,12567.459999999921,12567.459999999921
2026-01-02 01:49:00,12567.459999999921,12567.459999999921
2026-01-02 02:49:00,12567.459999999921,12567.459999999921
2026-01-02 03:49:00,12567.459999999921,12567.459999999921
2026-01-02 04:49:00,12567.459999999921,12567.459999999921
2026-01-02 05:49:00,12567.459999999921,12567.459999999921
2026-01-02 06:49:00,12567.459999999921,12567.459999999921
2026-01-02 07:49:00,12567.459999999921,12567.459999999921
2026-01-02 08:49:00,12567.459999999921,12567.459999999921
2026-01-02 09:49:00,12567.459999999921,12567.459999999921
2026-01-02 10:49:00,12567.459999999921,12567.459999999921
2026-01-02 11:49:00,12567.459999999921,12567.459999999921
2026-01-02 12:49:00,12567.459999999921,12567.459999999921
2026-01-02 13:49:00,12567.459999999921,12567.459999999921
2026-01-02 14:49:00,12567.459999999921,12567.459999999921
2026-01-02 15:49:00,12567.459999999921,12567.459999999921
2026-01-02 16:49:00,12731.279999999913,12731.279999999913
2026-01-02 17:49:00,12731.279999999913,12731.279999999913
2026-01-02 18:49:00,12483.389999999912,12483.389999999912
2026-01-02 19:49:00,12483.389999999912,12483.389999999912
2026-01-02 20:49:00,12483.389999999912,12483.389999999912
2026-01-02 21:49:00,12483.389999999912,12483.389999999912
2026-01-02 22:49:00,12483.389999999912,12483.389999999912
2026-01-02 23:49:00,12483.389999999912,12483.389999999912
2026-01-05 01:50:00,12483.389999999912,12483.389999999912
2026-01-05 02:50:00,12483.389999999912,12483.389999999912
2026-01-05 03:50:00,12483.389999999912,12483.389999999912
2026-01-05 04:50:00,12483.389999999912,12483.389999999912
2026-01-05 05:50:00,12483.389999999912,12483.389999999912
2026-01-05 06:50:00,12483.389999999912,12483.389999999912
2026-01-05 07:50:00,12483.389999999912,12483.389999999912
2026-01-05 08:50:00,12482.689999999911,12505.289999999914
2026-01-05 09:50:00,12482.689999999911,12488.789999999917
2026-01-05 10:50:00,12482.199999999912,12347.90999999992
2026-01-05 11:50:00,12482.199999999912,12305.579999999909
2026-01-05 12:50:00,12482.199999999912,12275.65999999992
2026-01-05 13:50:00,12510.57999999991,12486.759999999913
2026-01-05 14:50:00,12662.699999999908,12751.919999999907
2026-01-05 15:50:00,12662.699999999908,12703.499999999904
2026-01-05 16:50:00,12662.09999999991,12662.09999999991
2026-01-05 17:50:00,12662.09999999991,12662.09999999991
2026-01-05 18:50:00,12662.09999999991,12662.09999999991
2026-01-05 19:50:00,12662.09999999991,12662.09999999991
2026-01-05 20:50:00,12662.09999999991,12662.09999999991
2026-01-05 21:50:00,12662.09999999991,12662.09999999991
2026-01-05 22:50:00,12662.09999999991,12662.09999999991
2026-01-05 23:50:00,12662.09999999991,12662.09999999991
2026-01-06 01:51:00,12662.09999999991,12662.09999999991
2026-01-06 02:51:00,12662.09999999991,12662.09999999991
2026-01-06 03:51:00,12662.09999999991,12662.09999999991
2026-01-06 04:51:00,12662.09999999991,12662.09999999991
2026-01-06 05:51:00,12662.09999999991,12662.09999999991
2026-01-06 06:51:00,12662.09999999991,12662.09999999991
2026-01-06 07:51:00,12662.09999999991,12662.09999999991
2026-01-06 08:51:00,12662.09999999991,12662.09999999991
2026-01-06 09:51:00,12662.09999999991,12662.09999999991
2026-01-06 10:51:00,12662.09999999991,12662.09999999991
2026-01-06 11:51:00,12662.09999999991,12662.09999999991
2026-01-06 12:51:00,12662.09999999991,12662.09999999991
2026-01-06 13:51:00,12662.09999999991,12662.09999999991
2026-01-06 14:51:00,12662.09999999991,12662.09999999991
2026-01-06 15:51:00,12662.09999999991,12662.09999999991
2026-01-06 16:51:00,12662.09999999991,12662.09999999991
2026-01-06 17:51:00,12532.60999999992,12532.60999999992
2026-01-06 18:51:00,12532.60999999992,12532.60999999992
2026-01-06 19:51:00,12532.60999999992,12532.60999999992
2026-01-06 20:51:00,12532.60999999992,12532.60999999992
2026-01-06 21:51:00,12532.60999999992,12532.60999999992
2026-01-06 22:51:00,12532.60999999992,12532.60999999992
2026-01-06 23:51:00,12532.60999999992,12532.60999999992
2026-01-07 01:52:00,12532.60999999992,12532.60999999992
2026-01-07 02:52:00,12532.60999999992,12532.60999999992
2026-01-07 03:52:00,12532.60999999992,12532.60999999992
2026-01-07 04:52:00,12532.60999999992,12532.60999999992
2026-01-07 05:52:00,12532.60999999992,12532.60999999992
2026-01-07 06:52:00,12532.60999999992,12532.60999999992
2026-01-07 07:52:00,12532.60999999992,12532.60999999992
2026-01-07 08:52:00,12532.60999999992,12532.60999999992
2026-01-07 09:52:00,12532.60999999992,12532.60999999992
2026-01-07 10:52:00,12532.60999999992,12532.60999999992
2026-01-07 11:52:00,12532.60999999992,12532.60999999992
2026-01-07 12:52:00,12532.60999999992,12532.60999999992
2026-01-07 13:52:00,12532.60999999992,12532.60999999992
2026-01-07 14:52:00,12532.60999999992,12532.60999999992
2026-01-07 15:52:00,12532.60999999992,12532.60999999992
2026-01-07 16:52:00,12532.60999999992,12532.60999999992
2026-01-07 17:52:00,12532.60999999992,12532.60999999992
2026-01-07 18:52:00,12532.60999999992,12532.60999999992
2026-01-07 19:52:00,12532.60999999992,12532.60999999992
2026-01-07 20:52:00,12532.60999999992,12532.60999999992
2026-01-07 21:52:00,12532.60999999992,12532.60999999992
2026-01-07 22:52:00,12532.60999999992,12532.60999999992
2026-01-07 23:52:00,12532.60999999992,12532.60999999992
2026-01-08 01:53:00,12532.60999999992,12532.60999999992
2026-01-08 02:53:00,12532.60999999992,12532.60999999992
2026-01-08 03:53:00,12532.60999999992,12532.60999999992
2026-01-08 04:53:00,12532.60999999992,12532.60999999992
2026-01-08 05:53:00,12532.60999999992,12532.60999999992
2026-01-08 06:53:00,12532.60999999992,12532.60999999992
2026-01-08 07:53:00,12532.18999999992,12526.66999999992
2026-01-08 08:53:00,12567.76999999992,12610.69999999992
2026-01-08 09:53:00,12567.76999999992,12604.21999999992
2026-01-08 10:53:00,12567.76999999992,12593.71999999992
2026-01-08 11:53:00,12567.76999999992,12602.44999999992
2026-01-08 12:53:00,12567.76999999992,12602.629999999921
2026-01-08 13:53:00,12567.76999999992,12582.079999999918
2026-01-08 14:53:00,12567.46999999992,12567.46999999992
2026-01-08 15:53:00,12567.46999999992,12567.46999999992
2026-01-08 16:53:00,12567.46999999992,12567.46999999992
2026-01-08 17:53:00,12567.46999999992,12567.46999999992
2026-01-08 18:53:00,12567.46999999992,12567.46999999992
2026-01-08 19:53:00,12567.46999999992,12567.46999999992
2026-01-08 20:53:00,12567.46999999992,12567.46999999992
2026-01-08 21:53:00,12567.46999999992,12567.46999999992
2026-01-08 22:53:00,12567.46999999992,12567.46999999992
2026-01-08 23:53:00,12567.46999999992,12567.46999999992
2026-01-09 01:54:00,12567.46999999992,12567.46999999992
2026-01-09 02:54:00,12567.46999999992,12567.46999999992
2026-01-09 03:54:00,12567.46999999992,12567.46999999992
2026-01-09 04:54:00,12567.46999999992,12567.46999999992
2026-01-09 05:54:00,12567.46999999992,12567.46999999992
2026-01-09 06:54:00,12567.46999999992,12567.46999999992
2026-01-09 07:54:00,12567.46999999992,12567.46999999992
2026-01-09 08:54:00,12567.46999999992,12567.46999999992
2026-01-09 09:54:00,12567.46999999992,12567.46999999992
2026-01-09 10:54:00,12567.46999999992,12567.46999999992
2026-01-09 11:54:00,12567.46999999992,12567.46999999992
2026-01-09 12:54:00,12567.46999999992,12567.46999999992
2026-01-09 13:54:00,12567.46999999992,12567.46999999992
2026-01-09 14:54:00,12567.46999999992,12567.46999999992
2026-01-09 15:54:00,12600.869999999919,12600.869999999919
2026-01-09 16:54:00,12600.869999999919,12600.869999999919
2026-01-09 17:54:00,12600.869999999919,12600.869999999919
2026-01-09 18:54:00,12600.869999999919,12600.869999999919
2026-01-09 19:54:00,12599.81999999992,12589.919999999922
2026-01-09 20:54:00,12732.429999999917,12732.429999999917
2026-01-09 21:54:00,12732.429999999917,12732.429999999917
2026-01-09 22:54:00,12732.429999999917,12732.429999999917
2026-01-09 23:54:00,12732.429999999917,12732.429999999917
2026-01-12 01:55:00,12732.429999999917,12732.429999999917
2026-01-12 02:55:00,12732.429999999917,12732.429999999917
2026-01-12 03:55:00,12732.429999999917,12732.429999999917
2026-01-12 04:55:00,12732.429999999917,12732.429999999917
2026-01-12 05:55:00,12732.429999999917,12732.429999999917
2026-01-12 06:55:00,12732.429999999917,12732.429999999917
2026-01-12 07:55:00,12732.429999999917,12732.429999999917
2026-01-12 08:55:00,12732.429999999917,12732.429999999917
2026-01-12 09:55:00,12732.429999999917,12732.429999999917
2026-01-12 10:55:00,12732.429999999917,12732.429999999917
2026-01-12 11:55:00,12732.429999999917,12732.429999999917
2026-01-12 12:55:00,12732.429999999917,12732.429999999917
2026-01-12 13:55:00,12732.429999999917,12732.429999999917
2026-01-12 14:55:00,12732.429999999917,12732.429999999917
2026-01-12 15:55:00,12732.429999999917,12732.429999999917
2026-01-12 16:55:00,12765.739999999932,12765.739999999932
2026-01-12 17:55:00,12765.739999999932,12765.739999999932
2026-01-12 18:55:00,12765.739999999932,12765.739999999932
2026-01-12 19:55:00,12798.78999999994,12798.78999999994
2026-01-12 20:55:00,12798.78999999994,12798.78999999994
2026-01-12 21:55:00,12798.78999999994,12798.78999999994
2026-01-12 22:55:00,12798.78999999994,12798.78999999994
2026-01-12 23:55:00,12798.78999999994,12798.78999999994
2026-01-13 01:56:00,12798.78999999994,12798.78999999994
2026-01-13 02:56:00,12830.319999999936,12869.079999999936
2026-01-13 03:56:00,12927.159999999933,12927.159999999933
2026-01-13 04:56:00,12927.159999999933,12927.159999999933
2026-01-13 05:56:00,12927.159999999933,12927.159999999933
2026-01-13 06:56:00,12927.159999999933,12927.159999999933
2026-01-13 07:56:00,12927.159999999933,12927.159999999933
2026-01-13 08:56:00,12927.159999999933,12927.159999999933
2026-01-13 09:56:00,12927.159999999933,12927.159999999933
2026-01-13 10:56:00,12927.159999999933,12927.159999999933
2026-01-13 11:56:00,12927.159999999933,12927.159999999933
2026-01-13 12:56:00,12927.159999999933,12927.159999999933
2026-01-13 13:56:00,12927.159999999933,12927.159999999933
2026-01-13 14:56:00,12927.159999999933,12927.159999999933
2026-01-13 15:56:00,12927.159999999933,12927.159999999933
2026-01-13 16:56:00,12927.159999999933,12927.159999999933
2026-01-13 17:56:00,12927.159999999933,12927.159999999933
2026-01-13 18:56:00,12927.159999999933,12927.159999999933
2026-01-13 19:56:00,12927.159999999933,12927.159999999933
2026-01-13 20:56:00,12927.159999999933,12927.159999999933
2026-01-13 21:56:00,12927.159999999933,12927.159999999933
2026-01-13 22:56:00,12927.159999999933,12927.159999999933
2026-01-13 23:56:00,12927.159999999933,12927.159999999933
2026-01-14 01:57:00,12927.159999999933,12927.159999999933
2026-01-14 02:57:00,12927.159999999933,12927.159999999933
2026-01-14 03:57:00,12927.159999999933,12927.159999999933
2026-01-14 04:57:00,12927.159999999933,12927.159999999933
2026-01-14 05:57:00,12927.159999999933,12927.159999999933
2026-01-14 06:57:00,12927.159999999933,12927.159999999933
2026-01-14 07:57:00,12925.619999999932,12878.979999999934
2026-01-14 08:57:00,12962.24999999993,12962.24999999993
2026-01-14 09:57:00,12962.24999999993,12962.24999999993
2026-01-14 10:57:00,12962.24999999993,12962.24999999993
2026-01-14 11:57:00,12962.24999999993,12962.24999999993
2026-01-14 12:57:00,12960.289999999932,13019.369999999948
2026-01-14 13:57:00,12997.669999999946,12997.669999999946
2026-01-14 14:57:00,12997.669999999946,12997.669999999946
2026-01-14 15:57:00,12997.669999999946,12997.669999999946
2026-01-14 16:57:00,12997.669999999946,12997.669999999946
2026-01-14 17:57:00,12997.669999999946,12997.669999999946
2026-01-14 18:57:00,12997.669999999946,12997.669999999946
2026-01-14 19:57:00,12997.669999999946,12997.669999999946
2026-01-14 20:57:00,12997.669999999946,12997.669999999946
2026-01-14 21:57:00,12997.669999999946,12997.669999999946
2026-01-14 22:57:00,12997.669999999946,12997.669999999946
2026-01-14 23:57:00,12997.669999999946,12997.669999999946
2026-01-15 01:58:00,12870.169999999942,12870.169999999942
2026-01-15 02:58:00,12870.169999999942,12870.169999999942
2026-01-15 03:58:00,12870.169999999942,12870.169999999942
2026-01-15 04:58:00,12870.169999999942,12870.169999999942
2026-01-15 05:58:00,12870.169999999942,12870.169999999942
2026-01-15 06:58:00,12870.169999999942,12870.169999999942
2026-01-15 07:58:00,12870.169999999942,12870.169999999942
2026-01-15 08:58:00,12870.169999999942,12870.169999999942
2026-01-15 09:58:00,12870.169999999942,12870.169999999942
2026-01-15 10:58:00,12870.169999999942,12870.169999999942
2026-01-15 11:58:00,12870.169999999942,12870.169999999942
2026-01-15 12:58:00,12870.169999999942,12870.169999999942
2026-01-15 13:58:00,12870.169999999942,12870.169999999942
2026-01-15 14:58:00,12870.169999999942,12870.169999999942
2026-01-15 15:58:00,12870.169999999942,12870.169999999942
2026-01-15 16:58:00,12870.169999999942,12870.169999999942
2026-01-15 17:58:00,12870.169999999942,12870.169999999942
2026-01-15 18:58:00,12870.169999999942,12870.169999999942
2026-01-15 19:58:00,12870.169999999942,12870.169999999942
2026-01-15 20:58:00,12870.169999999942,12870.169999999942
2026-01-15 21:58:00,12870.169999999942,12870.169999999942
2026-01-15 22:58:00,12870.169999999942,12870.169999999942
2026-01-15 23:58:00,12870.169999999942,12870.169999999942
2026-01-16 01:59:00,12870.169999999942,12870.169999999942
2026-01-16 02:59:00,12870.169999999942,12870.169999999942
2026-01-16 03:59:00,12870.169999999942,12870.169999999942
2026-01-16 04:59:00,12870.169999999942,12870.169999999942
2026-01-16 05:59:00,12870.169999999942,12870.169999999942
2026-01-16 06:59:00,12870.169999999942,12870.169999999942
2026-01-16 07:59:00,12870.169999999942,12870.169999999942
2026-01-16 08:59:00,12870.169999999942,12870.169999999942
2026-01-16 09:59:00,12870.169999999942,12870.169999999942
2026-01-16 10:59:00,12870.169999999942,12870.169999999942
2026-01-16 11:59:00,12870.169999999942,12870.169999999942
2026-01-16 12:59:00,12870.169999999942,12870.169999999942
2026-01-16 13:59:00,12870.169999999942,12870.169999999942
2026-01-16 14:59:00,12870.169999999942,12870.169999999942
2026-01-16 15:59:00,12870.169999999942,12870.169999999942
2026-01-16 16:59:00,12870.169999999942,12870.169999999942
2026-01-16 17:59:00,12870.169999999942,12870.169999999942
2026-01-16 18:59:00,12870.169999999942,12870.169999999942
2026-01-16 19:59:00,12870.169999999942,12870.169999999942
2026-01-16 20:59:00,12870.169999999942,12870.169999999942
2026-01-16 21:59:00,12870.169999999942,12870.169999999942
2026-01-16 22:59:00,12870.169999999942,12870.169999999942
2026-01-19 01:00:00,12870.169999999942,12870.169999999942
2026-01-19 02:00:00,12870.169999999942,12870.169999999942
2026-01-19 03:00:00,12870.169999999942,12870.169999999942
2026-01-19 04:00:00,12870.169999999942,12870.169999999942
2026-01-19 05:00:00,12869.889999999943,12916.889999999943
2026-01-19 06:00:00,12869.889999999943,12889.369999999943
2026-01-19 07:00:00,12869.889999999943,12913.409999999943
2026-01-19 08:00:00,12869.889999999943,12934.969999999941
2026-01-19 09:00:00,12869.889999999943,12956.409999999943
2026-01-19 10:00:00,12869.889999999943,12923.44999999994
2026-01-19 11:00:00,12869.889999999943,12907.849999999942
2026-01-19 12:00:00,12869.889999999943,12929.009999999942
2026-01-19 13:00:00,12869.889999999943,12911.28999999994
2026-01-19 14:00:00,12869.889999999943,12904.049999999943
2026-01-19 15:00:00,12869.889999999943,12946.369999999943
2026-01-19 16:00:00,12869.889999999943,12923.929999999944
2026-01-19 17:00:00,12869.889999999943,12926.849999999942
2026-01-19 18:00:00,12869.889999999943,12956.569999999943
2026-01-19 19:00:00,12869.889999999943,12946.28999999994
2026-01-19 20:00:00,12869.889999999943,12957.489999999942
2026-01-19 21:00:00,12869.889999999943,12958.409999999943
2026-01-20 01:06:00,12867.889999999943,12929.009999999942
2026-01-20 02:06:00,12867.889999999943,12917.409999999943
2026-01-20 03:06:00,12867.889999999943,12933.529999999942
2026-01-20 04:06:00,12867.889999999943,12937.049999999943
2026-01-20 05:06:00,12867.889999999943,12922.569999999943
2026-01-20 06:06:00,12867.889999999943,12980.489999999942
2026-01-20 07:06:00,12935.829999999944,13029.949999999943
2026-01-20 08:06:00,12935.829999999944,13062.169999999944
2026-01-20 09:06:00,12935.829999999944,13055.869999999943
2026-01-20 10:06:00,12935.829999999944,13067.789999999943
2026-01-20 11:06:00,12935.829999999944,13090.929999999944
2026-01-20 12:06:00,12935.829999999944,13092.589999999944
2026-01-20 13:06:00,12934.499999999944,12961.459999999941
2026-01-20 14:06:00,12806.059999999956,12963.979999999956
2026-01-20 15:06:00,12806.059999999956,12949.119999999955
2026-01-20 16:06:00,12975.919999999955,12975.919999999955
2026-01-20 17:06:00,12975.919999999955,12975.919999999955
2026-01-20 18:06:00,13109.239999999947,13109.239999999947
2026-01-20 19:06:00,13109.239999999947,13109.239999999947
2026-01-20 20:06:00,13109.239999999947,13109.239999999947
2026-01-20 21:06:00,13109.239999999947,13109.239999999947
2026-01-20 22:06:00,13109.239999999947,13109.239999999947
2026-01-20 23:06:00,13109.239999999947,13109.239999999947
2026-01-21 01:07:00,13109.239999999947,13109.239999999947
2026-01-21 02:07:00,13109.239999999947,13109.239999999947
2026-01-21 03:07:00,13109.239999999947,13109.239999999947
2026-01-21 04:07:00,13109.239999999947,13109.239999999947
2026-01-21 05:07:00,13109.239999999947,13109.239999999947
2026-01-21 06:07:00,13109.239999999947,13109.239999999947
2026-01-21 07:07:00,13109.239999999947,13109.239999999947
2026-01-21 08:07:00,13109.239999999947,13109.239999999947
2026-01-21 09:07:00,12977.239999999947,12977.239999999947
2026-01-21 10:07:00,12977.239999999947,12977.239999999947
2026-01-21 11:07:00,12977.239999999947,12977.239999999947
2026-01-21 12:07:00,12977.239999999947,12977.239999999947
2026-01-21 13:07:00,12977.239999999947,12977.239999999947
2026-01-21 14:07:00,12977.239999999947,12977.239999999947
2026-01-21 15:07:00,12977.239999999947,12977.239999999947
2026-01-21 16:07:00,12977.239999999947,12977.239999999947
2026-01-21 17:07:00,12977.239999999947,12977.239999999947
2026-01-21 18:07:00,13045.419999999946,13198.459999999946
2026-01-21 19:07:00,13045.419999999946,13097.499999999944
2026-01-21 20:07:00,13112.059999999949,13196.379999999948
2026-01-21 21:07:00,13217.13999999995,13217.13999999995
2026-01-21 22:07:00,13217.13999999995,13217.13999999995
2026-01-21 23:07:00,13217.13999999995,13217.13999999995
2026-01-22 01:08:00,13217.13999999995,13217.13999999995
2026-01-22 02:08:00,13217.13999999995,13217.13999999995
2026-01-22 03:08:00,13217.13999999995,13217.13999999995
2026-01-22 04:08:00,13217.13999999995,13217.13999999995
2026-01-22 05:08:00,13217.13999999995,13217.13999999995
2026-01-22 06:08:00,13217.13999999995,13217.13999999995
2026-01-22 07:08:00,13217.13999999995,13217.13999999995
2026-01-22 08:08:00,13216.64999999995,13190.749999999945
2026-01-22 09:08:00,13216.64999999995,13118.999999999945
2026-01-22 10:08:00,13090.089999999951,13090.089999999951
2026-01-22 11:08:00,13090.089999999951,13090.089999999951
2026-01-22 12:08:00,13157.269999999953,13276.469999999954
2026-01-22 13:08:00,13296.14999999995,13412.429999999951
2026-01-22 14:08:00,13296.14999999995,13376.069999999952
2026-01-22 15:08:00,13365.909999999942,13454.829999999929
2026-01-22 16:08:00,13465.629999999936,13465.629999999936
2026-01-22 17:08:00,13465.629999999936,13465.629999999936
2026-01-22 18:08:00,13465.629999999936,13465.629999999936
2026-01-22 19:08:00,13465.629999999936,13465.629999999936
2026-01-22 20:08:00,13465.629999999936,13465.629999999936
2026-01-22 21:08:00,13465.629999999936,13465.629999999936
2026-01-22 22:08:00,13465.629999999936,13465.629999999936
2026-01-22 23:08:00,13502.279999999932,13550.96999999993
2026-01-23 01:09:00,13608.659999999929,13608.659999999929
2026-01-23 02:09:00,13608.659999999929,13608.659999999929
2026-01-23 03:09:00,13607.67999999993,13624.61999999993
2026-01-23 04:09:00,13647.649999999936,13647.649999999936
2026-01-23 05:09:00,13647.649999999936,13647.649999999936
2026-01-23 06:09:00,13647.649999999936,13647.649999999936
2026-01-23 07:09:00,13647.649999999936,13647.649999999936
2026-01-23 08:09:00,13647.649999999936,13647.649999999936
2026-01-23 09:09:00,13647.649999999936,13647.649999999936
2026-01-23 10:09:00,13647.649999999936,13647.649999999936
2026-01-23 11:09:00,13647.649999999936,13647.649999999936
2026-01-23 12:09:00,13647.649999999936,13647.649999999936
2026-01-23 13:09:00,13647.649999999936,13647.649999999936
2026-01-23 14:09:00,13647.649999999936,13647.649999999936
2026-01-23 15:09:00,13647.649999999936,13647.649999999936
2026-01-23 16:09:00,13647.649999999936,13647.649999999936
2026-01-23 17:09:00,13647.649999999936,13647.649999999936
2026-01-23 18:09:00,13647.649999999936,13647.649999999936
2026-01-23 19:09:00,13647.649999999936,13647.649999999936
2026-01-23 20:09:00,13684.679999999935,13733.079999999936
2026-01-23 21:09:00,13793.479999999938,13793.479999999938
2026-01-23 22:09:00,13793.479999999938,13793.479999999938
2026-01-23 23:09:00,13793.479999999938,13793.479999999938
2026-01-26 01:10:00,13793.479999999938,13793.479999999938
2026-01-26 02:10:00,13793.479999999938,13793.479999999938
2026-01-26 03:10:00,13793.479999999938,13793.479999999938
2026-01-26 04:10:00,13793.479999999938,13793.479999999938
2026-01-26 05:10:00,13793.479999999938,13793.479999999938
2026-01-26 06:10:00,13793.479999999938,13793.479999999938
2026-01-26 07:10:00,13829.109999999933,13829.109999999933
2026-01-26 08:10:00,13829.109999999933,13829.109999999933
2026-01-26 09:10:00,13829.109999999933,13829.109999999933
2026-01-26 10:10:00,13829.109999999933,13829.109999999933
2026-01-26 11:10:00,13829.109999999933,13829.109999999933
2026-01-26 12:10:00,13829.109999999933,13829.109999999933
2026-01-26 13:10:00,13827.919999999933,13828.599999999933
2026-01-26 14:10:00,13863.979999999929,13863.979999999929
2026-01-26 15:10:00,13863.979999999929,13863.979999999929
2026-01-26 16:10:00,13863.979999999929,13863.979999999929
2026-01-26 17:10:00,13863.979999999929,13863.979999999929
2026-01-26 18:10:00,13863.979999999929,13863.979999999929
2026-01-26 19:10:00,13863.979999999929,13863.979999999929
2026-01-26 20:10:00,13863.979999999929,13863.979999999929
2026-01-26 21:10:00,14127.879999999925,14127.879999999925
2026-01-26 22:10:00,14127.879999999925,14127.879999999925
2026-01-26 23:10:00,14127.879999999925,14127.879999999925
2026-01-27 01:11:00,14127.879999999925,14127.879999999925
2026-01-27 02:11:00,14127.879999999925,14127.879999999925
2026-01-27 03:11:00,13988.479999999927,13988.479999999927
2026-01-27 04:11:00,13988.129999999926,14062.279999999926
2026-01-27 05:11:00,14021.389999999927,14069.389999999927
2026-01-27 06:11:00,14021.389999999927,14085.619999999926
2026-01-27 07:11:00,14021.389999999927,14044.609999999926
2026-01-27 08:11:00,14021.389999999927,14103.679999999928
2026-01-27 09:11:00,14146.129999999926,14146.129999999926
2026-01-27 10:11:00,14146.129999999926,14146.129999999926
2026-01-27 11:11:00,14146.129999999926,14146.129999999926
2026-01-27 12:11:00,14146.129999999926,14146.129999999926
2026-01-27 13:11:00,14146.129999999926,14146.129999999926
2026-01-27 14:11:00,14290.319999999921,14290.319999999921
2026-01-27 15:11:00,14290.319999999921,14290.319999999921
2026-01-27 16:11:00,14290.319999999921,14290.319999999921
2026-01-27 17:11:00,14440.579999999924,14440.579999999924
2026-01-27 18:11:00,14440.579999999924,14440.579999999924
2026-01-27 19:11:00,14440.579999999924,14440.579999999924
2026-01-27 20:11:00,14440.579999999924,14440.579999999924
2026-01-27 21:11:00,14440.579999999924,14440.579999999924
2026-01-27 22:11:00,14440.579999999924,14440.579999999924
2026-01-27 23:11:00,14440.579999999924,14440.579999999924
2026-01-28 01:12:00,14440.579999999924,14440.579999999924
2026-01-28 02:12:00,14440.579999999924,14440.579999999924
2026-01-28 03:12:00,14440.579999999924,14440.579999999924
2026-01-28 04:12:00,14440.579999999924,14440.579999999924
2026-01-28 05:12:00,14440.579999999924,14440.579999999924
2026-01-28 06:12:00,14440.579999999924,14440.579999999924
2026-01-28 07:12:00,14440.579999999924,14440.579999999924
2026-01-28 08:12:00,14440.579999999924,14440.579999999924
2026-01-28 09:12:00,14440.579999999924,14440.579999999924
2026-01-28 10:12:00,14440.579999999924,14440.579999999924
2026-01-28 11:12:00,14440.579999999924,14440.579999999924
2026-01-28 12:12:00,14440.579999999924,14440.579999999924
2026-01-28 13:12:00,14440.579999999924,14440.579999999924
2026-01-28 14:12:00,14440.579999999924,14440.579999999924
2026-01-28 15:12:00,14440.579999999924,14440.579999999924
2026-01-28 16:12:00,14440.579999999924,14440.579999999924
2026-01-28 17:12:00,14301.22999999992,14301.22999999992
2026-01-28 18:12:00,14301.22999999992,14301.22999999992
2026-01-28 19:12:00,14301.22999999992,14301.22999999992
2026-01-28 20:12:00,14301.22999999992,14301.22999999992
2026-01-28 21:12:00,14301.22999999992,14301.22999999992
2026-01-28 22:12:00,14301.22999999992,14301.22999999992
2026-01-28 23:12:00,14301.22999999992,14301.22999999992
2026-01-29 01:13:00,14301.22999999992,14301.22999999992
2026-01-29 02:13:00,14301.22999999992,14301.22999999992
2026-01-29 03:13:00,14301.22999999992,14301.22999999992
2026-01-29 04:13:00,14301.22999999992,14301.22999999992
2026-01-29 05:13:00,14301.22999999992,14301.22999999992
2026-01-29 06:13:00,14301.22999999992,14301.22999999992
2026-01-29 07:13:00,14301.22999999992,14301.22999999992
2026-01-29 08:13:00,14301.22999999992,14301.22999999992
2026-01-29 09:13:00,14301.22999999992,14301.22999999992
2026-01-29 10:13:00,14301.22999999992,14301.22999999992
2026-01-29 11:13:00,14167.929999999917,14167.929999999917
2026-01-29 12:13:00,14167.929999999917,14167.929999999917
2026-01-29 13:13:00,14167.929999999917,14167.929999999917
2026-01-29 14:13:00,14167.929999999917,14167.929999999917
2026-01-29 15:13:00,14167.929999999917,14167.929999999917
2026-01-29 16:13:00,14167.929999999917,14167.929999999917
2026-01-29 17:13:00,14167.929999999917,14167.929999999917
2026-01-29 18:13:00,14167.929999999917,14167.929999999917
2026-01-29 19:13:00,14167.929999999917,14167.929999999917
2026-01-29 20:13:00,14049.369999999917,14049.369999999917
2026-01-29 21:13:00,14049.369999999917,14049.369999999917
2026-01-29 22:13:00,14049.369999999917,14049.369999999917
2026-01-29 23:13:00,14049.369999999917,14049.369999999917
2026-01-30 01:14:00,14194.779999999915,14207.639999999916
2026-01-30 02:14:00,14234.369999999913,14234.369999999913
2026-01-30 03:14:00,14234.369999999913,14234.369999999913
2026-01-30 04:14:00,14234.369999999913,14234.369999999913
2026-01-30 05:14:00,14268.379999999914,14300.109999999913
2026-01-30 06:14:00,14268.279999999913,14268.279999999913
2026-01-30 07:14:00,14268.279999999913,14268.279999999913
2026-01-30 08:14:00,14268.279999999913,14268.279999999913
2026-01-30 09:14:00,14268.279999999913,14268.279999999913
2026-01-30 10:14:00,14268.279999999913,14268.279999999913
2026-01-30 11:14:00,14268.279999999913,14268.279999999913
2026-01-30 12:14:00,14268.279999999913,14268.279999999913
2026-01-30 13:14:00,14268.279999999913,14268.279999999913
2026-01-30 14:14:00,14268.279999999913,14268.279999999913
2026-01-30 15:14:00,14268.279999999913,14268.279999999913
2026-01-30 16:14:00,14268.279999999913,14268.279999999913
2026-01-30 17:14:00,14268.279999999913,14268.279999999913
2026-01-30 18:14:00,14268.279999999913,14268.279999999913
2026-01-30 19:14:00,14268.279999999913,14268.279999999913
2026-01-30 20:14:00,14268.279999999913,14268.279999999913
2026-01-30 21:14:00,14268.279999999913,14268.279999999913
2026-01-30 22:14:00,14268.279999999913,14268.279999999913
2026-01-30 23:14:00,14268.279999999913,14268.279999999913
2026-02-02 01:15:00,14268.139999999914,14234.059999999914
2026-02-02 02:15:00,14335.749999999915,14349.739999999914
2026-02-02 03:15:00,14335.649999999914,14615.509999999913
2026-02-02 04:15:00,14335.649999999914,14487.349999999913
2026-02-02 05:15:00,14335.649999999914,14608.289999999914
2026-02-02 06:15:00,14335.649999999914,14612.009999999915
2026-02-02 07:15:00,14335.649999999914,14639.329999999914
2026-02-02 08:15:00,14335.649999999914,14868.149999999914
2026-02-02 09:15:00,15121.309999999914,15121.309999999914
2026-02-02 10:15:00,15121.309999999914,15121.309999999914
2026-02-02 11:15:00,15121.309999999914,15121.309999999914
2026-02-02 12:15:00,15121.309999999914,15121.309999999914
2026-02-02 13:15:00,15121.309999999914,15121.309999999914
2026-02-02 14:15:00,15121.309999999914,15121.309999999914
2026-02-02 15:15:00,15121.309999999914,15121.309999999914
2026-02-02 16:15:00,15121.309999999914,15121.309999999914
2026-02-02 17:15:00,15121.309999999914,15121.309999999914
2026-02-02 18:15:00,15121.309999999914,15121.309999999914
2026-02-02 19:15:00,15121.309999999914,15121.309999999914
2026-02-02 20:15:00,15121.309999999914,15121.309999999914
2026-02-02 21:15:00,15121.309999999914,15121.309999999914
2026-02-02 22:15:00,15121.309999999914,15121.309999999914
2026-02-02 23:15:00,15121.309999999914,15121.309999999914
2026-02-03 01:16:00,15121.309999999914,15121.309999999914
2026-02-03 02:16:00,15121.309999999914,15121.309999999914
2026-02-03 03:16:00,15121.309999999914,15121.309999999914
2026-02-03 04:16:00,15121.309999999914,15121.309999999914
2026-02-03 05:16:00,15121.309999999914,15121.309999999914
2026-02-03 06:16:00,15121.309999999914,15121.309999999914
2026-02-03 07:16:00,15121.309999999914,15121.309999999914
2026-02-03 08:16:00,15121.309999999914,15121.309999999914
2026-02-03 09:16:00,15121.309999999914,15121.309999999914
2026-02-03 10:16:00,15121.309999999914,15121.309999999914
2026-02-03 11:16:00,15121.309999999914,15121.309999999914
2026-02-03 12:16:00,15121.309999999914,15121.309999999914
2026-02-03 13:16:00,15121.309999999914,15121.309999999914
2026-02-03 14:16:00,15121.309999999914,15121.309999999914
2026-02-03 15:16:00,15121.309999999914,15121.309999999914
2026-02-03 16:16:00,15121.309999999914,15121.309999999914
2026-02-03 17:16:00,15121.309999999914,15121.309999999914
2026-02-03 18:16:00,15121.309999999914,15121.309999999914
2026-02-03 19:16:00,15121.309999999914,15121.309999999914
2026-02-03 20:16:00,15121.309999999914,15121.309999999914
2026-02-03 21:16:00,15121.309999999914,15121.309999999914
2026-02-03 22:16:00,15121.309999999914,15121.309999999914
2026-02-03 23:16:00,15121.309999999914,15121.309999999914
2026-02-04 01:17:00,15121.309999999914,15121.309999999914
2026-02-04 02:17:00,15121.309999999914,15121.309999999914
2026-02-04 03:17:00,15121.309999999914,15121.309999999914
2026-02-04 04:17:00,15121.309999999914,15121.309999999914
2026-02-04 05:17:00,15121.309999999914,15121.309999999914
2026-02-04 06:17:00,15121.309999999914,15121.309999999914
2026-02-04 07:17:00,15121.309999999914,15121.309999999914
2026-02-04 08:17:00,15121.309999999914,15121.309999999914
2026-02-04 09:17:00,15121.309999999914,15121.309999999914
2026-02-04 10:17:00,15121.309999999914,15121.309999999914
2026-02-04 11:17:00,15121.309999999914,15121.309999999914
2026-02-04 12:17:00,15121.309999999914,15121.309999999914
2026-02-04 13:17:00,15121.309999999914,15121.309999999914
2026-02-04 14:17:00,15121.309999999914,15121.309999999914
2026-02-04 15:17:00,15121.309999999914,15121.309999999914
2026-02-04 16:17:00,15121.309999999914,15121.309999999914
2026-02-04 17:17:00,15121.309999999914,15121.309999999914
2026-02-04 18:17:00,15121.309999999914,15121.309999999914
2026-02-04 19:17:00,15121.309999999914,15121.309999999914
2026-02-04 20:17:00,15121.309999999914,15121.309999999914
2026-02-04 21:17:00,15121.309999999914,15121.309999999914
2026-02-04 22:17:00,15121.309999999914,15121.309999999914
2026-02-04 23:17:00,15121.309999999914,15121.309999999914
2026-02-05 01:18:00,15121.309999999914,15121.309999999914
2026-02-05 02:18:00,15121.309999999914,15121.309999999914
2026-02-05 03:18:00,15121.309999999914,15121.309999999914
2026-02-05 04:18:00,15121.309999999914,15121.309999999914
2026-02-05 05:18:00,15121.309999999914,15121.309999999914
2026-02-05 06:18:00,15121.309999999914,15121.309999999914
2026-02-05 07:18:00,15121.309999999914,15121.309999999914
2026-02-05 08:18:00,15121.309999999914,15121.309999999914
2026-02-05 09:18:00,15121.309999999914,15121.309999999914
2026-02-05 10:18:00,15121.309999999914,15121.309999999914
2026-02-05 11:18:00,15121.309999999914,15121.309999999914
2026-02-05 12:18:00,15121.309999999914,15121.309999999914
2026-02-05 13:18:00,15121.309999999914,15121.309999999914
2026-02-05 14:18:00,15121.309999999914,15121.309999999914
2026-02-05 15:18:00,15121.309999999914,15121.309999999914
2026-02-05 16:18:00,15121.309999999914,15121.309999999914
2026-02-05 17:18:00,15121.309999999914,15121.309999999914
2026-02-05 18:18:00,15121.309999999914,15121.309999999914
2026-02-05 19:18:00,15121.309999999914,15121.309999999914
2026-02-05 20:18:00,15121.309999999914,15121.309999999914
2026-02-05 21:18:00,15121.309999999914,15121.309999999914
2026-02-05 22:18:00,15121.309999999914,15121.309999999914
2026-02-05 23:18:00,15121.309999999914,15121.309999999914
2026-02-06 01:19:00,15121.309999999914,15121.309999999914
2026-02-06 02:19:00,15121.309999999914,15121.309999999914
2026-02-06 03:19:00,15121.309999999914,15121.309999999914
2026-02-06 04:19:00,15121.309999999914,15121.309999999914
2026-02-06 05:19:00,15121.309999999914,15121.309999999914
2026-02-06 06:19:00,15121.309999999914,15121.309999999914
2026-02-06 07:19:00,15121.309999999914,15121.309999999914
2026-02-06 08:19:00,15121.309999999914,15121.309999999914
2026-02-06 09:19:00,15121.309999999914,15121.309999999914
2026-02-06 10:19:00,15121.309999999914,15121.309999999914
2026-02-06 11:19:00,15121.309999999914,15121.309999999914
2026-02-06 12:19:00,15121.309999999914,15121.309999999914
2026-02-06 13:19:00,15121.309999999914,15121.309999999914
2026-02-06 14:19:00,15121.309999999914,15121.309999999914
2026-02-06 15:19:00,15121.309999999914,15121.309999999914
2026-02-06 16:19:00,15121.309999999914,15121.309999999914
2026-02-06 17:19:00,15121.029999999913,15114.54999999991
2026-02-06 18:19:00,15121.029999999913,15128.989999999912
2026-02-06 19:19:00,15142.279999999912,15142.279999999912
2026-02-06 20:19:00,15142.279999999912,15142.279999999912
2026-02-06 21:19:00,15142.279999999912,15142.279999999912
2026-02-06 22:19:00,15142.279999999912,15142.279999999912
2026-02-06 23:19:00,15142.279999999912,15142.279999999912
2026-02-09 01:20:00,15142.279999999912,15142.279999999912
2026-02-09 02:20:00,15142.279999999912,15142.279999999912
2026-02-09 03:20:00,15172.259999999906,15172.259999999906
2026-02-09 04:20:00,15172.259999999906,15172.259999999906
2026-02-09 05:20:00,15172.259999999906,15172.259999999906
2026-02-09 06:20:00,15172.259999999906,15172.259999999906
2026-02-09 07:20:00,15172.259999999906,15172.259999999906
2026-02-09 08:20:00,15172.259999999906,15172.259999999906
2026-02-09 09:20:00,15172.259999999906,15172.259999999906
2026-02-09 10:20:00,15172.259999999906,15172.259999999906
2026-02-09 11:20:00,15172.259999999906,15172.259999999906
2026-02-09 12:20:00,15172.259999999906,15172.259999999906
2026-02-09 13:20:00,15172.259999999906,15172.259999999906
2026-02-09 14:20:00,15172.259999999906,15172.259999999906
2026-02-09 15:20:00,15172.259999999906,15172.259999999906
2026-02-09 16:20:00,15172.259999999906,15172.259999999906
2026-02-09 17:20:00,15172.259999999906,15172.259999999906
2026-02-09 18:20:00,15172.259999999906,15172.259999999906
2026-02-09 19:20:00,15172.259999999906,15172.259999999906
2026-02-09 20:20:00,15190.2399999999,15186.729999999905
2026-02-09 21:20:00,15210.3399999999,15315.549999999897
2026-02-09 22:20:00,15250.5399999999,15392.9899999999
2026-02-09 23:20:00,15250.5399999999,15309.2399999999
2026-02-10 01:21:00,15250.039999999903,15250.039999999903
2026-02-10 02:21:00,15249.479999999903,15279.639999999907
2026-02-10 03:21:00,15313.199999999903,15380.679999999902
2026-02-10 04:21:00,15312.799999999901,15312.799999999901
2026-02-10 05:21:00,15312.799999999901,15312.799999999901
2026-02-10 06:21:00,15312.799999999901,15312.799999999901
2026-02-10 07:21:00,15312.799999999901,15312.799999999901
2026-02-10 08:21:00,15312.799999999901,15312.799999999901
2026-02-10 09:21:00,15312.799999999901,15312.799999999901
2026-02-10 10:21:00,15312.799999999901,15312.799999999901
2026-02-10 11:21:00,15312.799999999901,15312.799999999901
2026-02-10 12:21:00,15312.799999999901,15312.799999999901
2026-02-10 13:21:00,15312.799999999901,15312.799999999901
2026-02-10 14:21:00,15312.799999999901,15312.799999999901
2026-02-10 15:21:00,15312.799999999901,15312.799999999901
2026-02-10 16:21:00,15312.799999999901,15312.799999999901
2026-02-10 17:21:00,15312.799999999901,15312.799999999901
2026-02-10 18:21:00,15312.799999999901,15312.799999999901
2026-02-10 19:21:00,15312.799999999901,15312.799999999901
2026-02-10 20:21:00,15312.799999999901,15312.799999999901
2026-02-10 21:21:00,15312.799999999901,15312.799999999901
2026-02-10 22:21:00,15312.799999999901,15312.799999999901
2026-02-10 23:21:00,15312.799999999901,15312.799999999901
2026-02-11 01:22:00,15312.799999999901,15312.799999999901
2026-02-11 02:22:00,15312.799999999901,15312.799999999901
2026-02-11 03:22:00,15312.799999999901,15312.799999999901
2026-02-11 04:22:00,15312.799999999901,15312.799999999901
2026-02-11 05:22:00,15312.799999999901,15312.799999999901
2026-02-11 06:22:00,15312.799999999901,15312.799999999901
2026-02-11 07:22:00,15312.799999999901,15312.799999999901
2026-02-11 08:22:00,15312.799999999901,15312.799999999901
2026-02-11 09:22:00,15312.799999999901,15312.799999999901
2026-02-11 10:22:00,15312.799999999901,15312.799999999901
2026-02-11 11:22:00,15312.799999999901,15312.799999999901
2026-02-11 12:22:00,15312.799999999901,15312.799999999901
2026-02-11 13:22:00,15312.799999999901,15312.799999999901
2026-02-11 14:22:00,15312.799999999901,15312.799999999901
2026-02-11 15:22:00,15312.799999999901,15312.799999999901
2026-02-11 16:22:00,15312.799999999901,15312.799999999901
2026-02-11 17:22:00,15312.799999999901,15312.799999999901
2026-02-11 18:22:00,15312.799999999901,15312.799999999901
2026-02-11 19:22:00,15312.799999999901,15312.799999999901
2026-02-11 20:22:00,15312.799999999901,15312.799999999901
2026-02-11 21:22:00,15312.799999999901,15312.799999999901
2026-02-11 22:22:00,15312.799999999901,15312.799999999901
2026-02-11 23:22:00,15312.799999999901,15312.799999999901
2026-02-12 01:23:00,15312.799999999901,15312.799999999901
2026-02-12 02:23:00,15312.799999999901,15312.799999999901
2026-02-12 03:23:00,15312.799999999901,15312.799999999901
2026-02-12 04:23:00,15312.799999999901,15312.799999999901
2026-02-12 05:23:00,15312.799999999901,15312.799999999901
2026-02-12 06:23:00,15312.799999999901,15312.799999999901
2026-02-12 07:23:00,15312.799999999901,15312.799999999901
2026-02-12 08:23:00,15312.799999999901,15312.799999999901
2026-02-12 09:23:00,15312.799999999901,15312.799999999901
2026-02-12 10:23:00,15312.799999999901,15312.799999999901
2026-02-12 11:23:00,15312.799999999901,15312.799999999901
2026-02-12 12:23:00,15331.929999999902,15422.8599999999
2026-02-12 13:23:00,15371.449999999903,15454.049999999905
2026-02-12 14:23:00,15371.449999999903,15454.6999999999
2026-02-12 15:23:00,15371.449999999903,15401.5999999999
2026-02-12 16:23:00,15370.949999999906,15370.949999999906
2026-02-12 17:23:00,15370.949999999906,15370.949999999906
2026-02-12 18:23:00,15370.949999999906,15370.949999999906
2026-02-12 19:23:00,15370.949999999906,15370.949999999906
2026-02-12 20:23:00,15370.949999999906,15370.949999999906
2026-02-12 21:23:00,15370.949999999906,15370.949999999906
2026-02-12 22:23:00,15370.949999999906,15370.949999999906
2026-02-12 23:23:00,15370.949999999906,15370.949999999906
2026-02-13 01:24:00,15370.949999999906,15370.949999999906
2026-02-13 02:24:00,15370.949999999906,15370.949999999906
2026-02-13 03:24:00,15370.949999999906,15370.949999999906
2026-02-13 04:24:00,15370.809999999907,15368.849999999906
2026-02-13 05:24:00,15370.809999999907,15383.909999999905
2026-02-13 06:24:00,15370.809999999907,15357.349999999906
2026-02-13 07:24:00,15370.809999999907,15370.829999999905
2026-02-13 08:24:00,15370.389999999907,15383.509999999907
2026-02-13 09:24:00,15370.389999999907,15427.429999999906
2026-02-13 10:24:00,15385.129999999906,15474.009999999906
2026-02-13 11:24:00,15385.129999999906,15473.409999999905
2026-02-13 12:24:00,15384.62999999991,15408.36999999991
2026-02-13 13:24:00,15384.62999999991,15470.58999999991
2026-02-13 14:24:00,15384.62999999991,15406.809999999909
2026-02-13 15:24:00,15384.62999999991,15410.149999999909
2026-02-13 16:24:00,15384.62999999991,15346.44999999991
2026-02-13 17:24:00,15384.62999999991,15344.809999999909
2026-02-13 18:24:00,15398.22999999991,15452.219999999912
2026-02-13 19:24:00,15426.26999999991,15465.22999999991
2026-02-13 20:24:00,15426.26999999991,15494.18999999991
2026-02-13 21:24:00,15366.599999999908,15535.679999999906
2026-02-13 22:24:00,15366.599999999908,15497.03999999991
2026-02-13 23:24:00,15366.599999999908,15498.53999999991
2026-02-16 01:25:00,15550.199999999908,15667.10999999991
2026-02-16 02:25:00,15550.199999999908,15613.949999999908
2026-02-16 03:25:00,15550.199999999908,15675.299999999908
2026-02-16 04:25:00,15550.199999999908,15651.659999999907
2026-02-16 05:25:00,15550.199999999908,15578.00999999991
2026-02-16 06:25:00,15549.899999999907,15549.899999999907
2026-02-16 07:25:00,15549.899999999907,15549.899999999907
2026-02-16 08:25:00,15549.899999999907,15549.899999999907
2026-02-16 09:25:00,15549.899999999907,15549.899999999907
2026-02-16 10:25:00,15611.629999999905,15652.939999999906
2026-02-16 11:25:00,15610.729999999901,15610.729999999901
2026-02-16 12:25:00,15610.729999999901,15610.729999999901
2026-02-16 13:25:00,15610.729999999901,15610.729999999901
2026-02-16 14:25:00,15610.729999999901,15610.729999999901
2026-02-16 15:25:00,15610.729999999901,15610.729999999901
2026-02-16 16:25:00,15610.729999999901,15610.729999999901
2026-02-16 17:25:00,15608.909999999902,15684.82999999988
2026-02-16 18:25:00,15608.909999999902,15759.189999999895
2026-02-16 19:25:00,15732.569999999901,15956.849999999895
2026-02-16 20:25:00,15732.569999999901,15985.82999999989
2026-02-16 21:25:00,15732.569999999901,15925.909999999894
2026-02-17 01:54:00,15725.569999999901,15957.969999999894
2026-02-17 02:54:00,15724.169999999896,15724.169999999896
2026-02-17 03:54:00,15724.169999999896,15724.169999999896
2026-02-17 04:54:00,15724.169999999896,15724.169999999896
2026-02-17 05:54:00,15724.169999999896,15724.169999999896
2026-02-17 06:54:00,15724.169999999896,15724.169999999896
2026-02-17 07:54:00,15724.169999999896,15724.169999999896
2026-02-17 08:54:00,15724.169999999896,15724.169999999896
2026-02-17 09:54:00,15724.169999999896,15724.169999999896
2026-02-17 10:54:00,15724.169999999896,15724.169999999896
2026-02-17 11:54:00,15724.169999999896,15724.169999999896
2026-02-17 12:54:00,15724.169999999896,15724.169999999896
2026-02-17 13:54:00,15724.169999999896,15724.169999999896
2026-02-17 14:54:00,15724.169999999896,15724.169999999896
2026-02-17 15:54:00,15724.169999999896,15724.169999999896
2026-02-17 16:54:00,15724.169999999896,15724.169999999896
2026-02-17 17:54:00,15724.169999999896,15724.169999999896
2026-02-17 18:54:00,15724.169999999896,15724.169999999896
2026-02-17 19:54:00,15724.169999999896,15724.169999999896
2026-02-17 20:54:00,15724.169999999896,15724.169999999896
2026-02-17 21:54:00,15724.169999999896,15724.169999999896
2026-02-17 22:54:00,15724.169999999896,15724.169999999896
2026-02-17 23:54:00,15724.169999999896,15724.169999999896
2026-02-18 01:55:00,15724.169999999896,15724.169999999896
2026-02-18 02:55:00,15724.169999999896,15724.169999999896
2026-02-18 03:55:00,15724.169999999896,15724.169999999896
2026-02-18 04:55:00,15724.169999999896,15724.169999999896
2026-02-18 05:55:00,15724.169999999896,15724.169999999896
2026-02-18 06:55:00,15724.169999999896,15724.169999999896
2026-02-18 07:55:00,15724.169999999896,15724.169999999896
2026-02-18 08:55:00,15724.169999999896,15724.169999999896
2026-02-18 09:55:00,15724.169999999896,15724.169999999896
2026-02-18 10:55:00,15724.169999999896,15724.169999999896
2026-02-18 11:55:00,15724.169999999896,15724.169999999896
2026-02-18 12:55:00,15724.169999999896,15724.169999999896
2026-02-18 13:55:00,15724.169999999896,15724.169999999896
2026-02-18 14:55:00,15724.169999999896,15724.169999999896
2026-02-18 15:55:00,15724.169999999896,15724.169999999896
2026-02-18 16:55:00,15724.169999999896,15724.169999999896
2026-02-18 17:55:00,15724.169999999896,15724.169999999896
2026-02-18 18:55:00,15724.169999999896,15724.169999999896
2026-02-18 19:55:00,15724.169999999896,15724.169999999896
2026-02-18 20:55:00,15724.169999999896,15724.169999999896
2026-02-18 21:55:00,15723.469999999896,15742.8699999999
2026-02-18 22:55:00,15723.469999999896,15746.769999999895
2026-02-18 23:55:00,15723.469999999896,15705.269999999899
2026-02-19 01:56:00,15565.269999999899,15565.269999999899
2026-02-19 02:56:00,15565.269999999899,15565.269999999899
2026-02-19 03:56:00,15565.269999999899,15565.269999999899
2026-02-19 04:56:00,15565.269999999899,15565.269999999899
2026-02-19 05:56:00,15565.269999999899,15565.269999999899
2026-02-19 06:56:00,15565.269999999899,15565.269999999899
2026-02-19 07:56:00,15565.269999999899,15565.269999999899
2026-02-19 08:56:00,15565.269999999899,15565.269999999899
2026-02-19 09:56:00,15563.3099999999,15462.229999999883
2026-02-19 10:56:00,15405.6699999999,15405.6699999999
2026-02-19 11:56:00,15405.6699999999,15405.6699999999
2026-02-19 12:56:00,15405.6699999999,15405.6699999999
2026-02-19 13:56:00,15405.6699999999,15405.6699999999
2026-02-19 14:56:00,15405.6699999999,15405.6699999999
2026-02-19 15:56:00,15405.6699999999,15405.6699999999
2026-02-19 16:56:00,15405.6699999999,15405.6699999999
2026-02-19 17:56:00,15405.6699999999,15405.6699999999
2026-02-19 18:56:00,15552.529999999899,15584.689999999902
2026-02-19 19:56:00,15551.729999999903,15551.729999999903
2026-02-19 20:56:00,15551.729999999903,15551.729999999903
2026-02-19 21:56:00,15551.729999999903,15551.729999999903
2026-02-19 22:56:00,15551.729999999903,15551.729999999903
2026-02-19 23:56:00,15551.729999999903,15551.729999999903
2026-02-20 01:57:00,15551.729999999903,15551.729999999903
2026-02-20 02:57:00,15551.729999999903,15551.729999999903
2026-02-20 03:57:00,15551.729999999903,15551.729999999903
2026-02-20 04:57:00,15551.729999999903,15551.729999999903
2026-02-20 05:57:00,15551.729999999903,15551.729999999903
2026-02-20 06:57:00,15551.729999999903,15551.729999999903
2026-02-20 07:57:00,15551.729999999903,15551.729999999903
2026-02-20 08:57:00,15551.729999999903,15551.729999999903
2026-02-20 09:57:00,15551.729999999903,15551.729999999903
2026-02-20 10:57:00,15551.729999999903,15551.729999999903
2026-02-20 11:57:00,15551.729999999903,15551.729999999903
2026-02-20 12:57:00,15551.729999999903,15551.729999999903
2026-02-20 13:57:00,15551.729999999903,15551.729999999903
2026-02-20 14:57:00,15551.729999999903,15551.729999999903
2026-02-20 15:57:00,15551.729999999903,15551.729999999903
2026-02-20 16:57:00,15551.729999999903,15551.729999999903
2026-02-20 17:57:00,15398.729999999905,15398.729999999905
2026-02-20 18:57:00,15398.729999999905,15398.729999999905
2026-02-20 19:57:00,15398.729999999905,15398.729999999905
2026-02-20 20:57:00,15398.729999999905,15398.729999999905
2026-02-20 21:57:00,15398.729999999905,15398.729999999905
2026-02-20 22:57:00,15398.729999999905,15398.729999999905
2026-02-20 23:57:00,15398.729999999905,15398.729999999905
2026-02-23 01:58:00,15398.729999999905,15398.729999999905
2026-02-23 02:58:00,15398.729999999905,15398.729999999905
2026-02-23 03:58:00,15398.729999999905,15398.729999999905
2026-02-23 04:58:00,15398.729999999905,15398.729999999905
2026-02-23 05:58:00,15398.729999999905,15398.729999999905
2026-02-23 06:58:00,15398.729999999905,15398.729999999905
2026-02-23 07:58:00,15398.729999999905,15398.729999999905
2026-02-23 08:58:00,15398.729999999905,15398.729999999905
2026-02-23 09:58:00,15398.729999999905,15398.729999999905
2026-02-23 10:58:00,15398.729999999905,15398.729999999905
2026-02-23 11:58:00,15398.729999999905,15398.729999999905
2026-02-23 12:58:00,15398.729999999905,15398.729999999905
2026-02-23 13:58:00,15398.729999999905,15398.729999999905
2026-02-23 14:58:00,15398.729999999905,15398.729999999905
2026-02-23 15:58:00,15398.729999999905,15398.729999999905
2026-02-23 16:58:00,15398.729999999905,15398.729999999905
2026-02-23 17:58:00,15398.729999999905,15398.729999999905
2026-02-23 18:58:00,15398.729999999905,15398.729999999905
2026-02-23 19:58:00,15397.749999999905,15553.8499999999
2026-02-23 20:58:00,15421.989999999903,15581.709999999908
2026-02-23 21:58:00,15421.989999999903,15657.549999999905
2026-02-23 22:58:00,15470.389999999905,15879.389999999901
2026-02-23 23:58:00,15487.119999999888,15803.319999999887
2026-02-24 01:59:00,15578.939999999888,15897.899999999887
2026-02-24 02:59:00,15578.939999999888,15803.01999999989
2026-02-24 03:59:00,15424.509999999886,15424.509999999886
2026-02-24 04:59:00,15424.509999999886,15424.509999999886
2026-02-24 05:59:00,15424.509999999886,15424.509999999886
2026-02-24 06:59:00,15424.509999999886,15424.509999999886
2026-02-24 07:59:00,15424.509999999886,15424.509999999886
2026-02-24 08:59:00,15424.509999999886,15424.509999999886
2026-02-24 09:59:00,15440.10999999988,15440.10999999988
2026-02-24 10:59:00,15440.10999999988,15440.10999999988
2026-02-24 11:59:00,15440.10999999988,15440.10999999988
2026-02-24 12:59:00,15440.10999999988,15440.10999999988
2026-02-24 13:59:00,15440.10999999988,15440.10999999988
2026-02-24 14:59:00,15440.10999999988,15440.10999999988
2026-02-24 15:59:00,15440.10999999988,15440.10999999988
2026-02-24 16:59:00,15440.10999999988,15440.10999999988
2026-02-24 17:59:00,15440.10999999988,15440.10999999988
2026-02-24 18:59:00,15440.10999999988,15440.10999999988
2026-02-24 19:59:00,15440.10999999988,15440.10999999988
2026-02-24 20:59:00,15440.10999999988,15440.10999999988
2026-02-24 21:59:00,15439.129999999881,15460.129999999881
2026-02-24 22:59:00,15495.109999999882,15590.869999999884
2026-02-25 01:00:00,15494.309999999887,15494.309999999887
2026-02-25 02:00:00,15337.709999999888,15337.709999999888
2026-02-25 03:00:00,15337.709999999888,15337.709999999888
2026-02-25 04:00:00,15337.709999999888,15337.709999999888
2026-02-25 05:00:00,15358.10999999989,15448.829999999889
2026-02-25 06:00:00,15358.10999999989,15414.509999999893
2026-02-25 07:00:00,15357.509999999893,15357.509999999893
2026-02-25 08:00:00,15357.509999999893,15357.509999999893
2026-02-25 09:00:00,15357.509999999893,15357.509999999893
2026-02-25 10:00:00,15357.509999999893,15357.509999999893
2026-02-25 11:00:00,15357.509999999893,15357.509999999893
2026-02-25 12:00:00,15357.509999999893,15357.509999999893
2026-02-25 13:00:00,15357.509999999893,15357.509999999893
2026-02-25 14:00:00,15357.509999999893,15357.509999999893
2026-02-25 15:00:00,15357.509999999893,15357.509999999893
2026-02-25 16:00:00,15357.509999999893,15357.509999999893
2026-02-25 17:00:00,15357.509999999893,15357.509999999893
2026-02-25 18:00:00,15357.509999999893,15357.509999999893
2026-02-25 19:00:00,15357.509999999893,15357.509999999893
2026-02-25 20:00:00,15420.989999999902,15489.739999999902
2026-02-25 21:00:00,15420.989999999902,15542.759999999898
2026-02-25 22:00:00,15507.639999999905,15568.299999999908
2026-02-25 23:00:00,15715.59999999991,15715.59999999991
2026-02-26 01:01:00,15715.59999999991,15715.59999999991
2026-02-26 02:01:00,15715.59999999991,15715.59999999991
2026-02-26 03:01:00,15715.59999999991,15715.59999999991
2026-02-26 04:01:00,15735.40999999991,15837.609999999913
2026-02-26 05:01:00,15734.709999999915,15734.709999999915
2026-02-26 06:01:00,15734.709999999915,15734.709999999915
2026-02-26 07:01:00,15734.709999999915,15734.709999999915
2026-02-26 08:01:00,15734.709999999915,15734.709999999915
2026-02-26 09:01:00,15734.709999999915,15734.709999999915
2026-02-26 10:01:00,15734.709999999915,15734.709999999915
2026-02-26 11:01:00,15734.709999999915,15734.709999999915
2026-02-26 12:01:00,15734.709999999915,15734.709999999915
2026-02-26 13:01:00,15734.709999999915,15734.709999999915
2026-02-26 14:01:00,15734.709999999915,15734.709999999915
2026-02-26 15:01:00,15734.709999999915,15734.709999999915
2026-02-26 16:01:00,15734.709999999915,15734.709999999915
2026-02-26 17:01:00,15734.709999999915,15734.709999999915
2026-02-26 18:01:00,15734.709999999915,15734.709999999915
2026-02-26 19:01:00,15734.709999999915,15734.709999999915
2026-02-26 20:01:00,15734.359999999915,15717.009999999915
2026-02-26 21:01:00,15734.359999999915,15790.059999999918
2026-02-26 22:01:00,15752.989999999914,15819.829999999914
2026-02-26 23:01:00,15752.989999999914,15852.349999999915
2026-02-27 01:02:00,15750.989999999914,15776.549999999916
2026-02-27 02:02:00,15750.989999999914,15787.989999999914
2026-02-27 03:02:00,15750.589999999918,15750.589999999918
2026-02-27 04:02:00,15601.429999999926,15601.429999999926
2026-02-27 05:02:00,15601.429999999926,15601.429999999926
2026-02-27 06:02:00,15601.429999999926,15601.429999999926
2026-02-27 07:02:00,15601.429999999926,15601.429999999926
2026-02-27 08:02:00,15601.429999999926,15601.429999999926
2026-02-27 09:02:00,15601.429999999926,15601.429999999926
2026-02-27 10:02:00,15601.429999999926,15601.429999999926
2026-02-27 11:02:00,15601.429999999926,15601.429999999926
2026-02-27 12:02:00,15601.429999999926,15601.429999999926
2026-02-27 13:02:00,15601.429999999926,15601.429999999926
2026-02-27 14:02:00,15601.429999999926,15601.429999999926
2026-02-27 15:02:00,15601.429999999926,15601.429999999926
2026-02-27 16:02:00,15601.429999999926,15601.429999999926
2026-02-27 17:02:00,15601.429999999926,15601.429999999926
2026-02-27 18:02:00,15601.429999999926,15601.429999999926
2026-02-27 19:02:00,15601.429999999926,15601.429999999926
2026-02-27 20:02:00,15601.429999999926,15601.429999999926
2026-02-27 21:02:00,15601.429999999926,15601.429999999926
2026-02-27 22:02:00,15601.429999999926,15601.429999999926
2026-02-27 23:02:00,15601.429999999926,15601.429999999926
2026-03-02 01:03:00,15601.429999999926,15601.429999999926
2026-03-02 02:03:00,15601.429999999926,15601.429999999926
2026-03-02 03:03:00,15601.149999999927,15500.409999999929
2026-03-02 04:03:00,15601.149999999927,15529.889999999928
2026-03-02 05:03:00,15601.149999999927,15645.929999999926
2026-03-02 06:03:00,15601.149999999927,15686.729999999929
2026-03-02 07:03:00,15601.149999999927,15640.289999999926
2026-03-02 08:03:00,15601.149999999927,15689.849999999928
2026-03-02 09:03:00,15601.149999999927,15786.489999999927
2026-03-02 10:03:00,15748.639999999927,15870.709999999926
2026-03-02 11:03:00,15748.639999999927,15856.429999999928
2026-03-02 12:03:00,15748.639999999927,15832.789999999926
2026-03-02 13:03:00,15748.639999999927,15842.169999999927
2026-03-02 14:03:00,15748.639999999927,15834.269999999928
2026-03-02 15:03:00,15748.639999999927,15862.509999999927
2026-03-02 16:03:00,15748.639999999927,15834.049999999927
2026-03-02 17:03:00,15748.439999999926,15748.439999999926
2026-03-02 18:03:00,15748.439999999926,15748.439999999926
2026-03-02 19:03:00,15748.439999999926,15748.439999999926
2026-03-02 20:03:00,15748.439999999926,15748.439999999926
2026-03-02 21:03:00,15748.439999999926,15748.439999999926
2026-03-02 22:03:00,15748.439999999926,15748.439999999926
2026-03-02 23:03:00,15748.439999999926,15748.439999999926
2026-03-03 01:04:00,15748.439999999926,15748.439999999926
2026-03-03 02:04:00,15748.439999999926,15748.439999999926
2026-03-03 03:04:00,15748.159999999925,15717.879999999926
2026-03-03 04:04:00,15768.309999999925,15791.289999999924
2026-03-03 05:04:00,15768.009999999924,15768.009999999924
2026-03-03 06:04:00,15768.009999999924,15768.009999999924
2026-03-03 07:04:00,15768.009999999924,15768.009999999924
2026-03-03 08:04:00,15768.009999999924,15768.009999999924
2026-03-03 09:04:00,15768.009999999924,15768.009999999924
2026-03-03 10:04:00,15768.009999999924,15768.009999999924
2026-03-03 11:04:00,15768.009999999924,15768.009999999924
2026-03-03 12:04:00,15768.009999999924,15768.009999999924
2026-03-03 13:04:00,15768.009999999924,15768.009999999924
2026-03-03 14:04:00,15768.009999999924,15768.009999999924
2026-03-03 15:04:00,15767.589999999924,15751.389999999925
2026-03-03 16:04:00,15628.929999999924,15628.929999999924
2026-03-03 17:04:00,15628.929999999924,15628.929999999924
2026-03-03 18:04:00,15497.729999999923,15497.729999999923
2026-03-03 19:04:00,15497.729999999923,15497.729999999923
2026-03-03 20:04:00,15497.729999999923,15497.729999999923
2026-03-03 21:04:00,15497.729999999923,15497.729999999923
2026-03-03 22:04:00,15497.729999999923,15497.729999999923
2026-03-03 23:04:00,15497.729999999923,15497.729999999923
2026-03-04 01:05:00,15497.729999999923,15497.729999999923
2026-03-04 02:05:00,15497.729999999923,15497.729999999923
2026-03-04 03:05:00,15497.729999999923,15497.729999999923
2026-03-04 04:05:00,15497.729999999923,15497.729999999923
2026-03-04 05:05:00,15497.729999999923,15497.729999999923
2026-03-04 06:05:00,15497.729999999923,15497.729999999923
2026-03-04 07:05:00,15497.729999999923,15497.729999999923
2026-03-04 08:05:00,15497.729999999923,15497.729999999923
2026-03-04 09:05:00,15497.729999999923,15497.729999999923
2026-03-04 10:05:00,15497.729999999923,15497.729999999923
2026-03-04 11:05:00,15497.729999999923,15497.729999999923
2026-03-04 12:05:00,15497.729999999923,15497.729999999923
2026-03-04 13:05:00,15497.729999999923,15497.729999999923
2026-03-04 14:05:00,15497.729999999923,15497.729999999923
2026-03-04 15:05:00,15497.729999999923,15497.729999999923
2026-03-04 16:05:00,15559.819999999921,15650.08999999992
2026-03-04 17:05:00,15558.919999999918,15558.919999999918
2026-03-04 18:05:00,15615.82999999992,15661.879999999921
2026-03-04 19:05:00,15615.82999999992,15688.229999999918
2026-03-04 20:05:00,15692.52999999992,15781.95999999992
2026-03-04 21:05:00,15692.52999999992,15790.92999999992
2026-03-04 22:05:00,15692.52999999992,15778.329999999922
2026-03-04 23:05:00,15692.52999999992,15763.17999999992
2026-03-05 01:06:00,15692.979999999921,15725.409999999922
2026-03-05 02:06:00,15692.679999999924,15692.679999999924
2026-03-05 03:06:00,15692.679999999924,15692.679999999924
2026-03-05 04:06:00,15692.679999999924,15692.679999999924
2026-03-05 05:06:00,15692.679999999924,15692.679999999924
2026-03-05 06:06:00,15692.679999999924,15692.679999999924
2026-03-05 07:06:00,15692.679999999924,15692.679999999924
2026-03-05 08:06:00,15692.679999999924,15692.679999999924
2026-03-05 09:06:00,15692.679999999924,15692.679999999924
2026-03-05 10:06:00,15692.679999999924,15692.679999999924
2026-03-05 11:06:00,15692.679999999924,15692.679999999924
2026-03-05 12:06:00,15692.679999999924,15692.679999999924
2026-03-05 13:06:00,15692.679999999924,15692.679999999924
2026-03-05 14:06:00,15692.679999999924,15692.679999999924
2026-03-05 15:06:00,15709.859999999917,15709.859999999917
2026-03-05 16:06:00,15709.859999999917,15709.859999999917
2026-03-05 17:06:00,15709.859999999917,15709.859999999917
2026-03-05 18:06:00,15709.859999999917,15709.859999999917
2026-03-05 19:06:00,15709.859999999917,15709.859999999917
2026-03-05 20:06:00,15709.859999999917,15709.859999999917
2026-03-05 21:06:00,15709.859999999917,15709.859999999917
2026-03-05 22:06:00,15709.859999999917,15709.859999999917
2026-03-05 23:06:00,15709.859999999917,15709.859999999917
2026-03-06 01:07:00,15709.859999999917,15709.859999999917
2026-03-06 02:07:00,15709.859999999917,15709.859999999917
2026-03-06 03:07:00,15709.859999999917,15709.859999999917
2026-03-06 04:07:00,15709.859999999917,15709.859999999917
2026-03-06 05:07:00,15709.859999999917,15709.859999999917
2026-03-06 06:07:00,15709.859999999917,15709.859999999917
2026-03-06 07:07:00,15709.859999999917,15709.859999999917
2026-03-06 08:07:00,15559.57999999992,15559.57999999992
2026-03-06 09:07:00,15559.57999999992,15559.57999999992
2026-03-06 10:07:00,15644.809999999927,15712.009999999931
2026-03-06 11:07:00,15644.20999999993,15644.20999999993
2026-03-06 12:07:00,15644.20999999993,15644.20999999993
2026-03-06 13:07:00,15644.20999999993,15644.20999999993
2026-03-06 14:07:00,15644.20999999993,15644.20999999993
2026-03-06 15:07:00,15644.20999999993,15644.20999999993
2026-03-06 16:07:00,15644.20999999993,15644.20999999993
2026-03-06 17:07:00,15644.20999999993,15644.20999999993
2026-03-06 18:07:00,15644.20999999993,15644.20999999993
2026-03-06 19:07:00,15660.77999999993,15670.77999999993
2026-03-06 20:07:00,15660.77999999993,15725.019999999931
2026-03-06 21:07:00,15694.61999999993,15810.959999999932
2026-03-06 22:07:00,15694.61999999993,15793.949999999932
2026-03-06 23:07:00,15694.61999999993,15809.27999999993
2026-03-09 00:08:00,15761.099999999931,15761.099999999931
2026-03-09 01:08:00,15761.099999999931,15761.099999999931
2026-03-09 02:08:00,15761.099999999931,15761.099999999931
2026-03-09 03:08:00,15761.099999999931,15761.099999999931
2026-03-09 04:08:00,15761.099999999931,15761.099999999931
2026-03-09 05:08:00,15761.099999999931,15761.099999999931
2026-03-09 06:08:00,15761.099999999931,15761.099999999931
2026-03-09 07:08:00,15761.099999999931,15761.099999999931
2026-03-09 08:08:00,15761.099999999931,15761.099999999931
2026-03-09 09:08:00,15761.099999999931,15761.099999999931
2026-03-09 10:08:00,15761.099999999931,15761.099999999931
2026-03-09 11:08:00,15761.099999999931,15761.099999999931
2026-03-09 12:08:00,15761.099999999931,15761.099999999931
2026-03-09 13:08:00,15761.099999999931,15761.099999999931
2026-03-09 14:08:00,15761.099999999931,15761.099999999931
2026-03-09 15:08:00,15761.099999999931,15761.099999999931
2026-03-09 16:08:00,15761.099999999931,15761.099999999931
2026-03-09 17:08:00,15761.099999999931,15761.099999999931
2026-03-09 18:08:00,15761.099999999931,15761.099999999931
2026-03-09 19:08:00,15761.099999999931,15761.099999999931
2026-03-09 20:08:00,15761.099999999931,15761.099999999931
2026-03-09 21:08:00,15761.099999999931,15761.099999999931
2026-03-09 22:08:00,15761.099999999931,15761.099999999931
2026-03-10 00:09:00,15761.099999999931,15761.099999999931
2026-03-10 01:09:00,15761.099999999931,15761.099999999931
2026-03-10 02:09:00,15761.099999999931,15761.099999999931
2026-03-10 03:09:00,15761.099999999931,15761.099999999931
2026-03-10 04:09:00,15761.099999999931,15761.099999999931
2026-03-10 05:09:00,15761.099999999931,15761.099999999931
2026-03-10 06:09:00,15758.859999999931,15745.099999999922
2026-03-10 07:09:00,15923.179999999924,15998.779999999922
2026-03-10 08:09:00,15923.179999999924,16064.059999999921
2026-03-10 09:09:00,15923.179999999924,16040.779999999922
2026-03-10 10:09:00,16110.939999999919,16110.939999999919
2026-03-10 11:09:00,16110.939999999919,16110.939999999919
2026-03-10 12:09:00,16110.939999999919,16110.939999999919
2026-03-10 13:09:00,16110.939999999919,16110.939999999919
2026-03-10 14:09:00,16110.939999999919,16110.939999999919
2026-03-10 15:09:00,16110.939999999919,16110.939999999919
2026-03-10 16:09:00,16110.939999999919,16110.939999999919
2026-03-10 17:09:00,16110.939999999919,16110.939999999919
2026-03-10 18:09:00,16110.939999999919,16110.939999999919
2026-03-10 19:09:00,16110.939999999919,16110.939999999919
2026-03-10 20:09:00,16110.939999999919,16110.939999999919
2026-03-10 21:09:00,16110.939999999919,16110.939999999919
2026-03-10 22:09:00,16110.939999999919,16110.939999999919
2026-03-11 00:10:00,16110.939999999919,16110.939999999919
2026-03-11 01:10:00,16110.939999999919,16110.939999999919
2026-03-11 02:10:00,16110.939999999919,16110.939999999919
2026-03-11 03:10:00,16110.939999999919,16110.939999999919
2026-03-11 04:10:00,16109.749999999918,16040.559999999923
2026-03-11 05:10:00,16176.429999999922,16274.889999999927
2026-03-11 06:10:00,16175.529999999926,16175.529999999926
2026-03-11 07:10:00,16175.529999999926,16175.529999999926
2026-03-11 08:10:00,16175.529999999926,16175.529999999926
2026-03-11 09:10:00,16175.529999999926,16175.529999999926
2026-03-11 10:10:00,16175.529999999926,16175.529999999926
2026-03-11 11:10:00,16175.529999999926,16175.529999999926
2026-03-11 12:10:00,16175.529999999926,16175.529999999926
2026-03-11 13:10:00,16175.529999999926,16175.529999999926
2026-03-11 14:10:00,16175.529999999926,16175.529999999926
2026-03-11 15:10:00,16175.529999999926,16175.529999999926
2026-03-11 16:10:00,16175.529999999926,16175.529999999926
2026-03-11 17:10:00,16175.529999999926,16175.529999999926
2026-03-11 18:10:00,16175.529999999926,16175.529999999926
2026-03-11 19:10:00,16175.529999999926,16175.529999999926
2026-03-11 20:10:00,16249.879999999923,16486.209999999926
2026-03-11 21:10:00,16291.429999999924,16513.90999999993
2026-03-11 22:10:00,16291.429999999924,16591.089999999927
2026-03-12 00:11:00,16282.929999999924,16484.669999999925
2026-03-12 01:11:00,16281.229999999923,16281.229999999923
2026-03-12 02:11:00,16281.229999999923,16281.229999999923
2026-03-12 03:11:00,16281.229999999923,16281.229999999923
2026-03-12 04:11:00,16281.229999999923,16281.229999999923
2026-03-12 05:11:00,16281.229999999923,16281.229999999923
2026-03-12 06:11:00,16281.229999999923,16281.229999999923
2026-03-12 07:11:00,16281.229999999923,16281.229999999923
2026-03-12 08:11:00,16281.229999999923,16281.229999999923
2026-03-12 09:11:00,16281.229999999923,16281.229999999923
2026-03-12 10:11:00,16281.229999999923,16281.229999999923
2026-03-12 11:11:00,16281.229999999923,16281.229999999923
2026-03-12 12:11:00,16281.229999999923,16281.229999999923
2026-03-12 13:11:00,16281.229999999923,16281.229999999923
2026-03-12 14:11:00,16281.229999999923,16281.229999999923
2026-03-12 15:11:00,16281.229999999923,16281.229999999923
2026-03-12 16:11:00,16281.229999999923,16281.229999999923
2026-03-12 17:11:00,16281.229999999923,16281.229999999923
2026-03-12 18:11:00,16281.229999999923,16281.229999999923
2026-03-12 19:11:00,16281.229999999923,16281.229999999923
2026-03-12 20:11:00,16281.229999999923,16281.229999999923
2026-03-12 21:11:00,16281.229999999923,16281.229999999923
2026-03-12 22:11:00,16281.229999999923,16281.229999999923
2026-03-13 00:12:00,16281.229999999923,16281.229999999923
2026-03-13 01:12:00,16281.229999999923,16281.229999999923
2026-03-13 02:12:00,16281.229999999923,16281.229999999923
2026-03-13 03:12:00,16281.229999999923,16281.229999999923
2026-03-13 04:12:00,16281.229999999923,16281.229999999923
2026-03-13 05:12:00,16123.299999999934,16123.299999999934
2026-03-13 06:12:00,16123.299999999934,16123.299999999934
2026-03-13 07:12:00,16123.299999999934,16123.299999999934
2026-03-13 08:12:00,16123.299999999934,16123.299999999934
2026-03-13 09:12:00,16123.299999999934,16123.299999999934
2026-03-13 10:12:00,16123.299999999934,16123.299999999934
2026-03-13 11:12:00,16123.299999999934,16123.299999999934
2026-03-13 12:12:00,16123.299999999934,16123.299999999934
2026-03-13 13:12:00,16123.299999999934,16123.299999999934
2026-03-13 14:12:00,16123.299999999934,16123.299999999934
2026-03-13 15:12:00,16123.299999999934,16123.299999999934
2026-03-13 16:12:00,16123.299999999934,16123.299999999934
2026-03-13 17:12:00,16122.739999999932,16287.61999999993
2026-03-13 18:12:00,16163.739999999929,16163.739999999929
2026-03-13 19:12:00,16163.739999999929,16163.739999999929
2026-03-13 20:12:00,16163.739999999929,16163.739999999929
2026-03-13 21:12:00,16163.739999999929,16163.739999999929
2026-03-13 22:12:00,16163.739999999929,16163.739999999929
2026-03-16 00:13:00,16163.739999999929,16163.739999999929
2026-03-16 01:13:00,16163.739999999929,16163.739999999929
2026-03-16 02:13:00,16163.739999999929,16163.739999999929
2026-03-16 03:13:00,16163.739999999929,16163.739999999929
2026-03-16 04:13:00,16163.739999999929,16163.739999999929
2026-03-16 05:13:00,16163.739999999929,16163.739999999929
2026-03-16 06:13:00,16163.739999999929,16163.739999999929
2026-03-16 07:13:00,16163.739999999929,16163.739999999929
2026-03-16 08:13:00,16163.739999999929,16163.739999999929
2026-03-16 09:13:00,16162.409999999929,16159.939999999926
2026-03-16 10:13:00,16002.619999999932,16002.619999999932
2026-03-16 11:13:00,16002.619999999932,16002.619999999932
2026-03-16 12:13:00,16002.619999999932,16002.619999999932
2026-03-16 13:13:00,16002.619999999932,16002.619999999932
2026-03-16 14:13:00,16002.619999999932,16002.619999999932
2026-03-16 15:13:00,16002.619999999932,16002.619999999932
2026-03-16 16:13:00,16002.619999999932,16002.619999999932
2026-03-16 17:13:00,16002.619999999932,16002.619999999932
2026-03-16 18:13:00,16002.619999999932,16002.619999999932
2026-03-16 19:13:00,16002.619999999932,16002.619999999932
2026-03-16 20:13:00,16002.619999999932,16002.619999999932
2026-03-16 21:13:00,16002.619999999932,16002.619999999932
2026-03-16 22:13:00,16002.619999999932,16002.619999999932
2026-03-17 00:14:00,16002.619999999932,16002.619999999932
2026-03-17 01:14:00,16002.619999999932,16002.619999999932
2026-03-17 02:14:00,16002.619999999932,16002.619999999932
2026-03-17 03:14:00,16002.619999999932,16002.619999999932
2026-03-17 04:14:00,16002.619999999932,16002.619999999932
2026-03-17 05:14:00,16002.619999999932,16002.619999999932
2026-03-17 06:14:00,16002.619999999932,16002.619999999932
2026-03-17 07:14:00,16002.619999999932,16002.619999999932
2026-03-17 08:14:00,16366.029999999939,16366.029999999939
2026-03-17 09:14:00,16366.029999999939,16366.029999999939
2026-03-17 10:14:00,16366.029999999939,16366.029999999939
2026-03-17 11:14:00,16366.029999999939,16366.029999999939
2026-03-17 12:14:00,16366.029999999939,16366.029999999939
2026-03-17 13:14:00,16366.029999999939,16366.029999999939
2026-03-17 14:14:00,16366.029999999939,16366.029999999939
2026-03-17 15:14:00,16366.029999999939,16366.029999999939
2026-03-17 16:14:00,16366.029999999939,16366.029999999939
2026-03-17 17:14:00,16366.029999999939,16366.029999999939
2026-03-17 18:14:00,16366.029999999939,16366.029999999939
2026-03-17 19:14:00,16366.029999999939,16366.029999999939
2026-03-17 20:14:00,16366.029999999939,16366.029999999939
2026-03-17 21:14:00,16366.029999999939,16366.029999999939
2026-03-17 22:14:00,16366.029999999939,16366.029999999939
2026-03-18 00:15:00,16366.029999999939,16366.029999999939
2026-03-18 01:15:00,16366.029999999939,16366.029999999939
2026-03-18 02:15:00,16366.029999999939,16366.029999999939
2026-03-18 03:15:00,16366.029999999939,16366.029999999939
2026-03-18 04:15:00,16366.029999999939,16366.029999999939
2026-03-18 05:15:00,16366.029999999939,16366.029999999939
2026-03-18 06:15:00,16366.029999999939,16366.029999999939
2026-03-18 07:15:00,16366.029999999939,16366.029999999939
2026-03-18 08:15:00,16366.029999999939,16366.029999999939
2026-03-18 09:15:00,16366.029999999939,16366.029999999939
2026-03-18 10:15:00,16366.029999999939,16366.029999999939
2026-03-18 11:15:00,16366.029999999939,16366.029999999939
2026-03-18 12:15:00,16437.879999999943,16461.07999999995
2026-03-18 13:15:00,16436.87999999995,16436.87999999995
2026-03-18 14:15:00,16436.87999999995,16436.87999999995
2026-03-18 15:15:00,16436.87999999995,16436.87999999995
2026-03-18 16:15:00,16436.87999999995,16436.87999999995
2026-03-18 17:15:00,16436.87999999995,16436.87999999995
2026-03-18 18:15:00,16436.87999999995,16436.87999999995
2026-03-18 19:15:00,16436.87999999995,16436.87999999995
2026-03-18 20:15:00,16436.87999999995,16436.87999999995
2026-03-18 21:15:00,16436.87999999995,16436.87999999995
2026-03-18 22:15:00,16436.87999999995,16436.87999999995
2026-03-19 00:16:00,16436.87999999995,16436.87999999995
2026-03-19 01:16:00,16436.87999999995,16436.87999999995
2026-03-19 02:16:00,16436.87999999995,16436.87999999995
2026-03-19 03:16:00,16436.87999999995,16436.87999999995
2026-03-19 04:16:00,16436.87999999995,16436.87999999995
2026-03-19 05:16:00,16436.87999999995,16436.87999999995
2026-03-19 06:16:00,16436.87999999995,16436.87999999995
2026-03-19 07:16:00,16436.87999999995,16436.87999999995
2026-03-19 08:16:00,16436.87999999995,16436.87999999995
2026-03-19 09:16:00,16436.87999999995,16436.87999999995
2026-03-19 10:16:00,16436.87999999995,16436.87999999995
2026-03-19 11:16:00,16436.87999999995,16436.87999999995
2026-03-19 12:16:00,16436.87999999995,16436.87999999995
2026-03-19 13:16:00,16436.87999999995,16436.87999999995
2026-03-19 14:16:00,16436.87999999995,16436.87999999995
2026-03-19 15:16:00,16436.87999999995,16436.87999999995
2026-03-19 16:16:00,16436.87999999995,16436.87999999995
2026-03-19 17:16:00,16436.87999999995,16436.87999999995
2026-03-19 18:16:00,16436.87999999995,16436.87999999995
2026-03-19 19:16:00,16436.87999999995,16436.87999999995
2026-03-19 20:16:00,16436.87999999995,16436.87999999995
2026-03-19 21:16:00,16436.87999999995,16436.87999999995
2026-03-19 22:16:00,16436.87999999995,16436.87999999995
2026-03-20 00:17:00,16436.87999999995,16436.87999999995
2026-03-20 01:17:00,16436.87999999995,16436.87999999995
2026-03-20 02:17:00,16436.24999999995,16341.479999999952
2026-03-20 03:17:00,16456.44999999995,16456.44999999995
2026-03-20 04:17:00,16456.44999999995,16456.44999999995
2026-03-20 05:17:00,16456.44999999995,16456.44999999995
2026-03-20 06:17:00,16456.44999999995,16456.44999999995
2026-03-20 07:17:00,16494.00999999995,16638.30999999996
2026-03-20 08:17:00,16534.209999999963,16534.209999999963
2026-03-20 09:17:00,16534.209999999963,16534.209999999963
2026-03-20 10:17:00,16534.209999999963,16534.209999999963
2026-03-20 11:17:00,16534.209999999963,16534.209999999963
2026-03-20 12:17:00,16534.209999999963,16534.209999999963
2026-03-20 13:17:00,16534.209999999963,16534.209999999963
2026-03-20 14:17:00,16534.209999999963,16534.209999999963
2026-03-20 15:17:00,16534.209999999963,16534.209999999963
2026-03-20 16:17:00,16534.209999999963,16534.209999999963
2026-03-20 17:17:00,16534.209999999963,16534.209999999963
2026-03-20 18:17:00,16534.209999999963,16534.209999999963
2026-03-20 19:17:00,16534.209999999963,16534.209999999963
2026-03-20 20:17:00,16534.209999999963,16534.209999999963
2026-03-20 21:17:00,16534.209999999963,16534.209999999963
2026-03-20 22:17:00,16534.209999999963,16534.209999999963
2026-03-23 00:18:00,16534.209999999963,16534.209999999963
2026-03-23 01:18:00,16534.209999999963,16534.209999999963
2026-03-23 02:18:00,16534.209999999963,16534.209999999963
2026-03-23 03:18:00,16534.209999999963,16534.209999999963
2026-03-23 04:18:00,16534.209999999963,16534.209999999963
2026-03-23 05:18:00,16534.209999999963,16534.209999999963
2026-03-23 06:18:00,16534.209999999963,16534.209999999963
2026-03-23 07:18:00,16534.209999999963,16534.209999999963
2026-03-23 08:18:00,16534.209999999963,16534.209999999963
2026-03-23 09:18:00,16534.209999999963,16534.209999999963
2026-03-23 10:18:00,16534.209999999963,16534.209999999963
2026-03-23 11:18:00,16533.789999999964,16540.929999999968
2026-03-23 12:18:00,16635.979999999967,16672.009999999966
2026-03-23 13:18:00,16635.679999999968,16635.679999999968
2026-03-23 14:18:00,16635.679999999968,16635.679999999968
2026-03-23 15:18:00,16635.679999999968,16635.679999999968
2026-03-23 16:18:00,16635.679999999968,16635.679999999968
2026-03-23 17:18:00,16635.679999999968,16635.679999999968
2026-03-23 18:18:00,16635.679999999968,16635.679999999968
2026-03-23 19:18:00,16635.679999999968,16635.679999999968
2026-03-23 20:18:00,16635.679999999968,16635.679999999968
2026-03-23 21:18:00,16635.679999999968,16635.679999999968
2026-03-23 22:18:00,16635.679999999968,16635.679999999968
2026-03-24 00:19:00,16635.679999999968,16635.679999999968
2026-03-24 01:19:00,16635.679999999968,16635.679999999968
2026-03-24 02:19:00,16635.679999999968,16635.679999999968
2026-03-24 03:19:00,16635.679999999968,16635.679999999968
2026-03-24 04:19:00,16635.679999999968,16635.679999999968
2026-03-24 05:19:00,16635.679999999968,16635.679999999968
2026-03-24 06:19:00,16635.119999999966,16612.55999999997
2026-03-24 07:19:00,16658.959999999977,16658.959999999977
2026-03-24 08:19:00,16658.959999999977,16658.959999999977
2026-03-24 09:19:00,16658.959999999977,16658.959999999977
2026-03-24 10:19:00,16658.959999999977,16658.959999999977
2026-03-24 11:19:00,16658.959999999977,16658.959999999977
2026-03-24 12:19:00,16658.959999999977,16658.959999999977
2026-03-24 13:19:00,16658.959999999977,16658.959999999977
2026-03-24 14:19:00,16658.959999999977,16658.959999999977
2026-03-24 15:19:00,16658.959999999977,16658.959999999977
2026-03-24 16:19:00,16658.959999999977,16658.959999999977
2026-03-24 17:19:00,16658.959999999977,16658.959999999977
2026-03-24 18:19:00,16658.959999999977,16658.959999999977
2026-03-24 19:19:00,16658.959999999977,16658.959999999977
2026-03-24 20:19:00,16733.729999999978,16972.15999999997
2026-03-24 21:19:00,16843.999999999978,17091.529999999973
2026-03-24 22:19:00,16843.999999999978,17105.689999999977
2026-03-25 00:20:00,17141.579999999976,17561.779999999973
2026-03-25 01:20:00,17577.219999999976,17577.219999999976
2026-03-25 02:20:00,17577.219999999976,17577.219999999976
2026-03-25 03:20:00,17754.21999999998,17900.43999999998
2026-03-25 04:20:00,17958.399999999983,17958.399999999983
2026-03-25 05:20:00,17958.399999999983,17958.399999999983
2026-03-25 06:20:00,17958.399999999983,17958.399999999983
2026-03-25 07:20:00,17958.399999999983,17958.399999999983
2026-03-25 08:20:00,17781.59999999999,17781.59999999999
2026-03-25 09:20:00,17781.59999999999,17781.59999999999
2026-03-25 10:20:00,17781.59999999999,17781.59999999999
2026-03-25 11:20:00,17781.59999999999,17781.59999999999
2026-03-25 12:20:00,17858.83999999999,17954.15999999999
2026-03-25 13:20:00,17858.83999999999,18005.19999999999
2026-03-25 14:20:00,17962.55999999999,18030.83999999999
2026-03-25 15:20:00,17801.49999999999,17801.49999999999
2026-03-25 16:20:00,17801.49999999999,17801.49999999999
2026-03-25 17:20:00,17801.49999999999,17801.49999999999
2026-03-25 18:20:00,17801.49999999999,17801.49999999999
2026-03-25 19:20:00,17801.49999999999,17801.49999999999
2026-03-25 20:20:00,17801.49999999999,17801.49999999999
2026-03-25 21:20:00,17801.49999999999,17801.49999999999
2026-03-25 22:20:00,17801.49999999999,17801.49999999999
2026-03-26 00:21:00,17801.49999999999,17801.49999999999
2026-03-26 01:21:00,17801.49999999999,17801.49999999999
2026-03-26 02:21:00,17801.49999999999,17801.49999999999
2026-03-26 03:21:00,17801.49999999999,17801.49999999999
2026-03-26 04:21:00,17801.49999999999,17801.49999999999
2026-03-26 05:21:00,17801.49999999999,17801.49999999999
2026-03-26 06:21:00,17801.49999999999,17801.49999999999
2026-03-26 07:21:00,17801.49999999999,17801.49999999999
2026-03-26 08:21:00,17801.21999999999,17736.259999999987
2026-03-26 09:21:00,17801.21999999999,17792.97999999999
2026-03-26 10:21:00,17801.21999999999,17787.099999999988
2026-03-26 11:21:00,17801.21999999999,17741.419999999987
2026-03-26 12:21:00,17801.21999999999,17760.49999999999
2026-03-26 13:21:00,17801.21999999999,17805.259999999987
2026-03-26 14:21:00,17801.21999999999,17760.89999999999
2026-03-26 15:21:00,17801.21999999999,17787.01999999999
2026-03-26 16:21:00,17801.21999999999,17822.49999999999
2026-03-26 17:21:00,17825.229999999996,17825.229999999996
2026-03-26 18:21:00,17825.229999999996,17825.229999999996
2026-03-26 19:21:00,17825.229999999996,17825.229999999996
2026-03-26 20:21:00,17825.229999999996,17825.229999999996
2026-03-26 21:21:00,17825.229999999996,17825.229999999996
2026-03-26 22:21:00,17825.229999999996,17825.229999999996
2026-03-27 00:22:00,17825.229999999996,17825.229999999996
2026-03-27 01:22:00,17825.229999999996,17825.229999999996
2026-03-27 02:22:00,17825.229999999996,17825.229999999996
2026-03-27 03:22:00,17825.229999999996,17825.229999999996
2026-03-27 04:22:00,17825.229999999996,17825.229999999996
2026-03-27 05:22:00,17825.229999999996,17825.229999999996
2026-03-27 06:22:00,17825.229999999996,17825.229999999996
2026-03-27 07:22:00,17825.229999999996,17825.229999999996
2026-03-27 08:22:00,17825.229999999996,17825.229999999996
2026-03-27 09:22:00,17825.229999999996,17825.229999999996
2026-03-27 10:22:00,17825.229999999996,17825.229999999996
2026-03-27 11:22:00,17825.229999999996,17825.229999999996
2026-03-27 12:22:00,17825.229999999996,17825.229999999996
2026-03-27 13:22:00,17825.229999999996,17825.229999999996
2026-03-27 14:22:00,17825.229999999996,17825.229999999996
2026-03-27 15:22:00,17825.229999999996,17825.229999999996
2026-03-27 16:22:00,17825.229999999996,17825.229999999996
2026-03-27 17:22:00,17825.229999999996,17825.229999999996
2026-03-27 18:22:00,17825.229999999996,17825.229999999996
2026-03-27 19:22:00,17824.53,17778.930000000004
2026-03-27 20:22:00,17824.53,17879.429999999997
2026-03-27 21:22:00,17862.57,18024.489999999998
2026-03-27 22:22:00,17861.770000000008,17861.770000000008
2026-03-30 01:23:00,17861.770000000008,17861.770000000008
2026-03-30 02:23:00,17861.770000000008,17861.770000000008
2026-03-30 03:23:00,17860.790000000008,17881.23000000001
2026-03-30 04:23:00,18011.880000000012,18011.880000000012
2026-03-30 05:23:00,18011.880000000012,18011.880000000012
2026-03-30 06:23:00,18011.880000000012,18011.880000000012
2026-03-30 07:23:00,18011.880000000012,18011.880000000012
2026-03-30 08:23:00,18011.880000000012,18011.880000000012
2026-03-30 09:23:00,18011.880000000012,18011.880000000012
2026-03-30 10:23:00,18011.880000000012,18011.880000000012
2026-03-30 11:23:00,18011.880000000012,18011.880000000012
2026-03-30 12:23:00,18011.880000000012,18011.880000000012
2026-03-30 13:23:00,18011.880000000012,18011.880000000012
2026-03-30 14:23:00,18011.880000000012,18011.880000000012
2026-03-30 15:23:00,18011.880000000012,18011.880000000012
2026-03-30 16:23:00,18011.880000000012,18011.880000000012
2026-03-30 17:23:00,18011.880000000012,18011.880000000012
2026-03-30 18:23:00,18011.880000000012,18011.880000000012
2026-03-30 19:23:00,18011.880000000012,18011.880000000012
2026-03-30 20:23:00,18011.880000000012,18011.880000000012
2026-03-30 21:23:00,18011.880000000012,18011.880000000012
2026-03-30 22:23:00,18011.880000000012,18011.880000000012
2026-03-30 23:23:00,18011.880000000012,18011.880000000012
2026-03-31 01:24:00,18011.880000000012,18011.880000000012
2026-03-31 02:24:00,18011.880000000012,18011.880000000012
2026-03-31 03:24:00,18011.880000000012,18011.880000000012
2026-03-31 04:24:00,18011.880000000012,18011.880000000012
2026-03-31 05:24:00,18011.880000000012,18011.880000000012
2026-03-31 06:24:00,18010.830000000013,17820.180000000015
2026-03-31 07:24:00,17847.030000000013,17795.640000000014
2026-03-31 08:24:00,17847.030000000013,17833.08000000002
2026-03-31 09:24:00,17869.850000000017,17869.850000000017
2026-03-31 10:24:00,17893.380000000016,17947.78000000001
2026-03-31 11:24:00,18043.330000000016,18168.970000000016
2026-03-31 12:24:00,18043.330000000016,18162.790000000015
2026-03-31 13:24:00,18043.330000000016,18109.750000000015
2026-03-31 14:24:00,18042.730000000014,18042.730000000014
2026-03-31 15:24:00,18042.730000000014,18042.730000000014
2026-03-31 16:24:00,18042.730000000014,18042.730000000014
2026-03-31 17:24:00,18042.730000000014,18042.730000000014
2026-03-31 18:24:00,18042.730000000014,18042.730000000014
2026-03-31 19:24:00,18042.730000000014,18042.730000000014
2026-03-31 20:24:00,18042.730000000014,18042.730000000014
2026-03-31 21:24:00,18042.730000000014,18042.730000000014
2026-03-31 22:24:00,18042.730000000014,18042.730000000014
2026-03-31 23:24:00,18042.730000000014,18042.730000000014
2026-04-01 01:25:00,18042.730000000014,18042.730000000014
2026-04-01 02:25:00,18042.730000000014,18042.730000000014
2026-04-01 03:25:00,18042.730000000014,18042.730000000014
2026-04-01 04:25:00,18042.730000000014,18042.730000000014
2026-04-01 05:25:00,18042.730000000014,18042.730000000014
2026-04-01 06:25:00,18042.730000000014,18042.730000000014
2026-04-01 07:25:00,18042.730000000014,18042.730000000014
2026-04-01 08:25:00,18042.730000000014,18042.730000000014
2026-04-01 09:25:00,18042.730000000014,18042.730000000014
2026-04-01 10:25:00,18064.490000000013,18064.490000000013
2026-04-01 11:25:00,18064.490000000013,18064.490000000013
2026-04-01 12:25:00,18064.490000000013,18064.490000000013
2026-04-01 13:25:00,18064.490000000013,18064.490000000013
2026-04-01 14:25:00,18064.490000000013,18064.490000000013
2026-04-01 15:25:00,18064.490000000013,18064.490000000013
2026-04-01 16:25:00,18064.490000000013,18064.490000000013
2026-04-01 17:25:00,18064.490000000013,18064.490000000013
2026-04-01 18:25:00,18064.490000000013,18064.490000000013
2026-04-01 19:25:00,18064.210000000014,18089.09000000001
2026-04-01 20:25:00,18064.210000000014,18052.77000000001
2026-04-01 21:25:00,18089.780000000013,18168.560000000012
2026-04-01 22:25:00,18089.780000000013,18151.61000000001
2026-04-01 23:25:00,18089.780000000013,18148.040000000015
2026-04-02 01:26:00,18090.230000000014,18127.820000000014
2026-04-02 02:26:00,18089.930000000015,18089.930000000015
2026-04-02 03:26:00,17906.180000000008,17906.180000000008
2026-04-02 04:26:00,17906.180000000008,17906.180000000008
2026-04-02 05:26:00,17906.180000000008,17906.180000000008
2026-04-02 06:26:00,17906.180000000008,17906.180000000008
2026-04-02 07:26:00,17906.180000000008,17906.180000000008
2026-04-02 08:26:00,17906.180000000008,17906.180000000008
2026-04-02 09:26:00,17906.180000000008,17906.180000000008
2026-04-02 10:26:00,17906.180000000008,17906.180000000008
2026-04-02 11:26:00,17906.180000000008,17906.180000000008
2026-04-02 12:26:00,17906.180000000008,17906.180000000008
2026-04-02 13:26:00,17906.180000000008,17906.180000000008
2026-04-02 14:26:00,17906.180000000008,17906.180000000008
2026-04-02 15:26:00,17906.180000000008,17906.180000000008
2026-04-02 16:26:00,17906.180000000008,17906.180000000008
2026-04-02 17:26:00,17906.180000000008,17906.180000000008
2026-04-02 18:26:00,17906.180000000008,17906.180000000008
2026-04-02 19:26:00,17906.180000000008,17906.180000000008
2026-04-02 20:26:00,17906.180000000008,17906.180000000008
2026-04-02 21:26:00,17906.180000000008,17906.180000000008
2026-04-02 22:26:00,17906.180000000008,17906.180000000008
2026-04-02 23:26:00,17906.180000000008,17906.180000000008
2026-04-06 01:27:00,17905.90000000001,17944.140000000007
2026-04-06 02:27:00,17990.510000000006,17990.510000000006
2026-04-06 03:27:00,17990.510000000006,17990.510000000006
2026-04-06 04:27:00,17990.510000000006,17990.510000000006
2026-04-06 05:27:00,17990.510000000006,17990.510000000006
2026-04-06 06:27:00,17990.510000000006,17990.510000000006
2026-04-06 07:27:00,17990.510000000006,17990.510000000006
2026-04-06 08:27:00,17990.510000000006,17990.510000000006
2026-04-06 09:27:00,17990.510000000006,17990.510000000006
2026-04-06 10:27:00,18054.799999999996,18054.799999999996
2026-04-06 11:27:00,18054.799999999996,18054.799999999996
2026-04-06 12:27:00,18054.799999999996,18054.799999999996
2026-04-06 13:27:00,18054.659999999996,18087.139999999996
2026-04-06 14:27:00,18054.659999999996,18083.879999999997
2026-04-06 15:27:00,18054.659999999996,18130.439999999995
2026-04-06 16:27:00,18054.659999999996,18118.079999999994
2026-04-06 17:27:00,18054.659999999996,18091.499999999993
2026-04-06 18:27:00,18054.659999999996,18128.739999999994
2026-04-06 19:27:00,18054.659999999996,18127.999999999993
2026-04-06 20:27:00,18054.659999999996,18144.099999999995
2026-04-06 21:27:00,18054.659999999996,18135.139999999992
2026-04-06 22:27:00,18054.659999999996,18164.1
2026-04-06 23:27:00,18054.659999999996,18148.239999999998
2026-04-07 01:28:00,18054.959999999995,18141.019999999993
2026-04-07 02:28:00,18054.959999999995,18151.599999999995
2026-04-07 03:28:00,18054.959999999995,18145.759999999995
2026-04-07 04:28:00,18054.959999999995,18157.219999999994
2026-04-07 05:28:00,18140.599999999995,18211.089999999993
2026-04-07 06:28:00,18140.599999999995,18200.969999999994
2026-04-07 07:28:00,18140.599999999995,18194.529999999995
2026-04-07 08:28:00,18140.599999999995,18212.109999999993
2026-04-07 09:28:00,18140.599999999995,18202.779999999995
2026-04-07 10:28:00,18140.599999999995,18203.149999999994
2026-04-07 11:28:00,18140.599999999995,18165.189999999995
2026-04-07 12:28:00,18140.599999999995,18155.199999999993
2026-04-07 13:28:00,18140.599999999995,18177.299999999996
2026-04-07 14:28:00,18140.599999999995,18193.489999999994
2026-04-07 15:28:00,18140.599999999995,18178.659999999996
2026-04-07 16:28:00,18140.599999999995,18185.349999999995
2026-04-07 17:28:00,18140.599999999995,18203.539999999994
2026-04-07 18:28:00,18140.599999999995,18194.559999999994
2026-04-07 19:28:00,18140.599999999995,18183.179999999993
2026-04-07 20:28:00,18140.599999999995,18186.749999999993
2026-04-07 21:28:00,18140.599999999995,18164.949999999993
2026-04-07 22:28:00,18140.599999999995,18153.839999999993
2026-04-07 23:28:00,18140.359999999993,18139.959999999992
2026-04-08 01:29:00,18141.259999999995,18093.759999999995
2026-04-08 02:29:00,17823.09,17823.09
2026-04-08 03:29:00,17823.09,17823.09
2026-04-08 04:29:00,17822.53,17769.090000000004
2026-04-08 05:29:00,17847.53,17912.33
2026-04-08 06:29:00,17846.930000000008,17846.930000000008
2026-04-08 07:29:00,17846.930000000008,17846.930000000008
2026-04-08 08:29:00,17846.930000000008,17846.930000000008
2026-04-08 09:29:00,17846.930000000008,17846.930000000008
2026-04-08 10:29:00,17846.930000000008,17846.930000000008
2026-04-08 11:29:00,17846.930000000008,17846.930000000008
2026-04-08 12:29:00,17846.930000000008,17846.930000000008
2026-04-08 13:29:00,17846.930000000008,17846.930000000008
2026-04-08 14:29:00,17846.930000000008,17846.930000000008
2026-04-08 15:29:00,17846.930000000008,17846.930000000008
2026-04-08 16:29:00,17846.930000000008,17846.930000000008
2026-04-08 17:29:00,17846.930000000008,17846.930000000008
2026-04-08 18:29:00,17689.610000000015,17689.610000000015
2026-04-08 19:29:00,17689.610000000015,17689.610000000015
2026-04-08 20:29:00,17689.610000000015,17689.610000000015
2026-04-08 21:29:00,17689.610000000015,17689.610000000015
2026-04-08 22:29:00,17689.610000000015,17689.610000000015
2026-04-08 23:29:00,17689.610000000015,17689.610000000015
2026-04-09 01:30:00,17689.610000000015,17689.610000000015
2026-04-09 02:30:00,17689.610000000015,17689.610000000015
2026-04-09 03:30:00,17689.610000000015,17689.610000000015
2026-04-09 04:30:00,17689.610000000015,17689.610000000015
2026-04-09 05:30:00,17689.610000000015,17689.610000000015
2026-04-09 06:30:00,17689.610000000015,17689.610000000015
2026-04-09 07:30:00,17689.610000000015,17689.610000000015
2026-04-09 08:30:00,17689.610000000015,17689.610000000015
2026-04-09 09:30:00,17689.610000000015,17689.610000000015
2026-04-09 10:30:00,17689.610000000015,17689.610000000015
2026-04-09 11:30:00,17689.610000000015,17689.610000000015
2026-04-09 12:30:00,17689.610000000015,17689.610000000015
2026-04-09 13:30:00,17688.280000000013,17559.08000000001
2026-04-09 14:30:00,17513.480000000018,17513.480000000018
2026-04-09 15:30:00,17513.480000000018,17513.480000000018
2026-04-09 16:30:00,17513.480000000018,17513.480000000018
2026-04-09 17:30:00,17513.480000000018,17513.480000000018
2026-04-09 18:30:00,17513.480000000018,17513.480000000018
2026-04-09 19:30:00,17513.480000000018,17513.480000000018
2026-04-09 20:30:00,17513.480000000018,17513.480000000018
2026-04-09 21:30:00,17513.480000000018,17513.480000000018
2026-04-09 22:30:00,17513.480000000018,17513.480000000018
2026-04-09 23:30:00,17513.480000000018,17513.480000000018
2026-04-10 01:31:00,17513.480000000018,17513.480000000018
2026-04-10 02:31:00,17513.480000000018,17513.480000000018
2026-04-10 03:31:00,17513.480000000018,17513.480000000018
2026-04-10 04:31:00,17513.480000000018,17513.480000000018
2026-04-10 05:31:00,17513.480000000018,17513.480000000018
2026-04-10 06:31:00,17513.480000000018,17513.480000000018
2026-04-10 07:31:00,17513.480000000018,17513.480000000018
2026-04-10 08:31:00,17513.480000000018,17513.480000000018
2026-04-10 09:31:00,17533.020000000008,17533.020000000008
2026-04-10 10:31:00,17533.020000000008,17533.020000000008
2026-04-10 11:31:00,17533.020000000008,17533.020000000008
2026-04-10 12:31:00,17533.020000000008,17533.020000000008
2026-04-10 13:31:00,17533.020000000008,17533.020000000008
2026-04-10 14:31:00,17533.020000000008,17533.020000000008
2026-04-10 15:31:00,17533.020000000008,17533.020000000008
2026-04-10 16:31:00,17533.020000000008,17533.020000000008
2026-04-10 17:31:00,17533.020000000008,17533.020000000008
2026-04-10 18:31:00,17533.020000000008,17533.020000000008
2026-04-10 19:31:00,17604.84000000002,17758.14000000002
2026-04-10 20:31:00,17703.26000000002,17790.380000000023
2026-04-10 21:31:00,17702.460000000025,17702.460000000025
2026-04-10 22:31:00,17702.460000000025,17702.460000000025
2026-04-10 23:31:00,17702.460000000025,17702.460000000025
2026-04-13 01:32:00,17702.460000000025,17702.460000000025
2026-04-13 02:32:00,17702.460000000025,17702.460000000025
2026-04-13 03:32:00,17702.460000000025,17702.460000000025
2026-04-13 04:32:00,17702.460000000025,17702.460000000025
2026-04-13 05:32:00,17702.460000000025,17702.460000000025
2026-04-13 06:32:00,17702.460000000025,17702.460000000025
2026-04-13 07:32:00,17702.460000000025,17702.460000000025
2026-04-13 08:32:00,17702.460000000025,17702.460000000025
2026-04-13 09:32:00,17702.460000000025,17702.460000000025
2026-04-13 10:32:00,17702.460000000025,17702.460000000025
2026-04-13 11:32:00,17702.460000000025,17702.460000000025
2026-04-13 12:32:00,17702.460000000025,17702.460000000025
2026-04-13 13:32:00,17702.460000000025,17702.460000000025
2026-04-13 14:32:00,17702.460000000025,17702.460000000025
2026-04-13 15:32:00,17702.460000000025,17702.460000000025
2026-04-13 16:32:00,17702.460000000025,17702.460000000025
2026-04-13 17:32:00,17702.460000000025,17702.460000000025
2026-04-13 18:32:00,17702.460000000025,17702.460000000025
2026-04-13 19:32:00,17701.340000000026,17680.540000000023
2026-04-13 20:32:00,17524.060000000027,17524.060000000027
2026-04-13 21:32:00,17524.060000000027,17524.060000000027
2026-04-13 22:32:00,17524.060000000027,17524.060000000027
2026-04-13 23:32:00,17524.060000000027,17524.060000000027
2026-04-14 01:33:00,17524.060000000027,17524.060000000027
2026-04-14 02:33:00,17524.060000000027,17524.060000000027
2026-04-14 03:33:00,17524.060000000027,17524.060000000027
2026-04-14 04:33:00,17524.060000000027,17524.060000000027
2026-04-14 05:33:00,17524.060000000027,17524.060000000027
2026-04-14 06:33:00,17524.060000000027,17524.060000000027
2026-04-14 07:33:00,17524.060000000027,17524.060000000027
2026-04-14 08:33:00,17524.060000000027,17524.060000000027
2026-04-14 09:33:00,17524.060000000027,17524.060000000027
2026-04-14 10:33:00,17524.060000000027,17524.060000000027
2026-04-14 11:33:00,17524.060000000027,17524.060000000027
2026-04-14 12:33:00,17524.060000000027,17524.060000000027
2026-04-14 13:33:00,17524.060000000027,17524.060000000027
2026-04-14 14:33:00,17524.060000000027,17524.060000000027
2026-04-14 15:33:00,17524.060000000027,17524.060000000027
2026-04-14 16:33:00,17524.060000000027,17524.060000000027
2026-04-14 17:33:00,17524.060000000027,17524.060000000027
2026-04-14 18:33:00,17524.060000000027,17524.060000000027
2026-04-14 19:33:00,17524.060000000027,17524.060000000027
2026-04-14 20:33:00,17524.060000000027,17524.060000000027
2026-04-14 21:33:00,17524.060000000027,17524.060000000027
2026-04-14 22:33:00,17524.060000000027,17524.060000000027
2026-04-14 23:33:00,17524.060000000027,17524.060000000027
2026-04-15 01:34:00,17661.620000000017,17661.620000000017
2026-04-15 02:34:00,17661.620000000017,17661.620000000017
2026-04-15 03:34:00,17661.620000000017,17661.620000000017
2026-04-15 04:34:00,17661.620000000017,17661.620000000017
2026-04-15 05:34:00,17661.620000000017,17661.620000000017
2026-04-15 06:34:00,17661.620000000017,17661.620000000017
2026-04-15 07:34:00,17661.620000000017,17661.620000000017
2026-04-15 08:34:00,17661.620000000017,17661.620000000017
2026-04-15 09:34:00,17683.39000000003,17683.39000000003
2026-04-15 10:34:00,17683.39000000003,17683.39000000003
2026-04-15 11:34:00,17683.39000000003,17683.39000000003
2026-04-15 12:34:00,17683.39000000003,17683.39000000003
2026-04-15 13:34:00,17683.39000000003,17683.39000000003
2026-04-15 14:34:00,17683.39000000003,17683.39000000003
2026-04-15 15:34:00,17681.990000000027,17602.590000000022
2026-04-15 16:34:00,17504.590000000033,17504.590000000033
2026-04-15 17:34:00,17504.590000000033,17504.590000000033
2026-04-15 18:34:00,17504.590000000033,17504.590000000033
2026-04-15 19:34:00,17504.590000000033,17504.590000000033
2026-04-15 20:34:00,17504.590000000033,17504.590000000033
2026-04-15 21:34:00,17504.590000000033,17504.590000000033
2026-04-15 22:34:00,17504.590000000033,17504.590000000033
2026-04-15 23:34:00,17504.590000000033,17504.590000000033
2026-04-16 01:35:00,17504.590000000033,17504.590000000033
2026-04-16 02:35:00,17504.590000000033,17504.590000000033
2026-04-16 03:35:00,17504.590000000033,17504.590000000033
2026-04-16 04:35:00,17504.590000000033,17504.590000000033
2026-04-16 05:35:00,17504.590000000033,17504.590000000033
2026-04-16 06:35:00,17504.590000000033,17504.590000000033
2026-04-16 07:35:00,17504.590000000033,17504.590000000033
2026-04-16 08:35:00,17504.590000000033,17504.590000000033
2026-04-16 09:35:00,17504.590000000033,17504.590000000033
2026-04-16 10:35:00,17504.590000000033,17504.590000000033
2026-04-16 11:35:00,17504.590000000033,17504.590000000033
2026-04-16 12:35:00,17504.590000000033,17504.590000000033
2026-04-16 13:35:00,17504.590000000033,17504.590000000033
2026-04-16 14:35:00,17504.590000000033,17504.590000000033
2026-04-16 15:35:00,17524.950000000026,17524.950000000026
2026-04-16 16:35:00,17524.950000000026,17524.950000000026
2026-04-16 17:35:00,17524.950000000026,17524.950000000026
2026-04-16 18:35:00,17524.950000000026,17524.950000000026
2026-04-16 19:35:00,17524.950000000026,17524.950000000026
2026-04-16 20:35:00,17524.950000000026,17524.950000000026
2026-04-16 21:35:00,17524.950000000026,17524.950000000026
2026-04-16 22:35:00,17524.950000000026,17524.950000000026
2026-04-16 23:35:00,17524.950000000026,17524.950000000026
2026-04-17 01:36:00,17524.950000000026,17524.950000000026
2026-04-17 02:36:00,17524.950000000026,17524.950000000026
2026-04-17 03:36:00,17524.950000000026,17524.950000000026
2026-04-17 04:36:00,17524.950000000026,17524.950000000026
2026-04-17 05:36:00,17524.950000000026,17524.950000000026
2026-04-17 06:36:00,17598.990000000023,17676.39000000002
2026-04-17 07:36:00,17598.990000000023,17738.670000000027
2026-04-17 08:36:00,17699.910000000025,17777.25000000003
2026-04-17 09:36:00,17699.310000000027,17699.310000000027
2026-04-17 10:36:00,17699.310000000027,17699.310000000027
2026-04-17 11:36:00,17699.310000000027,17699.310000000027
2026-04-17 12:36:00,17699.310000000027,17699.310000000027
2026-04-17 13:36:00,17699.310000000027,17699.310000000027
2026-04-17 14:36:00,17699.310000000027,17699.310000000027
2026-04-17 15:36:00,17699.310000000027,17699.310000000027
2026-04-17 16:36:00,17699.310000000027,17699.310000000027
2026-04-17 17:36:00,17699.310000000027,17699.310000000027
2026-04-17 18:36:00,17699.310000000027,17699.310000000027
2026-04-17 19:36:00,17699.310000000027,17699.310000000027
2026-04-17 20:36:00,17699.310000000027,17699.310000000027
2026-04-17 21:36:00,17699.310000000027,17699.310000000027
2026-04-17 22:36:00,17699.310000000027,17699.310000000027
2026-04-17 23:36:00,17699.310000000027,17699.310000000027
2026-04-20 01:37:00,17699.310000000027,17699.310000000027
2026-04-20 02:37:00,17699.310000000027,17699.310000000027
2026-04-20 03:37:00,17699.310000000027,17699.310000000027
2026-04-20 04:37:00,17699.310000000027,17699.310000000027
2026-04-20 05:37:00,17699.310000000027,17699.310000000027
2026-04-20 06:37:00,17699.310000000027,17699.310000000027
2026-04-20 07:37:00,17698.470000000027,17701.950000000026
2026-04-20 08:37:00,17698.470000000027,17778.270000000022
2026-04-20 09:37:00,17774.190000000024,17841.51000000002
2026-04-20 10:37:00,17903.490000000027,18014.130000000026
2026-04-20 11:37:00,17902.59000000003,17952.39000000003
2026-04-20 12:37:00,17902.59000000003,17929.65000000003
2026-04-20 13:37:00,17902.59000000003,17992.71000000003
2026-04-20 14:37:00,17902.59000000003,17959.29000000003
2026-04-20 15:37:00,17925.710000000014,17925.710000000014
2026-04-20 16:37:00,17945.830000000005,17945.830000000005
2026-04-20 17:37:00,17945.830000000005,17945.830000000005
2026-04-20 18:37:00,17945.830000000005,17945.830000000005
2026-04-20 19:37:00,17945.830000000005,17945.830000000005
2026-04-20 20:37:00,17945.830000000005,17945.830000000005
2026-04-20 21:37:00,17944.710000000006,17952.39
2026-04-20 22:37:00,17944.710000000006,17960.550000000003
2026-04-20 23:37:00,17944.710000000006,17902.630000000005
2026-04-21 01:38:00,17772.87000000001,17772.87000000001
2026-04-21 02:38:00,17772.87000000001,17772.87000000001
2026-04-21 03:38:00,17772.87000000001,17772.87000000001
2026-04-21 04:38:00,17772.87000000001,17772.87000000001
2026-04-21 05:38:00,17772.87000000001,17772.87000000001
2026-04-21 06:38:00,17772.87000000001,17772.87000000001
2026-04-21 07:38:00,17772.87000000001,17772.87000000001
2026-04-21 08:38:00,17772.87000000001,17772.87000000001
2026-04-21 09:38:00,17772.87000000001,17772.87000000001
2026-04-21 10:38:00,17772.87000000001,17772.87000000001
2026-04-21 11:38:00,17772.87000000001,17772.87000000001
2026-04-21 12:38:00,17772.87000000001,17772.87000000001
2026-04-21 13:38:00,17772.87000000001,17772.87000000001
2026-04-21 14:38:00,17772.87000000001,17772.87000000001
2026-04-21 15:38:00,17935.560000000012,18043.47000000001
2026-04-21 16:38:00,17934.660000000018,17934.660000000018
2026-04-21 17:38:00,17934.660000000018,17934.660000000018
2026-04-21 18:38:00,17933.890000000018,17976.900000000016
2026-04-21 19:38:00,17988.750000000022,18157.31000000002
2026-04-21 20:38:00,18061.91000000002,18249.610000000022
2026-04-21 21:38:00,18061.91000000002,18280.66000000002
2026-04-21 22:38:00,18061.91000000002,18285.96000000002
2026-04-21 23:38:00,18427.660000000025,18427.660000000025
2026-04-22 01:39:00,18427.660000000025,18427.660000000025
2026-04-22 02:39:00,18427.660000000025,18427.660000000025
2026-04-22 03:39:00,18427.660000000025,18427.660000000025
2026-04-22 04:39:00,18427.660000000025,18427.660000000025
2026-04-22 05:39:00,18427.660000000025,18427.660000000025
2026-04-22 06:39:00,18427.660000000025,18427.660000000025
2026-04-22 07:39:00,18427.660000000025,18427.660000000025
2026-04-22 08:39:00,18427.660000000025,18427.660000000025
2026-04-22 09:39:00,18427.660000000025,18427.660000000025
2026-04-22 10:39:00,18427.660000000025,18427.660000000025
2026-04-22 11:39:00,18427.660000000025,18427.660000000025
2026-04-22 12:39:00,18427.660000000025,18427.660000000025
2026-04-22 13:39:00,18427.660000000025,18427.660000000025
2026-04-22 14:39:00,18427.660000000025,18427.660000000025
2026-04-22 15:39:00,18427.660000000025,18427.660000000025
2026-04-22 16:39:00,18427.660000000025,18427.660000000025
2026-04-22 17:39:00,18427.660000000025,18427.660000000025
2026-04-22 18:39:00,18427.660000000025,18427.660000000025
2026-04-22 19:39:00,18427.660000000025,18427.660000000025
2026-04-22 20:39:00,18427.660000000025,18427.660000000025
2026-04-22 21:39:00,18427.660000000025,18427.660000000025
2026-04-22 22:39:00,18427.660000000025,18427.660000000025
2026-04-22 23:39:00,18427.660000000025,18427.660000000025
2026-04-23 01:40:00,18427.660000000025,18427.660000000025
2026-04-23 02:40:00,18427.660000000025,18427.660000000025
2026-04-23 03:40:00,18448.090000000026,18575.930000000026
2026-04-23 04:40:00,18448.090000000026,18525.570000000025
2026-04-23 05:40:00,18447.690000000028,18447.690000000028
2026-04-23 06:40:00,18447.690000000028,18447.690000000028
2026-04-23 07:40:00,18447.690000000028,18447.690000000028
2026-04-23 08:40:00,18447.690000000028,18447.690000000028
2026-04-23 09:40:00,18447.690000000028,18447.690000000028
2026-04-23 10:40:00,18447.690000000028,18447.690000000028
2026-04-23 11:40:00,18447.690000000028,18447.690000000028
2026-04-23 12:40:00,18447.690000000028,18447.690000000028
2026-04-23 13:40:00,18447.690000000028,18447.690000000028
2026-04-23 14:40:00,18447.690000000028,18447.690000000028
2026-04-23 15:40:00,18259.740000000053,18259.740000000053
2026-04-23 16:40:00,18259.740000000053,18259.740000000053
2026-04-23 17:40:00,18282.460000000054,18282.460000000054
2026-04-23 18:40:00,18282.460000000054,18282.460000000054
2026-04-23 19:40:00,18282.460000000054,18282.460000000054
2026-04-23 20:40:00,18282.460000000054,18282.460000000054
2026-04-23 21:40:00,18282.460000000054,18282.460000000054
2026-04-23 22:40:00,18282.460000000054,18282.460000000054
2026-04-23 23:40:00,18282.460000000054,18282.460000000054
2026-04-24 01:41:00,18282.460000000054,18282.460000000054
2026-04-24 02:41:00,18282.460000000054,18282.460000000054
2026-04-24 03:41:00,18282.460000000054,18282.460000000054
2026-04-24 04:41:00,18282.460000000054,18282.460000000054
2026-04-24 05:41:00,18282.460000000054,18282.460000000054
2026-04-24 06:41:00,18282.460000000054,18282.460000000054
2026-04-24 07:41:00,18282.460000000054,18282.460000000054
2026-04-24 08:41:00,18282.460000000054,18282.460000000054
2026-04-24 09:41:00,18282.460000000054,18282.460000000054
2026-04-24 10:41:00,18282.460000000054,18282.460000000054
2026-04-24 11:41:00,18282.460000000054,18282.460000000054
2026-04-24 12:41:00,18282.460000000054,18282.460000000054
2026-04-24 13:41:00,18282.460000000054,18282.460000000054
2026-04-24 14:41:00,18282.460000000054,18282.460000000054
2026-04-24 15:41:00,18282.460000000054,18282.460000000054
2026-04-24 16:41:00,18301.690000000053,18301.690000000053
2026-04-24 17:41:00,18301.690000000053,18301.690000000053
2026-04-24 18:41:00,18301.690000000053,18301.690000000053
2026-04-24 19:41:00,18301.690000000053,18301.690000000053
2026-04-24 20:41:00,18301.690000000053,18301.690000000053
2026-04-24 21:41:00,18301.690000000053,18301.690000000053
2026-04-24 22:41:00,18301.690000000053,18301.690000000053
2026-04-24 23:41:00,18301.690000000053,18301.690000000053
2026-04-27 01:42:00,18105.61000000006,18105.61000000006
2026-04-27 02:42:00,18105.61000000006,18105.61000000006
2026-04-27 03:42:00,18105.61000000006,18105.61000000006
2026-04-27 04:42:00,17940.19000000006,17940.19000000006
2026-04-27 05:42:00,17940.19000000006,17940.19000000006
2026-04-27 06:42:00,17940.19000000006,17940.19000000006
2026-04-27 07:42:00,17940.19000000006,17940.19000000006
2026-04-27 08:42:00,17940.19000000006,17940.19000000006
2026-04-27 09:42:00,17940.19000000006,17940.19000000006
2026-04-27 10:42:00,17940.19000000006,17940.19000000006
2026-04-27 11:42:00,17940.19000000006,17940.19000000006
2026-04-27 12:42:00,17940.19000000006,17940.19000000006
2026-04-27 13:42:00,17940.19000000006,17940.19000000006
2026-04-27 14:42:00,17940.19000000006,17940.19000000006
2026-04-27 15:42:00,17940.19000000006,17940.19000000006
2026-04-27 16:42:00,17940.19000000006,17940.19000000006
2026-04-27 17:42:00,17940.19000000006,17940.19000000006
2026-04-27 18:42:00,17940.19000000006,17940.19000000006
2026-04-27 19:42:00,17940.19000000006,17940.19000000006
2026-04-27 20:42:00,17940.19000000006,17940.19000000006
2026-04-27 21:42:00,17940.19000000006,17940.19000000006
2026-04-27 22:42:00,17940.19000000006,17940.19000000006
2026-04-27 23:42:00,17940.19000000006,17940.19000000006
2026-04-28 01:43:00,17940.19000000006,17940.19000000006
2026-04-28 02:43:00,17940.19000000006,17940.19000000006
2026-04-28 03:43:00,17940.19000000006,17940.19000000006
2026-04-28 04:43:00,17940.19000000006,17940.19000000006
2026-04-28 05:43:00,17940.19000000006,17940.19000000006
2026-04-28 06:43:00,17940.19000000006,17940.19000000006
2026-04-28 07:43:00,17940.19000000006,17940.19000000006
2026-04-28 08:43:00,17940.19000000006,17940.19000000006
2026-04-28 09:43:00,17940.19000000006,17940.19000000006
2026-04-28 10:43:00,17940.19000000006,17940.19000000006
2026-04-28 11:43:00,17940.19000000006,17940.19000000006
2026-04-28 12:43:00,17940.19000000006,17940.19000000006
2026-04-28 13:43:00,17940.19000000006,17940.19000000006
2026-04-28 14:43:00,17940.19000000006,17940.19000000006
2026-04-28 15:43:00,17940.19000000006,17940.19000000006
2026-04-28 16:43:00,17940.19000000006,17940.19000000006
2026-04-28 17:43:00,18129.110000000066,18129.110000000066
2026-04-28 18:43:00,18129.110000000066,18129.110000000066
2026-04-28 19:43:00,18129.110000000066,18129.110000000066
2026-04-28 20:43:00,18129.110000000066,18129.110000000066
2026-04-28 21:43:00,18129.110000000066,18129.110000000066
2026-04-28 22:43:00,18129.110000000066,18129.110000000066
2026-04-28 23:43:00,18129.110000000066,18129.110000000066
2026-04-29 01:44:00,18129.110000000066,18129.110000000066
2026-04-29 02:44:00,18129.110000000066,18129.110000000066
2026-04-29 03:44:00,18129.110000000066,18129.110000000066
2026-04-29 04:44:00,18129.110000000066,18129.110000000066
2026-04-29 05:44:00,18129.110000000066,18129.110000000066
2026-04-29 06:44:00,18129.110000000066,18129.110000000066
2026-04-29 07:44:00,18129.110000000066,18129.110000000066
2026-04-29 08:44:00,18129.110000000066,18129.110000000066
2026-04-29 09:44:00,18148.76000000006,18148.76000000006
2026-04-29 10:44:00,18148.76000000006,18148.76000000006
2026-04-29 11:44:00,18148.76000000006,18148.76000000006
2026-04-29 12:44:00,17963.020000000062,17963.020000000062
2026-04-29 13:44:00,17987.860000000062,18088.120000000075
2026-04-29 14:44:00,17986.06000000007,17986.06000000007
2026-04-29 15:44:00,17986.06000000007,17986.06000000007
2026-04-29 16:44:00,17986.06000000007,17986.06000000007
2026-04-29 17:44:00,17986.06000000007,17986.06000000007
2026-04-29 18:44:00,17986.06000000007,17986.06000000007
2026-04-29 19:44:00,17986.06000000007,17986.06000000007
2026-04-29 20:44:00,17986.06000000007,17986.06000000007
2026-04-29 21:44:00,17986.06000000007,17986.06000000007
2026-04-29 22:44:00,17986.06000000007,17986.06000000007
2026-04-29 23:44:00,17986.06000000007,17986.06000000007
2026-04-30 01:45:00,17986.06000000007,17986.06000000007
2026-04-30 02:45:00,17986.06000000007,17986.06000000007
2026-04-30 03:45:00,17986.06000000007,17986.06000000007
2026-04-30 04:45:00,17986.06000000007,17986.06000000007
2026-04-30 05:45:00,17986.06000000007,17986.06000000007
2026-04-30 06:45:00,17986.06000000007,17986.06000000007
2026-04-30 07:45:00,17986.06000000007,17986.06000000007
2026-04-30 08:45:00,17986.06000000007,17986.06000000007
2026-04-30 09:45:00,17986.06000000007,17986.06000000007
2026-04-30 10:45:00,17986.06000000007,17986.06000000007
2026-04-30 11:45:00,17986.06000000007,17986.06000000007
2026-04-30 12:45:00,17986.06000000007,17986.06000000007
2026-04-30 13:45:00,17986.06000000007,17986.06000000007
2026-04-30 14:45:00,17986.06000000007,17986.06000000007
2026-04-30 15:45:00,17986.06000000007,17986.06000000007
2026-04-30 16:45:00,17986.06000000007,17986.06000000007
2026-04-30 17:45:00,17986.06000000007,17986.06000000007
2026-04-30 18:45:00,17986.06000000007,17986.06000000007
2026-04-30 19:45:00,17986.06000000007,17986.06000000007
2026-04-30 20:45:00,17986.06000000007,17986.06000000007
2026-04-30 21:45:00,17986.06000000007,17986.06000000007
2026-04-30 22:45:00,17986.06000000007,17986.06000000007
2026-04-30 23:45:00,17986.06000000007,17986.06000000007
2026-05-01 01:46:00,17986.06000000007,17986.06000000007
2026-05-01 02:46:00,17986.06000000007,17986.06000000007
2026-05-01 03:46:00,17986.06000000007,17986.06000000007
2026-05-01 04:46:00,17986.06000000007,17986.06000000007
2026-05-01 05:46:00,17986.06000000007,17986.06000000007
2026-05-01 06:46:00,17986.06000000007,17986.06000000007
2026-05-01 07:46:00,17986.06000000007,17986.06000000007
2026-05-01 08:46:00,17986.06000000007,17986.06000000007
2026-05-01 09:46:00,17986.06000000007,17986.06000000007
2026-05-01 10:46:00,17986.06000000007,17986.06000000007
2026-05-01 11:46:00,17986.06000000007,17986.06000000007
2026-05-01 12:46:00,17986.06000000007,17986.06000000007
2026-05-01 13:46:00,17986.06000000007,17986.06000000007
2026-05-01 14:46:00,17986.06000000007,17986.06000000007
2026-05-01 15:46:00,17986.06000000007,17986.06000000007
2026-05-01 16:46:00,17986.06000000007,17986.06000000007
2026-05-01 17:46:00,17986.06000000007,17986.06000000007
2026-05-01 18:46:00,17986.06000000007,17986.06000000007
2026-05-01 19:46:00,17986.06000000007,17986.06000000007
2026-05-01 20:46:00,17986.06000000007,17986.06000000007
2026-05-01 21:46:00,18034.37000000006,18034.37000000006
2026-05-01 22:46:00,18034.37000000006,18034.37000000006
2026-05-01 23:46:00,18034.37000000006,18034.37000000006
2026-05-04 01:47:00,18034.37000000006,18034.37000000006
2026-05-04 02:47:00,18034.37000000006,18034.37000000006
2026-05-04 03:47:00,18034.37000000006,18034.37000000006
2026-05-04 04:47:00,18034.37000000006,18034.37000000006
2026-05-04 05:47:00,18034.37000000006,18034.37000000006
2026-05-04 06:47:00,18034.37000000006,18034.37000000006
2026-05-04 07:47:00,18034.37000000006,18034.37000000006
2026-05-04 08:47:00,18034.37000000006,18034.37000000006
2026-05-04 09:47:00,18034.37000000006,18034.37000000006
2026-05-04 10:47:00,18034.37000000006,18034.37000000006
2026-05-04 11:47:00,18034.37000000006,18034.37000000006
2026-05-04 12:47:00,18034.37000000006,18034.37000000006
2026-05-04 13:47:00,18034.37000000006,18034.37000000006
2026-05-04 14:47:00,18034.37000000006,18034.37000000006
2026-05-04 15:47:00,18034.37000000006,18034.37000000006
2026-05-04 16:47:00,18034.37000000006,18034.37000000006
2026-05-04 17:47:00,18034.37000000006,18034.37000000006
2026-05-04 18:47:00,18034.37000000006,18034.37000000006
2026-05-04 19:47:00,18034.37000000006,18034.37000000006
2026-05-04 20:47:00,18034.37000000006,18034.37000000006
2026-05-04 21:47:00,18034.37000000006,18034.37000000006
2026-05-04 22:47:00,18034.37000000006,18034.37000000006
2026-05-04 23:47:00,18034.37000000006,18034.37000000006
2026-05-05 01:48:00,18034.37000000006,18034.37000000006
2026-05-05 02:48:00,18034.37000000006,18034.37000000006
2026-05-05 03:48:00,18034.37000000006,18034.37000000006
2026-05-05 04:48:00,18034.37000000006,18034.37000000006
2026-05-05 05:48:00,18034.37000000006,18034.37000000006
2026-05-05 06:48:00,18034.37000000006,18034.37000000006
2026-05-05 07:48:00,18034.37000000006,18034.37000000006
2026-05-05 08:48:00,18034.37000000006,18034.37000000006
2026-05-05 09:48:00,18034.37000000006,18034.37000000006
2026-05-05 10:48:00,18034.37000000006,18034.37000000006
2026-05-05 11:48:00,18034.37000000006,18034.37000000006
2026-05-05 12:48:00,18034.37000000006,18034.37000000006
2026-05-05 13:48:00,18034.37000000006,18034.37000000006
2026-05-05 14:48:00,18219.670000000056,18219.670000000056
2026-05-05 15:48:00,18219.670000000056,18219.670000000056
2026-05-05 16:48:00,18218.130000000056,18239.03000000005
2026-05-05 17:48:00,18270.270000000055,18270.270000000055
2026-05-05 18:48:00,18270.270000000055,18270.270000000055
2026-05-05 19:48:00,18270.270000000055,18270.270000000055
2026-05-05 20:48:00,18270.270000000055,18270.270000000055
2026-05-05 21:48:00,18270.270000000055,18270.270000000055
2026-05-05 22:48:00,18270.270000000055,18270.270000000055
2026-05-05 23:48:00,18270.270000000055,18270.270000000055
2026-05-06 01:49:00,18268.520000000055,18187.270000000055
2026-05-06 02:49:00,18459.11000000005,18459.11000000005
2026-05-06 03:49:00,18459.11000000005,18459.11000000005
2026-05-06 04:49:00,18459.11000000005,18459.11000000005
2026-05-06 05:49:00,18459.11000000005,18459.11000000005
2026-05-06 06:49:00,18459.11000000005,18459.11000000005
2026-05-06 07:49:00,18459.11000000005,18459.11000000005
2026-05-06 08:49:00,18459.11000000005,18459.11000000005
2026-05-06 09:49:00,18459.11000000005,18459.11000000005
2026-05-06 10:49:00,18459.11000000005,18459.11000000005
2026-05-06 11:49:00,18459.11000000005,18459.11000000005
2026-05-06 12:49:00,18459.11000000005,18459.11000000005
2026-05-06 13:49:00,18459.11000000005,18459.11000000005
2026-05-06 14:49:00,18459.11000000005,18459.11000000005
2026-05-06 15:49:00,18508.240000000056,18508.240000000056
2026-05-06 16:49:00,18508.240000000056,18508.240000000056
2026-05-06 17:49:00,18508.240000000056,18508.240000000056
2026-05-06 18:49:00,18508.240000000056,18508.240000000056
2026-05-06 19:49:00,18508.240000000056,18508.240000000056
2026-05-06 20:49:00,18508.240000000056,18508.240000000056
2026-05-06 21:49:00,18508.240000000056,18508.240000000056
2026-05-06 22:49:00,18508.240000000056,18508.240000000056
2026-05-06 23:49:00,18508.240000000056,18508.240000000056
2026-05-07 01:50:00,18508.240000000056,18508.240000000056
2026-05-07 02:50:00,18508.240000000056,18508.240000000056
2026-05-07 03:50:00,18508.240000000056,18508.240000000056
2026-05-07 04:50:00,18508.240000000056,18508.240000000056
2026-05-07 05:50:00,18508.240000000056,18508.240000000056
2026-05-07 06:50:00,18508.240000000056,18508.240000000056
2026-05-07 07:50:00,18508.240000000056,18508.240000000056
2026-05-07 08:50:00,18508.240000000056,18508.240000000056
2026-05-07 09:50:00,18508.240000000056,18508.240000000056
2026-05-07 10:50:00,18508.240000000056,18508.240000000056
2026-05-07 11:50:00,18508.240000000056,18508.240000000056
2026-05-07 12:50:00,18508.240000000056,18508.240000000056
2026-05-07 13:50:00,18562.14000000005,18617.840000000047
2026-05-07 14:50:00,18561.140000000047,18561.140000000047
2026-05-07 15:50:00,18561.140000000047,18561.140000000047
2026-05-07 16:50:00,18561.140000000047,18561.140000000047
2026-05-07 17:50:00,18561.140000000047,18561.140000000047
2026-05-07 18:50:00,18561.140000000047,18561.140000000047
2026-05-07 19:50:00,18561.140000000047,18561.140000000047
2026-05-07 20:50:00,18561.140000000047,18561.140000000047
2026-05-07 21:50:00,18561.140000000047,18561.140000000047
2026-05-07 22:50:00,18561.140000000047,18561.140000000047
2026-05-07 23:50:00,18561.140000000047,18561.140000000047
2026-05-08 01:51:00,18561.140000000047,18561.140000000047
2026-05-08 02:51:00,18561.140000000047,18561.140000000047
2026-05-08 03:51:00,18561.140000000047,18561.140000000047
2026-05-08 04:51:00,18561.140000000047,18561.140000000047
2026-05-08 05:51:00,18379.49000000005,18379.49000000005
2026-05-08 06:51:00,18379.49000000005,18379.49000000005
2026-05-08 07:51:00,18379.49000000005,18379.49000000005
2026-05-08 08:51:00,18379.49000000005,18379.49000000005
2026-05-08 09:51:00,18379.49000000005,18379.49000000005
2026-05-08 10:51:00,18379.49000000005,18379.49000000005
2026-05-08 11:51:00,18379.49000000005,18379.49000000005
2026-05-08 12:51:00,18379.49000000005,18379.49000000005
2026-05-08 13:51:00,18379.49000000005,18379.49000000005
2026-05-08 14:51:00,18379.49000000005,18379.49000000005
2026-05-08 15:51:00,18428.100000000035,18428.100000000035
2026-05-08 16:51:00,18428.100000000035,18428.100000000035
2026-05-08 17:51:00,18615.250000000033,18615.250000000033
2026-05-08 18:51:00,18615.250000000033,18615.250000000033
2026-05-08 19:51:00,18615.250000000033,18615.250000000033
2026-05-08 20:51:00,18615.250000000033,18615.250000000033
2026-05-08 21:51:00,18615.250000000033,18615.250000000033
2026-05-08 22:51:00,18615.250000000033,18615.250000000033
2026-05-08 23:51:00,18615.250000000033,18615.250000000033
2026-05-11 01:52:00,18615.250000000033,18615.250000000033
2026-05-11 02:52:00,18615.250000000033,18615.250000000033
2026-05-11 03:52:00,18615.250000000033,18615.250000000033
2026-05-11 04:52:00,18664.020000000033,18742.35000000003
2026-05-11 05:52:00,18808.92000000003,18808.92000000003
2026-05-11 06:52:00,18808.92000000003,18808.92000000003
2026-05-11 07:52:00,18808.92000000003,18808.92000000003
2026-05-11 08:52:00,18808.92000000003,18808.92000000003
2026-05-11 09:52:00,18808.92000000003,18808.92000000003
2026-05-11 10:52:00,18808.92000000003,18808.92000000003
2026-05-11 11:52:00,18808.92000000003,18808.92000000003
2026-05-11 12:52:00,18808.92000000003,18808.92000000003
2026-05-11 13:52:00,18808.92000000003,18808.92000000003
2026-05-11 14:52:00,18808.92000000003,18808.92000000003
2026-05-11 15:52:00,18808.92000000003,18808.92000000003
2026-05-11 16:52:00,18808.92000000003,18808.92000000003
2026-05-11 17:52:00,18808.92000000003,18808.92000000003
2026-05-11 18:52:00,18808.92000000003,18808.92000000003
2026-05-11 19:52:00,18807.800000000032,18860.920000000042
2026-05-11 20:52:00,18861.000000000036,18949.960000000043
2026-05-11 21:52:00,18993.960000000043,18993.960000000043
2026-05-11 22:52:00,18993.960000000043,18993.960000000043
2026-05-11 23:52:00,18993.960000000043,18993.960000000043
2026-05-12 01:53:00,18993.960000000043,18993.960000000043
2026-05-12 02:53:00,18993.960000000043,18993.960000000043
2026-05-12 03:53:00,18993.960000000043,18993.960000000043
2026-05-12 04:53:00,18993.960000000043,18993.960000000043
2026-05-12 05:53:00,18993.960000000043,18993.960000000043
2026-05-12 06:53:00,18993.960000000043,18993.960000000043
2026-05-12 07:53:00,18993.960000000043,18993.960000000043
2026-05-12 08:53:00,18993.960000000043,18993.960000000043
2026-05-12 09:53:00,18993.960000000043,18993.960000000043
2026-05-12 10:53:00,18993.960000000043,18993.960000000043
2026-05-12 11:53:00,18993.960000000043,18993.960000000043
2026-05-12 12:53:00,18993.960000000043,18993.960000000043
2026-05-12 13:53:00,18993.960000000043,18993.960000000043
2026-05-12 14:53:00,18993.960000000043,18993.960000000043
2026-05-12 15:53:00,18993.960000000043,18993.960000000043
2026-05-12 16:53:00,18993.960000000043,18993.960000000043
2026-05-12 17:53:00,19190.570000000058,19190.570000000058
2026-05-12 18:53:00,19190.570000000058,19190.570000000058
2026-05-12 19:53:00,19190.570000000058,19190.570000000058
2026-05-12 20:53:00,19190.570000000058,19190.570000000058
2026-05-12 21:53:00,19190.570000000058,19190.570000000058
2026-05-12 22:53:00,19190.570000000058,19190.570000000058
2026-05-12 23:53:00,19190.570000000058,19190.570000000058
2026-05-13 01:54:00,19190.570000000058,19190.570000000058
2026-05-13 02:54:00,19190.570000000058,19190.570000000058
2026-05-13 03:54:00,19190.570000000058,19190.570000000058
2026-05-13 04:54:00,19190.570000000058,19190.570000000058
2026-05-13 05:54:00,19190.570000000058,19190.570000000058
2026-05-13 06:54:00,19190.570000000058,19190.570000000058
2026-05-13 07:54:00,19190.570000000058,19190.570000000058
2026-05-13 08:54:00,19190.570000000058,19190.570000000058
2026-05-13 09:54:00,19190.570000000058,19190.570000000058
2026-05-13 10:54:00,19190.570000000058,19190.570000000058
2026-05-13 11:54:00,19190.570000000058,19190.570000000058
2026-05-13 12:54:00,19190.570000000058,19190.570000000058
2026-05-13 13:54:00,19190.570000000058,19190.570000000058
2026-05-13 14:54:00,19190.570000000058,19190.570000000058
2026-05-13 15:54:00,19190.570000000058,19190.570000000058
2026-05-13 16:54:00,19190.570000000058,19190.570000000058
2026-05-13 17:54:00,19190.570000000058,19190.570000000058
2026-05-13 18:54:00,19190.570000000058,19190.570000000058
2026-05-13 19:54:00,19190.570000000058,19190.570000000058
2026-05-13 20:54:00,19190.570000000058,19190.570000000058
2026-05-13 21:54:00,19190.570000000058,19190.570000000058
2026-05-13 22:54:00,19190.570000000058,19190.570000000058
2026-05-13 23:54:00,19190.570000000058,19190.570000000058
2026-05-14 01:55:00,19190.570000000058,19190.570000000058
2026-05-14 02:55:00,19190.570000000058,19190.570000000058
2026-05-14 03:55:00,19190.570000000058,19190.570000000058
2026-05-14 04:55:00,19190.570000000058,19190.570000000058
2026-05-14 05:55:00,19190.570000000058,19190.570000000058
2026-05-14 06:55:00,19190.570000000058,19190.570000000058
2026-05-14 07:55:00,19190.570000000058,19190.570000000058
2026-05-14 08:55:00,19190.570000000058,19190.570000000058
2026-05-14 09:55:00,19499.88000000006,19590.48000000005
2026-05-14 10:55:00,19784.52000000005,19784.52000000005
2026-05-14 11:55:00,19784.52000000005,19784.52000000005
2026-05-14 12:55:00,19784.52000000005,19784.52000000005
2026-05-14 13:55:00,19784.52000000005,19784.52000000005
2026-05-14 14:55:00,19784.52000000005,19784.52000000005
2026-05-14 15:55:00,19784.52000000005,19784.52000000005
2026-05-14 16:55:00,19784.52000000005,19784.52000000005
2026-05-14 17:55:00,19784.52000000005,19784.52000000005
2026-05-14 18:55:00,19784.52000000005,19784.52000000005
2026-05-14 19:55:00,19784.52000000005,19784.52000000005
2026-05-14 20:55:00,19784.52000000005,19784.52000000005
2026-05-14 21:55:00,19784.52000000005,19784.52000000005
2026-05-14 22:55:00,19784.52000000005,19784.52000000005
2026-05-14 23:55:00,19784.52000000005,19784.52000000005
2026-05-15 01:56:00,19784.52000000005,19784.52000000005
2026-05-15 02:56:00,19784.52000000005,19784.52000000005
2026-05-15 03:56:00,19784.52000000005,19784.52000000005
2026-05-15 04:56:00,19834.450000000048,19834.450000000048
2026-05-15 05:56:00,19834.450000000048,19834.450000000048
2026-05-15 06:56:00,19834.450000000048,19834.450000000048
2026-05-15 07:56:00,19834.450000000048,19834.450000000048
2026-05-15 08:56:00,19834.450000000048,19834.450000000048
2026-05-15 09:56:00,19834.450000000048,19834.450000000048
2026-05-15 10:56:00,19834.450000000048,19834.450000000048
2026-05-15 11:56:00,19834.450000000048,19834.450000000048
2026-05-15 12:56:00,19834.450000000048,19834.450000000048
2026-05-15 13:56:00,19834.450000000048,19834.450000000048
2026-05-15 14:56:00,19834.450000000048,19834.450000000048
2026-05-15 15:56:00,19834.450000000048,19834.450000000048
2026-05-15 16:56:00,19834.450000000048,19834.450000000048
2026-05-15 17:56:00,19834.450000000048,19834.450000000048
2026-05-15 18:56:00,19834.450000000048,19834.450000000048
2026-05-15 19:56:00,19834.450000000048,19834.450000000048
2026-05-15 20:56:00,19834.450000000048,19834.450000000048
2026-05-15 21:56:00,19834.450000000048,19834.450000000048
2026-05-15 22:56:00,19834.450000000048,19834.450000000048
2026-05-15 23:56:00,19834.450000000048,19834.450000000048
2026-05-18 01:57:00,19834.450000000048,19834.450000000048
2026-05-18 02:57:00,19834.450000000048,19834.450000000048
2026-05-18 03:57:00,19834.450000000048,19834.450000000048
2026-05-18 04:57:00,19834.450000000048,19834.450000000048
2026-05-18 05:57:00,19834.450000000048,19834.450000000048
2026-05-18 06:57:00,19834.450000000048,19834.450000000048
2026-05-18 07:57:00,19834.450000000048,19834.450000000048
2026-05-18 08:57:00,19834.450000000048,19834.450000000048
2026-05-18 09:57:00,19834.450000000048,19834.450000000048
2026-05-18 10:57:00,19834.450000000048,19834.450000000048
2026-05-18 11:57:00,19834.450000000048,19834.450000000048
2026-05-18 12:57:00,19834.450000000048,19834.450000000048
2026-05-18 13:57:00,19834.450000000048,19834.450000000048
2026-05-18 14:57:00,19834.450000000048,19834.450000000048
2026-05-18 15:57:00,19834.450000000048,19834.450000000048
2026-05-18 16:57:00,19834.450000000048,19834.450000000048
2026-05-18 17:57:00,19890.49000000004,19890.49000000004
2026-05-18 18:57:00,19890.49000000004,19890.49000000004
2026-05-18 19:57:00,19890.49000000004,19890.49000000004
2026-05-18 20:57:00,19890.49000000004,19890.49000000004
2026-05-18 21:57:00,19890.49000000004,19890.49000000004
2026-05-18 22:57:00,19947.770000000044,19975.130000000045
2026-05-18 23:57:00,19946.97000000004,19946.97000000004
2026-05-19 01:58:00,19946.97000000004,19946.97000000004
2026-05-19 02:58:00,19946.97000000004,19946.97000000004
2026-05-19 03:58:00,19946.97000000004,19946.97000000004
2026-05-19 04:58:00,19946.97000000004,19946.97000000004
2026-05-19 05:58:00,19946.97000000004,19946.97000000004
2026-05-19 06:58:00,19946.97000000004,19946.97000000004
2026-05-19 07:58:00,19946.97000000004,19946.97000000004
2026-05-19 08:58:00,19946.97000000004,19946.97000000004
2026-05-19 09:58:00,19946.97000000004,19946.97000000004
2026-05-19 10:58:00,19946.97000000004,19946.97000000004
2026-05-19 11:58:00,19946.97000000004,19946.97000000004
2026-05-19 12:58:00,19946.97000000004,19946.97000000004
2026-05-19 13:58:00,19946.97000000004,19946.97000000004
2026-05-19 14:58:00,19946.97000000004,19946.97000000004
2026-05-19 15:58:00,19946.97000000004,19946.97000000004
2026-05-19 16:58:00,19946.97000000004,19946.97000000004
2026-05-19 17:58:00,19946.97000000004,19946.97000000004
2026-05-19 18:58:00,19946.97000000004,19946.97000000004
2026-05-19 19:58:00,19946.97000000004,19946.97000000004
2026-05-19 20:58:00,19946.97000000004,19946.97000000004
2026-05-19 21:58:00,19946.97000000004,19946.97000000004
2026-05-19 22:58:00,19946.97000000004,19946.97000000004
2026-05-19 23:58:00,19946.97000000004,19946.97000000004
2026-05-20 01:59:00,19946.97000000004,19946.97000000004
2026-05-20 02:59:00,19946.97000000004,19946.97000000004
2026-05-20 03:59:00,19946.97000000004,19946.97000000004
2026-05-20 04:59:00,19946.97000000004,19946.97000000004
2026-05-20 05:59:00,19946.97000000004,19946.97000000004
2026-05-20 06:59:00,19946.97000000004,19946.97000000004
2026-05-20 07:59:00,19946.97000000004,19946.97000000004
2026-05-20 08:59:00,19946.97000000004,19946.97000000004
2026-05-20 09:59:00,19946.97000000004,19946.97000000004
2026-05-20 10:59:00,19946.97000000004,19946.97000000004
2026-05-20 11:59:00,19946.97000000004,19946.97000000004
2026-05-20 12:59:00,19946.97000000004,19946.97000000004
2026-05-20 13:59:00,19946.97000000004,19946.97000000004
2026-05-20 14:59:00,19946.97000000004,19946.97000000004
2026-05-20 15:59:00,19946.97000000004,19946.97000000004
2026-05-20 16:59:00,19946.97000000004,19946.97000000004
2026-05-20 17:59:00,19998.800000000032,19998.800000000032
2026-05-20 18:59:00,19998.800000000032,19998.800000000032
2026-05-20 19:59:00,19998.800000000032,19998.800000000032
2026-05-20 20:59:00,19998.800000000032,19998.800000000032
2026-05-20 21:59:00,19998.800000000032,19998.800000000032
2026-05-20 22:59:00,19998.800000000032,19998.800000000032
2026-05-21 01:00:00,19998.800000000032,19998.800000000032
2026-05-21 02:00:00,19998.800000000032,19998.800000000032
2026-05-21 03:00:00,19998.800000000032,19998.800000000032
2026-05-21 04:00:00,19998.800000000032,19998.800000000032
2026-05-21 05:00:00,19998.800000000032,19998.800000000032
2026-05-21 06:00:00,19998.800000000032,19998.800000000032
2026-05-21 07:00:00,19998.800000000032,19998.800000000032
2026-05-21 08:00:00,19998.800000000032,19998.800000000032
2026-05-21 09:00:00,19998.800000000032,19998.800000000032
2026-05-21 10:00:00,19998.800000000032,19998.800000000032
2026-05-21 11:00:00,20055.200000000033,20120.00000000004
2026-05-21 12:00:00,20200.280000000035,20200.280000000035
2026-05-21 13:00:00,20200.280000000035,20200.280000000035
2026-05-21 14:00:00,20200.280000000035,20200.280000000035
2026-05-21 15:00:00,20256.28000000003,20282.250000000033
2026-05-21 16:00:00,20255.580000000027,20255.580000000027
2026-05-21 17:00:00,20255.580000000027,20255.580000000027
2026-05-21 18:00:00,20255.580000000027,20255.580000000027
2026-05-21 19:00:00,20255.580000000027,20255.580000000027
2026-05-21 20:00:00,20255.580000000027,20255.580000000027
2026-05-21 21:00:00,20255.580000000027,20255.580000000027
2026-05-21 22:00:00,20255.580000000027,20255.580000000027
2026-05-21 23:00:00,20255.580000000027,20255.580000000027
2026-05-22 01:01:00,20255.580000000027,20255.580000000027
2026-05-22 02:01:00,20255.580000000027,20255.580000000027
2026-05-22 03:01:00,20255.580000000027,20255.580000000027
2026-05-22 04:01:00,20314.340000000037,20399.880000000034
2026-05-22 05:01:00,20313.040000000045,20313.040000000045
2026-05-22 06:01:00,20313.040000000045,20313.040000000045
2026-05-22 07:01:00,20313.040000000045,20313.040000000045
2026-05-22 08:01:00,20313.040000000045,20313.040000000045
2026-05-22 09:01:00,20313.040000000045,20313.040000000045
2026-05-22 10:01:00,20313.040000000045,20313.040000000045
2026-05-22 11:01:00,20313.040000000045,20313.040000000045
2026-05-22 12:01:00,20313.040000000045,20313.040000000045
2026-05-22 13:01:00,20313.040000000045,20313.040000000045
2026-05-22 14:01:00,20313.040000000045,20313.040000000045
2026-05-22 15:01:00,20313.040000000045,20313.040000000045
2026-05-22 16:01:00,20313.040000000045,20313.040000000045
2026-05-22 17:01:00,20313.040000000045,20313.040000000045
2026-05-22 18:01:00,20313.040000000045,20313.040000000045
2026-05-22 19:01:00,20313.040000000045,20313.040000000045
2026-05-22 20:01:00,20313.040000000045,20313.040000000045
2026-05-22 21:01:00,20313.040000000045,20313.040000000045
2026-05-22 22:01:00,20313.040000000045,20313.040000000045
2026-05-22 23:01:00,20313.040000000045,20313.040000000045
2026-05-25 01:02:00,20313.040000000045,20313.040000000045
2026-05-25 02:02:00,20313.040000000045,20313.040000000045
2026-05-25 03:02:00,20313.040000000045,20313.040000000045
2026-05-25 04:02:00,20313.040000000045,20313.040000000045
2026-05-25 05:02:00,20313.040000000045,20313.040000000045
2026-05-25 06:02:00,20313.040000000045,20313.040000000045
2026-05-25 07:02:00,20313.040000000045,20313.040000000045
2026-05-25 08:02:00,20313.040000000045,20313.040000000045
2026-05-25 09:02:00,20313.040000000045,20313.040000000045
2026-05-25 10:02:00,20313.040000000045,20313.040000000045
2026-05-25 11:02:00,20313.040000000045,20313.040000000045
2026-05-25 12:02:00,20313.040000000045,20313.040000000045
2026-05-25 13:02:00,20313.040000000045,20313.040000000045
2026-05-25 14:02:00,20313.040000000045,20313.040000000045
2026-05-25 15:02:00,20313.040000000045,20313.040000000045
2026-05-25 16:02:00,20313.040000000045,20313.040000000045
2026-05-25 17:02:00,20313.040000000045,20313.040000000045
2026-05-25 18:02:00,20313.040000000045,20313.040000000045
2026-05-25 19:02:00,20313.040000000045,20313.040000000045
2026-05-25 20:02:00,20313.040000000045,20313.040000000045
2026-05-25 21:02:00,20313.040000000045,20313.040000000045
2026-05-25 22:03:00,20313.040000000045,20313.040000000045
2026-05-26 01:54:00,20313.040000000045,20313.040000000045
2026-05-26 02:54:00,20313.040000000045,20313.040000000045
2026-05-26 03:54:00,20312.690000000046,20279.640000000047
2026-05-26 04:54:00,20312.690000000046,20243.99000000005
2026-05-26 05:54:00,20312.690000000046,20230.190000000046
2026-05-26 06:54:00,20312.690000000046,20281.74000000005
2026-05-26 07:54:00,20312.690000000046,20206.840000000047
2026-05-26 08:54:00,20312.690000000046,20203.190000000046
2026-05-26 09:54:00,20312.690000000046,20225.790000000045
2026-05-26 10:54:00,20312.690000000046,20226.690000000046
2026-05-26 11:54:00,20312.690000000046,20189.490000000045
2026-05-26 12:54:00,20312.690000000046,20163.690000000046
2026-05-26 13:54:00,20312.690000000046,20241.940000000046
2026-05-26 14:54:00,20116.640000000047,20116.640000000047
2026-05-26 15:54:00,20116.640000000047,20116.640000000047
2026-05-26 16:54:00,20116.640000000047,20116.640000000047
2026-05-26 17:54:00,20172.04000000004,20172.04000000004
2026-05-26 18:54:00,20172.04000000004,20172.04000000004
2026-05-26 19:54:00,20172.04000000004,20172.04000000004
2026-05-26 20:54:00,20172.04000000004,20172.04000000004
2026-05-26 21:54:00,20172.04000000004,20172.04000000004
2026-05-26 22:54:00,20172.04000000004,20172.04000000004
2026-05-26 23:54:00,20172.04000000004,20172.04000000004
2026-05-27 01:55:00,20172.04000000004,20172.04000000004
2026-05-27 02:55:00,20172.04000000004,20172.04000000004
2026-05-27 03:55:00,20172.04000000004,20172.04000000004
2026-05-27 04:55:00,20172.04000000004,20172.04000000004
2026-05-27 05:55:00,20172.04000000004,20172.04000000004
2026-05-27 06:55:00,20172.04000000004,20172.04000000004
2026-05-27 07:55:00,20172.04000000004,20172.04000000004
2026-05-27 08:55:00,20172.04000000004,20172.04000000004
2026-05-27 09:55:00,20172.04000000004,20172.04000000004
2026-05-27 10:55:00,20172.04000000004,20172.04000000004
2026-05-27 11:55:00,20172.04000000004,20172.04000000004
2026-05-27 12:55:00,20172.04000000004,20172.04000000004
2026-05-27 13:55:00,20172.04000000004,20172.04000000004
2026-05-27 14:55:00,20172.04000000004,20172.04000000004
2026-05-27 15:55:00,20172.04000000004,20172.04000000004
2026-05-27 16:55:00,20172.04000000004,20172.04000000004
2026-05-27 17:55:00,20172.04000000004,20172.04000000004
2026-05-27 18:55:00,20172.04000000004,20172.04000000004
2026-05-27 19:55:00,20172.04000000004,20172.04000000004
2026-05-27 20:55:00,20172.04000000004,20172.04000000004
2026-05-27 21:55:00,20172.04000000004,20172.04000000004
2026-05-27 22:55:00,20172.04000000004,20172.04000000004
2026-05-27 23:55:00,20172.04000000004,20172.04000000004
2026-05-28 01:56:00,20172.04000000004,20172.04000000004
2026-05-28 02:56:00,20172.04000000004,20172.04000000004
2026-05-28 03:56:00,20172.04000000004,20172.04000000004
2026-05-28 04:56:00,20172.04000000004,20172.04000000004
2026-05-28 05:56:00,20172.04000000004,20172.04000000004
2026-05-28 06:56:00,20172.04000000004,20172.04000000004
2026-05-28 07:56:00,20172.04000000004,20172.04000000004
2026-05-28 08:56:00,20172.04000000004,20172.04000000004
2026-05-28 09:56:00,20172.04000000004,20172.04000000004
2026-05-28 10:56:00,20172.04000000004,20172.04000000004
2026-05-28 11:56:00,20172.04000000004,20172.04000000004
2026-05-28 12:56:00,20172.04000000004,20172.04000000004
2026-05-28 13:56:00,20172.04000000004,20172.04000000004
2026-05-28 14:56:00,20172.04000000004,20172.04000000004
2026-05-28 15:56:00,20172.04000000004,20172.04000000004
2026-05-28 16:56:00,20227.230000000036,20294.830000000038
2026-05-28 17:56:00,20384.13000000004,20384.13000000004
2026-05-28 18:56:00,20384.13000000004,20384.13000000004
2026-05-28 19:56:00,20384.13000000004,20384.13000000004
2026-05-28 20:56:00,20384.13000000004,20384.13000000004
2026-05-28 21:56:00,20384.13000000004,20384.13000000004
2026-05-28 22:56:00,20384.13000000004,20384.13000000004
2026-05-28 23:56:00,20382.940000000042,20352.170000000035
2026-05-29 01:57:00,20372.83000000004,20277.870000000017
2026-05-29 02:57:00,20372.83000000004,20333.07000000002
2026-05-29 03:57:00,20429.60000000003,20375.71000000003
2026-05-29 04:57:00,20643.190000000024,20643.190000000024
2026-05-29 05:57:00,20643.190000000024,20643.190000000024
2026-05-29 06:57:00,20643.190000000024,20643.190000000024
2026-05-29 07:57:00,20643.190000000024,20643.190000000024
2026-05-29 08:57:00,20643.190000000024,20643.190000000024
2026-05-29 09:57:00,20643.190000000024,20643.190000000024
2026-05-29 10:57:00,20643.190000000024,20643.190000000024
2026-05-29 11:57:00,20435.560000000027,20435.560000000027
2026-05-29 12:57:00,20435.560000000027,20435.560000000027
2026-05-29 13:57:00,20435.560000000027,20435.560000000027
2026-05-29 14:57:00,20435.560000000027,20435.560000000027
2026-05-29 15:57:00,20435.560000000027,20435.560000000027
2026-05-29 16:57:00,20435.560000000027,20435.560000000027
2026-05-29 17:57:00,20435.560000000027,20435.560000000027
2026-05-29 18:57:00,20435.560000000027,20435.560000000027
2026-05-29 19:57:00,20435.560000000027,20435.560000000027
2026-05-29 20:57:00,20434.650000000027,20397.600000000035
2026-05-29 21:57:00,20434.650000000027,20427.11000000003
2026-05-29 22:57:00,20434.650000000027,20287.880000000026
2026-05-29 23:57:00,20242.51000000003,20242.51000000003
2026-06-01 01:58:00,20242.51000000003,20242.51000000003
2026-06-01 02:58:00,20242.51000000003,20242.51000000003
2026-06-01 03:58:00,20242.51000000003,20242.51000000003
2026-06-01 04:58:00,20242.51000000003,20242.51000000003
2026-06-01 05:58:00,20242.51000000003,20242.51000000003
2026-06-01 06:58:00,20242.51000000003,20242.51000000003
2026-06-01 07:58:00,20242.51000000003,20242.51000000003
2026-06-01 08:58:00,20242.51000000003,20242.51000000003
2026-06-01 09:58:00,20242.51000000003,20242.51000000003
2026-06-01 10:58:00,20242.51000000003,20242.51000000003
2026-06-01 11:58:00,20242.51000000003,20242.51000000003
2026-06-01 12:58:00,20242.51000000003,20242.51000000003
2026-06-01 13:58:00,20242.51000000003,20242.51000000003
2026-06-01 14:58:00,20242.51000000003,20242.51000000003
2026-06-01 15:58:00,20242.51000000003,20242.51000000003
2026-06-01 16:58:00,20242.090000000033,20135.170000000035
2026-06-01 17:58:00,20242.090000000033,20170.21000000003
2026-06-01 18:58:00,20242.090000000033,20271.670000000035
2026-06-01 19:58:00,20242.090000000033,20305.33000000003
2026-06-01 20:58:00,20294.950000000033,20351.920000000035
2026-06-01 21:58:00,20294.950000000033,20350.240000000034
2026-06-01 22:58:00,20294.950000000033,20330.320000000032
2026-06-01 23:58:00,20294.950000000033,20342.980000000032
2026-06-02 01:59:00,20293.450000000033,20344.180000000033
2026-06-02 02:59:00,20293.450000000033,20340.610000000033
2026-06-02 03:59:00,20293.450000000033,20332.060000000034
2026-06-02 04:59:00,20293.150000000034,20293.150000000034
2026-06-02 05:59:00,20293.150000000034,20293.150000000034
2026-06-02 06:59:00,20293.150000000034,20293.150000000034
2026-06-02 07:59:00,20293.150000000034,20293.150000000034
2026-06-02 08:59:00,20293.150000000034,20293.150000000034
2026-06-02 09:59:00,20293.150000000034,20293.150000000034
2026-06-02 10:59:00,20293.150000000034,20293.150000000034
2026-06-02 11:59:00,20293.150000000034,20293.150000000034
2026-06-02 12:59:00,20293.150000000034,20293.150000000034
2026-06-02 13:59:00,20293.150000000034,20293.150000000034
2026-06-02 14:59:00,20293.150000000034,20293.150000000034
2026-06-02 15:59:00,20292.310000000034,20285.710000000032
2026-06-02 16:59:00,20348.350000000028,20348.350000000028
2026-06-02 17:59:00,20348.350000000028,20348.350000000028
2026-06-02 18:59:00,20348.350000000028,20348.350000000028
2026-06-02 19:59:00,20348.350000000028,20348.350000000028
2026-06-02 20:59:00,20348.350000000028,20348.350000000028
2026-06-02 21:59:00,20348.350000000028,20348.350000000028
2026-06-02 22:59:00,20348.350000000028,20348.350000000028
2026-06-03 01:00:00,20348.350000000028,20348.350000000028
2026-06-03 02:00:00,20348.350000000028,20348.350000000028
2026-06-03 03:00:00,20348.350000000028,20348.350000000028
2026-06-03 04:00:00,20348.350000000028,20348.350000000028
2026-06-03 05:00:00,20348.350000000028,20348.350000000028
2026-06-03 06:00:00,20348.350000000028,20348.350000000028
2026-06-03 07:00:00,20348.350000000028,20348.350000000028
2026-06-03 08:00:00,20348.350000000028,20348.350000000028
2026-06-03 09:00:00,20348.350000000028,20348.350000000028
2026-06-03 10:00:00,20348.350000000028,20348.350000000028
2026-06-03 11:00:00,20348.350000000028,20348.350000000028
2026-06-03 12:00:00,20348.350000000028,20348.350000000028
2026-06-03 13:00:00,20348.350000000028,20348.350000000028
2026-06-03 14:00:00,20348.350000000028,20348.350000000028
2026-06-03 15:00:00,20348.350000000028,20348.350000000028
2026-06-03 16:00:00,20348.350000000028,20348.350000000028
2026-06-03 17:00:00,20348.350000000028,20348.350000000028
2026-06-03 18:00:00,20348.350000000028,20348.350000000028
2026-06-03 19:00:00,20348.350000000028,20348.350000000028
2026-06-03 20:00:00,20348.350000000028,20348.350000000028
2026-06-03 21:00:00,20406.870000000028,20511.150000000023
2026-06-03 22:00:00,20406.870000000028,20465.17000000003
2026-06-03 23:00:00,20405.770000000026,20405.770000000026
2026-06-04 01:01:00,20405.770000000026,20405.770000000026
2026-06-04 02:01:00,20405.770000000026,20405.770000000026
2026-06-04 03:01:00,20405.770000000026,20405.770000000026
2026-06-04 04:01:00,20405.770000000026,20405.770000000026
2026-06-04 05:01:00,20405.770000000026,20405.770000000026
2026-06-04 06:01:00,20405.770000000026,20405.770000000026
2026-06-04 07:01:00,20405.770000000026,20405.770000000026
2026-06-04 08:01:00,20405.770000000026,20405.770000000026
2026-06-04 09:01:00,20405.770000000026,20405.770000000026
2026-06-04 10:01:00,20405.770000000026,20405.770000000026
2026-06-04 11:01:00,20405.770000000026,20405.770000000026
2026-06-04 12:01:00,20405.770000000026,20405.770000000026
2026-06-04 13:01:00,20405.770000000026,20405.770000000026
2026-06-04 14:01:00,20405.770000000026,20405.770000000026
2026-06-04 15:01:00,20405.770000000026,20405.770000000026
2026-06-04 16:01:00,20405.770000000026,20405.770000000026
2026-06-04 17:01:00,20405.770000000026,20405.770000000026
2026-06-04 18:01:00,20202.190000000017,20202.190000000017
2026-06-04 19:01:00,20202.190000000017,20202.190000000017
2026-06-04 20:01:00,20202.190000000017,20202.190000000017
2026-06-04 21:01:00,20202.190000000017,20202.190000000017
2026-06-04 22:01:00,20202.190000000017,20202.190000000017
2026-06-04 23:01:00,20202.190000000017,20202.190000000017
2026-06-05 01:02:00,20202.190000000017,20202.190000000017
2026-06-05 02:02:00,20202.190000000017,20202.190000000017
2026-06-05 03:02:00,20202.190000000017,20202.190000000017
2026-06-05 04:02:00,20202.190000000017,20202.190000000017
2026-06-05 05:02:00,20202.190000000017,20202.190000000017
2026-06-05 06:02:00,20202.190000000017,20202.190000000017
2026-06-05 07:02:00,20202.190000000017,20202.190000000017
2026-06-05 08:02:00,20202.190000000017,20202.190000000017
2026-06-05 09:02:00,20202.190000000017,20202.190000000017
2026-06-05 10:02:00,20409.440000000017,20409.440000000017
2026-06-05 11:02:00,20409.440000000017,20409.440000000017
2026-06-05 12:02:00,20409.440000000017,20409.440000000017
2026-06-05 13:02:00,20409.440000000017,20409.440000000017
2026-06-05 14:02:00,20409.440000000017,20409.440000000017
2026-06-05 15:02:00,20409.440000000017,20409.440000000017
2026-06-05 16:02:00,20206.230000000025,20169.69000000003
2026-06-05 17:02:00,20011.700000000026,20011.700000000026
2026-06-05 18:02:00,20011.700000000026,20011.700000000026
2026-06-05 19:02:00,20011.700000000026,20011.700000000026
2026-06-05 20:02:00,20011.700000000026,20011.700000000026
2026-06-05 21:02:00,20011.700000000026,20011.700000000026
2026-06-05 22:02:00,20011.700000000026,20011.700000000026
2026-06-05 23:02:00,20011.700000000026,20011.700000000026
2026-06-08 01:03:00,20011.700000000026,20011.700000000026
2026-06-08 02:03:00,20011.700000000026,20011.700000000026
2026-06-08 03:03:00,20011.700000000026,20011.700000000026
2026-06-08 04:03:00,20011.700000000026,20011.700000000026
2026-06-08 05:03:00,20011.700000000026,20011.700000000026
2026-06-08 06:03:00,20011.700000000026,20011.700000000026
2026-06-08 07:03:00,20011.700000000026,20011.700000000026
2026-06-08 08:03:00,20011.700000000026,20011.700000000026
2026-06-08 09:03:00,20011.700000000026,20011.700000000026
2026-06-08 10:03:00,20011.700000000026,20011.700000000026
2026-06-08 11:03:00,20011.700000000026,20011.700000000026
2026-06-08 12:03:00,20011.700000000026,20011.700000000026
2026-06-08 13:03:00,20011.700000000026,20011.700000000026
2026-06-08 14:03:00,20011.700000000026,20011.700000000026
2026-06-08 15:03:00,20011.700000000026,20011.700000000026
2026-06-08 16:03:00,20011.700000000026,20011.700000000026
2026-06-08 17:03:00,20011.700000000026,20011.700000000026
2026-06-08 18:03:00,20010.860000000026,19916.54000000002
2026-06-08 19:03:00,19810.46000000003,19810.46000000003
2026-06-08 20:03:00,19810.46000000003,19810.46000000003
2026-06-08 21:03:00,19810.46000000003,19810.46000000003
2026-06-08 22:03:00,19810.46000000003,19810.46000000003
2026-06-08 23:03:00,19810.46000000003,19810.46000000003
2026-06-09 01:04:00,19810.46000000003,19810.46000000003
2026-06-09 02:04:00,19810.46000000003,19810.46000000003
2026-06-09 03:04:00,19810.46000000003,19810.46000000003
2026-06-09 04:04:00,19810.46000000003,19810.46000000003
2026-06-09 05:04:00,19810.46000000003,19810.46000000003
2026-06-09 06:04:00,19810.46000000003,19810.46000000003
2026-06-09 07:04:00,19810.46000000003,19810.46000000003
2026-06-09 08:04:00,19810.46000000003,19810.46000000003
2026-06-09 09:04:00,19810.46000000003,19810.46000000003
2026-06-09 10:04:00,19810.46000000003,19810.46000000003
2026-06-09 11:04:00,19810.46000000003,19810.46000000003
2026-06-09 12:04:00,19810.46000000003,19810.46000000003
2026-06-09 13:04:00,19810.46000000003,19810.46000000003
2026-06-09 14:04:00,19810.46000000003,19810.46000000003
2026-06-09 15:04:00,19810.46000000003,19810.46000000003
2026-06-09 16:04:00,19810.46000000003,19810.46000000003
2026-06-09 17:04:00,19810.46000000003,19810.46000000003
2026-06-09 18:04:00,19810.46000000003,19810.46000000003
2026-06-09 19:04:00,19810.46000000003,19810.46000000003
2026-06-09 20:04:00,19810.46000000003,19810.46000000003
2026-06-09 21:04:00,19810.46000000003,19810.46000000003
2026-06-09 22:04:00,19810.46000000003,19810.46000000003
2026-06-09 23:04:00,19810.46000000003,19810.46000000003
2026-06-10 01:05:00,19810.46000000003,19810.46000000003
2026-06-10 02:05:00,19810.46000000003,19810.46000000003
2026-06-10 03:05:00,19810.46000000003,19810.46000000003
2026-06-10 04:05:00,19810.46000000003,19810.46000000003
2026-06-10 05:05:00,19810.46000000003,19810.46000000003
2026-06-10 06:05:00,19810.46000000003,19810.46000000003
2026-06-10 07:05:00,19810.46000000003,19810.46000000003
2026-06-10 08:05:00,19810.46000000003,19810.46000000003
2026-06-10 09:05:00,19810.46000000003,19810.46000000003
2026-06-10 10:05:00,19810.46000000003,19810.46000000003
2026-06-10 11:05:00,19810.46000000003,19810.46000000003
2026-06-10 12:05:00,19810.46000000003,19810.46000000003
2026-06-10 13:05:00,19810.46000000003,19810.46000000003
2026-06-10 14:05:00,19810.46000000003,19810.46000000003
2026-06-10 15:05:00,19810.46000000003,19810.46000000003
2026-06-10 16:05:00,19810.46000000003,19810.46000000003
2026-06-10 17:05:00,19810.46000000003,19810.46000000003
2026-06-10 18:05:00,19810.46000000003,19810.46000000003
2026-06-10 19:05:00,19810.46000000003,19810.46000000003
2026-06-10 20:05:00,19810.46000000003,19810.46000000003
2026-06-10 21:05:00,19810.46000000003,19810.46000000003
2026-06-10 22:05:00,19810.46000000003,19810.46000000003
2026-06-10 23:05:00,19810.46000000003,19810.46000000003
2026-06-11 01:06:00,19810.46000000003,19810.46000000003
2026-06-11 02:06:00,19810.46000000003,19810.46000000003
2026-06-11 03:06:00,19810.46000000003,19810.46000000003
2026-06-11 04:06:00,19810.46000000003,19810.46000000003
2026-06-11 05:06:00,19810.46000000003,19810.46000000003
2026-06-11 06:06:00,19810.46000000003,19810.46000000003
2026-06-11 07:06:00,19810.46000000003,19810.46000000003
2026-06-11 08:06:00,19810.46000000003,19810.46000000003
2026-06-11 09:06:00,19810.46000000003,19810.46000000003
2026-06-11 10:06:00,19810.46000000003,19810.46000000003
2026-06-11 11:06:00,19810.46000000003,19810.46000000003
2026-06-11 12:06:00,19810.46000000003,19810.46000000003
2026-06-11 13:06:00,19810.46000000003,19810.46000000003
2026-06-11 14:06:00,19810.46000000003,19810.46000000003
2026-06-11 15:06:00,19810.46000000003,19810.46000000003
2026-06-11 16:06:00,19810.46000000003,19810.46000000003
2026-06-11 17:06:00,19810.46000000003,19810.46000000003
2026-06-11 18:06:00,19810.46000000003,19810.46000000003
2026-06-11 19:06:00,19810.46000000003,19810.46000000003
2026-06-11 20:06:00,19810.46000000003,19810.46000000003
2026-06-11 21:06:00,19810.46000000003,19810.46000000003
2026-06-11 22:06:00,19810.46000000003,19810.46000000003
2026-06-11 23:06:00,19810.46000000003,19810.46000000003
2026-06-12 01:07:00,19810.46000000003,19810.46000000003
2026-06-12 02:07:00,19810.46000000003,19810.46000000003
2026-06-12 03:07:00,19810.46000000003,19810.46000000003
2026-06-12 04:07:00,19833.290000000026,19885.64000000002
2026-06-12 05:07:00,19831.790000000034,19831.790000000034
2026-06-12 06:07:00,19831.790000000034,19831.790000000034
2026-06-12 07:07:00,19831.790000000034,19831.790000000034
2026-06-12 08:07:00,19831.790000000034,19831.790000000034
2026-06-12 09:07:00,19831.790000000034,19831.790000000034
2026-06-12 10:07:00,19831.790000000034,19831.790000000034
2026-06-12 11:07:00,19831.790000000034,19831.790000000034
2026-06-12 12:07:00,19831.790000000034,19831.790000000034
2026-06-12 13:07:00,19831.790000000034,19831.790000000034
2026-06-12 14:07:00,19831.790000000034,19831.790000000034
2026-06-12 15:07:00,19831.790000000034,19831.790000000034
2026-06-12 16:07:00,19831.790000000034,19831.790000000034
2026-06-12 17:07:00,19831.790000000034,19831.790000000034
2026-06-12 18:07:00,19831.790000000034,19831.790000000034
2026-06-12 19:07:00,19831.790000000034,19831.790000000034
2026-06-12 20:07:00,19831.790000000034,19831.790000000034
2026-06-12 21:07:00,19831.790000000034,19831.790000000034
2026-06-12 22:07:00,19831.790000000034,19831.790000000034
2026-06-12 23:07:00,19831.790000000034,19831.790000000034
2026-06-15 01:08:00,19831.790000000034,19831.790000000034
2026-06-15 02:08:00,19831.790000000034,19831.790000000034
2026-06-15 03:08:00,19831.790000000034,19831.790000000034
2026-06-15 04:08:00,19831.790000000034,19831.790000000034
2026-06-15 05:08:00,19831.790000000034,19831.790000000034
2026-06-15 06:08:00,19831.790000000034,19831.790000000034
2026-06-15 07:08:00,19831.790000000034,19831.790000000034
2026-06-15 08:08:00,19831.790000000034,19831.790000000034
2026-06-15 09:08:00,19831.790000000034,19831.790000000034
2026-06-15 10:08:00,19831.790000000034,19831.790000000034
2026-06-15 11:08:00,19831.790000000034,19831.790000000034
2026-06-15 12:08:00,19831.790000000034,19831.790000000034
2026-06-15 13:08:00,19831.790000000034,19831.790000000034
2026-06-15 14:08:00,19831.790000000034,19831.790000000034
2026-06-15 15:08:00,19831.790000000034,19831.790000000034
2026-06-15 16:08:00,19831.790000000034,19831.790000000034
2026-06-15 17:08:00,19831.790000000034,19831.790000000034
2026-06-15 18:08:00,19831.790000000034,19831.790000000034
2026-06-15 19:08:00,19831.790000000034,19831.790000000034
2026-06-15 20:08:00,19831.790000000034,19831.790000000034
2026-06-15 21:08:00,19831.790000000034,19831.790000000034
2026-06-15 22:08:00,19831.790000000034,19831.790000000034
2026-06-15 23:08:00,19831.790000000034,19831.790000000034
2026-06-16 01:09:00,19831.790000000034,19831.790000000034
2026-06-16 02:09:00,19831.790000000034,19831.790000000034
2026-06-16 03:09:00,19831.790000000034,19831.790000000034
2026-06-16 04:09:00,19831.790000000034,19831.790000000034
2026-06-16 05:09:00,19831.790000000034,19831.790000000034
2026-06-16 06:09:00,19831.790000000034,19831.790000000034
2026-06-16 07:09:00,19831.790000000034,19831.790000000034
2026-06-16 08:09:00,19831.790000000034,19831.790000000034
2026-06-16 09:09:00,19831.790000000034,19831.790000000034
2026-06-16 10:09:00,19831.790000000034,19831.790000000034
2026-06-16 11:09:00,19831.790000000034,19831.790000000034
2026-06-16 12:09:00,19831.790000000034,19831.790000000034
2026-06-16 13:09:00,19831.790000000034,19831.790000000034
2026-06-16 14:09:00,19831.790000000034,19831.790000000034
2026-06-16 15:09:00,19831.790000000034,19831.790000000034
2026-06-16 16:09:00,19831.790000000034,19831.790000000034
2026-06-16 17:09:00,19831.790000000034,19831.790000000034
2026-06-16 18:09:00,19831.790000000034,19831.790000000034
2026-06-16 19:09:00,19829.480000000036,19855.790000000008
2026-06-16 20:09:00,19829.480000000036,19930.370000000014
2026-06-16 21:09:00,19973.12000000003,20004.22000000003
2026-06-16 22:09:00,19973.12000000003,19998.02000000003
2026-06-16 23:09:00,19973.12000000003,20084.520000000026
2026-06-17 01:10:00,19977.62000000003,20083.82000000003
2026-06-17 02:10:00,19977.62000000003,20054.22000000003
2026-06-17 03:10:00,19977.62000000003,20019.020000000033
2026-06-17 04:10:00,19976.620000000028,19976.620000000028
2026-06-17 05:10:00,19976.620000000028,19976.620000000028
2026-06-17 06:10:00,19976.620000000028,19976.620000000028
2026-06-17 07:10:00,19976.620000000028,19976.620000000028
2026-06-17 08:10:00,19976.620000000028,19976.620000000028
2026-06-17 09:10:00,19976.620000000028,19976.620000000028
2026-06-17 10:10:00,19976.620000000028,19976.620000000028
2026-06-17 11:10:00,19976.620000000028,19976.620000000028
2026-06-17 12:10:00,19976.620000000028,19976.620000000028
2026-06-17 13:10:00,19976.620000000028,19976.620000000028
2026-06-17 14:10:00,19976.620000000028,19976.620000000028
2026-06-17 15:10:00,19976.620000000028,19976.620000000028
2026-06-17 16:10:00,19976.620000000028,19976.620000000028
2026-06-17 17:10:00,19976.620000000028,19976.620000000028
2026-06-17 18:10:00,19976.620000000028,19976.620000000028
2026-06-17 19:10:00,19976.620000000028,19976.620000000028
2026-06-17 20:10:00,19976.620000000028,19976.620000000028
2026-06-17 21:10:00,20261.22000000003,20900.530000000028
2026-06-17 22:10:00,20601.59000000003,21062.430000000026
2026-06-17 23:10:00,21096.47000000003,21066.15000000003
2026-06-18 01:11:00,21094.47000000003,21107.43000000003
2026-06-18 02:11:00,21094.47000000003,21155.190000000028
2026-06-18 03:11:00,21151.07000000003,21217.190000000028
2026-06-18 04:11:00,21151.07000000003,21278.990000000027
2026-06-18 05:11:00,21151.07000000003,21278.950000000026
2026-06-18 06:11:00,21151.07000000003,21248.57000000003
2026-06-18 07:11:00,21149.39000000003,21292.33000000003
2026-06-18 08:11:00,21178.790000000037,21289.410000000036
2026-06-18 09:11:00,21178.790000000037,21253.950000000037
2026-06-18 10:11:00,21178.790000000037,21269.87000000004
2026-06-18 11:11:00,21177.880000000037,21173.97000000005
2026-06-18 12:11:00,20974.750000000044,20974.750000000044
2026-06-18 13:11:00,20974.750000000044,20974.750000000044
2026-06-18 14:11:00,20974.750000000044,20974.750000000044
2026-06-18 15:11:00,20974.750000000044,20974.750000000044
2026-06-18 16:11:00,20974.750000000044,20974.750000000044
2026-06-18 17:11:00,20974.750000000044,20974.750000000044
2026-06-18 18:11:00,20974.750000000044,20974.750000000044
2026-06-18 19:11:00,20974.750000000044,20974.750000000044
2026-06-18 20:11:00,20974.750000000044,20974.750000000044
2026-06-18 21:11:00,20974.750000000044,20974.750000000044
2026-06-18 22:11:00,20974.750000000044,20974.750000000044
2026-06-18 23:11:00,20974.750000000044,20974.750000000044
2026-06-19 01:12:00,20974.750000000044,20974.750000000044
2026-06-19 02:12:00,20974.750000000044,20974.750000000044
2026-06-19 03:12:00,20974.750000000044,20974.750000000044
2026-06-19 04:12:00,20974.750000000044,20974.750000000044
2026-06-19 05:12:00,20974.750000000044,20974.750000000044
2026-06-19 06:12:00,20974.750000000044,20974.750000000044
2026-06-19 07:12:00,20974.750000000044,20974.750000000044
2026-06-19 08:12:00,20974.260000000042,20950.46000000004
2026-06-19 09:12:00,20974.260000000042,21068.97000000004
2026-06-19 10:12:00,20991.95000000004,21138.110000000037
2026-06-19 11:12:00,21027.34000000004,21203.540000000037
2026-06-19 12:12:00,21027.34000000004,21203.09000000004
2026-06-19 13:12:00,21027.34000000004,21144.890000000036
2026-06-19 14:12:00,21027.34000000004,21102.54000000004
2026-06-19 15:12:00,21027.34000000004,21159.14000000004
2026-06-19 16:12:00,21027.34000000004,21228.890000000036
2026-06-19 17:12:00,21027.34000000004,21116.790000000037
2026-06-19 18:12:00,21027.34000000004,21117.74000000004
2026-06-19 19:12:00,21027.34000000004,21095.790000000037
2026-06-22 01:11:00,21024.84000000004,21120.540000000037
2026-06-22 02:11:00,21024.84000000004,21169.540000000037
2026-06-22 03:11:00,21024.84000000004,21132.54000000004
2026-06-22 04:11:00,21095.62000000004,21410.26000000004
2026-06-22 05:11:00,20882.500000000033,21110.460000000032
2026-06-22 06:11:00,20882.500000000033,21092.54000000003
2026-06-22 07:11:00,20882.500000000033,21065.90000000003
2026-06-22 08:11:00,20882.500000000033,21087.020000000033
2026-06-22 09:11:00,20882.500000000033,21137.980000000032
2026-06-22 10:11:00,20882.500000000033,21155.26000000003
2026-06-22 11:11:00,20882.500000000033,21116.90000000003
2026-06-22 12:11:00,20882.500000000033,21181.460000000032
2026-06-22 13:11:00,20882.500000000033,21210.74000000003
2026-06-22 14:11:00,20882.500000000033,21188.020000000033
2026-06-22 15:11:00,20882.500000000033,21187.78000000003
2026-06-22 16:11:00,20882.500000000033,21128.660000000033
2026-06-22 17:11:00,20882.500000000033,21164.660000000033
2026-06-22 18:11:00,20882.500000000033,21150.700000000033
2026-06-22 19:11:00,20882.500000000033,21057.78000000003
2026-06-22 20:11:00,20882.500000000033,21109.58000000003
2026-06-22 21:11:00,20882.500000000033,21096.980000000032
2026-06-22 22:11:00,20882.500000000033,21123.10000000003
2026-06-22 23:11:00,20882.500000000033,21121.94000000003
2026-06-23 01:12:00,20880.500000000033,21124.62000000003
2026-06-23 02:12:00,20880.500000000033,21118.54000000003
2026-06-23 03:12:00,20880.500000000033,21072.500000000033
2026-06-23 04:12:00,20880.500000000033,21099.660000000033
2026-06-23 05:12:00,20880.500000000033,20961.94000000003
2026-06-23 06:12:00,20880.500000000033,20919.460000000032
2026-06-23 07:12:00,20880.10000000003,20880.10000000003
2026-06-23 08:12:00,20880.10000000003,20880.10000000003
2026-06-23 09:12:00,20880.10000000003,20880.10000000003
2026-06-23 10:12:00,20880.10000000003,20880.10000000003
2026-06-23 11:12:00,20880.10000000003,20880.10000000003
2026-06-23 12:12:00,20880.10000000003,20880.10000000003
2026-06-23 13:12:00,20880.10000000003,20880.10000000003
2026-06-23 14:12:00,20880.10000000003,20880.10000000003
2026-06-23 15:12:00,20880.10000000003,20880.10000000003
2026-06-23 16:12:00,20880.10000000003,20880.10000000003
2026-06-23 17:12:00,20880.10000000003,20880.10000000003
2026-06-23 18:12:00,20880.10000000003,20880.10000000003
2026-06-23 19:12:00,20880.10000000003,20880.10000000003
2026-06-23 20:12:00,20880.10000000003,20880.10000000003
2026-06-23 21:12:00,20880.10000000003,20880.10000000003
2026-06-23 22:12:00,20880.10000000003,20880.10000000003
2026-06-23 23:12:00,20880.10000000003,20880.10000000003
2026-06-24 01:13:00,20880.10000000003,20880.10000000003
2026-06-24 02:13:00,20880.10000000003,20880.10000000003
2026-06-24 03:13:00,20880.10000000003,20880.10000000003
2026-06-24 04:13:00,20880.10000000003,20880.10000000003
2026-06-24 05:13:00,20880.10000000003,20880.10000000003
2026-06-24 06:13:00,20880.10000000003,20880.10000000003
2026-06-24 07:13:00,20880.10000000003,20880.10000000003
2026-06-24 08:13:00,20880.10000000003,20880.10000000003
2026-06-24 09:13:00,20880.10000000003,20880.10000000003
2026-06-24 10:13:00,20880.10000000003,20880.10000000003
2026-06-24 11:13:00,20880.10000000003,20880.10000000003
2026-06-24 12:13:00,20880.10000000003,20880.10000000003
2026-06-24 13:13:00,20880.10000000003,20880.10000000003
2026-06-24 14:13:00,20880.10000000003,20880.10000000003
2026-06-24 15:13:00,20880.10000000003,20880.10000000003
2026-06-24 16:13:00,20880.10000000003,20880.10000000003
2026-06-24 17:13:00,20880.10000000003,20880.10000000003
2026-06-24 18:13:00,20880.10000000003,20880.10000000003
2026-06-24 19:13:00,20880.10000000003,20880.10000000003
2026-06-24 20:13:00,20880.10000000003,20880.10000000003
2026-06-24 21:13:00,20880.10000000003,20880.10000000003
2026-06-24 22:13:00,20880.10000000003,20880.10000000003
2026-06-24 23:13:00,20880.10000000003,20880.10000000003
2026-06-25 01:14:00,20880.10000000003,20880.10000000003
2026-06-25 02:14:00,20880.10000000003,20880.10000000003
2026-06-25 03:14:00,20878.140000000032,20804.50000000003
2026-06-25 04:14:00,20666.740000000023,20666.740000000023
2026-06-25 05:14:00,20689.000000000022,20689.000000000022
2026-06-25 06:14:00,20689.000000000022,20689.000000000022
2026-06-25 07:14:00,20689.000000000022,20689.000000000022
2026-06-25 08:14:00,20689.000000000022,20689.000000000022
2026-06-25 09:14:00,20689.000000000022,20689.000000000022
2026-06-25 10:14:00,20689.000000000022,20689.000000000022
2026-06-25 11:14:00,20689.000000000022,20689.000000000022
2026-06-25 12:14:00,20689.000000000022,20689.000000000022
2026-06-25 13:14:00,20689.000000000022,20689.000000000022
2026-06-25 14:14:00,20689.000000000022,20689.000000000022
2026-06-25 15:14:00,20689.000000000022,20689.000000000022
2026-06-25 16:14:00,20689.000000000022,20689.000000000022
2026-06-25 17:14:00,20689.000000000022,20689.000000000022
2026-06-25 18:14:00,20689.000000000022,20689.000000000022
2026-06-25 19:14:00,20689.000000000022,20689.000000000022
2026-06-25 20:14:00,20689.000000000022,20689.000000000022
2026-06-25 21:14:00,20689.000000000022,20689.000000000022
2026-06-25 22:14:00,20689.000000000022,20689.000000000022
2026-06-25 23:14:00,20689.000000000022,20689.000000000022
2026-06-26 01:15:00,20689.000000000022,20689.000000000022
2026-06-26 02:15:00,20689.000000000022,20689.000000000022
2026-06-26 03:15:00,20687.39000000002,20780.31000000002
2026-06-26 04:15:00,20711.890000000025,20711.890000000025
2026-06-26 05:15:00,20711.890000000025,20711.890000000025
2026-06-26 06:15:00,20711.890000000025,20711.890000000025
2026-06-26 07:15:00,20711.890000000025,20711.890000000025
2026-06-26 08:15:00,20711.890000000025,20711.890000000025
2026-06-26 09:15:00,20711.890000000025,20711.890000000025
2026-06-26 10:15:00,20711.890000000025,20711.890000000025
2026-06-26 11:15:00,20711.890000000025,20711.890000000025
2026-06-26 12:15:00,20711.890000000025,20711.890000000025
2026-06-26 13:15:00,20711.890000000025,20711.890000000025
2026-06-26 14:15:00,20711.890000000025,20711.890000000025
2026-06-26 15:15:00,20711.890000000025,20711.890000000025
2026-06-26 16:15:00,20711.890000000025,20711.890000000025
2026-06-26 17:15:00,20711.890000000025,20711.890000000025
2026-06-26 18:15:00,20711.890000000025,20711.890000000025
2026-06-26 19:15:00,20711.890000000025,20711.890000000025
2026-06-26 20:15:00,20711.890000000025,20711.890000000025
2026-06-26 21:15:00,20711.890000000025,20711.890000000025
2026-06-26 22:15:00,20711.890000000025,20711.890000000025
2026-06-26 23:15:00,20711.890000000025,20711.890000000025
2026-06-29 01:16:00,20711.890000000025,20711.890000000025
2026-06-29 02:16:00,20793.580000000024,20852.980000000025
2026-06-29 03:16:00,20792.680000000022,20792.680000000022
2026-06-29 04:16:00,20792.680000000022,20792.680000000022
2026-06-29 05:16:00,20792.680000000022,20792.680000000022
2026-06-29 06:16:00,20792.680000000022,20792.680000000022
2026-06-29 07:16:00,20792.680000000022,20792.680000000022
2026-06-29 08:16:00,20792.680000000022,20792.680000000022
2026-06-29 09:16:00,20792.680000000022,20792.680000000022
2026-06-29 10:16:00,20792.680000000022,20792.680000000022
2026-06-29 11:16:00,20792.680000000022,20792.680000000022
2026-06-29 12:16:00,20591.090000000022,20591.090000000022
2026-06-29 13:16:00,20591.090000000022,20591.090000000022
2026-06-29 14:16:00,20591.090000000022,20591.090000000022
2026-06-29 15:16:00,20591.090000000022,20591.090000000022
2026-06-29 16:16:00,20591.090000000022,20591.090000000022
2026-06-29 17:16:00,20591.090000000022,20591.090000000022
2026-06-29 18:16:00,20591.090000000022,20591.090000000022
2026-06-29 19:16:00,20591.090000000022,20591.090000000022
2026-06-29 20:16:00,20591.090000000022,20591.090000000022
2026-06-29 21:16:00,20591.090000000022,20591.090000000022
2026-06-29 22:16:00,20591.090000000022,20591.090000000022
2026-06-29 23:16:00,20591.090000000022,20591.090000000022
2026-06-30 01:17:00,20591.090000000022,20591.090000000022
2026-06-30 02:17:00,20591.090000000022,20591.090000000022
2026-06-30 03:17:00,20591.090000000022,20591.090000000022
2026-06-30 04:17:00,20591.090000000022,20591.090000000022
2026-06-30 05:17:00,20591.090000000022,20591.090000000022
2026-06-30 06:17:00,20591.090000000022,20591.090000000022
2026-06-30 07:17:00,20591.090000000022,20591.090000000022
2026-06-30 08:17:00,20591.090000000022,20591.090000000022
2026-06-30 09:17:00,20591.090000000022,20591.090000000022
2026-06-30 10:17:00,20591.090000000022,20591.090000000022
2026-06-30 11:17:00,20591.090000000022,20591.090000000022
2026-06-30 12:17:00,20591.090000000022,20591.090000000022
2026-06-30 13:17:00,20591.090000000022,20591.090000000022
2026-06-30 14:17:00,20589.130000000023,20518.290000000015
2026-06-30 15:17:00,20383.33000000002,20383.33000000002
2026-06-30 16:17:00,20517.100000000013,21011.30000000001
2026-06-30 17:17:00,21082.160000000014,21587.96000000001
2026-06-30 18:17:00,21186.180000000015,21406.530000000013
2026-06-30 19:17:00,21215.780000000013,21503.610000000004
2026-06-30 20:17:00,21214.280000000013,21417.21000000001
2026-06-30 21:17:00,21214.280000000013,21468.560000000012
2026-06-30 22:17:00,21214.280000000013,21383.93000000001
2026-06-30 23:17:00,21214.280000000013,21311.65000000001
2026-07-01 01:18:00,21212.980000000014,21212.980000000014
2026-07-01 02:18:00,21212.980000000014,21212.980000000014
2026-07-01 03:18:00,21212.980000000014,21212.980000000014
2026-07-01 04:18:00,20997.940000000013,20997.940000000013
2026-07-01 05:18:00,20997.940000000013,20997.940000000013
2026-07-01 06:18:00,20997.940000000013,20997.940000000013
2026-07-01 07:18:00,21023.440000000017,21023.440000000017
2026-07-01 08:18:00,21023.440000000017,21023.440000000017
2026-07-01 09:18:00,21023.440000000017,21023.440000000017
2026-07-01 10:18:00,21023.440000000017,21023.440000000017
2026-07-01 11:18:00,21023.440000000017,21023.440000000017
2026-07-01 12:18:00,21023.440000000017,21023.440000000017
2026-07-01 13:18:00,21023.440000000017,21023.440000000017
2026-07-01 14:18:00,21023.440000000017,21023.440000000017
2026-07-01 15:18:00,21023.440000000017,21023.440000000017
2026-07-01 16:18:00,21052.060000000016,21164.110000000015
2026-07-01 17:18:00,21464.59000000001,21464.59000000001
2026-07-01 18:18:00,21464.59000000001,21464.59000000001
2026-07-01 19:18:00,21464.59000000001,21464.59000000001
2026-07-01 20:18:00,21464.59000000001,21464.59000000001
2026-07-01 21:18:00,21464.59000000001,21464.59000000001
2026-07-01 22:18:00,21464.59000000001,21464.59000000001
2026-07-01 23:18:00,21464.59000000001,21464.59000000001
2026-07-02 01:19:00,21463.330000000013,21527.230000000018
2026-07-02 02:19:00,21489.52000000001,21541.90000000001
2026-07-02 03:19:00,21514.120000000014,21514.120000000014
2026-07-02 04:19:00,21514.120000000014,21514.120000000014
2026-07-02 05:19:00,21541.98000000001,21541.98000000001
2026-07-02 06:19:00,21541.98000000001,21541.98000000001
2026-07-02 07:19:00,21541.98000000001,21541.98000000001
2026-07-02 08:19:00,21541.98000000001,21541.98000000001
2026-07-02 09:19:00,21541.98000000001,21541.98000000001
2026-07-02 10:19:00,21541.98000000001,21541.98000000001
2026-07-02 11:19:00,21541.98000000001,21541.98000000001
2026-07-02 12:19:00,21541.98000000001,21541.98000000001
2026-07-02 13:19:00,21541.98000000001,21541.98000000001
2026-07-02 14:19:00,21541.98000000001,21541.98000000001
2026-07-02 15:19:00,21541.98000000001,21541.98000000001
2026-07-02 16:19:00,21541.98000000001,21541.98000000001
2026-07-02 17:19:00,21567.73000000001,21664.930000000004
2026-07-02 18:19:00,21566.230000000003,21566.230000000003
2026-07-02 19:19:00,21566.230000000003,21566.230000000003
2026-07-02 20:19:00,21566.230000000003,21566.230000000003
2026-07-02 21:19:00,21566.230000000003,21566.230000000003
2026-07-02 22:19:00,21566.230000000003,21566.230000000003
2026-07-02 23:19:00,21566.230000000003,21566.230000000003
2026-07-03 01:20:00,21566.230000000003,21566.230000000003
2026-07-03 02:20:00,21566.230000000003,21566.230000000003
2026-07-03 03:20:00,21566.230000000003,21566.230000000003
2026-07-03 04:20:00,21566.230000000003,21566.230000000003
2026-07-03 05:20:00,21566.230000000003,21566.230000000003
2026-07-03 06:20:00,21566.230000000003,21566.230000000003
2026-07-03 07:20:00,21566.230000000003,21566.230000000003
2026-07-03 08:20:00,21566.230000000003,21566.230000000003
2026-07-03 09:20:00,21592.119999999988,21573.879999999983
2026-07-03 10:23:00,21622.059999999987,21663.099999999984
2026-07-03 11:23:00,21622.059999999987,21765.969999999983
2026-07-03 12:23:00,21622.059999999987,21676.419999999987
2026-07-03 13:23:00,21622.059999999987,21734.28999999998
2026-07-03 14:23:00,21622.059999999987,21782.529999999984
2026-07-03 15:23:00,21622.059999999987,21684.429999999982
2026-07-03 16:23:00,21621.15999999999,21621.15999999999
2026-07-03 17:23:00,21649.279999999988,21744.079999999984
2026-07-03 18:23:00,21709.159999999985,21861.05999999999
2026-07-03 19:23:00,21709.159999999985,21804.919999999987
2026-07-06 01:22:00,21824.97999999999,22003.37999999999
2026-07-06 02:22:00,21824.97999999999,22067.859999999986
2026-07-06 03:22:00,22144.499999999985,22144.499999999985
2026-07-06 04:22:00,22232.889999999985,22232.889999999985
2026-07-06 05:22:00,22232.889999999985,22232.889999999985
2026-07-06 06:22:00,22232.889999999985,22232.889999999985
2026-07-06 07:22:00,22232.889999999985,22232.889999999985
2026-07-06 08:22:00,22232.889999999985,22232.889999999985
2026-07-06 09:22:00,22232.889999999985,22232.889999999985
2026-07-06 10:22:00,22232.889999999985,22232.889999999985
2026-07-06 11:22:00,22232.889999999985,22232.889999999985
2026-07-06 12:22:00,22232.889999999985,22232.889999999985
2026-07-06 13:22:00,22232.889999999985,22232.889999999985
2026-07-06 14:22:00,22232.889999999985,22232.889999999985
2026-07-06 15:22:00,22232.889999999985,22232.889999999985
2026-07-06 16:22:00,22232.889999999985,22232.889999999985
2026-07-06 17:22:00,22232.889999999985,22232.889999999985
2026-07-06 18:22:00,22232.889999999985,22232.889999999985
2026-07-06 19:22:00,22232.889999999985,22232.889999999985
2026-07-06 20:22:00,22232.889999999985,22232.889999999985
2026-07-06 21:22:00,22232.889999999985,22232.889999999985
2026-07-06 22:22:00,22232.889999999985,22232.889999999985
2026-07-06 23:22:00,22232.889999999985,22232.889999999985
2026-07-07 01:23:00,22232.889999999985,22232.889999999985
2026-07-07 02:23:00,22232.889999999985,22232.889999999985
2026-07-07 03:23:00,22232.889999999985,22232.889999999985
2026-07-07 04:23:00,22232.889999999985,22232.889999999985
2026-07-07 05:23:00,22232.889999999985,22232.889999999985
2026-07-07 06:23:00,22232.889999999985,22232.889999999985
2026-07-07 07:23:00,22232.889999999985,22232.889999999985
2026-07-07 08:23:00,22232.889999999985,22232.889999999985
2026-07-07 09:23:00,22232.889999999985,22232.889999999985
2026-07-07 10:23:00,22232.889999999985,22232.889999999985
2026-07-07 11:23:00,22232.889999999985,22232.889999999985
2026-07-07 12:23:00,22232.889999999985,22232.889999999985
2026-07-07 13:23:00,22232.889999999985,22232.889999999985
2026-07-07 14:23:00,22232.889999999985,22232.889999999985
2026-07-07 15:23:00,22232.889999999985,22232.889999999985
2026-07-07 16:23:00,22232.889999999985,22232.889999999985
2026-07-07 17:23:00,22232.889999999985,22232.889999999985
2026-07-07 18:23:00,22232.889999999985,22232.889999999985
2026-07-07 19:23:00,22232.889999999985,22232.889999999985
2026-07-07 20:23:00,22232.889999999985,22232.889999999985
2026-07-07 21:23:00,22232.889999999985,22232.889999999985
2026-07-07 22:23:00,22232.889999999985,22232.889999999985
2026-07-07 23:23:00,22232.889999999985,22232.889999999985
2026-07-08 01:24:00,22232.889999999985,22232.889999999985
2026-07-08 02:24:00,22232.889999999985,22232.889999999985
2026-07-08 03:24:00,22232.889999999985,22232.889999999985
2026-07-08 04:24:00,22232.889999999985,22232.889999999985
2026-07-08 05:24:00,22232.889999999985,22232.889999999985
2026-07-08 06:24:00,22232.889999999985,22232.889999999985
2026-07-08 07:24:00,22232.889999999985,22232.889999999985
2026-07-08 08:24:00,22232.889999999985,22232.889999999985
2026-07-08 09:24:00,22232.889999999985,22232.889999999985
2026-07-08 10:24:00,22232.889999999985,22232.889999999985
2026-07-08 11:24:00,22232.889999999985,22232.889999999985
2026-07-08 12:24:00,22232.889999999985,22232.889999999985
2026-07-08 13:24:00,22232.889999999985,22232.889999999985
2026-07-08 14:24:00,22232.889999999985,22232.889999999985
2026-07-08 15:24:00,22232.889999999985,22232.889999999985
2026-07-08 16:24:00,22232.889999999985,22232.889999999985
2026-07-08 17:24:00,22232.889999999985,22232.889999999985
2026-07-08 18:24:00,22232.889999999985,22232.889999999985
2026-07-08 19:24:00,22232.889999999985,22232.889999999985
2026-07-08 20:24:00,22232.889999999985,22232.889999999985
2026-07-08 21:24:00,22232.889999999985,22232.889999999985
2026-07-08 22:24:00,22232.889999999985,22232.889999999985
2026-07-08 23:24:00,22232.889999999985,22232.889999999985
2026-07-09 01:25:00,22232.889999999985,22232.889999999985
2026-07-09 02:25:00,22232.889999999985,22232.889999999985
2026-07-09 03:25:00,22232.889999999985,22232.889999999985
2026-07-09 04:25:00,22232.889999999985,22232.889999999985
2026-07-09 05:25:00,22232.889999999985,22232.889999999985
2026-07-09 06:25:00,22231.419999999984,22274.259999999984
2026-07-09 07:25:00,22261.419999999987,22261.419999999987
2026-07-09 08:25:00,22290.81999999999,22371.339999999986
2026-07-09 09:25:00,22285.449999999986,22041.989999999976
2026-07-09 10:25:00,22285.449999999986,21815.009999999987
2026-07-09 11:25:00,21648.449999999986,21465.169999999987
2026-07-09 12:25:00,21648.449999999986,21514.609999999982
2026-07-09 13:25:00,21648.449999999986,21544.289999999983
2026-07-09 14:25:00,21675.629999999986,21669.749999999985
2026-07-09 15:25:00,21522.429999999986,21621.22999999999
2026-07-09 16:25:00,21636.189999999984,21807.969999999987
2026-07-09 17:25:00,21636.189999999984,21799.80999999998
2026-07-09 18:25:00,21636.189999999984,21831.309999999983
2026-07-09 19:25:00,21661.31999999997,21858.29999999997
2026-07-09 20:25:00,21661.31999999997,21842.81999999997
2026-07-09 21:25:00,21661.31999999997,21826.31999999997
2026-07-09 22:25:00,21661.31999999997,21810.05999999997
2026-07-09 23:25:00,21661.31999999997,21816.83999999997
2026-07-10 01:26:00,21658.31999999997,21828.35999999997
2026-07-10 02:26:00,21658.31999999997,21817.619999999974
2026-07-10 03:26:00,21658.31999999997,21796.979999999967
2026-07-10 04:26:00,21658.31999999997,21812.939999999966
2026-07-10 05:26:00,21658.31999999997,21829.25999999997
2026-07-10 06:26:00,21658.31999999997,21828.35999999997
2026-07-10 07:26:00,21658.31999999997,21760.919999999973
2026-07-10 08:26:00,21658.31999999997,21766.49999999997
2026-07-10 09:26:00,21658.31999999997,21786.659999999974
2026-07-10 10:26:00,21658.31999999997,21763.019999999968
2026-07-10 11:26:00,21658.31999999997,21712.73999999997
2026-07-10 12:26:00,21657.719999999972,21657.719999999972
2026-07-10 13:26:00,21657.719999999972,21657.719999999972
2026-07-10 14:26:00,21657.719999999972,21657.719999999972
2026-07-10 15:26:00,21657.719999999972,21657.719999999972
2026-07-10 16:26:00,21657.719999999972,21657.719999999972
2026-07-10 17:26:00,21657.719999999972,21657.719999999972
2026-07-10 18:26:00,21657.719999999972,21657.719999999972
2026-07-10 19:26:00,21657.719999999972,21657.719999999972
2026-07-10 20:26:00,21657.719999999972,21657.719999999972
2026-07-10 21:26:00,21657.719999999972,21657.719999999972
2026-07-10 22:26:00,21657.719999999972,21657.719999999972
2026-07-10 23:26:00,21657.719999999972,21657.719999999972
2026-07-13 01:27:00,21612.83000000001,21612.83000000001
2026-07-13 02:27:00,21612.83000000001,21612.83000000001
2026-07-13 03:27:00,21612.83000000001,21612.83000000001
2026-07-13 04:27:00,21612.83000000001,21612.83000000001
2026-07-13 05:27:00,21612.83000000001,21612.83000000001
2026-07-13 06:27:00,21612.83000000001,21612.83000000001
2026-07-13 07:27:00,21612.83000000001,21612.83000000001
2026-07-13 08:27:00,21670.960000000006,21743.63
2026-07-13 09:27:00,21833.200000000008,21833.200000000008
2026-07-13 10:27:00,21833.200000000008,21833.200000000008
2026-07-13 11:27:00,21833.200000000008,21833.200000000008
2026-07-13 12:27:00,21833.200000000008,21833.200000000008
2026-07-13 13:27:00,21833.200000000008,21833.200000000008
2026-07-13 14:27:00,21833.200000000008,21833.200000000008
2026-07-13 15:27:00,21833.200000000008,21833.200000000008
2026-07-13 16:27:00,21833.200000000008,21833.200000000008
2026-07-13 17:27:00,21833.200000000008,21833.200000000008
2026-07-13 18:27:00,21833.200000000008,21833.200000000008
2026-07-13 19:27:00,21833.200000000008,21833.200000000008
2026-07-13 20:27:00,21833.200000000008,21833.200000000008
2026-07-13 21:27:00,21833.200000000008,21833.200000000008
2026-07-13 22:27:00,21833.200000000008,21833.200000000008
2026-07-13 23:27:00,21833.200000000008,21833.200000000008
2026-07-14 01:28:00,21833.200000000008,21833.200000000008
2026-07-14 02:28:00,21833.200000000008,21833.200000000008
2026-07-14 03:28:00,21833.200000000008,21833.200000000008
2026-07-14 04:28:00,21833.200000000008,21833.200000000008
2026-07-14 05:28:00,21833.200000000008,21833.200000000008
2026-07-14 06:28:00,21833.200000000008,21833.200000000008
2026-07-14 07:28:00,21833.200000000008,21833.200000000008
2026-07-14 08:28:00,21833.200000000008,21833.200000000008
2026-07-14 09:28:00,21833.200000000008,21833.200000000008
2026-07-14 10:28:00,21833.200000000008,21833.200000000008
2026-07-14 11:28:00,21833.200000000008,21833.200000000008
2026-07-14 12:28:00,21833.200000000008,21833.200000000008
2026-07-14 13:28:00,21833.200000000008,21833.200000000008
2026-07-14 14:28:00,21833.200000000008,21833.200000000008
2026-07-14 15:28:00,21833.200000000008,21833.200000000008
2026-07-14 16:28:00,21928.540000000008,22030.24000000001
2026-07-14 17:28:00,21928.540000000008,22078.180000000008
2026-07-14 18:28:00,21928.540000000008,22029.28000000001
2026-07-14 19:28:00,22056.41000000001,22135.70000000001
2026-07-14 20:28:00,22056.41000000001,22140.98000000001
2026-07-14 21:28:00,22056.41000000001,22131.23000000001
2026-07-14 22:28:00,22056.41000000001,22118.77000000001
2026-07-14 23:28:00,22056.41000000001,22121.42000000001
2026-07-15 01:29:00,22050.26000000001,22112.110000000008
2026-07-15 02:29:00,22050.26000000001,22116.86000000001
2026-07-15 03:29:00,22050.26000000001,22125.24000000001
2026-07-15 04:29:00,22050.26000000001,22117.80000000001
2026-07-15 05:29:00,21859.11000000001,22063.650000000012
2026-07-15 06:29:00,21859.11000000001,22069.89000000001
2026-07-15 07:29:00,21859.11000000001,22062.00000000001
2026-07-15 08:29:00,21859.11000000001,22087.68000000001
2026-07-15 09:29:00,21859.11000000001,22083.66000000001
2026-07-15 10:29:00,21859.11000000001,22090.59000000001
2026-07-15 11:29:00,21859.11000000001,22083.87000000001
2026-07-15 12:29:00,21859.11000000001,22080.720000000012
2026-07-15 13:29:00,21859.11000000001,22076.37000000001
2026-07-15 14:29:00,21859.11000000001,22070.70000000001
2026-07-15 15:29:00,21859.11000000001,22044.300000000014
2026-07-15 16:29:00,21859.11000000001,21995.130000000012
2026-07-15 17:29:00,21859.11000000001,21988.23000000001
2026-07-15 18:29:00,21889.590000000007,22046.40000000001
2026-07-15 19:29:00,21889.590000000007,22089.15000000001
2026-07-15 20:29:00,21889.590000000007,22050.87000000001
2026-07-15 21:29:00,21889.590000000007,21970.050000000007
2026-07-15 22:29:00,21980.88000000001,22252.590000000007
2026-07-15 23:29:00,21980.88000000001,22205.16000000001
2026-07-16 01:30:00,21985.11000000001,22314.419999999995
2026-07-16 02:30:00,22084.74000000001,22457.969999999998
2026-07-16 03:30:00,22084.74000000001,22396.14000000001
2026-07-16 04:30:00,22380.630000000005,22687.020000000004
2026-07-16 05:30:00,22380.630000000005,22712.940000000002
2026-07-16 06:30:00,22380.630000000005,22717.380000000005
2026-07-16 07:30:00,22380.630000000005,22716.540000000005
2026-07-16 08:30:00,22380.630000000005,22755.840000000007
2026-07-16 09:30:00,22380.630000000005,22742.760000000006
2026-07-16 10:30:00,22380.630000000005,22777.140000000007
2026-07-16 11:30:00,22380.630000000005,22721.340000000007
2026-07-16 12:30:00,22380.630000000005,22723.260000000006
2026-07-16 13:30:00,22380.630000000005,22724.100000000006
2026-07-16 14:30:00,22380.630000000005,22774.020000000004
2026-07-16 15:30:00,22637.100000000006,22790.160000000007
2026-07-16 16:30:00,22882.770000000004,22882.770000000004
2026-07-16 17:30:00,22882.770000000004,22882.770000000004
2026-07-16 18:30:00,22882.770000000004,22882.770000000004
2026-07-16 19:30:00,22653.44999999999,22653.44999999999
2026-07-16 20:30:00,22653.44999999999,22653.44999999999
2026-07-16 21:30:00,22653.44999999999,22653.44999999999
2026-07-16 22:30:00,22653.44999999999,22653.44999999999
2026-07-16 23:30:00,22653.44999999999,22653.44999999999
2026-07-17 01:31:00,22653.44999999999,22653.44999999999
2026-07-17 02:31:00,22653.44999999999,22653.44999999999
2026-07-17 03:31:00,22653.44999999999,22653.44999999999
2026-07-17 04:31:00,22653.44999999999,22653.44999999999
2026-07-17 05:31:00,22653.44999999999,22653.44999999999
2026-07-17 06:31:00,22653.44999999999,22653.44999999999
2026-07-17 07:31:00,22653.44999999999,22653.44999999999
2026-07-17 08:31:00,22653.44999999999,22653.44999999999
2026-07-17 09:31:00,22653.44999999999,22653.44999999999
2026-07-17 10:31:00,22653.44999999999,22653.44999999999
2026-07-17 11:31:00,22653.44999999999,22653.44999999999
2026-07-17 12:31:00,22653.44999999999,22653.44999999999
2026-07-17 13:31:00,22653.44999999999,22653.44999999999
2026-07-17 14:31:00,22653.44999999999,22653.44999999999
2026-07-17 15:31:00,22653.44999999999,22653.44999999999
2026-07-17 16:31:00,22653.44999999999,22653.44999999999
2026-07-17 17:31:00,22653.44999999999,22653.44999999999
2026-07-17 18:31:00,22653.44999999999,22653.44999999999
2026-07-17 19:31:00,22653.44999999999,22653.44999999999
2026-07-17 20:31:00,22653.44999999999,22653.44999999999
2026-07-17 21:31:00,22653.44999999999,22653.44999999999
2026-07-17 22:31:00,22653.44999999999,22653.44999999999
2026-07-17 23:31:00,22653.44999999999,22653.44999999999
2026-07-20 01:32:00,22653.44999999999,22653.44999999999
2026-07-20 02:32:00,22653.44999999999,22653.44999999999
2026-07-20 03:32:00,22650.43999999999,22719.129999999976
2026-07-20 04:32:00,22198.649999999994,22198.649999999994
2026-07-20 05:32:00,22198.649999999994,22198.649999999994
2026-07-20 06:32:00,22197.529999999995,22267.769999999993
2026-07-20 07:32:00,22197.529999999995,22213.849999999995
2026-07-20 08:32:00,22231.329999999994,22373.289999999994
2026-07-20 09:32:00,22298.929999999993,22467.169999999995
2026-07-20 10:32:00,22298.929999999993,22417.009999999995
2026-07-20 11:32:00,22298.12999999999,22298.12999999999
2026-07-20 12:32:00,22298.12999999999,22298.12999999999
2026-07-20 13:32:00,22298.12999999999,22298.12999999999
2026-07-20 14:32:00,22298.12999999999,22298.12999999999
2026-07-20 15:32:00,22298.12999999999,22298.12999999999
2026-07-20 16:32:00,22298.12999999999,22298.12999999999
2026-07-20 17:32:00,22298.12999999999,22298.12999999999
2026-07-20 18:32:00,22362.779999999988,22400.729999999992
2026-07-20 19:32:00,22361.279999999988,22361.279999999988
2026-07-20 20:32:00,22361.279999999988,22361.279999999988
2026-07-20 21:32:00,22361.279999999988,22361.279999999988
2026-07-20 22:32:00,22361.279999999988,22361.279999999988
2026-07-20 23:32:00,22361.279999999988,22361.279999999988
2026-07-21 01:33:00,22361.279999999988,22361.279999999988
2026-07-21 02:33:00,22361.279999999988,22361.279999999988
2026-07-21 03:33:00,22361.279999999988,22361.279999999988
2026-07-21 04:33:00,22361.279999999988,22361.279999999988
2026-07-21 05:33:00,22420.30999999998,22420.30999999998
2026-07-21 06:33:00,22420.30999999998,22420.30999999998
2026-07-21 07:33:00,22420.30999999998,22420.30999999998
2026-07-21 08:33:00,22420.30999999998,22420.30999999998
2026-07-21 09:33:00,22420.30999999998,22420.30999999998
2026-07-21 10:33:00,22420.30999999998,22420.30999999998
2026-07-21 11:33:00,22420.30999999998,22420.30999999998
2026-07-21 12:33:00,22420.30999999998,22420.30999999998
2026-07-21 13:33:00,22420.30999999998,22420.30999999998
2026-07-21 14:33:00,22420.30999999998,22420.30999999998
2026-07-21 15:33:00,22420.30999999998,22420.30999999998
2026-07-21 16:33:00,22420.30999999998,22420.30999999998
2026-07-21 17:33:00,22420.30999999998,22420.30999999998
2026-07-21 18:33:00,22420.30999999998,22420.30999999998
2026-07-21 19:33:00,22420.30999999998,22420.30999999998
2026-07-21 20:33:00,22420.30999999998,22420.30999999998
2026-07-21 21:33:00,22420.30999999998,22420.30999999998
2026-07-21 22:33:00,22420.30999999998,22420.30999999998
2026-07-21 23:33:00,22420.30999999998,22420.30999999998
2026-07-22 01:34:00,22420.30999999998,22420.30999999998
2026-07-22 02:34:00,22420.30999999998,22420.30999999998
2026-07-22 03:34:00,22420.30999999998,22420.30999999998
2026-07-22 04:34:00,22420.30999999998,22420.30999999998
2026-07-22 05:34:00,22420.30999999998,22420.30999999998
2026-07-22 06:34:00,22420.30999999998,22420.30999999998
2026-07-22 07:34:00,22420.30999999998,22420.30999999998
2026-07-22 08:34:00,22420.30999999998,22420.30999999998
2026-07-22 09:34:00,22420.30999999998,22420.30999999998
2026-07-22 10:34:00,22420.30999999998,22420.30999999998
2026-07-22 11:34:00,22485.199999999983,22542.259999999984
2026-07-22 12:34:00,22485.199999999983,22537.399999999983
2026-07-22 13:34:00,22485.199999999983,22550.719999999987
2026-07-22 14:34:00,22485.199999999983,22560.16999999999
2026-07-22 15:34:00,22650.52999999999,22650.52999999999
2026-07-22 16:34:00,22650.52999999999,22650.52999999999
2026-07-22 17:34:00,22650.52999999999,22650.52999999999
2026-07-22 18:34:00,22650.52999999999,22650.52999999999
2026-07-22 19:34:00,22650.52999999999,22650.52999999999
2026-07-22 20:34:00,22650.52999999999,22650.52999999999
2026-07-22 21:34:00,22650.52999999999,22650.52999999999
2026-07-22 22:34:00,22650.52999999999,22650.52999999999
2026-07-22 23:34:00,22650.52999999999,22650.52999999999
2026-07-23 01:35:00,22650.52999999999,22650.52999999999
2026-07-23 02:35:00,22650.52999999999,22650.52999999999
2026-07-23 03:35:00,22650.52999999999,22650.52999999999
2026-07-23 04:35:00,22650.52999999999,22650.52999999999
2026-07-23 05:35:00,22650.52999999999,22650.52999999999
2026-07-23 06:35:00,22650.52999999999,22650.52999999999
2026-07-23 07:35:00,22650.52999999999,22650.52999999999
2026-07-23 08:35:00,22650.52999999999,22650.52999999999
2026-07-23 09:35:00,22650.52999999999,22650.52999999999
2026-07-23 10:35:00,22650.52999999999,22650.52999999999
2026-07-23 11:35:00,22650.52999999999,22650.52999999999
2026-07-23 12:35:00,22650.52999999999,22650.52999999999
2026-07-23 13:35:00,22650.52999999999,22650.52999999999
2026-07-23 14:35:00,22650.52999999999,22650.52999999999
2026-07-23 15:35:00,22650.52999999999,22650.52999999999
2026-07-23 16:35:00,22650.52999999999,22650.52999999999
2026-07-23 17:35:00,22650.52999999999,22650.52999999999
2026-07-23 18:35:00,22650.52999999999,22650.52999999999
2026-07-23 19:35:00,22650.52999999999,22650.52999999999
2026-07-23 20:35:00,22650.52999999999,22650.52999999999
2026-07-23 21:35:00,22650.52999999999,22650.52999999999
2026-07-23 22:35:00,22650.52999999999,22650.52999999999
2026-07-23 23:35:00,22650.52999999999,22650.52999999999
2026-07-24 01:36:00,22650.52999999999,22650.52999999999
2026-07-24 02:36:00,22650.52999999999,22650.52999999999
2026-07-24 03:36:00,22650.52999999999,22650.52999999999
2026-07-24 04:36:00,22650.52999999999,22650.52999999999
2026-07-24 05:36:00,22650.52999999999,22650.52999999999
2026-07-24 06:36:00,22650.52999999999,22650.52999999999
2026-07-24 07:36:00,22650.52999999999,22650.52999999999
2026-07-24 08:36:00,22650.52999999999,22650.52999999999
2026-07-24 09:36:00,22650.52999999999,22650.52999999999
2026-07-24 10:36:00,22650.52999999999,22650.52999999999
2026-07-24 11:36:00,22650.52999999999,22650.52999999999
2026-07-24 12:36:00,22650.52999999999,22650.52999999999
2026-07-24 13:36:00,22650.52999999999,22650.52999999999
2026-07-24 14:36:00,22650.52999999999,22650.52999999999
2026-07-24 15:36:00,22650.52999999999,22650.52999999999
2026-07-24 16:36:00,22650.52999999999,22650.52999999999
2026-07-24 17:36:00,22650.52999999999,22650.52999999999
2026-07-24 18:36:00,22650.52999999999,22650.52999999999
2026-07-24 19:36:00,22712.159999999996,22712.159999999996
2026-07-24 20:36:00,22712.159999999996,22712.159999999996
2026-07-24 21:36:00,22712.159999999996,22712.159999999996
2026-07-24 22:36:00,22712.159999999996,22712.159999999996
2026-07-24 23:36:00,22712.159999999996,22712.159999999996
2026-07-27 01:37:00,22712.159999999996,22712.159999999996
2026-07-27 02:37:00,22712.159999999996,22712.159999999996
2026-07-27 03:37:00,22712.159999999996,22712.159999999996
2026-07-27 04:37:00,22712.159999999996,22712.159999999996
2026-07-27 05:37:00,22712.159999999996,22712.159999999996
2026-07-27 06:37:00,22712.159999999996,22712.159999999996
2026-07-27 07:37:00,22712.159999999996,22712.159999999996
2026-07-27 08:37:00,22712.159999999996,22712.159999999996
2026-07-27 09:37:00,22712.159999999996,22712.159999999996
2026-07-27 10:37:00,22712.159999999996,22712.159999999996
2026-07-27 11:37:00,22712.159999999996,22712.159999999996
2026-07-27 12:37:00,22712.159999999996,22712.159999999996
2026-07-27 13:37:00,22712.159999999996,22712.159999999996
2026-07-27 14:37:00,22712.159999999996,22712.159999999996
2026-07-27 15:37:00,22712.159999999996,22712.159999999996
2026-07-27 16:37:00,22712.159999999996,22712.159999999996
2026-07-27 17:37:00,22712.159999999996,22712.159999999996
2026-07-27 18:37:00,22712.159999999996,22712.159999999996
2026-07-27 19:37:00,22712.159999999996,22712.159999999996
2026-07-27 20:37:00,22712.159999999996,22712.159999999996
2026-07-27 21:37:00,22712.159999999996,22712.159999999996
2026-07-27 22:37:00,22712.159999999996,22712.159999999996
2026-07-27 23:37:00,22712.159999999996,22712.159999999996
2026-07-28 01:38:00,22712.159999999996,22712.159999999996
2026-07-28 02:38:00,22712.159999999996,22712.159999999996
2026-07-28 03:38:00,22712.159999999996,22712.159999999996
2026-07-28 04:38:00,22712.159999999996,22712.159999999996
2026-07-28 05:38:00,22712.159999999996,22712.159999999996
2026-07-28 06:38:00,22712.159999999996,22712.159999999996
2026-07-28 07:38:00,22712.159999999996,22712.159999999996
2026-07-28 08:38:00,22712.159999999996,22712.159999999996
2026-07-28 09:38:00,22712.159999999996,22712.159999999996
2026-07-28 10:38:00,22712.159999999996,22712.159999999996
2026-07-28 11:38:00,22712.159999999996,22712.159999999996
2026-07-28 12:38:00,22712.159999999996,22712.159999999996
2026-07-28 13:38:00,22712.159999999996,22712.159999999996
2026-07-28 14:38:00,22712.159999999996,22712.159999999996
2026-07-28 15:38:00,22712.159999999996,22712.159999999996
2026-07-28 16:38:00,22712.159999999996,22712.159999999996
2026-07-28 17:38:00,22712.159999999996,22712.159999999996
2026-07-28 18:38:00,22712.159999999996,22712.159999999996
2026-07-28 19:38:00,22712.159999999996,22712.159999999996
2026-07-28 20:38:00,22712.159999999996,22712.159999999996
2026-07-28 21:38:00,22712.159999999996,22712.159999999996
2026-07-28 22:38:00,22712.159999999996,22712.159999999996
2026-07-28 23:38:00,22712.159999999996,22712.159999999996
2026-07-29 01:39:00,22712.159999999996,22712.159999999996
2026-07-29 02:39:00,22712.159999999996,22712.159999999996
2026-07-29 03:39:00,22712.159999999996,22712.159999999996
2026-07-29 04:39:00,22712.159999999996,22712.159999999996
2026-07-29 05:39:00,22712.159999999996,22712.159999999996
2026-07-29 06:39:00,22712.159999999996,22712.159999999996
2026-07-29 07:39:00,22712.159999999996,22712.159999999996
2026-07-29 08:39:00,22712.159999999996,22712.159999999996
2026-07-29 09:39:00,22712.159999999996,22712.159999999996
2026-07-29 10:39:00,22712.159999999996,22712.159999999996
2026-07-29 11:39:00,22712.159999999996,22712.159999999996
2026-07-29 12:39:00,22712.159999999996,22712.159999999996
2026-07-29 13:39:00,22712.159999999996,22712.159999999996
2026-07-29 14:39:00,22712.159999999996,22712.159999999996
2026-07-29 15:39:00,22712.159999999996,22712.159999999996
2026-07-29 16:39:00,22712.159999999996,22712.159999999996
2026-07-29 17:39:00,22712.159999999996,22712.159999999996
2026-07-29 18:39:00,22712.159999999996,22712.159999999996
2026-07-29 19:39:00,22712.159999999996,22712.159999999996
2026-07-29 20:39:00,22712.159999999996,22712.159999999996
2026-07-29 21:39:00,22712.159999999996,22712.159999999996
2026-07-29 22:39:00,22712.159999999996,22712.159999999996
2026-07-29 23:39:00,22712.159999999996,22712.159999999996
2026-07-30 01:40:00,22712.159999999996,22712.159999999996
2026-07-30 02:40:00,22712.159999999996,22712.159999999996
2026-07-30 03:40:00,22712.159999999996,22712.159999999996
2026-07-30 04:40:00,22712.159999999996,22712.159999999996
2026-07-30 05:40:00,22712.159999999996,22712.159999999996
2026-07-30 06:40:00,22712.159999999996,22712.159999999996
2026-07-30 07:40:00,22712.159999999996,22712.159999999996
2026-07-30 08:40:00,22711.599999999995,22734.559999999994
2026-07-30 09:40:00,22711.599999999995,22736.239999999994
2026-07-30 10:40:00,22547.269999999997,22583.71
2026-07-30 11:40:00,22547.269999999997,22676.149999999994
2026-07-30 12:40:00,22547.269999999997,22674.989999999998
2026-07-30 13:40:00,22714.629999999997,22714.629999999997
2026-07-30 14:40:00,22714.629999999997,22714.629999999997
2026-07-30 15:40:00,22714.629999999997,22714.629999999997
2026-07-30 16:40:00,22714.629999999997,22714.629999999997
2026-07-30 17:40:00,22714.629999999997,22714.629999999997
2026-07-30 18:40:00,22714.629999999997,22714.629999999997
2026-07-30 19:40:00,22714.629999999997,22714.629999999997
2026-07-30 20:40:00,22714.629999999997,22714.629999999997
2026-07-30 21:40:00,22714.629999999997,22714.629999999997
2026-07-30 22:40:00,22714.629999999997,22714.629999999997
2026-07-30 23:40:00,22714.629999999997,22714.629999999997
2026-07-31 01:41:00,22482.45,22482.45
2026-07-31 02:41:00,22482.45,22482.45
2026-07-31 03:41:00,22482.45,22482.45
2026-07-31 04:41:00,22482.45,22482.45
2026-07-31 05:41:00,22482.45,22482.45
2026-07-31 06:41:00,22482.45,22482.45
2026-07-31 07:41:00,22482.45,22482.45
2026-07-31 08:41:00,22482.45,22482.45
2026-07-31 09:41:00,22482.45,22482.45
2026-07-31 10:41:00,22482.45,22482.45
2026-07-31 11:41:00,22482.45,22482.45
2026-07-31 12:41:00,22482.45,22482.45
2026-07-31 13:41:00,22482.45,22482.45
2026-07-31 14:41:00,22482.45,22482.45
2026-07-31 15:41:00,22482.45,22482.45
2026-07-31 16:41:00,22482.45,22482.45
2026-07-31 17:41:00,22482.45,22482.45
2026-07-31 18:41:00,22482.45,22482.45
2026-07-31 19:41:00,22482.45,22482.45
2026-07-31 20:41:00,22482.45,22482.45
2026-07-31 21:41:00,22482.45,22482.45
2026-07-31 22:41:00,22482.45,22482.45
2026-07-31 23:41:00,22482.45,22482.45
2026-08-03 01:42:00,22482.45,22482.45
2026-08-03 02:42:00,22482.45,22482.45
2026-08-03 03:42:00,22482.45,22482.45
2026-08-03 04:42:00,22482.45,22482.45
2026-08-03 05:42:00,22482.45,22482.45
2026-08-03 06:42:00,22482.45,22482.45
2026-08-03 07:42:00,22482.45,22482.45
2026-08-03 08:42:00,22482.45,22482.45
2026-08-03 09:42:00,22482.45,22482.45
2026-08-03 10:42:00,22482.45,22482.45
2026-08-03 11:42:00,22482.45,22482.45
2026-08-03 12:42:00,22482.45,22482.45
2026-08-03 13:42:00,22482.45,22482.45
2026-08-03 14:42:00,22482.45,22482.45
2026-08-03 15:42:00,22482.45,22482.45
2026-08-03 16:42:00,22482.45,22482.45
2026-08-03 17:42:00,22482.45,22482.45
2026-08-03 18:42:00,22482.45,22482.45
2026-08-03 19:42:00,22482.45,22482.45
2026-08-03 20:42:00,22482.45,22482.45
2026-08-03 21:42:00,22482.45,22482.45
2026-08-03 22:42:00,22482.45,22482.45
2026-08-03 23:42:00,22482.45,22482.45
2026-08-04 01:43:00,22482.45,22482.45
2026-08-04 02:43:00,22482.45,22482.45
2026-08-04 03:43:00,22482.45,22482.45
2026-08-04 04:43:00,22482.45,22482.45
2026-08-04 05:43:00,22482.45,22482.45
2026-08-04 06:43:00,22482.45,22482.45
2026-08-04 07:43:00,22482.45,22482.45
2026-08-04 08:43:00,22482.45,22482.45
2026-08-04 09:43:00,22482.45,22482.45
2026-08-04 10:43:00,22482.45,22482.45
2026-08-04 11:43:00,22482.45,22482.45
2026-08-04 12:43:00,22482.45,22482.45
2026-08-04 13:43:00,22482.45,22482.45
2026-08-04 14:43:00,22482.45,22482.45
2026-08-04 15:43:00,22482.45,22482.45
2026-08-04 16:43:00,22482.45,22482.45
2026-08-04 17:43:00,22482.45,22482.45
2026-08-04 18:43:00,22482.45,22482.45
2026-08-04 19:43:00,22482.45,22482.45
2026-08-04 20:43:00,22482.45,22482.45
2026-08-04 21:43:00,22482.45,22482.45
2026-08-04 22:43:00,22482.45,22482.45
2026-08-04 23:43:00,22482.45,22482.45
2026-08-05 01:44:00,22482.45,22482.45
2026-08-05 02:44:00,22482.45,22482.45
2026-08-05 03:44:00,22482.45,22482.45
2026-08-05 04:44:00,22482.45,22482.45
2026-08-05 05:44:00,22482.45,22482.45
2026-08-05 06:44:00,22482.45,22482.45
2026-08-05 07:44:00,22482.45,22482.45
2026-08-05 08:44:00,22482.45,22482.45
2026-08-05 09:44:00,22482.45,22482.45
2026-08-05 10:44:00,22482.45,22482.45
2026-08-05 11:44:00,22482.45,22482.45
2026-08-05 12:44:00,22481.47,22494.350000000002
2026-08-05 13:44:00,22481.47,22452.769999999997
2026-08-05 14:44:00,22703.159999999996,22703.159999999996
2026-08-05 15:44:00,22703.159999999996,22703.159999999996
2026-08-05 16:44:00,22703.159999999996,22703.159999999996
2026-08-05 17:44:00,22703.159999999996,22703.159999999996
2026-08-05 18:44:00,22703.159999999996,22703.159999999996
2026-08-05 19:44:00,22821.589999999997,23084.509999999995
2026-08-05 20:44:00,23001.589999999997,23136.35
2026-08-05 21:44:00,23173.309999999998,23173.309999999998
2026-08-05 22:44:00,23173.309999999998,23173.309999999998
2026-08-05 23:44:00,23173.309999999998,23173.309999999998
2026-08-06 01:45:00,23398.589999999975,23398.589999999975
2026-08-06 02:45:00,23398.589999999975,23398.589999999975
2026-08-06 03:45:00,23398.589999999975,23398.589999999975
2026-08-06 04:45:00,23398.589999999975,23398.589999999975
2026-08-06 05:45:00,23398.589999999975,23398.589999999975
2026-08-06 06:45:00,23398.589999999975,23398.589999999975
2026-08-06 07:45:00,23398.589999999975,23398.589999999975
2026-08-06 08:45:00,23398.589999999975,23398.589999999975
2026-08-06 09:45:00,23398.589999999975,23398.589999999975
2026-08-06 10:45:00,23398.589999999975,23398.589999999975
2026-08-06 11:45:00,23398.589999999975,23398.589999999975
2026-08-06 12:45:00,23398.589999999975,23398.589999999975
2026-08-06 13:45:00,23398.589999999975,23398.589999999975
2026-08-06 14:45:00,23398.589999999975,23398.589999999975
2026-08-06 15:45:00,23398.589999999975,23398.589999999975
2026-08-06 16:45:00,23169.309999999972,23169.309999999972
2026-08-06 17:45:00,23169.309999999972,23169.309999999972
2026-08-06 18:45:00,22702.40999999999,22702.40999999999
2026-08-06 19:45:00,22702.40999999999,22702.40999999999
2026-08-06 20:45:00,22702.40999999999,22702.40999999999
2026-08-06 21:45:00,22702.40999999999,22702.40999999999
2026-08-06 22:45:00,22702.40999999999,22702.40999999999
2026-08-06 23:45:00,22702.40999999999,22702.40999999999
2026-08-07 01:46:00,22702.40999999999,22702.40999999999
2026-08-07 02:46:00,22702.40999999999,22702.40999999999
2026-08-07 03:46:00,22702.40999999999,22702.40999999999
2026-08-07 04:46:00,22702.40999999999,22702.40999999999
2026-08-07 05:46:00,22702.40999999999,22702.40999999999
2026-08-07 06:46:00,22702.40999999999,22702.40999999999
2026-08-07 07:46:00,22702.40999999999,22702.40999999999
2026-08-07 08:46:00,22702.40999999999,22702.40999999999
2026-08-07 09:46:00,22702.40999999999,22702.40999999999
2026-08-07 10:46:00,22702.40999999999,22702.40999999999
2026-08-07 11:46:00,22702.40999999999,22702.40999999999
2026-08-07 12:46:00,22702.40999999999,22702.40999999999
2026-08-07 13:46:00,22702.40999999999,22702.40999999999
2026-08-07 14:46:00,22702.40999999999,22702.40999999999
2026-08-07 15:46:00,22702.40999999999,22702.40999999999
2026-08-07 16:46:00,22702.40999999999,22702.40999999999
2026-08-07 17:46:00,22702.40999999999,22702.40999999999
2026-08-07 18:46:00,22702.40999999999,22702.40999999999
2026-08-07 19:46:00,22702.40999999999,22702.40999999999
2026-08-07 20:46:00,22702.40999999999,22702.40999999999
2026-08-07 21:46:00,22702.40999999999,22702.40999999999
2026-08-07 22:46:00,22702.40999999999,22702.40999999999
2026-08-07 23:46:00,22702.40999999999,22702.40999999999
2026-08-10 01:47:00,22702.40999999999,22702.40999999999
2026-08-10 02:47:00,22702.40999999999,22702.40999999999
2026-08-10 03:47:00,22702.40999999999,22702.40999999999
2026-08-10 04:47:00,22699.39999999999,22371.200000000015
2026-08-10 05:47:00,22760.289999999994,22808.16999999999
2026-08-10 06:47:00,22929.939999999995,23005.940000000006
2026-08-10 07:47:00,23123.77,23350.529999999995
2026-08-10 08:47:00,23297.610000000004,23574.110000000004
2026-08-10 09:47:00,23629.97,23629.97
2026-08-10 10:47:00,23629.97,23629.97
2026-08-10 11:47:00,23629.97,23629.97
2026-08-10 12:47:00,23629.97,23629.97
2026-08-10 13:47:00,23629.97,23629.97
2026-08-10 14:47:00,23629.97,23629.97
2026-08-10 15:47:00,23629.97,23629.97
2026-08-10 16:47:00,23629.97,23629.97
2026-08-10 17:47:00,23629.97,23629.97
2026-08-10 18:47:00,23629.97,23629.97
2026-08-10 19:47:00,23629.97,23629.97
2026-08-10 20:47:00,23629.97,23629.97
2026-08-10 21:47:00,23629.97,23629.97
2026-08-10 22:47:00,23629.97,23629.97
2026-08-10 23:47:00,23629.97,23629.97
2026-08-11 01:48:00,23629.97,23629.97
2026-08-11 02:48:00,23629.97,23629.97
2026-08-11 03:48:00,23629.97,23629.97
2026-08-11 04:48:00,23391.680000000004,23391.680000000004
2026-08-11 05:48:00,23391.680000000004,23391.680000000004
2026-08-11 06:48:00,23456.430000000008,23498.85000000001
2026-08-11 07:48:00,23455.73000000001,23455.73000000001
2026-08-11 08:48:00,23455.73000000001,23455.73000000001
2026-08-11 09:48:00,23455.73000000001,23455.73000000001
2026-08-11 10:48:00,23455.73000000001,23455.73000000001
2026-08-11 11:48:00,23455.73000000001,23455.73000000001
2026-08-11 12:48:00,23455.73000000001,23455.73000000001
2026-08-11 13:48:00,23455.73000000001,23455.73000000001
2026-08-11 14:48:00,23455.73000000001,23455.73000000001
2026-08-11 15:48:00,23455.73000000001,23455.73000000001
2026-08-11 16:48:00,23455.73000000001,23455.73000000001
2026-08-11 17:48:00,23455.73000000001,23455.73000000001
2026-08-11 18:48:00,23455.73000000001,23455.73000000001
2026-08-11 19:48:00,23455.73000000001,23455.73000000001
2026-08-11 20:48:00,23455.73000000001,23455.73000000001
2026-08-11 21:48:00,23455.73000000001,23455.73000000001
2026-08-11 22:48:00,23455.73000000001,23455.73000000001
2026-08-11 23:48:00,23455.73000000001,23455.73000000001
2026-08-12 01:49:00,23455.73000000001,23455.73000000001
2026-08-12 02:49:00,23455.73000000001,23455.73000000001
2026-08-12 03:49:00,23455.73000000001,23455.73000000001
2026-08-12 04:49:00,23455.73000000001,23455.73000000001
2026-08-12 05:49:00,23455.73000000001,23455.73000000001
2026-08-12 06:49:00,23455.73000000001,23455.73000000001
2026-08-12 07:49:00,23455.73000000001,23455.73000000001
2026-08-12 08:49:00,23518.219999999994,23518.219999999994
2026-08-12 09:49:00,23518.219999999994,23518.219999999994
2026-08-12 10:49:00,23518.219999999994,23518.219999999994
2026-08-12 11:49:00,23518.219999999994,23518.219999999994
2026-08-12 12:49:00,23518.219999999994,23518.219999999994
2026-08-12 13:49:00,23518.219999999994,23518.219999999994
2026-08-12 14:49:00,23518.219999999994,23518.219999999994
2026-08-12 15:49:00,23761.610000000008,23761.610000000008
2026-08-12 16:49:00,23761.610000000008,23761.610000000008
2026-08-12 17:49:00,23761.610000000008,23761.610000000008
2026-08-12 18:49:00,23761.610000000008,23761.610000000008
2026-08-12 19:49:00,23761.610000000008,23761.610000000008
2026-08-12 20:49:00,23761.610000000008,23761.610000000008
2026-08-12 21:49:00,23761.610000000008,23761.610000000008
2026-08-12 22:49:00,23761.610000000008,23761.610000000008
2026-08-12 23:49:00,23761.610000000008,23761.610000000008
2026-08-13 01:50:00,23761.610000000008,23761.610000000008
2026-08-13 02:50:00,23761.610000000008,23761.610000000008
2026-08-13 03:50:00,23761.610000000008,23761.610000000008
2026-08-13 04:50:00,23761.610000000008,23761.610000000008
2026-08-13 05:50:00,23761.610000000008,23761.610000000008
2026-08-13 06:50:00,23761.610000000008,23761.610000000008
2026-08-13 07:50:00,23761.610000000008,23761.610000000008
2026-08-13 08:50:00,23761.610000000008,23761.610000000008
2026-08-13 09:50:00,23761.610000000008,23761.610000000008
2026-08-13 10:50:00,23761.610000000008,23761.610000000008
2026-08-13 11:50:00,23761.610000000008,23761.610000000008
2026-08-13 12:50:00,23761.610000000008,23761.610000000008
2026-08-13 13:50:00,23761.610000000008,23761.610000000008
2026-08-13 14:50:00,23761.610000000008,23761.610000000008
2026-08-13 15:50:00,24002.330000000016,24002.330000000016
2026-08-13 16:50:00,24002.330000000016,24002.330000000016
2026-08-13 17:50:00,24002.330000000016,24002.330000000016
2026-08-13 18:50:00,24002.330000000016,24002.330000000016
2026-08-13 19:50:00,24002.330000000016,24002.330000000016
2026-08-13 20:50:00,24002.330000000016,24002.330000000016
2026-08-13 21:50:00,24002.330000000016,24002.330000000016
2026-08-13 22:50:00,24002.330000000016,24002.330000000016
2026-08-13 23:50:00,24002.330000000016,24002.330000000016
2026-08-14 01:51:00,24002.330000000016,24002.330000000016
2026-08-14 02:51:00,24002.330000000016,24002.330000000016
2026-08-14 03:51:00,24002.330000000016,24002.330000000016
2026-08-14 04:51:00,24002.330000000016,24002.330000000016
2026-08-14 05:51:00,24002.330000000016,24002.330000000016
2026-08-14 06:51:00,24002.330000000016,24002.330000000016
2026-08-14 07:51:00,24002.330000000016,24002.330000000016
2026-08-14 08:51:00,24002.330000000016,24002.330000000016
2026-08-14 09:51:00,24002.330000000016,24002.330000000016
2026-08-14 10:51:00,24002.330000000016,24002.330000000016
2026-08-14 11:51:00,24002.330000000016,24002.330000000016
2026-08-14 12:51:00,24002.330000000016,24002.330000000016
2026-08-14 13:51:00,24002.330000000016,24002.330000000016
2026-08-14 14:51:00,24002.330000000016,24002.330000000016
2026-08-14 15:51:00,24002.330000000016,24002.330000000016
2026-08-14 16:51:00,24000.930000000015,24045.33
2026-08-14 17:51:00,24069.830000000016,24069.830000000016
2026-08-14 18:51:00,24069.830000000016,24069.830000000016
2026-08-14 19:51:00,24069.830000000016,24069.830000000016
2026-08-14 20:51:00,24069.830000000016,24069.830000000016
2026-08-14 21:51:00,24069.830000000016,24069.830000000016
2026-08-14 22:51:00,24069.830000000016,24069.830000000016
2026-08-14 23:51:00,24069.830000000016,24069.830000000016
2026-08-17 01:52:00,24069.830000000016,24069.830000000016
2026-08-17 02:52:00,24069.830000000016,24069.830000000016
2026-08-17 03:52:00,24069.830000000016,24069.830000000016
2026-08-17 04:52:00,24069.830000000016,24069.830000000016
2026-08-17 05:52:00,24069.830000000016,24069.830000000016
2026-08-17 06:52:00,24069.830000000016,24069.830000000016
2026-08-17 07:52:00,24069.830000000016,24069.830000000016
2026-08-17 08:52:00,24069.830000000016,24069.830000000016
2026-08-17 09:52:00,24069.830000000016,24069.830000000016
2026-08-17 10:52:00,24069.830000000016,24069.830000000016
2026-08-17 11:52:00,24069.830000000016,24069.830000000016
2026-08-17 12:52:00,24069.830000000016,24069.830000000016
2026-08-17 13:52:00,24069.830000000016,24069.830000000016
2026-08-17 14:52:00,24069.830000000016,24069.830000000016
2026-08-17 15:52:00,24197.86999999999,24176.809999999994
2026-08-17 16:52:00,24261.529999999988,24380.109999999986
2026-08-17 17:52:00,24447.309999999987,24447.309999999987
2026-08-17 18:52:00,24447.309999999987,24447.309999999987
2026-08-17 19:52:00,24447.309999999987,24447.309999999987
2026-08-17 20:52:00,24447.309999999987,24447.309999999987
2026-08-17 21:52:00,24447.309999999987,24447.309999999987
2026-08-17 22:52:00,24447.309999999987,24447.309999999987
2026-08-17 23:52:00,24447.309999999987,24447.309999999987
2026-08-18 01:53:00,24447.309999999987,24447.309999999987
2026-08-18 02:53:00,24447.309999999987,24447.309999999987
2026-08-18 03:53:00,24447.309999999987,24447.309999999987
2026-08-18 04:53:00,24447.309999999987,24447.309999999987
2026-08-18 05:53:00,24447.309999999987,24447.309999999987
2026-08-18 06:53:00,24447.309999999987,24447.309999999987
2026-08-18 07:53:00,24447.309999999987,24447.309999999987
2026-08-18 08:53:00,24447.309999999987,24447.309999999987
2026-08-18 09:53:00,24447.309999999987,24447.309999999987
2026-08-18 10:53:00,24447.309999999987,24447.309999999987
2026-08-18 11:53:00,24447.309999999987,24447.309999999987
2026-08-18 12:53:00,24447.309999999987,24447.309999999987
2026-08-18 13:53:00,24447.309999999987,24447.309999999987
2026-08-18 14:53:00,24447.309999999987,24447.309999999987
2026-08-18 15:53:00,24447.309999999987,24447.309999999987
2026-08-18 16:53:00,24447.309999999987,24447.309999999987
2026-08-18 17:53:00,23962.81,23962.81
2026-08-18 18:53:00,23962.81,23962.81
2026-08-18 19:53:00,23962.81,23962.81
2026-08-18 20:53:00,23962.81,23962.81
2026-08-18 21:53:00,23962.81,23962.81
2026-08-18 22:53:00,23962.81,23962.81
2026-08-18 23:53:00,23962.81,23962.81
2026-08-19 01:54:00,23962.81,23962.81
2026-08-19 02:54:00,23962.81,23962.81
2026-08-19 03:54:00,23962.81,23962.81
2026-08-19 04:54:00,24212.290000000005,24212.290000000005
2026-08-19 05:54:00,24212.290000000005,24212.290000000005
2026-08-19 06:54:00,24212.290000000005,24212.290000000005
2026-08-19 07:54:00,24212.290000000005,24212.290000000005
2026-08-19 08:54:00,24212.290000000005,24212.290000000005
2026-08-19 09:54:00,24212.290000000005,24212.290000000005
2026-08-19 10:54:00,24212.290000000005,24212.290000000005
2026-08-19 11:54:00,24212.290000000005,24212.290000000005
2026-08-19 12:54:00,24212.290000000005,24212.290000000005
2026-08-19 13:54:00,24212.290000000005,24212.290000000005
2026-08-19 14:54:00,24212.290000000005,24212.290000000005
2026-08-19 15:54:00,23731.86,23731.86
2026-08-19 16:54:00,23731.86,23731.86
2026-08-19 17:54:00,23731.86,23731.86
2026-08-19 18:54:00,23731.86,23731.86
2026-08-19 19:54:00,23731.86,23731.86
2026-08-19 20:54:00,23731.86,23731.86
2026-08-19 21:54:00,23731.86,23731.86
2026-08-19 22:54:00,23731.86,23731.86
2026-08-19 23:54:00,23731.86,23731.86
2026-08-20 01:55:00,23731.86,23731.86
2026-08-20 02:55:00,23797.600000000024,23797.600000000024
2026-08-20 03:55:00,23797.600000000024,23797.600000000024
2026-08-20 04:55:00,23795.150000000027,23735.29000000003
2026-08-20 05:55:00,23927.050000000025,23967.01000000002
2026-08-20 06:55:00,23927.050000000025,24039.550000000025
2026-08-20 07:55:00,23926.150000000023,23926.150000000023
2026-08-20 08:55:00,23926.150000000023,23926.150000000023
2026-08-20 09:55:00,23926.150000000023,23926.150000000023
2026-08-20 10:55:00,23926.150000000023,23926.150000000023
2026-08-20 11:55:00,23926.150000000023,23926.150000000023
2026-08-20 12:55:00,23926.150000000023,23926.150000000023
2026-08-20 13:55:00,23926.150000000023,23926.150000000023
2026-08-20 14:55:00,23926.150000000023,23926.150000000023
2026-08-20 15:55:00,23926.150000000023,23926.150000000023
2026-08-20 16:55:00,23926.150000000023,23926.150000000023
2026-08-20 17:55:00,23926.150000000023,23926.150000000023
2026-08-20 18:55:00,23926.150000000023,23926.150000000023
2026-08-20 19:55:00,23926.150000000023,23926.150000000023
2026-08-20 20:55:00,23926.150000000023,23926.150000000023
2026-08-20 21:55:00,23926.150000000023,23926.150000000023
2026-08-20 22:55:00,23926.150000000023,23926.150000000023
2026-08-20 23:55:00,23926.150000000023,23926.150000000023
2026-08-21 01:56:00,23926.150000000023,23926.150000000023
2026-08-21 02:56:00,23926.150000000023,23926.150000000023
2026-08-21 03:56:00,23926.150000000023,23926.150000000023
2026-08-21 04:56:00,23926.150000000023,23926.150000000023
2026-08-21 05:56:00,23926.150000000023,23926.150000000023
2026-08-21 06:56:00,23924.330000000024,23966.710000000003
2026-08-21 07:56:00,24171.980000000014,24171.980000000014
2026-08-21 08:56:00,24171.980000000014,24171.980000000014
2026-08-21 09:56:00,24171.980000000014,24171.980000000014
2026-08-21 10:56:00,24171.980000000014,24171.980000000014
2026-08-21 11:56:00,24171.980000000014,24171.980000000014
2026-08-21 12:56:00,24171.980000000014,24171.980000000014
2026-08-21 13:56:00,24171.980000000014,24171.980000000014
2026-08-21 14:56:00,24171.980000000014,24171.980000000014
2026-08-21 15:56:00,24238.449999999983,24238.449999999983
2026-08-21 16:56:00,24238.449999999983,24238.449999999983
2026-08-21 17:56:00,24238.449999999983,24238.449999999983
2026-08-21 18:56:00,24238.449999999983,24238.449999999983
2026-08-21 19:56:00,24238.449999999983,24238.449999999983
2026-08-21 20:56:00,24238.449999999983,24238.449999999983
2026-08-21 21:56:00,24238.449999999983,24238.449999999983
2026-08-21 22:56:00,24238.449999999983,24238.449999999983
2026-08-21 23:56:00,24238.449999999983,24238.449999999983
2026-08-24 01:57:00,24238.449999999983,24238.449999999983
2026-08-24 02:57:00,24238.449999999983,24238.449999999983
2026-08-24 03:57:00,24237.399999999983,24168.849999999988
2026-08-24 04:57:00,23999.49999999999,23999.49999999999
2026-08-24 05:57:00,23999.49999999999,23999.49999999999
2026-08-24 06:57:00,23999.49999999999,23999.49999999999
2026-08-24 07:57:00,23999.49999999999,23999.49999999999
2026-08-24 08:57:00,23999.49999999999,23999.49999999999
2026-08-24 09:57:00,23999.49999999999,23999.49999999999
2026-08-24 10:57:00,23999.49999999999,23999.49999999999
2026-08-24 11:57:00,23999.49999999999,23999.49999999999
2026-08-24 12:57:00,23999.49999999999,23999.49999999999
2026-08-24 13:57:00,23999.49999999999,23999.49999999999
2026-08-24 14:57:00,23999.49999999999,23999.49999999999
2026-08-24 15:57:00,23999.49999999999,23999.49999999999
2026-08-24 16:57:00,23999.49999999999,23999.49999999999
2026-08-24 17:57:00,23999.49999999999,23999.49999999999
2026-08-24 18:57:00,23999.49999999999,23999.49999999999
2026-08-24 19:57:00,23999.49999999999,23999.49999999999
2026-08-24 20:57:00,23999.49999999999,23999.49999999999
2026-08-24 21:57:00,24249.07,24249.07
2026-08-24 22:57:00,24249.07,24249.07
2026-08-24 23:57:00,24249.07,24249.07
2026-08-25 01:58:00,24249.07,24249.07
2026-08-25 02:58:00,24249.07,24249.07
2026-08-25 03:58:00,24249.07,24249.07
2026-08-25 04:58:00,24249.07,24249.07
2026-08-25 05:58:00,24249.07,24249.07
2026-08-25 06:58:00,24249.07,24249.07
2026-08-25 07:58:00,24249.07,24249.07
2026-08-25 08:58:00,24249.07,24249.07
2026-08-25 09:58:00,24249.07,24249.07
2026-08-25 10:58:00,24249.07,24249.07
2026-08-25 11:58:00,24249.07,24249.07
2026-08-25 12:58:00,24249.07,24249.07
2026-08-25 13:58:00,24249.07,24249.07
2026-08-25 14:58:00,24249.07,24249.07
2026-08-25 15:58:00,24249.07,24249.07
2026-08-25 16:58:00,24249.07,24249.07
2026-08-25 17:58:00,24249.07,24249.07
2026-08-25 18:58:00,24248.51,24272.029999999995
2026-08-25 19:58:00,24248.51,24349.31
2026-08-25 20:58:00,24320.51,24344.87
2026-08-25 21:58:00,24320.11,24320.11
2026-08-25 22:58:00,24320.11,24320.11
2026-08-25 23:58:00,24320.11,24320.11
2026-08-26 01:59:00,24320.11,24320.11
2026-08-26 02:59:00,24320.11,24320.11
2026-08-26 03:59:00,24320.11,24320.11
2026-08-26 04:59:00,24320.11,24320.11
2026-08-26 05:59:00,24320.11,24320.11
2026-08-26 06:59:00,24320.11,24320.11
2026-08-26 07:59:00,24320.11,24320.11
2026-08-26 08:59:00,24320.11,24320.11
2026-08-26 09:59:00,24320.11,24320.11
2026-08-26 10:59:00,24320.11,24320.11
2026-08-26 11:59:00,24388.529999999995,24440.44999999999
2026-08-26 12:59:00,24387.429999999993,24387.429999999993
2026-08-26 13:59:00,24387.429999999993,24387.429999999993
2026-08-26 14:59:00,24387.429999999993,24387.429999999993
2026-08-26 15:59:00,24387.429999999993,24387.429999999993
2026-08-26 16:59:00,24387.429999999993,24387.429999999993
2026-08-26 17:59:00,24387.429999999993,24387.429999999993
2026-08-26 18:59:00,24387.429999999993,24387.429999999993
2026-08-26 19:59:00,24387.429999999993,24387.429999999993
2026-08-26 20:59:00,24387.429999999993,24387.429999999993
2026-08-26 21:59:00,24387.429999999993,24387.429999999993
2026-08-26 22:59:00,24387.429999999993,24387.429999999993
2026-08-27 01:00:00,24387.429999999993,24387.429999999993
2026-08-27 02:00:00,24386.589999999993,24396.549999999992
2026-08-27 03:00:00,24386.589999999993,24222.549999999992
2026-08-27 04:00:00,24386.589999999993,24451.629999999994
2026-08-27 05:00:00,24141.90999999999,24141.90999999999
2026-08-27 06:00:00,24141.90999999999,24141.90999999999
2026-08-27 07:00:00,24141.90999999999,24141.90999999999
2026-08-27 08:00:00,24141.90999999999,24141.90999999999
2026-08-27 09:00:00,23897.259999999984,23897.259999999984
2026-08-27 10:00:00,23897.259999999984,23897.259999999984
2026-08-27 11:00:00,23897.259999999984,23897.259999999984
2026-08-27 12:00:00,23897.259999999984,23897.259999999984
2026-08-27 13:00:00,23897.259999999984,23897.259999999984
2026-08-27 14:00:00,23897.259999999984,23897.259999999984
2026-08-27 15:00:00,23897.259999999984,23897.259999999984
2026-08-27 16:00:00,23897.259999999984,23897.259999999984
2026-08-27 17:00:00,23964.749999999993,23964.749999999993
2026-08-27 18:00:00,23964.749999999993,23964.749999999993
2026-08-27 19:00:00,23964.749999999993,23964.749999999993
2026-08-27 20:00:00,23964.749999999993,23964.749999999993
2026-08-27 21:00:00,23964.749999999993,23964.749999999993
2026-08-27 22:00:00,23964.749999999993,23964.749999999993
2026-08-27 23:00:00,23964.749999999993,23964.749999999993
2026-08-28 01:01:00,23964.749999999993,23964.749999999993
2026-08-28 02:01:00,23964.749999999993,23964.749999999993
2026-08-28 03:01:00,23962.299999999992,23964.400000000005
2026-08-28 04:01:00,24029.350000000006,24029.350000000006
2026-08-28 05:01:00,24029.350000000006,24029.350000000006
2026-08-28 06:01:00,24029.350000000006,24029.350000000006
2026-08-28 07:01:00,24029.350000000006,24029.350000000006
2026-08-28 08:01:00,24029.350000000006,24029.350000000006
2026-08-28 09:01:00,24029.350000000006,24029.350000000006
2026-08-28 10:01:00,24029.350000000006,24029.350000000006
2026-08-28 11:01:00,24029.350000000006,24029.350000000006
2026-08-28 12:01:00,24029.350000000006,24029.350000000006
2026-08-28 13:01:00,24029.350000000006,24029.350000000006
2026-08-28 14:01:00,24029.350000000006,24029.350000000006
2026-08-28 15:01:00,24025.360000000008,23773.990000000016
2026-08-28 16:01:00,24161.339999999986,24161.339999999986
2026-08-28 17:01:00,24161.339999999986,24161.339999999986
2026-08-28 18:01:00,24161.339999999986,24161.339999999986
2026-08-28 19:01:00,24161.339999999986,24161.339999999986
2026-08-28 20:01:00,24161.339999999986,24161.339999999986
2026-08-28 21:01:00,24161.339999999986,24161.339999999986
2026-08-28 22:01:00,24161.339999999986,24161.339999999986
2026-08-28 23:01:00,24161.339999999986,24161.339999999986
2026-08-31 01:02:00,24161.339999999986,24161.339999999986
2026-08-31 02:02:00,24161.339999999986,24161.339999999986
2026-08-31 03:02:00,24161.339999999986,24161.339999999986
2026-08-31 04:02:00,24161.339999999986,24161.339999999986
2026-08-31 05:02:00,24161.339999999986,24161.339999999986
2026-08-31 06:02:00,24160.35999999999,24261.35999999999
2026-08-31 07:02:00,24228.51999999999,24224.08999999999
2026-08-31 08:02:00,24293.969999999983,24468.309999999972
2026-08-31 09:02:00,24475.969999999983,24640.16999999998
2026-08-31 10:02:00,24475.969999999983,24674.819999999978
2026-08-31 11:02:00,24475.969999999983,24788.889999999985
2026-08-31 12:02:00,24475.969999999983,24670.41999999998
2026-08-31 13:02:00,24475.969999999983,24755.55999999998
2026-08-31 14:02:00,24596.809999999983,24856.60999999998
2026-08-31 15:02:00,24596.809999999983,24865.989999999983
2026-08-31 16:02:00,24596.809999999983,24730.04999999998
2026-08-31 17:02:00,24596.40999999998,24624.93999999998
2026-08-31 18:02:00,24596.40999999998,24650.52999999998
2026-08-31 19:02:00,24596.40999999998,24657.879999999983
2026-08-31 20:02:00,24596.40999999998,24662.589999999982
2026-08-31 21:02:00,24596.40999999998,24660.00999999998
2026-08-31 22:02:00,24596.40999999998,24656.829999999984
2026-08-31 23:02:00,24596.40999999998,24725.46999999998
2026-09-01 01:03:00,24594.90999999998,24716.97999999998
2026-09-01 02:03:00,24594.90999999998,24701.34999999998
2026-09-01 03:03:00,24594.90999999998,24716.079999999984
2026-09-01 04:03:00,24594.90999999998,24708.15999999998
2026-09-01 05:03:00,24594.90999999998,24695.88999999998
2026-09-01 06:03:00,24594.90999999998,24680.04999999998
2026-09-01 07:03:00,24594.90999999998,24670.56999999998
2026-09-01 08:03:00,24594.90999999998,24648.60999999998
2026-09-01 09:03:00,24594.90999999998,24670.29999999998
2026-09-01 10:03:00,24594.90999999998,24657.039999999983
2026-09-01 11:03:00,24594.90999999998,24599.769999999982
2026-09-01 12:03:00,24594.609999999982,24594.609999999982
2026-09-01 13:03:00,24594.609999999982,24594.609999999982
2026-09-01 14:03:00,24594.609999999982,24594.609999999982
2026-09-01 15:03:00,24594.609999999982,24594.609999999982
2026-09-01 16:03:00,24594.609999999982,24594.609999999982
2026-09-01 17:03:00,24594.609999999982,24594.609999999982
2026-09-01 18:03:00,24594.609999999982,24594.609999999982
2026-09-01 19:03:00,24594.609999999982,24594.609999999982
2026-09-01 20:03:00,24594.609999999982,24594.609999999982
2026-09-01 21:03:00,24594.609999999982,24594.609999999982
2026-09-01 22:03:00,24594.609999999982,24594.609999999982
2026-09-01 23:03:00,24594.609999999982,24594.609999999982
2026-09-02 01:04:00,24594.609999999982,24594.609999999982
2026-09-02 02:04:00,24594.609999999982,24594.609999999982
2026-09-02 03:04:00,24594.609999999982,24594.609999999982
2026-09-02 04:04:00,24594.609999999982,24594.609999999982
2026-09-02 05:04:00,24594.609999999982,24594.609999999982
2026-09-02 06:04:00,24594.609999999982,24594.609999999982
2026-09-02 07:04:00,24594.609999999982,24594.609999999982
2026-09-02 08:04:00,24594.609999999982,24594.609999999982
2026-09-02 09:04:00,24594.609999999982,24594.609999999982
2026-09-02 10:04:00,24594.609999999982,24594.609999999982
2026-09-02 11:04:00,24594.609999999982,24594.609999999982
2026-09-02 12:04:00,24594.609999999982,24594.609999999982
2026-09-02 13:04:00,24594.609999999982,24594.609999999982
2026-09-02 14:04:00,24594.609999999982,24594.609999999982
2026-09-02 15:04:00,24594.609999999982,24594.609999999982
2026-09-02 16:04:00,24594.609999999982,24594.609999999982
2026-09-02 17:04:00,24594.609999999982,24594.609999999982
2026-09-02 18:04:00,24344.709999999992,24344.709999999992
2026-09-02 19:04:00,24344.709999999992,24344.709999999992
2026-09-02 20:04:00,24344.709999999992,24344.709999999992
2026-09-02 21:04:00,24344.709999999992,24344.709999999992
2026-09-02 22:04:00,24344.709999999992,24344.709999999992
2026-09-02 23:04:00,24344.709999999992,24344.709999999992
2026-09-03 01:05:00,24344.709999999992,24344.709999999992
2026-09-03 02:05:00,24344.709999999992,24344.709999999992
2026-09-03 03:05:00,24344.709999999992,24344.709999999992
2026-09-03 04:05:00,24344.709999999992,24344.709999999992
2026-09-03 05:05:00,24344.709999999992,24344.709999999992
2026-09-03 06:05:00,24344.709999999992,24344.709999999992
2026-09-03 07:05:00,24344.709999999992,24344.709999999992
2026-09-03 08:05:00,24344.709999999992,24344.709999999992
2026-09-03 09:05:00,24344.709999999992,24344.709999999992
2026-09-03 10:05:00,24344.709999999992,24344.709999999992
2026-09-03 11:05:00,24344.709999999992,24344.709999999992
2026-09-03 12:05:00,24344.709999999992,24344.709999999992
2026-09-03 13:05:00,24344.709999999992,24344.709999999992
2026-09-03 14:05:00,24344.709999999992,24344.709999999992
2026-09-03 15:05:00,24344.709999999992,24344.709999999992
2026-09-03 16:05:00,24344.289999999994,24319.149999999994
2026-09-03 17:05:00,24410.409999999993,24471.36999999999
2026-09-03 18:05:00,24410.109999999993,24410.109999999993
2026-09-03 19:05:00,24470.789999999994,24554.549999999996
2026-09-03 20:05:00,24470.789999999994,24563.129999999997
2026-09-03 21:05:00,24470.789999999994,24582.329999999994
2026-09-03 22:05:00,24470.789999999994,24639.329999999994
2026-09-03 23:05:00,24655.109999999993,24655.109999999993
2026-09-04 01:06:00,24655.109999999993,24655.109999999993
2026-09-04 02:06:00,24655.109999999993,24655.109999999993
2026-09-04 03:06:00,24655.109999999993,24655.109999999993
2026-09-04 04:06:00,24655.109999999993,24655.109999999993
2026-09-04 05:06:00,24655.109999999993,24655.109999999993
2026-09-04 06:06:00,24655.109999999993,24655.109999999993
2026-09-04 07:06:00,24655.109999999993,24655.109999999993
2026-09-04 08:06:00,24655.109999999993,24655.109999999993
2026-09-04 09:06:00,24655.109999999993,24655.109999999993
2026-09-04 10:06:00,24655.109999999993,24655.109999999993
2026-09-04 11:06:00,24655.109999999993,24655.109999999993
2026-09-04 12:06:00,24655.109999999993,24655.109999999993
2026-09-04 13:06:00,24655.109999999993,24655.109999999993
2026-09-04 14:06:00,24655.109999999993,24655.109999999993
2026-09-04 15:06:00,24655.109999999993,24655.109999999993
2026-09-04 16:06:00,24404.529999999988,24404.529999999988
2026-09-04 17:06:00,24404.529999999988,24404.529999999988
2026-09-04 18:06:00,24404.529999999988,24404.529999999988
2026-09-04 19:06:00,24404.529999999988,24404.529999999988
2026-09-04 20:06:00,24404.529999999988,24404.529999999988
2026-09-04 21:06:00,24404.529999999988,24404.529999999988
2026-09-04 22:06:00,24404.529999999988,24404.529999999988
2026-09-04 23:06:00,24404.529999999988,24404.529999999988
2026-09-04 23:58:00,24404.529999999988,24404.529999999988
