key,tf,poi_id,kind,side,quality,grade,selected_time,entry_time,close_time,hold_min,entry,limit,sl,tp1,tp2,zone_top,zone_bottom,risk_usd_per_unit,atr,lots,risk_money,gross,commission,swap,net,r_gross,r_net,outcome,partial,mfe_r,mae_r,reentry,confluent,regime,mart_step,mart_scale,grid_leg,grid_parent,legs,cum_net,cum_r,month
M10#1378,M10,1378,IMB,sell,0.572,B,2025-09-01 16:20:00,2025-09-01 17:22:00,2025-09-02 02:24:00,542.0,3480.79,3480.79,3485.37,3478.04,3458.81,3485.37,3480.79,4.579999999999927,3.0771428571428197,0.21,96.17999999999849,40.15000000000101,1.4700000000000002,1.65,40.33000000000101,0.4174464545643755,0.41931794551883594,partial_be,True,1.7947598253274957,0.281659388646384,0,False,trend,0,1.0,False,,0.05@3478.04:tp1;0.05@3475.29:tp1;0.05@3480.89:be;0.06@3480.89:be,40.33000000000101,0.41931794551883594,2025-09
M5#2749,M5,2749,OB,buy,0.579,B,2025-09-03 01:10:00,2025-09-03 01:36:00,2025-09-03 06:04:00,268.0,3531.26,3531.26,3525.95,3534.45,3556.75,3531.26,3525.95,5.3100000000004,1.9721428571428337,0.18,95.58000000000722,88.5999999999949,1.2600000000000002,0.0,87.3399999999949,0.9269721699098997,0.9137894957102773,partial_be,True,2.883239171374537,0.9548022598869645,0,True,trend,0,1.0,False,,0.04@3534.45:tp1;0.04@3537.63:tp1;0.04@3544.00:tp1;0.06@3531.16:be,127.66999999999591,1.3331074412291133,2025-09
M10#1630,M10,1630,IMB,sell,0.61,B,2025-09-10 13:50:00,2025-09-10 13:53:00,2025-09-11 08:55:00,1142.0,3657.46,3657.46,3664.18,3653.43,3625.2,3664.18,3657.46,6.7199999999998,2.7357142857142662,0.15,100.799999999997,278.2200000000021,1.05,0.8999999999999999,278.07000000000204,2.7601190476191504,2.7586309523810546,tp2,True,4.930059523809687,0.05208333333338902,0,False,trend,0,1.0,False,,0.03@3653.43:tp1;0.03@3649.40:tp1;0.03@3641.33:tp1;0.06@3625.20:tp2,405.73999999999796,4.091738393610168,2025-09
M10#1747,M10,1747,OB,buy,0.613,B,2025-09-12 18:00:00,2025-09-12 18:05:00,2025-09-15 02:22:00,3377.0,3646.16,3646.16,3638.49,3650.76,3682.98,3646.16,3638.49,7.670000000000073,3.9214285714285455,0.13,99.71000000000095,-101.00999999999976,0.91,-6.5,-108.41999999999976,-1.013037809647967,-1.0873533246414475,sl,False,0.5971316818774295,1.0847457627118162,0,False,trend,0,1.0,False,,0.03@3638.39:sl;0.03@3638.39:sl;0.03@3638.39:sl;0.04@3638.39:sl,297.31999999999823,3.0043850689687206,2025-09
M30#661,M30,661,OB,buy,0.603,B,2025-09-15 09:00:00,2025-09-15 09:42:00,2025-09-15 12:30:00,168.0,3639.37,3639.37,3631.78,3643.92,3675.8,3639.37,3631.78,7.589999999999691,5.050714285714321,0.13,98.66999999999598,12.650000000001455,0.91,0.0,11.740000000001455,0.12820512820514818,0.11898246680857336,partial_be,True,0.8722002635046325,0.7549407114624838,0,True,trend,1,1.0,False,,0.03@3643.92:tp1;0.03@3639.27:be;0.03@3639.27:be;0.04@3639.27:be,309.05999999999966,3.123367535777294,2025-09
M10#1837,M10,1837,OB,sell,0.571,B,2025-09-16 04:50:00,2025-09-16 05:07:00,2025-09-16 05:15:00,8.0,3682.43,3682.43,3686.33,3680.09,3663.71,3686.33,3682.43,3.900000000000091,3.4942857142857844,0.26,101.40000000000236,12.039999999990867,1.82,0.0,10.219999999990867,0.11873767258373359,0.10078895463501605,partial_be,True,0.9179487179485613,0.12820512820524183,0,False,trend,0,1.0,False,,0.06@3680.09:tp1;0.06@3682.53:be;0.06@3682.53:be;0.08@3682.53:be,319.27999999999054,3.22415649041231,2025-09
H1#312,H1,312,IMB,buy,0.669,A,2025-09-15 23:00:00,2025-09-16 01:00:00,2025-09-16 05:46:00,286.0,3674.67,3674.67,3663.78,3681.2,3726.94,3674.67,3663.78,10.889999999999873,9.837857142857144,0.09,98.00999999999887,38.69999999999936,0.6300000000000001,-4.5,33.56999999999936,0.3948576675849384,0.3425160697887945,partial_be,True,1.3535353535353494,0.3544536271809157,0,True,trend,0,1.0,False,,0.02@3681.20:tp1;0.02@3687.74:tp1;0.02@3674.57:be;0.03@3674.57:be,352.8499999999899,3.5666725602011047,2025-09
M10#1821,M10,1821,IMB,buy,0.711,A,2025-09-15 20:00:00,2025-09-16 01:00:00,2025-09-16 12:23:00,683.0,3672.88,3672.88,3667.8,3675.93,3697.26,3672.88,3667.8,5.079999999999927,4.3828571428571195,0.2,101.59999999999854,228.59999999999903,1.4000000000000001,-5.0,222.19999999999902,2.2500000000000226,2.18700787401577,tp2,True,4.903543307086656,0.407480314960668,0,False,trend,0,1.0,False,,0.05@3675.93:tp1;0.05@3678.98:tp1;0.05@3685.07:tp1;0.05@3697.26:tp2,575.0499999999889,5.753680434216875,2025-09
M10#1885,M10,1885,IMB,sell,0.643,B,2025-09-17 05:30:00,2025-09-17 05:49:00,2025-09-17 06:15:00,26.0,3682.41,3682.41,3685.9,3680.32,3665.66,3685.9,3682.41,3.4900000000002365,3.5914285714285534,0.3,104.70000000000711,12.32999999998947,2.1000000000000005,0.0,10.22999999998947,0.11776504297983412,0.09770773638957761,partial_be,True,0.6647564469912756,0.4842406876791962,0,False,trend,0,1.0,False,,0.07@3680.32:tp1;0.07@3682.51:be;0.07@3682.51:be;0.09@3682.51:be,585.2799999999784,5.8513881706064526,2025-09
M10#1936,M10,1936,IMB,sell,0.607,B,2025-09-18 09:50:00,2025-09-18 10:06:00,2025-09-18 10:20:00,14.0,3642.02,3642.02,3649.51,3637.53,3606.07,3649.51,3642.02,7.4900000000002365,4.713571428571446,0.14,104.86000000000332,-106.26000000000202,0.9800000000000001,0.0,-107.24000000000203,-1.013351134846449,-1.0226969292389723,sl,False,0.2510013351134913,1.0654205607476324,0,True,trend,0,1.0,False,,0.03@3649.61:sl;0.03@3649.61:sl;0.03@3649.61:sl;0.05@3649.61:sl,478.0399999999763,4.82869124136748,2025-09
M10#2052,M10,2052,IMB,buy,0.627,B,2025-09-22 21:50:00,2025-09-22 22:28:00,2025-09-23 01:00:00,152.0,3744.65,3744.65,3741.76,3746.38,3758.52,3744.65,3741.76,2.8899999999998727,2.396428571428617,0.36,104.03999999999542,-6.660000000006221,2.52,0.0,-9.18000000000622,-0.06401384083051244,-0.08823529411771074,partial_be,True,1.3633217993080373,1.70242214532882,0,False,trend,1,1.0,False,,0.09@3746.38:tp1;0.09@3748.12:tp1;0.09@3741.68:be;0.09@3741.68:be,468.8599999999701,4.740455947249769,2025-09
M15#1430,M15,1430,IMB,buy,0.6,B,2025-09-22 22:00:00,2025-09-22 22:28:00,2025-09-23 01:00:00,152.0,3744.65,3744.65,3741.76,3746.38,3758.52,3744.65,3741.76,2.8899999999998727,3.1850000000000103,0.36,104.03999999999542,-6.660000000006221,2.52,0.0,-9.18000000000622,-0.06401384083051244,-0.08823529411771074,partial_be,True,1.3633217993080373,1.70242214532882,0,True,trend,1,1.0,False,,0.09@3746.38:tp1;0.09@3748.12:tp1;0.09@3741.68:be;0.09@3741.68:be,459.6799999999639,4.6522206531320585,2025-09
M10#2076,M10,2076,IMB,buy,0.663,A,2025-09-23 17:40:00,2025-09-23 19:36:00,2025-09-23 21:55:00,139.0,3766.79,3766.79,3759.68,3771.06,3800.92,3766.79,3759.68,7.110000000000127,6.394999999999949,0.14,99.5400000000018,89.08000000000084,0.9800000000000001,0.0,88.10000000000083,0.8949166164355961,0.8850713281092952,partial_be,True,2.666666666666624,0.26722925457103475,0,False,trend,1,1.0,False,,0.03@3771.06:tp1;0.03@3775.32:tp1;0.03@3783.85:tp1;0.05@3766.69:be,547.7799999999647,5.537291981241354,2025-09
M30#774,M30,774,UW,buy,0.636,B,2025-09-23 21:30:00,2025-09-23 21:51:00,2025-09-23 21:56:00,5.0,3775.34,3775.34,3764.89,3781.61,3825.5,3775.34,3764.89,10.450000000000273,8.76071428571426,0.1,104.50000000000273,-105.50000000000182,0.7000000000000001,0.0,-106.20000000000182,-1.0095693779904216,-1.0162679425837229,sl,False,0.0,1.150239234449729,0,False,trend,1,1.0,False,,0.02@3764.79:sl;0.02@3764.79:sl;0.02@3764.79:sl;0.04@3764.79:sl,441.5799999999629,4.521024038657631,2025-09
M5#4335,M5,4335,OB,sell,0.588,B,2025-09-25 17:10:00,2025-09-25 17:23:00,2025-09-25 18:15:00,52.0,3735.85,3735.85,3743.1,3731.5,3701.05,3743.1,3735.85,7.25,6.58928571428565,0.07,50.74999999999999,12.550000000000182,0.48999999999999994,0.0,12.060000000000182,0.2472906403940923,0.2376354679802992,partial_be,True,1.651034482758593,0.2786206896551699,0,False,trend,-1,0.5,False,,0.01@3731.50:tp1;0.01@3727.15:tp1;0.01@3735.95:be;0.04@3735.95:be,453.6399999999631,4.75865950663793,2025-09
M5#4333,M5,4333,IMB,sell,0.557,B,2025-09-25 17:25:00,2025-09-25 21:25:00,2025-09-25 21:35:00,10.0,3746.51,3746.51,3751.81,3743.33,3721.07,3751.81,3746.51,5.299999999999727,6.39142857142854,0.09,47.69999999999755,-48.599999999996726,0.6300000000000001,0.0,-49.22999999999673,-1.0188679245282855,-1.0320754716980975,sl,False,0.1056603773585715,1.0641509433962573,0,False,trend,-1,0.5,False,,0.02@3751.91:sl;0.02@3751.91:sl;0.02@3751.91:sl;0.03@3751.91:sl,404.4099999999664,3.7265840349398323,2025-09
M10#2213,M10,2213,UW,sell,0.6,B,2025-09-26 08:20:00,2025-09-26 08:39:00,2025-09-26 09:12:00,33.0,3749.65,3749.65,3753.57,3747.3,3730.83,3753.57,3749.65,3.9200000000000728,2.5235714285714232,0.26,101.92000000000189,40.90000000000236,1.82,0.0,39.08000000000236,0.40129513343800627,0.38343799058086375,partial_be,True,2.0102040816326436,0.08673469387747053,0,False,trend,1,1.0,False,,0.06@3747.30:tp1;0.06@3744.95:tp1;0.06@3749.75:be;0.08@3749.75:be,443.48999999996875,4.110022025520696,2025-09
M30#850,M30,850,IMB,sell,0.588,B,2025-09-30 16:30:00,2025-09-30 16:43:00,2025-09-30 17:10:00,27.0,3823.86,3823.86,3839.4,3814.54,3749.27,3839.4,3823.86,15.539999999999964,13.799285714285718,0.06,93.2399999999998,-93.83999999999924,0.42000000000000004,0.0,-94.25999999999924,-1.0064350064350005,-1.010939510939505,sl,False,0.173101673101677,1.0791505791505804,0,True,trend,0,1.0,False,,0.01@3839.50:sl;0.01@3839.50:sl;0.01@3839.50:sl;0.03@3839.50:sl,349.2299999999695,3.0990825145811907,2025-09
M10#2360,M10,2360,IMB,buy,0.666,A,2025-09-30 17:50:00,2025-09-30 18:08:00,2025-09-30 18:14:00,6.0,3837.88,3837.88,3830.02,3842.6,3875.61,3837.88,3830.02,7.860000000000127,8.494999999999923,0.13,102.18000000000166,13.160000000000307,0.91,0.0,12.250000000000307,0.12879232726561063,0.11988647484830797,partial_be,True,0.6297709923663789,0.6704834605597833,0,True,trend,1,1.0,False,,0.03@3842.60:tp1;0.03@3837.78:be;0.03@3837.78:be;0.04@3837.78:be,361.4799999999698,3.2189689894294986,2025-09
M5#4612,M5,4612,IMB,buy,0.745,A,2025-09-30 17:40:00,2025-09-30 18:08:00,2025-10-01 11:03:00,1015.0,3837.88,3837.88,3828.27,3843.65,3884.01,3837.88,3828.27,9.610000000000127,6.79357142857134,0.05,48.05000000000064,132.6199999999999,0.35000000000000003,-4.5,127.7699999999999,2.7600416233090144,2.6591050988553215,tp2,True,4.821019771071729,0.6826222684703287,0,False,trend,-1,0.5,False,,0.01@3843.65:tp1;0.01@3849.41:tp1;0.01@3860.94:tp1;0.02@3884.01:tp2,489.24999999996965,5.87807408828482,2025-10
M5#1002814,M5,1002814,OB,sell,0.558,B,2025-10-02 13:15:00,2025-10-02 13:21:00,2025-10-02 13:42:00,21.0,3883.26,3883.26,3888.52,3880.1,3858.01,3888.52,3883.26,5.2599999999997635,2.601428571428609,0.19,99.9399999999955,11.140000000002601,1.33,0.0,9.810000000002601,0.11146688012810789,0.09815889533723277,partial_be,True,0.6615969581749381,0.2566539923954315,0,False,trend,0,1.0,False,,0.04@3880.10:tp1;0.04@3883.36:be;0.04@3883.36:be;0.07@3883.36:be,499.05999999997226,5.976232983622053,2025-10
M10#1001421,M10,1001421,OB,sell,0.551,B,2025-10-02 13:20:00,2025-10-02 13:22:00,2025-10-02 13:43:00,21.0,3883.51,3883.51,3888.52,3880.5,3859.46,3888.52,3883.51,5.0099999999997635,3.955714285714326,0.2,100.19999999999527,13.550000000002457,1.4000000000000001,0.0,12.150000000002457,0.13522954091819459,0.12125748502997036,partial_be,True,0.7445109780439509,0.21956087824350518,0,True,trend,0,1.0,False,,0.05@3880.50:tp1;0.05@3883.61:be;0.05@3883.61:be;0.05@3883.61:be,511.20999999997474,6.097490468652023,2025-10
H1#1000248,H1,1000248,OB,sell,0.595,B,2025-10-03 04:00:00,2025-10-03 10:42:00,2025-10-03 16:41:00,359.0,3864.17,3864.17,3886.34,3850.87,3757.75,3886.34,3864.17,22.170000000000073,13.833571428571465,0.04,88.68000000000029,-89.07999999999993,0.28,0.0,-89.35999999999993,-1.0045105999097839,-1.0076680198466355,sl,False,0.4055029318899507,1.0257104194857785,0,False,trend,0,1.0,False,,0.01@3886.44:sl;0.01@3886.44:sl;0.01@3886.44:sl;0.01@3886.44:sl,421.8499999999748,5.089822448805387,2025-10
M10#1001687,M10,1001687,IMB,buy,0.66,A,2025-10-08 20:10:00,2025-10-08 20:20:00,2025-10-08 20:30:00,10.0,4052.34,4052.34,4047.88,4055.02,4073.75,4052.34,4047.88,4.460000000000036,5.249285714285667,0.23,102.58000000000084,-104.87999999999874,1.6099999999999999,0.0,-106.48999999999874,-1.0224215246636565,-1.0381165919282305,sl,False,0.5515695067264611,1.1726457399103085,0,False,trend,1,1.0,False,,0.05@4047.78:sl;0.05@4047.78:sl;0.05@4047.78:sl;0.08@4047.78:sl,315.359999999976,4.051705856877157,2025-10
M10#1001696,M10,1001696,OB,buy,0.629,B,2025-10-09 04:00:00,2025-10-09 04:03:00,2025-10-09 05:02:00,59.0,4014.51,4014.51,4005.27,4020.05,4058.86,4014.51,4005.27,9.240000000000236,7.089999999999918,0.11,101.6400000000026,32.55999999999676,0.77,0.0,31.789999999996763,0.3203463203462803,0.3127705627705229,partial_be,True,2.3744588744587705,0.6774891774891838,0,False,trend,2,1.0,False,,0.02@4020.05:tp1;0.02@4025.60:tp1;0.02@4014.41:be;0.05@4014.41:be,347.1499999999728,4.36447641964768,2025-10
M5#1003312,M5,1003312,OB,sell,0.603,B,2025-10-09 07:25:00,2025-10-09 15:54:00,2025-10-09 16:00:00,6.0,4049.01,4049.01,4054.3,4045.84,4023.62,4054.3,4049.01,5.289999999999964,2.7671428571428414,0.19,100.50999999999931,-102.40999999999758,1.33,0.0,-103.73999999999758,-1.0189035916824025,-1.0321361058600964,sl,False,0.003780718336566483,1.22495274102072,0,False,trend,0,1.0,False,,0.04@4054.40:sl;0.04@4054.40:sl;0.04@4054.40:sl;0.07@4054.40:sl,243.40999999997524,3.3323403137875838,2025-10
M15#1001244,M15,1001244,IMB,sell,0.64,B,2025-10-09 23:30:00,2025-10-10 02:36:00,2025-10-10 05:36:00,180.0,3986.62,3986.62,4009.93,3972.63,3874.73,4009.93,3986.62,23.309999999999945,11.440000000000023,0.04,93.23999999999978,13.690000000000056,0.28,0.0,13.410000000000057,0.14682539682539777,0.14382239382239478,partial_be,True,0.7039897039896994,0.3517803517803643,0,True,trend,1,1.0,False,,0.01@3972.63:tp1;0.01@3986.72:be;0.01@3986.72:be;0.01@3986.72:be,256.8199999999753,3.4761627076099786,2025-10
M10#1001734,M10,1001734,OB,buy,0.713,A,2025-10-09 23:10:00,2025-10-10 01:10:00,2025-10-10 06:26:00,316.0,3967.97,3967.97,3957.35,3974.34,4018.95,3967.97,3957.35,10.61999999999989,7.807857142857172,0.09,95.57999999999903,88.90000000000191,0.6300000000000001,0.0,88.27000000000191,0.9301109018623437,0.923519564762532,partial_be,True,2.502824858757124,0.8709981167608376,0,False,trend,1,1.0,False,,0.02@3974.34:tp1;0.02@3980.71:tp1;0.02@3993.46:tp1;0.03@3967.87:be,345.08999999997724,4.399682272372511,2025-10
M5#1003390,M5,1003390,IMB,sell,0.642,B,2025-10-10 02:50:00,2025-10-10 02:52:00,2025-10-10 07:14:00,262.0,3989.78,3989.78,3998.06,3984.81,3950.04,3998.06,3989.78,8.279999999999745,3.161428571428587,0.06,49.67999999999848,154.00000000000136,0.42000000000000004,0.0,153.58000000000138,3.0998389694043094,3.091384863124116,tp2,True,5.137681159420499,0.6086956521739274,0,True,trend,-1,0.5,False,,0.01@3984.81:tp1;0.01@3979.84:tp1;0.01@3969.91:tp1;0.03@3950.04:tp2,498.6699999999786,7.4910671354966265,2025-10
M10#1001764,M10,1001764,IMB,buy,0.557,B,2025-10-10 11:50:00,2025-10-10 14:46:00,2025-10-10 15:45:00,59.0,3984.13,3984.13,3976.32,3988.82,4021.62,3984.13,3976.32,7.809999999999945,7.50142857142857,0.13,101.52999999999929,41.48000000000047,0.91,0.0,40.570000000000476,0.40854919728159916,0.39958632916380143,partial_be,True,1.4353393085787598,0.098591549295773,0,True,trend,0,1.0,False,,0.03@3988.82:tp1;0.03@3993.50:tp1;0.03@3984.03:be;0.04@3984.03:be,539.2399999999791,7.890653464660428,2025-10
M5#1003465,M5,1003465,OB,sell,0.644,B,2025-10-10 17:30:00,2025-10-10 17:31:00,2025-10-10 17:39:00,8.0,3987.39,3987.39,3994.7,3983.0,3952.3,3994.7,3987.39,7.309999999999945,6.980000000000051,0.14,102.33999999999925,12.070000000000618,0.9800000000000001,0.0,11.090000000000618,0.11794019933555508,0.10836427594294215,partial_be,True,0.9794801641586741,0.09986320109439448,0,True,trend,0,1.0,False,,0.03@3983.00:tp1;0.03@3987.49:be;0.03@3987.49:be;0.05@3987.49:be,550.3299999999797,7.99901774060337,2025-10
M30#1000621,M30,1000621,IMB,sell,0.687,A,2025-10-09 22:00:00,2025-10-09 22:14:00,2025-10-10 18:07:00,1193.0,3974.4,3974.4,4009.93,3953.08,3803.86,4009.93,3974.4,35.529999999999745,19.753571428571508,0.02,71.05999999999949,-71.26000000000022,0.14,0.3,-71.10000000000022,-1.0028145229383723,-1.0005629045876827,sl,False,0.7644244300591192,1.0287081339713045,0,True,trend,1,1.0,False,,0.01@4010.03:sl;0.01@4010.03:sl,479.22999999997944,6.9984548360156875,2025-10
M30#1000618,M30,1000618,IMB,sell,0.609,B,2025-10-10 22:00:00,2025-10-13 01:01:00,2025-10-13 01:16:00,15.0,4029.27,4029.27,4048.75,4017.58,3935.77,4048.75,4029.27,19.480000000000018,17.65428571428577,0.05,97.40000000000009,11.290000000000418,0.35000000000000003,0.0,10.940000000000419,0.11591375770020952,0.11232032854209865,partial_be,True,1.1262833675564698,0.10112936344968163,0,True,trend,1,1.0,False,,0.01@4017.58:tp1;0.01@4029.37:be;0.01@4029.37:be;0.02@4029.37:be,490.16999999997984,7.110775164557786,2025-10
M5#1003612,M5,1003612,IMB,buy,0.583,B,2025-10-14 04:40:00,2025-10-14 04:41:00,2025-10-14 04:54:00,13.0,4139.03,4139.03,4131.99,4143.25,4172.82,4139.03,4131.99,7.039999999999964,5.438571428571582,0.14,98.5599999999995,-99.95999999999185,0.9800000000000001,0.0,-100.93999999999185,-1.014204545454468,-1.0241477272726498,sl,False,0.18181818181827578,1.011363636363626,0,False,trend,0,1.0,False,,0.03@4131.89:sl;0.03@4131.89:sl;0.03@4131.89:sl;0.05@4131.89:sl,389.22999999998797,6.086627437285136,2025-10
M5#1003640,M5,1003640,UW,buy,0.597,B,2025-10-14 15:25:00,2025-10-14 16:01:00,2025-10-14 17:11:00,70.0,4098.43,4098.43,4090.35,4103.28,4137.21,4098.43,4090.35,8.080000000000382,4.6892857142859485,0.06,48.4800000000023,150.27999999999793,0.42000000000000004,0.0,149.85999999999794,3.0998349834981602,3.091171617161527,tp2,True,4.799504950494791,0.10024752475252004,0,True,trend,-1,0.5,False,,0.01@4103.28:tp1;0.01@4108.13:tp1;0.01@4117.82:tp1;0.03@4137.21:tp2,539.0899999999859,9.177799054446663,2025-10
M15#1001324,M15,1001324,IMB,sell,0.65,B,2025-10-14 10:45:00,2025-10-14 11:12:00,2025-10-15 04:05:00,1013.0,4137.22,4137.22,4174.36,4114.94,3958.95,4174.36,4137.22,37.13999999999942,18.677857142856997,0.02,74.27999999999884,-74.47999999999956,0.14,0.8999999999999999,-73.71999999999956,-1.0026925148088413,-0.9924609585352816,sl,False,1.0589660743134233,1.0963920301561654,0,True,trend,1,1.0,False,,0.01@4174.46:sl;0.01@4174.46:sl,465.36999999998636,8.185338095911382,2025-10
M30#1000652,M30,1000652,OB,sell,0.688,A,2025-10-14 11:00:00,2025-10-14 11:12:00,2025-10-15 04:07:00,1015.0,4136.9,4136.9,4179.08,4111.59,3934.44,4179.08,4136.9,42.18000000000029,20.89285714285708,0.02,84.36000000000058,-84.56000000000131,0.14,0.8999999999999999,-83.8000000000013,-1.0023707918444846,-0.9933617828354756,sl,False,0.9248458985300863,1.0258416311047922,0,True,trend,1,1.0,False,,0.01@4179.18:sl;0.01@4179.18:sl,381.56999999998504,7.191976313075906,2025-10
M10#1001849,M10,1001849,OB,sell,0.707,A,2025-10-14 20:10:00,2025-10-15 01:14:00,2025-10-15 04:07:00,173.0,4159.06,4159.06,4179.08,4147.05,4062.96,4179.08,4159.06,20.019999999999527,8.944999999999968,0.05,100.09999999999764,-100.59999999999945,0.35000000000000003,0.0,-100.94999999999945,-1.0049950049950234,-1.008491508491527,sl,False,0.44155844155845925,1.054445554445563,0,True,trend,0,1.0,False,,0.01@4179.18:sl;0.01@4179.18:sl;0.01@4179.18:sl;0.02@4179.18:sl,280.61999999998557,6.1834848045843795,2025-10
M5#1003708,M5,1003708,IMB,buy,0.659,A,2025-10-15 04:30:00,2025-10-15 05:31:00,2025-10-15 07:25:00,114.0,4173.72,4173.72,4162.75,4180.3,4226.38,4173.72,4162.75,10.970000000000255,6.795000000000073,0.04,43.88000000000102,19.539999999999054,0.28,0.0,19.259999999999053,0.44530537830443484,0.43892433910662276,partial_be,True,1.5487693710117947,0.607110300820392,0,False,trend,-1,0.5,False,,0.01@4180.30:tp1;0.01@4186.88:tp1;0.01@4173.62:be;0.01@4173.62:be,299.87999999998465,6.622409143691002,2025-10
M5#1003745,M5,1003745,UW,buy,0.574,B,2025-10-15 15:55:00,2025-10-15 18:51:00,2025-10-15 21:06:00,135.0,4181.07,4181.07,4176.28,4183.94,4204.06,4181.07,4176.28,4.789999999999964,5.96714285714305,0.21,100.58999999999925,238.5400000000036,1.4700000000000002,0.0,237.0700000000036,2.3714086887365085,2.3567949100308714,tp2,True,4.810020876826751,0.29645093945721995,0,False,trend,0,1.0,False,,0.05@4183.94:tp1;0.05@4186.82:tp1;0.05@4192.57:tp1;0.06@4204.06:tp2,536.9499999999882,8.979204053721874,2025-10
M10#1001945,M10,1001945,OB,buy,0.638,B,2025-10-16 13:50:00,2025-10-16 15:39:00,2025-10-16 19:13:00,214.0,4232.8,4232.8,4223.04,4238.66,4279.65,4232.8,4223.04,9.760000000000218,5.701428571428745,0.1,97.60000000000218,269.3799999999974,0.7000000000000001,0.0,268.6799999999974,2.7600409836064688,2.752868852458928,tp2,True,4.835040983606408,0.5430327868852524,0,False,trend,0,1.0,False,,0.02@4238.66:tp1;0.02@4244.51:tp1;0.02@4256.22:tp1;0.04@4279.65:tp2,805.6299999999856,11.732072906180802,2025-10
M10#1001963,M10,1001963,OB,buy,0.581,B,2025-10-16 19:00:00,2025-10-16 19:39:00,2025-10-16 19:40:00,1.0,4262.72,4262.72,4257.77,4265.69,4286.48,4262.72,4257.77,4.949999999999818,8.341428571428553,0.22,108.89999999999601,43.34999999999036,1.5400000000000003,0.0,41.80999999999036,0.39807162534427865,0.383930211202864,partial_be,True,1.2363636363636596,0.10909090909090575,0,False,trend,0,1.0,False,,0.05@4265.69:tp1;0.05@4268.66:tp1;0.05@4262.62:be;0.07@4262.62:be,847.439999999976,12.116003117383666,2025-10
M5#1003868,M5,1003868,OB,buy,0.708,A,2025-10-16 17:35:00,2025-10-16 17:46:00,2025-10-16 20:36:00,170.0,4255.26,4255.26,4246.63,4260.44,4296.68,4255.26,4246.63,8.63000000000011,7.309999999999945,0.12,103.56000000000131,233.0099999999975,0.84,0.0,232.1699999999975,2.249999999999947,2.2418887601389974,tp2,True,4.820393974507407,0.1575898030128117,0,False,trend,0,1.0,False,,0.03@4260.44:tp1;0.03@4265.62:tp1;0.03@4275.97:tp1;0.03@4296.68:tp2,1079.6099999999735,14.357891877522665,2025-10
M5#1003987,M5,1003987,IMB,buy,0.603,B,2025-10-20 12:30:00,2025-10-20 13:08:00,2025-10-20 15:18:00,130.0,4247.39,4247.39,4239.35,4252.21,4285.98,4247.39,4239.35,8.039999999999964,3.987857142856813,0.13,104.51999999999953,255.6699999999928,0.91,0.0,254.7599999999928,2.4461347110600262,2.437428243398335,tp2,True,4.835820895522423,0.231343283582163,0,True,trend,0,1.0,False,,0.03@4252.21:tp1;0.03@4257.04:tp1;0.03@4266.69:tp1;0.04@4285.98:tp2,1334.3699999999662,16.795320120920998,2025-10
M10#1002028,M10,1002028,IMB,buy,0.619,B,2025-10-20 12:40:00,2025-10-20 13:08:00,2025-10-20 15:23:00,135.0,4247.39,4247.39,4237.29,4253.45,4295.87,4247.39,4237.29,10.100000000000364,5.559285714285514,0.1,101.00000000000364,278.7599999999966,0.7000000000000001,0.0,278.0599999999966,2.7599999999998666,2.75306930693056,tp2,True,4.840594059405708,0.18415841584163517,0,True,trend,0,1.0,False,,0.02@4253.45:tp1;0.02@4259.51:tp1;0.02@4271.63:tp1;0.04@4295.87:tp2,1612.4299999999628,19.548389427851557,2025-10
M10#1002060,M10,1002060,IMB,buy,0.616,B,2025-10-20 22:40:00,2025-10-20 23:16:00,2025-10-20 23:17:00,1.0,4354.84,4354.84,4348.24,4358.8,4386.52,4354.84,4348.24,6.600000000000364,5.4264285714285245,0.17,112.20000000000618,-113.89999999999692,1.1900000000000002,0.0,-115.08999999999692,-1.0151515151514319,-1.0257575757574917,sl,False,0.0,1.0227272727272163,0,False,trend,0,1.0,False,,0.04@4348.14:sl;0.04@4348.14:sl;0.04@4348.14:sl;0.05@4348.14:sl,1497.3399999999658,18.522631852094065,2025-10
M10#1002063,M10,1002063,OB,sell,0.611,B,2025-10-21 00:00:00,2025-10-21 01:03:00,2025-10-21 01:15:00,12.0,4365.92,4365.92,4377.64,4358.89,4309.66,4377.64,4365.92,11.720000000000255,8.132142857142819,0.09,105.4800000000023,13.359999999996946,0.6300000000000001,0.0,12.729999999996945,0.1266590822904499,0.12068638604471622,partial_be,True,0.61518771331057,0.45221843003413537,0,False,trend,1,1.0,False,,0.02@4358.89:tp1;0.02@4366.02:be;0.02@4366.02:be;0.03@4366.02:be,1510.0699999999626,18.643318238138782,2025-10
M5#1004017,M5,1004017,OB,buy,0.65,B,2025-10-21 08:10:00,2025-10-21 10:33:00,2025-10-21 10:36:00,3.0,4314.65,4314.65,4294.83,4326.54,4409.79,4314.65,4294.83,19.81999999999971,3.3650000000002365,0.05,99.09999999999854,-99.60000000000036,0.35000000000000003,0.0,-99.95000000000036,-1.0050454086781213,-1.0085771947527935,sl,False,0.0,1.0277497477295756,0,False,trend,0,1.0,False,,0.01@4294.73:sl;0.01@4294.73:sl;0.01@4294.73:sl;0.02@4294.73:sl,1410.1199999999624,17.63474104338599,2025-10
M5#1004197,M5,1004197,IMB,sell,0.574,B,2025-10-22 16:10:00,2025-10-22 16:11:00,2025-10-22 16:40:00,29.0,4066.79,4066.79,4082.94,4057.1,3989.27,4082.94,4066.79,16.15000000000009,13.05142857142859,0.03,48.45000000000027,-48.75,0.21,0.0,-48.96,-1.0061919504643906,-1.010526315789468,sl,False,1.1869969040247657,1.162229102167175,0,False,trend,-1,0.5,False,,0.01@4083.04:sl;0.02@4083.04:sl,1361.1599999999623,16.624214727596524,2025-10
M5#1004254,M5,1004254,OB,sell,0.554,B,2025-10-23 04:20:00,2025-10-23 04:22:00,2025-10-23 04:46:00,24.0,4085.91,4085.91,4095.05,4080.43,4042.04,4095.05,4085.91,9.140000000000327,7.9614285714285415,0.06,54.84000000000197,4.979999999998199,0.42000000000000004,0.0,4.559999999998199,0.09080962800871663,0.08315098468267752,partial_be,True,0.8435448577679765,0.7943107221006519,0,False,trend,-1,0.5,False,,0.01@4080.43:tp1;0.01@4086.01:be;0.01@4086.01:be;0.03@4086.01:be,1365.7199999999605,16.707365712279202,2025-10
M5#1004264,M5,1004264,OB,buy,0.555,B,2025-10-23 04:40:00,2025-10-23 04:43:00,2025-10-23 04:59:00,16.0,4084.04,4084.04,4073.26,4090.51,4135.78,4084.04,4073.26,10.779999999999745,7.311428571428548,0.05,53.89999999999873,-54.400000000000546,0.35000000000000003,0.0,-54.75000000000055,-1.0092764378479004,-1.015769944341407,sl,False,0.2857142857142857,1.0287569573284236,0,False,trend,-1,0.5,False,,0.01@4073.16:sl;0.01@4073.16:sl;0.01@4073.16:sl;0.02@4073.16:sl,1310.96999999996,15.691595767937795,2025-10
M5#1004183,M5,1004183,IMB,sell,0.65,B,2025-10-23 08:30:00,2025-10-23 09:04:00,2025-10-23 09:10:00,6.0,4119.37,4119.37,4130.84,4112.49,4064.31,4130.84,4119.37,11.470000000000255,4.197857142857174,0.04,45.88000000000102,-46.279999999998836,0.28,0.0,-46.55999999999884,-1.0087183958151222,-1.014821272885741,sl,False,0.0,1.1011333914559571,0,False,trend,-1,0.5,False,,0.01@4130.94:sl;0.01@4130.94:sl;0.01@4130.94:sl;0.01@4130.94:sl,1264.4099999999612,14.676774495052054,2025-10
M5#1004293,M5,1004293,IMB,buy,0.56,B,2025-10-23 12:40:00,2025-10-23 13:30:00,2025-10-23 13:45:00,15.0,4107.07,4107.07,4100.53,4110.99,4138.46,4107.07,4100.53,6.539999999999964,5.117142857142816,0.08,52.31999999999971,23.140000000003056,0.56,0.0,22.580000000003057,0.44227828746183456,0.43157492354746146,partial_be,True,1.8990825688073611,0.3608562691131018,0,False,trend,-1,0.5,False,,0.02@4110.99:tp1;0.02@4114.92:tp1;0.02@4106.97:be;0.02@4106.97:be,1286.9899999999643,15.108349418599516,2025-10
M30#1000724,M30,1000724,OB,sell,0.576,B,2025-10-23 02:00:00,2025-10-23 09:14:00,2025-10-23 16:06:00,412.0,4134.94,4134.94,4156.09,4122.25,4033.42,4156.09,4134.94,21.150000000000546,19.4714285714285,0.05,105.75000000000273,37.7699999999977,0.35000000000000003,0.0,37.4199999999977,0.35716312056734495,0.3538534278959502,partial_be,True,2.0241134751772285,0.14373522458632598,0,False,trend,2,1.0,False,,0.01@4122.25:tp1;0.01@4109.56:tp1;0.01@4135.04:be;0.02@4135.04:be,1324.409999999962,15.462202846495467,2025-10
M5#1004416,M5,1004416,IMB,buy,0.678,A,2025-10-24 16:40:00,2025-10-24 16:41:00,2025-10-24 21:01:00,260.0,4105.75,4105.75,4091.18,4114.49,4175.69,4105.75,4091.18,14.570000000000164,12.212857142857112,0.07,101.99000000000113,25.719999999997526,0.48999999999999994,0.0,25.229999999997528,0.2521815864300151,0.2473771938425066,partial_be,True,2.2676733013040216,0.547700754975942,0,False,trend,0,1.0,False,,0.01@4114.49:tp1;0.01@4123.23:tp1;0.01@4105.65:be;0.04@4105.65:be,1349.6399999999596,15.709580040337974,2025-10
M5#1004450,M5,1004450,UW,buy,0.593,B,2025-10-27 00:40:00,2025-10-27 00:44:00,2025-10-27 00:47:00,3.0,4083.55,4083.55,4073.82,4089.39,4130.25,4083.55,4073.82,9.730000000000018,10.697857142857206,0.11,107.0300000000002,-108.1300000000042,0.77,0.0,-108.9000000000042,-1.0102774922919182,-1.0174717368962347,sl,False,0.05858170606369043,1.2004110996917028,0,False,trend,0,1.0,False,,0.02@4073.72:sl;0.02@4073.72:sl;0.02@4073.72:sl;0.05@4073.72:sl,1240.7399999999554,14.692108303441739,2025-10
M30#1000793,M30,1000793,UW,buy,0.578,B,2025-10-28 21:30:00,2025-10-29 00:07:00,2025-10-29 00:20:00,13.0,3932.99,3932.99,3914.85,3943.87,4020.06,3932.99,3914.85,18.139999999999873,14.719999999999962,0.06,108.83999999999925,10.380000000000564,0.42000000000000004,0.0,9.960000000000564,0.09536934950386472,0.09151047409041375,partial_be,True,0.7337375964719125,0.9184123484013215,0,True,trend,1,1.0,False,,0.01@3943.87:tp1;0.01@3932.89:be;0.01@3932.89:be;0.03@3932.89:be,1250.699999999956,14.783618777532153,2025-10
M10#1002299,M10,1002299,UW,buy,0.584,B,2025-10-28 16:30:00,2025-10-29 00:07:00,2025-10-29 02:39:00,152.0,3925.2,3925.2,3914.85,3931.41,3974.88,3925.2,3914.85,10.349999999999909,9.856428571428555,0.1,103.49999999999909,285.6600000000017,0.7000000000000001,0.0,284.9600000000017,2.7600000000000406,2.753236714975886,tp2,True,4.827053140096664,0.8570048309178714,0,False,trend,1,1.0,False,,0.02@3931.41:tp1;0.02@3937.62:tp1;0.02@3950.04:tp1;0.04@3974.88:tp2,1535.6599999999576,17.53685549250804,2025-10
M5#1004653,M5,1004653,OB,buy,0.601,B,2025-10-29 17:35:00,2025-10-29 17:47:00,2025-10-29 17:51:00,4.0,3996.9,3996.9,3991.28,4000.27,4023.88,3996.9,3991.28,5.619999999999891,5.162857142857092,0.2,112.39999999999782,-114.4000000000051,1.4000000000000001,0.0,-115.8000000000051,-1.017793594306115,-1.0302491103203502,sl,False,0.24733096085407466,1.3380782918149694,0,False,trend,0,1.0,False,,0.05@3991.18:sl;0.05@3991.18:sl;0.05@3991.18:sl;0.05@3991.18:sl,1419.8599999999524,16.506606382187687,2025-10
M5#1004729,M5,1004729,IMB,buy,0.675,A,2025-10-30 12:00:00,2025-10-30 12:21:00,2025-10-30 12:35:00,14.0,3988.97,3988.97,3976.78,3995.06,4019.44,3988.97,3976.78,12.1899999999996,7.510714285714324,0.04,48.7599999999984,-49.159999999999854,0.28,0.0,-49.439999999999856,-1.0082034454471178,-1.0139458572600795,sl,False,0.1452009844134569,1.2534864643150325,0,False,range,-1,0.5,False,,0.01@3976.68:sl;0.01@3976.68:sl;0.01@3976.68:sl;0.01@3976.68:sl,1370.4199999999526,15.492660524927608,2025-10
M5#1004792,M5,1004792,UW,sell,0.585,B,2025-10-31 01:45:00,2025-10-31 01:48:00,2025-10-31 03:11:00,83.0,4038.67,4038.67,4046.34,4034.07,4001.85,4046.34,4038.67,7.670000000000073,6.6635714285714585,0.07,53.6900000000005,31.8100000000004,0.48999999999999994,0.0,31.3200000000004,0.5924753212888825,0.5833488545352973,partial_be,True,2.4667535853976394,0.6166883963494099,0,False,trend,-1,0.5,False,,0.01@4034.07:tp1;0.01@4029.47:tp1;0.01@4020.26:tp1;0.04@4038.77:be,1401.739999999953,16.076009379462906,2025-10
M5#1004861,M5,1004861,IMB,sell,0.584,B,2025-10-31 18:40:00,2025-10-31 19:43:00,2025-10-31 20:12:00,29.0,3999.0,3999.0,4005.08,3995.35,3969.82,4005.08,3999.0,6.079999999999927,8.404285714285672,0.18,109.43999999999872,-111.23999999999705,1.2600000000000002,0.0,-112.49999999999706,-1.0164473684210376,-1.0279605263157747,sl,False,0.5657894736842263,1.0657894736842262,0,False,trend,0,1.0,False,,0.04@4005.18:sl;0.04@4005.18:sl;0.04@4005.18:sl;0.06@4005.18:sl,1289.239999999956,15.048048853147131,2025-10
M10#1002423,M10,1002423,IMB,sell,0.655,A,2025-10-31 18:50:00,2025-10-31 19:43:00,2025-10-31 21:27:00,104.0,3999.0,3999.0,4011.59,3991.45,3938.57,4011.59,3999.0,12.590000000000146,10.57928571428569,0.09,113.31000000000134,14.400000000001,0.6300000000000001,0.0,13.770000000001,0.1270849880857897,0.12152501985703677,partial_be,True,0.6012708498808639,0.9023034154090545,0,True,trend,0,1.0,False,,0.02@3991.45:tp1;0.02@3999.10:be;0.02@3999.10:be;0.03@3999.10:be,1303.0099999999568,15.169573873004168,2025-10
M5#2002838,M5,2002838,IMB,sell,0.576,B,2025-11-03 13:40:00,2025-11-03 13:48:00,2025-11-03 14:33:00,45.0,4007.93,4007.93,4014.36,4004.71,3991.85,4014.36,4007.93,6.430000000000291,3.851428571428674,0.17,109.31000000000495,11.57999999999447,1.1900000000000002,0.0,10.38999999999447,0.10593724270418027,0.09505077303077486,partial_be,True,0.9144634525660013,0.25816485225509084,0,False,range,0,1.0,False,,0.04@4004.71:tp1;0.04@4008.03:be;0.04@4008.03:be;0.05@4008.03:be,1313.3999999999512,15.264624646034942,2025-11
M5#2002801,M5,2002801,IMB,buy,0.621,B,2025-11-04 01:20:00,2025-11-04 02:41:00,2025-11-04 03:26:00,45.0,3982.37,3982.37,3974.11,3986.5,4003.02,3982.37,3974.11,8.259999999999764,3.8185714285713988,0.13,107.37999999999693,53.830000000001746,0.91,0.0,52.92000000000175,0.5013037809648285,0.4928292046936419,trail,True,1.4648910411622584,0.4539951573850009,0,False,range,0,1.0,False,,0.03@3986.50:tp1;0.03@3990.63:tp1;0.03@3984.75:trail;0.04@3984.75:trail,1366.3199999999529,15.757453850728584,2025-11
M5#2003062,M5,2003062,IMB,sell,0.604,B,2025-11-06 01:25:00,2025-11-06 01:32:00,2025-11-06 01:51:00,19.0,3972.4,3972.4,3977.96,3969.62,3958.5,3977.96,3972.4,5.559999999999945,2.8735714285714624,0.2,111.19999999999891,-113.1999999999971,1.4000000000000001,0.0,-114.59999999999711,-1.0179856115107753,-1.0305755395683294,sl,False,0.023381294964048636,1.0,0,False,range,0,1.0,False,,0.05@3978.06:sl;0.05@3978.06:sl;0.05@3978.06:sl;0.05@3978.06:sl,1251.7199999999557,14.726878311160256,2025-11
M30#2000493,M30,2000493,IMB,buy,0.608,B,2025-11-06 13:30:00,2025-11-06 14:53:00,2025-11-06 16:05:00,72.0,4003.8,4003.8,3992.83,4009.29,4031.23,4003.8,3992.83,10.970000000000255,6.822857142857141,0.1,109.70000000000255,52.05999999999676,0.7000000000000001,0.0,51.35999999999676,0.4745670009115365,0.4681859617137244,trail,True,1.1431175934366156,0.1002734731085085,0,False,range,1,1.0,False,,0.02@4009.29:tp1;0.02@4014.77:tp1;0.02@4006.99:trail;0.04@4006.99:trail,1303.0799999999524,15.19506427287398,2025-11
M5#2003282,M5,2003282,IMB,buy,0.759,A,2025-11-10 03:50:00,2025-11-10 03:54:00,2025-11-10 07:50:00,236.0,4043.83,4043.83,4035.09,4048.2,4065.68,4043.83,4035.09,8.739999999999782,5.8321428571428635,0.12,104.87999999999738,144.2100000000005,0.84,0.0,143.3700000000005,1.375000000000039,1.366990846681961,tp2,True,2.5640732265446697,0.6990846681922517,0,False,range,0,1.0,False,,0.03@4048.20:tp1;0.03@4052.57:tp1;0.03@4056.94:tp1;0.03@4065.68:tp2,1446.449999999953,16.56205511955594,2025-11
M10#2001779,M10,2001779,OB,buy,0.615,B,2025-11-13 14:40:00,2025-11-13 15:04:00,2025-11-13 15:09:00,5.0,4229.62,4229.67,4223.11,4232.95,4246.07,4229.67,4223.11,6.5600000000004,6.535000000000049,0.17,111.5200000000068,12.669999999997344,1.1900000000000002,0.0,11.479999999997345,0.11361190817787456,0.10294117647055814,partial_be,True,0.5243902439024847,0.5167682926829452,0,False,range,0,1.0,False,,0.04@4232.95:tp1;0.04@4229.57:be;0.04@4229.57:be;0.05@4229.57:be,1457.9299999999503,16.664996296026498,2025-11
M10#2001738,M10,2001738,IMB,buy,0.624,B,2025-11-13 16:10:00,2025-11-13 20:35:00,2025-11-14 04:25:00,470.0,4160.26,4160.26,4144.58,4168.1,4199.46,4160.26,4144.58,15.680000000000291,8.992857142857117,0.07,109.76000000000202,203.83999999999833,0.48999999999999994,-2.5,200.84999999999832,1.8571428571428077,1.8299016034984932,tp2,True,2.551020408163218,0.9591836734693676,0,True,range,0,1.0,False,,0.01@4168.10:tp1;0.01@4175.94:tp1;0.01@4183.78:tp1;0.04@4199.46:tp2,1658.7799999999486,18.49489789952499,2025-11
M15#2001202,M15,2001202,IMB,buy,0.644,B,2025-11-13 15:45:00,2025-11-13 20:35:00,2025-11-14 04:50:00,495.0,4159.4,4159.4,4140.04,4169.08,4207.8,4159.4,4140.04,19.359999999999673,9.377142857142903,0.05,96.79999999999836,154.88000000000193,0.35000000000000003,-1.5,153.03000000000193,1.600000000000047,1.5808884297521129,tp2,True,2.5625000000000733,0.732438016528906,0,True,range,0,1.0,False,,0.01@4169.08:tp1;0.01@4178.76:tp1;0.01@4188.44:tp1;0.02@4207.80:tp2,1811.8099999999506,20.0757863292771,2025-11
M30#2000550,M30,2000550,IMB,buy,0.68,A,2025-11-13 04:00:00,2025-11-13 20:32:00,2025-11-14 08:28:00,716.0,4166.2,4166.2,4140.04,4179.28,4231.6,4166.2,4140.04,26.159999999999854,12.348571428571372,0.04,104.63999999999942,86.22999999999956,0.28,-1.5,84.44999999999956,0.8240634556574927,0.8070527522935783,trail,True,1.725917431192691,0.8019877675840856,0,True,range,0,1.0,False,,0.01@4179.28:tp1;0.01@4192.36:tp1;0.01@4205.44:tp1;0.01@4173.95:trail,1896.2599999999502,20.88283908157068,2025-11
M5#2003640,M5,2003640,IMB,sell,0.62,B,2025-11-14 17:05:00,2025-11-14 17:48:00,2025-11-14 17:58:00,10.0,4091.95,4091.95,4105.49,4085.18,4058.1,4105.49,4091.95,13.539999999999964,12.76642857142854,0.08,108.31999999999971,12.93999999999778,0.56,0.0,12.37999999999778,0.11946085672080702,0.1142909896602457,partial_be,True,0.7259970457902477,0.3530280649926638,0,False,range,0,1.0,False,,0.02@4085.18:tp1;0.02@4092.05:be;0.02@4092.05:be;0.02@4092.05:be,1908.639999999948,20.997130071230924,2025-11
H1#2000311,H1,2000311,UW,buy,0.607,B,2025-11-17 07:00:00,2025-11-17 07:32:00,2025-11-17 18:05:00,633.0,4055.82,4055.82,4031.94,4070.15,4170.44,4055.82,4031.94,23.88000000000011,21.553571428571463,0.04,95.52000000000044,42.78999999999906,0.28,0.0,42.50999999999906,0.44796901172528125,0.4450376884421992,partial_be,True,1.6859296482411885,0.25000000000000955,0,True,trend,0,1.0,False,,0.01@4070.15:tp1;0.01@4084.48:tp1;0.01@4055.72:be;0.01@4055.72:be,1951.149999999947,21.442167759673122,2025-11
M5#2003779,M5,2003779,OB,sell,0.575,B,2025-11-18 10:20:00,2025-11-18 10:32:00,2025-11-18 10:33:00,1.0,4028.67,4028.67,4035.11,4025.45,4012.57,4035.11,4028.67,6.440000000000055,6.0457142857142765,0.18,115.92000000000101,-117.71999999999935,1.2600000000000002,0.0,-118.97999999999935,-1.0155279503105445,-1.0263975155279357,sl,False,0.0,1.0605590062111598,0,False,range,0,1.0,False,,0.04@4035.21:sl;0.04@4035.21:sl;0.04@4035.21:sl;0.06@4035.21:sl,1832.1699999999478,20.415770244145186,2025-11
M5#2003873,M5,2003873,IMB,buy,0.571,B,2025-11-19 08:30:00,2025-11-19 09:08:00,2025-11-19 09:59:00,51.0,4086.68,4086.68,4079.5,4090.99,4121.14,4086.68,4079.5,7.179999999999836,4.872857142857193,0.08,57.43999999999869,25.460000000000946,0.56,0.0,24.900000000000947,0.443245125348216,0.43349582172704587,partial_be,True,1.420612813370544,0.22423398328686758,0,False,trend,-1,0.5,False,,0.02@4090.99:tp1;0.02@4095.30:tp1;0.02@4086.58:be;0.02@4086.58:be,1857.0699999999488,20.849266065872232,2025-11
M10#2001936,M10,2001936,IMB,buy,0.567,B,2025-11-19 08:40:00,2025-11-19 09:08:00,2025-11-19 09:59:00,51.0,4086.68,4086.68,4079.01,4091.28,4123.5,4086.68,4079.01,7.669999999999618,5.942142857142926,0.15,115.04999999999427,40.50000000000273,1.05,0.0,39.45000000000273,0.35202086049547804,0.3428943937418922,partial_be,True,1.329856584093974,0.2099087353324319,0,True,trend,1,1.0,False,,0.03@4091.28:tp1;0.03@4095.88:tp1;0.03@4086.58:be;0.06@4086.58:be,1896.5199999999516,21.192160459614126,2025-11
M10#2001945,M10,2001945,IMB,buy,0.623,B,2025-11-19 13:20:00,2025-11-19 15:14:00,2025-11-19 16:30:00,76.0,4102.03,4102.03,4091.5,4108.35,4152.57,4102.03,4091.5,10.529999999999745,7.230000000000051,0.11,115.8299999999972,37.22000000000571,0.77,0.0,36.45000000000571,0.32133298799971177,0.3146853146853716,partial_be,True,1.5963912630580064,0.10826210826205561,0,True,trend,0,1.0,False,,0.02@4108.35:tp1;0.02@4114.67:tp1;0.02@4101.93:be;0.05@4101.93:be,1932.9699999999573,21.506845774299496,2025-11
M5#2003889,M5,2003889,IMB,buy,0.595,B,2025-11-19 15:25:00,2025-11-19 17:53:00,2025-11-19 17:53:00,0.0,4098.15,4098.15,4091.5,4102.14,4130.07,4098.15,4091.5,6.649999999999636,4.689285714285559,0.17,113.04999999999382,-114.74999999999227,1.1900000000000002,0.0,-115.93999999999227,-1.0150375939849496,-1.0255639097744238,sl,False,0.0,1.20300751879699,0,True,trend,0,1.0,False,,0.04@4091.40:sl;0.04@4091.40:sl;0.04@4091.40:sl;0.05@4091.40:sl,1817.029999999965,20.481281864525073,2025-11
M10#2001987,M10,2001987,UW,buy,0.551,B,2025-11-20 10:00:00,2025-11-20 10:04:00,2025-11-20 10:12:00,8.0,4051.21,4051.21,4043.35,4055.93,4088.94,4051.21,4043.35,7.860000000000127,7.72571428571434,0.15,117.90000000000191,-119.40000000000055,1.05,0.0,-120.45000000000054,-1.0127226463104209,-1.0216284987277233,sl,False,0.5559796437658804,1.0445292620865017,0,True,trend,1,1.0,False,,0.03@4043.25:sl;0.03@4043.25:sl;0.03@4043.25:sl;0.06@4043.25:sl,1696.5799999999645,19.45965336579735,2025-11
M5#2003959,M5,2003959,UW,buy,0.645,B,2025-11-20 09:55:00,2025-11-20 10:04:00,2025-11-20 10:12:00,8.0,4051.21,4051.21,4043.35,4055.93,4088.94,4051.21,4043.35,7.860000000000127,5.2392857142857405,0.07,55.020000000000884,-55.720000000000255,0.48999999999999994,0.0,-56.21000000000026,-1.0127226463104209,-1.0216284987277235,sl,False,0.5559796437658804,1.0445292620865017,0,False,trend,-1,0.5,False,,0.01@4043.25:sl;0.01@4043.25:sl;0.01@4043.25:sl;0.04@4043.25:sl,1640.3699999999642,18.43802486706963,2025-11
M30#2000634,M30,2000634,IMB,sell,0.586,B,2025-11-19 22:00:00,2025-11-20 01:41:00,2025-11-20 16:49:00,908.0,4098.37,4098.37,4115.79,4087.92,4014.75,4115.79,4098.37,17.420000000000073,17.182857142856978,0.06,104.52000000000045,72.85999999999876,0.42000000000000004,0.0,72.43999999999876,0.6970914657481673,0.6930730960581558,partial_be,True,3.4190585533868942,0.7158438576349141,0,True,trend,1,1.0,False,,0.01@4087.92:tp1;0.01@4077.47:tp1;0.01@4056.56:tp1;0.03@4098.47:be,1712.8099999999629,19.131097963127786,2025-11
M15#2001372,M15,2001372,OB,sell,0.683,A,2025-11-19 20:45:00,2025-11-20 01:52:00,2025-11-20 16:50:00,898.0,4106.67,4106.67,4129.51,4092.97,3997.04,4129.51,4106.67,22.840000000000146,13.327142857142755,0.05,114.20000000000073,95.72999999999958,0.35000000000000003,0.0,95.37999999999958,0.8382661996497283,0.8352014010507791,partial_be,True,2.9711033274956082,0.18257443082311936,0,False,trend,1,1.0,False,,0.01@4092.97:tp1;0.01@4079.26:tp1;0.01@4051.85:tp1;0.02@4106.77:be,1808.1899999999625,19.966299364178564,2025-11
M5#2003991,M5,2003991,OB,buy,0.59,B,2025-11-20 10:50:00,2025-11-20 18:58:00,2025-11-20 19:35:00,37.0,4050.28,4050.28,4042.76,4054.79,4086.38,4050.28,4042.76,7.519999999999982,7.183571428571505,0.08,60.159999999999854,26.659999999998035,0.56,0.0,26.099999999998037,0.4431515957446493,0.4338430851063514,partial_be,True,1.4574468085105863,0.8803191489362183,0,False,trend,-1,0.5,False,,0.02@4054.79:tp1;0.02@4059.30:tp1;0.02@4050.18:be;0.02@4050.18:be,1834.2899999999606,20.400142449284914,2025-11
M10#2002024,M10,2002024,IMB,buy,0.604,B,2025-11-21 01:20:00,2025-11-21 02:23:00,2025-11-21 02:53:00,30.0,4072.57,4072.57,4064.14,4077.63,4113.03,4072.57,4064.14,8.430000000000291,5.118571428571419,0.14,118.02000000000409,14.079999999995833,0.9800000000000001,0.0,13.099999999995832,0.11930181325195174,0.11099813590912878,partial_be,True,0.8683274021351668,0.11506524317914842,0,False,trend,0,1.0,False,,0.03@4077.63:tp1;0.03@4072.47:be;0.03@4072.47:be;0.05@4072.47:be,1847.3899999999564,20.511140585194042,2025-11
M10#2002050,M10,2002050,IMB,sell,0.643,B,2025-11-21 09:00:00,2025-11-21 10:27:00,2025-11-21 11:01:00,34.0,4045.92,4045.92,4057.06,4039.24,3992.45,4057.06,4045.92,11.139999999999873,8.381428571428646,0.1,111.39999999999873,12.56000000000131,0.7000000000000001,0.0,11.86000000000131,0.11274685816877426,0.10646319569121586,partial_be,True,0.6131059245960507,0.21274685816875386,0,True,trend,0,1.0,False,,0.02@4039.24:tp1;0.02@4046.02:be;0.02@4046.02:be;0.04@4046.02:be,1859.2499999999577,20.617603780885258,2025-11
M5#2004088,M5,2004088,IMB,buy,0.584,B,2025-11-21 15:10:00,2025-11-21 17:41:00,2025-11-21 17:43:00,2.0,4055.53,4055.53,4050.02,4058.84,4081.98,4055.53,4050.02,5.510000000000218,7.525714285714263,0.21,115.7100000000046,14.949999999993906,1.4700000000000002,0.0,13.479999999993906,0.12920231613510771,0.11649814190643307,partial_be,True,0.8439201451904632,0.050816696914734845,0,False,trend,0,1.0,False,,0.05@4058.84:tp1;0.05@4055.43:be;0.05@4055.43:be;0.06@4055.43:be,1872.7299999999516,20.73410192279169,2025-11
M10#2002063,M10,2002063,IMB,buy,0.558,B,2025-11-21 15:20:00,2025-11-21 17:40:00,2025-11-21 18:51:00,71.0,4058.09,4058.09,4050.35,4062.73,4095.24,4058.09,4050.35,7.7400000000002365,8.665714285714232,0.15,116.10000000000355,320.4299999999971,1.05,0.0,319.3799999999971,2.7599483204133275,2.750904392764749,tp2,True,5.0090439276483645,0.3669250645994908,0,True,trend,0,1.0,False,,0.03@4062.73:tp1;0.03@4067.38:tp1;0.03@4076.67:tp1;0.06@4095.24:tp2,2192.1099999999487,23.48500631555644,2025-11
M5#2004103,M5,2004103,UW,buy,0.584,B,2025-11-21 18:15:00,2025-11-21 22:33:00,2025-11-21 22:35:00,2.0,4061.33,4061.33,4055.25,4064.98,4090.51,4061.33,4055.25,6.079999999999927,6.169999999999975,0.19,115.51999999999862,13.10000000000173,1.33,0.0,11.77000000000173,0.11340027700832658,0.1018871191135896,partial_be,True,0.6101973684210659,0.2878289473684245,0,False,trend,0,1.0,False,,0.04@4064.98:tp1;0.04@4061.23:be;0.04@4061.23:be;0.07@4061.23:be,2203.8799999999505,23.586893434670028,2025-11
M15#2001476,M15,2001476,IMB,buy,0.673,A,2025-11-24 22:00:00,2025-11-25 10:54:00,2025-11-25 15:30:00,276.0,4110.24,4110.24,4095.71,4117.5,4146.56,4110.24,4095.71,14.529999999999745,7.654999999999908,0.08,116.23999999999796,159.8000000000029,0.56,0.0,159.2400000000029,1.3747419132829122,1.3699242945630221,tp2,True,2.6359256710255234,0.03578802477629292,0,True,range,0,1.0,False,,0.02@4117.50:tp1;0.02@4124.77:tp1;0.02@4132.03:tp1;0.02@4146.56:tp2,2363.1199999999535,24.95681772923305,2025-11
M10#2002119,M10,2002119,IMB,buy,0.618,B,2025-11-25 08:20:00,2025-11-25 10:54:00,2025-11-25 15:30:00,276.0,4110.24,4110.24,4095.71,4117.5,4146.56,4110.24,4095.71,14.529999999999745,4.977857142856984,0.08,116.23999999999796,159.8000000000029,0.56,0.0,159.2400000000029,1.3747419132829122,1.3699242945630221,tp2,True,2.6359256710255234,0.03578802477629292,0,True,range,0,1.0,False,,0.02@4117.50:tp1;0.02@4124.77:tp1;0.02@4132.03:tp1;0.02@4146.56:tp2,2522.3599999999565,26.326742023796072,2025-11
M5#2004237,M5,2004237,OB,sell,0.586,B,2025-11-25 12:00:00,2025-11-25 15:20:00,2025-11-25 15:30:00,10.0,4146.09,4146.09,4151.38,4143.44,4132.86,4151.38,4146.09,5.289999999999964,5.332142857143026,0.23,121.66999999999916,59.06999999999971,1.6099999999999999,0.0,57.45999999999971,0.4854935481219702,0.4722610339442764,trail,True,1.4896030245747,0.5141776937618664,0,False,range,0,1.0,False,,0.05@4143.44:tp1;0.05@4140.80:tp1;0.05@4144.60:trail;0.08@4144.60:trail,2579.819999999956,26.79900305774035,2025-11
M10#2002278,M10,2002278,IMB,buy,0.601,B,2025-11-28 06:40:00,2025-11-28 07:09:00,2025-11-28 07:24:00,15.0,4176.63,4176.63,4171.88,4179.01,4188.51,4176.63,4171.88,4.75,4.24714285714286,0.26,123.5,96.20000000000071,1.82,0.0,94.38000000000072,0.7789473684210584,0.7642105263157953,trail,True,2.4210526315789473,4.103157894736796,0,False,range,0,1.0,False,,0.06@4179.01:tp1;0.06@4181.38:tp1;0.06@4183.76:tp1;0.08@4177.96:trail,2674.1999999999566,27.563213584056147,2025-11
M5#2004477,M5,2004477,IMB,buy,0.632,B,2025-11-28 13:25:00,2025-11-28 14:00:00,2025-11-28 15:24:00,84.0,4168.39,4168.39,4163.17,4171.0,4181.44,4168.39,4163.17,5.220000000000255,4.487142857142771,0.24,125.28000000000611,102.77999999998974,1.68,0.0,101.09999999998973,0.8204022988504528,0.8069923371646296,trail,True,1.8716475095783622,0.18582375478931176,0,False,range,0,1.0,False,,0.06@4171.00:tp1;0.06@4173.61:tp1;0.06@4176.22:tp1;0.06@4169.86:trail,2775.2999999999465,28.370205921220776,2025-11
M5#2004499,M5,2004499,UW,sell,0.601,B,2025-11-28 17:00:00,2025-11-28 17:57:00,2025-11-28 18:16:00,19.0,4202.44,4202.44,4208.34,4199.49,4187.69,4208.34,4202.44,5.900000000000546,5.524999999999831,0.21,123.90000000001147,13.149999999993272,1.4700000000000002,0.0,11.67999999999327,0.10613397901527082,0.09426957223561089,partial_be,True,0.6762711864405784,0.5644067796609524,0,False,range,0,1.0,False,,0.05@4199.49:tp1;0.05@4202.54:be;0.05@4202.54:be;0.06@4202.54:be,2786.97999999994,28.464475493456387,2025-11
M5#3002654,M5,3002654,IMB,sell,0.613,B,2025-12-01 08:10:00,2025-12-01 08:10:00,2025-12-01 08:29:00,19.0,4233.54,4233.54,4239.53,4230.55,4218.57,4239.53,4233.54,5.989999999999782,6.385000000000024,0.21,125.78999999999543,63.59999999999582,1.4700000000000002,0.0,62.129999999995825,0.5056045790603239,0.49391843548770237,trail,True,1.1986644407346498,0.0667779632720619,0,False,range,0,1.0,False,,0.05@4230.55:tp1;0.05@4227.55:tp1;0.05@4231.84:trail;0.06@4231.84:trail,2849.109999999936,28.95839392894409,2025-12
M5#3002608,M5,3002608,IMB,buy,0.614,B,2025-12-02 11:00:00,2025-12-02 11:36:00,2025-12-02 12:20:00,44.0,4182.15,4182.15,4177.24,4184.6,4194.42,4182.15,4177.24,4.9099999999998545,3.610714285714234,0.26,127.65999999999622,99.28000000001884,1.82,0.0,97.46000000001885,0.7776907410310339,0.7634341218864307,trail,True,2.437881873727212,0.18533604887981292,0,False,range,0,1.0,False,,0.06@4184.60:tp1;0.06@4187.06:tp1;0.06@4189.51:tp1;0.08@4183.52:trail,2946.5699999999547,29.72182805083052,2025-12
M10#3001403,M10,3001403,IMB,sell,0.571,B,2025-12-02 12:10:00,2025-12-02 13:29:00,2025-12-02 13:54:00,25.0,4195.86,4195.86,4203.55,4192.01,4176.63,4203.55,4195.86,7.690000000000509,6.3214285714284415,0.16,123.04000000000815,-124.63999999999942,1.12,0.0,-125.75999999999942,-1.0130039011702794,-1.0221066319895245,sl,False,0.15084525357604392,1.1079323797138976,0,False,range,0,1.0,False,,0.04@4203.65:sl;0.04@4203.65:sl;0.04@4203.65:sl;0.04@4203.65:sl,2820.8099999999554,28.699721418840998,2025-12
M10#3001414,M10,3001414,IMB,sell,0.582,B,2025-12-02 21:30:00,2025-12-02 21:31:00,2025-12-02 22:37:00,66.0,4198.36,4198.36,4207.93,4193.57,4174.43,4207.93,4198.36,9.570000000000618,4.956428571428725,0.13,124.41000000000804,-125.71000000000095,0.91,0.0,-126.62000000000094,-1.0104493207940908,-1.017763845349994,sl,False,0.452455590386588,1.1389759665621568,0,False,range,1,1.0,False,,0.03@4208.03:sl;0.03@4208.03:sl;0.03@4208.03:sl;0.04@4208.03:sl,2694.1899999999546,27.681957573491005,2025-12
M10#3001413,M10,3001413,IMB,sell,0.587,B,2025-12-02 22:10:00,2025-12-02 22:38:00,2025-12-03 01:09:00,151.0,4210.91,4210.91,4217.45,4207.64,4194.56,4217.45,4210.91,6.539999999999964,4.986428571428665,0.19,124.25999999999931,59.69999999999436,1.33,6.750000000000002,65.11999999999436,0.48044422984061397,0.5240624497021948,trail,True,1.221712538226273,0.25076452599393523,0,False,range,1,1.0,False,,0.04@4207.64:tp1;0.04@4204.37:tp1;0.04@4209.05:trail;0.07@4209.05:trail,2759.309999999949,28.2060200231932,2025-12
M5#3002861,M5,3002861,UW,buy,0.57,B,2025-12-03 18:30:00,2025-12-03 18:53:00,2025-12-03 18:54:00,1.0,4212.35,4212.35,4206.26,4215.4,4227.58,4212.35,4206.26,6.0900000000001455,5.338571428571413,0.2,121.80000000000291,-123.80000000001019,1.4000000000000001,0.0,-125.20000000001019,-1.0164203612480067,-1.0279146141215698,sl,False,0.0,1.0032840722496612,0,False,range,0,1.0,False,,0.05@4206.16:sl;0.05@4206.16:sl;0.05@4206.16:sl;0.05@4206.16:sl,2634.1099999999387,27.17810540907163,2025-12
M10#3001374,M10,3001374,OB,sell,0.645,B,2025-12-05 14:10:00,2025-12-05 17:32:00,2025-12-05 18:09:00,37.0,4250.88,4250.88,4259.94,4246.35,4228.23,4259.94,4250.88,9.05999999999949,3.2057142857143583,0.13,117.77999999999338,172.14000000000306,0.91,0.0,171.23000000000306,1.4615384615385696,1.453812192222896,tp2,True,2.6677704194262066,0.9646799116999097,0,False,range,1,1.0,False,,0.03@4246.35:tp1;0.03@4241.82:tp1;0.03@4237.29:tp1;0.04@4228.23:tp2,2805.339999999942,28.631917601294525,2025-12
M10#3001575,M10,3001575,UW,sell,0.619,B,2025-12-09 05:50:00,2025-12-09 11:05:00,2025-12-09 11:19:00,14.0,4201.82,4201.82,4210.7,4197.38,4179.62,4210.7,4201.82,8.88000000000011,3.368571428571223,0.14,124.32000000000154,-125.72000000000662,0.9800000000000001,0.0,-126.70000000000663,-1.011261261261302,-1.0191441441441849,sl,False,0.2207207207207221,1.0326576576576532,0,True,range,0,1.0,False,,0.03@4210.80:sl;0.03@4210.80:sl;0.03@4210.80:sl;0.05@4210.80:sl,2678.6399999999353,27.61277345715034,2025-12
M5#3003084,M5,3003084,UW,sell,0.685,A,2025-12-09 09:55:00,2025-12-09 11:05:00,2025-12-09 11:19:00,14.0,4201.8,4201.8,4210.7,4197.35,4179.55,4210.7,4201.8,8.899999999999636,2.737857142857268,0.14,124.59999999999492,-126.0,0.9800000000000001,0.0,-126.98,-1.011235955056221,-1.0191011235955472,sl,False,0.21797752808995377,1.0325842696629186,0,True,range,0,1.0,False,,0.03@4210.80:sl;0.03@4210.80:sl;0.03@4210.80:sl;0.05@4210.80:sl,2551.6599999999353,26.593672333554792,2025-12
M30#3000566,M30,3000566,IMB,buy,0.571,B,2025-12-09 14:00:00,2025-12-09 14:18:00,2025-12-09 15:26:00,68.0,4200.72,4200.72,4191.9,4205.13,4222.77,4200.72,4191.9,8.820000000000618,7.696428571428636,0.14,123.48000000000867,12.129999999995562,0.9800000000000001,0.0,11.149999999995561,0.09823453190795846,0.09029802397145106,partial_be,True,0.82199546485255,0.23922902494335987,0,True,range,2,1.0,False,,0.03@4205.13:tp1;0.03@4200.62:be;0.03@4200.62:be;0.05@4200.62:be,2562.809999999931,26.683970357526242,2025-12
M10#3001641,M10,3001641,IMB,sell,0.58,B,2025-12-10 06:30:00,2025-12-10 07:38:00,2025-12-10 07:48:00,10.0,4210.58,4210.58,4214.48,4208.63,4200.83,4214.48,4210.58,3.899999999999636,3.2342857142856962,0.32,124.79999999998836,-128.0,2.24,0.0,-130.24,-1.0256410256411213,-1.043589743589841,sl,False,0.12051282051289705,1.09230769230785,0,False,range,0,1.0,False,,0.08@4214.58:sl;0.08@4214.58:sl;0.08@4214.58:sl;0.08@4214.58:sl,2432.5699999999306,25.6403806139364,2025-12
M30#3000540,M30,3000540,OB,sell,0.652,A,2025-12-09 19:30:00,2025-12-10 22:12:00,2025-12-11 01:50:00,218.0,4231.94,4231.94,4248.55,4223.63,4190.41,4248.55,4231.94,16.610000000000582,9.992857142857117,0.07,116.27000000000406,7.709999999997308,0.48999999999999994,0.8999999999999999,8.119999999997308,0.0663111722714117,0.06983744732086544,partial_be,True,0.6219145093317017,0.42022877784468565,0,True,range,0,1.0,False,,0.01@4223.63:tp1;0.01@4232.04:be;0.01@4232.04:be;0.04@4232.04:be,2440.6899999999277,25.710218061257265,2025-12
M15#3001083,M15,3001083,OB,sell,0.607,B,2025-12-10 22:45:00,2025-12-11 02:12:00,2025-12-11 08:03:00,351.0,4239.92,4239.78,4253.75,4232.8,4204.85,4253.75,4239.78,13.970000000000255,13.126428571428473,0.08,111.76000000000204,154.79999999999927,0.56,0.0,154.23999999999927,1.3851109520400542,1.3801002147458523,tp2,True,2.518969219756547,0.5705082319254975,0,True,range,1,1.0,False,,0.02@4232.80:tp1;0.02@4225.81:tp1;0.02@4218.82:tp1;0.02@4204.85:tp2,2594.929999999927,27.090318276003117,2025-12
M15#3001180,M15,3001180,OB,buy,0.738,A,2025-12-11 05:00:00,2025-12-11 05:12:00,2025-12-11 12:30:00,438.0,4212.15,4212.15,4187.41,4224.52,4274.0,4212.15,4187.41,24.73999999999978,6.952142857142787,0.05,123.69999999999891,11.970000000002983,0.35000000000000003,0.0,11.620000000002983,0.09676637025063127,0.09393694421991176,partial_be,True,0.551333872271643,0.3108326596604554,0,True,range,0,1.0,False,,0.01@4224.52:tp1;0.01@4212.05:be;0.01@4212.05:be;0.02@4212.05:be,2606.54999999993,27.18425522022303,2025-12
M15#3001209,M15,3001209,IMB,buy,0.657,A,2025-12-11 20:00:00,2025-12-11 20:57:00,2025-12-11 21:54:00,57.0,4272.13,4272.13,4262.94,4276.73,4295.11,4272.13,4262.94,9.19000000000051,10.462857142857242,0.13,119.47000000000662,12.799999999994725,0.91,0.0,11.889999999994725,0.10713986774917565,0.09952289277637956,partial_be,True,0.5854189336234833,0.9858541893362239,0,True,range,0,1.0,False,,0.03@4276.73:tp1;0.03@4272.03:be;0.03@4272.03:be;0.04@4272.03:be,2618.439999999925,27.28377811299941,2025-12
M10#3001721,M10,3001721,IMB,buy,0.662,A,2025-12-11 19:50:00,2025-12-11 20:58:00,2025-12-11 22:07:00,69.0,4270.98,4270.98,4261.04,4275.95,4295.83,4270.98,4261.04,9.9399999999996,8.33071428571436,0.12,119.2799999999952,14.010000000005675,0.84,0.0,13.170000000005675,0.11745472837027364,0.1104124748491466,partial_be,True,0.6569416498994887,0.7957746478873413,0,False,range,0,1.0,False,,0.03@4275.95:tp1;0.03@4270.88:be;0.03@4270.88:be;0.03@4270.88:be,2631.6099999999306,27.394190587848556,2025-12
M5#3003401,M5,3003401,IMB,sell,0.674,A,2025-12-15 04:15:00,2025-12-15 04:31:00,2025-12-15 05:32:00,61.0,4327.99,4327.99,4343.29,4320.34,4289.74,4343.29,4327.99,15.300000000000182,4.272857142857057,0.08,122.40000000000146,14.69999999999709,0.56,0.0,14.13999999999709,0.12009803921566108,0.11552287581696831,partial_be,True,0.5516339869280719,0.13333333333338881,0,False,range,0,1.0,False,,0.02@4320.34:tp1;0.02@4328.09:be;0.02@4328.09:be;0.02@4328.09:be,2645.7499999999277,27.509713463665523,2025-12
M10#3001760,M10,3001760,IMB,sell,0.616,B,2025-12-15 04:20:00,2025-12-15 04:31:00,2025-12-15 05:32:00,61.0,4327.99,4327.99,4340.97,4321.5,4295.54,4340.97,4327.99,12.980000000000473,5.262857142857229,0.09,116.82000000000428,12.279999999997017,0.6300000000000001,0.0,11.649999999997016,0.10511898647488929,0.0997260743023163,partial_be,True,0.6502311248073415,0.15716486902933735,0,True,range,0,1.0,False,,0.02@4321.50:tp1;0.02@4328.09:be;0.02@4328.09:be;0.03@4328.09:be,2657.3999999999246,27.60943953796784,2025-12
M5#3003457,M5,3003457,IMB,buy,0.653,A,2025-12-15 08:15:00,2025-12-15 09:39:00,2025-12-15 10:48:00,69.0,4335.7,4335.7,4331.01,4338.05,4347.42,4335.7,4331.01,4.6899999999996,3.547857142857083,0.26,121.9399999999896,178.18000000000575,1.82,0.0,176.36000000000575,1.4612104313598568,1.4462850582255273,tp2,True,2.6311300639661406,0.47547974413640803,0,False,range,0,1.0,False,,0.06@4338.05:tp1;0.06@4340.39:tp1;0.06@4342.73:tp1;0.08@4347.42:tp2,2833.75999999993,29.055724596193368,2025-12
M10#3001798,M10,3001798,IMB,buy,0.605,B,2025-12-15 08:50:00,2025-12-15 09:39:00,2025-12-15 10:50:00,71.0,4336.06,4336.06,4331.01,4338.59,4348.69,4336.06,4331.01,5.050000000000182,4.5342857142857484,0.25,126.25000000000455,179.36999999998807,1.75,0.0,177.61999999998807,1.420752475247379,1.4068910891087656,tp2,True,2.562376237623591,0.5128712871287232,0,True,range,0,1.0,False,,0.06@4338.59:tp1;0.06@4341.11:tp1;0.06@4343.64:tp1;0.07@4348.69:tp2,3011.3799999999183,30.462615685302133,2025-12
M10#3001837,M10,3001837,IMB,sell,0.584,B,2025-12-16 14:30:00,2025-12-16 14:46:00,2025-12-16 15:30:00,44.0,4294.53,4294.53,4304.27,4288.69,4247.78,4304.27,4294.53,9.740000000000691,4.208571428571369,0.13,126.62000000000899,-127.92000000000189,0.91,0.0,-128.8300000000019,-1.0102669404516886,-1.0174537987679098,sl,False,0.3531827515399749,1.3367556468171984,0,False,trend,0,1.0,False,,0.03@4304.37:sl;0.03@4304.37:sl;0.03@4304.37:sl;0.04@4304.37:sl,2882.5499999999165,29.445161886534223,2025-12
M5#3003497,M5,3003497,OB,sell,0.584,B,2025-12-16 15:05:00,2025-12-16 16:03:00,2025-12-16 16:18:00,15.0,4318.77,4318.77,4325.74,4314.59,4285.31,4325.74,4318.77,6.969999999999345,3.427857142857062,0.18,125.45999999998824,-127.25999999999475,1.2600000000000002,0.0,-128.51999999999475,-1.0143472022956055,-1.0243902439024932,sl,False,0.5337159253946347,1.0832137733143317,0,False,trend,0,1.0,False,,0.04@4325.84:sl;0.04@4325.84:sl;0.04@4325.84:sl;0.06@4325.84:sl,2754.0299999999215,28.420771642631728,2025-12
M10#3001946,M10,3001946,IMB,buy,0.659,A,2025-12-18 16:20:00,2025-12-18 16:29:00,2025-12-18 16:35:00,6.0,4332.87,4332.87,4323.71,4338.37,4376.84,4332.87,4323.71,9.159999999999854,6.310714285714247,0.13,119.07999999999811,15.500000000005453,0.91,0.0,14.590000000005453,0.13016459523014529,0.12252267383276524,partial_be,True,0.8897379912664493,0.28056768558949235,0,True,trend,2,1.0,False,,0.03@4338.37:tp1;0.03@4332.77:be;0.03@4332.77:be;0.04@4332.77:be,2768.619999999927,28.543294316464493,2025-12
M30#3000685,M30,3000685,IMB,sell,0.597,B,2025-12-18 23:30:00,2025-12-19 17:06:00,2025-12-19 19:55:00,169.0,4341.91,4341.91,4356.33,4333.26,4272.69,4356.33,4341.91,14.420000000000073,16.50142857142867,0.08,115.36000000000058,-116.1600000000035,0.56,0.0,-116.72000000000351,-1.0069348127600808,-1.0117891816921196,sl,False,0.4597780859916204,1.0159500693480972,0,False,trend,0,1.0,False,,0.02@4356.43:sl;0.02@4356.43:sl;0.02@4356.43:sl;0.02@4356.43:sl,2651.8999999999237,27.531505134772374,2025-12
M10#3002090,M10,3002090,IMB,buy,0.652,A,2025-12-23 21:40:00,2025-12-23 23:56:00,2025-12-24 02:09:00,133.0,4484.19,4484.19,4478.35,4487.69,4512.22,4484.19,4478.35,5.839999999999236,5.906428571428543,0.21,122.63999999998397,290.8300000000072,1.4700000000000002,-24.0,265.3600000000072,2.37141226353592,2.163731245923368,tp2,True,4.886986301370496,0.3116438356164293,0,False,trend,1,1.0,False,,0.05@4487.69:tp1;0.05@4491.20:tp1;0.05@4498.21:tp1;0.06@4512.22:tp2,2917.259999999931,29.695236380695743,2025-12
M15#3001514,M15,3001514,IMB,sell,0.629,B,2025-12-29 18:30:00,2025-12-29 18:54:00,2025-12-29 22:04:00,190.0,4342.73,4342.73,4358.75,4333.12,4265.83,4358.75,4342.73,16.020000000000437,23.839999999999886,0.08,128.1600000000035,57.25999999999658,0.56,0.0,56.69999999999658,0.44678526841444305,0.4424157303370399,partial_be,True,1.7322097378276682,0.3127340823970656,0,True,trend,0,1.0,False,,0.02@4333.12:tp1;0.02@4323.51:tp1;0.02@4342.83:be;0.02@4342.83:be,2973.9599999999277,30.137652111032782,2025-12
M10#3002223,M10,3002223,IMB,sell,0.619,B,2025-12-29 18:30:00,2025-12-29 18:54:00,2025-12-30 01:08:00,374.0,4345.58,4345.58,4358.75,4337.68,4282.36,4358.75,4345.58,13.170000000000073,19.131428571428646,0.09,118.53000000000068,46.899999999997824,0.6300000000000001,0.75,47.01999999999782,0.39568041845944113,0.39669282038300474,partial_be,True,2.3234624145786027,0.16400911161736917,0,True,trend,0,1.0,False,,0.02@4337.68:tp1;0.02@4329.78:tp1;0.02@4345.68:be;0.03@4345.68:be,3020.9799999999254,30.534344931415788,2025-12
M30#3000760,M30,3000760,IMB,sell,0.578,B,2025-12-30 12:00:00,2025-12-30 12:31:00,2025-12-30 13:10:00,39.0,4389.77,4389.77,4406.74,4379.59,4308.31,4406.74,4389.77,16.969999999999345,12.536428571428457,0.07,118.7899999999954,9.580000000003565,0.48999999999999994,0.0,9.090000000003565,0.08064651906729468,0.07652159272669347,partial_be,True,0.6281673541544593,0.1302298173246442,0,False,trend,0,1.0,False,,0.01@4379.59:tp1;0.01@4389.87:be;0.01@4389.87:be;0.04@4389.87:be,3030.069999999929,30.61086652414248,2025-12
M5#3004385,M5,3004385,IMB,sell,0.553,B,2025-12-31 13:00:00,2025-12-31 13:08:00,2025-12-31 14:36:00,88.0,4312.32,4312.32,4319.64,4307.93,4277.18,4319.64,4312.32,7.3200000000006185,5.842142857142725,0.17,124.44000000001051,51.77999999999338,1.1900000000000002,0.0,50.58999999999338,0.4161041465765751,0.40654130504652125,partial_be,True,1.2240437158468962,0.5874316939890463,0,False,trend,0,1.0,False,,0.04@4307.93:tp1;0.04@4303.54:tp1;0.04@4312.42:be;0.05@4312.42:be,3080.6599999999225,31.017407829189,2025-12
M10#3002308,M10,3002308,IMB,buy,0.548,C,2025-12-31 17:40:00,2025-12-31 18:05:00,2025-12-31 18:11:00,6.0,4325.97,4325.97,4316.09,4331.9,4373.39,4325.97,4316.09,9.88000000000011,11.427857142857063,0.13,128.44000000000142,16.789999999994507,0.91,0.0,15.879999999994507,0.1307225163500025,0.1236374961070876,partial_be,True,0.6093117408906337,0.09311740890688892,0,True,trend,0,1.0,False,,0.03@4331.90:tp1;0.03@4325.87:be;0.03@4325.87:be;0.04@4325.87:be,3096.539999999917,31.141045325296087,2025-12
M30#4000447,M30,4000447,IMB,buy,0.57,B,2026-01-02 08:00:00,2026-01-02 15:57:00,2026-01-02 16:31:00,34.0,4362.06,4362.06,4351.94,4368.13,4410.64,4362.06,4351.94,10.1200000000008,10.338571428571347,0.12,121.4400000000096,17.309999999995853,0.84,0.0,16.469999999995853,0.14253952569165418,0.1356225296442239,partial_be,True,1.1472332015809046,0.2233201581027707,0,True,trend,0,1.0,False,,0.03@4368.13:tp1;0.03@4361.96:be;0.03@4361.96:be;0.03@4361.96:be,3113.009999999913,31.27666785494031,2026-01
M10#4001331,M10,4001331,IMB,buy,0.505,C,2026-01-02 15:50:00,2026-01-02 15:57:00,2026-01-02 16:31:00,34.0,4362.06,4362.06,4355.68,4365.89,4392.68,4362.06,4355.68,6.380000000000109,7.246428571428559,0.2,127.60000000000218,56.44999999999527,1.4000000000000001,0.0,55.04999999999527,0.44239811912221244,0.4314263322883568,partial_be,True,1.819749216300858,0.35423197492165825,0,True,trend,0,1.0,False,,0.05@4365.89:tp1;0.05@4369.72:tp1;0.05@4361.96:be;0.05@4361.96:be,3168.059999999908,31.708094187228667,2026-01
M10#4001323,M10,4001323,IMB,buy,0.507,C,2026-01-02 17:40:00,2026-01-02 18:01:00,2026-01-02 18:17:00,16.0,4328.21,4328.21,4319.05,4333.71,4372.18,4328.21,4319.05,9.159999999999854,12.537142857142758,0.14,128.239999999998,-129.64000000000306,0.9800000000000001,0.0,-130.62000000000305,-1.0109170305677253,-1.0185589519651053,sl,False,0.3558951965065797,1.136462882096072,0,True,trend,0,1.0,False,,0.03@4318.95:sl;0.03@4318.95:sl;0.03@4318.95:sl;0.05@4318.95:sl,3037.439999999905,30.689535235263563,2026-01
M5#4002376,M5,4002376,IMB,buy,0.55,C,2026-01-02 15:35:00,2026-01-02 18:03:00,2026-01-02 18:17:00,14.0,4327.32,4327.32,4319.05,4332.28,4367.02,4327.32,4319.05,8.269999999999527,5.917142857142737,0.15,124.0499999999929,-125.54999999999836,1.05,0.0,-126.59999999999836,-1.012091898428098,-1.0205562273277355,sl,False,0.26964933494565907,1.1511487303506738,0,True,trend,0,1.0,False,,0.03@4318.95:sl;0.03@4318.95:sl;0.03@4318.95:sl;0.06@4318.95:sl,2910.8399999999065,29.668979007935828,2026-01
M10#4001209,M10,4001209,IMB,sell,0.626,B,2026-01-05 03:20:00,2026-01-05 08:25:00,2026-01-05 16:02:00,457.0,4422.05,4422.05,4446.16,4407.58,4306.32,4446.16,4422.05,24.109999999999673,12.529285714285768,0.05,120.54999999999836,14.070000000002437,0.35000000000000003,0.0,13.720000000002438,0.11671505599338555,0.11381169639156055,partial_be,True,1.0671920364993743,0.7573620904188949,0,True,trend,2,1.0,False,,0.01@4407.58:tp1;0.01@4422.15:be;0.01@4422.15:be;0.02@4422.15:be,2924.559999999909,29.78279070432739,2026-01
M30#4000410,M30,4000410,IMB,sell,0.607,B,2026-01-05 04:00:00,2026-01-05 08:25:00,2026-01-05 16:02:00,457.0,4421.61,4421.61,4445.46,4407.3,4307.13,4445.46,4421.61,23.850000000000364,14.595000000000255,0.05,119.25000000000182,13.909999999998035,0.35000000000000003,0.0,13.559999999998036,0.11664570230606142,0.11371069182388116,partial_be,True,1.0603773584905103,0.7840670859538588,0,True,trend,2,1.0,False,,0.01@4407.30:tp1;0.01@4421.71:be;0.01@4421.71:be;0.02@4421.71:be,2938.119999999907,29.896501396151272,2026-01
M15#4000786,M15,4000786,IMB,sell,0.629,B,2026-01-05 08:45:00,2026-01-05 10:17:00,2026-01-05 16:21:00,364.0,4429.7,4429.7,4445.46,4420.24,4354.05,4445.46,4429.7,15.760000000000218,7.951428571428486,0.08,126.08000000000175,56.33999999999833,0.56,0.0,55.779999999998324,0.4468591370558181,0.4424175126903359,partial_be,True,2.118020304568448,0.673223350253777,0,True,trend,2,1.0,False,,0.02@4420.24:tp1;0.02@4410.79:tp1;0.02@4429.80:be;0.02@4429.80:be,2993.8999999999055,30.33891890884161,2026-01
M5#4002619,M5,4002619,OB,buy,0.61,B,2026-01-06 17:30:00,2026-01-06 17:33:00,2026-01-06 17:37:00,4.0,4471.78,4471.78,4466.32,4475.06,4497.99,4471.78,4466.32,5.460000000000036,6.819285714285668,0.23,125.58000000000084,-127.87999999998829,1.6099999999999999,0.0,-129.4899999999883,-1.0183150183149183,-1.031135531135431,sl,False,0.0,1.5879120879120907,0,False,trend,0,1.0,False,,0.05@4466.22:sl;0.05@4466.22:sl;0.05@4466.22:sl;0.08@4466.22:sl,2864.409999999917,29.30778337770618,2026-01
M30#4000475,M30,4000475,OB,buy,0.604,B,2026-01-07 16:00:00,2026-01-08 07:42:00,2026-01-08 14:01:00,379.0,4419.46,4419.46,4399.7,4431.32,4514.31,4419.46,4399.7,19.76000000000022,11.338571428571479,0.06,118.56000000000132,11.359999999997854,0.42000000000000004,0.0,10.939999999997854,0.09581646423749769,0.09227395411604025,partial_be,True,1.0288461538461389,0.20040485829959476,0,False,trend,1,1.0,False,,0.01@4431.32:tp1;0.01@4419.36:be;0.01@4419.36:be;0.03@4419.36:be,2875.349999999915,29.40005733182222,2026-01
M5#4002662,M5,4002662,OB,sell,0.559,B,2026-01-09 15:30:00,2026-01-09 15:32:00,2026-01-09 15:37:00,5.0,4485.33,4485.33,4491.94,4482.02,4468.81,4491.94,4485.33,6.609999999999673,4.994285714285654,0.19,125.58999999999378,11.739999999992504,1.33,0.0,10.409999999992504,0.0934787801576008,0.08288876502900724,partial_be,True,0.9228441754916424,0.6111951588503893,0,False,range,0,1.0,False,,0.04@4482.02:tp1;0.04@4485.43:be;0.04@4485.43:be;0.07@4485.43:be,2885.7599999999074,29.48294609685123,2026-01
M15#4001072,M15,4001072,UW,buy,0.61,B,2026-01-09 18:30:00,2026-01-09 19:54:00,2026-01-09 22:15:00,141.0,4487.71,4487.71,4479.52,4491.81,4508.18,4487.71,4479.52,8.1899999999996,13.176428571428655,0.15,122.849999999994,196.53000000000065,1.05,0.0,195.48000000000064,1.5997557997558833,1.5912087912088742,tp2,True,2.6043956043957226,0.7130647130647657,0,True,range,0,1.0,False,,0.03@4491.81:tp1;0.03@4495.90:tp1;0.03@4499.99:tp1;0.06@4508.18:tp2,3081.239999999908,31.074154888060104,2026-01
M5#4002970,M5,4002970,IMB,buy,0.706,A,2026-01-12 15:35:00,2026-01-12 16:03:00,2026-01-12 16:04:00,1.0,4600.98,4600.98,4595.93,4603.5,4613.6,4600.98,4595.93,5.049999999999272,4.637857142857229,0.25,126.24999999998181,13.220000000012986,1.75,0.0,11.470000000012986,0.10471287128724666,0.0908514851486308,partial_be,True,0.7841584158417043,0.6019801980198816,0,False,range,0,1.0,False,,0.06@4603.50:tp1;0.06@4600.88:be;0.06@4600.88:be;0.07@4600.88:be,3092.709999999921,31.165006373208733,2026-01
M10#4001644,M10,4001644,UW,buy,0.581,B,2026-01-12 19:20:00,2026-01-12 19:21:00,2026-01-12 19:34:00,13.0,4613.15,4613.15,4607.72,4615.86,4626.72,4613.15,4607.72,5.4299999999993815,8.079285714285627,0.24,130.31999999998516,14.46000000001004,1.68,0.0,12.780000000010041,0.11095764272568821,0.09806629834262966,partial_be,True,0.869244935543424,0.22467771639032857,0,False,range,0,1.0,False,,0.06@4615.86:tp1;0.06@4613.05:be;0.06@4613.05:be;0.06@4613.05:be,3105.489999999931,31.263072671551363,2026-01
M10#4001661,M10,4001661,UW,sell,0.624,B,2026-01-13 01:50:00,2026-01-13 01:57:00,2026-01-13 03:10:00,73.0,4597.23,4597.23,4607.99,4591.85,4570.33,4607.99,4597.23,10.760000000000218,6.961428571428639,0.12,129.12000000000262,67.19999999999072,0.84,0.0,66.35999999999072,0.5204460966541927,0.5139405204460143,trail,True,1.4210037174720866,0.27509293680297175,0,False,range,0,1.0,False,,0.03@4591.85:tp1;0.03@4586.47:tp1;0.03@4594.10:trail;0.03@4594.10:trail,3171.8499999999217,31.777013191997376,2026-01
M5#4003091,M5,4003091,OB,buy,0.599,B,2026-01-14 06:40:00,2026-01-14 07:57:00,2026-01-14 07:59:00,2.0,4620.58,4620.58,4614.87,4623.43,4634.85,4620.58,4614.87,5.710000000000036,3.1285714285715067,0.23,131.33000000000084,12.44999999999527,1.6099999999999999,0.0,10.839999999995271,0.094799360389821,0.08254016599402424,partial_be,True,0.7320490367776294,0.5078809106829453,0,False,range,0,1.0,False,,0.05@4623.43:tp1;0.05@4620.48:be;0.05@4620.48:be;0.08@4620.48:be,3182.689999999917,31.859553357991402,2026-01
M5#4003109,M5,4003109,OB,sell,0.604,B,2026-01-14 12:15:00,2026-01-14 12:17:00,2026-01-14 13:04:00,47.0,4634.27,4634.27,4638.88,4631.97,4622.75,4638.88,4634.27,4.609999999999673,3.3878571428570985,0.28,129.07999999999086,14.000000000012733,1.9600000000000002,0.0,12.040000000012732,0.1084598698482625,0.09327548806951956,partial_be,True,0.7874186550978908,0.872017353579135,0,False,range,0,1.0,False,,0.07@4631.97:tp1;0.07@4634.37:be;0.07@4634.37:be;0.07@4634.37:be,3194.7299999999295,31.95282884606092,2026-01
M10#4001741,M10,4001741,OB,buy,0.594,B,2026-01-15 00:00:00,2026-01-15 01:06:00,2026-01-15 01:23:00,17.0,4616.81,4616.81,4608.48,4620.98,4637.64,4616.81,4608.48,8.330000000000837,6.887142857142927,0.15,124.95000000001255,-126.45000000000437,1.05,0.0,-127.50000000000436,-1.0120048019207015,-1.0204081632652386,sl,False,0.3217286914764841,1.0588235294117325,0,False,range,0,1.0,False,,0.03@4608.38:sl;0.03@4608.38:sl;0.03@4608.38:sl;0.06@4608.38:sl,3067.229999999925,30.932420682795684,2026-01
M5#4003471,M5,4003471,OB,buy,0.608,B,2026-01-20 12:20:00,2026-01-20 12:29:00,2026-01-20 13:07:00,38.0,4729.36,4729.36,4722.7,4732.69,4746.01,4729.36,4722.7,6.6599999999998545,3.9557142857142287,0.1,66.59999999999854,-67.5999999999931,0.7000000000000001,0.0,-68.2999999999931,-1.0150150150149335,-1.0255255255254443,sl,False,0.0,1.1546546546546197,0,False,range,-1,0.5,False,,0.02@4722.60:sl;0.02@4722.60:sl;0.02@4722.60:sl;0.04@4722.60:sl,2998.929999999932,29.906895157270238,2026-01
M10#4001913,M10,4001913,OB,buy,0.534,C,2026-01-20 16:50:00,2026-01-20 17:25:00,2026-01-20 17:29:00,4.0,4725.18,4725.18,4719.34,4728.1,4739.78,4725.18,4719.34,5.8400000000001455,9.550714285714223,0.22,128.48000000000323,12.899999999994181,1.5400000000000003,0.0,11.35999999999418,0.10040473225399951,0.08841843088413678,partial_be,True,0.582191780821841,0.4811643835617004,0,True,range,2,1.0,False,,0.05@4728.10:tp1;0.05@4725.08:be;0.05@4725.08:be;0.07@4725.08:be,3010.2899999999263,29.995313588154374,2026-01
M15#4001236,M15,4001236,IMB,buy,0.726,A,2026-01-19 02:45:00,2026-01-19 04:01:00,2026-01-21 03:05:00,2824.0,4653.3,4653.3,4596.68,4681.61,4794.85,4653.3,4596.68,56.61999999999989,15.441428571428657,0.02,113.23999999999978,198.17000000000007,0.14,-2.5,195.5300000000001,1.750000000000004,1.7266866831508343,tp2,True,2.500176616036732,0.0052984811020872925,0,True,range,1,1.0,False,,0.01@4709.92:tp1;0.01@4794.85:tp2,3205.8199999999265,31.72200027130521,2026-01
M10#4001837,M10,4001837,IMB,buy,0.67,A,2026-01-19 03:30:00,2026-01-19 04:01:00,2026-01-21 03:05:00,2824.0,4653.3,4653.3,4596.68,4681.61,4794.85,4653.3,4596.68,56.61999999999989,12.597142857142899,0.02,113.23999999999978,198.17000000000007,0.14,-2.5,195.5300000000001,1.750000000000004,1.7266866831508343,tp2,True,2.500176616036732,0.0052984811020872925,0,True,range,1,1.0,False,,0.01@4709.92:tp1;0.01@4794.85:tp2,3401.3499999999267,33.44868695445604,2026-01
M5#4003544,M5,4003544,UW,buy,0.656,A,2026-01-21 08:30:00,2026-01-21 08:39:00,2026-01-21 08:40:00,1.0,4869.53,4869.53,4864.42,4872.08,4882.3,4869.53,4864.42,5.109999999999673,6.692142857142828,0.26,132.8599999999915,-135.46000000000095,1.82,0.0,-137.28000000000094,-1.0195694716243386,-1.0332681017613257,sl,False,0.0,1.1311154598826059,0,False,range,0,1.0,False,,0.06@4864.32:sl;0.06@4864.32:sl;0.06@4864.32:sl;0.08@4864.32:sl,3264.0699999999256,32.41541885269472,2026-01
M30#4000655,M30,4000655,IMB,buy,0.66,A,2026-01-21 10:00:00,2026-01-21 17:23:00,2026-01-21 18:52:00,89.0,4815.03,4815.03,4787.53,4828.78,4883.78,4815.03,4787.53,27.5,22.9292857142856,0.04,110.0,57.5500000000011,0.28,0.0,57.2700000000011,0.5231818181818282,0.5206363636363737,trail,True,1.4760000000000053,0.07090909090908429,0,True,range,1,1.0,False,,0.01@4828.78:tp1;0.01@4842.53:tp1;0.01@4823.18:trail;0.01@4823.18:trail,3321.3399999999265,32.93605521633109,2026-01
H1#4000336,H1,4000336,IMB,buy,0.623,B,2026-01-21 11:00:00,2026-01-21 17:23:00,2026-01-21 18:52:00,89.0,4817.31,4817.31,4787.53,4832.2,4891.76,4817.31,4787.53,29.780000000000655,23.57714285714272,0.04,119.12000000000262,62.32999999999902,0.28,0.0,62.04999999999902,0.5232538616520958,0.5209032907991744,trail,True,1.2864338482202367,0.14204163868369307,0,True,range,1,1.0,False,,0.01@4832.20:tp1;0.01@4847.09:tp1;0.01@4826.14:trail;0.01@4826.14:trail,3383.3899999999253,33.45695850713027,2026-01
M10#4001927,M10,4001927,IMB,buy,0.595,B,2026-01-21 17:40:00,2026-01-21 19:31:00,2026-01-21 19:41:00,10.0,4810.41,4810.41,4800.01,4815.61,4836.41,4810.41,4800.01,10.399999999999636,19.26357142857127,0.12,124.79999999999563,14.700000000004364,0.84,0.0,13.860000000004364,0.11778846153850063,0.11105769230773116,partial_be,True,0.8125000000000109,0.7576923076923447,0,True,range,1,1.0,False,,0.03@4815.61:tp1;0.03@4810.31:be;0.03@4810.31:be;0.03@4810.31:be,3397.2499999999295,33.568016199438,2026-01
M15#4001300,M15,4001300,IMB,buy,0.672,A,2026-01-21 17:45:00,2026-01-21 19:32:00,2026-01-21 20:58:00,86.0,4805.04,4805.04,4787.53,4813.8,4848.82,4805.04,4787.53,17.51000000000022,18.579999999999863,0.07,122.57000000000151,227.65999999999985,0.48999999999999994,0.0,227.16999999999985,1.8573876152402466,1.853389899649156,tp2,True,2.5134209023415,0.143346659051981,0,True,range,1,1.0,False,,0.01@4813.80:tp1;0.01@4822.55:tp1;0.01@4831.31:tp1;0.04@4848.82:tp2,3624.419999999929,35.42140609908716,2026-01
M10#4001968,M10,4001968,OB,sell,0.582,B,2026-01-22 03:40:00,2026-01-22 07:53:00,2026-01-22 09:16:00,83.0,4818.49,4818.49,4836.47,4809.5,4773.54,4836.47,4818.49,17.980000000000473,14.08142857142853,0.07,125.8600000000033,-126.55999999999949,0.48999999999999994,0.0,-127.04999999999949,-1.0055617352613713,-1.0094549499443521,sl,False,0.1523915461623865,1.0450500556173736,0,False,range,0,1.0,False,,0.01@4836.57:sl;0.01@4836.57:sl;0.01@4836.57:sl;0.04@4836.57:sl,3497.36999999993,34.41195114914281,2026-01
M5#4003641,M5,4003641,IMB,buy,0.622,B,2026-01-22 08:20:00,2026-01-22 11:42:00,2026-01-22 13:49:00,127.0,4815.47,4815.47,4807.82,4819.3,4834.6,4815.47,4807.82,7.650000000000546,4.991428571428449,0.17,130.05000000000928,187.48999999999705,1.1900000000000002,0.0,186.29999999999706,1.4416762783543535,1.4325259515569686,tp2,True,2.5294117647056304,0.18431372549016392,0,False,range,0,1.0,False,,0.04@4819.30:tp1;0.04@4823.12:tp1;0.04@4826.95:tp1;0.05@4834.60:tp2,3683.669999999927,35.84447710069978,2026-01
M15#4001345,M15,4001345,IMB,buy,0.633,B,2026-01-22 09:15:00,2026-01-22 11:42:00,2026-01-22 14:59:00,197.0,4816.37,4816.37,4802.69,4823.21,4850.57,4816.37,4802.69,13.680000000000291,7.64642857142852,0.09,123.12000000000265,61.04000000000087,0.6300000000000001,0.0,60.41000000000087,0.495776478232615,0.4906595191682876,trail,True,1.4627192982455988,0.1688596491227662,0,True,range,0,1.0,False,,0.02@4823.21:tp1;0.02@4830.05:tp1;0.02@4820.37:trail;0.03@4820.37:trail,3744.0799999999276,36.33513661986807,2026-01
M30#4000670,M30,4000670,IMB,buy,0.633,B,2026-01-22 11:30:00,2026-01-22 11:42:00,2026-01-22 14:59:00,197.0,4816.37,4816.37,4801.56,4823.77,4853.39,4816.37,4801.56,14.80999999999949,10.769999999999916,0.09,133.28999999999544,66.12000000000262,0.6300000000000001,0.0,65.49000000000262,0.496061219896503,0.49133468377226247,trail,True,1.3511141120864893,0.15597569209990345,0,True,range,1,1.0,False,,0.02@4823.77:tp1;0.02@4831.18:tp1;0.02@4820.71:trail;0.03@4820.71:trail,3809.56999999993,36.82647130364033,2026-01
M10#4001994,M10,4001994,UW,buy,0.594,B,2026-01-22 14:40:00,2026-01-22 14:59:00,2026-01-22 15:08:00,9.0,4819.22,4819.22,4814.06,4821.8,4832.12,4819.22,4814.06,5.1599999999998545,4.743571428571288,0.26,134.15999999999622,66.73999999999614,1.82,0.0,64.91999999999615,0.4974657125819769,0.4838998211091084,trail,True,1.0387596899224465,0.6046511627906935,0,False,range,0,1.0,False,,0.06@4821.80:tp1;0.06@4824.38:tp1;0.06@4820.67:trail;0.08@4820.67:trail,3874.489999999926,37.31037112474944,2026-01
M5#4003664,M5,4003664,OB,sell,0.566,B,2026-01-22 14:20:00,2026-01-22 14:20:00,2026-01-22 15:13:00,53.0,4827.73,4827.73,4835.31,4823.94,4808.78,4835.31,4827.73,7.580000000000837,3.7164285714285534,0.18,136.4400000000151,67.1799999999912,1.2600000000000002,0.0,65.91999999999119,0.49237760187616364,0.4831427733801224,trail,True,1.498680738785951,0.6715039577837062,0,False,range,0,1.0,False,,0.04@4823.94:tp1;0.04@4820.15:tp1;0.04@4825.56:trail;0.06@4825.56:trail,3940.409999999917,37.79351389812956,2026-01
M10#4002029,M10,4002029,OB,buy,0.634,B,2026-01-22 22:50:00,2026-01-22 22:58:00,2026-01-22 23:34:00,36.0,4916.18,4916.18,4908.3,4920.12,4935.88,4916.18,4908.3,7.880000000000109,7.257857142857249,0.17,133.96000000000186,193.0599999999968,1.1900000000000002,0.0,191.8699999999968,1.4411764705881913,1.432293221857227,tp2,True,2.56725888324864,0.24111675126910145,0,False,range,0,1.0,False,,0.04@4920.12:tp1;0.04@4924.06:tp1;0.04@4928.00:tp1;0.05@4935.88:tp2,4132.279999999914,39.22580711998679,2026-01
M5#4003711,M5,4003711,OB,buy,0.611,B,2026-01-23 02:50:00,2026-01-23 03:02:00,2026-01-23 03:19:00,17.0,4943.99,4943.99,4934.3,4949.8,4990.5,4943.99,4934.3,9.6899999999996,7.071428571428702,0.14,135.65999999999443,16.330000000007203,0.9800000000000001,0.0,15.350000000007203,0.12037446557576201,0.11315052336729937,partial_be,True,1.0866873065016605,0.7502579979359987,0,False,trend,0,1.0,False,,0.03@4949.80:tp1;0.03@4943.89:be;0.03@4943.89:be;0.05@4943.89:be,4147.629999999922,39.33895764335409,2026-01
M10#4002077,M10,4002077,IMB,buy,0.687,A,2026-01-23 19:00:00,2026-01-23 19:55:00,2026-01-23 20:41:00,46.0,4969.79,4969.79,4960.72,4975.23,5013.33,4969.79,4960.72,9.069999999999709,10.967857142857222,0.15,136.04999999999563,48.05999999999585,1.05,0.0,47.009999999995856,0.3532524807056038,0.3455347298787017,partial_be,True,1.593164277839061,0.831312017640596,0,False,trend,0,1.0,False,,0.03@4975.23:tp1;0.03@4980.67:tp1;0.03@4969.69:be;0.06@4969.69:be,4194.639999999918,39.68449237323279,2026-01
M10#4002091,M10,4002091,IMB,buy,0.62,B,2026-01-26 04:10:00,2026-01-26 06:45:00,2026-01-26 07:07:00,22.0,5061.88,5061.88,5049.54,5069.28,5121.11,5061.88,5049.54,12.340000000000146,12.016428571428476,0.11,135.7400000000016,13.899999999995998,0.77,0.0,13.129999999995999,0.10240165021361304,0.09672904081328897,partial_be,True,0.8978930307941488,0.2779578606159036,0,False,trend,0,1.0,False,,0.02@5069.28:tp1;0.02@5061.78:be;0.02@5061.78:be;0.05@5061.78:be,4207.769999999913,39.78122141404608,2026-01
M5#4003862,M5,4003862,OB,sell,0.58,B,2026-01-26 12:10:00,2026-01-26 12:14:00,2026-01-26 13:38:00,84.0,5090.46,5090.46,5098.16,5085.84,5053.5,5098.16,5090.46,7.699999999999818,6.277857142857231,0.18,138.59999999999675,54.43999999999505,1.2600000000000002,0.0,53.179999999995054,0.3927849927849663,0.383694083694057,partial_be,True,1.4922077922079173,0.6467532467532053,0,False,trend,0,1.0,False,,0.04@5085.84:tp1;0.04@5081.22:tp1;0.04@5090.56:be;0.06@5090.56:be,4260.949999999908,40.16491549774014,2026-01
M10#4002090,M10,4002090,UW,buy,0.671,A,2026-01-26 07:00:00,2026-01-26 21:03:00,2026-01-26 21:18:00,15.0,5041.85,5041.85,5029.22,5049.43,5102.47,5041.85,5029.22,12.63000000000011,7.924999999999922,0.11,138.9300000000012,44.77999999999702,0.77,0.0,44.009999999997014,0.32232059310441685,0.3167782336428175,partial_be,True,1.6935866983372314,0.44259699129058566,0,True,trend,0,1.0,False,,0.02@5049.43:tp1;0.02@5057.01:tp1;0.02@5041.75:be;0.05@5041.75:be,4304.9599999999045,40.481693731382954,2026-01
M5#4003826,M5,4003826,UW,buy,0.709,A,2026-01-26 15:00:00,2026-01-26 21:03:00,2026-01-26 21:18:00,15.0,5041.85,5041.85,5029.22,5049.43,5102.47,5041.85,5029.22,12.63000000000011,5.147857142857122,0.11,138.9300000000012,44.77999999999702,0.77,0.0,44.009999999997014,0.32232059310441685,0.3167782336428175,partial_be,True,1.6935866983372314,0.44259699129058566,0,True,trend,0,1.0,False,,0.02@5049.43:tp1;0.02@5057.01:tp1;0.02@5041.75:be;0.05@5041.75:be,4348.969999999901,40.79847196502577,2026-01
M10#4002129,M10,4002129,IMB,buy,0.524,C,2026-01-27 02:20:00,2026-01-27 02:43:00,2026-01-27 02:51:00,8.0,5030.03,5030.03,5016.26,5038.29,5096.13,5030.03,5016.26,13.769999999999527,16.797857142857147,0.1,137.69999999999527,-138.6999999999989,0.7000000000000001,0.0,-139.3999999999989,-1.007262164124936,-1.0123456790123724,sl,False,0.21278140885986868,1.0936819172113295,0,True,trend,0,1.0,False,,0.02@5016.16:sl;0.02@5016.16:sl;0.02@5016.16:sl;0.04@5016.16:sl,4209.569999999902,39.7861262860134,2026-01
M10#4002143,M10,4002143,OB,buy,0.57,B,2026-01-27 13:00:00,2026-01-27 13:51:00,2026-01-27 16:03:00,132.0,5067.96,5067.96,5060.83,5072.24,5102.18,5067.96,5060.83,7.130000000000109,6.903571428571338,0.2,142.60000000000218,149.24999999999727,1.4000000000000001,0.0,147.84999999999727,1.046633941093934,1.0368162692846774,partial_be,True,3.467040673211764,0.13183730715281702,0,False,trend,1,1.0,False,,0.05@5072.24:tp1;0.05@5076.52:tp1;0.05@5085.07:tp1;0.05@5067.86:be,4357.4199999999,40.82294255529808,2026-01
M10#4002133,M10,4002133,OB,buy,0.626,B,2026-01-27 04:00:00,2026-01-27 04:03:00,2026-01-27 16:16:00,733.0,5051.42,5051.42,5023.7,5068.05,5184.48,5051.42,5023.7,27.720000000000255,14.627142857142774,0.05,138.60000000000127,49.589999999999236,0.35000000000000003,0.0,49.239999999999235,0.357792207792199,0.35526695526694646,partial_be,True,1.7846320346320275,0.12481962481962498,0,True,trend,1,1.0,False,,0.01@5068.05:tp1;0.01@5084.68:tp1;0.01@5051.32:be;0.02@5051.32:be,4406.659999999899,41.178209510565026,2026-01
M5#4004057,M5,4004057,UW,buy,0.556,B,2026-01-28 17:00:00,2026-01-28 17:08:00,2026-01-28 17:08:00,0.0,5259.33,5259.33,5250.21,5264.8,5303.11,5259.33,5250.21,9.11999999999989,10.68999999999986,0.15,136.79999999999836,-138.3000000000038,1.05,0.0,-139.3500000000038,-1.0109649122807416,-1.018640350877233,sl,False,0.0,2.578947368421032,0,False,trend,0,1.0,False,,0.03@5250.11:sl;0.03@5250.11:sl;0.03@5250.11:sl;0.06@5250.11:sl,4267.309999999895,40.15956915968779,2026-01
M5#4004093,M5,4004093,UW,buy,0.552,B,2026-01-29 07:30:00,2026-01-29 10:43:00,2026-01-29 10:43:00,0.0,5500.14,5500.14,5486.98,5508.04,5563.31,5500.14,5486.98,13.160000000000764,11.399999999999832,0.05,65.80000000000382,-66.30000000000109,0.35000000000000003,0.0,-66.65000000000109,-1.007598784194487,-1.0129179331306568,sl,False,0.0,1.0326747720364253,0,False,trend,-1,0.5,False,,0.01@5486.88:sl;0.01@5486.88:sl;0.01@5486.88:sl;0.02@5486.88:sl,4200.659999999893,39.14665122655713,2026-01
M5#4004140,M5,4004140,UW,sell,0.554,B,2026-01-29 18:40:00,2026-01-29 19:16:00,2026-01-29 19:29:00,13.0,5328.01,5328.01,5367.36,5304.4,5139.13,5367.36,5328.01,39.349999999999454,55.54142857142863,0.01,39.349999999999454,-39.44999999999982,0.07,0.0,-39.51999999999982,-1.0025412960610003,-1.0043202033036942,sl,False,0.19110546378652177,1.011944091486688,0,False,trend,-1,0.5,False,,0.01@5367.46:sl,4161.139999999894,38.14233102325344,2026-01
M10#4002263,M10,4002263,IMB,buy,0.582,B,2026-01-29 23:30:00,2026-01-29 23:58:00,2026-01-30 03:07:00,189.0,5371.97,5371.97,5347.24,5386.81,5490.67,5371.97,5347.24,24.730000000000473,25.606428571428427,0.05,123.65000000000236,106.87999999999829,0.35000000000000003,-1.5,105.0299999999983,0.864375252729448,0.84941366761016,partial_be,True,3.196522442377625,0.10351799433887389,0,False,trend,3,1.0,False,,0.01@5390.02:tp1;0.01@5401.65:tp1;0.01@5431.32:tp1;0.02@5371.87:be,4266.169999999892,38.9917446908636,2026-01
M10#4002246,M10,4002246,IMB,sell,0.622,B,2026-01-29 23:40:00,2026-01-30 01:03:00,2026-01-30 10:33:00,570.0,5428.5,5428.5,5494.65,5388.81,5110.98,5494.65,5428.5,66.14999999999964,24.48928571428561,0.02,132.29999999999927,396.90000000000055,0.14,0.0,396.76000000000056,3.0000000000000204,2.9989417989418197,tp2,True,5.524263038548773,0.3446712018140636,0,False,trend,3,1.0,False,,0.01@5349.12:tp1;0.01@5110.98:tp2,4662.929999999892,41.99068648980542,2026-01
M5#4004182,M5,4004182,IMB,sell,0.604,B,2026-01-30 04:35:00,2026-01-30 04:39:00,2026-01-30 19:07:00,868.0,5213.53,5213.53,5270.45,5179.38,4940.31,5270.45,5213.53,56.92000000000007,40.6949999999999,0.02,113.84000000000015,341.5199999999995,0.14,0.0,341.37999999999954,2.999999999999992,2.9987702037947916,tp2,True,4.981377371749817,0.5736120871398542,0,False,trend,0,1.0,False,,0.01@5145.23:tp1;0.01@4940.31:tp2,5004.309999999891,44.98945669360021,2026-01
M5#5002439,M5,5002439,OB,buy,0.577,B,2026-02-02 01:10:00,2026-02-02 01:11:00,2026-02-02 03:00:00,109.0,4751.96,4751.96,4695.5,4785.84,5022.97,4751.96,4695.5,56.460000000000036,28.795714285714375,0.02,112.92000000000007,67.64999999999964,0.14,0.0,67.50999999999964,0.5990967056323024,0.5978568898335068,partial_be,True,2.3473255402054494,0.9842366277010215,0,False,trend,0,1.0,False,,0.01@4819.71:tp1;0.01@4751.86:be,5071.819999999891,45.58731358343372,2026-02
M10#5001334,M10,5001334,OB,sell,0.524,C,2026-02-02 02:00:00,2026-02-02 02:09:00,2026-02-02 08:38:00,389.0,4810.41,4810.41,4892.25,4761.31,4417.58,4892.25,4810.41,81.84000000000015,50.3778571428572,0.01,81.84000000000015,392.8299999999999,0.07,0.0,392.75999999999993,4.799975562072327,4.799120234604096,tp2,False,4.986314760508299,0.9086021505376288,0,True,trend,0,1.0,False,,0.01@4417.58:tp2,5464.579999999891,50.386433818037816,2026-02
M5#5002452,M5,5002452,OB,sell,0.599,B,2026-02-02 02:00:00,2026-02-02 02:09:00,2026-02-02 08:38:00,389.0,4810.41,4810.41,4892.25,4761.31,4417.58,4892.25,4810.41,81.84000000000015,43.69357142857143,0.01,81.84000000000015,392.8299999999999,0.07,0.0,392.75999999999993,4.799975562072327,4.799120234604096,tp2,False,4.986314760508299,0.9086021505376288,0,True,trend,0,1.0,False,,0.01@4417.58:tp2,5857.339999999891,55.18555405264191,2026-02
M10#5001475,M10,5001475,OB,sell,0.626,B,2026-02-06 02:30:00,2026-02-06 16:37:00,2026-02-06 18:40:00,123.0,4944.57,4944.57,4980.49,4923.02,4772.15,4980.49,4944.57,35.92000000000007,28.906428571428673,0.04,143.6800000000003,21.24999999999818,0.28,0.0,20.96999999999818,0.14789810690421867,0.14594933184853937,partial_be,True,0.6219376391982211,0.5718262806236312,0,False,trend,0,1.0,False,,0.01@4923.02:tp1;0.01@4944.67:be;0.01@4944.67:be;0.01@4944.67:be,5878.309999999889,55.33150338449045,2026-02
M5#5002920,M5,5002920,IMB,buy,0.649,B,2026-02-09 02:25:00,2026-02-09 02:42:00,2026-02-09 03:05:00,23.0,5019.89,5019.89,4997.3,5033.44,5128.32,5019.89,4997.3,22.590000000000146,15.110000000000127,0.07,158.130000000001,12.949999999997091,0.48999999999999994,0.0,12.459999999997091,0.08189464364761279,0.07879592740148621,partial_be,True,0.979194333775996,0.34528552456839895,0,False,trend,0,1.0,False,,0.01@5033.44:tp1;0.01@5019.79:be;0.01@5019.79:be;0.04@5019.79:be,5890.769999999887,55.41029931189194,2026-02
M10#5001559,M10,5001559,IMB,buy,0.643,B,2026-02-09 02:30:00,2026-02-09 02:42:00,2026-02-09 03:05:00,23.0,5019.89,5019.89,4989.73,5037.99,5164.66,5019.89,4989.73,30.160000000000764,16.5985714285715,0.05,150.80000000000382,17.699999999998,0.35000000000000003,0.0,17.349999999997998,0.11737400530502355,0.11505305039786179,partial_be,True,0.7334217506631078,0.2586206896551719,0,True,trend,0,1.0,False,,0.01@5037.99:tp1;0.01@5019.79:be;0.01@5019.79:be;0.02@5019.79:be,5908.119999999884,55.5253523622898,2026-02
M10#5001589,M10,5001589,IMB,buy,0.629,B,2026-02-09 19:20:00,2026-02-09 19:51:00,2026-02-09 19:57:00,6.0,5047.1,5047.1,5035.7,5053.94,5101.82,5047.1,5035.7,11.400000000000546,11.126428571428603,0.13,148.2000000000071,19.51999999999407,0.91,0.0,18.60999999999407,0.13171390013490644,0.12557354925771375,partial_be,True,0.8070175438595946,0.07982456140357197,0,False,trend,0,1.0,False,,0.03@5053.94:tp1;0.03@5047.00:be;0.03@5047.00:be;0.04@5047.00:be,5926.729999999879,55.65092591154752,2026-02
M15#5001054,M15,5001054,IMB,buy,0.608,B,2026-02-09 19:30:00,2026-02-09 19:51:00,2026-02-09 23:28:00,217.0,5052.45,5052.45,5035.7,5062.5,5132.85,5052.45,5035.7,16.75,13.602857142857244,0.09,150.75000000000003,59.80000000000382,0.6300000000000001,0.0,59.17000000000382,0.39668325041461894,0.392504145937007,partial_be,True,2.0208955223880816,0.6817910447761237,0,True,trend,0,1.0,False,,0.02@5062.50:tp1;0.02@5072.55:tp1;0.02@5052.35:be;0.03@5052.35:be,5985.899999999882,56.04343005748452,2026-02
M5#5002984,M5,5002984,IMB,sell,0.581,B,2026-02-10 01:30:00,2026-02-10 01:43:00,2026-02-10 04:03:00,140.0,5038.16,5038.16,5055.86,5027.54,4953.2,5055.86,5038.16,17.699999999999818,14.879285714285809,0.09,159.2999999999984,63.219999999997526,0.6300000000000001,0.0,62.589999999997524,0.3968612680476972,0.39290646578781013,partial_be,True,1.6355932203389896,0.5909604519774092,0,False,trend,0,1.0,False,,0.02@5027.54:tp1;0.02@5016.92:tp1;0.02@5038.26:be;0.03@5038.26:be,6048.48999999988,56.43633652327233,2026-02
M5#5003168,M5,5003168,OB,sell,0.706,A,2026-02-12 07:20:00,2026-02-12 11:50:00,2026-02-12 15:22:00,212.0,5078.8,5078.8,5095.27,5070.57,5037.62,5095.27,5078.8,16.470000000000255,4.564285714285818,0.09,148.23000000000232,113.34000000000196,0.6300000000000001,0.0,112.71000000000197,0.7646225460433124,0.7603723942521771,trail,True,1.7941712204007119,0.13479052823316456,0,False,range,0,1.0,False,,0.02@5070.57:tp1;0.02@5062.33:tp1;0.02@5054.09:tp1;0.03@5073.96:trail,6161.199999999882,57.19670891752451,2026-02
M10#5001752,M10,5001752,IMB,buy,0.594,B,2026-02-13 03:50:00,2026-02-13 07:43:00,2026-02-13 11:28:00,225.0,4962.07,4962.07,4937.51,4974.35,5023.47,4962.07,4937.51,24.55999999999949,15.343571428571522,0.06,147.35999999999697,65.9200000000028,0.42000000000000004,0.0,65.5000000000028,0.44733984799134197,0.4444896851248924,trail,True,1.1083061889251147,0.6828175895765421,0,True,range,0,1.0,False,,0.01@4974.35:tp1;0.01@4986.63:tp1;0.01@4969.34:trail;0.03@4969.34:trail,6226.699999999884,57.6411986026494,2026-02
H1#5000300,H1,5000300,IMB,sell,0.687,A,2026-02-12 23:00:00,2026-02-13 03:45:00,2026-02-13 21:06:00,1041.0,4982.54,4982.54,5040.32,4953.65,4838.09,5040.32,4982.54,57.779999999999745,39.076428571428615,0.02,115.55999999999949,-115.76000000000022,0.14,0.0,-115.90000000000022,-1.0017307026652884,-1.002942194530986,sl,False,0.831256490134994,1.0065766701280896,0,False,range,0,1.0,False,,0.01@5040.42:sl;0.01@5040.42:sl,6110.799999999884,56.638256408118416,2026-02
M10#5001794,M10,5001794,UW,buy,0.61,B,2026-02-13 23:30:00,2026-02-16 01:00:00,2026-02-16 01:00:00,0.0,5026.63,5028.02,5021.79,5031.14,5043.6,5028.02,5021.79,6.230000000000473,7.0121428571427975,0.26,161.9800000000123,272.9800000000014,1.82,0.0,271.1600000000014,1.6852697863932624,1.6740338313370837,tp2,True,4.083467094702676,0.052969502407688954,0,False,range,1,1.0,False,,0.06@5031.14:tp1;0.06@5034.25:tp1;0.06@5037.37:tp1;0.08@5043.60:tp2,6381.959999999885,58.3122902394555,2026-02
M5#5003325,M5,5003325,UW,buy,0.634,B,2026-02-13 17:00:00,2026-02-13 17:53:00,2026-02-16 01:00:00,3307.0,4988.04,4988.04,4964.67,4999.73,5046.47,4988.04,4964.67,23.36999999999989,13.42071428571418,0.06,140.21999999999937,245.40000000000052,0.42000000000000004,0.0,244.98000000000053,1.7501069747539695,1.7471116816431438,tp2,True,2.7398373983739854,0.5857937526743544,0,False,range,0,1.0,False,,0.01@4999.73:tp1;0.01@5011.41:tp1;0.01@5023.09:tp1;0.03@5046.47:tp2,6626.939999999886,60.05940192109864,2026-02
M5#5003364,M5,5003364,IMB,sell,0.552,B,2026-02-16 09:55:00,2026-02-16 10:02:00,2026-02-16 10:32:00,30.0,5009.95,5009.95,5018.69,5005.58,4988.1,5018.69,5009.95,8.739999999999782,4.129285714285743,0.19,166.05999999999585,122.51999999999407,1.33,0.0,121.18999999999407,0.7378056124292252,0.7297964591111472,trail,True,1.602974828375351,0.40160183066365057,0,False,range,0,1.0,False,,0.04@5005.58:tp1;0.04@5001.21:tp1;0.04@4996.84:tp1;0.07@5007.43:trail,6748.12999999988,60.78919838020979,2026-02
M5#5003370,M5,5003370,UW,buy,0.602,B,2026-02-16 16:55:00,2026-02-16 17:02:00,2026-02-16 18:03:00,61.0,4977.06,4977.06,4965.61,4982.79,5005.69,4977.06,4965.61,11.450000000000728,4.803571428571429,0.14,160.30000000001021,16.08999999999469,0.9800000000000001,0.0,15.109999999994688,0.10037429819085254,0.094260761072949,partial_be,True,0.5572052401745672,0.6855895196506432,0,False,range,0,1.0,False,,0.03@4982.79:tp1;0.03@4976.96:be;0.03@4976.96:be;0.05@4976.96:be,6763.239999999875,60.88345914128274,2026-02
M10#5001811,M10,5001811,UW,buy,0.585,B,2026-02-16 17:00:00,2026-02-16 17:02:00,2026-02-16 18:03:00,61.0,4977.06,4977.06,4965.61,4982.79,5005.69,4977.06,4965.61,11.450000000000728,5.6328571428571195,0.14,160.30000000001021,16.08999999999469,0.9800000000000001,0.0,15.109999999994688,0.10037429819085254,0.094260761072949,partial_be,True,0.5572052401745672,0.6855895196506432,0,True,range,0,1.0,False,,0.03@4982.79:tp1;0.03@4976.96:be;0.03@4976.96:be;0.05@4976.96:be,6778.34999999987,60.977719902355695,2026-02
M10#5001911,M10,5001911,IMB,buy,0.676,A,2026-02-18 21:00:00,2026-02-18 21:27:00,2026-02-18 23:43:00,136.0,4978.61,4978.61,4963.39,4986.22,5016.66,4978.61,4963.39,15.219999999999345,6.488571428571374,0.11,167.4199999999928,14.320000000006074,0.77,0.0,13.550000000006074,0.08553338908139224,0.08093417751766012,partial_be,True,0.5873850197109655,0.3653088042049757,0,False,range,0,1.0,False,,0.02@4986.22:tp1;0.02@4978.51:be;0.02@4978.51:be;0.05@4978.51:be,6791.899999999876,61.05865407987336,2026-02
M10#5001951,M10,5001951,IMB,buy,0.58,B,2026-02-19 09:40:00,2026-02-19 09:44:00,2026-02-19 10:00:00,16.0,5014.22,5014.22,5008.69,5016.99,5028.05,5014.22,5008.69,5.530000000000655,5.097142857142769,0.3,165.90000000001967,-168.90000000000327,2.1000000000000005,0.0,-171.00000000000327,-1.0180831826400436,-1.0307414104881434,sl,False,0.49186256781175824,1.1428571428571193,0,False,range,0,1.0,False,,0.07@5008.59:sl;0.07@5008.59:sl;0.07@5008.59:sl;0.09@5008.59:sl,6620.899999999872,60.027912669385216,2026-02
M5#5003660,M5,5003660,UW,buy,0.559,B,2026-02-19 18:10:00,2026-02-19 18:27:00,2026-02-19 18:42:00,15.0,4992.99,4992.99,4987.09,4995.94,5007.74,4992.99,4987.09,5.899999999999636,7.705000000000057,0.14,82.59999999999492,126.85000000000218,0.9800000000000001,0.0,125.87000000000218,1.5357142857144066,1.5238498789347448,tp2,True,2.6983050847459413,0.2542372881356089,0,False,range,-1,0.5,False,,0.03@4995.94:tp1;0.03@4998.89:tp1;0.03@5001.84:tp1;0.05@5007.74:tp2,6746.769999999875,61.551762548319964,2026-02
M5#5003744,M5,5003744,OB,buy,0.567,B,2026-02-20 16:15:00,2026-02-20 17:03:00,2026-02-20 17:03:00,0.0,5031.45,5031.45,5023.97,5035.19,5050.15,5031.45,5023.97,7.479999999999563,6.734285714285826,0.22,164.55999999999042,-166.7599999999984,1.5400000000000003,0.0,-168.2999999999984,-1.0133689839572686,-1.0227272727273224,sl,False,0.0,2.0494652406418212,0,False,range,0,1.0,False,,0.05@5023.87:sl;0.05@5023.87:sl;0.05@5023.87:sl;0.07@5023.87:sl,6578.469999999877,60.52903527559264,2026-02
M10#5002074,M10,5002074,UW,buy,0.636,B,2026-02-23 23:30:00,2026-02-23 23:30:00,2026-02-23 23:39:00,9.0,5228.6,5228.6,5224.81,5230.5,5238.08,5228.6,5224.81,3.7899999999999636,5.581428571428465,0.44,166.7599999999984,85.4699999999948,3.08,0.0,82.3899999999948,0.5125329815303167,0.49406332453823215,trail,True,1.1978891820580493,0.6068601583113995,0,False,range,1,1.0,False,,0.11@5230.50:tp1;0.11@5232.39:tp1;0.11@5229.64:trail;0.11@5229.64:trail,6660.859999999871,61.02309860013087,2026-02
M10#5002066,M10,5002066,UW,buy,0.735,A,2026-02-23 19:00:00,2026-02-23 19:36:00,2026-02-24 01:04:00,328.0,5195.96,5195.96,5175.79,5206.05,5246.39,5195.96,5175.79,20.170000000000073,12.866428571428449,0.08,161.36000000000058,221.90000000000146,0.56,-1.0,220.34000000000145,1.3751859196827012,1.3655180961824533,tp2,True,2.576598909271198,0.2345066931085997,0,True,range,1,1.0,False,,0.02@5206.05:tp1;0.02@5216.13:tp1;0.02@5226.22:tp1;0.02@5246.39:tp2,6881.1999999998725,62.38861669631333,2026-02
M15#5001373,M15,5001373,UW,buy,0.679,A,2026-02-23 19:30:00,2026-02-23 19:36:00,2026-02-24 01:04:00,328.0,5195.96,5195.96,5175.79,5206.05,5246.39,5195.96,5175.79,20.170000000000073,15.121428571428623,0.08,161.36000000000058,221.90000000000146,0.56,-1.0,220.34000000000145,1.3751859196827012,1.3655180961824533,tp2,True,2.576598909271198,0.2345066931085997,0,True,range,1,1.0,False,,0.02@5206.05:tp1;0.02@5216.13:tp1;0.02@5226.22:tp1;0.02@5246.39:tp2,7101.5399999998735,63.75413479249578,2026-02
M30#5000663,M30,5000663,OB,buy,0.649,B,2026-02-23 19:00:00,2026-02-24 03:15:00,2026-02-24 03:16:00,1.0,5163.79,5163.79,5146.89,5172.24,5206.04,5163.79,5146.89,16.899999999999636,18.484999999999996,0.09,152.09999999999675,-153.0,0.6300000000000001,0.0,-153.63,-1.0059171597633352,-1.0100591715976546,sl,False,0.0,1.0982248520710531,0,False,range,1,1.0,False,,0.02@5146.79:sl;0.02@5146.79:sl;0.02@5146.79:sl;0.03@5146.79:sl,6947.909999999873,62.74407562089813,2026-02
M5#5003895,M5,5003895,UW,buy,0.648,B,2026-02-24 09:00:00,2026-02-24 09:06:00,2026-02-24 09:10:00,4.0,5166.56,5166.56,5156.64,5171.52,5191.36,5166.56,5156.64,9.920000000000073,6.786428571428457,0.08,79.36000000000058,9.31999999999789,0.56,0.0,8.75999999999789,0.11743951612900481,0.11038306451610162,partial_be,True,0.660282258064438,0.135080645161304,0,False,range,-1,0.5,False,,0.02@5171.52:tp1;0.02@5166.46:be;0.02@5166.46:be;0.02@5166.46:be,6956.669999999871,62.85445868541423,2026-02
M10#5002112,M10,5002112,IMB,buy,0.632,B,2026-02-24 20:50:00,2026-02-24 21:10:00,2026-02-24 21:17:00,7.0,5152.37,5152.37,5142.0,5157.56,5178.3,5152.37,5142.0,10.36999999999989,8.162142857142824,0.16,165.91999999999825,19.560000000008586,1.12,0.0,18.440000000008585,0.1178881388621552,0.11113789778211655,partial_be,True,0.5072324011572106,0.25650916104145444,0,False,range,0,1.0,False,,0.04@5157.56:tp1;0.04@5152.27:be;0.04@5152.27:be;0.04@5152.27:be,6975.10999999988,62.965596583196344,2026-02
M5#5003938,M5,5003938,UW,buy,0.583,B,2026-02-25 00:00:00,2026-02-25 01:01:00,2026-02-25 01:01:00,0.0,5136.08,5136.08,5130.85,5138.69,5149.15,5136.08,5130.85,5.229999999999563,5.312142857142915,0.32,167.35999999998603,-170.55999999999767,2.24,0.0,-172.79999999999768,-1.0191204588910845,-1.032504780114795,sl,False,0.0,2.9005736137669866,0,False,range,0,1.0,False,,0.08@5130.75:sl;0.08@5130.75:sl;0.08@5130.75:sl;0.08@5130.75:sl,6802.309999999882,61.93309180308155,2026-02
M15#5001413,M15,5001413,IMB,buy,0.624,B,2026-02-25 04:15:00,2026-02-25 04:51:00,2026-02-25 06:10:00,79.0,5173.62,5173.62,5156.16,5182.35,5217.27,5173.62,5156.16,17.460000000000036,14.619285714285784,0.09,157.14000000000036,16.760000000004766,0.6300000000000001,0.0,16.130000000004767,0.1066564846633876,0.10264732086040938,partial_be,True,0.9375715922107593,0.41695303550972107,0,False,range,1,1.0,False,,0.02@5182.35:tp1;0.02@5173.52:be;0.02@5173.52:be;0.03@5173.52:be,6818.439999999887,62.03573912394196,2026-02
M5#5003879,M5,5003879,IMB,sell,0.59,B,2026-02-25 18:55:00,2026-02-25 19:09:00,2026-02-25 21:09:00,120.0,5213.81,5213.81,5221.03,5210.2,5195.76,5221.03,5213.81,7.219999999999345,6.259285714285787,0.23,166.05999999998494,252.70000000000982,1.6099999999999999,0.0,251.0900000000098,1.5217391304349799,1.512043839576253,tp2,True,2.696675900277288,0.5581717451523699,0,False,range,0,1.0,False,,0.05@5210.20:tp1;0.05@5206.59:tp1;0.05@5202.98:tp1;0.08@5195.76:tp2,7069.529999999897,63.54778296351821,2026-02
M10#5002168,M10,5002168,OB,buy,0.646,B,2026-02-26 03:00:00,2026-02-26 03:28:00,2026-02-26 04:32:00,64.0,5179.32,5179.32,5162.29,5187.83,5221.89,5179.32,5162.29,17.029999999999745,11.335714285714207,0.1,170.29999999999745,16.220000000004802,0.7000000000000001,0.0,15.520000000004803,0.09524368761012944,0.09113329418675886,partial_be,True,0.9348209042865714,0.045801526717542985,0,False,range,0,1.0,False,,0.02@5187.83:tp1;0.02@5179.22:be;0.02@5179.22:be;0.04@5179.22:be,7085.049999999902,63.63891625770497,2026-02
M15#5001474,M15,5001474,OB,buy,0.695,A,2026-02-26 18:30:00,2026-02-26 19:32:00,2026-02-27 02:36:00,424.0,5173.2,5173.2,5142.15,5188.73,5250.83,5173.2,5142.15,31.050000000000182,16.580714285714098,0.05,155.2500000000009,15.13000000000193,0.35000000000000003,-2.0,12.78000000000193,0.09745571658616323,0.0823188405797221,partial_be,True,0.8811594202898687,0.3925925925925774,0,True,range,0,1.0,False,,0.01@5188.73:tp1;0.01@5173.10:be;0.01@5173.10:be;0.02@5173.10:be,7097.8299999999035,63.721235098284694,2026-02
M5#5004134,M5,5004134,OB,sell,0.585,B,2026-02-27 03:20:00,2026-02-27 03:21:00,2026-02-27 03:32:00,11.0,5179.96,5179.96,5192.22,5173.83,5149.31,5192.22,5179.96,12.260000000000218,6.399285714285725,0.13,159.38000000000284,17.389999999996686,0.91,0.0,16.479999999996686,0.10911030242186207,0.10340067762577734,partial_be,True,0.5163132137030844,0.041598694942920816,0,False,range,0,1.0,False,,0.03@5173.83:tp1;0.03@5180.06:be;0.03@5180.06:be;0.04@5180.06:be,7114.3099999999,63.82463577591047,2026-02
M15#6001006,M15,6001006,IMB,buy,0.695,A,2026-03-02 02:45:00,2026-03-02 02:54:00,2026-03-02 16:18:00,804.0,5343.83,5343.83,5281.29,5375.1,5500.18,5343.83,5281.29,62.539999999999964,21.770714285714284,0.02,125.07999999999993,81.19999999999982,0.14,0.0,81.05999999999982,0.6491845219059791,0.6480652382475205,trail,True,1.2035497281739764,0.6493444195714694,0,True,range,0,1.0,False,,0.01@5406.37:tp1;0.01@5362.49:trail,7195.3699999999,64.47270101415799,2026-03
M10#6001487,M10,6001487,IMB,buy,0.716,A,2026-03-02 02:40:00,2026-03-02 02:55:00,2026-03-02 16:21:00,806.0,5341.66,5341.66,5281.29,5371.84,5492.58,5341.66,5281.29,60.36999999999989,21.08571428571434,0.02,120.73999999999978,78.38000000000011,0.14,0.0,78.24000000000011,0.6491634918005653,0.6480039754845143,trail,True,1.282756335928452,0.6367401027000111,0,True,range,0,1.0,False,,0.01@5402.03:tp1;0.01@5359.67:trail,7273.6099999999,65.1207049896425,2026-03
M30#6000509,M30,6000509,IMB,sell,0.571,B,2026-03-02 18:30:00,2026-03-03 02:17:00,2026-03-03 04:08:00,111.0,5355.7,5355.7,5389.29,5338.9,5271.72,5389.29,5355.7,33.590000000000146,31.660714285714157,0.05,167.95000000000073,16.399999999998727,0.35000000000000003,0.0,16.049999999998725,0.0976481095564076,0.09556415599880116,partial_be,True,0.6847275974992527,0.7317654063709383,0,False,range,0,1.0,False,,0.01@5338.90:tp1;0.01@5355.80:be;0.01@5355.80:be;0.02@5355.80:be,7289.659999999898,65.2162691456413,2026-03
M5#6002827,M5,6002827,IMB,buy,0.579,B,2026-03-03 14:40:00,2026-03-03 15:04:00,2026-03-03 15:08:00,4.0,5177.63,5177.63,5154.62,5189.14,5235.16,5177.63,5154.62,23.01000000000022,23.00428571428568,0.07,161.0700000000015,-161.7699999999977,0.48999999999999994,0.0,-162.25999999999772,-1.0043459365493028,-1.0073880921338314,sl,False,0.24858757062147763,1.072577140373753,0,False,range,0,1.0,False,,0.01@5154.52:sl;0.01@5154.52:sl;0.01@5154.52:sl;0.04@5154.52:sl,7127.3999999999005,64.20888105350747,2026-03
M5#6002834,M5,6002834,IMB,sell,0.567,B,2026-03-03 17:10:00,2026-03-03 17:48:00,2026-03-03 18:03:00,15.0,5076.92,5076.92,5102.99,5063.89,5011.75,5102.99,5076.92,26.06999999999971,29.210714285714207,0.03,78.20999999999913,-78.51000000000022,0.21,0.0,-78.72000000000021,-1.0038358266206509,-1.0065209052550965,sl,False,0.5420023014959477,1.0326045262754266,0,False,range,-1,0.5,False,,0.01@5103.09:sl;0.02@5103.09:sl,7048.6799999999,63.202360148252374,2026-03
M5#6002915,M5,6002915,UW,buy,0.583,B,2026-03-04 15:30:00,2026-03-04 15:59:00,2026-03-04 16:12:00,13.0,5168.67,5168.67,5159.88,5173.94,5210.86,5168.67,5159.88,8.789999999999964,9.424999999999923,0.09,79.10999999999969,31.1399999999976,0.6300000000000001,0.0,30.5099999999976,0.3936291240045218,0.3856655290102101,partial_be,True,1.3139931740614597,0.12855517633675925,0,False,trend,-1,0.5,False,,0.02@5173.94:tp1;0.02@5179.22:tp1;0.02@5168.57:be;0.03@5168.57:be,7079.189999999898,63.588025677262586,2026-03
M5#6002920,M5,6002920,OB,sell,0.553,B,2026-03-04 17:10:00,2026-03-04 17:35:00,2026-03-05 01:56:00,501.0,5163.43,5163.43,5179.41,5153.84,5086.73,5179.41,5163.43,15.979999999999563,15.523571428571424,0.1,159.79999999999563,133.84000000000378,0.7000000000000001,0.6,133.7400000000038,0.8375469336671304,0.8369211514393456,partial_be,True,3.382978723404316,0.2209011264080001,0,False,trend,0,1.0,False,,0.02@5153.84:tp1;0.02@5144.25:tp1;0.02@5125.08:tp1;0.04@5163.53:be,7212.929999999901,64.42494682870193,2026-03
M5#6002976,M5,6002976,UW,buy,0.585,B,2026-03-05 13:50:00,2026-03-05 15:01:00,2026-03-05 15:04:00,3.0,5153.68,5153.68,5147.84,5157.18,5181.71,5153.68,5147.84,5.8400000000001455,4.375000000000065,0.29,169.36000000000425,22.299999999992,2.0300000000000002,0.0,20.269999999992,0.13167217760977468,0.11968587623991196,partial_be,True,0.8527397260273013,0.29280821917808114,0,False,trend,0,1.0,False,,0.07@5157.18:tp1;0.07@5153.58:be;0.07@5153.58:be;0.08@5153.58:be,7233.199999999893,64.54463270494185,2026-03
M10#6001688,M10,6001688,IMB,buy,0.61,B,2026-03-06 04:30:00,2026-03-06 07:38:00,2026-03-06 08:02:00,24.0,5121.08,5121.08,5109.69,5127.91,5175.75,5121.08,5109.69,11.390000000000327,12.96142857142851,0.15,170.8500000000049,-172.34999999999673,1.05,0.0,-173.39999999999674,-1.0087796312554391,-1.01492537313428,sl,False,0.2537313432836035,1.0474100087796268,0,False,trend,0,1.0,False,,0.03@5109.59:sl;0.03@5109.59:sl;0.03@5109.59:sl;0.06@5109.59:sl,7059.7999999998965,63.529707331807565,2026-03
M5#6003030,M5,6003030,IMB,buy,0.598,B,2026-03-06 08:10:00,2026-03-06 09:08:00,2026-03-06 09:33:00,25.0,5108.44,5108.44,5099.47,5113.82,5151.5,5108.44,5099.47,8.969999999999345,6.466428571428748,0.09,80.72999999999412,31.780000000003383,0.6300000000000001,0.0,31.150000000003384,0.3936578719188121,0.38585408150632544,partial_be,True,1.2396878483836802,0.31438127090300055,0,False,trend,-1,0.5,False,,0.02@5113.82:tp1;0.02@5119.20:tp1;0.02@5108.34:be;0.03@5108.34:be,7090.9499999999,63.91556141331389,2026-03
M10#6001687,M10,6001687,IMB,buy,0.598,B,2026-03-06 08:20:00,2026-03-06 09:08:00,2026-03-06 10:22:00,74.0,5108.44,5108.44,5089.0,5120.1,5201.75,5108.44,5089.0,19.4399999999996,7.09500000000019,0.08,155.5199999999968,22.720000000004802,0.56,0.0,22.160000000004803,0.14609053497945776,0.1424897119341902,partial_be,True,0.7577160493827559,0.14506172839504974,0,True,trend,1,1.0,False,,0.02@5120.10:tp1;0.02@5108.34:be;0.02@5108.34:be;0.02@5108.34:be,7113.109999999904,64.05805112524808,2026-03
M10#6001727,M10,6001727,IMB,buy,0.682,A,2026-03-06 18:10:00,2026-03-06 18:40:00,2026-03-09 00:07:00,3207.0,5128.07,5128.07,5099.87,5144.99,5263.43,5128.07,5099.87,28.199999999999818,22.02214285714282,0.06,169.19999999999894,118.14000000000215,0.42000000000000004,-1.5,116.22000000000214,0.698226950354627,0.6868794326241304,partial_be,True,2.4574468085106607,0.22624113475177837,0,True,trend,0,1.0,False,,0.01@5144.99:tp1;0.01@5161.91:tp1;0.01@5195.75:tp1;0.03@5127.97:be,7229.329999999906,64.74493055787221,2026-03
M5#6003213,M5,6003213,UW,buy,0.573,B,2026-03-10 05:45:00,2026-03-10 05:47:00,2026-03-10 10:00:00,253.0,5158.26,5158.26,5153.37,5161.19,5181.73,5158.26,5153.37,4.890000000000327,6.377142857142774,0.35,171.15000000001146,422.48999999998523,2.45,0.0,420.03999999998524,2.4685363716036046,2.454221443178248,tp2,True,5.556237218813549,0.7607361963190196,0,False,trend,0,1.0,False,,0.08@5161.19:tp1;0.08@5164.13:tp1;0.08@5170.00:tp1;0.11@5181.73:tp2,7649.369999999892,67.19915200105045,2026-03
M5#6003303,M5,6003303,IMB,buy,0.614,B,2026-03-11 03:35:00,2026-03-11 04:02:00,2026-03-11 04:31:00,29.0,5202.07,5202.07,5192.81,5206.7,5225.22,5202.07,5192.81,9.259999999999309,6.5471428571428465,0.19,175.93999999998687,17.020000000008622,1.33,0.0,15.690000000008622,0.09673752415601848,0.0891781289076378,partial_be,True,0.5118790496761387,0.8455723542117183,0,False,range,0,1.0,False,,0.04@5206.70:tp1;0.04@5201.97:be;0.04@5201.97:be;0.07@5201.97:be,7665.0599999999,67.28833012995808,2026-03
M10#6001869,M10,6001869,HB,buy,0.526,C,2026-03-11 19:30:00,2026-03-11 19:36:00,2026-03-12 00:34:00,298.0,5161.74,5161.74,5150.2,5167.51,5190.59,5161.74,5150.2,11.539999999999964,7.912142857142824,0.15,173.09999999999945,124.0200000000059,1.05,-3.0,119.9700000000059,0.7164644714038492,0.6930675909879045,trail,True,1.8795493934142615,0.5745233968804272,0,True,range,0,1.0,False,,0.03@5167.51:tp1;0.03@5173.28:tp1;0.03@5179.05:tp1;0.06@5165.10:trail,7785.029999999906,67.98139772094599,2026-03
M5#6003347,M5,6003347,UW,buy,0.658,A,2026-03-11 18:15:00,2026-03-11 19:36:00,2026-03-12 00:35:00,299.0,5159.97,5159.97,5149.67,5165.12,5185.72,5159.97,5149.67,10.300000000000182,6.794285714285771,0.17,175.1000000000031,138.54999999999745,1.1900000000000002,-2.5,134.85999999999746,0.7912621359223015,0.7701884637349804,trail,True,2.2776699029125846,0.47184466019422294,0,False,range,0,1.0,False,,0.04@5165.12:tp1;0.04@5170.27:tp1;0.04@5175.42:tp1;0.05@5162.96:trail,7919.889999999904,68.75158618468097,2026-03
M5#6003457,M5,6003457,OB,buy,0.576,B,2026-03-13 04:15:00,2026-03-13 04:18:00,2026-03-13 04:51:00,33.0,5121.11,5121.11,5111.99,5125.67,5143.91,5121.11,5111.99,9.11999999999989,5.7028571428571535,0.19,173.27999999999793,-175.17999999998756,1.33,0.0,-176.50999999998757,-1.0109649122806421,-1.0186403508771333,sl,False,0.2247807017544086,1.0010964912280942,0,False,range,0,1.0,False,,0.04@5111.89:sl;0.04@5111.89:sl;0.04@5111.89:sl;0.07@5111.89:sl,7743.379999999916,67.73294583380384,2026-03
M30#6000567,M30,6000567,UW,buy,0.575,B,2026-03-13 00:30:00,2026-03-13 16:55:00,2026-03-13 17:42:00,47.0,5049.39,5049.39,5014.72,5066.73,5136.07,5049.39,5014.72,34.67000000000007,18.43000000000003,0.05,173.35000000000036,16.93999999999778,0.35000000000000003,0.0,16.58999999999778,0.09772137294489613,0.09570233631380297,partial_be,True,0.6351312373810061,0.3790020190366397,0,True,range,0,1.0,False,,0.01@5066.73:tp1;0.01@5049.29:be;0.01@5049.29:be;0.02@5049.29:be,7759.969999999914,67.82864817011765,2026-03
M15#6001137,M15,6001137,UW,buy,0.621,B,2026-03-13 07:45:00,2026-03-13 16:55:00,2026-03-13 17:42:00,47.0,5049.39,5049.39,5014.72,5066.73,5136.07,5049.39,5014.72,34.67000000000007,6.924999999999922,0.05,173.35000000000036,16.93999999999778,0.35000000000000003,0.0,16.58999999999778,0.09772137294489613,0.09570233631380297,partial_be,True,0.6351312373810061,0.3790020190366397,0,True,range,1,1.0,False,,0.01@5066.73:tp1;0.01@5049.29:be;0.01@5049.29:be;0.02@5049.29:be,7776.559999999911,67.92435050643145,2026-03
M5#6003563,M5,6003563,OB,buy,0.599,B,2026-03-16 08:10:00,2026-03-16 08:48:00,2026-03-16 09:15:00,27.0,5012.57,5012.57,5004.26,5016.72,5033.34,5012.57,5004.26,8.30999999999949,4.990714285714408,0.21,174.50999999998933,-176.60999999999697,1.4700000000000002,0.0,-178.07999999999697,-1.012033694344208,-1.0204572803851233,sl,False,0.49699157641400266,1.3874849578821242,0,False,range,0,1.0,False,,0.05@5004.16:sl;0.05@5004.16:sl;0.05@5004.16:sl;0.06@5004.16:sl,7598.479999999914,66.90389322604634,2026-03
M5#6003518,M5,6003518,OB,sell,0.558,B,2026-03-17 06:55:00,2026-03-17 07:16:00,2026-03-17 07:47:00,31.0,5042.01,5042.01,5047.4,5039.32,5028.54,5047.4,5042.01,5.389999999999418,3.6357142857143896,0.16,86.23999999999069,118.52000000000407,1.12,0.0,117.40000000000407,1.3743042671616057,1.3613172541745913,tp2,True,2.64192949907277,0.5269016697587278,0,False,range,-1,0.5,False,,0.04@5039.32:tp1;0.04@5036.62:tp1;0.04@5033.93:tp1;0.04@5028.54:tp2,7715.879999999918,68.26521048022093,2026-03
M5#6003743,M5,6003743,UW,buy,0.66,A,2026-03-18 11:05:00,2026-03-18 11:16:00,2026-03-18 12:05:00,49.0,4985.44,4985.44,4977.3,4989.51,5005.79,4985.44,4977.3,8.139999999999418,5.411428571428717,0.21,170.9399999999878,86.79000000000633,1.4700000000000002,0.0,85.32000000000633,0.507722007722081,0.4991224991225718,trail,True,1.2751842751843798,0.11179361179360191,0,False,range,0,1.0,False,,0.05@4989.51:tp1;0.05@4993.58:tp1;0.05@4987.78:trail;0.06@4987.78:trail,7801.199999999924,68.76433297934351,2026-03
M10#6002158,M10,6002158,OB,sell,0.618,B,2026-03-20 01:50:00,2026-03-20 02:07:00,2026-03-20 02:40:00,33.0,4653.9,4653.9,4671.31,4643.45,4570.33,4671.31,4653.9,17.410000000000764,10.972142857142899,0.1,174.10000000000764,20.099999999996726,0.7000000000000001,0.0,19.399999999996727,0.11545089029291122,0.11143021252151565,partial_be,True,0.6519241815048223,0.6507754164273079,0,False,trend,0,1.0,False,,0.02@4643.45:tp1;0.02@4654.00:be;0.02@4654.00:be;0.04@4654.00:be,7820.599999999921,68.87576319186502,2026-03
M5#6003925,M5,6003925,IMB,buy,0.587,B,2026-03-20 06:55:00,2026-03-20 07:02:00,2026-03-20 07:30:00,28.0,4714.49,4714.49,4707.37,4718.76,4748.67,4714.49,4707.37,7.119999999999891,4.860714285714233,0.25,177.99999999999727,75.5600000000095,1.75,0.0,73.8100000000095,0.42449438202253176,0.4146629213483743,partial_be,True,1.2977528089887533,0.5772471910111988,0,False,trend,0,1.0,False,,0.06@4718.76:tp1;0.06@4723.03:tp1;0.06@4714.39:be;0.07@4714.39:be,7894.409999999931,69.2904261132134,2026-03
M10#6002171,M10,6002171,IMB,buy,0.547,C,2026-03-20 07:00:00,2026-03-20 07:02:00,2026-03-20 07:30:00,28.0,4714.49,4714.49,4704.01,4720.78,4764.79,4714.49,4704.01,10.479999999999563,10.727857142857115,0.17,178.15999999999258,23.86000000000695,1.1900000000000002,0.0,22.670000000006947,0.1339245621913333,0.12724517287835593,partial_be,True,0.881679389312993,0.39217557251906904,0,True,trend,0,1.0,False,,0.04@4720.78:tp1;0.04@4714.39:be;0.04@4714.39:be;0.05@4714.39:be,7917.079999999938,69.41767128609176,2026-03
M10#6002209,M10,6002209,UW,sell,0.541,C,2026-03-23 11:10:00,2026-03-23 11:16:00,2026-03-23 13:00:00,104.0,4285.81,4285.81,4310.14,4271.21,4169.03,4310.14,4285.81,24.329999999999927,44.15714285714258,0.07,170.30999999999946,101.7900000000036,0.48999999999999994,0.0,101.3000000000036,0.5976748282543828,0.594797721801444,partial_be,True,2.5491163173037656,0.9449239621865948,0,True,trend,0,1.0,False,,0.01@4271.21:tp1;0.01@4256.61:tp1;0.01@4227.42:tp1;0.04@4285.91:be,8018.379999999942,70.0124690078932,2026-03
M5#6004099,M5,6004099,OB,buy,0.648,B,2026-03-24 05:55:00,2026-03-24 06:19:00,2026-03-24 06:57:00,38.0,4333.03,4333.03,4312.67,4345.25,4430.76,4333.03,4312.67,20.359999999999673,11.694285714285732,0.08,162.87999999999738,23.840000000003783,0.56,0.0,23.280000000003785,0.14636542239688216,0.14292730844796267,partial_be,True,0.8064833005894075,0.3094302554027644,0,False,trend,0,1.0,False,,0.02@4345.25:tp1;0.02@4332.93:be;0.02@4332.93:be;0.02@4332.93:be,8041.659999999945,70.15539631634117,2026-03
M10#6002258,M10,6002258,OB,buy,0.59,B,2026-03-24 19:30:00,2026-03-24 19:45:00,2026-03-24 22:24:00,159.0,4372.76,4372.76,4355.46,4383.14,4455.8,4372.76,4355.46,17.300000000000182,15.665000000000159,0.1,173.00000000000182,477.47999999999956,0.7000000000000001,0.0,476.7799999999996,2.7599999999999683,2.7559537572254023,tp2,True,5.435260115606865,0.02601156069363083,0,False,trend,0,1.0,False,,0.02@4383.14:tp1;0.02@4393.52:tp1;0.02@4414.28:tp1;0.04@4455.80:tp2,8518.439999999944,72.91135007356657,2026-03
M15#6001500,M15,6001500,OB,buy,0.604,B,2026-03-24 19:30:00,2026-03-24 19:35:00,2026-03-25 01:16:00,341.0,4379.35,4379.35,4356.66,4392.96,4488.26,4379.35,4356.66,22.69000000000051,20.202857142857347,0.07,158.83000000000354,530.9399999999988,0.48999999999999994,-6.0,524.4499999999988,3.3428193666183152,3.301958068374911,tp2,True,5.304539444689157,0.3102688408990659,0,True,trend,0,1.0,False,,0.01@4392.96:tp1;0.01@4406.58:tp1;0.01@4433.81:tp1;0.04@4488.26:tp2,9042.889999999943,76.21330814194148,2026-03
M5#6004177,M5,6004177,UW,buy,0.558,B,2026-03-25 03:00:00,2026-03-25 03:03:00,2026-03-25 03:36:00,33.0,4553.53,4553.53,4546.44,4557.78,4587.56,4553.53,4546.44,7.0900000000001455,10.452142857142851,0.26,184.34000000000378,450.92000000000917,1.82,0.0,449.1000000000092,2.4461321471194526,2.4362590864706517,tp2,True,4.895627644569721,0.14245416078974443,0,False,trend,0,1.0,False,,0.06@4557.78:tp1;0.06@4562.04:tp1;0.06@4570.55:tp1;0.08@4587.56:tp2,9491.989999999952,78.64956722841214,2026-03
M10#6002285,M10,6002285,UW,buy,0.591,B,2026-03-25 06:20:00,2026-03-25 07:21:00,2026-03-25 07:32:00,11.0,4563.4,4563.4,4552.52,4569.93,4615.62,4563.4,4552.52,10.8799999999992,9.647142857142885,0.17,184.9599999999864,-186.65999999999258,1.1900000000000002,0.0,-187.84999999999258,-1.0091911764706223,-1.0156250000000346,sl,False,0.0367647058824058,1.289522058823601,0,True,trend,0,1.0,False,,0.04@4552.42:sl;0.04@4552.42:sl;0.04@4552.42:sl;0.05@4552.42:sl,9304.13999999996,77.63394222841211,2026-03
M10#6002283,M10,6002283,IMB,buy,0.555,B,2026-03-25 08:30:00,2026-03-25 11:48:00,2026-03-25 14:31:00,163.0,4531.86,4531.86,4510.25,4544.83,4635.59,4531.86,4510.25,21.609999999999673,8.995000000000086,0.08,172.87999999999738,181.32000000000335,0.56,0.0,180.76000000000334,1.0488199907450606,1.0455807496529737,partial_be,True,2.4835724201758853,0.4720037019898183,0,True,trend,1,1.0,False,,0.02@4544.83:tp1;0.02@4557.79:tp1;0.02@4583.72:tp1;0.02@4531.76:be,9484.899999999963,78.67952297806508,2026-03
M15#6001530,M15,6001530,UW,buy,0.62,B,2026-03-25 13:00:00,2026-03-25 14:28:00,2026-03-25 14:31:00,3.0,4550.78,4550.78,4527.97,4564.47,4660.27,4550.78,4527.97,22.80999999999949,13.53571428571448,0.08,182.47999999999593,-183.27999999999884,0.56,0.0,-183.83999999999884,-1.00438404208682,-1.007452871547583,sl,False,0.0,1.2766330556773582,0,False,trend,1,1.0,False,,0.02@4527.87:sl;0.02@4527.87:sl;0.02@4527.87:sl;0.02@4527.87:sl,9301.059999999965,77.6720701065175,2026-03
M30#6000749,M30,6000749,IMB,buy,0.599,B,2026-03-25 13:30:00,2026-03-26 07:58:00,2026-03-26 16:55:00,537.0,4447.68,4447.68,4407.16,4471.99,4642.18,4447.68,4407.16,40.52000000000044,19.003571428571572,0.04,162.08000000000175,24.0099999999984,0.28,0.0,23.729999999998398,0.14813672260610897,0.14640918065151864,partial_be,True,0.7778874629812238,0.8531589338598283,0,False,trend,1,1.0,False,,0.01@4471.99:tp1;0.01@4447.58:be;0.01@4447.58:be;0.01@4447.58:be,9324.789999999963,77.81847928716901,2026-03
M10#6002398,M10,6002398,IMB,buy,0.699,A,2026-03-27 19:00:00,2026-03-27 19:17:00,2026-03-27 21:42:00,145.0,4501.7,4501.7,4475.87,4517.2,4625.68,4501.7,4475.87,25.829999999999927,17.7899999999999,0.07,180.80999999999946,14.900000000003274,0.48999999999999994,0.0,14.410000000003274,0.08240694651846313,0.07969691941819211,partial_be,True,1.051877661633765,0.585365853658534,0,True,trend,0,1.0,False,,0.01@4517.20:tp1;0.01@4501.60:be;0.01@4501.60:be;0.04@4501.60:be,9339.199999999966,77.89817620658721,2026-03
M15#6001601,M15,6001601,IMB,buy,0.699,A,2026-03-27 19:00:00,2026-03-27 19:17:00,2026-03-27 21:42:00,145.0,4501.7,4501.7,4464.13,4524.24,4682.04,4501.7,4464.13,37.56999999999971,22.769285714285747,0.05,187.84999999999854,22.140000000002146,0.35000000000000003,0.0,21.790000000002145,0.11785999467661601,0.1159968059622162,partial_be,True,0.7231833910034677,0.4024487623103542,0,True,trend,0,1.0,False,,0.01@4524.24:tp1;0.01@4501.60:be;0.01@4501.60:be;0.02@4501.60:be,9360.989999999969,78.01417301254942,2026-03
M5#6004397,M5,6004397,IMB,sell,0.644,B,2026-03-30 02:55:00,2026-03-30 03:21:00,2026-03-30 04:10:00,49.0,4460.43,4460.43,4472.46,4453.21,4402.69,4472.46,4460.43,12.029999999999745,11.146428571428585,0.16,192.47999999999593,201.7200000000048,1.12,0.0,200.6000000000048,1.0480049875312192,1.0421862011638043,partial_be,True,2.4505403158769896,0.5502909393183734,0,False,trend,0,1.0,False,,0.04@4453.21:tp1;0.04@4445.99:tp1;0.04@4431.56:tp1;0.04@4460.53:be,9561.589999999973,79.05635921371322,2026-03
M15#6001647,M15,6001647,IMB,buy,0.639,B,2026-03-31 05:45:00,2026-03-31 05:46:00,2026-03-31 06:47:00,61.0,4577.64,4577.64,4550.44,4591.24,4645.64,4577.64,4550.44,27.200000000000728,21.800714285714157,0.07,190.40000000000506,-191.1000000000013,0.48999999999999994,0.0,-191.5900000000013,-1.0036764705882155,-1.00624999999998,sl,False,0.12279411764702745,1.0022058823529223,0,True,range,0,1.0,False,,0.01@4550.34:sl;0.01@4550.34:sl;0.01@4550.34:sl;0.04@4550.34:sl,9369.99999999997,78.05010921371324,2026-03
M5#6004517,M5,6004517,IMB,buy,0.652,A,2026-03-31 06:05:00,2026-03-31 06:18:00,2026-03-31 09:00:00,162.0,4565.19,4565.19,4545.59,4574.99,4614.19,4565.19,4545.59,19.599999999999454,10.425000000000052,0.09,176.39999999999512,18.900000000004184,0.6300000000000001,0.0,18.270000000004185,0.10714285714288382,0.10357142857145515,partial_be,True,0.8433673469388324,0.8627551020408329,0,True,range,0,1.0,False,,0.02@4574.99:tp1;0.02@4565.09:be;0.02@4565.09:be;0.03@4565.09:be,9388.269999999975,78.1536806422847,2026-03
M5#6004513,M5,6004513,OB,buy,0.559,B,2026-03-31 08:20:00,2026-03-31 10:19:00,2026-03-31 11:05:00,46.0,4547.68,4547.68,4539.35,4551.85,4568.51,4547.68,4539.35,8.329999999999927,6.537142857143018,0.11,91.6299999999992,154.14999999999964,0.77,0.0,153.37999999999963,1.6823092873513148,1.6739059260067768,tp2,True,2.7226890756302016,0.5018007202881546,0,False,range,-1,0.5,False,,0.02@4551.85:tp1;0.02@4556.01:tp1;0.02@4560.18:tp1;0.05@4568.51:tp2,9541.649999999974,79.82758656829148,2026-03
M5#7002610,M5,7002610,UW,sell,0.625,B,2026-04-01 07:40:00,2026-04-01 09:27:00,2026-04-01 09:45:00,18.0,4710.95,4710.95,4724.1,4703.06,4647.83,4724.1,4710.95,13.150000000000546,4.830714285714488,0.14,184.10000000000767,22.569999999994252,0.9800000000000001,0.0,21.58999999999425,0.12259641499181592,0.11727322107546634,partial_be,True,0.6380228136882113,0.5520912547528454,0,False,trend,0,1.0,False,,0.03@4703.06:tp1;0.03@4711.05:be;0.03@4711.05:be;0.05@4711.05:be,9563.239999999969,79.94485978936694,2026-04
H1#6000341,H1,6000341,IMB,sell,0.588,B,2026-04-01 16:00:00,2026-04-01 18:44:00,2026-04-02 02:06:00,442.0,4784.19,4784.19,4826.81,4758.62,4579.61,4826.81,4784.19,42.6200000000008,28.690000000000055,0.04,170.4800000000032,25.269999999998618,0.28,0.44999999999999996,25.439999999998616,0.1482285312059957,0.14922571562645554,partial_be,True,0.9807602064757974,0.2163303613327309,0,True,trend,0,1.0,False,,0.01@4758.62:tp1;0.01@4784.29:be;0.01@4784.29:be;0.01@4784.29:be,9588.679999999968,80.0940855049934,2026-04
M5#7002679,M5,7002679,IMB,buy,0.569,B,2026-04-02 02:45:00,2026-04-02 02:45:00,2026-04-02 02:51:00,6.0,4787.46,4787.46,4778.88,4791.75,4808.91,4787.46,4778.88,8.579999999999927,6.609999999999867,0.22,188.75999999999843,-190.96000000000643,1.5400000000000003,0.0,-192.50000000000642,-1.0116550116550542,-1.0198135198135623,sl,False,0.0,1.0734265734265869,0,False,range,0,1.0,False,,0.05@4778.78:sl;0.05@4778.78:sl;0.05@4778.78:sl;0.07@4778.78:sl,9396.17999999996,79.07427198517983,2026-04
M15#6001714,M15,6001714,OB,buy,0.707,A,2026-04-02 19:45:00,2026-04-06 01:10:00,2026-04-06 01:47:00,37.0,4625.76,4625.76,4587.67,4644.81,4720.99,4625.76,4587.67,38.090000000000146,23.610000000000127,0.05,190.45000000000073,18.649999999998727,0.35000000000000003,0.0,18.299999999998725,0.09792596482015571,0.0960882121291607,partial_be,True,0.6529272775006509,0.4494618009976326,0,True,range,1,1.0,False,,0.01@4644.81:tp1;0.01@4625.66:be;0.01@4625.66:be;0.02@4625.66:be,9414.47999999996,79.170360197309,2026-04
M10#6002571,M10,6002571,UW,sell,0.546,C,2026-04-06 01:40:00,2026-04-06 01:46:00,2026-04-06 01:48:00,2.0,4647.87,4647.87,4665.47,4637.31,4563.39,4665.47,4647.87,17.600000000000364,12.06214285714272,0.11,193.600000000004,62.65999999999622,0.77,0.0,61.88999999999621,0.32365702479336217,0.31967975206608956,partial_be,True,2.2102272727272063,0.17556818181818645,0,True,trend,1,1.0,False,,0.02@4637.31:tp1;0.02@4626.75:tp1;0.02@4647.97:be;0.05@4647.97:be,9476.369999999955,79.49003994937509,2026-04
M5#7002794,M5,7002794,UW,buy,0.557,B,2026-04-06 09:35:00,2026-04-06 09:38:00,2026-04-06 10:12:00,34.0,4652.59,4652.59,4643.32,4658.15,4697.09,4652.59,4643.32,9.270000000000437,6.522142857143081,0.21,194.6700000000092,82.29999999999292,1.4700000000000002,0.0,80.82999999999292,0.42276673344628873,0.4152154928853398,partial_be,True,1.5954692556633514,0.331175836030158,0,False,trend,0,1.0,False,,0.05@4658.15:tp1;0.05@4663.71:tp1;0.05@4652.49:be;0.06@4652.49:be,9557.199999999948,79.90525544226043,2026-04
H1#6000425,H1,6000425,IMB,sell,0.608,B,2026-04-02 19:00:00,2026-04-06 12:30:00,2026-04-07 11:21:00,1371.0,4703.98,4703.98,4775.35,4668.29,4525.55,4775.35,4703.98,71.3700000000008,44.54857142857145,0.02,142.7400000000016,92.67999999999938,0.14,0.3,92.83999999999938,0.6492924197842115,0.6504133389379174,trail,True,1.2237634860585436,0.04441642146560232,0,True,range,1,1.0,False,,0.01@4632.61:tp1;0.01@4682.67:trail,9650.039999999948,80.55566878119835,2026-04
M10#6002530,M10,6002530,IMB,sell,0.578,B,2026-04-08 01:20:00,2026-04-08 01:36:00,2026-04-08 01:54:00,18.0,4764.85,4764.85,4783.99,4755.28,4717.0,4783.99,4764.85,19.139999999999418,17.424999999999986,0.1,191.39999999999418,-192.39999999999782,0.7000000000000001,0.0,-193.0999999999978,-1.0052246603970934,-1.0088819226750454,sl,False,0.31713688610239776,1.9331243469175092,0,True,range,0,1.0,False,,0.02@4784.09:sl;0.02@4784.09:sl;0.02@4784.09:sl;0.04@4784.09:sl,9456.93999999995,79.5467868585233,2026-04
M30#6000834,M30,6000834,IMB,sell,0.634,B,2026-04-06 13:30:00,2026-04-07 22:45:00,2026-04-08 01:54:00,189.0,4711.8,4711.8,4783.89,4668.55,4365.77,4783.89,4711.8,72.09000000000015,16.664285714285793,0.02,144.1800000000003,-144.3799999999992,0.14,0.8999999999999999,-143.61999999999918,-1.0013871549451998,-0.9961159661534117,sl,False,0.22971285892634716,1.2491330281592454,0,True,trend,0,1.0,False,,0.01@4783.99:sl;0.01@4783.99:sl,9313.31999999995,78.5506708923699,2026-04
M15#6001791,M15,6001791,IMB,buy,0.639,B,2026-04-08 03:00:00,2026-04-08 04:20:00,2026-04-08 05:44:00,84.0,4800.7,4800.7,4779.87,4811.11,4852.77,4800.7,4779.87,20.829999999999927,25.272142857143017,0.09,187.46999999999937,93.23000000000229,0.6300000000000001,0.0,92.6000000000023,0.49730623566438686,0.4939456979783571,trail,True,1.17810849735958,0.5885741718675114,0,True,range,2,1.0,False,,0.02@4811.11:tp1;0.02@4821.53:tp1;0.02@4806.85:trail;0.03@4806.85:trail,9405.919999999953,79.04461659034826,2026-04
M5#7002966,M5,7002966,IMB,buy,0.653,A,2026-04-08 11:30:00,2026-04-08 17:33:00,2026-04-08 17:46:00,13.0,4752.03,4752.06,4736.44,4759.87,4791.11,4752.06,4736.44,15.6200000000008,7.367857142857182,0.12,187.4400000000096,98.01000000000295,0.84,0.0,97.17000000000294,0.5228873239436509,0.5184058898847522,trail,True,1.1453265044813963,0.0576184379001018,0,True,range,0,1.0,False,,0.03@4759.87:tp1;0.03@4767.68:tp1;0.03@4756.62:trail;0.03@4756.62:trail,9503.089999999956,79.563022480233,2026-04
M15#6001790,M15,6001790,IMB,buy,0.712,A,2026-04-08 15:45:00,2026-04-08 17:31:00,2026-04-08 17:56:00,25.0,4761.23,4761.23,4736.44,4773.62,4823.2,4761.23,4736.44,24.789999999999964,15.120714285714323,0.07,173.52999999999972,-174.22999999999593,0.48999999999999994,0.0,-174.71999999999593,-1.0040338846308776,-1.0068576038725074,sl,False,0.3505445744251925,1.1585316659943279,0,True,range,0,1.0,False,,0.01@4736.34:sl;0.01@4736.34:sl;0.01@4736.34:sl;0.04@4736.34:sl,9328.36999999996,78.5561648763605,2026-04
M5#7003052,M5,7003052,OB,sell,0.574,B,2026-04-09 12:35:00,2026-04-09 13:24:00,2026-04-09 13:47:00,23.0,4734.2,4734.2,4743.3,4729.65,4711.45,4743.3,4734.2,9.100000000000364,4.976428571428706,0.1,91.00000000000364,-91.99999999999818,0.7000000000000001,0.0,-92.69999999999818,-1.0109890109889506,-1.018681318681258,sl,False,0.0,1.018681318681326,0,False,range,-1,0.5,False,,0.02@4743.40:sl;0.02@4743.40:sl;0.02@4743.40:sl;0.04@4743.40:sl,9235.669999999962,77.53748355767924,2026-04
M5#7003198,M5,7003198,OB,sell,0.562,B,2026-04-10 08:00:00,2026-04-10 08:36:00,2026-04-10 08:45:00,9.0,4765.73,4765.73,4770.35,4763.42,4754.18,4770.35,4765.73,4.6200000000008,3.122857142857226,0.2,92.40000000001601,10.049999999991996,1.4000000000000001,0.0,8.649999999991996,0.1087662337661283,0.09361471861461577,partial_be,True,0.9242424242421617,0.6038961038959914,0,False,range,-1,0.5,False,,0.05@4763.42:tp1;0.05@4765.83:be;0.05@4765.83:be;0.05@4765.83:be,9244.319999999954,77.63109827629386,2026-04
M5#7003228,M5,7003228,OB,buy,0.57,B,2026-04-10 18:45:00,2026-04-10 19:06:00,2026-04-10 20:17:00,71.0,4751.78,4751.78,4745.92,4754.71,4766.43,4751.78,4745.92,5.859999999999673,8.785714285714286,0.32,187.51999999998952,257.84000000001106,2.24,0.0,255.60000000001105,1.375000000000136,1.3630546075086676,tp2,True,2.616040955631533,0.7576791808873461,0,False,range,0,1.0,False,,0.08@4754.71:tp1;0.08@4757.64:tp1;0.08@4760.57:tp1;0.08@4766.43:tp2,9499.919999999966,78.99415288380253,2026-04
M10#6002837,M10,6002837,OB,sell,0.6,B,2026-04-13 18:00:00,2026-04-13 19:18:00,2026-04-13 19:40:00,22.0,4727.49,4727.49,4738.47,4722.0,4700.04,4738.47,4727.49,10.980000000000473,11.273571428571618,0.17,186.66000000000804,-188.35999999999876,1.1900000000000002,0.0,-189.54999999999876,-1.0091074681238115,-1.0154826958105143,sl,False,0.46630236794168217,1.051001821493659,0,False,range,0,1.0,False,,0.04@4738.57:sl;0.04@4738.57:sl;0.04@4738.57:sl;0.05@4738.57:sl,9310.369999999966,77.97867018799201,2026-04
M10#6002889,M10,6002889,OB,buy,0.571,B,2026-04-14 22:50:00,2026-04-15 01:00:00,2026-04-15 01:01:00,1.0,4837.64,4837.64,4833.48,4839.72,4848.04,4837.64,4833.48,4.160000000000764,6.096428571428597,0.46,191.36000000003514,152.22999999999047,3.2199999999999998,-19.5,129.50999999999047,0.7955163043476302,0.6767872073576854,trail,True,2.038461538461059,0.10817307692323196,0,False,range,1,1.0,False,,0.11@4839.72:tp1;0.11@4841.80:tp1;0.11@4843.88:tp1;0.13@4838.79:trail,9439.879999999957,78.6554573953497,2026-04
M5#7003454,M5,7003454,OB,buy,0.553,B,2026-04-15 06:15:00,2026-04-15 08:37:00,2026-04-15 08:43:00,6.0,4816.32,4816.32,4810.17,4819.39,4831.69,4816.32,4810.17,6.149999999999636,6.4950000000000205,0.31,190.64999999998872,19.090000000017426,2.17,0.0,16.920000000017424,0.10013113034365882,0.08874901652251993,partial_be,True,0.8260162601626386,0.5837398373984322,0,False,range,0,1.0,False,,0.07@4819.39:tp1;0.07@4816.22:be;0.07@4816.22:be;0.1@4816.22:be,9456.799999999976,78.74420641187221,2026-04
M5#7003503,M5,7003503,OB,sell,0.579,B,2026-04-15 14:40:00,2026-04-15 14:46:00,2026-04-15 14:49:00,3.0,4809.63,4809.63,4818.4,4805.25,4787.71,4818.4,4809.63,8.769999999999527,4.318571428571237,0.22,192.93999999998962,20.200000000009823,1.5400000000000003,0.0,18.660000000009823,0.10469576034005862,0.0967140043537412,partial_be,True,0.5906499429874186,0.3272519954390018,0,False,range,0,1.0,False,,0.05@4805.25:tp1;0.05@4809.73:be;0.05@4809.73:be;0.07@4809.73:be,9475.459999999985,78.84092041622596,2026-04
M10#6002965,M10,6002965,OB,buy,0.631,B,2026-04-16 14:40:00,2026-04-16 15:11:00,2026-04-16 15:30:00,19.0,4813.79,4813.79,4807.07,4817.15,4830.59,4813.79,4807.07,6.720000000000255,5.0200000000001115,0.28,188.16000000000716,21.41999999999007,1.9600000000000002,0.0,19.459999999990067,0.1138392857142286,0.10342261904756232,partial_be,True,0.715773809523842,0.3348214285714159,0,False,range,0,1.0,False,,0.07@4817.15:tp1;0.07@4813.69:be;0.07@4813.69:be;0.07@4813.69:be,9494.919999999975,78.94434303527352,2026-04
M5#7003645,M5,7003645,IMB,buy,0.563,B,2026-04-17 05:20:00,2026-04-17 05:57:00,2026-04-17 07:59:00,122.0,4786.24,4786.24,4779.23,4789.74,4803.77,4786.24,4779.23,7.010000000000218,6.871428571428429,0.27,189.2700000000059,283.9500000000098,1.8900000000000001,0.0,282.06000000000984,1.5002377555872615,1.4902520209224972,tp2,True,2.6077032810271166,0.2681883024251142,0,False,range,0,1.0,False,,0.06@4789.74:tp1;0.06@4793.25:tp1;0.06@4796.76:tp1;0.09@4803.77:tp2,9776.979999999985,80.43459505619602,2026-04
M15#6002071,M15,6002071,IMB,buy,0.613,B,2026-04-20 06:45:00,2026-04-20 07:34:00,2026-04-20 08:42:00,68.0,4788.63,4788.63,4774.17,4795.86,4824.78,4788.63,4774.17,14.460000000000036,9.959999999999907,0.13,187.98000000000047,20.689999999995052,0.91,0.0,19.779999999995052,0.11006490052130546,0.10522395999571764,partial_be,True,0.5117565698478297,0.3146611341632206,0,True,range,0,1.0,False,,0.03@4795.86:tp1;0.03@4788.53:be;0.03@4788.53:be;0.04@4788.53:be,9796.75999999998,80.53981901619173,2026-04
M5#7003724,M5,7003724,IMB,buy,0.648,B,2026-04-20 08:20:00,2026-04-20 08:44:00,2026-04-20 10:03:00,79.0,4781.34,4781.34,4774.17,4784.93,4799.27,4781.34,4774.17,7.170000000000073,3.8685714285713533,0.27,193.59000000000196,290.49000000000524,1.8900000000000001,0.0,288.60000000000525,1.5005423833875835,1.4907794824112937,tp2,True,2.8005578800557496,0.21757322175737578,0,True,range,0,1.0,False,,0.06@4784.93:tp1;0.06@4788.51:tp1;0.06@4792.10:tp1;0.09@4799.27:tp2,10085.359999999986,82.03059849860303,2026-04
M5#7003727,M5,7003727,OB,sell,0.568,B,2026-04-20 10:30:00,2026-04-20 14:53:00,2026-04-20 15:07:00,14.0,4806.62,4806.62,4813.0,4803.43,4790.67,4813.0,4806.62,6.380000000000109,5.299285714285686,0.31,197.78000000000338,19.92999999998847,2.17,0.0,17.759999999988473,0.10076853069060639,0.08979674385675078,partial_be,True,0.5266457680250181,0.9451410658308075,0,False,range,0,1.0,False,,0.07@4803.43:tp1;0.07@4806.72:be;0.07@4806.72:be;0.1@4806.72:be,10103.119999999975,82.12039524245978,2026-04
M5#7003771,M5,7003771,IMB,buy,0.569,B,2026-04-20 15:15:00,2026-04-20 15:38:00,2026-04-20 15:52:00,14.0,4801.35,4801.35,4794.7,4804.68,4817.98,4801.35,4794.7,6.650000000000546,5.089285714285714,0.3,199.5000000000164,100.25999999999114,2.1000000000000005,0.0,98.15999999999114,0.5025563909773578,0.4920300751878851,trail,True,1.0571428571427322,0.32631578947366835,0,False,range,0,1.0,False,,0.07@4804.68:tp1;0.07@4808.00:tp1;0.07@4803.25:trail;0.09@4803.25:trail,10201.279999999966,82.61242531764766,2026-04
M10#6003068,M10,6003068,OB,sell,0.619,B,2026-04-20 21:00:00,2026-04-20 21:05:00,2026-04-21 01:00:00,235.0,4812.7,4812.7,4823.34,4807.38,4786.1,4823.34,4812.7,10.640000000000327,5.344999999999735,0.18,191.52000000000592,-193.31999999999607,1.2600000000000002,0.0,-194.57999999999606,-1.0093984962405498,-1.0159774436089706,sl,False,0.18515037593986786,1.5469924812029634,0,False,range,0,1.0,False,,0.04@4823.44:sl;0.04@4823.44:sl;0.04@4823.44:sl;0.06@4823.44:sl,10006.69999999997,81.59644787403869,2026-04
M5#7003723,M5,7003723,IMB,buy,0.562,B,2026-04-21 10:10:00,2026-04-21 15:30:00,2026-04-21 15:36:00,6.0,4771.49,4771.49,4764.96,4774.75,4787.81,4771.49,4764.96,6.529999999999745,6.072142857142808,0.15,97.94999999999618,156.66000000000622,1.05,0.0,155.6100000000062,1.5993874425728671,1.5886676875958374,tp2,True,2.9019908116386763,0.7764165390505217,0,False,range,-1,0.5,False,,0.03@4774.75:tp1;0.03@4778.02:tp1;0.03@4781.28:tp1;0.06@4787.81:tp2,10162.309999999976,83.18511556163453,2026-04
M5#7003883,M5,7003883,IMB,sell,0.664,A,2026-04-21 18:05:00,2026-04-21 18:10:00,2026-04-21 18:43:00,33.0,4745.64,4745.64,4760.88,4738.02,4707.54,4760.88,4745.64,15.239999999999782,10.014285714285766,0.13,198.11999999999716,21.86000000000513,0.91,0.0,20.95000000000513,0.11033716939231497,0.10574399353929653,partial_be,True,0.5695538057743055,0.7992125984252274,0,False,range,0,1.0,False,,0.03@4738.02:tp1;0.03@4745.74:be;0.03@4745.74:be;0.04@4745.74:be,10183.25999999998,83.29085955517382,2026-04
M30#6001050,M30,6001050,OB,buy,0.603,B,2026-04-22 02:30:00,2026-04-23 03:10:00,2026-04-23 04:54:00,104.0,4713.83,4713.83,4679.19,4731.15,4800.43,4713.83,4679.19,34.64000000000033,20.852142857142876,0.05,173.20000000000164,82.82999999999993,0.35000000000000003,0.0,82.47999999999993,0.4782332563510343,0.47621247113163484,trail,True,1.1426096997690403,0.5643764434180137,0,True,range,0,1.0,False,,0.01@4731.15:tp1;0.01@4748.47:tp1;0.01@4724.12:trail;0.02@4724.12:trail,10265.73999999998,83.76707202630546,2026-04
M5#7004023,M5,7004023,IMB,sell,0.563,B,2026-04-23 13:35:00,2026-04-23 15:01:00,2026-04-23 15:05:00,4.0,4728.35,4728.35,4733.55,4725.75,4715.35,4733.55,4728.35,5.199999999999818,5.395714285714413,0.38,197.5999999999931,-201.39999999997232,2.66,0.0,-204.05999999997232,-1.0192307692306648,-1.0326923076922037,sl,False,0.0,1.1442307692307743,0,False,range,0,1.0,False,,0.09@4733.65:sl;0.09@4733.65:sl;0.09@4733.65:sl;0.11@4733.65:sl,10061.680000000008,82.73437971861325,2026-04
M15#6002199,M15,6002199,IMB,buy,0.618,B,2026-04-23 16:30:00,2026-04-23 17:00:00,2026-04-23 17:06:00,6.0,4719.51,4719.51,4705.82,4726.36,4753.74,4719.51,4705.82,13.69000000000051,10.968571428571522,0.14,191.66000000000716,19.44999999999436,0.9800000000000001,0.0,18.46999999999436,0.10148179067094665,0.0963685693415093,partial_be,True,0.6734842951058438,0.16873630387146196,0,True,range,1,1.0,False,,0.03@4726.36:tp1;0.03@4719.41:be;0.03@4719.41:be;0.05@4719.41:be,10080.150000000001,82.83074828795476,2026-04
M10#6003272,M10,6003272,IMB,buy,0.636,B,2026-04-24 15:30:00,2026-04-24 15:49:00,2026-04-24 16:24:00,35.0,4692.47,4692.47,4680.54,4698.44,4722.3,4692.47,4680.54,11.930000000000291,9.357142857142922,0.16,190.88000000000466,99.43999999999141,1.12,0.0,98.31999999999141,0.5209555741826749,0.5150880134115099,trail,True,1.089689857502069,0.16261525565804374,0,True,range,0,1.0,False,,0.04@4698.44:tp1;0.04@4704.40:tp1;0.04@4695.95:trail;0.04@4695.95:trail,10178.469999999992,83.34583630136628,2026-04
M10#6003283,M10,6003283,UW,buy,0.655,A,2026-04-24 23:30:00,2026-04-27 01:00:00,2026-04-27 01:06:00,6.0,4697.03,4697.03,4689.53,4700.78,4715.78,4697.03,4689.53,7.5,4.39714285714282,0.26,195.0,-197.5999999999858,1.82,-13.0,-212.4199999999858,-1.0133333333332606,-1.0893333333332604,sl,False,0.3920000000000679,1.528000000000005,0,False,range,0,1.0,False,,0.06@4689.43:sl;0.06@4689.43:sl;0.06@4689.43:sl;0.08@4689.43:sl,9966.050000000007,82.25650296803302,2026-04
M10#6003294,M10,6003294,IMB,sell,0.649,B,2026-04-27 02:30:00,2026-04-27 03:54:00,2026-04-27 04:02:00,8.0,4688.56,4688.56,4706.77,4679.45,4643.03,4706.77,4688.56,18.210000000000036,6.3985714285716835,0.1,182.10000000000036,-183.0999999999949,0.7000000000000001,0.0,-183.7999999999949,-1.0054914881932704,-1.0093355299285807,sl,False,0.0,1.0818231740801636,0,True,range,1,1.0,False,,0.02@4706.87:sl;0.02@4706.87:sl;0.02@4706.87:sl;0.04@4706.87:sl,9782.250000000011,81.24716743810444,2026-04
M5#7004341,M5,7004341,OB,sell,0.582,B,2026-04-28 17:25:00,2026-04-28 17:33:00,2026-04-28 18:00:00,27.0,4577.88,4577.88,4586.34,4573.65,4556.73,4586.34,4577.88,8.460000000000036,10.368571428571483,0.11,93.0600000000004,62.960000000004584,0.77,0.0,62.19000000000458,0.676552761659191,0.668278529980704,trail,True,2.400709219858193,0.3593380614657152,0,False,range,-1,0.5,False,,0.02@4573.65:tp1;0.02@4569.42:tp1;0.02@4565.19:tp1;0.05@4575.44:trail,9844.440000000015,81.91544596808515,2026-04
M5#7004384,M5,7004384,IMB,buy,0.551,B,2026-04-29 06:10:00,2026-04-29 08:59:00,2026-04-29 09:07:00,8.0,4591.79,4591.79,4585.23,4595.07,4608.19,4591.79,4585.23,6.5600000000004,5.015714285714174,0.3,196.80000000001203,98.79999999999927,2.1000000000000005,0.0,96.69999999999928,0.5020325203251689,0.49136178861785246,trail,True,1.0381097560975587,0.237804878048827,0,False,range,0,1.0,False,,0.07@4595.07:tp1;0.07@4598.35:tp1;0.07@4593.66:trail;0.09@4593.66:trail,9941.140000000014,82.406807756703,2026-04
M5#7004416,M5,7004416,IMB,buy,0.587,B,2026-04-29 12:10:00,2026-04-29 12:29:00,2026-04-29 12:39:00,10.0,4568.12,4568.12,4563.27,4570.55,4580.24,4568.12,4563.27,4.849999999999454,5.187142857142979,0.41,198.84999999997763,-202.94999999999254,2.87,0.0,-205.81999999999255,-1.0206185567011083,-1.0350515463918315,sl,False,0.2742268041237272,1.0948453608247604,0,False,range,0,1.0,False,,0.1@4563.17:sl;0.1@4563.17:sl;0.1@4563.17:sl;0.11@4563.17:sl,9735.320000000022,81.37175621031118,2026-04
M5#7004418,M5,7004418,OB,sell,0.626,B,2026-04-29 12:45:00,2026-04-29 13:16:00,2026-04-29 13:59:00,43.0,4572.18,4572.18,4579.55,4568.5,4553.76,4579.55,4572.18,7.369999999999891,5.563571428571452,0.13,95.80999999999858,47.92000000000462,0.91,0.0,47.010000000004624,0.500156559858108,0.4906585951362626,trail,True,1.0868385345997744,0.6295793758479629,0,False,range,-1,0.5,False,,0.03@4568.50:tp1;0.03@4564.81:tp1;0.03@4570.07:trail;0.04@4570.07:trail,9782.330000000025,81.86241480544744,2026-04
M5#8002718,M5,8002718,IMB,buy,0.617,B,2026-05-01 18:15:00,2026-05-01 21:14:00,2026-05-01 21:34:00,20.0,4616.38,4616.38,4609.24,4619.95,4634.23,4616.38,4609.24,7.140000000000327,9.570000000000034,0.27,192.78000000000884,94.85999999999967,1.8900000000000001,0.0,92.96999999999967,0.4920634920634678,0.4822595704948408,trail,True,1.0756302521008319,0.35714285714286625,0,False,range,0,1.0,False,,0.06@4619.95:tp1;0.06@4623.52:tp1;0.06@4618.42:trail;0.09@4618.42:trail,9875.300000000025,82.34467437594229,2026-05
M5#8002881,M5,8002881,IMB,buy,0.552,B,2026-05-05 11:05:00,2026-05-05 13:53:00,2026-05-05 15:11:00,78.0,4542.5,4542.5,4537.72,4545.37,4565.44,4542.5,4537.72,4.779999999999745,4.359285714285696,0.41,195.97999999998956,453.13999999999487,2.87,0.0,450.26999999999487,2.312174711705373,2.297530360240937,tp2,True,5.087866108786821,0.554393305439284,0,False,trend,0,1.0,False,,0.1@4545.37:tp1;0.1@4548.24:tp1;0.1@4553.97:tp1;0.11@4565.44:tp2,10325.57000000002,84.64220473618323,2026-05
M5#8002909,M5,8002909,IMB,buy,0.649,B,2026-05-05 16:35:00,2026-05-05 16:36:00,2026-05-05 17:13:00,37.0,4573.96,4573.96,4565.89,4578.8,4612.7,4573.96,4565.89,8.069999999999709,5.460714285714338,0.25,201.74999999999272,85.81999999999788,1.75,0.0,84.06999999999788,0.42537794299876563,0.41670384138786076,partial_be,True,1.2627013630731063,0.2936802973977666,0,False,trend,0,1.0,False,,0.06@4578.80:tp1;0.06@4583.64:tp1;0.06@4573.86:be;0.07@4573.86:be,10409.640000000018,85.05890857757109,2026-05
M10#6003567,M10,6003567,OB,buy,0.6,B,2026-05-05 23:10:00,2026-05-06 01:04:00,2026-05-06 02:12:00,68.0,4550.84,4550.84,4543.7,4555.12,4585.11,4550.84,4543.7,7.140000000000327,4.10571428571432,0.28,199.9200000000092,449.8199999999888,1.9600000000000002,0.0,447.8599999999888,2.2499999999998406,2.2401960784312136,tp2,True,5.193277310924121,0.645658263305374,0,False,trend,0,1.0,False,,0.07@4555.12:tp1;0.07@4559.41:tp1;0.07@4567.98:tp1;0.07@4585.11:tp2,10857.500000000007,87.2991046560023,2026-05
M10#6003606,M10,6003606,OB,buy,0.576,B,2026-05-06 14:50:00,2026-05-06 15:15:00,2026-05-06 15:17:00,2.0,4669.41,4669.41,4660.79,4674.58,4710.79,4669.41,4660.79,8.61999999999989,9.367142857142815,0.24,206.87999999999738,29.22000000001026,1.68,0.0,27.54000000001026,0.1412412993039957,0.13312064965202344,partial_be,True,0.8538283062645795,0.2888631090487022,0,False,trend,0,1.0,False,,0.06@4674.58:tp1;0.06@4669.31:be;0.06@4669.31:be;0.06@4669.31:be,10885.040000000017,87.43222530565433,2026-05
M10#6003673,M10,6003673,UW,buy,0.598,B,2026-05-07 12:50:00,2026-05-07 12:56:00,2026-05-07 14:12:00,76.0,4731.01,4731.01,4721.8,4736.54,4775.22,4731.01,4721.8,9.210000000000036,7.036428571428587,0.22,202.62000000000083,25.949999999992542,1.5400000000000003,0.0,24.409999999992543,0.12807225347938228,0.12047181916885027,partial_be,True,0.9489685124864004,0.5624321389793996,0,False,trend,0,1.0,False,,0.05@4736.54:tp1;0.05@4730.91:be;0.05@4730.91:be;0.07@4730.91:be,10909.45000000001,87.55269712482318,2026-05
M5#8003153,M5,8003153,IMB,buy,0.64,B,2026-05-08 05:10:00,2026-05-08 05:16:00,2026-05-08 05:36:00,20.0,4719.92,4719.92,4711.44,4725.01,4760.62,4719.92,4711.44,8.480000000000473,6.689285714285559,0.24,203.52000000001135,-205.91999999999823,1.68,0.0,-207.59999999999823,-1.0117924528301234,-1.0200471698112552,sl,False,0.4504716981131481,1.2558962264149813,0,False,trend,0,1.0,False,,0.06@4711.34:sl;0.06@4711.34:sl;0.06@4711.34:sl;0.06@4711.34:sl,10701.850000000011,86.53264995501193,2026-05
M5#8003168,M5,8003168,UW,buy,0.586,B,2026-05-08 10:50:00,2026-05-08 15:11:00,2026-05-08 15:22:00,11.0,4706.3,4706.3,4701.39,4709.25,4729.87,4706.3,4701.39,4.9099999999998545,6.284285714285618,0.21,103.10999999999696,13.149999999993272,1.4700000000000002,0.0,11.67999999999327,0.1275337018717259,0.11327708272712264,partial_be,True,0.8248472505092265,0.741344195519437,0,False,trend,-1,0.5,False,,0.05@4709.25:tp1;0.05@4706.20:be;0.05@4706.20:be;0.06@4706.20:be,10713.530000000004,86.64592703773906,2026-05
M30#6001241,M30,6001241,OB,sell,0.576,B,2026-05-08 10:00:00,2026-05-08 16:52:00,2026-05-11 08:50:00,3838.0,4744.79,4744.79,4762.68,4734.06,4658.92,4762.68,4744.79,17.890000000000327,14.228571428571545,0.11,196.7900000000036,617.6299999999983,0.77,0.75,617.6099999999983,3.138523298948051,3.138421667767605,tp2,True,4.849636668529778,0.2789267747345221,0,False,trend,1,1.0,False,,0.02@4734.06:tp1;0.02@4723.32:tp1;0.02@4682.85:tp1;0.05@4658.92:tp2,11331.140000000003,89.78434870550666,2026-05
M5#8003212,M5,8003212,IMB,sell,0.55,B,2026-05-11 04:15:00,2026-05-11 04:22:00,2026-05-11 15:57:00,695.0,4700.55,4700.55,4714.35,4692.27,4634.31,4714.35,4700.55,13.800000000000182,9.67357142857132,0.15,207.00000000000273,173.28000000000338,1.05,0.0,172.23000000000337,0.8371014492753677,0.8320289855072517,partial_be,True,3.802898550724556,0.37028985507243517,0,False,trend,0,1.0,False,,0.03@4692.27:tp1;0.03@4683.99:tp1;0.03@4667.43:tp1;0.06@4700.65:be,11503.370000000006,90.61637769101391,2026-05
M10#6003767,M10,6003767,IMB,buy,0.693,A,2026-05-11 17:50:00,2026-05-11 19:42:00,2026-05-12 02:52:00,430.0,4712.15,4712.15,4701.07,4718.8,4765.33,4712.15,4701.07,11.079999999999927,12.540714285714264,0.19,210.51999999999862,558.4200000000055,1.33,-3.5000000000000004,553.5900000000055,2.652574577237361,2.6296313889417116,tp2,True,5.1777978339351245,0.3691335740071537,0,True,trend,0,1.0,False,,0.04@4718.80:tp1;0.04@4725.45:tp1;0.04@4738.74:tp1;0.07@4765.33:tp2,12056.960000000012,93.24600907995563,2026-05
M5#8003271,M5,8003271,OB,buy,0.585,B,2026-05-12 17:10:00,2026-05-12 17:33:00,2026-05-12 17:50:00,17.0,4674.74,4674.74,4668.31,4677.95,4690.81,4674.74,4668.31,6.4299999999993815,9.58714285714281,0.34,218.61999999997897,172.5400000000045,2.3800000000000003,0.0,170.16000000000452,0.789223309852809,0.7783368401794021,trail,True,2.06842923794735,0.4650077760497775,0,False,range,0,1.0,False,,0.08@4677.95:tp1;0.08@4681.17:tp1;0.08@4684.38:tp1;0.1@4676.57:trail,12227.120000000017,94.02434592013503,2026-05
M5#8003519,M5,8003519,IMB,buy,0.67,A,2026-05-14 08:35:00,2026-05-14 08:59:00,2026-05-14 10:33:00,94.0,4691.13,4691.13,4683.69,4694.85,4709.73,4691.13,4683.69,7.440000000000509,5.309285714285904,0.29,215.7600000000148,305.17999999999665,2.0300000000000002,0.0,303.1499999999967,1.4144419725619934,1.4050333704114566,tp2,True,2.610215053763272,0.6747311827957114,0,False,range,0,1.0,False,,0.07@4694.85:tp1;0.07@4698.57:tp1;0.07@4702.31:tp1;0.08@4709.73:tp2,12530.270000000013,95.42937929054649,2026-05
M10#6003869,M10,6003869,OB,buy,0.688,A,2026-05-14 08:40:00,2026-05-14 08:59:00,2026-05-14 10:51:00,112.0,4690.93,4690.93,4675.12,4698.84,4730.46,4690.93,4675.12,15.8100000000004,8.600714285714275,0.14,221.34000000000563,165.51999999999316,0.9800000000000001,0.0,164.53999999999317,0.7478088009396808,0.743381223457075,trail,True,1.7628083491460584,0.30487033523089796,0,True,range,0,1.0,False,,0.03@4698.84:tp1;0.03@4706.74:tp1;0.03@4714.65:tp1;0.05@4695.57:trail,12694.810000000007,96.17276051400357,2026-05
M15#6002651,M15,6002651,OB,buy,0.613,B,2026-05-14 08:45:00,2026-05-14 08:59:00,2026-05-14 10:51:00,112.0,4690.93,4690.93,4675.12,4698.84,4730.46,4690.93,4675.12,15.8100000000004,10.327857142857154,0.14,221.34000000000563,165.51999999999316,0.9800000000000001,0.0,164.53999999999317,0.7478088009396808,0.743381223457075,trail,True,1.7628083491460584,0.30487033523089796,0,True,range,0,1.0,False,,0.03@4698.84:tp1;0.03@4706.74:tp1;0.03@4714.65:tp1;0.05@4695.57:trail,12859.35,96.91614173746065,2026-05
M5#8003588,M5,8003588,IMB,sell,0.61,B,2026-05-15 03:55:00,2026-05-15 03:59:00,2026-05-15 04:03:00,4.0,4630.5,4630.5,4644.81,4623.34,4594.72,4644.81,4630.5,14.3100000000004,8.112142857142837,0.15,214.650000000006,20.279999999995198,1.05,0.0,19.229999999995197,0.09447938504539777,0.08958770090843074,partial_be,True,0.6296296296296273,0.0957372466806326,0,False,range,0,1.0,False,,0.03@4623.34:tp1;0.03@4630.60:be;0.03@4630.60:be;0.06@4630.60:be,12878.579999999996,97.00572943836907,2026-05
M5#8003730,M5,8003730,OB,buy,0.597,B,2026-05-18 17:15:00,2026-05-18 17:22:00,2026-05-18 17:32:00,10.0,4555.54,4555.54,4547.36,4560.45,4594.8,4555.54,4547.36,8.180000000000291,8.809285714285513,0.27,220.86000000000786,27.359999999991487,1.8900000000000001,0.0,25.469999999991487,0.12387938060305403,0.11532192339034039,partial_be,True,0.9376528117359169,0.11124694376525943,0,False,trend,0,1.0,False,,0.06@4560.45:tp1;0.06@4555.44:be;0.06@4555.44:be;0.09@4555.44:be,12904.049999999988,97.12105136175941,2026-05
M10#6003977,M10,6003977,OB,sell,0.64,B,2026-05-18 20:20:00,2026-05-18 22:03:00,2026-05-18 23:15:00,72.0,4563.5,4563.5,4575.66,4556.2,4505.13,4575.66,4563.5,12.159999999999854,8.588571428571479,0.18,218.87999999999744,86.55999999999767,1.2600000000000002,0.0,85.29999999999767,0.3954678362573039,0.38971125730993544,partial_be,True,1.3659539473684106,0.12664473684210378,0,False,trend,0,1.0,False,,0.04@4556.20:tp1;0.04@4548.91:tp1;0.04@4563.60:be;0.06@4563.60:be,12989.349999999986,97.51076261906935,2026-05
M5#8003914,M5,8003914,OB,sell,0.645,B,2026-05-20 16:55:00,2026-05-20 17:16:00,2026-05-20 17:18:00,2.0,4496.08,4496.08,4505.15,4490.64,4452.54,4505.15,4496.08,9.069999999999709,5.992142857142816,0.25,226.74999999999272,30.739999999990687,1.75,0.0,28.989999999990687,0.13556780595365678,0.12785005512675465,partial_be,True,0.82028665931641,0.7739801543550895,0,False,trend,0,1.0,False,,0.06@4490.64:tp1;0.06@4496.18:be;0.06@4496.18:be;0.07@4496.18:be,13018.339999999976,97.63861267419611,2026-05
M5#8003924,M5,8003924,IMB,buy,0.648,B,2026-05-21 09:30:00,2026-05-21 10:28:00,2026-05-21 13:26:00,178.0,4515.24,4515.24,4507.18,4520.08,4553.93,4515.24,4507.18,8.05999999999949,5.947857142857239,0.28,225.67999999998577,236.25000000000637,1.9600000000000002,0.0,234.29000000000636,1.0468362282879353,1.0381513647643617,partial_be,True,3.405707196029969,0.4317617866004694,0,False,trend,0,1.0,False,,0.07@4520.08:tp1;0.07@4524.91:tp1;0.07@4534.58:tp1;0.07@4515.14:be,13252.629999999983,98.67676403896047,2026-05
M5#8003995,M5,8003995,IMB,sell,0.559,B,2026-05-21 13:50:00,2026-05-21 14:03:00,2026-05-21 15:09:00,66.0,4518.45,4518.45,4532.01,4510.31,4453.36,4532.01,4518.45,13.5600000000004,6.868571428571548,0.17,230.5200000000068,31.259999999992942,1.1900000000000002,0.0,30.06999999999294,0.13560645497133447,0.130444213083429,partial_be,True,0.7455752212388919,0.22271386430681028,0,False,trend,0,1.0,False,,0.04@4510.31:tp1;0.04@4518.55:be;0.04@4518.55:be;0.05@4518.55:be,13282.699999999975,98.8072082520439,2026-05
M5#8004024,M5,8004024,IMB,buy,0.675,A,2026-05-22 02:20:00,2026-05-22 03:59:00,2026-05-22 04:05:00,6.0,4526.11,4526.11,4518.35,4530.77,4563.36,4526.11,4518.35,7.759999999999309,1.9757142857142103,0.3,232.7999999999793,96.19000000001688,2.1000000000000005,0.0,94.09000000001689,0.413187285223477,0.40416666666677514,partial_be,True,1.3079896907218362,0.3286082474226159,0,False,trend,0,1.0,False,,0.07@4530.77:tp1;0.07@4535.42:tp1;0.07@4526.01:be;0.09@4526.01:be,13376.789999999992,99.21137491871067,2026-05
M15#6002884,M15,6002884,IMB,buy,0.648,B,2026-05-26 02:30:00,2026-05-26 03:10:00,2026-05-26 14:35:00,685.0,4548.79,4548.79,4509.68,4568.34,4646.56,4548.79,4509.68,39.10999999999967,4.342857142857156,0.05,195.54999999999836,-196.05000000000018,0.35000000000000003,0.0,-196.40000000000018,-1.0025568908207714,-1.0043467143953047,sl,False,0.11531577601637065,1.052671950907707,0,True,range,0,1.0,False,,0.01@4509.58:sl;0.01@4509.58:sl;0.01@4509.58:sl;0.02@4509.58:sl,13180.389999999992,98.20702820431536,2026-05
M10#6004269,M10,6004269,OB,buy,0.621,B,2026-05-26 16:30:00,2026-05-26 17:00:00,2026-05-26 17:12:00,12.0,4511.93,4511.93,4502.29,4516.75,4536.03,4511.93,4502.29,9.640000000000327,9.526428571428564,0.24,231.36000000000786,27.119999999991705,1.68,0.0,25.439999999991706,0.1172199170124083,0.10995850622402681,partial_be,True,0.870331950207379,0.2582987551867849,0,False,range,1,1.0,False,,0.06@4516.75:tp1;0.06@4511.83:be;0.06@4511.83:be;0.06@4511.83:be,13205.829999999984,98.3169867105394,2026-05
M5#8004493,M5,8004493,IMB,buy,0.699,A,2026-05-28 16:20:00,2026-05-28 16:33:00,2026-05-28 16:41:00,8.0,4420.58,4420.58,4410.12,4425.81,4446.73,4420.58,4410.12,10.460000000000036,8.637142857142733,0.22,230.12000000000083,24.44999999999618,1.5400000000000003,0.0,22.90999999999618,0.1062489136102733,0.09955675299841864,partial_be,True,0.5554493307839752,0.23613766730403882,0,False,range,0,1.0,False,,0.05@4425.81:tp1;0.05@4420.48:be;0.05@4420.48:be;0.07@4420.48:be,13228.73999999998,98.41654346353782,2026-05
M10#6004383,M10,6004383,IMB,buy,0.616,B,2026-05-28 23:20:00,2026-05-29 01:08:00,2026-05-29 03:36:00,148.0,4494.68,4494.68,4485.89,4499.08,4516.66,4494.68,4485.89,8.789999999999964,4.482857142857223,0.26,228.53999999999905,24.399999999990538,1.82,0.0,22.579999999990537,0.10676468014347877,0.09880108514916702,partial_be,True,0.6575654152445699,0.6461888509670437,0,True,range,0,1.0,False,,0.06@4499.08:tp1;0.06@4494.58:be;0.06@4494.58:be;0.08@4494.58:be,13251.31999999997,98.51534454868698,2026-05
M15#6003008,M15,6003008,IMB,buy,0.693,A,2026-05-28 22:15:00,2026-05-28 22:58:00,2026-05-29 04:01:00,303.0,4497.56,4497.56,4485.89,4503.4,4526.74,4497.56,4485.89,11.670000000000073,7.605000000000018,0.19,221.73000000000138,21.859999999991487,1.33,-9.5,11.029999999991489,0.09858837324670253,0.049745185586034454,partial_be,True,0.5055698371893401,0.73350471293919,0,True,range,0,1.0,False,,0.04@4503.40:tp1;0.04@4497.46:be;0.04@4497.46:be;0.07@4497.46:be,13262.349999999962,98.56508973427302,2026-05
M5#8004558,M5,8004558,OB,buy,0.61,B,2026-05-29 11:00:00,2026-05-29 11:04:00,2026-05-29 11:48:00,44.0,4519.29,4519.29,4511.77,4523.05,4538.09,4519.29,4511.77,7.519999999999527,4.152857142857101,0.3,225.59999999998584,-228.59999999999675,2.1000000000000005,0.0,-230.69999999999675,-1.0132978723404746,-1.0226063829787733,sl,False,0.17819148936173268,1.0053191489362867,0,False,range,0,1.0,False,,0.07@4511.67:sl;0.07@4511.67:sl;0.07@4511.67:sl;0.09@4511.67:sl,13031.649999999965,97.54248335129424,2026-05
M5#8004591,M5,8004591,IMB,buy,0.711,A,2026-05-29 18:55:00,2026-05-29 20:43:00,2026-05-29 23:51:00,188.0,4555.61,4555.61,4540.93,4562.95,4592.31,4555.61,4540.93,14.679999999999382,11.004285714285677,0.07,102.75999999999566,-103.45999999999822,0.48999999999999994,0.0,-103.94999999999821,-1.0068119891008427,-1.011580381471415,sl,False,0.4121253405994848,1.0102179836512637,0,False,range,-1,0.5,False,,0.01@4540.83:sl;0.01@4540.83:sl;0.01@4540.83:sl;0.04@4540.83:sl,12927.699999999966,96.53090296982282,2026-05
H1#6000735,H1,6000735,IMB,buy,0.632,B,2026-05-29 04:00:00,2026-06-01 16:21:00,2026-06-02 04:51:00,750.0,4468.67,4468.67,4439.3,4483.35,4542.09,4468.67,4439.3,29.36999999999989,20.872142857142926,0.07,205.5899999999992,14.079999999998106,0.48999999999999994,-3.0,10.589999999998106,0.06848582129480112,0.051510287465334634,partial_be,True,0.9686755192373144,0.7163772557030998,0,True,range,0,1.0,False,,0.01@4483.35:tp1;0.01@4468.57:be;0.01@4468.57:be;0.04@4468.57:be,12938.289999999964,96.58241325728815,2026-06
H1#6000746,H1,6000746,IMB,buy,0.6,B,2026-06-02 14:00:00,2026-06-02 15:54:00,2026-06-02 16:08:00,14.0,4515.17,4515.17,4499.44,4524.61,4590.67,4515.17,4499.44,15.730000000000473,14.733571428571395,0.14,220.22000000000665,27.219999999994794,0.9800000000000001,0.0,26.239999999994794,0.12360366905818714,0.11915357369900101,partial_be,True,0.6071201525746913,0.14240305149394242,0,False,trend,0,1.0,False,,0.03@4524.61:tp1;0.03@4515.07:be;0.03@4515.07:be;0.05@4515.07:be,12964.529999999959,96.70156683098715,2026-06
M10#6004583,M10,6004583,OB,sell,0.597,B,2026-06-03 19:20:00,2026-06-03 20:09:00,2026-06-03 22:04:00,115.0,4448.0,4448.0,4457.1,4442.54,4404.32,4457.1,4448.0,9.100000000000364,7.399999999999896,0.25,227.5000000000091,96.97999999999593,1.75,0.0,95.22999999999593,0.42628571428567935,0.41859340659337196,partial_be,True,1.4560439560438978,0.16923076923075847,0,False,trend,0,1.0,False,,0.06@4442.54:tp1;0.06@4437.08:tp1;0.06@4448.10:be;0.07@4448.10:be,13059.759999999955,97.12016023758052,2026-06
M15#6003157,M15,6003157,UW,buy,0.662,A,2026-06-04 15:45:00,2026-06-04 17:09:00,2026-06-04 17:30:00,21.0,4489.91,4489.91,4482.25,4494.51,4526.68,4489.91,4482.25,7.6599999999998545,10.08142857142866,0.3,229.79999999999566,-232.80000000000658,2.1000000000000005,0.0,-234.90000000000657,-1.013054830287254,-1.0221932114882986,sl,False,0.49738903394262046,1.001305483028749,0,False,trend,0,1.0,False,,0.07@4482.15:sl;0.07@4482.15:sl;0.07@4482.15:sl;0.09@4482.15:sl,12824.859999999948,96.09796702609222,2026-06
M5#9003096,M5,9003096,OB,buy,0.553,B,2026-06-05 04:10:00,2026-06-05 09:15:00,2026-06-05 09:47:00,32.0,4434.67,4434.67,4427.41,4438.3,4452.82,4434.67,4427.41,7.260000000000218,6.0614285714284835,0.15,108.90000000000327,174.23999999999978,1.05,0.0,173.18999999999977,1.59999999999995,1.590358126721713,tp2,True,2.845730027548104,0.8030303030302689,0,False,range,-1,0.5,False,,0.03@4438.30:tp1;0.03@4441.93:tp1;0.03@4445.56:tp1;0.06@4452.82:tp2,12998.049999999948,97.68832515281393,2026-06
M15#6003181,M15,6003181,OB,buy,0.621,B,2026-06-05 14:45:00,2026-06-05 15:30:00,2026-06-05 15:35:00,5.0,4449.15,4449.15,4436.65,4455.4,4480.4,4449.15,4436.65,12.5,5.720714285714361,0.18,225.00000000000006,23.60000000000764,1.2600000000000002,0.0,22.340000000007638,0.10488888888892281,0.09928888888892282,partial_be,True,0.5736000000000058,0.15039999999993597,0,False,range,0,1.0,False,,0.04@4455.40:tp1;0.04@4449.05:be;0.04@4449.05:be;0.06@4449.05:be,13020.389999999956,97.78761404170285,2026-06
H1#6000734,H1,6000734,IMB,buy,0.591,B,2026-06-03 18:00:00,2026-06-05 15:54:00,2026-06-05 16:37:00,43.0,4418.11,4418.11,4390.42,4434.72,4551.02,4418.11,4390.42,27.6899999999996,18.962142857142876,0.08,221.5199999999968,-222.3199999999997,0.56,0.0,-222.8799999999997,-1.0036114120621296,-1.006139400505611,sl,False,0.11050920910077444,1.0447815095702346,0,False,trend,0,1.0,False,,0.02@4390.32:sl;0.02@4390.32:sl;0.02@4390.32:sl;0.02@4390.32:sl,12797.509999999957,96.78147464119724,2026-06
M10#6004699,M10,6004699,OB,sell,0.603,B,2026-06-08 17:40:00,2026-06-08 17:45:00,2026-06-08 18:45:00,60.0,4324.42,4324.42,4341.02,4316.12,4282.92,4341.02,4324.42,16.600000000000364,9.710000000000102,0.13,215.80000000000473,-217.09999999999764,0.91,0.0,-218.00999999999763,-1.0060240963855092,-1.0102409638553886,sl,False,0.4228915662650225,1.0120481927710732,0,False,range,1,1.0,False,,0.03@4341.12:sl;0.03@4341.12:sl;0.03@4341.12:sl;0.04@4341.12:sl,12579.499999999958,95.77123367734184,2026-06
M5#9003619,M5,9003619,IMB,buy,0.578,B,2026-06-12 04:00:00,2026-06-12 04:04:00,2026-06-12 04:13:00,9.0,4185.87,4185.87,4175.8,4191.91,4234.21,4185.87,4175.8,10.069999999999709,8.367857142857117,0.11,110.7699999999968,11.180000000004839,0.77,0.0,10.410000000004839,0.10092985465383372,0.09397851403814336,partial_be,True,0.7328699106256527,0.28202581926516657,0,False,trend,-1,0.5,False,,0.02@4191.91:tp1;0.02@4185.77:be;0.02@4185.77:be;0.05@4185.77:be,12589.909999999963,95.86521219137998,2026-06
M10#6004994,M10,6004994,OB,sell,0.673,A,2026-06-16 18:30:00,2026-06-16 18:57:00,2026-06-16 21:01:00,124.0,4341.73,4341.73,4354.3,4334.19,4281.39,4354.3,4341.73,12.570000000000618,7.5271428571429295,0.17,213.6900000000105,89.57999999999629,1.1900000000000002,0.0,88.38999999999629,0.41920539098690573,0.41363657634887896,partial_be,True,1.275258552108111,0.4311853619730084,0,False,trend,0,1.0,False,,0.04@4334.19:tp1;0.04@4326.65:tp1;0.04@4341.83:be;0.05@4341.83:be,12678.29999999996,96.27884876772886,2026-06
M15#6003410,M15,6003410,OB,sell,0.627,B,2026-06-16 18:45:00,2026-06-16 19:08:00,2026-06-17 04:04:00,536.0,4343.65,4343.65,4354.3,4337.26,4292.53,4354.3,4343.65,10.650000000000546,8.988571428571438,0.21,223.6500000000115,94.74999999999183,1.4700000000000002,4.949999999999999,98.22999999999183,0.4236530292867738,0.4392130561144055,partial_be,True,1.685446009389568,0.32863849765265074,0,True,trend,0,1.0,False,,0.05@4337.26:tp1;0.05@4330.87:tp1;0.05@4343.75:be;0.06@4343.75:be,12776.529999999952,96.71806182384327,2026-06
M30#6001610,M30,6001610,IMB,sell,0.669,A,2026-06-16 06:00:00,2026-06-17 20:33:00,2026-06-17 21:13:00,40.0,4379.08,4379.08,4400.2,4366.41,4277.7,4400.2,4379.08,21.11999999999989,8.642142857142906,0.1,211.1999999999989,582.9200000000001,0.7000000000000001,0.0,582.22,2.760037878787893,2.756723484848499,tp2,True,4.802556818181814,0.15767045454545192,0,True,trend,0,1.0,False,,0.02@4366.41:tp1;0.02@4353.74:tp1;0.02@4328.39:tp1;0.04@4277.70:tp2,13358.74999999995,99.47478530869176,2026-06
H1#6000777,H1,6000777,IMB,sell,0.661,A,2026-06-15 19:00:00,2026-06-17 20:33:00,2026-06-17 22:15:00,102.0,4379.08,4379.08,4404.87,4363.61,4255.29,4404.87,4379.08,25.789999999999964,16.313571428571645,0.08,206.3199999999997,464.21999999999935,0.56,0.0,463.65999999999934,2.25,2.24728576967817,tp2,True,4.884063590538977,0.12911981388134672,0,True,trend,0,1.0,False,,0.02@4363.61:tp1;0.02@4348.13:tp1;0.02@4317.18:tp1;0.02@4255.29:tp2,13822.40999999995,101.72207107836994,2026-06
M30#6001710,M30,6001710,IMB,buy,0.656,A,2026-06-17 06:00:00,2026-06-17 21:13:00,2026-06-17 22:38:00,85.0,4280.35,4280.35,4219.28,4316.99,4573.49,4280.35,4219.28,61.07000000000062,7.8464285714285325,0.03,183.21000000000186,-183.5100000000002,0.21,0.0,-183.7200000000002,-1.0016374652038553,-1.0027836908465604,sl,False,0.8436220730309318,1.000818732601935,0,False,trend,0,1.0,False,,0.01@4219.18:sl;0.02@4219.18:sl,13638.689999999951,100.71928738752338,2026-06
M10#6005067,M10,6005067,OB,sell,0.584,B,2026-06-18 06:20:00,2026-06-18 06:30:00,2026-06-18 07:36:00,66.0,4317.85,4317.85,4326.52,4312.65,4276.23,4326.52,4317.85,8.670000000000073,8.394285714285681,0.27,234.09000000000196,29.10000000001582,1.8900000000000001,0.0,27.21000000001582,0.12431116237351265,0.11623734461111364,partial_be,True,0.6978085351787925,0.7254901960784211,0,False,trend,1,1.0,False,,0.06@4312.65:tp1;0.06@4317.95:be;0.06@4317.95:be;0.09@4317.95:be,13665.899999999967,100.83552473213449,2026-06
M15#6003469,M15,6003469,IMB,buy,0.663,A,2026-06-18 09:30:00,2026-06-18 10:36:00,2026-06-18 11:45:00,69.0,4294.65,4294.65,4279.14,4303.96,4369.1,4294.65,4279.14,15.509999999999309,8.669285714285902,0.15,232.64999999998963,-234.1499999999951,1.05,0.0,-235.1999999999951,-1.0064474532559877,-1.0109606705351626,sl,False,0.2798194713088549,1.0025789813023833,0,True,trend,0,1.0,False,,0.03@4279.04:sl;0.03@4279.04:sl;0.03@4279.04:sl;0.06@4279.04:sl,13430.699999999972,99.82456406159932,2026-06
M10#6004903,M10,6004903,IMB,buy,0.571,B,2026-06-17 21:50:00,2026-06-17 22:11:00,2026-06-18 12:00:00,829.0,4262.18,4262.18,4215.01,4290.48,4488.6,4262.18,4215.01,47.17000000000007,20.571428571428505,0.05,235.85000000000036,84.59999999999764,0.35000000000000003,-2.5,81.74999999999764,0.35870256518972865,0.34661861352553536,partial_be,True,1.4356582573669545,0.9126563493746049,0,True,trend,0,1.0,False,,0.01@4290.48:tp1;0.01@4318.78:tp1;0.01@4262.08:be;0.02@4262.08:be,13512.44999999997,100.17118267512485,2026-06
M30#6001693,M30,6001693,IMB,buy,0.62,B,2026-06-19 07:30:00,2026-06-19 07:54:00,2026-06-22 01:00:00,3906.0,4131.47,4131.47,4101.98,4146.22,4205.2,4131.47,4101.98,29.49000000000069,11.893571428571574,0.07,206.4300000000048,123.47999999999956,0.48999999999999994,0.0,122.98999999999957,0.5981688708036462,0.5957951848083937,trail,True,1.7460155985079204,0.3350288233299382,0,False,range,0,1.0,False,,0.01@4146.22:tp1;0.01@4160.96:tp1;0.01@4175.71:tp1;0.04@4140.22:trail,13635.43999999997,100.76697785993325,2026-06
M5#9004106,M5,9004106,IMB,buy,0.693,A,2026-06-22 04:30:00,2026-06-22 04:31:00,2026-06-22 05:00:00,29.0,4200.89,4200.89,4189.22,4206.73,4230.07,4200.89,4189.22,11.670000000000073,8.341428571428619,0.2,233.40000000000146,-235.40000000000876,1.4000000000000001,0.0,-236.80000000000877,-1.0085689802913766,-1.0145672664953183,sl,False,0.36760925449870924,1.0882604970009124,0,False,range,0,1.0,False,,0.05@4189.12:sl;0.05@4189.12:sl;0.05@4189.12:sl;0.05@4189.12:sl,13398.639999999961,99.75241059343793,2026-06
M5#9004394,M5,9004394,IMB,buy,0.56,B,2026-06-25 03:10:00,2026-06-25 03:13:00,2026-06-25 03:18:00,5.0,4008.01,4008.01,4000.56,4011.74,4026.64,4008.01,4000.56,7.450000000000273,5.33571428571424,0.15,111.75000000000409,-113.25000000000273,1.05,0.0,-114.30000000000273,-1.0134228187919336,-1.0228187919462957,sl,False,0.03758389261741411,1.0067114093959362,0,False,range,-1,0.5,False,,0.03@4000.46:sl;0.03@4000.46:sl;0.03@4000.46:sl;0.06@4000.46:sl,13284.339999999958,98.72959180149164,2026-06
M10#6005285,M10,6005285,UW,buy,0.583,B,2026-06-24 22:30:00,2026-06-25 04:58:00,2026-06-25 05:06:00,8.0,3972.76,3972.76,3959.14,3979.57,4006.81,3972.76,3959.14,13.620000000000346,10.063571428571452,0.17,231.54000000000588,25.939999999995052,1.1900000000000002,0.0,24.74999999999505,0.11203247818948948,0.10689297745527522,partial_be,True,0.6615271659324181,0.08883994126284916,0,False,range,1,1.0,False,,0.04@3979.57:tp1;0.04@3972.66:be;0.04@3972.66:be;0.05@3972.66:be,13309.089999999953,98.83648477894691,2026-06
M5#9004453,M5,9004453,OB,buy,0.59,B,2026-06-26 01:30:00,2026-06-26 02:49:00,2026-06-26 03:25:00,36.0,4016.75,4016.75,4007.99,4021.13,4038.65,4016.75,4007.99,8.760000000000218,3.26357142857153,0.26,227.76000000000568,24.28000000000247,1.82,0.0,22.46000000000247,0.10660344221988877,0.09861257463998029,partial_be,True,0.7522831050228289,0.6015981735159647,0,False,range,0,1.0,False,,0.06@4021.13:tp1;0.06@4016.65:be;0.06@4016.65:be;0.08@4016.65:be,13331.549999999956,98.9350973535869,2026-06
M15#6003660,M15,6003660,UW,buy,0.693,A,2026-06-26 23:30:00,2026-06-29 01:18:00,2026-06-29 01:20:00,2.0,4056.41,4056.41,4044.9,4062.16,4085.18,4056.41,4044.9,11.509999999999764,5.939285714285851,0.2,230.19999999999527,27.250000000001368,1.4000000000000001,0.0,25.85000000000137,0.11837532580365738,0.11229365768897437,partial_be,True,0.5065160729800214,0.27801911381406463,0,False,range,0,1.0,False,,0.05@4062.16:tp1;0.05@4056.31:be;0.05@4056.31:be;0.05@4056.31:be,13357.399999999958,99.04739101127588,2026-06
M10#6005385,M10,6005385,OB,buy,0.581,B,2026-06-29 09:50:00,2026-06-29 11:50:00,2026-06-29 11:58:00,8.0,4054.39,4054.39,4043.95,4059.61,4080.49,4054.39,4043.95,10.440000000000055,8.122142857142892,0.22,229.68000000000123,-231.87999999999923,1.5400000000000003,0.0,-233.41999999999922,-1.0095785440612939,-1.0162835249042057,sl,False,0.04693486590040555,1.0354406130268092,0,False,range,0,1.0,False,,0.05@4043.85:sl;0.05@4043.85:sl;0.05@4043.85:sl;0.07@4043.85:sl,13123.979999999958,98.03110748637167,2026-06
M5#9004729,M5,9004729,OB,sell,0.608,B,2026-06-30 13:25:00,2026-06-30 13:28:00,2026-06-30 14:45:00,77.0,4028.39,4028.39,4035.64,4024.76,4010.26,4035.64,4028.39,7.25,3.747857142857096,0.15,108.75,-110.24999999999864,1.05,0.0,-111.29999999999863,-1.0137931034482632,-1.0234482758620564,sl,False,0.40413793103446016,1.2110344827586483,0,False,range,-1,0.5,False,,0.03@4035.74:sl;0.03@4035.74:sl;0.03@4035.74:sl;0.06@4035.74:sl,13012.679999999958,97.00765921050962,2026-06
M5#9004721,M5,9004721,IMB,buy,0.666,A,2026-06-30 12:45:00,2026-06-30 15:56:00,2026-06-30 16:20:00,24.0,4011.11,4011.11,4003.31,4015.01,4030.61,4011.11,4003.31,7.800000000000182,3.964285714285747,0.14,109.20000000000256,167.6999999999989,0.9800000000000001,0.0,166.71999999999892,1.5357142857142396,1.5267399267398811,tp2,True,2.8461538461537566,0.32435897435899247,0,True,range,-1,0.5,False,,0.03@4015.01:tp1;0.03@4018.91:tp1;0.03@4022.81:tp1;0.05@4030.61:tp2,13179.399999999958,98.5343991372495,2026-06
M15#6003712,M15,6003712,IMB,buy,0.643,B,2026-06-30 13:00:00,2026-06-30 15:56:00,2026-06-30 16:36:00,40.0,4011.11,4011.11,3989.44,4021.95,4065.29,4011.11,3989.44,21.670000000000073,8.994999999999989,0.1,216.70000000000073,103.42000000000007,0.7000000000000001,0.0,102.72000000000007,0.47724965389939883,0.4740193816335936,trail,True,1.0244577757267994,0.11675126903554184,0,True,range,1,1.0,False,,0.02@4021.95:tp1;0.02@4032.78:tp1;0.02@4017.51:trail;0.04@4017.51:trail,13282.119999999957,99.00841851888309,2026-06
M5#9004745,M5,9004745,OB,buy,0.646,B,2026-06-30 16:30:00,2026-06-30 16:36:00,2026-06-30 17:09:00,33.0,4018.23,4018.23,4009.87,4022.41,4039.13,4018.23,4009.87,8.360000000000127,6.587142857142843,0.28,234.0800000000036,321.8600000000002,1.9600000000000002,0.0,319.9000000000002,1.3749999999999796,1.3666267942583532,tp2,True,3.196172248803755,0.6160287081339728,0,False,range,0,1.0,False,,0.07@4022.41:tp1;0.07@4026.59:tp1;0.07@4030.77:tp1;0.07@4039.13:tp2,13602.019999999957,100.37504531314144,2026-06
M5#9004749,M5,9004749,OB,buy,0.615,B,2026-06-30 17:15:00,2026-06-30 18:21:00,2026-06-30 19:04:00,43.0,4023.86,4023.86,4013.52,4029.03,4049.71,4023.86,4013.52,10.340000000000146,9.197857142857108,0.23,237.82000000000335,116.54999999999883,1.6099999999999999,0.0,114.93999999999883,0.4900765284668959,0.48330670254813396,trail,True,1.053191489361675,0.16924564796904984,0,False,range,0,1.0,False,,0.05@4029.03:tp1;0.05@4034.20:tp1;0.05@4026.86:trail;0.08@4026.86:trail,13716.959999999955,100.85835201568958,2026-06
M30#6001871,M30,6001871,IMB,buy,0.615,B,2026-06-30 13:30:00,2026-06-30 15:56:00,2026-06-30 22:50:00,414.0,4011.11,4011.11,3985.0,4024.16,4076.39,4011.11,3985.0,26.110000000000127,14.087857142857112,0.08,208.88000000000102,172.11999999999898,0.56,0.0,171.55999999999898,0.8240137878207494,0.8213328226732963,trail,True,1.9969360398314675,0.0968977403293829,0,True,range,1,1.0,False,,0.02@4024.16:tp1;0.02@4037.22:tp1;0.02@4050.28:tp1;0.02@4018.84:trail,13888.519999999955,101.67968483836287,2026-06
M10#6005432,M10,6005432,IMB,buy,0.661,A,2026-06-30 12:50:00,2026-06-30 15:56:00,2026-06-30 22:51:00,415.0,4011.11,4011.11,3988.52,4022.41,4067.59,4011.11,3988.52,22.590000000000146,6.301428571428622,0.1,225.90000000000146,162.27999999999793,0.7000000000000001,0.0,161.57999999999794,0.7183709606020225,0.715272244355896,trail,True,2.308100929614853,0.11199645861001256,0,True,range,1,1.0,False,,0.02@4022.41:tp1;0.02@4033.70:tp1;0.02@4045.00:tp1;0.04@4017.79:trail,14050.099999999953,102.39495708271878,2026-06
M5#10002674,M5,10002674,IMB,buy,0.618,B,2026-07-01 03:40:00,2026-07-01 03:41:00,2026-07-01 04:05:00,24.0,3997.31,3997.31,3988.52,4001.7,4019.28,3997.31,3988.52,8.789999999999964,3.504999999999914,0.27,237.32999999999902,-240.02999999999656,1.8900000000000001,0.0,-241.91999999999655,-1.0113765642775778,-1.0193401592718896,sl,False,0.26166097838454966,1.4573378839590443,0,False,range,0,1.0,False,,0.06@3988.42:sl;0.06@3988.42:sl;0.06@3988.42:sl;0.09@3988.42:sl,13808.179999999957,101.37561692344688,2026-07
M5#9004805,M5,9004805,OB,buy,0.588,B,2026-07-01 06:05:00,2026-07-01 06:33:00,2026-07-01 06:44:00,11.0,3977.69,3977.69,3972.48,3980.3,3990.72,3977.69,3972.48,5.210000000000036,4.11000000000003,0.22,114.62000000000081,11.350000000002183,1.5400000000000003,0.0,9.810000000002182,0.09902285813995901,0.08558715756414337,partial_be,True,0.8522072936660314,0.22456813819578975,0,False,range,-1,0.5,False,,0.05@3980.30:tp1;0.05@3977.59:be;0.05@3977.59:be;0.07@3977.59:be,13817.989999999958,101.46120408101103,2026-07
M15#6003750,M15,6003750,IMB,buy,0.73,A,2026-07-01 15:30:00,2026-07-01 16:08:00,2026-07-01 16:37:00,29.0,4015.03,4015.03,3998.66,4023.22,4055.96,4015.03,3998.66,16.370000000000346,8.907857142857113,0.14,229.18000000000487,352.0099999999975,0.9800000000000001,0.0,351.0299999999975,1.535954271751418,1.531678156907191,tp2,True,2.6414172266340175,0.14477703115456905,0,True,range,0,1.0,False,,0.03@4023.22:tp1;0.03@4031.40:tp1;0.03@4039.59:tp1;0.05@4055.96:tp2,14169.019999999955,102.99288223791822,2026-07
M10#6005525,M10,6005525,IMB,sell,0.645,B,2026-07-01 23:40:00,2026-07-02 01:06:00,2026-07-02 03:06:00,120.0,4039.61,4039.61,4051.2,4033.82,4010.64,4051.2,4039.61,11.58999999999969,6.208571428571498,0.2,231.79999999999382,27.450000000001186,1.4000000000000001,0.0,26.050000000001187,0.11842105263158723,0.11238136324418413,partial_be,True,0.7471958584987132,0.5056082830025737,0,False,range,0,1.0,False,,0.05@4033.82:tp1;0.05@4039.71:be;0.05@4039.71:be;0.05@4039.71:be,14195.069999999956,103.1052636011624,2026-07
M5#10002839,M5,10002839,IMB,sell,0.569,B,2026-07-02 01:15:00,2026-07-02 01:46:00,2026-07-02 03:06:00,80.0,4041.94,4041.94,4051.2,4037.31,4018.79,4051.2,4041.94,9.259999999999764,3.423571428571482,0.26,240.75999999999385,120.85999999999967,1.82,0.0,119.03999999999968,0.5019936866589249,0.4944342914105446,trail,True,1.186825053995687,0.3812095032397231,0,True,range,0,1.0,False,,0.06@4037.31:tp1;0.06@4032.68:tp1;0.06@4039.26:trail;0.08@4039.26:trail,14314.109999999955,103.59969789257295,2026-07
M5#10002852,M5,10002852,OB,buy,0.58,B,2026-07-02 04:10:00,2026-07-02 04:33:00,2026-07-02 04:44:00,11.0,4046.67,4046.67,4039.22,4050.4,4065.3,4046.67,4039.22,7.450000000000273,6.647142857142983,0.32,238.40000000000873,123.67999999999665,2.24,0.0,121.43999999999666,0.5187919463086917,0.5093959731543297,trail,True,1.1691275167784856,0.0604026845637928,0,False,range,0,1.0,False,,0.08@4050.40:tp1;0.08@4054.12:tp1;0.08@4048.81:trail;0.08@4048.81:trail,14435.549999999952,104.10909386572727,2026-07
M5#10002910,M5,10002910,OB,buy,0.63,B,2026-07-02 16:50:00,2026-07-02 17:10:00,2026-07-02 17:19:00,9.0,4124.25,4124.25,4112.97,4129.89,4152.45,4124.25,4112.97,11.279999999999745,11.075000000000014,0.21,236.87999999999468,120.67999999999756,1.4700000000000002,0.0,119.20999999999756,0.5094562647754148,0.5032505910165495,trail,True,1.0593971631205752,0.04078014184397578,0,False,range,0,1.0,False,,0.05@4129.89:tp1;0.05@4135.53:tp1;0.05@4127.53:trail;0.06@4127.53:trail,14554.75999999995,104.61234445674383,2026-07
M5#10002955,M5,10002955,IMB,buy,0.655,A,2026-07-03 08:55:00,2026-07-03 09:02:00,2026-07-03 09:11:00,9.0,4167.52,4167.52,4161.6,4170.48,4182.32,4167.52,4161.6,5.920000000000073,3.9528571428569585,0.41,242.72000000000298,26.499999999979995,2.87,0.0,23.629999999979994,0.10917930125238823,0.09735497692806404,partial_be,True,0.6182432432432111,0.501689189189226,0,False,range,0,1.0,False,,0.1@4170.48:tp1;0.1@4167.42:be;0.1@4167.42:be;0.11@4167.42:be,14578.389999999928,104.70969943367189,2026-07
M10#6005578,M10,6005578,IMB,buy,0.671,A,2026-07-03 09:00:00,2026-07-03 09:02:00,2026-07-03 12:26:00,204.0,4167.52,4167.52,4150.89,4175.84,4209.1,4167.52,4150.89,16.63000000000011,4.614999999999976,0.14,232.82000000000156,113.96999999999207,0.9800000000000001,0.0,112.98999999999207,0.4895198007043695,0.4853105403315493,trail,True,1.1371016235718419,0.4269392663860684,0,True,range,0,1.0,False,,0.03@4175.84:tp1;0.03@4184.15:tp1;0.03@4172.41:trail;0.05@4172.41:trail,14691.379999999921,105.19500997400344,2026-07
M5#10002954,M5,10002954,IMB,buy,0.672,A,2026-07-03 15:05:00,2026-07-03 17:08:00,2026-07-06 01:00:00,3352.0,4159.21,4159.21,4150.89,4163.37,4180.01,4159.21,4150.89,8.319999999999709,2.718571428571327,0.29,241.2799999999916,341.11999999999534,2.0300000000000002,0.0,339.08999999999537,1.4137931034483058,1.405379641909844,tp2,True,3.295673076923201,0.4663461538461833,0,False,range,0,1.0,False,,0.07@4163.37:tp1;0.07@4167.53:tp1;0.07@4171.69:tp1;0.08@4180.01:tp2,15030.469999999916,106.60038961591329,2026-07
M10#6005609,M10,6005609,OB,sell,0.626,B,2026-07-06 03:20:00,2026-07-06 03:45:00,2026-07-06 04:02:00,17.0,4187.83,4187.83,4200.4,4181.55,4156.41,4200.4,4187.83,12.569999999999709,9.062142857142785,0.19,238.82999999999447,115.76999999999862,1.33,0.0,114.43999999999862,0.48473809822887115,0.479169283590844,trail,True,1.20127287191732,0.11217183770882157,0,False,range,0,1.0,False,,0.04@4181.55:tp1;0.04@4175.26:tp1;0.04@4184.16:trail;0.07@4184.16:trail,15144.909999999914,107.07955889950414,2026-07
M10#6005727,M10,6005727,IMB,buy,0.633,B,2026-07-09 04:50:00,2026-07-09 06:13:00,2026-07-09 07:18:00,65.0,4057.5,4057.5,4046.97,4062.77,4083.83,4057.5,4046.97,10.5300000000002,7.5978571428571025,0.23,242.1900000000046,24.55000000000155,1.6099999999999999,0.0,22.94000000000155,0.1013666955695986,0.09471902225525874,partial_be,True,0.6647673314339855,0.31623931623930335,0,True,range,0,1.0,False,,0.05@4062.77:tp1;0.05@4057.40:be;0.05@4057.40:be;0.08@4057.40:be,15167.849999999917,107.1742779217594,2026-07
M10#6005737,M10,6005737,OB,sell,0.591,B,2026-07-09 07:20:00,2026-07-09 08:11:00,2026-07-09 08:30:00,19.0,4072.92,4072.92,4080.4,4069.18,4054.22,4080.4,4072.92,7.480000000000018,6.0850000000000035,0.33,246.8400000000006,26.920000000004624,2.31,0.0,24.610000000004625,0.10905849943284945,0.099700210662796,partial_be,True,0.8128342245989187,0.4224598930481079,0,False,range,0,1.0,False,,0.08@4069.18:tp1;0.08@4073.04:be;0.08@4073.04:be;0.09@4073.04:be,15192.459999999921,107.2739781324222,2026-07
M5#10003240,M5,10003240,IMB,sell,0.706,A,2026-07-09 08:05:00,2026-07-09 09:00:00,2026-07-09 09:21:00,21.0,4097.8,4097.8,4116.71,4088.35,4050.53,4116.71,4097.8,18.909999999999854,4.083571428571498,0.13,245.8299999999981,27.350000000006276,0.91,0.0,26.440000000006275,0.11125574584064796,0.10755400073223967,partial_be,True,0.5002644103648921,0.11263881544157195,0,True,range,0,1.0,False,,0.03@4088.35:tp1;0.03@4097.90:be;0.03@4097.90:be;0.04@4097.90:be,15218.899999999927,107.38153213315444,2026-07
M10#6005715,M10,6005715,IMB,sell,0.645,B,2026-07-09 08:10:00,2026-07-09 09:00:00,2026-07-09 09:21:00,21.0,4097.8,4097.8,4116.48,4088.46,4051.1,4116.48,4097.8,18.67999999999938,5.8585714285714925,0.13,242.83999999999196,27.02000000000589,0.91,0.0,26.11000000000589,0.1112666776478619,0.10751935430739068,partial_be,True,0.5064239828693977,0.11402569593148713,0,True,range,0,1.0,False,,0.03@4088.46:tp1;0.03@4097.90:be;0.03@4097.90:be;0.04@4097.90:be,15245.009999999933,107.48905148746182,2026-07
M15#6003873,M15,6003873,IMB,sell,0.622,B,2026-07-08 22:15:00,2026-07-09 09:00:00,2026-07-09 11:23:00,143.0,4091.99,4091.99,4116.48,4079.74,4030.77,4116.48,4091.99,24.48999999999978,10.06357142857142,0.1,244.89999999999782,-245.90000000000146,0.7000000000000001,0.0,-246.60000000000144,-1.004083299305854,-1.0069416088199414,sl,False,0.1490404246631143,1.0592078399346974,0,True,range,0,1.0,False,,0.02@4116.58:sl;0.02@4116.58:sl;0.02@4116.58:sl;0.04@4116.58:sl,14998.40999999993,106.48210987864188,2026-07
M30#6001957,M30,6001957,IMB,sell,0.572,B,2026-07-08 16:30:00,2026-07-09 09:00:00,2026-07-09 15:08:00,368.0,4091.99,4091.99,4118.15,4078.91,4026.59,4118.15,4091.99,26.159999999999854,18.054285714285697,0.09,235.43999999999875,-236.34000000000196,0.6300000000000001,0.0,-236.97000000000196,-1.0038226299694326,-1.0064984709480258,sl,False,0.13952599388377893,1.0443425076452895,0,True,range,0,1.0,False,,0.02@4118.25:sl;0.02@4118.25:sl;0.02@4118.25:sl;0.03@4118.25:sl,14761.43999999993,105.47561140769385,2026-07
M30#6001969,M30,6001969,IMB,buy,0.585,B,2026-07-09 13:30:00,2026-07-09 13:52:00,2026-07-09 16:17:00,145.0,4095.96,4095.96,4084.11,4101.89,4125.59,4095.96,4084.11,11.849999999999909,10.3892857142858,0.2,236.99999999999818,325.90000000000146,1.4000000000000001,0.0,324.5000000000015,1.3751054852320843,1.3691983122363036,tp2,True,2.579746835443033,0.18565400843880464,0,False,range,1,1.0,False,,0.05@4101.89:tp1;0.05@4107.81:tp1;0.05@4113.73:tp1;0.05@4125.59:tp2,15085.939999999931,106.84480971993015,2026-07
M5#10003352,M5,10003352,UW,sell,0.557,B,2026-07-09 18:30:00,2026-07-09 18:43:00,2026-07-09 18:51:00,8.0,4130.74,4130.74,4135.54,4128.34,4118.74,4135.54,4130.74,4.800000000000182,4.822857142857044,0.52,249.60000000000946,27.299999999981083,3.64,0.0,23.659999999981082,0.10937499999992006,0.09479166666658728,partial_be,True,0.506249999999852,0.38125000000015985,0,False,range,0,1.0,False,,0.13@4128.34:tp1;0.13@4130.84:be;0.13@4130.84:be;0.13@4130.84:be,15109.599999999913,106.93960138659673,2026-07
M10#6005829,M10,6005829,IMB,buy,0.581,B,2026-07-10 23:50:00,2026-07-13 01:00:00,2026-07-13 01:00:00,0.0,4099.11,4108.22,4105.03,4109.82,4116.2,4108.22,4105.03,3.1900000000005093,3.245714285714127,0.78,248.82000000003973,-46.799999999957436,5.46,0.0,-52.25999999995744,-0.18808777429446974,-0.21003134796217784,sl,False,0.3573667711599202,4.031347962381699,0,False,range,0,1.0,False,,0.19@4098.51:sl;0.19@4098.51:sl;0.19@4098.51:sl;0.21@4098.51:sl,15057.339999999956,106.72957003863456,2026-07
M10#6005846,M10,6005846,OB,sell,0.602,B,2026-07-13 06:50:00,2026-07-13 08:08:00,2026-07-13 08:35:00,27.0,4067.12,4067.12,4075.44,4062.96,4046.32,4075.44,4067.12,8.320000000000164,7.827857142857089,0.3,249.60000000000494,196.31999999999792,2.1000000000000005,0.0,194.21999999999792,0.7865384615384376,0.7781249999999763,trail,True,1.7572115384614908,0.7307692307692076,0,False,range,1,1.0,False,,0.07@4062.96:tp1;0.07@4058.80:tp1;0.07@4054.64:tp1;0.09@4064.72:trail,15251.559999999954,107.50769503863454,2026-07
M30#6001994,M30,6001994,OB,sell,0.578,B,2026-07-14 15:30:00,2026-07-14 15:33:00,2026-07-14 18:07:00,154.0,4101.51,4101.51,4119.32,4092.61,4056.99,4119.32,4101.51,17.80999999999949,9.255000000000043,0.14,249.3399999999929,186.4600000000005,0.9800000000000001,0.0,185.4800000000005,0.7478142295660777,0.7438838533729276,trail,True,1.8102189781022548,0.09882088714201905,0,False,range,0,1.0,False,,0.03@4092.61:tp1;0.03@4083.70:tp1;0.03@4074.80:tp1;0.05@4096.27:trail,15437.039999999955,108.25157889200746,2026-07
M15#6003988,M15,6003988,IMB,buy,0.705,A,2026-07-14 17:45:00,2026-07-14 18:42:00,2026-07-15 05:18:00,636.0,4068.98,4068.98,4030.85,4088.05,4164.31,4068.98,4030.85,38.13000000000011,16.74857142857143,0.06,228.78000000000068,-229.3800000000001,0.42000000000000004,-9.0,-238.8000000000001,-1.0026226068712274,-1.0437975347495383,sl,False,0.1964332546551209,1.033831628638866,0,False,range,0,1.0,False,,0.01@4030.75:sl;0.01@4030.75:sl;0.01@4030.75:sl;0.03@4030.75:sl,15198.239999999956,107.20778135725791,2026-07
M5#10003672,M5,10003672,IMB,buy,0.779,A,2026-07-15 16:35:00,2026-07-15 17:46:00,2026-07-15 18:10:00,24.0,4053.67,4053.67,4040.0,4060.51,4087.85,4053.67,4040.0,13.670000000000073,7.120000000000053,0.09,123.03000000000068,12.980000000000928,0.6300000000000001,0.0,12.350000000000927,0.10550272291311757,0.10038202064537802,partial_be,True,0.6737381126554489,0.040965618141912394,0,False,range,-1,0.5,False,,0.02@4060.51:tp1;0.02@4053.57:be;0.02@4053.57:be;0.03@4053.57:be,15210.589999999956,107.3081633779033,2026-07
M10#6005932,M10,6005932,IMB,sell,0.608,B,2026-07-15 23:50:00,2026-07-16 01:00:00,2026-07-16 01:11:00,11.0,4064.66,4064.66,4070.81,4061.59,4049.28,4070.81,4064.66,6.150000000000091,5.331428571428497,0.41,252.15000000000373,27.599999999985812,2.87,6.15,30.879999999985813,0.10945865556210749,0.12246678564340811,partial_be,True,0.5463414634146467,0.28455284552845106,0,False,range,0,1.0,False,,0.1@4061.59:tp1;0.1@4064.76:be;0.1@4064.76:be;0.11@4064.76:be,15241.469999999943,107.43063016354671,2026-07
M10#6005927,M10,6005927,IMB,buy,0.628,B,2026-07-15 22:50:00,2026-07-16 03:59:00,2026-07-16 04:23:00,24.0,4047.07,4047.07,4038.89,4051.16,4067.52,4047.07,4038.89,8.180000000000291,7.242857142857084,0.31,253.58000000000902,-256.6800000000062,2.17,0.0,-258.8500000000062,-1.012224938875294,-1.0207823960880078,sl,False,0.40586797066009667,1.1381418092909064,0,False,range,0,1.0,False,,0.07@4038.79:sl;0.07@4038.79:sl;0.07@4038.79:sl;0.1@4038.79:sl,14982.619999999937,106.4098477674587,2026-07
M10#6005902,M10,6005902,OB,sell,0.676,A,2026-07-15 16:20:00,2026-07-15 21:30:00,2026-07-16 04:24:00,414.0,4078.92,4078.92,4095.98,4070.39,4036.27,4095.98,4078.92,17.059999999999945,7.378571428571474,0.14,238.83999999999926,366.7900000000013,0.9800000000000001,0.75,366.5600000000013,1.535714285714296,1.5347512979400537,tp2,True,2.521101992966023,0.17233294255568957,0,False,range,1,1.0,False,,0.03@4070.39:tp1;0.03@4061.86:tp1;0.03@4053.33:tp1;0.05@4036.27:tp2,15349.179999999938,107.94459906539875,2026-07
M5#10003790,M5,10003790,IMB,buy,0.645,B,2026-07-16 18:55:00,2026-07-16 18:56:00,2026-07-16 19:04:00,8.0,4007.01,4007.01,3998.99,4011.02,4027.06,4007.01,3998.99,8.020000000000437,6.422857142857116,0.31,248.62000000001353,-251.7200000000107,2.17,0.0,-253.8900000000107,-1.0124688279301626,-1.0211970074812842,sl,False,0.07730673316706448,1.00997506234413,0,False,range,0,1.0,False,,0.07@3998.89:sl;0.07@3998.89:sl;0.07@3998.89:sl;0.1@3998.89:sl,15095.289999999928,106.92340205791746,2026-07
M10#6006028,M10,6006028,UW,sell,0.63,B,2026-07-20 01:40:00,2026-07-20 03:20:00,2026-07-20 03:59:00,39.0,4001.29,4001.29,4009.89,3996.99,3979.79,4009.89,4001.29,8.599999999999909,5.716428571428586,0.29,249.3999999999974,-252.29999999999475,2.0300000000000002,0.0,-254.32999999999475,-1.0116279069767338,-1.0197674418604548,sl,False,0.33488372093024876,1.0220930232558205,0,True,range,1,1.0,False,,0.07@4009.99:sl;0.07@4009.99:sl;0.07@4009.99:sl;0.08@4009.99:sl,14840.959999999934,105.903634616057,2026-07
M5#10003922,M5,10003922,IMB,sell,0.674,A,2026-07-20 01:30:00,2026-07-20 03:20:00,2026-07-20 04:02:00,42.0,4002.27,4002.27,4015.44,3995.68,3969.34,4015.44,4002.27,13.170000000000073,4.564285714285753,0.09,118.53000000000068,-119.42999999999984,0.6300000000000001,0.0,-120.05999999999983,-1.0075930144267202,-1.0129081245254294,sl,False,0.2930903568716861,1.0311313591496056,0,False,range,-1,0.5,False,,0.02@4015.54:sl;0.02@4015.54:sl;0.02@4015.54:sl;0.03@4015.54:sl,14720.899999999934,104.89072649153158,2026-07
M15#6004036,M15,6004036,OB,sell,0.61,B,2026-07-17 19:45:00,2026-07-20 05:48:00,2026-07-20 10:42:00,294.0,4024.25,4024.25,4038.33,4017.21,3989.05,4038.33,4024.25,14.079999999999927,11.691428571428528,0.17,239.35999999999876,189.55999999999858,1.1900000000000002,0.0,188.36999999999858,0.7919451871657736,0.7869735962566826,trail,True,1.5767045454545408,0.3075284090909055,0,False,range,1,1.0,False,,0.04@4017.21:tp1;0.04@4010.17:tp1;0.04@4003.13:tp1;0.05@4020.13:trail,14909.269999999933,105.67770008778827,2026-07
M5#10003971,M5,10003971,IMB,sell,0.648,B,2026-07-20 16:50:00,2026-07-20 18:09:00,2026-07-20 19:06:00,57.0,4017.48,4017.48,4024.89,4013.78,3998.96,4024.89,4017.48,7.4099999999998545,4.715714285714349,0.33,244.5299999999952,27.10000000000082,2.31,0.0,24.79000000000082,0.11082484766695845,0.1013781540097383,partial_be,True,0.9446693657220159,0.3022941970310156,0,False,range,0,1.0,False,,0.08@4013.78:tp1;0.08@4017.58:be;0.08@4017.58:be;0.09@4017.58:be,14934.059999999934,105.779078241798,2026-07
M5#10004014,M5,10004014,UW,buy,0.645,B,2026-07-21 04:30:00,2026-07-21 04:39:00,2026-07-21 04:45:00,6.0,4023.59,4023.59,4018.26,4026.26,4036.91,4023.59,4018.26,5.329999999999927,5.10714285714289,0.46,245.17999999999665,25.869999999988067,3.2199999999999998,0.0,22.64999999998807,0.10551431601267812,0.09238110775751847,partial_be,True,0.5065666041275525,0.20637898686686282,0,False,range,0,1.0,False,,0.11@4026.26:tp1;0.11@4023.49:be;0.11@4023.49:be;0.13@4023.49:be,14956.709999999923,105.87145934955552,2026-07
M15#6004149,M15,6004149,IMB,buy,0.656,A,2026-07-22 10:30:00,2026-07-22 10:41:00,2026-07-22 15:56:00,315.0,4111.69,4111.69,4099.44,4117.81,4142.31,4111.69,4099.44,12.25,6.337857142856982,0.2,245.0,201.5500000000111,1.4000000000000001,0.0,200.1500000000111,0.8226530612245351,0.8169387755102493,trail,True,1.8669387755102693,0.42367346938772243,0,True,range,0,1.0,False,,0.05@4117.81:tp1;0.05@4123.94:tp1;0.05@4130.06:tp1;0.05@4115.26:trail,15156.859999999933,106.68839812506577,2026-07
M5#10004347,M5,10004347,IMB,buy,0.687,A,2026-07-24 18:35:00,2026-07-24 18:43:00,2026-07-24 19:30:00,47.0,4071.99,4071.99,4064.72,4075.62,4090.16,4071.99,4064.72,7.269999999999982,5.723571428571469,0.34,247.17999999999938,26.44000000000324,2.3800000000000003,0.0,24.060000000003242,0.106966583056895,0.0973379723278716,partial_be,True,0.8239339752407498,0.24484181568084593,0,False,range,0,1.0,False,,0.08@4075.62:tp1;0.08@4071.89:be;0.08@4071.89:be;0.1@4071.89:be,15180.919999999936,106.78573609739365,2026-07
M5#10004676,M5,10004676,OB,sell,0.629,B,2026-07-30 10:00:00,2026-07-30 10:01:00,2026-07-30 10:04:00,3.0,4041.88,4041.88,4047.96,4038.84,4026.68,4047.96,4041.88,6.079999999999927,4.902142857142865,0.41,249.27999999999702,-253.37999999999332,2.87,0.0,-256.2499999999933,-1.016447368421038,-1.027960526315775,sl,False,0.0,1.0476973684210473,0,False,range,0,1.0,False,,0.1@4048.06:sl;0.1@4048.06:sl;0.1@4048.06:sl;0.11@4048.06:sl,14924.669999999944,105.75777557107787,2026-07
H1#6001037,H1,6001037,OB,buy,0.577,B,2026-07-30 02:00:00,2026-07-30 08:38:00,2026-07-30 16:53:00,495.0,4032.67,4032.67,4004.78,4046.61,4102.39,4032.67,4004.78,27.889999999999873,24.95500000000006,0.09,251.0099999999989,376.5000000000009,0.6300000000000001,0.0,375.8700000000009,1.4999402414246545,1.497430381259721,tp2,True,2.519899605593405,0.153460021513095,0,False,range,0,1.0,False,,0.02@4046.61:tp1;0.02@4060.56:tp1;0.02@4074.51:tp1;0.03@4102.39:tp2,15300.539999999944,107.25520595233759,2026-07
M10#6006447,M10,6006447,OB,buy,0.571,B,2026-07-30 23:10:00,2026-07-30 23:43:00,2026-07-30 23:50:00,7.0,4104.5,4104.5,4099.73,4106.89,4116.43,4104.5,4099.73,4.770000000000437,4.822142857142808,0.53,252.81000000002314,-258.1099999999942,3.71,0.0,-261.8199999999942,-1.0209643605868857,-1.0356394129977857,sl,False,0.0,1.1362683438154249,0,False,range,0,1.0,False,,0.13@4099.63:sl;0.13@4099.63:sl;0.13@4099.63:sl;0.14@4099.63:sl,15038.71999999995,106.21956653933981,2026-07
M15#6004503,M15,6004503,IMB,buy,0.666,A,2026-08-05 12:15:00,2026-08-05 12:21:00,2026-08-05 17:10:00,289.0,4157.1,4157.1,4142.02,4166.15,4229.48,4157.1,4142.02,15.079999999999927,8.91071428571422,0.16,241.27999999999884,542.8799999999901,1.12,0.0,541.7599999999901,2.24999999999997,2.245358090185646,tp2,True,5.002652519893897,0.4701591511936459,0,True,trend,1,1.0,False,,0.04@4166.15:tp1;0.04@4175.20:tp1;0.04@4193.29:tp1;0.04@4229.48:tp2,15580.47999999994,108.46492462952546,2026-08
M10#6006666,M10,6006666,OB,buy,0.641,B,2026-08-05 23:30:00,2026-08-05 23:47:00,2026-08-06 02:35:00,168.0,4243.81,4243.81,4238.63,4246.92,4268.67,4243.81,4238.63,5.180000000000291,5.397857142857187,0.5,259.00000000001455,609.1599999999762,3.5,-19.0,586.6599999999762,2.351969111968888,2.2650965250963058,tp2,True,5.96525096525056,0.1698841698841814,0,False,trend,0,1.0,False,,0.12@4246.92:tp1;0.12@4250.03:tp1;0.12@4256.24:tp1;0.14@4268.67:tp2,16167.139999999916,110.73002115462177,2026-08
M5#11003056,M5,11003056,IMB,buy,0.679,A,2026-08-05 17:45:00,2026-08-05 19:03:00,2026-08-06 03:55:00,532.0,4225.75,4225.75,4210.75,4234.75,4297.75,4225.75,4210.75,15.0,10.063571428571517,0.17,255.0,612.0,1.1900000000000002,-2.5,608.31,2.4,2.3855294117647055,tp2,True,4.964000000000002,0.07399999999997817,0,False,trend,0,1.0,False,,0.04@4234.75:tp1;0.04@4243.75:tp1;0.04@4261.75:tp1;0.05@4297.75:tp2,16775.449999999917,113.11555056638647,2026-08
M5#11003136,M5,11003136,OB,sell,0.622,B,2026-08-06 16:10:00,2026-08-06 16:37:00,2026-08-06 16:42:00,5.0,4256.13,4256.13,4270.29,4247.63,4188.16,4270.29,4256.13,14.159999999999854,7.488571428571309,0.19,269.03999999999724,-270.9400000000042,1.33,0.0,-272.2700000000042,-1.0070621468926813,-1.01200564971754,sl,False,0.0,1.1659604519774285,0,False,trend,0,1.0,False,,0.04@4270.39:sl;0.04@4270.39:sl;0.04@4270.39:sl;0.07@4270.39:sl,16503.179999999913,112.10354491666894,2026-08
M5#11003144,M5,11003144,IMB,buy,0.551,B,2026-08-06 17:35:00,2026-08-06 18:17:00,2026-08-06 18:23:00,6.0,4258.58,4258.58,4252.24,4262.38,4289.01,4258.58,4252.24,6.3400000000001455,8.458571428571434,0.21,133.14000000000308,-135.2399999999916,1.4700000000000002,0.0,-136.7099999999916,-1.0157728706623739,-1.026813880126096,sl,False,0.0,1.2618296529968165,0,False,trend,-1,0.5,False,,0.05@4252.14:sl;0.05@4252.14:sl;0.05@4252.14:sl;0.06@4252.14:sl,16366.469999999921,111.07673103654284,2026-08
M10#6006718,M10,6006718,IMB,buy,0.635,B,2026-08-06 17:40:00,2026-08-06 18:17:00,2026-08-06 18:35:00,18.0,4258.58,4258.58,4248.18,4264.82,4308.5,4258.58,4248.18,10.399999999999636,12.33214285714283,0.25,259.9999999999909,-262.5,1.75,0.0,-264.25,-1.0096153846154199,-1.0163461538461893,sl,False,0.05480769230766624,1.097115384615409,0,True,trend,1,1.0,False,,0.06@4248.08:sl;0.06@4248.08:sl;0.06@4248.08:sl;0.07@4248.08:sl,16102.219999999921,110.06038488269665,2026-08
M10#6006658,M10,6006658,IMB,buy,0.713,A,2026-08-05 17:50:00,2026-08-05 19:03:00,2026-08-06 19:16:00,1453.0,4225.75,4225.75,4206.67,4237.2,4317.33,4225.75,4206.67,19.079999999999927,13.183571428571538,0.13,248.03999999999905,240.0199999999968,0.91,-3.5000000000000004,235.6099999999968,0.9676665054023452,0.9498871149814453,partial_be,True,4.104297693920372,0.05817610062891388,0,True,trend,0,1.0,False,,0.03@4237.20:tp1;0.03@4248.65:tp1;0.03@4271.54:tp1;0.04@4225.65:be,16337.829999999918,111.0102719976781,2026-08
M5#11003308,M5,11003308,UW,sell,0.605,B,2026-08-10 04:30:00,2026-08-10 05:29:00,2026-08-10 07:13:00,104.0,4332.09,4332.09,4340.79,4326.87,4290.33,4340.79,4332.09,8.699999999999818,5.48642857142886,0.29,252.29999999999475,108.12000000001356,2.0300000000000002,0.0,106.09000000001356,0.4285374554102886,0.42049147839879414,partial_be,True,1.6402298850574513,0.0793103448276464,0,False,trend,0,1.0,False,,0.07@4326.87:tp1;0.07@4321.65:tp1;0.07@4332.19:be;0.08@4332.19:be,16443.919999999933,111.43076347607689,2026-08
M15#6004583,M15,6004583,OB,buy,0.617,B,2026-08-07 17:30:00,2026-08-10 04:05:00,2026-08-10 15:26:00,681.0,4325.16,4325.16,4309.33,4334.66,4401.14,4325.16,4309.33,15.829999999999927,18.097142857142767,0.16,253.27999999999884,113.20000000000437,1.12,0.0,112.08000000000436,0.4469361970941444,0.4425142135186548,partial_be,True,2.323436512950089,0.7593177511054695,0,True,trend,0,1.0,False,,0.04@4334.66:tp1;0.04@4344.16:tp1;0.04@4325.06:be;0.04@4325.06:be,16555.999999999938,111.87327768959554,2026-08
M30#6002339,M30,6002339,OB,buy,0.624,B,2026-08-07 18:00:00,2026-08-10 04:05:00,2026-08-10 15:26:00,681.0,4325.16,4325.16,4309.33,4334.66,4401.14,4325.16,4309.33,15.829999999999927,19.171428571428546,0.16,253.27999999999884,113.20000000000437,1.12,0.0,112.08000000000436,0.4469361970941444,0.4425142135186548,partial_be,True,2.323436512950089,0.7593177511054695,0,True,trend,0,1.0,False,,0.04@4334.66:tp1;0.04@4344.16:tp1;0.04@4325.06:be;0.04@4325.06:be,16668.079999999944,112.31579190311419,2026-08
M10#6006757,M10,6006757,OB,buy,0.681,A,2026-08-07 17:30:00,2026-08-10 04:05:00,2026-08-10 16:52:00,767.0,4323.82,4323.82,4309.33,4332.51,4393.37,4323.82,4309.33,14.489999999999782,17.615714285714084,0.18,260.8199999999961,242.84000000000924,1.2600000000000002,0.0,241.58000000000925,0.9310635687447775,0.9262326508703812,partial_be,True,2.630779848171185,0.7370600414078359,0,True,trend,0,1.0,False,,0.04@4332.51:tp1;0.04@4341.21:tp1;0.04@4358.60:tp1;0.06@4323.72:be,16909.659999999953,113.24202455398456,2026-08
M10#6006826,M10,6006826,UW,buy,0.572,B,2026-08-11 04:00:00,2026-08-11 04:01:00,2026-08-11 04:02:00,1.0,4402.32,4402.32,4396.38,4405.88,4430.83,4402.32,4396.38,5.9399999999996,5.594285714285759,0.45,267.299999999982,-271.79999999999836,3.15,0.0,-274.94999999999834,-1.0168350168350793,-1.0286195286195916,sl,False,0.0,1.4326599326599128,0,False,trend,0,1.0,False,,0.11@4396.28:sl;0.11@4396.28:sl;0.11@4396.28:sl;0.12@4396.28:sl,16634.709999999955,112.21340502536498,2026-08
M15#6004623,M15,6004623,UW,buy,0.602,B,2026-08-11 05:15:00,2026-08-11 05:55:00,2026-08-11 07:42:00,107.0,4409.32,4409.32,4393.67,4418.71,4484.44,4409.32,4393.67,15.649999999999636,9.67071428571431,0.17,266.0499999999938,36.260000000008404,1.1900000000000002,0.0,35.070000000008406,0.13629017102051963,0.1318173275700403,partial_be,True,0.7757188498402946,0.09392971246002424,0,False,trend,1,1.0,False,,0.04@4418.71:tp1;0.04@4409.22:be;0.04@4409.22:be;0.05@4409.22:be,16669.779999999962,112.34522235293502,2026-08
M5#11003492,M5,11003492,OB,buy,0.599,B,2026-08-12 08:30:00,2026-08-12 08:30:00,2026-08-12 08:35:00,5.0,4391.33,4391.33,4386.92,4393.98,4412.5,4391.33,4386.92,4.4099999999998545,3.0892857142857792,0.6,264.59999999999127,116.09999999998308,4.2,0.0,111.89999999998308,0.43877551020403216,0.4229024943310158,partial_be,True,1.2630385487528102,0.4920634920635248,0,False,trend,0,1.0,False,,0.15@4393.98:tp1;0.15@4396.62:tp1;0.15@4391.23:be;0.15@4391.23:be,16781.679999999946,112.76812484726604,2026-08
M10#6006895,M10,6006895,OB,buy,0.571,B,2026-08-12 13:10:00,2026-08-12 15:06:00,2026-08-12 15:30:00,24.0,4407.28,4407.28,4401.69,4410.63,4434.11,4407.28,4401.69,5.5900000000001455,5.239285714285805,0.47,262.73000000000684,256.88000000001284,3.29,0.0,253.59000000001285,0.9777337951509388,0.9652114337913685,partial_be,True,4.581395348837194,4.41323792486573,0,False,trend,0,1.0,False,,0.11@4410.63:tp1;0.11@4413.99:tp1;0.11@4420.70:tp1;0.14@4407.18:be,17035.269999999957,113.7333362810574,2026-08
M10#6006950,M10,6006950,OB,sell,0.614,B,2026-08-13 14:30:00,2026-08-13 15:30:00,2026-08-13 15:48:00,18.0,4396.63,4396.63,4406.25,4390.86,4350.45,4406.25,4396.63,9.61999999999989,4.132142857143078,0.28,269.359999999997,119.77000000001044,1.9600000000000002,0.0,117.81000000001045,0.44464656964661337,0.437370062370106,partial_be,True,1.6434511434511092,0.510395010395001,0,False,trend,0,1.0,False,,0.07@4390.86:tp1;0.07@4385.09:tp1;0.07@4396.73:be;0.07@4396.73:be,17153.07999999997,114.17070634342751,2026-08
M10#6006972,M10,6006972,OB,sell,0.626,B,2026-08-14 14:40:00,2026-08-14 16:32:00,2026-08-14 17:00:00,28.0,4390.13,4390.13,4401.78,4383.14,4334.21,4401.78,4390.13,11.649999999999636,4.3292857142857555,0.23,267.94999999999163,33.15000000000873,1.6099999999999999,0.0,31.54000000000873,0.1237171114014173,0.11770852771043,partial_be,True,0.604291845493578,0.6111587982832715,0,False,trend,0,1.0,False,,0.05@4383.14:tp1;0.05@4390.23:be;0.05@4390.23:be;0.08@4390.23:be,17184.619999999977,114.28841487113795,2026-08
M5#11003790,M5,11003790,IMB,buy,0.67,A,2026-08-17 15:20:00,2026-08-17 15:26:00,2026-08-17 15:29:00,3.0,4384.06,4384.06,4379.5,4386.34,4395.46,4384.06,4379.5,4.5600000000004,3.214285714285649,0.59,269.04000000002367,135.12999999997467,4.130000000000001,0.0,130.99999999997468,0.5022673208443458,0.48691644365136466,trail,True,1.2346491228067338,0.4385964912280317,0,True,range,0,1.0,False,,0.14@4386.34:tp1;0.14@4388.62:tp1;0.14@4385.33:trail;0.17@4385.33:trail,17315.61999999995,114.77533131478931,2026-08
M10#6007045,M10,6007045,IMB,buy,0.599,B,2026-08-17 08:30:00,2026-08-17 15:26:00,2026-08-17 15:31:00,5.0,4384.06,4384.06,4376.02,4388.08,4404.16,4384.06,4376.02,8.039999999999964,4.9714285714285325,0.33,265.3199999999988,29.65999999998712,2.31,0.0,27.349999999987123,0.11178953716262345,0.10308306950093188,partial_be,True,0.7388059701492073,0.24875621890547375,0,False,range,0,1.0,False,,0.08@4388.08:tp1;0.08@4383.96:be;0.08@4383.96:be;0.09@4383.96:be,17342.96999999994,114.87841438429024,2026-08
M15#6004757,M15,6004757,OB,buy,0.652,A,2026-08-17 13:45:00,2026-08-17 15:26:00,2026-08-18 03:23:00,717.0,4385.89,4385.89,4368.2,4394.74,4430.12,4385.89,4368.2,17.69000000000051,6.456428571428465,0.15,265.35000000000764,424.61999999999443,1.05,-3.0,420.5699999999944,1.6002261164499048,1.584963256076813,tp2,True,2.5189372526850313,0.49858677218769726,0,True,range,0,1.0,False,,0.03@4394.74:tp1;0.03@4403.58:tp1;0.03@4412.43:tp1;0.06@4430.12:tp2,17763.539999999935,116.46337764036706,2026-08
M10#6007120,M10,6007120,UW,buy,0.625,B,2026-08-18 17:10:00,2026-08-18 17:32:00,2026-08-18 17:35:00,3.0,4388.9,4388.9,4376.32,4395.19,4420.35,4388.9,4376.32,12.579999999999927,9.293571428571536,0.22,276.75999999999846,29.7500000000091,1.5400000000000003,0.0,28.2100000000091,0.10749385749389097,0.10192946957656185,partial_be,True,0.581875993640752,0.2893481717010683,0,True,range,0,1.0,False,,0.05@4395.19:tp1;0.05@4388.80:be;0.05@4388.80:be;0.07@4388.80:be,17791.749999999945,116.56530710994362,2026-08
M5#11003951,M5,11003951,UW,buy,0.677,A,2026-08-18 17:00:00,2026-08-18 17:32:00,2026-08-18 17:35:00,3.0,4388.9,4388.9,4376.32,4395.19,4420.35,4388.9,4376.32,12.579999999999927,7.969285714285759,0.22,276.75999999999846,29.7500000000091,1.5400000000000003,0.0,28.2100000000091,0.10749385749389097,0.10192946957656185,partial_be,True,0.581875993640752,0.2893481717010683,0,False,range,0,1.0,False,,0.05@4395.19:tp1;0.05@4388.80:be;0.05@4388.80:be;0.07@4388.80:be,17819.959999999955,116.66723657952018,2026-08
M10#6007005,M10,6007005,OB,buy,0.612,B,2026-08-19 02:50:00,2026-08-19 04:02:00,2026-08-19 04:03:00,1.0,4326.89,4326.89,4318.34,4331.17,4348.27,4326.89,4318.34,8.550000000000182,5.052142857142891,0.32,273.6000000000058,31.83999999998923,2.24,0.0,29.59999999998923,0.11637426900580612,0.10818713450288231,partial_be,True,0.5426900584794525,0.28771929824561215,0,False,range,0,1.0,False,,0.08@4331.17:tp1;0.08@4326.79:be;0.08@4326.79:be;0.08@4326.79:be,17849.559999999943,116.77542371402306,2026-08
M30#6002456,M30,6002456,IMB,sell,0.608,B,2026-08-18 20:00:00,2026-08-19 15:33:00,2026-08-19 15:36:00,3.0,4377.5,4377.5,4391.12,4370.69,4343.45,4391.12,4377.5,13.61999999999989,13.582857142857327,0.2,272.3999999999978,-274.40000000000515,1.4000000000000001,0.0,-275.8000000000051,-1.0073421439060475,-1.0124816446402618,sl,False,0.0,1.4170337738619925,0,False,range,0,1.0,False,,0.05@4391.22:sl;0.05@4391.22:sl;0.05@4391.22:sl;0.05@4391.22:sl,17573.759999999937,115.7629420693828,2026-08
M5#11003888,M5,11003888,IMB,sell,0.567,B,2026-08-19 15:35:00,2026-08-19 15:38:00,2026-08-19 15:41:00,3.0,4412.03,4412.03,4420.06,4408.01,4391.95,4420.06,4412.03,8.030000000000655,4.693571428571366,0.34,273.02000000002226,-276.4200000000037,2.3800000000000003,0.0,-278.8000000000037,-1.012453300124464,-1.0211706102116365,sl,False,0.34869240348680497,1.1195516811955115,0,False,range,0,1.0,False,,0.08@4420.16:sl;0.08@4420.16:sl;0.08@4420.16:sl;0.1@4420.16:sl,17294.959999999934,114.74177145917116,2026-08
M5#11004068,M5,11004068,IMB,buy,0.552,B,2026-08-20 01:45:00,2026-08-20 01:59:00,2026-08-20 02:23:00,24.0,4517.32,4517.32,4511.16,4521.02,4546.89,4517.32,4511.16,6.1599999999998545,2.861428571428665,0.22,135.51999999999683,16.800000000012915,1.5400000000000003,0.0,15.260000000012914,0.12396694214885853,0.11260330578522189,partial_be,True,1.0194805194806498,0.3360389610389217,0,True,trend,-1,0.5,False,,0.05@4521.02:tp1;0.05@4517.22:be;0.05@4517.22:be;0.07@4517.22:be,17310.219999999947,114.85437476495639,2026-08
M10#6007171,M10,6007171,OB,buy,0.658,A,2026-08-20 04:20:00,2026-08-20 04:51:00,2026-08-20 05:49:00,58.0,4488.88,4488.88,4475.32,4497.02,4553.97,4488.88,4475.32,13.5600000000004,6.804999999999966,0.2,271.200000000008,39.19999999999618,1.4000000000000001,0.0,37.79999999999618,0.14454277286133857,0.13938053097343314,partial_be,True,0.7942477876105611,0.32817109144540463,0,False,trend,0,1.0,False,,0.05@4497.02:tp1;0.05@4488.78:be;0.05@4488.78:be;0.05@4488.78:be,17348.019999999942,114.99375529592982,2026-08
M15#6004839,M15,6004839,OB,buy,0.6,B,2026-08-20 04:30:00,2026-08-20 04:53:00,2026-08-20 07:33:00,160.0,4487.85,4487.85,4475.32,4495.37,4547.99,4487.85,4475.32,12.530000000000655,7.702857142857023,0.21,263.1300000000138,35.999999999991815,1.4700000000000002,0.0,34.529999999991816,0.13681450233720946,0.13122791015843882,partial_be,True,1.0566640063846042,0.2729449321628008,0,True,trend,0,1.0,False,,0.05@4495.37:tp1;0.05@4487.75:be;0.05@4487.75:be;0.06@4487.75:be,17382.549999999934,115.12498320608826,2026-08
M10#6007224,M10,6007224,OB,buy,0.623,B,2026-08-21 06:20:00,2026-08-21 06:29:00,2026-08-21 08:17:00,108.0,4531.31,4531.31,4522.24,4536.75,4574.85,4531.31,4522.24,9.070000000000618,8.874285714285893,0.3,272.1000000000186,112.63999999998579,2.1000000000000005,0.0,110.5399999999858,0.4139654538771705,0.40624770305026914,partial_be,True,1.8324145534728509,0.5148842337375694,0,False,trend,0,1.0,False,,0.07@4536.75:tp1;0.07@4542.19:tp1;0.07@4531.21:be;0.09@4531.21:be,17493.08999999992,115.53123090913853,2026-08
M10#6007247,M10,6007247,UW,buy,0.534,C,2026-08-21 14:20:00,2026-08-21 15:21:00,2026-08-21 15:30:00,9.0,4583.02,4583.02,4577.81,4586.15,4608.03,4583.02,4577.81,5.210000000000036,7.768571428571444,0.52,270.9200000000019,36.78999999997541,3.64,0.0,33.14999999997541,0.1357965451054745,0.12236084452965885,partial_be,True,0.9616122840689585,0.6295585412669159,0,True,trend,0,1.0,False,,0.13@4586.15:tp1;0.13@4582.92:be;0.13@4582.92:be;0.13@4582.92:be,17526.239999999896,115.65359175366818,2026-08
M5#11004257,M5,11004257,IMB,sell,0.646,B,2026-08-24 03:45:00,2026-08-24 03:48:00,2026-08-24 04:00:00,12.0,4612.68,4612.68,4628.44,4603.22,4537.03,4628.44,4612.68,15.759999999999309,8.946428571428637,0.17,267.91999999998825,-269.61999999999443,1.1900000000000002,0.0,-270.80999999999443,-1.006345177664998,-1.0107868020304804,sl,False,0.0755076142131759,1.053299492385856,0,False,trend,0,1.0,False,,0.04@4628.54:sl;0.04@4628.54:sl;0.04@4628.54:sl;0.05@4628.54:sl,17255.429999999902,114.6428049516377,2026-08
M5#11004263,M5,11004263,IMB,buy,0.574,B,2026-08-24 05:55:00,2026-08-24 21:08:00,2026-08-24 21:38:00,30.0,4626.57,4626.57,4618.94,4631.15,4663.19,4626.57,4618.94,7.630000000000109,8.468571428571522,0.17,129.71000000000186,54.06000000000404,1.1900000000000002,0.0,52.87000000000404,0.4167758846658181,0.4076015727392127,partial_be,True,2.044560943643531,0.192660550458627,0,False,trend,-1,0.5,False,,0.04@4631.15:tp1;0.04@4635.73:tp1;0.04@4626.47:be;0.05@4626.47:be,17308.299999999905,115.05040652437691,2026-08
H1#6001195,H1,6001195,OB,sell,0.575,B,2026-08-25 11:00:00,2026-08-25 18:36:00,2026-08-25 21:58:00,202.0,4654.34,4654.34,4684.34,4636.34,4510.34,4684.34,4654.34,30.0,20.312857142857087,0.09,270.00000000000006,35.30000000000382,0.6300000000000001,0.0,34.67000000000382,0.13074074074075487,0.12840740740742151,partial_be,True,0.6630000000000109,0.17633333333333212,0,False,trend,0,1.0,False,,0.02@4636.34:tp1;0.02@4654.44:be;0.02@4654.44:be;0.03@4654.44:be,17342.96999999991,115.17881393178433,2026-08
M5#11004415,M5,11004415,UW,buy,0.663,A,2026-08-26 09:35:00,2026-08-26 11:15:00,2026-08-26 12:16:00,61.0,4623.81,4623.81,4613.21,4630.17,4674.69,4623.81,4613.21,10.600000000000364,5.1592857142857484,0.25,265.0000000000091,36.25999999999112,1.75,0.0,34.50999999999112,0.1368301886792071,0.13022641509430166,partial_be,True,0.6905660377357979,0.16037735849062917,0,False,trend,0,1.0,False,,0.06@4630.17:tp1;0.06@4623.71:be;0.06@4623.71:be;0.07@4623.71:be,17377.4799999999,115.30904034687863,2026-08
M30#6002566,M30,6002566,OB,sell,0.586,B,2026-08-26 19:30:00,2026-08-27 01:18:00,2026-08-27 04:40:00,202.0,4611.54,4611.54,4631.83,4599.37,4514.15,4631.83,4611.54,20.289999999999964,14.414285714285727,0.13,263.7699999999995,-265.07000000000426,0.91,0.0,-265.9800000000043,-1.004928536224759,-1.0083785115820783,sl,False,0.5160177427303777,1.0,0,False,trend,0,1.0,False,,0.03@4631.93:sl;0.03@4631.93:sl;0.03@4631.93:sl;0.04@4631.93:sl,17111.499999999898,114.30066183529655,2026-08
M5#11004565,M5,11004565,IMB,buy,0.66,A,2026-08-27 08:10:00,2026-08-27 08:31:00,2026-08-27 08:44:00,13.0,4612.36,4612.36,4605.54,4615.77,4629.41,4612.36,4605.54,6.819999999999709,2.6014285714285768,0.19,129.57999999999447,-131.4800000000014,1.33,0.0,-132.81000000000142,-1.0146627565982946,-1.0249266862170636,sl,False,0.2771260997068047,1.058651026392911,0,False,range,-1,0.5,False,,0.04@4605.44:sl;0.04@4605.44:sl;0.04@4605.44:sl;0.07@4605.44:sl,16978.689999999897,113.2757351490795,2026-08
M10#6007432,M10,6007432,UW,buy,0.58,B,2026-08-27 14:00:00,2026-08-27 16:34:00,2026-08-27 16:38:00,4.0,4576.4,4576.4,4569.39,4579.9,4593.92,4576.4,4569.39,7.009999999999309,7.029999999999875,0.38,266.37999999997373,28.600000000015825,2.66,0.0,25.940000000015825,0.10736541782423097,0.09737968315946537,partial_be,True,0.7346647646221189,0.2867332382310281,0,False,range,2,1.0,False,,0.09@4579.90:tp1;0.09@4576.30:be;0.09@4576.30:be;0.11@4576.30:be,17004.629999999914,113.37311483223895,2026-08
M5#11004612,M5,11004612,OB,buy,0.624,B,2026-08-28 02:45:00,2026-08-28 02:48:00,2026-08-28 03:16:00,28.0,4597.37,4597.37,4590.62,4600.74,4614.24,4597.37,4590.62,6.75,2.5421428571429323,0.4,270.0,30.70000000001528,2.8000000000000003,0.0,27.90000000001528,0.11370370370376029,0.10333333333338993,partial_be,True,0.7970370370370532,0.5733333333333172,0,False,range,0,1.0,False,,0.1@4600.74:tp1;0.1@4597.27:be;0.1@4597.27:be;0.1@4597.27:be,17032.52999999993,113.47644816557235,2026-08
M5#11004679,M5,11004679,IMB,buy,0.623,B,2026-08-28 10:20:00,2026-08-28 14:06:00,2026-08-28 14:38:00,32.0,4596.84,4596.84,4588.76,4600.88,4617.04,4596.84,4588.76,8.079999999999927,6.126428571428538,0.33,266.6399999999976,29.819999999990614,2.31,0.0,27.509999999990615,0.11183618361832764,0.1031728172816939,partial_be,True,0.5754950495049107,0.21039603960393977,0,False,range,0,1.0,False,,0.08@4600.88:tp1;0.08@4596.74:be;0.08@4596.74:be;0.09@4596.74:be,17060.03999999992,113.57962098285404,2026-08
M10#6007482,M10,6007482,IMB,buy,0.592,B,2026-08-28 10:30:00,2026-08-28 14:06:00,2026-08-28 14:38:00,32.0,4596.84,4596.84,4588.39,4601.07,4617.97,4596.84,4588.39,8.449999999999818,7.839999999999951,0.31,261.94999999999436,27.209999999988213,2.17,0.0,25.03999999998821,0.10387478526432067,0.09559076159568143,partial_be,True,0.5502958579881345,0.20118343195264551,0,True,range,0,1.0,False,,0.07@4601.07:tp1;0.07@4596.74:be;0.07@4596.74:be;0.1@4596.74:be,17085.07999999991,113.67521174444973,2026-08
M5#11004751,M5,11004751,IMB,buy,0.615,B,2026-08-31 07:15:00,2026-08-31 07:24:00,2026-08-31 14:27:00,423.0,4416.56,4416.56,4407.23,4422.16,4461.34,4416.56,4407.23,9.330000000000837,4.217142857142854,0.29,270.5700000000243,632.5699999999888,2.0300000000000002,0.0,630.5399999999888,2.337916250877525,2.3304135713491227,tp2,True,4.869239013933044,0.3654876741693953,0,True,trend,0,1.0,False,,0.07@4422.16:tp1;0.07@4427.76:tp1;0.07@4438.95:tp1;0.08@4461.34:tp2,17715.6199999999,116.00562531579885,2026-08
M30#6002481,M30,6002481,IMB,buy,0.712,A,2026-08-28 22:30:00,2026-08-31 05:03:00,2026-08-31 16:51:00,708.0,4424.13,4424.13,4373.51,4449.44,4550.68,4424.13,4373.51,50.61999999999989,30.400714285714326,0.05,253.09999999999945,24.909999999998032,0.35000000000000003,0.0,24.55999999999803,0.09841959699722673,0.09703674436980674,partial_be,True,0.7927696562623507,0.5393125246938016,0,True,range,0,1.0,False,,0.01@4449.44:tp1;0.01@4424.03:be;0.01@4424.03:be;0.02@4424.03:be,17740.1799999999,116.10266206016865,2026-08
H1#6001151,H1,6001151,IMB,buy,0.679,A,2026-08-28 23:00:00,2026-08-31 05:03:00,2026-08-31 16:51:00,708.0,4424.13,4424.13,4374.05,4449.17,4549.33,4424.13,4374.05,50.07999999999993,31.514999999999937,0.05,250.39999999999964,24.63999999999851,0.35000000000000003,0.0,24.289999999998507,0.09840255591053731,0.09700479233226254,partial_be,True,0.8013178913738053,0.545127795527161,0,True,range,0,1.0,False,,0.01@4449.17:tp1;0.01@4424.03:be;0.01@4424.03:be;0.02@4424.03:be,17764.469999999896,116.19966685250091,2026-08
M15#6004832,M15,6004832,IMB,buy,0.643,B,2026-08-31 05:30:00,2026-08-31 05:35:00,2026-09-01 11:04:00,1769.0,4411.38,4411.38,4373.51,4434.1,4593.16,4411.38,4373.51,37.86999999999989,14.93214285714287,0.07,265.0899999999992,67.65999999999804,0.48999999999999994,-2.5,64.66999999999804,0.2552340714474263,0.24395488324719242,partial_be,True,1.3963559545814699,0.3842091365196785,0,True,trend,0,1.0,False,,0.01@4434.10:tp1;0.01@4456.82:tp1;0.01@4411.28:be;0.04@4411.28:be,17829.139999999894,116.44362173574811,2026-09
M5#11004866,M5,11004866,IMB,sell,0.566,B,2026-09-02 17:05:00,2026-09-02 17:05:00,2026-09-02 17:09:00,4.0,4387.54,4387.54,4394.72,4383.23,4353.08,4394.72,4387.54,7.180000000000291,8.95714285714283,0.38,272.84000000001106,-276.6399999999903,2.66,0.0,-279.29999999999035,-1.0139275766015947,-1.0236768802227643,sl,False,0.09192200557100665,1.3203342618384524,0,False,trend,0,1.0,False,,0.09@4394.82:sl;0.09@4394.82:sl;0.09@4394.82:sl;0.11@4394.82:sl,17549.839999999902,115.41994485552534,2026-09
M30#6002607,M30,6002607,IMB,sell,0.653,A,2026-09-03 06:00:00,2026-09-03 15:53:00,2026-09-03 18:01:00,128.0,4487.68,4487.68,4524.41,4465.64,4311.38,4524.41,4487.68,36.72999999999956,9.697142857142742,0.07,257.1099999999969,21.440000000003238,0.48999999999999994,0.0,20.95000000000324,0.0833884329664482,0.08148263389212203,partial_be,True,0.8320174244487003,0.23032943098285152,0,False,trend,1,1.0,False,,0.01@4465.64:tp1;0.01@4487.78:be;0.01@4487.78:be;0.04@4487.78:be,17570.789999999906,115.50142748941747,2026-09
M10#6007686,M10,6007686,UW,buy,0.582,B,2026-09-04 14:00:00,2026-09-04 15:30:00,2026-09-04 15:30:00,0.0,4434.12,4434.12,4426.92,4438.44,4468.68,4434.12,4426.92,7.199999999999818,4.864999999999782,0.38,273.5999999999931,-277.4000000000069,2.66,0.0,-280.06000000000694,-1.0138888888889397,-1.0236111111111623,sl,False,0.0,5.750000000000095,0,False,trend,0,1.0,False,,0.09@4426.82:sl;0.09@4426.82:sl;0.09@4426.82:sl;0.11@4426.82:sl,17290.729999999898,114.4778163783063,2026-09
M15#6005088,M15,6005088,IMB,sell,0.625,B,2026-09-03 16:30:00,2026-09-03 18:14:00,2026-09-04 15:30:00,1276.0,4503.93,4503.93,4524.41,4491.64,4405.63,4524.41,4503.93,20.479999999999563,11.702857142857154,0.13,266.2399999999943,651.260000000002,0.91,1.05,651.400000000002,2.4461388221154445,2.4466646634615983,tp2,True,5.417480468750107,0.34472656249998246,0,True,trend,1,1.0,False,,0.03@4491.64:tp1;0.03@4479.35:tp1;0.03@4454.78:tp1;0.04@4405.63:tp2,17942.1299999999,116.9244810417679,2026-09
