time,balance,equity
2025-09-01 01:00:00,10000.0,10000.0
2025-09-01 02:00:00,10000.0,10000.0
2025-09-01 03:00:00,10000.0,10000.0
2025-09-01 04:00:00,10000.0,10000.0
2025-09-01 05:00:00,10000.0,10000.0
2025-09-01 06:00:00,10000.0,10000.0
2025-09-01 07:00:00,10000.0,10000.0
2025-09-01 08:00:00,10000.0,10000.0
2025-09-01 09:00:00,10000.0,10000.0
2025-09-01 10:00:00,10000.0,10000.0
2025-09-01 11:00:00,10000.0,10000.0
2025-09-01 12:00:00,10000.0,10000.0
2025-09-01 13:00:00,10000.0,10000.0
2025-09-01 14:00:00,10000.0,10000.0
2025-09-01 15:00:00,10000.0,10000.0
2025-09-01 16:00:00,10000.0,10000.0
2025-09-01 17:00:00,10000.0,10000.0
2025-09-01 18:00:00,10039.78,10090.930000000002
2025-09-01 19:00:00,10039.78,10114.359999999997
2025-09-01 20:00:00,10039.78,10077.73
2025-09-01 21:00:00,10039.78,10069.149999999996
2025-09-02 01:29:00,10041.43,10062.11
2025-09-02 02:29:00,10040.330000000002,10040.330000000002
2025-09-02 03:29:00,10040.330000000002,10040.330000000002
2025-09-02 04:29:00,10040.330000000002,10040.330000000002
2025-09-02 05:29:00,10040.330000000002,10040.330000000002
2025-09-02 06:29:00,10040.330000000002,10040.330000000002
2025-09-02 07:29:00,10040.330000000002,10040.330000000002
2025-09-02 08:29:00,10040.330000000002,10040.330000000002
2025-09-02 09:29:00,10040.330000000002,10040.330000000002
2025-09-02 10:29:00,10040.330000000002,10040.330000000002
2025-09-02 11:29:00,10040.330000000002,10040.330000000002
2025-09-02 12:29:00,10040.330000000002,10040.330000000002
2025-09-02 13:29:00,10040.330000000002,10040.330000000002
2025-09-02 14:29:00,10040.330000000002,10040.330000000002
2025-09-02 15:29:00,10040.330000000002,10040.330000000002
2025-09-02 16:29:00,10040.330000000002,10040.330000000002
2025-09-02 17:29:00,10040.330000000002,10040.330000000002
2025-09-02 18:29:00,10040.330000000002,10040.330000000002
2025-09-02 19:29:00,10040.330000000002,10040.330000000002
2025-09-02 20:29:00,10040.330000000002,10040.330000000002
2025-09-02 21:29:00,10040.330000000002,10040.330000000002
2025-09-02 22:29:00,10040.330000000002,10040.330000000002
2025-09-02 23:29:00,10040.330000000002,10040.330000000002
2025-09-03 01:30:00,10040.330000000002,10040.330000000002
2025-09-03 02:30:00,10039.070000000002,9977.689999999995
2025-09-03 03:30:00,10128.269999999999,10154.729999999998
2025-09-03 04:30:00,10128.269999999999,10177.049999999996
2025-09-03 05:30:00,10128.269999999999,10183.049999999996
2025-09-03 06:30:00,10127.669999999996,10127.669999999996
2025-09-03 07:30:00,10127.669999999996,10127.669999999996
2025-09-03 08:30:00,10127.669999999996,10127.669999999996
2025-09-03 09:30:00,10127.669999999996,10127.669999999996
2025-09-03 10:30:00,10127.669999999996,10127.669999999996
2025-09-03 11:30:00,10127.669999999996,10127.669999999996
2025-09-03 12:30:00,10127.669999999996,10127.669999999996
2025-09-03 13:30:00,10127.669999999996,10127.669999999996
2025-09-03 14:30:00,10127.669999999996,10127.669999999996
2025-09-03 15:30:00,10127.669999999996,10127.669999999996
2025-09-03 16:30:00,10127.669999999996,10127.669999999996
2025-09-03 17:30:00,10127.669999999996,10127.669999999996
2025-09-03 18:30:00,10127.669999999996,10127.669999999996
2025-09-03 19:30:00,10127.669999999996,10127.669999999996
2025-09-03 20:30:00,10127.669999999996,10127.669999999996
2025-09-03 21:30:00,10127.669999999996,10127.669999999996
2025-09-03 22:30:00,10127.669999999996,10127.669999999996
2025-09-03 23:30:00,10127.669999999996,10127.669999999996
2025-09-04 01:31:00,10127.669999999996,10127.669999999996
2025-09-04 02:31:00,10127.669999999996,10127.669999999996
2025-09-04 03:31:00,10127.669999999996,10127.669999999996
2025-09-04 04:31:00,10127.669999999996,10127.669999999996
2025-09-04 05:31:00,10127.669999999996,10127.669999999996
2025-09-04 06:31:00,10127.669999999996,10127.669999999996
2025-09-04 07:31:00,10127.669999999996,10127.669999999996
2025-09-04 08:31:00,10127.669999999996,10127.669999999996
2025-09-04 09:31:00,10127.669999999996,10127.669999999996
2025-09-04 10:31:00,10127.669999999996,10127.669999999996
2025-09-04 11:31:00,10127.669999999996,10127.669999999996
2025-09-04 12:31:00,10127.669999999996,10127.669999999996
2025-09-04 13:31:00,10127.669999999996,10127.669999999996
2025-09-04 14:31:00,10127.669999999996,10127.669999999996
2025-09-04 15:31:00,10127.669999999996,10127.669999999996
2025-09-04 16:31:00,10127.669999999996,10127.669999999996
2025-09-04 17:31:00,10127.669999999996,10127.669999999996
2025-09-04 18:31:00,10127.669999999996,10127.669999999996
2025-09-04 19:31:00,10127.669999999996,10127.669999999996
2025-09-04 20:31:00,10127.669999999996,10127.669999999996
2025-09-04 21:31:00,10127.669999999996,10127.669999999996
2025-09-04 22:31:00,10127.669999999996,10127.669999999996
2025-09-04 23:31:00,10127.669999999996,10127.669999999996
2025-09-05 01:32:00,10127.669999999996,10127.669999999996
2025-09-05 02:32:00,10127.669999999996,10127.669999999996
2025-09-05 03:32:00,10127.669999999996,10127.669999999996
2025-09-05 04:32:00,10127.669999999996,10127.669999999996
2025-09-05 05:32:00,10127.669999999996,10127.669999999996
2025-09-05 06:32:00,10127.669999999996,10127.669999999996
2025-09-05 07:32:00,10127.669999999996,10127.669999999996
2025-09-05 08:32:00,10127.669999999996,10127.669999999996
2025-09-05 09:32:00,10127.669999999996,10127.669999999996
2025-09-05 10:32:00,10127.669999999996,10127.669999999996
2025-09-05 11:32:00,10127.669999999996,10127.669999999996
2025-09-05 12:32:00,10127.669999999996,10127.669999999996
2025-09-05 13:32:00,10127.669999999996,10127.669999999996
2025-09-05 14:32:00,10127.669999999996,10127.669999999996
2025-09-05 15:32:00,10127.669999999996,10127.669999999996
2025-09-05 16:32:00,10127.669999999996,10127.669999999996
2025-09-05 17:32:00,10127.669999999996,10127.669999999996
2025-09-05 18:32:00,10127.669999999996,10127.669999999996
2025-09-05 19:32:00,10127.669999999996,10127.669999999996
2025-09-05 20:32:00,10127.669999999996,10127.669999999996
2025-09-05 21:32:00,10127.669999999996,10127.669999999996
2025-09-05 22:32:00,10127.669999999996,10127.669999999996
2025-09-05 23:32:00,10127.669999999996,10127.669999999996
2025-09-08 01:33:00,10127.669999999996,10127.669999999996
2025-09-08 02:33:00,10127.669999999996,10127.669999999996
2025-09-08 03:33:00,10127.669999999996,10127.669999999996
2025-09-08 04:33:00,10127.669999999996,10127.669999999996
2025-09-08 05:33:00,10127.669999999996,10127.669999999996
2025-09-08 06:33:00,10127.669999999996,10127.669999999996
2025-09-08 07:33:00,10127.669999999996,10127.669999999996
2025-09-08 08:33:00,10127.669999999996,10127.669999999996
2025-09-08 09:33:00,10127.669999999996,10127.669999999996
2025-09-08 10:33:00,10127.669999999996,10127.669999999996
2025-09-08 11:33:00,10127.669999999996,10127.669999999996
2025-09-08 12:33:00,10127.669999999996,10127.669999999996
2025-09-08 13:33:00,10127.669999999996,10127.669999999996
2025-09-08 14:33:00,10127.669999999996,10127.669999999996
2025-09-08 15:33:00,10127.669999999996,10127.669999999996
2025-09-08 16:33:00,10127.669999999996,10127.669999999996
2025-09-08 17:33:00,10127.669999999996,10127.669999999996
2025-09-08 18:33:00,10127.669999999996,10127.669999999996
2025-09-08 19:33:00,10127.669999999996,10127.669999999996
2025-09-08 20:33:00,10127.669999999996,10127.669999999996
2025-09-08 21:33:00,10127.669999999996,10127.669999999996
2025-09-08 22:33:00,10127.669999999996,10127.669999999996
2025-09-08 23:33:00,10127.669999999996,10127.669999999996
2025-09-09 01:34:00,10127.669999999996,10127.669999999996
2025-09-09 02:34:00,10127.669999999996,10127.669999999996
2025-09-09 03:34:00,10127.669999999996,10127.669999999996
2025-09-09 04:34:00,10127.669999999996,10127.669999999996
2025-09-09 05:34:00,10127.669999999996,10127.669999999996
2025-09-09 06:34:00,10127.669999999996,10127.669999999996
2025-09-09 07:34:00,10127.669999999996,10127.669999999996
2025-09-09 08:34:00,10127.669999999996,10127.669999999996
2025-09-09 09:34:00,10127.669999999996,10127.669999999996
2025-09-09 10:34:00,10127.669999999996,10127.669999999996
2025-09-09 11:34:00,10127.669999999996,10127.669999999996
2025-09-09 12:34:00,10127.669999999996,10127.669999999996
2025-09-09 13:34:00,10127.669999999996,10127.669999999996
2025-09-09 14:34:00,10127.669999999996,10127.669999999996
2025-09-09 15:34:00,10127.669999999996,10127.669999999996
2025-09-09 16:34:00,10127.669999999996,10127.669999999996
2025-09-09 17:34:00,10127.669999999996,10127.669999999996
2025-09-09 18:34:00,10127.669999999996,10127.669999999996
2025-09-09 19:34:00,10127.669999999996,10127.669999999996
2025-09-09 20:34:00,10127.669999999996,10127.669999999996
2025-09-09 21:34:00,10127.669999999996,10127.669999999996
2025-09-09 22:34:00,10127.669999999996,10127.669999999996
2025-09-09 23:34:00,10127.669999999996,10127.669999999996
2025-09-10 01:35:00,10127.669999999996,10127.669999999996
2025-09-10 02:35:00,10127.669999999996,10127.669999999996
2025-09-10 03:35:00,10127.669999999996,10127.669999999996
2025-09-10 04:35:00,10127.669999999996,10127.669999999996
2025-09-10 05:35:00,10127.669999999996,10127.669999999996
2025-09-10 06:35:00,10127.669999999996,10127.669999999996
2025-09-10 07:35:00,10127.669999999996,10127.669999999996
2025-09-10 08:35:00,10127.669999999996,10127.669999999996
2025-09-10 09:35:00,10127.669999999996,10127.669999999996
2025-09-10 10:35:00,10127.669999999996,10127.669999999996
2025-09-10 11:35:00,10127.669999999996,10127.669999999996
2025-09-10 12:35:00,10127.669999999996,10127.669999999996
2025-09-10 13:35:00,10127.669999999996,10127.669999999996
2025-09-10 14:35:00,10138.709999999997,10193.909999999996
2025-09-10 15:35:00,10162.889999999998,10225.169999999998
2025-09-10 16:35:00,10211.279999999999,10246.499999999998
2025-09-10 17:35:00,10211.279999999999,10224.3
2025-09-10 18:35:00,10211.279999999999,10281.539999999999
2025-09-10 19:35:00,10211.279999999999,10311.84
2025-09-10 20:35:00,10211.279999999999,10280.82
2025-09-10 21:35:00,10211.279999999999,10269.06
2025-09-10 22:35:00,10211.279999999999,10333.919999999998
2025-09-10 23:35:00,10211.279999999999,10316.58
2025-09-11 01:36:00,10212.179999999998,10311.36
2025-09-11 02:36:00,10212.179999999998,10298.759999999998
2025-09-11 03:36:00,10212.179999999998,10290.599999999997
2025-09-11 04:36:00,10212.179999999998,10294.139999999998
2025-09-11 05:36:00,10212.179999999998,10328.279999999999
2025-09-11 06:36:00,10212.179999999998,10362.239999999998
2025-09-11 07:36:00,10212.179999999998,10362.599999999997
2025-09-11 08:36:00,10212.179999999998,10366.139999999998
2025-09-11 09:36:00,10405.74,10405.74
2025-09-11 10:36:00,10405.74,10405.74
2025-09-11 11:36:00,10405.74,10405.74
2025-09-11 12:36:00,10405.74,10405.74
2025-09-11 13:36:00,10405.74,10405.74
2025-09-11 14:36:00,10405.74,10405.74
2025-09-11 15:36:00,10405.74,10405.74
2025-09-11 16:36:00,10405.74,10405.74
2025-09-11 17:36:00,10405.74,10405.74
2025-09-11 18:36:00,10405.74,10405.74
2025-09-11 19:36:00,10405.74,10405.74
2025-09-11 20:36:00,10405.74,10405.74
2025-09-11 21:36:00,10405.74,10405.74
2025-09-11 22:36:00,10405.74,10405.74
2025-09-11 23:36:00,10405.74,10405.74
2025-09-12 01:37:00,10405.74,10405.74
2025-09-12 02:37:00,10405.74,10405.74
2025-09-12 03:37:00,10405.74,10405.74
2025-09-12 04:37:00,10405.74,10405.74
2025-09-12 05:37:00,10405.74,10405.74
2025-09-12 06:37:00,10405.74,10405.74
2025-09-12 07:37:00,10405.74,10405.74
2025-09-12 08:37:00,10405.74,10405.74
2025-09-12 09:37:00,10405.74,10405.74
2025-09-12 10:37:00,10405.74,10405.74
2025-09-12 11:37:00,10405.74,10405.74
2025-09-12 12:37:00,10405.74,10405.74
2025-09-12 13:37:00,10405.74,10405.74
2025-09-12 14:37:00,10405.74,10405.74
2025-09-12 15:37:00,10405.74,10405.74
2025-09-12 16:37:00,10405.74,10405.74
2025-09-12 17:37:00,10405.74,10405.74
2025-09-12 18:37:00,10404.83,10412.760000000002
2025-09-12 19:37:00,10404.83,10416.010000000002
2025-09-12 20:37:00,10404.83,10454.490000000002
2025-09-12 21:37:00,10404.83,10434.470000000003
2025-09-12 22:37:00,10404.83,10387.02
2025-09-12 23:37:00,10404.83,10353.349999999999
2025-09-15 01:38:00,10398.33,10337.230000000003
2025-09-15 02:38:00,10297.320000000002,10297.320000000002
2025-09-15 03:38:00,10297.320000000002,10297.320000000002
2025-09-15 04:38:00,10297.320000000002,10297.320000000002
2025-09-15 05:38:00,10297.320000000002,10297.320000000002
2025-09-15 06:38:00,10297.320000000002,10297.320000000002
2025-09-15 07:38:00,10297.320000000002,10297.320000000002
2025-09-15 08:38:00,10297.320000000002,10297.320000000002
2025-09-15 09:38:00,10297.320000000002,10297.320000000002
2025-09-15 10:38:00,10296.2,10318.440000000006
2025-09-15 11:38:00,10314.400000000001,10342.480000000003
2025-09-15 12:38:00,10313.200000000003,10313.200000000003
2025-09-15 13:38:00,10313.200000000003,10313.200000000003
2025-09-15 14:38:00,10313.200000000003,10313.200000000003
2025-09-15 15:38:00,10313.200000000003,10313.200000000003
2025-09-15 16:38:00,10313.200000000003,10313.200000000003
2025-09-15 17:38:00,10313.200000000003,10313.200000000003
2025-09-15 18:38:00,10313.200000000003,10313.200000000003
2025-09-15 19:38:00,10313.200000000003,10313.200000000003
2025-09-15 20:38:00,10313.200000000003,10313.200000000003
2025-09-15 21:38:00,10313.200000000003,10313.200000000003
2025-09-15 22:38:00,10313.200000000003,10313.200000000003
2025-09-15 23:38:00,10313.200000000003,10313.200000000003
2025-09-16 01:39:00,10360.480000000001,10447.74
2025-09-16 02:39:00,10360.480000000001,10442.470000000001
2025-09-16 03:39:00,10421.430000000002,10522.660000000003
2025-09-16 04:39:00,10447.570000000002,10504.719999999998
2025-09-16 05:39:00,10457.789999999992,10512.939999999991
2025-09-16 06:39:00,10457.289999999992,10507.189999999991
2025-09-16 07:39:00,10457.289999999992,10495.589999999991
2025-09-16 08:39:00,10457.289999999992,10507.489999999993
2025-09-16 09:39:00,10457.289999999992,10531.639999999992
2025-09-16 10:39:00,10457.289999999992,10534.889999999992
2025-09-16 11:39:00,10457.289999999992,10561.639999999992
2025-09-16 12:39:00,10579.189999999993,10579.189999999993
2025-09-16 13:39:00,10579.189999999993,10579.189999999993
2025-09-16 14:39:00,10579.189999999993,10579.189999999993
2025-09-16 15:39:00,10579.189999999993,10579.189999999993
2025-09-16 16:39:00,10579.189999999993,10579.189999999993
2025-09-16 17:39:00,10579.189999999993,10579.189999999993
2025-09-16 18:39:00,10579.189999999993,10579.189999999993
2025-09-16 19:39:00,10579.189999999993,10579.189999999993
2025-09-16 20:39:00,10579.189999999993,10579.189999999993
2025-09-16 21:39:00,10579.189999999993,10579.189999999993
2025-09-16 22:39:00,10579.189999999993,10579.189999999993
2025-09-16 23:39:00,10579.189999999993,10579.189999999993
2025-09-17 01:40:00,10579.189999999993,10579.189999999993
2025-09-17 02:40:00,10579.189999999993,10579.189999999993
2025-09-17 03:40:00,10579.189999999993,10579.189999999993
2025-09-17 04:40:00,10579.189999999993,10579.189999999993
2025-09-17 05:40:00,10579.189999999993,10579.189999999993
2025-09-17 06:40:00,10589.419999999982,10589.419999999982
2025-09-17 07:40:00,10589.419999999982,10589.419999999982
2025-09-17 08:40:00,10589.419999999982,10589.419999999982
2025-09-17 09:40:00,10589.419999999982,10589.419999999982
2025-09-17 10:40:00,10589.419999999982,10589.419999999982
2025-09-17 11:40:00,10589.419999999982,10589.419999999982
2025-09-17 12:40:00,10589.419999999982,10589.419999999982
2025-09-17 13:40:00,10589.419999999982,10589.419999999982
2025-09-17 14:40:00,10589.419999999982,10589.419999999982
2025-09-17 15:40:00,10589.419999999982,10589.419999999982
2025-09-17 16:40:00,10589.419999999982,10589.419999999982
2025-09-17 17:40:00,10589.419999999982,10589.419999999982
2025-09-17 18:40:00,10589.419999999982,10589.419999999982
2025-09-17 19:40:00,10589.419999999982,10589.419999999982
2025-09-17 20:40:00,10589.419999999982,10589.419999999982
2025-09-17 21:40:00,10589.419999999982,10589.419999999982
2025-09-17 22:40:00,10589.419999999982,10589.419999999982
2025-09-17 23:40:00,10589.419999999982,10589.419999999982
2025-09-18 01:41:00,10589.419999999982,10589.419999999982
2025-09-18 02:41:00,10589.419999999982,10589.419999999982
2025-09-18 03:41:00,10589.419999999982,10589.419999999982
2025-09-18 04:41:00,10589.419999999982,10589.419999999982
2025-09-18 05:41:00,10589.419999999982,10589.419999999982
2025-09-18 06:41:00,10589.419999999982,10589.419999999982
2025-09-18 07:41:00,10589.419999999982,10589.419999999982
2025-09-18 08:41:00,10589.419999999982,10589.419999999982
2025-09-18 09:41:00,10589.419999999982,10589.419999999982
2025-09-18 10:41:00,10482.17999999998,10482.17999999998
2025-09-18 11:41:00,10482.17999999998,10482.17999999998
2025-09-18 12:41:00,10482.17999999998,10482.17999999998
2025-09-18 13:41:00,10482.17999999998,10482.17999999998
2025-09-18 14:41:00,10482.17999999998,10482.17999999998
2025-09-18 15:41:00,10482.17999999998,10482.17999999998
2025-09-18 16:41:00,10482.17999999998,10482.17999999998
2025-09-18 17:41:00,10482.17999999998,10482.17999999998
2025-09-18 18:41:00,10482.17999999998,10482.17999999998
2025-09-18 19:41:00,10482.17999999998,10482.17999999998
2025-09-18 20:41:00,10482.17999999998,10482.17999999998
2025-09-18 21:41:00,10482.17999999998,10482.17999999998
2025-09-18 22:41:00,10482.17999999998,10482.17999999998
2025-09-18 23:41:00,10482.17999999998,10482.17999999998
2025-09-19 01:42:00,10482.17999999998,10482.17999999998
2025-09-19 02:42:00,10482.17999999998,10482.17999999998
2025-09-19 03:42:00,10482.17999999998,10482.17999999998
2025-09-19 04:42:00,10482.17999999998,10482.17999999998
2025-09-19 05:42:00,10482.17999999998,10482.17999999998
2025-09-19 06:42:00,10482.17999999998,10482.17999999998
2025-09-19 07:42:00,10482.17999999998,10482.17999999998
2025-09-19 08:42:00,10482.17999999998,10482.17999999998
2025-09-19 09:42:00,10482.17999999998,10482.17999999998
2025-09-19 10:42:00,10482.17999999998,10482.17999999998
2025-09-19 11:42:00,10482.17999999998,10482.17999999998
2025-09-19 12:42:00,10482.17999999998,10482.17999999998
2025-09-19 13:42:00,10482.17999999998,10482.17999999998
2025-09-19 14:42:00,10482.17999999998,10482.17999999998
2025-09-19 15:42:00,10482.17999999998,10482.17999999998
2025-09-19 16:42:00,10482.17999999998,10482.17999999998
2025-09-19 17:42:00,10482.17999999998,10482.17999999998
2025-09-19 18:42:00,10482.17999999998,10482.17999999998
2025-09-19 19:42:00,10482.17999999998,10482.17999999998
2025-09-19 20:42:00,10482.17999999998,10482.17999999998
2025-09-19 21:42:00,10482.17999999998,10482.17999999998
2025-09-19 22:42:00,10482.17999999998,10482.17999999998
2025-09-19 23:42:00,10482.17999999998,10482.17999999998
2025-09-22 01:43:00,10482.17999999998,10482.17999999998
2025-09-22 02:43:00,10482.17999999998,10482.17999999998
2025-09-22 03:43:00,10482.17999999998,10482.17999999998
2025-09-22 04:43:00,10482.17999999998,10482.17999999998
2025-09-22 05:43:00,10482.17999999998,10482.17999999998
2025-09-22 06:43:00,10482.17999999998,10482.17999999998
2025-09-22 07:43:00,10482.17999999998,10482.17999999998
2025-09-22 08:43:00,10482.17999999998,10482.17999999998
2025-09-22 09:43:00,10482.17999999998,10482.17999999998
2025-09-22 10:43:00,10482.17999999998,10482.17999999998
2025-09-22 11:43:00,10482.17999999998,10482.17999999998
2025-09-22 12:43:00,10482.17999999998,10482.17999999998
2025-09-22 13:43:00,10482.17999999998,10482.17999999998
2025-09-22 14:43:00,10482.17999999998,10482.17999999998
2025-09-22 15:43:00,10482.17999999998,10482.17999999998
2025-09-22 16:43:00,10482.17999999998,10482.17999999998
2025-09-22 17:43:00,10482.17999999998,10482.17999999998
2025-09-22 18:43:00,10482.17999999998,10482.17999999998
2025-09-22 19:43:00,10482.17999999998,10482.17999999998
2025-09-22 20:43:00,10482.17999999998,10482.17999999998
2025-09-22 21:43:00,10482.17999999998,10482.17999999998
2025-09-22 22:43:00,10513.939999999982,10605.059999999961
2025-09-22 23:43:00,10590.279999999979,10741.619999999977
2025-09-23 01:44:00,10453.659999999967,10453.659999999967
2025-09-23 02:44:00,10453.659999999967,10453.659999999967
2025-09-23 03:44:00,10453.659999999967,10453.659999999967
2025-09-23 04:44:00,10453.659999999967,10453.659999999967
2025-09-23 05:44:00,10453.659999999967,10453.659999999967
2025-09-23 06:44:00,10453.659999999967,10453.659999999967
2025-09-23 07:44:00,10453.659999999967,10453.659999999967
2025-09-23 08:44:00,10453.659999999967,10453.659999999967
2025-09-23 09:44:00,10453.659999999967,10453.659999999967
2025-09-23 10:44:00,10453.659999999967,10453.659999999967
2025-09-23 11:44:00,10453.659999999967,10453.659999999967
2025-09-23 12:44:00,10453.659999999967,10453.659999999967
2025-09-23 13:44:00,10453.659999999967,10453.659999999967
2025-09-23 14:44:00,10453.659999999967,10453.659999999967
2025-09-23 15:44:00,10453.659999999967,10453.659999999967
2025-09-23 16:44:00,10453.659999999967,10453.659999999967
2025-09-23 17:44:00,10453.659999999967,10453.659999999967
2025-09-23 18:44:00,10453.659999999967,10453.659999999967
2025-09-23 19:44:00,10469.479999999967,10568.599999999966
2025-09-23 20:44:00,10571.839999999967,10639.999999999967
2025-09-23 21:44:00,10571.839999999967,10654.219999999968
2025-09-23 22:44:00,10443.799999999963,10443.799999999963
2025-09-23 23:44:00,10443.799999999963,10443.799999999963
2025-09-24 01:45:00,10443.799999999963,10443.799999999963
2025-09-24 02:45:00,10443.799999999963,10443.799999999963
2025-09-24 03:45:00,10443.799999999963,10443.799999999963
2025-09-24 04:45:00,10443.799999999963,10443.799999999963
2025-09-24 05:45:00,10443.799999999963,10443.799999999963
2025-09-24 06:45:00,10443.799999999963,10443.799999999963
2025-09-24 07:45:00,10443.799999999963,10443.799999999963
2025-09-24 08:45:00,10443.799999999963,10443.799999999963
2025-09-24 09:45:00,10443.799999999963,10443.799999999963
2025-09-24 10:45:00,10443.799999999963,10443.799999999963
2025-09-24 11:45:00,10443.799999999963,10443.799999999963
2025-09-24 12:45:00,10443.799999999963,10443.799999999963
2025-09-24 13:45:00,10443.799999999963,10443.799999999963
2025-09-24 14:45:00,10443.799999999963,10443.799999999963
2025-09-24 15:45:00,10443.799999999963,10443.799999999963
2025-09-24 16:45:00,10443.799999999963,10443.799999999963
2025-09-24 17:45:00,10443.799999999963,10443.799999999963
2025-09-24 18:45:00,10443.799999999963,10443.799999999963
2025-09-24 19:45:00,10443.799999999963,10443.799999999963
2025-09-24 20:45:00,10443.799999999963,10443.799999999963
2025-09-24 21:45:00,10443.799999999963,10443.799999999963
2025-09-24 22:45:00,10443.799999999963,10443.799999999963
2025-09-24 23:45:00,10443.799999999963,10443.799999999963
2025-09-25 01:46:00,10443.799999999963,10443.799999999963
2025-09-25 02:46:00,10443.799999999963,10443.799999999963
2025-09-25 03:46:00,10443.799999999963,10443.799999999963
2025-09-25 04:46:00,10443.799999999963,10443.799999999963
2025-09-25 05:46:00,10443.799999999963,10443.799999999963
2025-09-25 06:46:00,10443.799999999963,10443.799999999963
2025-09-25 07:46:00,10443.799999999963,10443.799999999963
2025-09-25 08:46:00,10443.799999999963,10443.799999999963
2025-09-25 09:46:00,10443.799999999963,10443.799999999963
2025-09-25 10:46:00,10443.799999999963,10443.799999999963
2025-09-25 11:46:00,10443.799999999963,10443.799999999963
2025-09-25 12:46:00,10443.799999999963,10443.799999999963
2025-09-25 13:46:00,10443.799999999963,10443.799999999963
2025-09-25 14:46:00,10443.799999999963,10443.799999999963
2025-09-25 15:46:00,10443.799999999963,10443.799999999963
2025-09-25 16:46:00,10443.799999999963,10443.799999999963
2025-09-25 17:46:00,10494.739999999962,10564.23999999996
2025-09-25 18:46:00,10493.739999999962,10493.739999999962
2025-09-25 19:46:00,10493.739999999962,10493.739999999962
2025-09-25 20:46:00,10493.739999999962,10493.739999999962
2025-09-25 21:46:00,10362.45999999997,10362.45999999997
2025-09-25 22:46:00,10362.45999999997,10362.45999999997
2025-09-25 23:46:00,10362.45999999997,10362.45999999997
2025-09-26 01:47:00,10362.45999999997,10362.45999999997
2025-09-26 02:47:00,10362.45999999997,10362.45999999997
2025-09-26 03:47:00,10362.45999999997,10362.45999999997
2025-09-26 04:47:00,10362.45999999997,10362.45999999997
2025-09-26 05:47:00,10362.45999999997,10362.45999999997
2025-09-26 06:47:00,10362.45999999997,10362.45999999997
2025-09-26 07:47:00,10362.45999999997,10362.45999999997
2025-09-26 08:47:00,10378.94999999997,10435.449999999975
2025-09-26 09:47:00,10414.849999999973,10414.849999999973
2025-09-26 10:47:00,10414.849999999973,10414.849999999973
2025-09-26 11:47:00,10414.849999999973,10414.849999999973
2025-09-26 12:47:00,10414.849999999973,10414.849999999973
2025-09-26 13:47:00,10414.849999999973,10414.849999999973
2025-09-26 14:47:00,10414.849999999973,10414.849999999973
2025-09-26 15:47:00,10414.849999999973,10414.849999999973
2025-09-26 16:47:00,10414.849999999973,10414.849999999973
2025-09-26 17:47:00,10414.849999999973,10414.849999999973
2025-09-26 18:47:00,10414.849999999973,10414.849999999973
2025-09-26 19:47:00,10414.849999999973,10414.849999999973
2025-09-26 20:47:00,10414.849999999973,10414.849999999973
2025-09-26 21:47:00,10414.849999999973,10414.849999999973
2025-09-26 22:47:00,10414.849999999973,10414.849999999973
2025-09-26 23:47:00,10414.849999999973,10414.849999999973
2025-09-29 01:48:00,10414.849999999973,10414.849999999973
2025-09-29 02:48:00,10414.849999999973,10414.849999999973
2025-09-29 03:48:00,10414.849999999973,10414.849999999973
2025-09-29 04:48:00,10414.849999999973,10414.849999999973
2025-09-29 05:48:00,10414.849999999973,10414.849999999973
2025-09-29 06:48:00,10414.849999999973,10414.849999999973
2025-09-29 07:48:00,10414.849999999973,10414.849999999973
2025-09-29 08:48:00,10414.849999999973,10414.849999999973
2025-09-29 09:48:00,10414.849999999973,10414.849999999973
2025-09-29 10:48:00,10414.849999999973,10414.849999999973
2025-09-29 11:48:00,10414.849999999973,10414.849999999973
2025-09-29 12:48:00,10414.849999999973,10414.849999999973
2025-09-29 13:48:00,10414.849999999973,10414.849999999973
2025-09-29 14:48:00,10414.849999999973,10414.849999999973
2025-09-29 15:48:00,10414.849999999973,10414.849999999973
2025-09-29 16:48:00,10414.849999999973,10414.849999999973
2025-09-29 17:48:00,10414.849999999973,10414.849999999973
2025-09-29 18:48:00,10414.849999999973,10414.849999999973
2025-09-29 19:48:00,10414.849999999973,10414.849999999973
2025-09-29 20:48:00,10414.849999999973,10414.849999999973
2025-09-29 21:48:00,10414.849999999973,10414.849999999973
2025-09-29 22:48:00,10414.849999999973,10414.849999999973
2025-09-29 23:48:00,10414.849999999973,10414.849999999973
2025-09-30 01:49:00,10414.849999999973,10414.849999999973
2025-09-30 02:49:00,10414.849999999973,10414.849999999973
2025-09-30 03:49:00,10414.849999999973,10414.849999999973
2025-09-30 04:49:00,10414.849999999973,10414.849999999973
2025-09-30 05:49:00,10414.849999999973,10414.849999999973
2025-09-30 06:49:00,10414.849999999973,10414.849999999973
2025-09-30 07:49:00,10414.849999999973,10414.849999999973
2025-09-30 08:49:00,10414.849999999973,10414.849999999973
2025-09-30 09:49:00,10414.849999999973,10414.849999999973
2025-09-30 10:49:00,10414.849999999973,10414.849999999973
2025-09-30 11:49:00,10414.849999999973,10414.849999999973
2025-09-30 12:49:00,10414.849999999973,10414.849999999973
2025-09-30 13:49:00,10414.849999999973,10414.849999999973
2025-09-30 14:49:00,10414.849999999973,10414.849999999973
2025-09-30 15:49:00,10414.849999999973,10414.849999999973
2025-09-30 16:49:00,10414.429999999973,10380.769999999975
2025-09-30 17:49:00,10320.589999999975,10320.589999999975
2025-09-30 18:49:00,10336.239999999974,10358.079999999973
2025-09-30 19:49:00,10353.549999999974,10451.949999999972
2025-09-30 20:49:00,10353.549999999974,10404.449999999972
2025-09-30 21:49:00,10353.549999999974,10451.949999999972
2025-09-30 22:49:00,10388.139999999974,10509.519999999971
2025-09-30 23:49:00,10388.139999999974,10531.919999999973
2025-10-01 01:50:00,10446.819999999974,10538.739999999974
2025-10-01 02:50:00,10446.819999999974,10544.899999999974
2025-10-01 03:50:00,10446.819999999974,10549.979999999974
2025-10-01 04:50:00,10446.819999999974,10569.379999999974
2025-10-01 05:50:00,10446.819999999974,10561.579999999974
2025-10-01 06:50:00,10446.819999999974,10546.139999999974
2025-10-01 07:50:00,10446.819999999974,10541.779999999973
2025-10-01 08:50:00,10446.819999999974,10549.579999999974
2025-10-01 09:50:00,10446.819999999974,10547.139999999974
2025-10-01 10:50:00,10446.819999999974,10594.139999999974
2025-10-01 11:50:00,10631.339999999975,10631.339999999975
2025-10-01 12:50:00,10631.339999999975,10631.339999999975
2025-10-01 13:50:00,10631.339999999975,10631.339999999975
2025-10-01 14:50:00,10631.339999999975,10631.339999999975
2025-10-01 15:50:00,10631.339999999975,10631.339999999975
2025-10-01 16:50:00,10631.339999999975,10631.339999999975
2025-10-01 17:50:00,10631.339999999975,10631.339999999975
2025-10-01 18:50:00,10631.339999999975,10631.339999999975
2025-10-01 19:50:00,10631.339999999975,10631.339999999975
2025-10-01 20:50:00,10631.339999999975,10631.339999999975
2025-10-01 21:50:00,10631.339999999975,10631.339999999975
2025-10-01 22:50:00,10631.339999999975,10631.339999999975
2025-10-01 23:50:00,10631.339999999975,10631.339999999975
2025-10-02 01:51:00,10631.339999999975,10631.339999999975
2025-10-02 02:51:00,10631.339999999975,10631.339999999975
2025-10-02 03:51:00,10631.339999999975,10631.339999999975
2025-10-02 04:51:00,10631.339999999975,10631.339999999975
2025-10-02 05:51:00,10631.339999999975,10631.339999999975
2025-10-02 06:51:00,10631.339999999975,10631.339999999975
2025-10-02 07:51:00,10631.339999999975,10631.339999999975
2025-10-02 08:51:00,10631.339999999975,10631.339999999975
2025-10-02 09:51:00,10631.339999999975,10631.339999999975
2025-10-02 10:51:00,10631.339999999975,10631.339999999975
2025-10-02 11:51:00,10631.339999999975,10631.339999999975
2025-10-02 12:51:00,10631.339999999975,10631.339999999975
2025-10-02 13:51:00,10656.21999999998,10656.21999999998
2025-10-02 14:51:00,10656.21999999998,10656.21999999998
2025-10-02 15:51:00,10656.21999999998,10656.21999999998
2025-10-02 16:51:00,10656.21999999998,10656.21999999998
2025-10-02 17:51:00,10656.21999999998,10656.21999999998
2025-10-02 18:51:00,10656.21999999998,10656.21999999998
2025-10-02 19:51:00,10656.21999999998,10656.21999999998
2025-10-02 20:51:00,10656.21999999998,10656.21999999998
2025-10-02 21:51:00,10656.21999999998,10656.21999999998
2025-10-02 22:51:00,10656.21999999998,10656.21999999998
2025-10-02 23:51:00,10656.21999999998,10656.21999999998
2025-10-03 01:52:00,10656.21999999998,10656.21999999998
2025-10-03 02:52:00,10656.21999999998,10656.21999999998
2025-10-03 03:52:00,10656.21999999998,10656.21999999998
2025-10-03 04:52:00,10656.21999999998,10656.21999999998
2025-10-03 05:52:00,10656.21999999998,10656.21999999998
2025-10-03 06:52:00,10656.21999999998,10656.21999999998
2025-10-03 07:52:00,10656.21999999998,10656.21999999998
2025-10-03 08:52:00,10656.21999999998,10656.21999999998
2025-10-03 09:52:00,10656.21999999998,10656.21999999998
2025-10-03 10:52:00,10655.939999999979,10657.179999999978
2025-10-03 11:52:00,10655.939999999979,10666.019999999979
2025-10-03 12:52:00,10655.939999999979,10664.619999999979
2025-10-03 13:52:00,10655.939999999979,10643.419999999978
2025-10-03 14:52:00,10655.939999999979,10658.539999999979
2025-10-03 15:52:00,10655.939999999979,10631.73999999998
2025-10-03 16:52:00,10566.859999999977,10566.859999999977
2025-10-03 17:52:00,10566.859999999977,10566.859999999977
2025-10-03 18:52:00,10566.859999999977,10566.859999999977
2025-10-03 19:52:00,10566.859999999977,10566.859999999977
2025-10-03 20:52:00,10566.859999999977,10566.859999999977
2025-10-03 21:52:00,10566.859999999977,10566.859999999977
2025-10-03 22:52:00,10566.859999999977,10566.859999999977
2025-10-03 23:52:00,10566.859999999977,10566.859999999977
2025-10-06 01:53:00,10566.859999999977,10566.859999999977
2025-10-06 02:53:00,10566.859999999977,10566.859999999977
2025-10-06 03:53:00,10566.859999999977,10566.859999999977
2025-10-06 04:53:00,10566.859999999977,10566.859999999977
2025-10-06 05:53:00,10566.859999999977,10566.859999999977
2025-10-06 06:53:00,10566.859999999977,10566.859999999977
2025-10-06 07:53:00,10566.859999999977,10566.859999999977
2025-10-06 08:53:00,10566.859999999977,10566.859999999977
2025-10-06 09:53:00,10566.859999999977,10566.859999999977
2025-10-06 10:53:00,10566.859999999977,10566.859999999977
2025-10-06 11:53:00,10566.859999999977,10566.859999999977
2025-10-06 12:53:00,10566.859999999977,10566.859999999977
2025-10-06 13:53:00,10566.859999999977,10566.859999999977
2025-10-06 14:53:00,10566.859999999977,10566.859999999977
2025-10-06 15:53:00,10566.859999999977,10566.859999999977
2025-10-06 16:53:00,10566.859999999977,10566.859999999977
2025-10-06 17:53:00,10566.859999999977,10566.859999999977
2025-10-06 18:53:00,10566.859999999977,10566.859999999977
2025-10-06 19:53:00,10566.859999999977,10566.859999999977
2025-10-06 20:53:00,10566.859999999977,10566.859999999977
2025-10-06 21:53:00,10566.859999999977,10566.859999999977
2025-10-06 22:53:00,10566.859999999977,10566.859999999977
2025-10-06 23:53:00,10566.859999999977,10566.859999999977
2025-10-07 01:54:00,10566.859999999977,10566.859999999977
2025-10-07 02:54:00,10566.859999999977,10566.859999999977
2025-10-07 03:54:00,10566.859999999977,10566.859999999977
2025-10-07 04:54:00,10566.859999999977,10566.859999999977
2025-10-07 05:54:00,10566.859999999977,10566.859999999977
2025-10-07 06:54:00,10566.859999999977,10566.859999999977
2025-10-07 07:54:00,10566.859999999977,10566.859999999977
2025-10-07 08:54:00,10566.859999999977,10566.859999999977
2025-10-07 09:54:00,10566.859999999977,10566.859999999977
2025-10-07 10:54:00,10566.859999999977,10566.859999999977
2025-10-07 11:54:00,10566.859999999977,10566.859999999977
2025-10-07 12:54:00,10566.859999999977,10566.859999999977
2025-10-07 13:54:00,10566.859999999977,10566.859999999977
2025-10-07 14:54:00,10566.859999999977,10566.859999999977
2025-10-07 15:54:00,10566.859999999977,10566.859999999977
2025-10-07 16:54:00,10566.859999999977,10566.859999999977
2025-10-07 17:54:00,10566.859999999977,10566.859999999977
2025-10-07 18:54:00,10566.859999999977,10566.859999999977
2025-10-07 19:54:00,10566.859999999977,10566.859999999977
2025-10-07 20:54:00,10566.859999999977,10566.859999999977
2025-10-07 21:54:00,10566.859999999977,10566.859999999977
2025-10-07 22:54:00,10566.859999999977,10566.859999999977
2025-10-07 23:54:00,10566.859999999977,10566.859999999977
2025-10-08 01:55:00,10566.859999999977,10566.859999999977
2025-10-08 02:55:00,10566.859999999977,10566.859999999977
2025-10-08 03:55:00,10566.859999999977,10566.859999999977
2025-10-08 04:55:00,10566.859999999977,10566.859999999977
2025-10-08 05:55:00,10566.859999999977,10566.859999999977
2025-10-08 06:55:00,10566.859999999977,10566.859999999977
2025-10-08 07:55:00,10566.859999999977,10566.859999999977
2025-10-08 08:55:00,10566.859999999977,10566.859999999977
2025-10-08 09:55:00,10566.859999999977,10566.859999999977
2025-10-08 10:55:00,10566.859999999977,10566.859999999977
2025-10-08 11:55:00,10566.859999999977,10566.859999999977
2025-10-08 12:55:00,10566.859999999977,10566.859999999977
2025-10-08 13:55:00,10566.859999999977,10566.859999999977
2025-10-08 14:55:00,10566.859999999977,10566.859999999977
2025-10-08 15:55:00,10566.859999999977,10566.859999999977
2025-10-08 16:55:00,10566.859999999977,10566.859999999977
2025-10-08 17:55:00,10566.859999999977,10566.859999999977
2025-10-08 18:55:00,10566.859999999977,10566.859999999977
2025-10-08 19:55:00,10566.859999999977,10566.859999999977
2025-10-08 20:55:00,10432.589999999976,10432.589999999976
2025-10-08 21:55:00,10432.589999999976,10432.589999999976
2025-10-08 22:55:00,10432.589999999976,10432.589999999976
2025-10-08 23:55:00,10432.589999999976,10432.589999999976
2025-10-09 01:56:00,10432.589999999976,10432.589999999976
2025-10-09 02:56:00,10432.589999999976,10432.589999999976
2025-10-09 03:56:00,10432.589999999976,10432.589999999976
2025-10-09 04:56:00,10481.499999999976,10510.859999999973
2025-10-09 05:56:00,10480.699999999973,10480.699999999973
2025-10-09 06:56:00,10480.699999999973,10480.699999999973
2025-10-09 07:56:00,10480.699999999973,10480.699999999973
2025-10-09 08:56:00,10480.699999999973,10480.699999999973
2025-10-09 09:56:00,10480.699999999973,10480.699999999973
2025-10-09 10:56:00,10480.699999999973,10480.699999999973
2025-10-09 11:56:00,10480.699999999973,10480.699999999973
2025-10-09 12:56:00,10480.699999999973,10480.699999999973
2025-10-09 13:56:00,10480.699999999973,10480.699999999973
2025-10-09 14:56:00,10480.699999999973,10480.699999999973
2025-10-09 15:56:00,10479.369999999974,10448.77999999998
2025-10-09 16:56:00,10376.959999999975,10376.959999999975
2025-10-09 17:56:00,10376.959999999975,10376.959999999975
2025-10-09 18:56:00,10376.959999999975,10376.959999999975
2025-10-09 19:56:00,10376.959999999975,10376.959999999975
2025-10-09 20:56:00,10376.959999999975,10376.959999999975
2025-10-09 21:56:00,10376.959999999975,10376.959999999975
2025-10-09 22:56:00,10376.749999999976,10371.769999999975
2025-10-09 23:56:00,10376.749999999976,10371.949999999977
2025-10-10 01:57:00,10395.469999999978,10453.48999999998
2025-10-10 02:57:00,10432.289999999979,10515.849999999979
2025-10-10 03:57:00,10508.75999999998,10483.439999999988
2025-10-10 04:57:00,10567.47999999998,10688.75999999998
2025-10-10 05:57:00,10567.079999999978,10689.419999999984
2025-10-10 06:57:00,10626.38999999998,10791.839999999982
2025-10-10 07:57:00,10864.82999999998,10891.52999999998
2025-10-10 08:57:00,10864.82999999998,10869.59999999998
2025-10-10 09:57:00,10864.82999999998,10880.90999999998
2025-10-10 10:57:00,10864.82999999998,10858.88999999998
2025-10-10 11:57:00,10864.82999999998,10808.93999999998
2025-10-10 12:57:00,10864.82999999998,10796.06999999998
2025-10-10 13:57:00,10864.82999999998,10802.27999999998
2025-10-10 14:57:00,10906.09999999998,10894.73999999998
2025-10-10 15:57:00,10905.399999999981,10871.229999999981
2025-10-10 16:57:00,10905.399999999981,10897.479999999981
2025-10-10 17:57:00,10916.489999999983,10883.159999999985
2025-10-10 18:57:00,10809.599999999982,10809.599999999982
2025-10-10 19:57:00,10809.599999999982,10809.599999999982
2025-10-10 20:57:00,10809.599999999982,10809.599999999982
2025-10-10 21:57:00,10809.599999999982,10809.599999999982
2025-10-10 22:57:00,10809.599999999982,10809.599999999982
2025-10-10 23:57:00,10809.599999999982,10809.599999999982
2025-10-13 01:58:00,10820.369999999983,10820.369999999983
2025-10-13 02:58:00,10820.369999999983,10820.369999999983
2025-10-13 03:58:00,10820.369999999983,10820.369999999983
2025-10-13 04:58:00,10820.369999999983,10820.369999999983
2025-10-13 05:58:00,10820.369999999983,10820.369999999983
2025-10-13 06:58:00,10820.369999999983,10820.369999999983
2025-10-13 07:58:00,10820.369999999983,10820.369999999983
2025-10-13 08:58:00,10820.369999999983,10820.369999999983
2025-10-13 09:58:00,10820.369999999983,10820.369999999983
2025-10-13 10:58:00,10820.369999999983,10820.369999999983
2025-10-13 11:58:00,10820.369999999983,10820.369999999983
2025-10-13 12:58:00,10820.369999999983,10820.369999999983
2025-10-13 13:58:00,10820.369999999983,10820.369999999983
2025-10-13 14:58:00,10820.369999999983,10820.369999999983
2025-10-13 15:58:00,10820.369999999983,10820.369999999983
2025-10-13 16:58:00,10820.369999999983,10820.369999999983
2025-10-13 17:58:00,10820.369999999983,10820.369999999983
2025-10-13 18:58:00,10820.369999999983,10820.369999999983
2025-10-13 19:58:00,10820.369999999983,10820.369999999983
2025-10-13 20:58:00,10820.369999999983,10820.369999999983
2025-10-13 21:58:00,10820.369999999983,10820.369999999983
2025-10-13 22:58:00,10820.369999999983,10820.369999999983
2025-10-13 23:58:00,10820.369999999983,10820.369999999983
2025-10-14 01:59:00,10820.369999999983,10820.369999999983
2025-10-14 02:59:00,10820.369999999983,10820.369999999983
2025-10-14 03:59:00,10820.369999999983,10820.369999999983
2025-10-14 04:59:00,10712.219999999992,10712.219999999992
2025-10-14 05:59:00,10712.219999999992,10712.219999999992
2025-10-14 06:59:00,10712.219999999992,10712.219999999992
2025-10-14 07:59:00,10712.219999999992,10712.219999999992
2025-10-14 08:59:00,10712.219999999992,10712.219999999992
2025-10-14 09:59:00,10712.219999999992,10712.219999999992
2025-10-14 10:59:00,10712.219999999992,10712.219999999992
2025-10-14 11:59:00,10711.799999999994,10669.199999999993
2025-10-14 12:59:00,10711.799999999994,10769.699999999993
2025-10-14 13:59:00,10711.799999999994,10743.659999999993
2025-10-14 14:59:00,10711.799999999994,10750.859999999993
2025-10-14 15:59:00,10711.799999999994,10894.499999999989
2025-10-14 16:59:00,10846.439999999988,11025.839999999982
2025-10-14 17:59:00,11001.559999999987,11048.059999999983
2025-10-14 18:59:00,11001.559999999987,10995.499999999982
2025-10-14 19:59:00,11001.559999999987,10981.699999999986
2025-10-14 20:59:00,11001.559999999987,10934.419999999987
2025-10-14 21:59:00,11001.559999999987,10934.179999999986
2025-10-14 22:59:00,11001.559999999987,10974.739999999987
2025-10-15 01:00:00,11004.259999999987,10963.339999999986
2025-10-15 02:00:00,11003.909999999987,10890.169999999993
2025-10-15 03:00:00,11003.909999999987,10869.819999999989
2025-10-15 04:00:00,11003.909999999987,10785.889999999989
2025-10-15 05:00:00,10664.749999999987,10664.749999999987
2025-10-15 06:00:00,10663.909999999987,10710.58999999998
2025-10-15 07:00:00,10723.129999999986,10798.969999999983
2025-10-15 08:00:00,10722.529999999984,10722.529999999984
2025-10-15 09:00:00,10722.529999999984,10722.529999999984
2025-10-15 10:00:00,10722.529999999984,10722.529999999984
2025-10-15 11:00:00,10722.529999999984,10722.529999999984
2025-10-15 12:00:00,10722.529999999984,10722.529999999984
2025-10-15 13:00:00,10722.529999999984,10722.529999999984
2025-10-15 14:00:00,10722.529999999984,10722.529999999984
2025-10-15 15:00:00,10722.529999999984,10722.529999999984
2025-10-15 16:00:00,10722.529999999984,10722.529999999984
2025-10-15 17:00:00,10722.529999999984,10722.529999999984
2025-10-15 18:00:00,10722.529999999984,10722.529999999984
2025-10-15 19:00:00,10821.589999999982,10891.449999999986
2025-10-15 20:00:00,10821.589999999982,10929.039999999985
2025-10-15 21:00:00,10821.589999999982,10945.909999999983
2025-10-15 22:00:00,10982.519999999988,10982.519999999988
2025-10-15 23:00:00,10982.519999999988,10982.519999999988
2025-10-16 01:01:00,10982.519999999988,10982.519999999988
2025-10-16 02:01:00,10982.519999999988,10982.519999999988
2025-10-16 03:01:00,10982.519999999988,10982.519999999988
2025-10-16 04:01:00,10982.519999999988,10982.519999999988
2025-10-16 05:01:00,10982.519999999988,10982.519999999988
2025-10-16 06:01:00,10982.519999999988,10982.519999999988
2025-10-16 07:01:00,10982.519999999988,10982.519999999988
2025-10-16 08:01:00,10982.519999999988,10982.519999999988
2025-10-16 09:01:00,10982.519999999988,10982.519999999988
2025-10-16 10:01:00,10982.519999999988,10982.519999999988
2025-10-16 11:01:00,10982.519999999988,10982.519999999988
2025-10-16 12:01:00,10982.519999999988,10982.519999999988
2025-10-16 13:01:00,10982.519999999988,10982.519999999988
2025-10-16 14:01:00,10982.519999999988,10982.519999999988
2025-10-16 15:01:00,10982.519999999988,10982.519999999988
2025-10-16 16:01:00,10993.469999999987,11092.829999999987
2025-10-16 17:01:00,11063.729999999987,11176.879999999986
2025-10-16 18:01:00,11078.359999999986,11295.80999999999
2025-10-16 19:01:00,11109.439999999984,11454.05999999998
2025-10-16 20:01:00,11447.459999999972,11561.939999999971
2025-10-16 21:01:00,11613.139999999972,11613.139999999972
2025-10-16 22:01:00,11613.139999999972,11613.139999999972
2025-10-16 23:01:00,11613.139999999972,11613.139999999972
2025-10-17 01:02:00,11613.139999999972,11613.139999999972
2025-10-17 02:02:00,11613.139999999972,11613.139999999972
2025-10-17 03:02:00,11613.139999999972,11613.139999999972
2025-10-17 04:02:00,11613.139999999972,11613.139999999972
2025-10-17 05:02:00,11613.139999999972,11613.139999999972
2025-10-17 06:02:00,11613.139999999972,11613.139999999972
2025-10-17 07:02:00,11613.139999999972,11613.139999999972
2025-10-17 08:02:00,11613.139999999972,11613.139999999972
2025-10-17 09:02:00,11613.139999999972,11613.139999999972
2025-10-17 10:02:00,11613.139999999972,11613.139999999972
2025-10-17 11:02:00,11613.139999999972,11613.139999999972
2025-10-17 12:02:00,11613.139999999972,11613.139999999972
2025-10-17 13:02:00,11613.139999999972,11613.139999999972
2025-10-17 14:02:00,11613.139999999972,11613.139999999972
2025-10-17 15:02:00,11613.139999999972,11613.139999999972
2025-10-17 16:02:00,11613.139999999972,11613.139999999972
2025-10-17 17:02:00,11613.139999999972,11613.139999999972
2025-10-17 18:02:00,11613.139999999972,11613.139999999972
2025-10-17 19:02:00,11613.139999999972,11613.139999999972
2025-10-17 20:02:00,11613.139999999972,11613.139999999972
2025-10-17 21:02:00,11613.139999999972,11613.139999999972
2025-10-17 22:02:00,11613.139999999972,11613.139999999972
2025-10-17 23:02:00,11613.139999999972,11613.139999999972
2025-10-20 01:03:00,11613.139999999972,11613.139999999972
2025-10-20 02:03:00,11613.139999999972,11613.139999999972
2025-10-20 03:03:00,11613.139999999972,11613.139999999972
2025-10-20 04:03:00,11613.139999999972,11613.139999999972
2025-10-20 05:03:00,11613.139999999972,11613.139999999972
2025-10-20 06:03:00,11613.139999999972,11613.139999999972
2025-10-20 07:03:00,11613.139999999972,11613.139999999972
2025-10-20 08:03:00,11613.139999999972,11613.139999999972
2025-10-20 09:03:00,11613.139999999972,11613.139999999972
2025-10-20 10:03:00,11613.139999999972,11613.139999999972
2025-10-20 11:03:00,11613.139999999972,11613.139999999972
2025-10-20 12:03:00,11613.139999999972,11613.139999999972
2025-10-20 13:03:00,11613.139999999972,11613.139999999972
2025-10-20 14:03:00,11691.159999999969,11794.809999999967
2025-10-20 15:03:00,11797.539999999966,12101.639999999965
2025-10-20 16:03:00,12232.88999999996,12232.88999999996
2025-10-20 17:03:00,12232.88999999996,12232.88999999996
2025-10-20 18:03:00,12232.88999999996,12232.88999999996
2025-10-20 19:03:00,12232.88999999996,12232.88999999996
2025-10-20 20:03:00,12232.88999999996,12232.88999999996
2025-10-20 21:03:00,12232.88999999996,12232.88999999996
2025-10-20 22:03:00,12232.88999999996,12232.88999999996
2025-10-20 23:03:00,12232.88999999996,12232.88999999996
2025-10-21 01:04:00,12110.189999999962,12108.269999999964
2025-10-21 02:04:00,12130.37999999996,12130.37999999996
2025-10-21 03:04:00,12130.37999999996,12130.37999999996
2025-10-21 04:04:00,12130.37999999996,12130.37999999996
2025-10-21 05:04:00,12130.37999999996,12130.37999999996
2025-10-21 06:04:00,12130.37999999996,12130.37999999996
2025-10-21 07:04:00,12130.37999999996,12130.37999999996
2025-10-21 08:04:00,12130.37999999996,12130.37999999996
2025-10-21 09:04:00,12130.37999999996,12130.37999999996
2025-10-21 10:04:00,12130.37999999996,12130.37999999996
2025-10-21 11:04:00,12010.439999999959,12010.439999999959
2025-10-21 12:04:00,12010.439999999959,12010.439999999959
2025-10-21 13:04:00,12010.439999999959,12010.439999999959
2025-10-21 14:04:00,12010.439999999959,12010.439999999959
2025-10-21 15:04:00,12010.439999999959,12010.439999999959
2025-10-21 16:04:00,12010.439999999959,12010.439999999959
2025-10-21 17:04:00,12010.439999999959,12010.439999999959
2025-10-21 18:04:00,12010.439999999959,12010.439999999959
2025-10-21 19:04:00,12010.439999999959,12010.439999999959
2025-10-21 20:04:00,12010.439999999959,12010.439999999959
2025-10-21 21:04:00,12010.439999999959,12010.439999999959
2025-10-21 22:04:00,12010.439999999959,12010.439999999959
2025-10-21 23:04:00,12010.439999999959,12010.439999999959
2025-10-22 01:05:00,12010.439999999959,12010.439999999959
2025-10-22 02:05:00,12010.439999999959,12010.439999999959
2025-10-22 03:05:00,12010.439999999959,12010.439999999959
2025-10-22 04:05:00,12010.439999999959,12010.439999999959
2025-10-22 05:05:00,12010.439999999959,12010.439999999959
2025-10-22 06:05:00,12010.439999999959,12010.439999999959
2025-10-22 07:05:00,12010.439999999959,12010.439999999959
2025-10-22 08:05:00,12010.439999999959,12010.439999999959
2025-10-22 09:05:00,12010.439999999959,12010.439999999959
2025-10-22 10:05:00,12010.439999999959,12010.439999999959
2025-10-22 11:05:00,12010.439999999959,12010.439999999959
2025-10-22 12:05:00,12010.439999999959,12010.439999999959
2025-10-22 13:05:00,12010.439999999959,12010.439999999959
2025-10-22 14:05:00,12010.439999999959,12010.439999999959
2025-10-22 15:05:00,12010.439999999959,12010.439999999959
2025-10-22 16:05:00,12010.439999999959,12010.439999999959
2025-10-22 17:05:00,12028.489999999958,12028.489999999958
2025-10-22 18:05:00,12028.489999999958,12028.489999999958
2025-10-22 19:05:00,12028.489999999958,12028.489999999958
2025-10-22 20:05:00,12028.489999999958,12028.489999999958
2025-10-22 21:05:00,12028.489999999958,12028.489999999958
2025-10-22 22:05:00,12028.489999999958,12028.489999999958
2025-10-22 23:05:00,12028.489999999958,12028.489999999958
2025-10-23 01:06:00,12028.489999999958,12028.489999999958
2025-10-23 02:06:00,12028.489999999958,12028.489999999958
2025-10-23 03:06:00,12028.489999999958,12028.489999999958
2025-10-23 04:06:00,12028.489999999958,12028.489999999958
2025-10-23 05:06:00,11922.569999999952,11922.569999999952
2025-10-23 06:06:00,11922.569999999952,11922.569999999952
2025-10-23 07:06:00,11922.569999999952,11922.569999999952
2025-10-23 08:06:00,11922.569999999952,11922.569999999952
2025-10-23 09:06:00,11921.729999999952,11858.009999999947
2025-10-23 10:06:00,11795.229999999954,11862.54999999995
2025-10-23 11:06:00,11820.609999999953,11886.21999999995
2025-10-23 12:06:00,11820.609999999953,11878.62999999995
2025-10-23 13:06:00,11820.609999999953,11861.109999999953
2025-10-23 14:06:00,11876.719999999961,11929.939999999959
2025-10-23 15:06:00,11876.719999999961,11939.689999999959
2025-10-23 16:06:00,11876.41999999996,11876.41999999996
2025-10-23 17:06:00,11876.41999999996,11876.41999999996
2025-10-23 18:06:00,11876.41999999996,11876.41999999996
2025-10-23 19:06:00,11876.41999999996,11876.41999999996
2025-10-23 20:06:00,11876.41999999996,11876.41999999996
2025-10-23 21:06:00,11876.41999999996,11876.41999999996
2025-10-23 22:06:00,11876.41999999996,11876.41999999996
2025-10-23 23:06:00,11876.41999999996,11876.41999999996
2025-10-24 01:07:00,11876.41999999996,11876.41999999996
2025-10-24 02:07:00,11876.41999999996,11876.41999999996
2025-10-24 03:07:00,11876.41999999996,11876.41999999996
2025-10-24 04:07:00,11876.41999999996,11876.41999999996
2025-10-24 05:07:00,11876.41999999996,11876.41999999996
2025-10-24 06:07:00,11876.41999999996,11876.41999999996
2025-10-24 07:07:00,11876.41999999996,11876.41999999996
2025-10-24 08:07:00,11876.41999999996,11876.41999999996
2025-10-24 09:07:00,11876.41999999996,11876.41999999996
2025-10-24 10:07:00,11876.41999999996,11876.41999999996
2025-10-24 11:07:00,11876.41999999996,11876.41999999996
2025-10-24 12:07:00,11876.41999999996,11876.41999999996
2025-10-24 13:07:00,11876.41999999996,11876.41999999996
2025-10-24 14:07:00,11876.41999999996,11876.41999999996
2025-10-24 15:07:00,11876.41999999996,11876.41999999996
2025-10-24 16:07:00,11876.41999999996,11876.41999999996
2025-10-24 17:07:00,11893.33999999996,11941.039999999959
2025-10-24 18:07:00,11928.29999999996,11984.739999999958
2025-10-24 19:07:00,11928.29999999996,12037.65999999996
2025-10-24 20:07:00,11928.29999999996,12022.69999999996
2025-10-24 21:07:00,11927.899999999958,11927.899999999958
2025-10-24 22:07:00,11927.899999999958,11927.899999999958
2025-10-24 23:07:00,11927.899999999958,11927.899999999958
2025-10-27 00:08:00,11927.899999999958,11927.899999999958
2025-10-27 01:08:00,11809.099999999951,11809.099999999951
2025-10-27 02:08:00,11809.099999999951,11809.099999999951
2025-10-27 03:08:00,11809.099999999951,11809.099999999951
2025-10-27 04:08:00,11809.099999999951,11809.099999999951
2025-10-27 05:08:00,11809.099999999951,11809.099999999951
2025-10-27 06:08:00,11809.099999999951,11809.099999999951
2025-10-27 07:08:00,11809.099999999951,11809.099999999951
2025-10-27 08:08:00,11809.099999999951,11809.099999999951
2025-10-27 09:08:00,11809.099999999951,11809.099999999951
2025-10-27 10:08:00,11809.099999999951,11809.099999999951
2025-10-27 11:08:00,11809.099999999951,11809.099999999951
2025-10-27 12:08:00,11809.099999999951,11809.099999999951
2025-10-27 13:08:00,11809.099999999951,11809.099999999951
2025-10-27 14:08:00,11809.099999999951,11809.099999999951
2025-10-27 15:08:00,11809.099999999951,11809.099999999951
2025-10-27 16:08:00,11809.099999999951,11809.099999999951
2025-10-27 17:08:00,11809.099999999951,11809.099999999951
2025-10-27 18:08:00,11809.099999999951,11809.099999999951
2025-10-27 19:08:00,11809.099999999951,11809.099999999951
2025-10-27 20:08:00,11809.099999999951,11809.099999999951
2025-10-27 21:08:00,11809.099999999951,11809.099999999951
2025-10-27 22:08:00,11809.099999999951,11809.099999999951
2025-10-28 00:09:00,11809.099999999951,11809.099999999951
2025-10-28 01:09:00,11809.099999999951,11809.099999999951
2025-10-28 02:09:00,11809.099999999951,11809.099999999951
2025-10-28 03:09:00,11809.099999999951,11809.099999999951
2025-10-28 04:09:00,11809.099999999951,11809.099999999951
2025-10-28 05:09:00,11809.099999999951,11809.099999999951
2025-10-28 06:09:00,11809.099999999951,11809.099999999951
2025-10-28 07:09:00,11809.099999999951,11809.099999999951
2025-10-28 08:09:00,11809.099999999951,11809.099999999951
2025-10-28 09:09:00,11809.099999999951,11809.099999999951
2025-10-28 10:09:00,11809.099999999951,11809.099999999951
2025-10-28 11:09:00,11809.099999999951,11809.099999999951
2025-10-28 12:09:00,11809.099999999951,11809.099999999951
2025-10-28 13:09:00,11809.099999999951,11809.099999999951
2025-10-28 14:09:00,11809.099999999951,11809.099999999951
2025-10-28 15:09:00,11809.099999999951,11809.099999999951
2025-10-28 16:09:00,11809.099999999951,11809.099999999951
2025-10-28 17:09:00,11809.099999999951,11809.099999999951
2025-10-28 18:09:00,11809.099999999951,11809.099999999951
2025-10-28 19:09:00,11809.099999999951,11809.099999999951
2025-10-28 20:09:00,11809.099999999951,11809.099999999951
2025-10-28 21:09:00,11809.099999999951,11809.099999999951
2025-10-28 22:09:00,11809.099999999951,11809.099999999951
2025-10-29 00:10:00,11863.449999999952,12072.809999999952
2025-10-29 01:10:00,11959.12999999995,12063.029999999952
2025-10-29 02:10:00,11959.12999999995,12132.97999999995
2025-10-29 03:10:00,12207.529999999952,12207.529999999952
2025-10-29 04:10:00,12207.529999999952,12207.529999999952
2025-10-29 05:10:00,12207.529999999952,12207.529999999952
2025-10-29 06:10:00,12207.529999999952,12207.529999999952
2025-10-29 07:10:00,12207.529999999952,12207.529999999952
2025-10-29 08:10:00,12207.529999999952,12207.529999999952
2025-10-29 09:10:00,12207.529999999952,12207.529999999952
2025-10-29 10:10:00,12207.529999999952,12207.529999999952
2025-10-29 11:10:00,12207.529999999952,12207.529999999952
2025-10-29 12:10:00,12207.529999999952,12207.529999999952
2025-10-29 13:10:00,12207.529999999952,12207.529999999952
2025-10-29 14:10:00,12207.529999999952,12207.529999999952
2025-10-29 15:10:00,12207.529999999952,12207.529999999952
2025-10-29 16:10:00,12207.529999999952,12207.529999999952
2025-10-29 17:10:00,12207.529999999952,12207.529999999952
2025-10-29 18:10:00,12085.939999999946,12085.939999999946
2025-10-29 19:10:00,12085.939999999946,12085.939999999946
2025-10-29 20:10:00,12085.939999999946,12085.939999999946
2025-10-29 21:10:00,12085.939999999946,12085.939999999946
2025-10-29 22:10:00,12085.939999999946,12085.939999999946
2025-10-30 00:11:00,12085.939999999946,12085.939999999946
2025-10-30 01:11:00,12085.939999999946,12085.939999999946
2025-10-30 02:11:00,12085.939999999946,12085.939999999946
2025-10-30 03:11:00,12085.939999999946,12085.939999999946
2025-10-30 04:11:00,12085.939999999946,12085.939999999946
2025-10-30 05:11:00,12085.939999999946,12085.939999999946
2025-10-30 06:11:00,12085.939999999946,12085.939999999946
2025-10-30 07:11:00,12085.939999999946,12085.939999999946
2025-10-30 08:11:00,12085.939999999946,12085.939999999946
2025-10-30 09:11:00,12085.939999999946,12085.939999999946
2025-10-30 10:11:00,12085.939999999946,12085.939999999946
2025-10-30 11:11:00,12085.939999999946,12085.939999999946
2025-10-30 12:11:00,12085.939999999946,12085.939999999946
2025-10-30 13:11:00,11937.619999999948,11937.619999999948
2025-10-30 14:11:00,11937.619999999948,11937.619999999948
2025-10-30 15:11:00,11937.619999999948,11937.619999999948
2025-10-30 16:11:00,11937.619999999948,11937.619999999948
2025-10-30 17:11:00,11937.619999999948,11937.619999999948
2025-10-30 18:11:00,11937.619999999948,11937.619999999948
2025-10-30 19:11:00,11937.619999999948,11937.619999999948
2025-10-30 20:11:00,11937.619999999948,11937.619999999948
2025-10-30 21:11:00,11937.619999999948,11937.619999999948
2025-10-30 22:11:00,11937.619999999948,11937.619999999948
2025-10-31 00:12:00,11937.619999999948,11937.619999999948
2025-10-31 01:12:00,11937.619999999948,11937.619999999948
2025-10-31 02:12:00,11991.489999999949,12077.289999999946
2025-10-31 03:12:00,12064.42999999995,12064.42999999995
2025-10-31 04:12:00,12064.42999999995,12064.42999999995
2025-10-31 05:12:00,12064.42999999995,12064.42999999995
2025-10-31 06:12:00,12064.42999999995,12064.42999999995
2025-10-31 07:12:00,12064.42999999995,12064.42999999995
2025-10-31 08:12:00,12064.42999999995,12064.42999999995
2025-10-31 09:12:00,12064.42999999995,12064.42999999995
2025-10-31 10:12:00,12064.42999999995,12064.42999999995
2025-10-31 11:12:00,12064.42999999995,12064.42999999995
2025-10-31 12:12:00,12064.42999999995,12064.42999999995
2025-10-31 13:12:00,12064.42999999995,12064.42999999995
2025-10-31 14:12:00,12064.42999999995,12064.42999999995
2025-10-31 15:12:00,12064.42999999995,12064.42999999995
2025-10-31 16:12:00,12064.42999999995,12064.42999999995
2025-10-31 17:12:00,12064.42999999995,12064.42999999995
2025-10-31 18:12:00,12064.42999999995,12064.42999999995
2025-10-31 19:12:00,12064.42999999995,12064.42999999995
2025-10-31 20:12:00,11945.049999999954,11891.679999999955
2025-10-31 21:12:00,11945.049999999954,11904.369999999954
2025-10-31 22:12:00,11959.449999999953,11959.449999999953
2025-11-03 01:13:00,11959.449999999953,11959.449999999953
2025-11-03 02:13:00,11959.449999999953,11959.449999999953
2025-11-03 03:13:00,11959.449999999953,11959.449999999953
2025-11-03 04:13:00,11959.449999999953,11959.449999999953
2025-11-03 05:13:00,11959.449999999953,11959.449999999953
2025-11-03 06:13:00,11959.449999999953,11959.449999999953
2025-11-03 07:13:00,11959.449999999953,11959.449999999953
2025-11-03 08:13:00,11959.449999999953,11959.449999999953
2025-11-03 09:13:00,11959.449999999953,11959.449999999953
2025-11-03 10:13:00,11959.449999999953,11959.449999999953
2025-11-03 11:13:00,11959.449999999953,11959.449999999953
2025-11-03 12:13:00,11959.449999999953,11959.449999999953
2025-11-03 13:13:00,11959.449999999953,11959.449999999953
2025-11-03 14:13:00,11958.189999999953,11954.229999999949
2025-11-03 15:13:00,11969.669999999947,11969.669999999947
2025-11-03 16:13:00,11969.669999999947,11969.669999999947
2025-11-03 17:13:00,11969.669999999947,11969.669999999947
2025-11-03 18:13:00,11969.669999999947,11969.669999999947
2025-11-03 19:13:00,11969.669999999947,11969.669999999947
2025-11-03 20:13:00,11969.669999999947,11969.669999999947
2025-11-03 21:13:00,11969.669999999947,11969.669999999947
2025-11-03 22:13:00,11969.669999999947,11969.669999999947
2025-11-03 23:13:00,11969.669999999947,11969.669999999947
2025-11-04 01:14:00,11969.669999999947,11969.669999999947
2025-11-04 02:14:00,11969.669999999947,11969.669999999947
2025-11-04 03:14:00,12005.859999999948,12068.179999999948
2025-11-04 04:14:00,12024.899999999947,12024.899999999947
2025-11-04 05:14:00,12024.899999999947,12024.899999999947
2025-11-04 06:14:00,12024.899999999947,12024.899999999947
2025-11-04 07:14:00,12024.899999999947,12024.899999999947
2025-11-04 08:14:00,12024.899999999947,12024.899999999947
2025-11-04 09:14:00,12024.899999999947,12024.899999999947
2025-11-04 10:14:00,12024.899999999947,12024.899999999947
2025-11-04 11:14:00,12024.899999999947,12024.899999999947
2025-11-04 12:14:00,12024.899999999947,12024.899999999947
2025-11-04 13:14:00,12024.899999999947,12024.899999999947
2025-11-04 14:14:00,12024.899999999947,12024.899999999947
2025-11-04 15:14:00,12024.899999999947,12024.899999999947
2025-11-04 16:14:00,12024.899999999947,12024.899999999947
2025-11-04 17:14:00,12024.899999999947,12024.899999999947
2025-11-04 18:14:00,12024.899999999947,12024.899999999947
2025-11-04 19:14:00,12024.899999999947,12024.899999999947
2025-11-04 20:14:00,12024.899999999947,12024.899999999947
2025-11-04 21:14:00,12024.899999999947,12024.899999999947
2025-11-04 22:14:00,12024.899999999947,12024.899999999947
2025-11-04 23:14:00,12024.899999999947,12024.899999999947
2025-11-05 01:15:00,12024.899999999947,12024.899999999947
2025-11-05 02:15:00,12024.899999999947,12024.899999999947
2025-11-05 03:15:00,12024.899999999947,12024.899999999947
2025-11-05 04:15:00,12024.899999999947,12024.899999999947
2025-11-05 05:15:00,12024.899999999947,12024.899999999947
2025-11-05 06:15:00,12024.899999999947,12024.899999999947
2025-11-05 07:15:00,12024.899999999947,12024.899999999947
2025-11-05 08:15:00,12024.899999999947,12024.899999999947
2025-11-05 09:15:00,12024.899999999947,12024.899999999947
2025-11-05 10:15:00,12024.899999999947,12024.899999999947
2025-11-05 11:15:00,12024.899999999947,12024.899999999947
2025-11-05 12:15:00,12024.899999999947,12024.899999999947
2025-11-05 13:15:00,12024.899999999947,12024.899999999947
2025-11-05 14:15:00,12024.899999999947,12024.899999999947
2025-11-05 15:15:00,12024.899999999947,12024.899999999947
2025-11-05 16:15:00,12024.899999999947,12024.899999999947
2025-11-05 17:15:00,12024.899999999947,12024.899999999947
2025-11-05 18:15:00,12024.899999999947,12024.899999999947
2025-11-05 19:15:00,12024.899999999947,12024.899999999947
2025-11-05 20:15:00,12024.899999999947,12024.899999999947
2025-11-05 21:15:00,12024.899999999947,12024.899999999947
2025-11-05 22:15:00,12024.899999999947,12024.899999999947
2025-11-05 23:15:00,12024.899999999947,12024.899999999947
2025-11-06 01:16:00,12024.899999999947,12024.899999999947
2025-11-06 02:16:00,11904.56999999995,11904.56999999995
2025-11-06 03:16:00,11904.56999999995,11904.56999999995
2025-11-06 04:16:00,11904.56999999995,11904.56999999995
2025-11-06 05:16:00,11904.56999999995,11904.56999999995
2025-11-06 06:16:00,11904.56999999995,11904.56999999995
2025-11-06 07:16:00,11904.56999999995,11904.56999999995
2025-11-06 08:16:00,11904.56999999995,11904.56999999995
2025-11-06 09:16:00,11904.56999999995,11904.56999999995
2025-11-06 10:16:00,11904.56999999995,11904.56999999995
2025-11-06 11:16:00,11904.56999999995,11904.56999999995
2025-11-06 12:16:00,11904.56999999995,11904.56999999995
2025-11-06 13:16:00,11904.56999999995,11904.56999999995
2025-11-06 14:16:00,11904.56999999995,11904.56999999995
2025-11-06 15:16:00,11920.12999999995,11990.629999999946
2025-11-06 16:16:00,11975.369999999948,11975.369999999948
2025-11-06 17:16:00,11975.369999999948,11975.369999999948
2025-11-06 18:16:00,11975.369999999948,11975.369999999948
2025-11-06 19:16:00,11975.369999999948,11975.369999999948
2025-11-06 20:16:00,11975.369999999948,11975.369999999948
2025-11-06 21:16:00,11975.369999999948,11975.369999999948
2025-11-06 22:16:00,11975.369999999948,11975.369999999948
2025-11-06 23:16:00,11975.369999999948,11975.369999999948
2025-11-07 01:17:00,11975.369999999948,11975.369999999948
2025-11-07 02:17:00,11975.369999999948,11975.369999999948
2025-11-07 03:17:00,11975.369999999948,11975.369999999948
2025-11-07 04:17:00,11975.369999999948,11975.369999999948
2025-11-07 05:17:00,11975.369999999948,11975.369999999948
2025-11-07 06:17:00,11975.369999999948,11975.369999999948
2025-11-07 07:17:00,11975.369999999948,11975.369999999948
2025-11-07 08:17:00,11975.369999999948,11975.369999999948
2025-11-07 09:17:00,11975.369999999948,11975.369999999948
2025-11-07 10:17:00,11975.369999999948,11975.369999999948
2025-11-07 11:17:00,11975.369999999948,11975.369999999948
2025-11-07 12:17:00,11975.369999999948,11975.369999999948
2025-11-07 13:17:00,11975.369999999948,11975.369999999948
2025-11-07 14:17:00,11975.369999999948,11975.369999999948
2025-11-07 15:17:00,11975.369999999948,11975.369999999948
2025-11-07 16:17:00,11975.369999999948,11975.369999999948
2025-11-07 17:17:00,11975.369999999948,11975.369999999948
2025-11-07 18:17:00,11975.369999999948,11975.369999999948
2025-11-07 19:17:00,11975.369999999948,11975.369999999948
2025-11-07 20:17:00,11975.369999999948,11975.369999999948
2025-11-07 21:17:00,11975.369999999948,11975.369999999948
2025-11-07 22:17:00,11975.369999999948,11975.369999999948
2025-11-07 23:17:00,11975.369999999948,11975.369999999948
2025-11-10 01:18:00,11975.369999999948,11975.369999999948
2025-11-10 02:18:00,11975.369999999948,11975.369999999948
2025-11-10 03:18:00,11975.369999999948,11975.369999999948
2025-11-10 04:18:00,11974.459999999948,12027.88999999995
2025-11-10 05:18:00,11987.569999999949,12014.46999999995
2025-11-10 06:18:00,12013.78999999995,12087.49999999995
2025-11-10 07:18:00,12013.78999999995,12079.86999999995
2025-11-10 08:18:00,12140.51999999995,12140.51999999995
2025-11-10 09:18:00,12140.51999999995,12140.51999999995
2025-11-10 10:18:00,12140.51999999995,12140.51999999995
2025-11-10 11:18:00,12140.51999999995,12140.51999999995
2025-11-10 12:18:00,12140.51999999995,12140.51999999995
2025-11-10 13:18:00,12140.51999999995,12140.51999999995
2025-11-10 14:18:00,12140.51999999995,12140.51999999995
2025-11-10 15:18:00,12140.51999999995,12140.51999999995
2025-11-10 16:18:00,12140.51999999995,12140.51999999995
2025-11-10 17:18:00,12140.51999999995,12140.51999999995
2025-11-10 18:18:00,12140.51999999995,12140.51999999995
2025-11-10 19:18:00,12140.51999999995,12140.51999999995
2025-11-10 20:18:00,12140.51999999995,12140.51999999995
2025-11-10 21:18:00,12140.51999999995,12140.51999999995
2025-11-10 22:18:00,12140.51999999995,12140.51999999995
2025-11-10 23:18:00,12140.51999999995,12140.51999999995
2025-11-11 01:19:00,12140.51999999995,12140.51999999995
2025-11-11 02:19:00,12140.51999999995,12140.51999999995
2025-11-11 03:19:00,12140.51999999995,12140.51999999995
2025-11-11 04:19:00,12140.51999999995,12140.51999999995
2025-11-11 05:19:00,12140.51999999995,12140.51999999995
2025-11-11 06:19:00,12140.51999999995,12140.51999999995
2025-11-11 07:19:00,12140.51999999995,12140.51999999995
2025-11-11 08:19:00,12140.51999999995,12140.51999999995
2025-11-11 09:19:00,12140.51999999995,12140.51999999995
2025-11-11 10:19:00,12140.51999999995,12140.51999999995
2025-11-11 11:19:00,12140.51999999995,12140.51999999995
2025-11-11 12:19:00,12140.51999999995,12140.51999999995
2025-11-11 13:19:00,12140.51999999995,12140.51999999995
2025-11-11 14:19:00,12140.51999999995,12140.51999999995
2025-11-11 15:19:00,12140.51999999995,12140.51999999995
2025-11-11 16:19:00,12140.51999999995,12140.51999999995
2025-11-11 17:19:00,12140.51999999995,12140.51999999995
2025-11-11 18:19:00,12140.51999999995,12140.51999999995
2025-11-11 19:19:00,12140.51999999995,12140.51999999995
2025-11-11 20:19:00,12140.51999999995,12140.51999999995
2025-11-11 21:19:00,12140.51999999995,12140.51999999995
2025-11-11 22:19:00,12140.51999999995,12140.51999999995
2025-11-11 23:19:00,12140.51999999995,12140.51999999995
2025-11-12 01:20:00,12140.51999999995,12140.51999999995
2025-11-12 02:20:00,12140.51999999995,12140.51999999995
2025-11-12 03:20:00,12140.51999999995,12140.51999999995
2025-11-12 04:20:00,12140.51999999995,12140.51999999995
2025-11-12 05:20:00,12140.51999999995,12140.51999999995
2025-11-12 06:20:00,12140.51999999995,12140.51999999995
2025-11-12 07:20:00,12140.51999999995,12140.51999999995
2025-11-12 08:20:00,12140.51999999995,12140.51999999995
2025-11-12 09:20:00,12140.51999999995,12140.51999999995
2025-11-12 10:20:00,12140.51999999995,12140.51999999995
2025-11-12 11:20:00,12140.51999999995,12140.51999999995
2025-11-12 12:20:00,12140.51999999995,12140.51999999995
2025-11-12 13:20:00,12140.51999999995,12140.51999999995
2025-11-12 14:20:00,12140.51999999995,12140.51999999995
2025-11-12 15:20:00,12140.51999999995,12140.51999999995
2025-11-12 16:20:00,12140.51999999995,12140.51999999995
2025-11-12 17:20:00,12140.51999999995,12140.51999999995
2025-11-12 18:20:00,12140.51999999995,12140.51999999995
2025-11-12 19:20:00,12140.51999999995,12140.51999999995
2025-11-12 20:20:00,12140.51999999995,12140.51999999995
2025-11-12 21:20:00,12140.51999999995,12140.51999999995
2025-11-12 22:20:00,12140.51999999995,12140.51999999995
2025-11-12 23:20:00,12140.51999999995,12140.51999999995
2025-11-13 01:21:00,12140.51999999995,12140.51999999995
2025-11-13 02:21:00,12140.51999999995,12140.51999999995
2025-11-13 03:21:00,12140.51999999995,12140.51999999995
2025-11-13 04:21:00,12140.51999999995,12140.51999999995
2025-11-13 05:21:00,12140.51999999995,12140.51999999995
2025-11-13 06:21:00,12140.51999999995,12140.51999999995
2025-11-13 07:21:00,12140.51999999995,12140.51999999995
2025-11-13 08:21:00,12140.51999999995,12140.51999999995
2025-11-13 09:21:00,12140.51999999995,12140.51999999995
2025-11-13 10:21:00,12140.51999999995,12140.51999999995
2025-11-13 11:21:00,12140.51999999995,12140.51999999995
2025-11-13 12:21:00,12140.51999999995,12140.51999999995
2025-11-13 13:21:00,12140.51999999995,12140.51999999995
2025-11-13 14:21:00,12140.51999999995,12140.51999999995
2025-11-13 15:21:00,12151.879999999946,12151.879999999946
2025-11-13 16:21:00,12151.879999999946,12151.879999999946
2025-11-13 17:21:00,12151.879999999946,12151.879999999946
2025-11-13 18:21:00,12151.879999999946,12151.879999999946
2025-11-13 19:21:00,12151.879999999946,12151.879999999946
2025-11-13 20:21:00,12151.879999999946,12151.879999999946
2025-11-13 21:21:00,12150.689999999946,12069.359999999942
2025-11-13 22:21:00,12168.209999999946,12186.849999999951
2025-11-13 23:21:00,12216.329999999945,12394.069999999952
2025-11-14 01:22:00,12210.329999999945,12439.309999999947
2025-11-14 02:22:00,12262.889999999945,12529.349999999948
2025-11-14 03:22:00,12262.889999999945,12452.34999999994
2025-11-14 04:22:00,12289.049999999945,12599.969999999947
2025-11-14 05:22:00,12630.289999999946,12671.029999999946
2025-11-14 06:22:00,12630.289999999946,12664.149999999947
2025-11-14 07:22:00,12630.289999999946,12651.189999999948
2025-11-14 08:22:00,12630.289999999946,12646.209999999946
2025-11-14 09:22:00,12638.039999999946,12638.039999999946
2025-11-14 10:22:00,12638.039999999946,12638.039999999946
2025-11-14 11:22:00,12638.039999999946,12638.039999999946
2025-11-14 12:22:00,12638.039999999946,12638.039999999946
2025-11-14 13:22:00,12638.039999999946,12638.039999999946
2025-11-14 14:22:00,12638.039999999946,12638.039999999946
2025-11-14 15:22:00,12638.039999999946,12638.039999999946
2025-11-14 16:22:00,12638.039999999946,12638.039999999946
2025-11-14 17:22:00,12638.039999999946,12638.039999999946
2025-11-14 18:22:00,12650.249999999944,12650.249999999944
2025-11-14 19:22:00,12650.249999999944,12650.249999999944
2025-11-14 20:22:00,12650.249999999944,12650.249999999944
2025-11-14 21:22:00,12650.249999999944,12650.249999999944
2025-11-14 22:22:00,12650.249999999944,12650.249999999944
2025-11-14 23:22:00,12650.249999999944,12650.249999999944
2025-11-17 01:23:00,12650.249999999944,12650.249999999944
2025-11-17 02:23:00,12650.249999999944,12650.249999999944
2025-11-17 03:23:00,12650.249999999944,12650.249999999944
2025-11-17 04:23:00,12650.249999999944,12650.249999999944
2025-11-17 05:23:00,12650.249999999944,12650.249999999944
2025-11-17 06:23:00,12650.249999999944,12650.249999999944
2025-11-17 07:23:00,12650.249999999944,12650.249999999944
2025-11-17 08:23:00,12649.899999999943,12669.899999999943
2025-11-17 09:23:00,12664.229999999943,12745.349999999942
2025-11-17 10:23:00,12692.889999999943,12777.279999999942
2025-11-17 11:23:00,12692.889999999943,12778.419999999942
2025-11-17 12:23:00,12692.889999999943,12786.099999999942
2025-11-17 13:23:00,12692.889999999943,12735.099999999942
2025-11-17 14:23:00,12692.889999999943,12762.339999999942
2025-11-17 15:23:00,12692.889999999943,12770.379999999943
2025-11-17 16:23:00,12692.889999999943,12725.229999999941
2025-11-17 17:23:00,12692.889999999943,12739.419999999942
2025-11-17 18:23:00,12692.589999999942,12692.589999999942
2025-11-17 19:23:00,12692.589999999942,12692.589999999942
2025-11-17 20:23:00,12692.589999999942,12692.589999999942
2025-11-17 21:23:00,12692.589999999942,12692.589999999942
2025-11-17 22:23:00,12692.589999999942,12692.589999999942
2025-11-17 23:23:00,12692.589999999942,12692.589999999942
2025-11-18 01:24:00,12692.589999999942,12692.589999999942
2025-11-18 02:24:00,12692.589999999942,12692.589999999942
2025-11-18 03:24:00,12692.589999999942,12692.589999999942
2025-11-18 04:24:00,12692.589999999942,12692.589999999942
2025-11-18 05:24:00,12692.589999999942,12692.589999999942
2025-11-18 06:24:00,12692.589999999942,12692.589999999942
2025-11-18 07:24:00,12692.589999999942,12692.589999999942
2025-11-18 08:24:00,12692.589999999942,12692.589999999942
2025-11-18 09:24:00,12692.589999999942,12692.589999999942
2025-11-18 10:24:00,12692.589999999942,12692.589999999942
2025-11-18 11:24:00,12566.999999999942,12566.999999999942
2025-11-18 12:24:00,12566.999999999942,12566.999999999942
2025-11-18 13:24:00,12566.999999999942,12566.999999999942
2025-11-18 14:24:00,12566.999999999942,12566.999999999942
2025-11-18 15:24:00,12566.999999999942,12566.999999999942
2025-11-18 16:24:00,12566.999999999942,12566.999999999942
2025-11-18 17:24:00,12566.999999999942,12566.999999999942
2025-11-18 18:24:00,12566.999999999942,12566.999999999942
2025-11-18 19:24:00,12566.999999999942,12566.999999999942
2025-11-18 20:24:00,12566.999999999942,12566.999999999942
2025-11-18 21:24:00,12566.999999999942,12566.999999999942
2025-11-18 22:24:00,12566.999999999942,12566.999999999942
2025-11-18 23:24:00,12566.999999999942,12566.999999999942
2025-11-19 01:25:00,12566.999999999942,12566.999999999942
2025-11-19 02:25:00,12566.999999999942,12566.999999999942
2025-11-19 03:25:00,12566.999999999942,12566.999999999942
2025-11-19 04:25:00,12566.999999999942,12566.999999999942
2025-11-19 05:25:00,12566.999999999942,12566.999999999942
2025-11-19 06:25:00,12566.999999999942,12566.999999999942
2025-11-19 07:25:00,12566.999999999942,12566.999999999942
2025-11-19 08:25:00,12566.999999999942,12566.999999999942
2025-11-19 09:25:00,12585.679999999942,12714.199999999948
2025-11-19 10:25:00,12695.67999999995,12695.67999999995
2025-11-19 11:25:00,12695.67999999995,12695.67999999995
2025-11-19 12:25:00,12695.67999999995,12695.67999999995
2025-11-19 13:25:00,12695.67999999995,12695.67999999995
2025-11-19 14:25:00,12695.67999999995,12695.67999999995
2025-11-19 15:25:00,12713.799999999952,12744.669999999955
2025-11-19 16:25:00,12751.719999999954,12790.539999999955
2025-11-19 17:25:00,12751.119999999955,12751.119999999955
2025-11-19 18:25:00,12621.539999999964,12621.539999999964
2025-11-19 19:25:00,12621.539999999964,12621.539999999964
2025-11-19 20:25:00,12621.539999999964,12621.539999999964
2025-11-19 21:25:00,12621.539999999964,12621.539999999964
2025-11-19 22:25:00,12621.539999999964,12621.539999999964
2025-11-19 23:25:00,12621.539999999964,12621.539999999964
2025-11-20 01:26:00,12621.539999999964,12621.539999999964
2025-11-20 02:26:00,12620.489999999965,12532.589999999962
2025-11-20 03:26:00,12634.189999999966,12696.409999999974
2025-11-20 04:26:00,12862.739999999965,13148.159999999963
2025-11-20 05:26:00,12862.739999999965,13031.279999999962
2025-11-20 06:26:00,12862.739999999965,13004.759999999962
2025-11-20 07:26:00,12862.739999999965,13050.719999999965
2025-11-20 08:26:00,12862.739999999965,13107.119999999966
2025-11-20 09:26:00,12862.739999999965,13105.019999999966
2025-11-20 10:26:00,12541.539999999972,12903.399999999972
2025-11-20 11:26:00,12541.539999999972,12776.61999999997
2025-11-20 12:26:00,12541.539999999972,12776.439999999973
2025-11-20 13:26:00,12541.539999999972,12837.579999999969
2025-11-20 14:26:00,12541.539999999972,12717.039999999972
2025-11-20 15:26:00,12541.539999999972,12617.199999999972
2025-11-20 16:26:00,12541.539999999972,12654.579999999973
2025-11-20 17:26:00,12540.93999999997,12540.93999999997
2025-11-20 18:26:00,12540.93999999997,12540.93999999997
2025-11-20 19:26:00,12607.11999999997,12699.519999999966
2025-11-20 20:26:00,12606.019999999966,12606.019999999966
2025-11-20 21:26:00,12606.019999999966,12606.019999999966
2025-11-20 22:26:00,12606.019999999966,12606.019999999966
2025-11-20 23:26:00,12606.019999999966,12606.019999999966
2025-11-21 01:27:00,12606.019999999966,12606.019999999966
2025-11-21 02:27:00,12605.039999999966,12649.699999999968
2025-11-21 03:27:00,12619.119999999963,12619.119999999963
2025-11-21 04:27:00,12619.119999999963,12619.119999999963
2025-11-21 05:27:00,12619.119999999963,12619.119999999963
2025-11-21 06:27:00,12619.119999999963,12619.119999999963
2025-11-21 07:27:00,12619.119999999963,12619.119999999963
2025-11-21 08:27:00,12619.119999999963,12619.119999999963
2025-11-21 09:27:00,12619.119999999963,12619.119999999963
2025-11-21 10:27:00,12618.349999999962,12593.269999999964
2025-11-21 11:27:00,12630.809999999961,12630.809999999961
2025-11-21 12:27:00,12630.809999999961,12630.809999999961
2025-11-21 13:27:00,12630.809999999961,12630.809999999961
2025-11-21 14:27:00,12630.809999999961,12630.809999999961
2025-11-21 15:27:00,12630.809999999961,12630.809999999961
2025-11-21 16:27:00,12630.809999999961,12630.809999999961
2025-11-21 17:27:00,12630.809999999961,12630.809999999961
2025-11-21 18:27:00,12698.719999999952,12791.359999999951
2025-11-21 19:27:00,12921.63999999995,12921.63999999995
2025-11-21 20:27:00,12921.63999999995,12921.63999999995
2025-11-21 21:27:00,12921.63999999995,12921.63999999995
2025-11-21 22:27:00,12921.63999999995,12921.63999999995
2025-11-21 23:27:00,12936.819999999952,12936.819999999952
2025-11-24 01:28:00,12936.819999999952,12936.819999999952
2025-11-24 02:28:00,12936.819999999952,12936.819999999952
2025-11-24 03:28:00,12936.819999999952,12936.819999999952
2025-11-24 04:28:00,12936.819999999952,12936.819999999952
2025-11-24 05:28:00,12936.819999999952,12936.819999999952
2025-11-24 06:28:00,12936.819999999952,12936.819999999952
2025-11-24 07:28:00,12936.819999999952,12936.819999999952
2025-11-24 08:28:00,12936.819999999952,12936.819999999952
2025-11-24 09:28:00,12936.819999999952,12936.819999999952
2025-11-24 10:28:00,12936.819999999952,12936.819999999952
2025-11-24 11:28:00,12936.819999999952,12936.819999999952
2025-11-24 12:28:00,12936.819999999952,12936.819999999952
2025-11-24 13:28:00,12936.819999999952,12936.819999999952
2025-11-24 14:28:00,12936.819999999952,12936.819999999952
2025-11-24 15:28:00,12936.819999999952,12936.819999999952
2025-11-24 16:28:00,12936.819999999952,12936.819999999952
2025-11-24 17:28:00,12936.819999999952,12936.819999999952
2025-11-24 18:28:00,12936.819999999952,12936.819999999952
2025-11-24 19:28:00,12936.819999999952,12936.819999999952
2025-11-24 20:28:00,12936.819999999952,12936.819999999952
2025-11-24 21:28:00,12936.819999999952,12936.819999999952
2025-11-24 22:28:00,12936.819999999952,12936.819999999952
2025-11-24 23:28:00,12936.819999999952,12936.819999999952
2025-11-25 01:29:00,12936.819999999952,12936.819999999952
2025-11-25 02:29:00,12936.819999999952,12936.819999999952
2025-11-25 03:29:00,12936.819999999952,12936.819999999952
2025-11-25 04:29:00,12936.819999999952,12936.819999999952
2025-11-25 05:29:00,12936.819999999952,12936.819999999952
2025-11-25 06:29:00,12936.819999999952,12936.819999999952
2025-11-25 07:29:00,12936.819999999952,12936.819999999952
2025-11-25 08:29:00,12936.819999999952,12936.819999999952
2025-11-25 09:29:00,12936.819999999952,12936.819999999952
2025-11-25 10:29:00,12936.819999999952,12936.819999999952
2025-11-25 11:29:00,13022.859999999957,13138.69999999996
2025-11-25 12:29:00,13110.019999999957,13193.13999999996
2025-11-25 13:29:00,13110.019999999957,13199.13999999996
2025-11-25 14:29:00,13110.019999999957,13200.13999999996
2025-11-25 15:29:00,13155.97999999996,13331.65999999996
2025-11-25 16:29:00,13319.13999999996,13319.13999999996
2025-11-25 17:29:00,13319.13999999996,13319.13999999996
2025-11-25 18:29:00,13319.13999999996,13319.13999999996
2025-11-25 19:29:00,13319.13999999996,13319.13999999996
2025-11-25 20:29:00,13319.13999999996,13319.13999999996
2025-11-25 21:29:00,13319.13999999996,13319.13999999996
2025-11-25 22:29:00,13319.13999999996,13319.13999999996
2025-11-25 23:29:00,13319.13999999996,13319.13999999996
2025-11-26 01:30:00,13319.13999999996,13319.13999999996
2025-11-26 02:30:00,13319.13999999996,13319.13999999996
2025-11-26 03:30:00,13319.13999999996,13319.13999999996
2025-11-26 04:30:00,13319.13999999996,13319.13999999996
2025-11-26 05:30:00,13319.13999999996,13319.13999999996
2025-11-26 06:30:00,13319.13999999996,13319.13999999996
2025-11-26 07:30:00,13319.13999999996,13319.13999999996
2025-11-26 08:30:00,13319.13999999996,13319.13999999996
2025-11-26 09:30:00,13319.13999999996,13319.13999999996
2025-11-26 10:30:00,13319.13999999996,13319.13999999996
2025-11-26 11:30:00,13319.13999999996,13319.13999999996
2025-11-26 12:30:00,13319.13999999996,13319.13999999996
2025-11-26 13:30:00,13319.13999999996,13319.13999999996
2025-11-26 14:30:00,13319.13999999996,13319.13999999996
2025-11-26 15:30:00,13319.13999999996,13319.13999999996
2025-11-26 16:30:00,13319.13999999996,13319.13999999996
2025-11-26 17:30:00,13319.13999999996,13319.13999999996
2025-11-26 18:30:00,13319.13999999996,13319.13999999996
2025-11-26 19:30:00,13319.13999999996,13319.13999999996
2025-11-26 20:30:00,13319.13999999996,13319.13999999996
2025-11-26 21:30:00,13319.13999999996,13319.13999999996
2025-11-26 22:30:00,13319.13999999996,13319.13999999996
2025-11-26 23:30:00,13319.13999999996,13319.13999999996
2025-11-27 01:31:00,13319.13999999996,13319.13999999996
2025-11-27 02:31:00,13319.13999999996,13319.13999999996
2025-11-27 03:31:00,13319.13999999996,13319.13999999996
2025-11-27 04:31:00,13319.13999999996,13319.13999999996
2025-11-27 05:31:00,13319.13999999996,13319.13999999996
2025-11-27 06:31:00,13319.13999999996,13319.13999999996
2025-11-27 07:31:00,13319.13999999996,13319.13999999996
2025-11-27 08:31:00,13319.13999999996,13319.13999999996
2025-11-27 09:31:00,13319.13999999996,13319.13999999996
2025-11-27 10:31:00,13319.13999999996,13319.13999999996
2025-11-27 11:31:00,13319.13999999996,13319.13999999996
2025-11-27 12:31:00,13319.13999999996,13319.13999999996
2025-11-27 13:31:00,13319.13999999996,13319.13999999996
2025-11-27 14:31:00,13319.13999999996,13319.13999999996
2025-11-27 15:31:00,13319.13999999996,13319.13999999996
2025-11-27 16:31:00,13319.13999999996,13319.13999999996
2025-11-27 17:31:00,13319.13999999996,13319.13999999996
2025-11-27 18:31:00,13319.13999999996,13319.13999999996
2025-11-27 19:31:00,13319.13999999996,13319.13999999996
2025-11-27 20:31:00,13319.13999999996,13319.13999999996
2025-11-28 01:00:00,13319.13999999996,13319.13999999996
2025-11-28 02:00:00,13319.13999999996,13319.13999999996
2025-11-28 03:00:00,13319.13999999996,13319.13999999996
2025-11-28 04:00:00,13319.13999999996,13319.13999999996
2025-11-28 05:00:00,13319.13999999996,13319.13999999996
2025-11-28 06:00:00,13319.13999999996,13319.13999999996
2025-11-28 07:00:00,13319.13999999996,13319.13999999996
2025-11-28 08:00:00,13426.309999999963,13426.309999999963
2025-11-28 09:00:00,13426.309999999963,13426.309999999963
2025-11-28 10:00:00,13426.309999999963,13426.309999999963
2025-11-28 11:00:00,13426.309999999963,13426.309999999963
2025-11-28 12:00:00,13426.309999999963,13426.309999999963
2025-11-28 13:00:00,13426.309999999963,13426.309999999963
2025-11-28 14:00:00,13424.559999999963,13441.809999999954
2025-11-28 15:00:00,13518.519999999957,13574.099999999955
2025-11-28 16:00:00,13528.809999999952,13528.809999999952
2025-11-28 17:00:00,13528.809999999952,13528.809999999952
2025-11-28 18:00:00,13527.269999999951,13501.309999999945
2025-11-28 19:00:00,13540.319999999945,13540.319999999945
2025-11-28 20:00:00,13540.319999999945,13540.319999999945
2025-11-28 21:00:00,13540.319999999945,13540.319999999945
2025-12-01 01:14:00,13540.319999999945,13540.319999999945
2025-12-01 02:14:00,13540.319999999945,13540.319999999945
2025-12-01 03:14:00,13540.319999999945,13540.319999999945
2025-12-01 04:14:00,13540.319999999945,13540.319999999945
2025-12-01 05:14:00,13540.319999999945,13540.319999999945
2025-12-01 06:14:00,13540.319999999945,13540.319999999945
2025-12-01 07:14:00,13540.319999999945,13540.319999999945
2025-12-01 08:14:00,13538.779999999944,13546.039999999943
2025-12-01 09:14:00,13604.079999999942,13604.079999999942
2025-12-01 10:14:00,13604.079999999942,13604.079999999942
2025-12-01 11:14:00,13604.079999999942,13604.079999999942
2025-12-01 12:14:00,13604.079999999942,13604.079999999942
2025-12-01 13:14:00,13604.079999999942,13604.079999999942
2025-12-01 14:14:00,13604.079999999942,13604.079999999942
2025-12-01 15:14:00,13604.079999999942,13604.079999999942
2025-12-01 16:14:00,13604.079999999942,13604.079999999942
2025-12-01 17:14:00,13604.079999999942,13604.079999999942
2025-12-01 18:14:00,13604.079999999942,13604.079999999942
2025-12-01 19:14:00,13604.079999999942,13604.079999999942
2025-12-01 20:14:00,13604.079999999942,13604.079999999942
2025-12-01 21:14:00,13604.079999999942,13604.079999999942
2025-12-01 22:14:00,13604.079999999942,13604.079999999942
2025-12-01 23:14:00,13604.079999999942,13604.079999999942
2025-12-02 01:15:00,13604.079999999942,13604.079999999942
2025-12-02 02:15:00,13604.079999999942,13604.079999999942
2025-12-02 03:15:00,13604.079999999942,13604.079999999942
2025-12-02 04:15:00,13604.079999999942,13604.079999999942
2025-12-02 05:15:00,13604.079999999942,13604.079999999942
2025-12-02 06:15:00,13604.079999999942,13604.079999999942
2025-12-02 07:15:00,13604.079999999942,13604.079999999942
2025-12-02 08:15:00,13604.079999999942,13604.079999999942
2025-12-02 09:15:00,13604.079999999942,13604.079999999942
2025-12-02 10:15:00,13604.079999999942,13604.079999999942
2025-12-02 11:15:00,13604.079999999942,13604.079999999942
2025-12-02 12:15:00,13690.509999999955,13720.119999999954
2025-12-02 13:15:00,13702.839999999962,13702.839999999962
2025-12-02 14:15:00,13569.219999999961,13569.219999999961
2025-12-02 15:15:00,13569.219999999961,13569.219999999961
2025-12-02 16:15:00,13569.219999999961,13569.219999999961
2025-12-02 17:15:00,13569.219999999961,13569.219999999961
2025-12-02 18:15:00,13569.219999999961,13569.219999999961
2025-12-02 19:15:00,13569.219999999961,13569.219999999961
2025-12-02 20:15:00,13569.219999999961,13569.219999999961
2025-12-02 21:15:00,13569.219999999961,13569.219999999961
2025-12-02 22:15:00,13568.02999999996,13571.599999999962
2025-12-02 23:15:00,13401.88999999996,13426.139999999965
2025-12-03 01:16:00,13493.479999999952,13493.479999999952
2025-12-03 02:16:00,13493.479999999952,13493.479999999952
2025-12-03 03:16:00,13493.479999999952,13493.479999999952
2025-12-03 04:16:00,13493.479999999952,13493.479999999952
2025-12-03 05:16:00,13493.479999999952,13493.479999999952
2025-12-03 06:16:00,13493.479999999952,13493.479999999952
2025-12-03 07:16:00,13493.479999999952,13493.479999999952
2025-12-03 08:16:00,13493.479999999952,13493.479999999952
2025-12-03 09:16:00,13493.479999999952,13493.479999999952
2025-12-03 10:16:00,13493.479999999952,13493.479999999952
2025-12-03 11:16:00,13493.479999999952,13493.479999999952
2025-12-03 12:16:00,13493.479999999952,13493.479999999952
2025-12-03 13:16:00,13493.479999999952,13493.479999999952
2025-12-03 14:16:00,13493.479999999952,13493.479999999952
2025-12-03 15:16:00,13493.479999999952,13493.479999999952
2025-12-03 16:16:00,13493.479999999952,13493.479999999952
2025-12-03 17:16:00,13493.479999999952,13493.479999999952
2025-12-03 18:16:00,13493.479999999952,13493.479999999952
2025-12-03 19:16:00,13355.75999999994,13355.75999999994
2025-12-03 20:16:00,13355.75999999994,13355.75999999994
2025-12-03 21:16:00,13355.75999999994,13355.75999999994
2025-12-03 22:16:00,13355.75999999994,13355.75999999994
2025-12-03 23:16:00,13355.75999999994,13355.75999999994
2025-12-04 01:17:00,13355.75999999994,13355.75999999994
2025-12-04 02:17:00,13355.75999999994,13355.75999999994
2025-12-04 03:17:00,13355.75999999994,13355.75999999994
2025-12-04 04:17:00,13355.75999999994,13355.75999999994
2025-12-04 05:17:00,13355.75999999994,13355.75999999994
2025-12-04 06:17:00,13355.75999999994,13355.75999999994
2025-12-04 07:17:00,13355.75999999994,13355.75999999994
2025-12-04 08:17:00,13355.75999999994,13355.75999999994
2025-12-04 09:17:00,13355.75999999994,13355.75999999994
2025-12-04 10:17:00,13355.75999999994,13355.75999999994
2025-12-04 11:17:00,13355.75999999994,13355.75999999994
2025-12-04 12:17:00,13355.75999999994,13355.75999999994
2025-12-04 13:17:00,13355.75999999994,13355.75999999994
2025-12-04 14:17:00,13355.75999999994,13355.75999999994
2025-12-04 15:17:00,13355.75999999994,13355.75999999994
2025-12-04 16:17:00,13355.75999999994,13355.75999999994
2025-12-04 17:17:00,13355.75999999994,13355.75999999994
2025-12-04 18:17:00,13355.75999999994,13355.75999999994
2025-12-04 19:17:00,13355.75999999994,13355.75999999994
2025-12-04 20:17:00,13355.75999999994,13355.75999999994
2025-12-04 21:17:00,13355.75999999994,13355.75999999994
2025-12-04 22:17:00,13355.75999999994,13355.75999999994
2025-12-04 23:17:00,13355.75999999994,13355.75999999994
2025-12-05 01:18:00,13355.75999999994,13355.75999999994
2025-12-05 02:18:00,13355.75999999994,13355.75999999994
2025-12-05 03:18:00,13355.75999999994,13355.75999999994
2025-12-05 04:18:00,13355.75999999994,13355.75999999994
2025-12-05 05:18:00,13355.75999999994,13355.75999999994
2025-12-05 06:18:00,13355.75999999994,13355.75999999994
2025-12-05 07:18:00,13355.75999999994,13355.75999999994
2025-12-05 08:18:00,13355.75999999994,13355.75999999994
2025-12-05 09:18:00,13355.75999999994,13355.75999999994
2025-12-05 10:18:00,13355.75999999994,13355.75999999994
2025-12-05 11:18:00,13355.75999999994,13355.75999999994
2025-12-05 12:18:00,13355.75999999994,13355.75999999994
2025-12-05 13:18:00,13355.75999999994,13355.75999999994
2025-12-05 14:18:00,13355.75999999994,13355.75999999994
2025-12-05 15:18:00,13355.75999999994,13355.75999999994
2025-12-05 16:18:00,13355.75999999994,13355.75999999994
2025-12-05 17:18:00,13355.75999999994,13355.75999999994
2025-12-05 18:18:00,13599.119999999944,13599.119999999944
2025-12-05 19:18:00,13599.119999999944,13599.119999999944
2025-12-05 20:18:00,13599.119999999944,13599.119999999944
2025-12-05 21:18:00,13599.119999999944,13599.119999999944
2025-12-05 22:18:00,13599.119999999944,13599.119999999944
2025-12-05 23:18:00,13599.119999999944,13599.119999999944
2025-12-08 01:19:00,13599.119999999944,13599.119999999944
2025-12-08 02:19:00,13599.119999999944,13599.119999999944
2025-12-08 03:19:00,13599.119999999944,13599.119999999944
2025-12-08 04:19:00,13599.119999999944,13599.119999999944
2025-12-08 05:19:00,13599.119999999944,13599.119999999944
2025-12-08 06:19:00,13599.119999999944,13599.119999999944
2025-12-08 07:19:00,13599.119999999944,13599.119999999944
2025-12-08 08:19:00,13599.119999999944,13599.119999999944
2025-12-08 09:19:00,13599.119999999944,13599.119999999944
2025-12-08 10:19:00,13599.119999999944,13599.119999999944
2025-12-08 11:19:00,13599.119999999944,13599.119999999944
2025-12-08 12:19:00,13599.119999999944,13599.119999999944
2025-12-08 13:19:00,13599.119999999944,13599.119999999944
2025-12-08 14:19:00,13599.119999999944,13599.119999999944
2025-12-08 15:19:00,13599.119999999944,13599.119999999944
2025-12-08 16:19:00,13599.119999999944,13599.119999999944
2025-12-08 17:19:00,13599.119999999944,13599.119999999944
2025-12-08 18:19:00,13599.119999999944,13599.119999999944
2025-12-08 19:19:00,13599.119999999944,13599.119999999944
2025-12-08 20:19:00,13599.119999999944,13599.119999999944
2025-12-08 21:19:00,13599.119999999944,13599.119999999944
2025-12-08 22:19:00,13599.119999999944,13599.119999999944
2025-12-08 23:19:00,13599.119999999944,13599.119999999944
2025-12-09 01:20:00,13599.119999999944,13599.119999999944
2025-12-09 02:20:00,13599.119999999944,13599.119999999944
2025-12-09 03:20:00,13599.119999999944,13599.119999999944
2025-12-09 04:20:00,13599.119999999944,13599.119999999944
2025-12-09 05:20:00,13599.119999999944,13599.119999999944
2025-12-09 06:20:00,13599.119999999944,13599.119999999944
2025-12-09 07:20:00,13599.119999999944,13599.119999999944
2025-12-09 08:20:00,13599.119999999944,13599.119999999944
2025-12-09 09:20:00,13599.119999999944,13599.119999999944
2025-12-09 10:20:00,13599.119999999944,13599.119999999944
2025-12-09 11:20:00,13327.319999999936,13327.319999999936
2025-12-09 12:20:00,13327.319999999936,13327.319999999936
2025-12-09 13:20:00,13327.319999999936,13327.319999999936
2025-12-09 14:20:00,13326.059999999936,13300.31999999993
2025-12-09 15:20:00,13343.699999999935,13370.29999999993
2025-12-09 16:20:00,13342.29999999993,13342.29999999993
2025-12-09 17:20:00,13342.29999999993,13342.29999999993
2025-12-09 18:20:00,13342.29999999993,13342.29999999993
2025-12-09 19:20:00,13342.29999999993,13342.29999999993
2025-12-09 20:20:00,13342.29999999993,13342.29999999993
2025-12-09 21:20:00,13342.29999999993,13342.29999999993
2025-12-09 22:20:00,13342.29999999993,13342.29999999993
2025-12-09 23:20:00,13342.29999999993,13342.29999999993
2025-12-10 01:21:00,13342.29999999993,13342.29999999993
2025-12-10 02:21:00,13342.29999999993,13342.29999999993
2025-12-10 03:21:00,13342.29999999993,13342.29999999993
2025-12-10 04:21:00,13342.29999999993,13342.29999999993
2025-12-10 05:21:00,13342.29999999993,13342.29999999993
2025-12-10 06:21:00,13342.29999999993,13342.29999999993
2025-12-10 07:21:00,13342.29999999993,13342.29999999993
2025-12-10 08:21:00,13203.919999999931,13203.919999999931
2025-12-10 09:21:00,13203.919999999931,13203.919999999931
2025-12-10 10:21:00,13203.919999999931,13203.919999999931
2025-12-10 11:21:00,13203.919999999931,13203.919999999931
2025-12-10 12:21:00,13203.919999999931,13203.919999999931
2025-12-10 13:21:00,13203.919999999931,13203.919999999931
2025-12-10 14:21:00,13203.919999999931,13203.919999999931
2025-12-10 15:21:00,13203.919999999931,13203.919999999931
2025-12-10 16:21:00,13203.919999999931,13203.919999999931
2025-12-10 17:21:00,13203.919999999931,13203.919999999931
2025-12-10 18:21:00,13203.919999999931,13203.919999999931
2025-12-10 19:21:00,13203.919999999931,13203.919999999931
2025-12-10 20:21:00,13203.919999999931,13203.919999999931
2025-12-10 21:21:00,13203.919999999931,13203.919999999931
2025-12-10 22:21:00,13203.359999999931,13168.63999999993
2025-12-10 23:21:00,13219.97999999993,13260.17999999993
2025-12-11 01:22:00,13220.87999999993,13252.259999999927
2025-12-11 02:22:00,13219.509999999927,13178.919999999933
2025-12-11 03:22:00,13219.509999999927,13229.079999999925
2025-12-11 04:22:00,13233.749999999927,13284.14999999993
2025-12-11 05:22:00,13303.819999999927,13441.269999999931
2025-12-11 06:22:00,13303.819999999927,13441.269999999931
2025-12-11 07:22:00,13303.819999999927,13441.269999999931
2025-12-11 08:22:00,13479.169999999925,13472.069999999925
2025-12-11 09:22:00,13479.169999999925,13481.669999999925
2025-12-11 10:22:00,13479.169999999925,13497.569999999927
2025-12-11 11:22:00,13479.169999999925,13492.019999999928
2025-12-11 12:22:00,13491.539999999926,13510.459999999928
2025-12-11 13:22:00,13491.139999999928,13491.139999999928
2025-12-11 14:22:00,13491.139999999928,13491.139999999928
2025-12-11 15:22:00,13491.139999999928,13491.139999999928
2025-12-11 16:22:00,13491.139999999928,13491.139999999928
2025-12-11 17:22:00,13491.139999999928,13491.139999999928
2025-12-11 18:22:00,13491.139999999928,13491.139999999928
2025-12-11 19:22:00,13491.139999999928,13491.139999999928
2025-12-11 20:22:00,13491.139999999928,13491.139999999928
2025-12-11 21:22:00,13489.249999999929,13532.549999999941
2025-12-11 22:22:00,13515.859999999928,13515.859999999928
2025-12-11 23:22:00,13515.859999999928,13515.859999999928
2025-12-12 01:23:00,13515.859999999928,13515.859999999928
2025-12-12 02:23:00,13515.859999999928,13515.859999999928
2025-12-12 03:23:00,13515.859999999928,13515.859999999928
2025-12-12 04:23:00,13515.859999999928,13515.859999999928
2025-12-12 05:23:00,13515.859999999928,13515.859999999928
2025-12-12 06:23:00,13515.859999999928,13515.859999999928
2025-12-12 07:23:00,13515.859999999928,13515.859999999928
2025-12-12 08:23:00,13515.859999999928,13515.859999999928
2025-12-12 09:23:00,13515.859999999928,13515.859999999928
2025-12-12 10:23:00,13515.859999999928,13515.859999999928
2025-12-12 11:23:00,13515.859999999928,13515.859999999928
2025-12-12 12:23:00,13515.859999999928,13515.859999999928
2025-12-12 13:23:00,13515.859999999928,13515.859999999928
2025-12-12 14:23:00,13515.859999999928,13515.859999999928
2025-12-12 15:23:00,13515.859999999928,13515.859999999928
2025-12-12 16:23:00,13515.859999999928,13515.859999999928
2025-12-12 17:23:00,13515.859999999928,13515.859999999928
2025-12-12 18:23:00,13515.859999999928,13515.859999999928
2025-12-12 19:23:00,13515.859999999928,13515.859999999928
2025-12-12 20:23:00,13515.859999999928,13515.859999999928
2025-12-12 21:23:00,13515.859999999928,13515.859999999928
2025-12-12 22:23:00,13515.859999999928,13515.859999999928
2025-12-12 23:23:00,13515.859999999928,13515.859999999928
2025-12-15 01:24:00,13515.859999999928,13515.859999999928
2025-12-15 02:24:00,13515.859999999928,13515.859999999928
2025-12-15 03:24:00,13515.859999999928,13515.859999999928
2025-12-15 04:24:00,13515.859999999928,13515.859999999928
2025-12-15 05:24:00,13542.879999999926,13605.179999999911
2025-12-15 06:24:00,13541.479999999921,13541.479999999921
2025-12-15 07:24:00,13541.479999999921,13541.479999999921
2025-12-15 08:24:00,13541.479999999921,13541.479999999921
2025-12-15 09:24:00,13541.479999999921,13541.479999999921
2025-12-15 10:24:00,13727.149999999921,13827.169999999925
2025-12-15 11:24:00,13910.229999999916,13910.229999999916
2025-12-15 12:24:00,13910.229999999916,13910.229999999916
2025-12-15 13:24:00,13910.229999999916,13910.229999999916
2025-12-15 14:24:00,13910.229999999916,13910.229999999916
2025-12-15 15:24:00,13910.229999999916,13910.229999999916
2025-12-15 16:24:00,13910.229999999916,13910.229999999916
2025-12-15 17:24:00,13910.229999999916,13910.229999999916
2025-12-15 18:24:00,13910.229999999916,13910.229999999916
2025-12-15 19:24:00,13910.229999999916,13910.229999999916
2025-12-15 20:24:00,13910.229999999916,13910.229999999916
2025-12-15 21:24:00,13910.229999999916,13910.229999999916
2025-12-15 22:24:00,13910.229999999916,13910.229999999916
2025-12-15 23:24:00,13910.229999999916,13910.229999999916
2025-12-16 01:25:00,13910.229999999916,13910.229999999916
2025-12-16 02:25:00,13910.229999999916,13910.229999999916
2025-12-16 03:25:00,13910.229999999916,13910.229999999916
2025-12-16 04:25:00,13910.229999999916,13910.229999999916
2025-12-16 05:25:00,13910.229999999916,13910.229999999916
2025-12-16 06:25:00,13910.229999999916,13910.229999999916
2025-12-16 07:25:00,13910.229999999916,13910.229999999916
2025-12-16 08:25:00,13910.229999999916,13910.229999999916
2025-12-16 09:25:00,13910.229999999916,13910.229999999916
2025-12-16 10:25:00,13910.229999999916,13910.229999999916
2025-12-16 11:25:00,13910.229999999916,13910.229999999916
2025-12-16 12:25:00,13910.229999999916,13910.229999999916
2025-12-16 13:25:00,13910.229999999916,13910.229999999916
2025-12-16 14:25:00,13910.229999999916,13910.229999999916
2025-12-16 15:25:00,13909.249999999916,13817.269999999908
2025-12-16 16:25:00,13628.68999999992,13628.68999999992
2025-12-16 17:25:00,13628.68999999992,13628.68999999992
2025-12-16 18:25:00,13628.68999999992,13628.68999999992
2025-12-16 19:25:00,13628.68999999992,13628.68999999992
2025-12-16 20:25:00,13628.68999999992,13628.68999999992
2025-12-16 21:25:00,13628.68999999992,13628.68999999992
2025-12-16 22:25:00,13628.68999999992,13628.68999999992
2025-12-16 23:25:00,13628.68999999992,13628.68999999992
2025-12-17 01:26:00,13628.68999999992,13628.68999999992
2025-12-17 02:26:00,13628.68999999992,13628.68999999992
2025-12-17 03:26:00,13628.68999999992,13628.68999999992
2025-12-17 04:26:00,13628.68999999992,13628.68999999992
2025-12-17 05:26:00,13628.68999999992,13628.68999999992
2025-12-17 06:26:00,13628.68999999992,13628.68999999992
2025-12-17 07:26:00,13628.68999999992,13628.68999999992
2025-12-17 08:26:00,13628.68999999992,13628.68999999992
2025-12-17 09:26:00,13628.68999999992,13628.68999999992
2025-12-17 10:26:00,13628.68999999992,13628.68999999992
2025-12-17 11:26:00,13628.68999999992,13628.68999999992
2025-12-17 12:26:00,13628.68999999992,13628.68999999992
2025-12-17 13:26:00,13628.68999999992,13628.68999999992
2025-12-17 14:26:00,13628.68999999992,13628.68999999992
2025-12-17 15:26:00,13628.68999999992,13628.68999999992
2025-12-17 16:26:00,13628.68999999992,13628.68999999992
2025-12-17 17:26:00,13628.68999999992,13628.68999999992
2025-12-17 18:26:00,13628.68999999992,13628.68999999992
2025-12-17 19:26:00,13628.68999999992,13628.68999999992
2025-12-17 20:26:00,13628.68999999992,13628.68999999992
2025-12-17 21:26:00,13628.68999999992,13628.68999999992
2025-12-17 22:26:00,13628.68999999992,13628.68999999992
2025-12-17 23:26:00,13628.68999999992,13628.68999999992
2025-12-18 01:27:00,13628.68999999992,13628.68999999992
2025-12-18 02:27:00,13628.68999999992,13628.68999999992
2025-12-18 03:27:00,13628.68999999992,13628.68999999992
2025-12-18 04:27:00,13628.68999999992,13628.68999999992
2025-12-18 05:27:00,13628.68999999992,13628.68999999992
2025-12-18 06:27:00,13628.68999999992,13628.68999999992
2025-12-18 07:27:00,13628.68999999992,13628.68999999992
2025-12-18 08:27:00,13628.68999999992,13628.68999999992
2025-12-18 09:27:00,13628.68999999992,13628.68999999992
2025-12-18 10:27:00,13628.68999999992,13628.68999999992
2025-12-18 11:27:00,13628.68999999992,13628.68999999992
2025-12-18 12:27:00,13628.68999999992,13628.68999999992
2025-12-18 13:27:00,13628.68999999992,13628.68999999992
2025-12-18 14:27:00,13628.68999999992,13628.68999999992
2025-12-18 15:27:00,13628.68999999992,13628.68999999992
2025-12-18 16:27:00,13628.68999999992,13628.68999999992
2025-12-18 17:27:00,13648.029999999928,13648.029999999928
2025-12-18 18:27:00,13648.029999999928,13648.029999999928
2025-12-18 19:27:00,13648.029999999928,13648.029999999928
2025-12-18 20:27:00,13648.029999999928,13648.029999999928
2025-12-18 21:27:00,13648.029999999928,13648.029999999928
2025-12-18 22:27:00,13648.029999999928,13648.029999999928
2025-12-18 23:27:00,13648.029999999928,13648.029999999928
2025-12-19 01:28:00,13648.029999999928,13648.029999999928
2025-12-19 02:28:00,13648.029999999928,13648.029999999928
2025-12-19 03:28:00,13648.029999999928,13648.029999999928
2025-12-19 04:28:00,13648.029999999928,13648.029999999928
2025-12-19 05:28:00,13648.029999999928,13648.029999999928
2025-12-19 06:28:00,13648.029999999928,13648.029999999928
2025-12-19 07:28:00,13648.029999999928,13648.029999999928
2025-12-19 08:28:00,13648.029999999928,13648.029999999928
2025-12-19 09:28:00,13648.029999999928,13648.029999999928
2025-12-19 10:28:00,13648.029999999928,13648.029999999928
2025-12-19 11:28:00,13648.029999999928,13648.029999999928
2025-12-19 12:28:00,13648.029999999928,13648.029999999928
2025-12-19 13:28:00,13648.029999999928,13648.029999999928
2025-12-19 14:28:00,13648.029999999928,13648.029999999928
2025-12-19 15:28:00,13648.029999999928,13648.029999999928
2025-12-19 16:28:00,13648.029999999928,13648.029999999928
2025-12-19 17:28:00,13647.399999999929,13679.529999999926
2025-12-19 18:28:00,13647.399999999929,13604.649999999929
2025-12-19 19:28:00,13647.399999999929,13555.23999999993
2025-12-19 20:28:00,13516.719999999925,13516.719999999925
2025-12-19 21:28:00,13516.719999999925,13516.719999999925
2025-12-19 22:28:00,13516.719999999925,13516.719999999925
2025-12-19 23:28:00,13516.719999999925,13516.719999999925
2025-12-22 01:29:00,13516.719999999925,13516.719999999925
2025-12-22 02:29:00,13516.719999999925,13516.719999999925
2025-12-22 03:29:00,13516.719999999925,13516.719999999925
2025-12-22 04:29:00,13516.719999999925,13516.719999999925
2025-12-22 05:29:00,13516.719999999925,13516.719999999925
2025-12-22 06:29:00,13516.719999999925,13516.719999999925
2025-12-22 07:29:00,13516.719999999925,13516.719999999925
2025-12-22 08:29:00,13516.719999999925,13516.719999999925
2025-12-22 09:29:00,13516.719999999925,13516.719999999925
2025-12-22 10:29:00,13516.719999999925,13516.719999999925
2025-12-22 11:29:00,13516.719999999925,13516.719999999925
2025-12-22 12:29:00,13516.719999999925,13516.719999999925
2025-12-22 13:29:00,13516.719999999925,13516.719999999925
2025-12-22 14:29:00,13516.719999999925,13516.719999999925
2025-12-22 15:29:00,13516.719999999925,13516.719999999925
2025-12-22 16:29:00,13516.719999999925,13516.719999999925
2025-12-22 17:29:00,13516.719999999925,13516.719999999925
2025-12-22 18:29:00,13516.719999999925,13516.719999999925
2025-12-22 19:29:00,13516.719999999925,13516.719999999925
2025-12-22 20:29:00,13516.719999999925,13516.719999999925
2025-12-22 21:29:00,13516.719999999925,13516.719999999925
2025-12-22 22:29:00,13516.719999999925,13516.719999999925
2025-12-22 23:29:00,13516.719999999925,13516.719999999925
2025-12-23 01:30:00,13516.719999999925,13516.719999999925
2025-12-23 02:30:00,13516.719999999925,13516.719999999925
2025-12-23 03:30:00,13516.719999999925,13516.719999999925
2025-12-23 04:30:00,13516.719999999925,13516.719999999925
2025-12-23 05:30:00,13516.719999999925,13516.719999999925
2025-12-23 06:30:00,13516.719999999925,13516.719999999925
2025-12-23 07:30:00,13516.719999999925,13516.719999999925
2025-12-23 08:30:00,13516.719999999925,13516.719999999925
2025-12-23 09:30:00,13516.719999999925,13516.719999999925
2025-12-23 10:30:00,13516.719999999925,13516.719999999925
2025-12-23 11:30:00,13516.719999999925,13516.719999999925
2025-12-23 12:30:00,13516.719999999925,13516.719999999925
2025-12-23 13:30:00,13516.719999999925,13516.719999999925
2025-12-23 14:30:00,13516.719999999925,13516.719999999925
2025-12-23 15:30:00,13516.719999999925,13516.719999999925
2025-12-23 16:30:00,13516.719999999925,13516.719999999925
2025-12-23 17:30:00,13516.719999999925,13516.719999999925
2025-12-23 18:30:00,13516.719999999925,13516.719999999925
2025-12-23 19:30:00,13516.719999999925,13516.719999999925
2025-12-23 20:30:00,13516.719999999925,13516.719999999925
2025-12-23 21:30:00,13516.719999999925,13516.719999999925
2025-12-23 22:30:00,13516.719999999925,13516.719999999925
2025-12-23 23:30:00,13516.719999999925,13516.719999999925
2025-12-24 01:31:00,13556.829999999927,13696.549999999934
2025-12-24 02:31:00,13851.179999999935,13851.179999999935
2025-12-24 03:31:00,13851.179999999935,13851.179999999935
2025-12-24 04:31:00,13851.179999999935,13851.179999999935
2025-12-24 05:31:00,13851.179999999935,13851.179999999935
2025-12-24 06:31:00,13851.179999999935,13851.179999999935
2025-12-24 07:31:00,13851.179999999935,13851.179999999935
2025-12-24 08:31:00,13851.179999999935,13851.179999999935
2025-12-24 09:31:00,13851.179999999935,13851.179999999935
2025-12-24 10:31:00,13851.179999999935,13851.179999999935
2025-12-24 11:31:00,13851.179999999935,13851.179999999935
2025-12-24 12:31:00,13851.179999999935,13851.179999999935
2025-12-24 13:31:00,13851.179999999935,13851.179999999935
2025-12-24 14:31:00,13851.179999999935,13851.179999999935
2025-12-24 15:31:00,13851.179999999935,13851.179999999935
2025-12-24 16:31:00,13851.179999999935,13851.179999999935
2025-12-24 17:31:00,13851.179999999935,13851.179999999935
2025-12-24 18:31:00,13851.179999999935,13851.179999999935
2025-12-24 19:31:00,13851.179999999935,13851.179999999935
2025-12-24 20:31:00,13851.179999999935,13851.179999999935
2025-12-26 01:45:00,13851.179999999935,13851.179999999935
2025-12-26 02:45:00,13851.179999999935,13851.179999999935
2025-12-26 03:45:00,13851.179999999935,13851.179999999935
2025-12-26 04:45:00,13851.179999999935,13851.179999999935
2025-12-26 05:45:00,13851.179999999935,13851.179999999935
2025-12-26 06:45:00,13851.179999999935,13851.179999999935
2025-12-26 07:45:00,13851.179999999935,13851.179999999935
2025-12-26 08:45:00,13851.179999999935,13851.179999999935
2025-12-26 09:45:00,13851.179999999935,13851.179999999935
2025-12-26 10:45:00,13851.179999999935,13851.179999999935
2025-12-26 11:45:00,13851.179999999935,13851.179999999935
2025-12-26 12:45:00,13851.179999999935,13851.179999999935
2025-12-26 13:45:00,13851.179999999935,13851.179999999935
2025-12-26 14:45:00,13851.179999999935,13851.179999999935
2025-12-26 15:45:00,13851.179999999935,13851.179999999935
2025-12-26 16:45:00,13851.179999999935,13851.179999999935
2025-12-26 17:45:00,13851.179999999935,13851.179999999935
2025-12-26 18:45:00,13851.179999999935,13851.179999999935
2025-12-26 19:45:00,13851.179999999935,13851.179999999935
2025-12-26 20:45:00,13851.179999999935,13851.179999999935
2025-12-26 21:45:00,13851.179999999935,13851.179999999935
2025-12-26 22:45:00,13851.179999999935,13851.179999999935
2025-12-26 23:45:00,13851.179999999935,13851.179999999935
2025-12-29 01:46:00,13851.179999999935,13851.179999999935
2025-12-29 02:46:00,13851.179999999935,13851.179999999935
2025-12-29 03:46:00,13851.179999999935,13851.179999999935
2025-12-29 04:46:00,13851.179999999935,13851.179999999935
2025-12-29 05:46:00,13851.179999999935,13851.179999999935
2025-12-29 06:46:00,13851.179999999935,13851.179999999935
2025-12-29 07:46:00,13851.179999999935,13851.179999999935
2025-12-29 08:46:00,13851.179999999935,13851.179999999935
2025-12-29 09:46:00,13851.179999999935,13851.179999999935
2025-12-29 10:46:00,13851.179999999935,13851.179999999935
2025-12-29 11:46:00,13851.179999999935,13851.179999999935
2025-12-29 12:46:00,13851.179999999935,13851.179999999935
2025-12-29 13:46:00,13851.179999999935,13851.179999999935
2025-12-29 14:46:00,13851.179999999935,13851.179999999935
2025-12-29 15:46:00,13851.179999999935,13851.179999999935
2025-12-29 16:46:00,13851.179999999935,13851.179999999935
2025-12-29 17:46:00,13851.179999999935,13851.179999999935
2025-12-29 18:46:00,13851.179999999935,13851.179999999935
2025-12-29 19:46:00,13954.979999999932,14161.379999999928
2025-12-29 20:46:00,13954.979999999932,14081.779999999937
2025-12-29 21:46:00,13954.979999999932,14062.479999999934
2025-12-29 22:46:00,13954.57999999993,14027.53999999993
2025-12-29 23:46:00,13954.57999999993,14040.01999999993
2025-12-30 01:47:00,13954.879999999928,13954.879999999928
2025-12-30 02:47:00,13954.879999999928,13954.879999999928
2025-12-30 03:47:00,13954.879999999928,13954.879999999928
2025-12-30 04:47:00,13954.879999999928,13954.879999999928
2025-12-30 05:47:00,13954.879999999928,13954.879999999928
2025-12-30 06:47:00,13954.879999999928,13954.879999999928
2025-12-30 07:47:00,13954.879999999928,13954.879999999928
2025-12-30 08:47:00,13954.879999999928,13954.879999999928
2025-12-30 09:47:00,13954.879999999928,13954.879999999928
2025-12-30 10:47:00,13954.879999999928,13954.879999999928
2025-12-30 11:47:00,13954.879999999928,13954.879999999928
2025-12-30 12:47:00,13954.319999999929,14021.439999999931
2025-12-30 13:47:00,13974.079999999933,13974.079999999933
2025-12-30 14:47:00,13974.079999999933,13974.079999999933
2025-12-30 15:47:00,13974.079999999933,13974.079999999933
2025-12-30 16:47:00,13974.079999999933,13974.079999999933
2025-12-30 17:47:00,13974.079999999933,13974.079999999933
2025-12-30 18:47:00,13974.079999999933,13974.079999999933
2025-12-30 19:47:00,13974.079999999933,13974.079999999933
2025-12-30 20:47:00,13974.079999999933,13974.079999999933
2025-12-30 21:47:00,13974.079999999933,13974.079999999933
2025-12-30 22:47:00,13974.079999999933,13974.079999999933
2025-12-30 23:47:00,13974.079999999933,13974.079999999933
2025-12-31 01:48:00,13974.079999999933,13974.079999999933
2025-12-31 02:48:00,13974.079999999933,13974.079999999933
2025-12-31 03:48:00,13974.079999999933,13974.079999999933
2025-12-31 04:48:00,13974.079999999933,13974.079999999933
2025-12-31 05:48:00,13974.079999999933,13974.079999999933
2025-12-31 06:48:00,13974.079999999933,13974.079999999933
2025-12-31 07:48:00,13974.079999999933,13974.079999999933
2025-12-31 08:48:00,13974.079999999933,13974.079999999933
2025-12-31 09:48:00,13974.079999999933,13974.079999999933
2025-12-31 10:48:00,13974.079999999933,13974.079999999933
2025-12-31 11:48:00,13974.079999999933,13974.079999999933
2025-12-31 12:48:00,13974.079999999933,13974.079999999933
2025-12-31 13:48:00,13972.749999999933,13961.159999999938
2025-12-31 14:48:00,14024.329999999925,14024.329999999925
2025-12-31 15:48:00,14024.329999999925,14024.329999999925
2025-12-31 16:48:00,14024.329999999925,14024.329999999925
2025-12-31 17:48:00,14024.329999999925,14024.329999999925
2025-12-31 18:48:00,14040.039999999919,14040.039999999919
2025-12-31 19:48:00,14040.039999999919,14040.039999999919
2025-12-31 20:48:00,14040.039999999919,14040.039999999919
2025-12-31 21:48:00,14040.039999999919,14040.039999999919
2025-12-31 22:48:00,14040.039999999919,14040.039999999919
2025-12-31 23:48:00,14040.039999999919,14040.039999999919
2026-01-02 01:49:00,14040.039999999919,14040.039999999919
2026-01-02 02:49:00,14040.039999999919,14040.039999999919
2026-01-02 03:49:00,14040.039999999919,14040.039999999919
2026-01-02 04:49:00,14040.039999999919,14040.039999999919
2026-01-02 05:49:00,14040.039999999919,14040.039999999919
2026-01-02 06:49:00,14040.039999999919,14040.039999999919
2026-01-02 07:49:00,14040.039999999919,14040.039999999919
2026-01-02 08:49:00,14040.039999999919,14040.039999999919
2026-01-02 09:49:00,14040.039999999919,14040.039999999919
2026-01-02 10:49:00,14040.039999999919,14040.039999999919
2026-01-02 11:49:00,14040.039999999919,14040.039999999919
2026-01-02 12:49:00,14040.039999999919,14040.039999999919
2026-01-02 13:49:00,14040.039999999919,14040.039999999919
2026-01-02 14:49:00,14040.039999999919,14040.039999999919
2026-01-02 15:49:00,14040.039999999919,14040.039999999919
2026-01-02 16:49:00,14111.049999999908,14111.049999999908
2026-01-02 17:49:00,14111.049999999908,14111.049999999908
2026-01-02 18:49:00,13836.059999999907,13836.059999999907
2026-01-02 19:49:00,13836.059999999907,13836.059999999907
2026-01-02 20:49:00,13836.059999999907,13836.059999999907
2026-01-02 21:49:00,13836.059999999907,13836.059999999907
2026-01-02 22:49:00,13836.059999999907,13836.059999999907
2026-01-02 23:49:00,13836.059999999907,13836.059999999907
2026-01-05 01:50:00,13836.059999999907,13836.059999999907
2026-01-05 02:50:00,13836.059999999907,13836.059999999907
2026-01-05 03:50:00,13836.059999999907,13836.059999999907
2026-01-05 04:50:00,13836.059999999907,13836.059999999907
2026-01-05 05:50:00,13836.059999999907,13836.059999999907
2026-01-05 06:50:00,13836.059999999907,13836.059999999907
2026-01-05 07:50:00,13836.059999999907,13836.059999999907
2026-01-05 08:50:00,13835.079999999907,13866.71999999991
2026-01-05 09:50:00,13835.079999999907,13843.619999999915
2026-01-05 10:50:00,13834.379999999906,13645.71999999992
2026-01-05 11:50:00,13834.379999999906,13585.959999999903
2026-01-05 12:50:00,13834.379999999906,13543.71999999992
2026-01-05 13:50:00,13853.299999999907,13829.35999999991
2026-01-05 14:50:00,13919.899999999905,14234.779999999902
2026-01-05 15:50:00,13919.899999999905,14089.519999999891
2026-01-05 16:50:00,13918.099999999904,13918.099999999904
2026-01-05 17:50:00,13918.099999999904,13918.099999999904
2026-01-05 18:50:00,13918.099999999904,13918.099999999904
2026-01-05 19:50:00,13918.099999999904,13918.099999999904
2026-01-05 20:50:00,13918.099999999904,13918.099999999904
2026-01-05 21:50:00,13918.099999999904,13918.099999999904
2026-01-05 22:50:00,13918.099999999904,13918.099999999904
2026-01-05 23:50:00,13918.099999999904,13918.099999999904
2026-01-06 01:51:00,13918.099999999904,13918.099999999904
2026-01-06 02:51:00,13918.099999999904,13918.099999999904
2026-01-06 03:51:00,13918.099999999904,13918.099999999904
2026-01-06 04:51:00,13918.099999999904,13918.099999999904
2026-01-06 05:51:00,13918.099999999904,13918.099999999904
2026-01-06 06:51:00,13918.099999999904,13918.099999999904
2026-01-06 07:51:00,13918.099999999904,13918.099999999904
2026-01-06 08:51:00,13918.099999999904,13918.099999999904
2026-01-06 09:51:00,13918.099999999904,13918.099999999904
2026-01-06 10:51:00,13918.099999999904,13918.099999999904
2026-01-06 11:51:00,13918.099999999904,13918.099999999904
2026-01-06 12:51:00,13918.099999999904,13918.099999999904
2026-01-06 13:51:00,13918.099999999904,13918.099999999904
2026-01-06 14:51:00,13918.099999999904,13918.099999999904
2026-01-06 15:51:00,13918.099999999904,13918.099999999904
2026-01-06 16:51:00,13918.099999999904,13918.099999999904
2026-01-06 17:51:00,13777.349999999917,13777.349999999917
2026-01-06 18:51:00,13777.349999999917,13777.349999999917
2026-01-06 19:51:00,13777.349999999917,13777.349999999917
2026-01-06 20:51:00,13777.349999999917,13777.349999999917
2026-01-06 21:51:00,13777.349999999917,13777.349999999917
2026-01-06 22:51:00,13777.349999999917,13777.349999999917
2026-01-06 23:51:00,13777.349999999917,13777.349999999917
2026-01-07 01:52:00,13777.349999999917,13777.349999999917
2026-01-07 02:52:00,13777.349999999917,13777.349999999917
2026-01-07 03:52:00,13777.349999999917,13777.349999999917
2026-01-07 04:52:00,13777.349999999917,13777.349999999917
2026-01-07 05:52:00,13777.349999999917,13777.349999999917
2026-01-07 06:52:00,13777.349999999917,13777.349999999917
2026-01-07 07:52:00,13777.349999999917,13777.349999999917
2026-01-07 08:52:00,13777.349999999917,13777.349999999917
2026-01-07 09:52:00,13777.349999999917,13777.349999999917
2026-01-07 10:52:00,13777.349999999917,13777.349999999917
2026-01-07 11:52:00,13777.349999999917,13777.349999999917
2026-01-07 12:52:00,13777.349999999917,13777.349999999917
2026-01-07 13:52:00,13777.349999999917,13777.349999999917
2026-01-07 14:52:00,13777.349999999917,13777.349999999917
2026-01-07 15:52:00,13777.349999999917,13777.349999999917
2026-01-07 16:52:00,13777.349999999917,13777.349999999917
2026-01-07 17:52:00,13777.349999999917,13777.349999999917
2026-01-07 18:52:00,13777.349999999917,13777.349999999917
2026-01-07 19:52:00,13777.349999999917,13777.349999999917
2026-01-07 20:52:00,13777.349999999917,13777.349999999917
2026-01-07 21:52:00,13777.349999999917,13777.349999999917
2026-01-07 22:52:00,13777.349999999917,13777.349999999917
2026-01-07 23:52:00,13777.349999999917,13777.349999999917
2026-01-08 01:53:00,13777.349999999917,13777.349999999917
2026-01-08 02:53:00,13777.349999999917,13777.349999999917
2026-01-08 03:53:00,13777.349999999917,13777.349999999917
2026-01-08 04:53:00,13777.349999999917,13777.349999999917
2026-01-08 05:53:00,13777.349999999917,13777.349999999917
2026-01-08 06:53:00,13777.349999999917,13777.349999999917
2026-01-08 07:53:00,13776.789999999917,13769.429999999917
2026-01-08 08:53:00,13800.509999999917,13886.369999999919
2026-01-08 09:53:00,13800.509999999917,13873.409999999914
2026-01-08 10:53:00,13800.509999999917,13852.409999999914
2026-01-08 11:53:00,13800.509999999917,13869.869999999919
2026-01-08 12:53:00,13800.509999999917,13870.229999999916
2026-01-08 13:53:00,13800.509999999917,13829.129999999914
2026-01-08 14:53:00,13799.909999999914,13799.909999999914
2026-01-08 15:53:00,13799.909999999914,13799.909999999914
2026-01-08 16:53:00,13799.909999999914,13799.909999999914
2026-01-08 17:53:00,13799.909999999914,13799.909999999914
2026-01-08 18:53:00,13799.909999999914,13799.909999999914
2026-01-08 19:53:00,13799.909999999914,13799.909999999914
2026-01-08 20:53:00,13799.909999999914,13799.909999999914
2026-01-08 21:53:00,13799.909999999914,13799.909999999914
2026-01-08 22:53:00,13799.909999999914,13799.909999999914
2026-01-08 23:53:00,13799.909999999914,13799.909999999914
2026-01-09 01:54:00,13799.909999999914,13799.909999999914
2026-01-09 02:54:00,13799.909999999914,13799.909999999914
2026-01-09 03:54:00,13799.909999999914,13799.909999999914
2026-01-09 04:54:00,13799.909999999914,13799.909999999914
2026-01-09 05:54:00,13799.909999999914,13799.909999999914
2026-01-09 06:54:00,13799.909999999914,13799.909999999914
2026-01-09 07:54:00,13799.909999999914,13799.909999999914
2026-01-09 08:54:00,13799.909999999914,13799.909999999914
2026-01-09 09:54:00,13799.909999999914,13799.909999999914
2026-01-09 10:54:00,13799.909999999914,13799.909999999914
2026-01-09 11:54:00,13799.909999999914,13799.909999999914
2026-01-09 12:54:00,13799.909999999914,13799.909999999914
2026-01-09 13:54:00,13799.909999999914,13799.909999999914
2026-01-09 14:54:00,13799.909999999914,13799.909999999914
2026-01-09 15:54:00,13813.559999999907,13813.559999999907
2026-01-09 16:54:00,13813.559999999907,13813.559999999907
2026-01-09 17:54:00,13813.559999999907,13813.559999999907
2026-01-09 18:54:00,13813.559999999907,13813.559999999907
2026-01-09 19:54:00,13812.439999999906,13801.879999999908
2026-01-09 20:54:00,13910.719999999905,13945.679999999904
2026-01-09 21:54:00,13910.719999999905,13961.599999999906
2026-01-09 22:54:00,13992.599999999906,13992.599999999906
2026-01-09 23:54:00,13992.599999999906,13992.599999999906
2026-01-12 01:55:00,13992.599999999906,13992.599999999906
2026-01-12 02:55:00,13992.599999999906,13992.599999999906
2026-01-12 03:55:00,13992.599999999906,13992.599999999906
2026-01-12 04:55:00,13992.599999999906,13992.599999999906
2026-01-12 05:55:00,13992.599999999906,13992.599999999906
2026-01-12 06:55:00,13992.599999999906,13992.599999999906
2026-01-12 07:55:00,13992.599999999906,13992.599999999906
2026-01-12 08:55:00,13992.599999999906,13992.599999999906
2026-01-12 09:55:00,13992.599999999906,13992.599999999906
2026-01-12 10:55:00,13992.599999999906,13992.599999999906
2026-01-12 11:55:00,13992.599999999906,13992.599999999906
2026-01-12 12:55:00,13992.599999999906,13992.599999999906
2026-01-12 13:55:00,13992.599999999906,13992.599999999906
2026-01-12 14:55:00,13992.599999999906,13992.599999999906
2026-01-12 15:55:00,13992.599999999906,13992.599999999906
2026-01-12 16:55:00,14003.72999999992,14003.72999999992
2026-01-12 17:55:00,14003.72999999992,14003.72999999992
2026-01-12 18:55:00,14003.72999999992,14003.72999999992
2026-01-12 19:55:00,14016.339999999931,14016.339999999931
2026-01-12 20:55:00,14016.339999999931,14016.339999999931
2026-01-12 21:55:00,14016.339999999931,14016.339999999931
2026-01-12 22:55:00,14016.339999999931,14016.339999999931
2026-01-12 23:55:00,14016.339999999931,14016.339999999931
2026-01-13 01:56:00,14016.339999999931,14016.339999999931
2026-01-13 02:56:00,14063.849999999926,14109.069999999927
2026-01-13 03:56:00,14085.75999999992,14085.75999999992
2026-01-13 04:56:00,14085.75999999992,14085.75999999992
2026-01-13 05:56:00,14085.75999999992,14085.75999999992
2026-01-13 06:56:00,14085.75999999992,14085.75999999992
2026-01-13 07:56:00,14085.75999999992,14085.75999999992
2026-01-13 08:56:00,14085.75999999992,14085.75999999992
2026-01-13 09:56:00,14085.75999999992,14085.75999999992
2026-01-13 10:56:00,14085.75999999992,14085.75999999992
2026-01-13 11:56:00,14085.75999999992,14085.75999999992
2026-01-13 12:56:00,14085.75999999992,14085.75999999992
2026-01-13 13:56:00,14085.75999999992,14085.75999999992
2026-01-13 14:56:00,14085.75999999992,14085.75999999992
2026-01-13 15:56:00,14085.75999999992,14085.75999999992
2026-01-13 16:56:00,14085.75999999992,14085.75999999992
2026-01-13 17:56:00,14085.75999999992,14085.75999999992
2026-01-13 18:56:00,14085.75999999992,14085.75999999992
2026-01-13 19:56:00,14085.75999999992,14085.75999999992
2026-01-13 20:56:00,14085.75999999992,14085.75999999992
2026-01-13 21:56:00,14085.75999999992,14085.75999999992
2026-01-13 22:56:00,14085.75999999992,14085.75999999992
2026-01-13 23:56:00,14085.75999999992,14085.75999999992
2026-01-14 01:57:00,14085.75999999992,14085.75999999992
2026-01-14 02:57:00,14085.75999999992,14085.75999999992
2026-01-14 03:57:00,14085.75999999992,14085.75999999992
2026-01-14 04:57:00,14085.75999999992,14085.75999999992
2026-01-14 05:57:00,14085.75999999992,14085.75999999992
2026-01-14 06:57:00,14085.75999999992,14085.75999999992
2026-01-14 07:57:00,14084.07999999992,14033.199999999923
2026-01-14 08:57:00,14099.379999999916,14099.379999999916
2026-01-14 09:57:00,14099.379999999916,14099.379999999916
2026-01-14 10:57:00,14099.379999999916,14099.379999999916
2026-01-14 11:57:00,14099.379999999916,14099.379999999916
2026-01-14 12:57:00,14097.279999999915,14160.579999999933
2026-01-14 13:57:00,14111.079999999929,14111.079999999929
2026-01-14 14:57:00,14111.079999999929,14111.079999999929
2026-01-14 15:57:00,14111.079999999929,14111.079999999929
2026-01-14 16:57:00,14111.079999999929,14111.079999999929
2026-01-14 17:57:00,14111.079999999929,14111.079999999929
2026-01-14 18:57:00,14111.079999999929,14111.079999999929
2026-01-14 19:57:00,14111.079999999929,14111.079999999929
2026-01-14 20:57:00,14111.079999999929,14111.079999999929
2026-01-14 21:57:00,14111.079999999929,14111.079999999929
2026-01-14 22:57:00,14111.079999999929,14111.079999999929
2026-01-14 23:57:00,14111.079999999929,14111.079999999929
2026-01-15 01:58:00,13975.079999999924,13975.079999999924
2026-01-15 02:58:00,13975.079999999924,13975.079999999924
2026-01-15 03:58:00,13975.079999999924,13975.079999999924
2026-01-15 04:58:00,13975.079999999924,13975.079999999924
2026-01-15 05:58:00,13975.079999999924,13975.079999999924
2026-01-15 06:58:00,13975.079999999924,13975.079999999924
2026-01-15 07:58:00,13975.079999999924,13975.079999999924
2026-01-15 08:58:00,13975.079999999924,13975.079999999924
2026-01-15 09:58:00,13975.079999999924,13975.079999999924
2026-01-15 10:58:00,13975.079999999924,13975.079999999924
2026-01-15 11:58:00,13975.079999999924,13975.079999999924
2026-01-15 12:58:00,13975.079999999924,13975.079999999924
2026-01-15 13:58:00,13975.079999999924,13975.079999999924
2026-01-15 14:58:00,13975.079999999924,13975.079999999924
2026-01-15 15:58:00,13975.079999999924,13975.079999999924
2026-01-15 16:58:00,13975.079999999924,13975.079999999924
2026-01-15 17:58:00,13975.079999999924,13975.079999999924
2026-01-15 18:58:00,13975.079999999924,13975.079999999924
2026-01-15 19:58:00,13975.079999999924,13975.079999999924
2026-01-15 20:58:00,13975.079999999924,13975.079999999924
2026-01-15 21:58:00,13975.079999999924,13975.079999999924
2026-01-15 22:58:00,13975.079999999924,13975.079999999924
2026-01-15 23:58:00,13975.079999999924,13975.079999999924
2026-01-16 01:59:00,13975.079999999924,13975.079999999924
2026-01-16 02:59:00,13975.079999999924,13975.079999999924
2026-01-16 03:59:00,13975.079999999924,13975.079999999924
2026-01-16 04:59:00,13975.079999999924,13975.079999999924
2026-01-16 05:59:00,13975.079999999924,13975.079999999924
2026-01-16 06:59:00,13975.079999999924,13975.079999999924
2026-01-16 07:59:00,13975.079999999924,13975.079999999924
2026-01-16 08:59:00,13975.079999999924,13975.079999999924
2026-01-16 09:59:00,13975.079999999924,13975.079999999924
2026-01-16 10:59:00,13975.079999999924,13975.079999999924
2026-01-16 11:59:00,13975.079999999924,13975.079999999924
2026-01-16 12:59:00,13975.079999999924,13975.079999999924
2026-01-16 13:59:00,13975.079999999924,13975.079999999924
2026-01-16 14:59:00,13975.079999999924,13975.079999999924
2026-01-16 15:59:00,13975.079999999924,13975.079999999924
2026-01-16 16:59:00,13975.079999999924,13975.079999999924
2026-01-16 17:59:00,13975.079999999924,13975.079999999924
2026-01-16 18:59:00,13975.079999999924,13975.079999999924
2026-01-16 19:59:00,13975.079999999924,13975.079999999924
2026-01-16 20:59:00,13975.079999999924,13975.079999999924
2026-01-16 21:59:00,13975.079999999924,13975.079999999924
2026-01-16 22:59:00,13975.079999999924,13975.079999999924
2026-01-19 01:00:00,13975.079999999924,13975.079999999924
2026-01-19 02:00:00,13975.079999999924,13975.079999999924
2026-01-19 03:00:00,13975.079999999924,13975.079999999924
2026-01-19 04:00:00,13975.079999999924,13975.079999999924
2026-01-19 05:00:00,13974.659999999925,14045.159999999925
2026-01-19 06:00:00,13974.659999999925,14003.879999999925
2026-01-19 07:00:00,13974.659999999925,14039.939999999926
2026-01-19 08:00:00,13974.659999999925,14072.279999999922
2026-01-19 09:00:00,13974.659999999925,14104.439999999926
2026-01-19 10:00:00,13974.659999999925,14054.999999999922
2026-01-19 11:00:00,13974.659999999925,14031.599999999924
2026-01-19 12:00:00,13974.659999999925,14063.339999999924
2026-01-19 13:00:00,13974.659999999925,14036.759999999922
2026-01-19 14:00:00,13974.659999999925,14025.899999999925
2026-01-19 15:00:00,13974.659999999925,14089.379999999925
2026-01-19 16:00:00,13974.659999999925,14055.719999999927
2026-01-19 17:00:00,13974.659999999925,14060.099999999924
2026-01-19 18:00:00,13974.659999999925,14104.679999999926
2026-01-19 19:00:00,13974.659999999925,14089.259999999922
2026-01-19 20:00:00,13974.659999999925,14106.059999999923
2026-01-19 21:00:00,13974.659999999925,14107.439999999926
2026-01-20 01:06:00,13971.659999999925,14063.339999999924
2026-01-20 02:06:00,13971.659999999925,14045.939999999926
2026-01-20 03:06:00,13971.659999999925,14070.119999999924
2026-01-20 04:06:00,13971.659999999925,14075.399999999925
2026-01-20 05:06:00,13971.659999999925,14053.679999999926
2026-01-20 06:06:00,13971.659999999925,14140.559999999923
2026-01-20 07:06:00,13971.659999999925,14254.019999999922
2026-01-20 08:06:00,14084.899999999925,14337.579999999925
2026-01-20 09:06:00,14084.899999999925,14324.979999999923
2026-01-20 10:06:00,14084.899999999925,14348.819999999923
2026-01-20 11:06:00,14084.899999999925,14395.099999999926
2026-01-20 12:06:00,14084.899999999925,14398.419999999925
2026-01-20 13:06:00,14083.009999999926,14202.489999999922
2026-01-20 14:06:00,13900.489999999943,14216.329999999944
2026-01-20 15:06:00,13900.489999999943,14186.609999999942
2026-01-20 16:06:00,13900.489999999943,14226.649999999943
2026-01-20 17:06:00,13900.489999999943,14263.489999999943
2026-01-20 18:06:00,13916.529999999935,14232.329999999934
2026-01-20 19:06:00,13916.529999999935,14298.769999999933
2026-01-20 20:06:00,13916.529999999935,14349.769999999933
2026-01-20 21:06:00,13916.529999999935,14339.809999999934
2026-01-20 22:06:00,13916.529999999935,14328.929999999933
2026-01-20 23:06:00,13916.529999999935,14341.049999999936
2026-01-21 01:07:00,13910.529999999935,14342.769999999933
2026-01-21 02:07:00,13910.529999999935,14395.009999999935
2026-01-21 03:07:00,14476.729999999936,14476.729999999936
2026-01-21 04:07:00,14476.729999999936,14476.729999999936
2026-01-21 05:07:00,14476.729999999936,14476.729999999936
2026-01-21 06:07:00,14476.729999999936,14476.729999999936
2026-01-21 07:07:00,14476.729999999936,14476.729999999936
2026-01-21 08:07:00,14476.729999999936,14476.729999999936
2026-01-21 09:07:00,14328.889999999934,14328.889999999934
2026-01-21 10:07:00,14328.889999999934,14328.889999999934
2026-01-21 11:07:00,14328.889999999934,14328.889999999934
2026-01-21 12:07:00,14328.889999999934,14328.889999999934
2026-01-21 13:07:00,14328.889999999934,14328.889999999934
2026-01-21 14:07:00,14328.889999999934,14328.889999999934
2026-01-21 15:07:00,14328.889999999934,14328.889999999934
2026-01-21 16:07:00,14328.889999999934,14328.889999999934
2026-01-21 17:07:00,14328.889999999934,14328.889999999934
2026-01-21 18:07:00,14413.969999999932,14720.049999999934
2026-01-21 19:07:00,14481.889999999934,14481.889999999934
2026-01-21 20:07:00,14552.039999999939,14678.519999999939
2026-01-21 21:07:00,14779.699999999939,14779.699999999939
2026-01-21 22:07:00,14779.699999999939,14779.699999999939
2026-01-21 23:07:00,14779.699999999939,14779.699999999939
2026-01-22 01:08:00,14779.699999999939,14779.699999999939
2026-01-22 02:08:00,14779.699999999939,14779.699999999939
2026-01-22 03:08:00,14779.699999999939,14779.699999999939
2026-01-22 04:08:00,14779.699999999939,14779.699999999939
2026-01-22 05:08:00,14779.699999999939,14779.699999999939
2026-01-22 06:08:00,14779.699999999939,14779.699999999939
2026-01-22 07:08:00,14779.699999999939,14779.699999999939
2026-01-22 08:08:00,14779.13999999994,14749.539999999934
2026-01-22 09:08:00,14779.13999999994,14667.539999999934
2026-01-22 10:08:00,14634.49999999994,14634.49999999994
2026-01-22 11:08:00,14634.49999999994,14634.49999999994
2026-01-22 12:08:00,14713.429999999938,14864.72999999994
2026-01-22 13:08:00,14831.139999999938,15082.919999999936
2026-01-22 14:08:00,14965.049999999937,15071.609999999939
2026-01-22 15:08:00,15133.139999999934,15183.189999999926
2026-01-22 16:08:00,15157.009999999926,15157.009999999926
2026-01-22 17:08:00,15157.009999999926,15157.009999999926
2026-01-22 18:08:00,15157.009999999926,15157.009999999926
2026-01-22 19:08:00,15157.009999999926,15157.009999999926
2026-01-22 20:08:00,15157.009999999926,15157.009999999926
2026-01-22 21:08:00,15157.009999999926,15157.009999999926
2026-01-22 22:08:00,15157.009999999926,15157.009999999926
2026-01-22 23:08:00,15171.439999999924,15252.589999999922
2026-01-23 01:09:00,15388.139999999923,15388.139999999923
2026-01-23 02:09:00,15388.139999999923,15388.139999999923
2026-01-23 03:09:00,15387.089999999924,15405.239999999923
2026-01-23 04:09:00,15403.319999999929,15403.319999999929
2026-01-23 05:09:00,15403.319999999929,15403.319999999929
2026-01-23 06:09:00,15403.319999999929,15403.319999999929
2026-01-23 07:09:00,15403.319999999929,15403.319999999929
2026-01-23 08:09:00,15403.319999999929,15403.319999999929
2026-01-23 09:09:00,15403.319999999929,15403.319999999929
2026-01-23 10:09:00,15403.319999999929,15403.319999999929
2026-01-23 11:09:00,15403.319999999929,15403.319999999929
2026-01-23 12:09:00,15403.319999999929,15403.319999999929
2026-01-23 13:09:00,15403.319999999929,15403.319999999929
2026-01-23 14:09:00,15403.319999999929,15403.319999999929
2026-01-23 15:09:00,15403.319999999929,15403.319999999929
2026-01-23 16:09:00,15403.319999999929,15403.319999999929
2026-01-23 17:09:00,15403.319999999929,15403.319999999929
2026-01-23 18:09:00,15403.319999999929,15403.319999999929
2026-01-23 19:09:00,15403.319999999929,15403.319999999929
2026-01-23 20:09:00,15423.959999999926,15496.559999999929
2026-01-23 21:09:00,15466.679999999924,15466.679999999924
2026-01-23 22:09:00,15466.679999999924,15466.679999999924
2026-01-23 23:09:00,15466.679999999924,15466.679999999924
2026-01-26 01:10:00,15466.679999999924,15466.679999999924
2026-01-26 02:10:00,15466.679999999924,15466.679999999924
2026-01-26 03:10:00,15466.679999999924,15466.679999999924
2026-01-26 04:10:00,15466.679999999924,15466.679999999924
2026-01-26 05:10:00,15466.679999999924,15466.679999999924
2026-01-26 06:10:00,15466.679999999924,15466.679999999924
2026-01-26 07:10:00,15487.13999999992,15487.13999999992
2026-01-26 08:10:00,15487.13999999992,15487.13999999992
2026-01-26 09:10:00,15487.13999999992,15487.13999999992
2026-01-26 10:10:00,15487.13999999992,15487.13999999992
2026-01-26 11:10:00,15487.13999999992,15487.13999999992
2026-01-26 12:10:00,15487.13999999992,15487.13999999992
2026-01-26 13:10:00,15485.73999999992,15486.539999999919
2026-01-26 14:10:00,15554.039999999915,15554.039999999915
2026-01-26 15:10:00,15554.039999999915,15554.039999999915
2026-01-26 16:10:00,15554.039999999915,15554.039999999915
2026-01-26 17:10:00,15554.039999999915,15554.039999999915
2026-01-26 18:10:00,15554.039999999915,15554.039999999915
2026-01-26 19:10:00,15554.039999999915,15554.039999999915
2026-01-26 20:10:00,15554.039999999915,15554.039999999915
2026-01-26 21:10:00,15688.799999999914,15881.759999999913
2026-01-26 22:10:00,15687.59999999991,15687.59999999991
2026-01-26 23:10:00,15687.59999999991,15687.59999999991
2026-01-27 01:11:00,15687.59999999991,15687.59999999991
2026-01-27 02:11:00,15687.59999999991,15687.59999999991
2026-01-27 03:11:00,15534.259999999911,15534.259999999911
2026-01-27 04:11:00,15533.769999999911,15637.57999999991
2026-01-27 05:11:00,15550.39999999991,15646.39999999991
2026-01-27 06:11:00,15550.39999999991,15678.85999999991
2026-01-27 07:11:00,15550.39999999991,15596.83999999991
2026-01-27 08:11:00,15583.65999999991,15720.809999999912
2026-01-27 09:11:00,15583.65999999991,15783.20999999991
2026-01-27 10:11:00,15583.65999999991,15738.80999999991
2026-01-27 11:11:00,15583.65999999991,15747.309999999909
2026-01-27 12:11:00,15583.65999999991,15785.459999999908
2026-01-27 13:11:00,15583.65999999991,15757.859999999911
2026-01-27 14:11:00,15658.809999999912,15979.509999999904
2026-01-27 15:11:00,15761.46999999991,16082.449999999903
2026-01-27 16:11:00,15760.569999999907,15823.369999999904
2026-01-27 17:11:00,15760.069999999905,15760.069999999905
2026-01-27 18:11:00,15760.069999999905,15760.069999999905
2026-01-27 19:11:00,15760.069999999905,15760.069999999905
2026-01-27 20:11:00,15760.069999999905,15760.069999999905
2026-01-27 21:11:00,15760.069999999905,15760.069999999905
2026-01-27 22:11:00,15760.069999999905,15760.069999999905
2026-01-27 23:11:00,15760.069999999905,15760.069999999905
2026-01-28 01:12:00,15760.069999999905,15760.069999999905
2026-01-28 02:12:00,15760.069999999905,15760.069999999905
2026-01-28 03:12:00,15760.069999999905,15760.069999999905
2026-01-28 04:12:00,15760.069999999905,15760.069999999905
2026-01-28 05:12:00,15760.069999999905,15760.069999999905
2026-01-28 06:12:00,15760.069999999905,15760.069999999905
2026-01-28 07:12:00,15760.069999999905,15760.069999999905
2026-01-28 08:12:00,15760.069999999905,15760.069999999905
2026-01-28 09:12:00,15760.069999999905,15760.069999999905
2026-01-28 10:12:00,15760.069999999905,15760.069999999905
2026-01-28 11:12:00,15760.069999999905,15760.069999999905
2026-01-28 12:12:00,15760.069999999905,15760.069999999905
2026-01-28 13:12:00,15760.069999999905,15760.069999999905
2026-01-28 14:12:00,15760.069999999905,15760.069999999905
2026-01-28 15:12:00,15760.069999999905,15760.069999999905
2026-01-28 16:12:00,15760.069999999905,15760.069999999905
2026-01-28 17:12:00,15602.139999999901,15602.139999999901
2026-01-28 18:12:00,15602.139999999901,15602.139999999901
2026-01-28 19:12:00,15602.139999999901,15602.139999999901
2026-01-28 20:12:00,15602.139999999901,15602.139999999901
2026-01-28 21:12:00,15602.139999999901,15602.139999999901
2026-01-28 22:12:00,15602.139999999901,15602.139999999901
2026-01-28 23:12:00,15602.139999999901,15602.139999999901
2026-01-29 01:13:00,15602.139999999901,15602.139999999901
2026-01-29 02:13:00,15602.139999999901,15602.139999999901
2026-01-29 03:13:00,15602.139999999901,15602.139999999901
2026-01-29 04:13:00,15602.139999999901,15602.139999999901
2026-01-29 05:13:00,15602.139999999901,15602.139999999901
2026-01-29 06:13:00,15602.139999999901,15602.139999999901
2026-01-29 07:13:00,15602.139999999901,15602.139999999901
2026-01-29 08:13:00,15602.139999999901,15602.139999999901
2026-01-29 09:13:00,15602.139999999901,15602.139999999901
2026-01-29 10:13:00,15602.139999999901,15602.139999999901
2026-01-29 11:13:00,15415.519999999899,15415.519999999899
2026-01-29 12:13:00,15415.519999999899,15415.519999999899
2026-01-29 13:13:00,15415.519999999899,15415.519999999899
2026-01-29 14:13:00,15415.519999999899,15415.519999999899
2026-01-29 15:13:00,15415.519999999899,15415.519999999899
2026-01-29 16:13:00,15415.519999999899,15415.519999999899
2026-01-29 17:13:00,15415.519999999899,15415.519999999899
2026-01-29 18:13:00,15415.519999999899,15415.519999999899
2026-01-29 19:13:00,15415.519999999899,15415.519999999899
2026-01-29 20:13:00,15257.439999999897,15257.439999999897
2026-01-29 21:13:00,15257.439999999897,15257.439999999897
2026-01-29 22:13:00,15257.439999999897,15257.439999999897
2026-01-29 23:13:00,15257.439999999897,15257.439999999897
2026-01-30 01:14:00,15361.3899999999,15573.329999999898
2026-01-30 02:14:00,15361.3899999999,15620.329999999898
2026-01-30 03:14:00,15440.369999999897,15558.669999999896
2026-01-30 04:14:00,15440.369999999897,15655.179999999897
2026-01-30 05:14:00,15440.229999999898,15750.389999999898
2026-01-30 06:14:00,15440.229999999898,15652.199999999895
2026-01-30 07:14:00,15440.229999999898,15621.869999999897
2026-01-30 08:14:00,15440.229999999898,15721.379999999896
2026-01-30 09:14:00,15508.529999999897,15803.499999999894
2026-01-30 10:14:00,15508.529999999897,15858.039999999895
2026-01-30 11:14:00,15826.049999999897,16010.559999999896
2026-01-30 12:14:00,15826.049999999897,16000.599999999897
2026-01-30 13:14:00,15826.049999999897,15919.139999999898
2026-01-30 14:14:00,15826.049999999897,15910.459999999897
2026-01-30 15:14:00,15826.049999999897,15963.389999999898
2026-01-30 16:14:00,15826.049999999897,15986.099999999897
2026-01-30 17:14:00,15826.049999999897,16011.439999999897
2026-01-30 18:14:00,15826.049999999897,16008.779999999897
2026-01-30 19:14:00,16099.269999999897,16099.269999999897
2026-01-30 20:14:00,16099.269999999897,16099.269999999897
2026-01-30 21:14:00,16099.269999999897,16099.269999999897
2026-01-30 22:14:00,16099.269999999897,16099.269999999897
2026-01-30 23:14:00,16099.269999999897,16099.269999999897
2026-02-02 01:15:00,16099.129999999897,16065.049999999897
2026-02-02 02:15:00,16166.739999999898,16180.729999999898
2026-02-02 03:15:00,16166.639999999898,16446.499999999898
2026-02-02 04:15:00,16166.639999999898,16318.339999999896
2026-02-02 05:15:00,16166.639999999898,16439.279999999897
2026-02-02 06:15:00,16166.639999999898,16442.999999999898
2026-02-02 07:15:00,16166.639999999898,16470.319999999898
2026-02-02 08:15:00,16166.639999999898,16699.139999999898
2026-02-02 09:15:00,16952.2999999999,16952.2999999999
2026-02-02 10:15:00,16952.2999999999,16952.2999999999
2026-02-02 11:15:00,16952.2999999999,16952.2999999999
2026-02-02 12:15:00,16952.2999999999,16952.2999999999
2026-02-02 13:15:00,16952.2999999999,16952.2999999999
2026-02-02 14:15:00,16952.2999999999,16952.2999999999
2026-02-02 15:15:00,16952.2999999999,16952.2999999999
2026-02-02 16:15:00,16952.2999999999,16952.2999999999
2026-02-02 17:15:00,16952.2999999999,16952.2999999999
2026-02-02 18:15:00,16952.2999999999,16952.2999999999
2026-02-02 19:15:00,16952.2999999999,16952.2999999999
2026-02-02 20:15:00,16952.2999999999,16952.2999999999
2026-02-02 21:15:00,16952.2999999999,16952.2999999999
2026-02-02 22:15:00,16952.2999999999,16952.2999999999
2026-02-02 23:15:00,16952.2999999999,16952.2999999999
2026-02-03 01:16:00,16952.2999999999,16952.2999999999
2026-02-03 02:16:00,16952.2999999999,16952.2999999999
2026-02-03 03:16:00,16952.2999999999,16952.2999999999
2026-02-03 04:16:00,16952.2999999999,16952.2999999999
2026-02-03 05:16:00,16952.2999999999,16952.2999999999
2026-02-03 06:16:00,16952.2999999999,16952.2999999999
2026-02-03 07:16:00,16952.2999999999,16952.2999999999
2026-02-03 08:16:00,16952.2999999999,16952.2999999999
2026-02-03 09:16:00,16952.2999999999,16952.2999999999
2026-02-03 10:16:00,16952.2999999999,16952.2999999999
2026-02-03 11:16:00,16952.2999999999,16952.2999999999
2026-02-03 12:16:00,16952.2999999999,16952.2999999999
2026-02-03 13:16:00,16952.2999999999,16952.2999999999
2026-02-03 14:16:00,16952.2999999999,16952.2999999999
2026-02-03 15:16:00,16952.2999999999,16952.2999999999
2026-02-03 16:16:00,16952.2999999999,16952.2999999999
2026-02-03 17:16:00,16952.2999999999,16952.2999999999
2026-02-03 18:16:00,16952.2999999999,16952.2999999999
2026-02-03 19:16:00,16952.2999999999,16952.2999999999
2026-02-03 20:16:00,16952.2999999999,16952.2999999999
2026-02-03 21:16:00,16952.2999999999,16952.2999999999
2026-02-03 22:16:00,16952.2999999999,16952.2999999999
2026-02-03 23:16:00,16952.2999999999,16952.2999999999
2026-02-04 01:17:00,16952.2999999999,16952.2999999999
2026-02-04 02:17:00,16952.2999999999,16952.2999999999
2026-02-04 03:17:00,16952.2999999999,16952.2999999999
2026-02-04 04:17:00,16952.2999999999,16952.2999999999
2026-02-04 05:17:00,16952.2999999999,16952.2999999999
2026-02-04 06:17:00,16952.2999999999,16952.2999999999
2026-02-04 07:17:00,16952.2999999999,16952.2999999999
2026-02-04 08:17:00,16952.2999999999,16952.2999999999
2026-02-04 09:17:00,16952.2999999999,16952.2999999999
2026-02-04 10:17:00,16952.2999999999,16952.2999999999
2026-02-04 11:17:00,16952.2999999999,16952.2999999999
2026-02-04 12:17:00,16952.2999999999,16952.2999999999
2026-02-04 13:17:00,16952.2999999999,16952.2999999999
2026-02-04 14:17:00,16952.2999999999,16952.2999999999
2026-02-04 15:17:00,16952.2999999999,16952.2999999999
2026-02-04 16:17:00,16952.2999999999,16952.2999999999
2026-02-04 17:17:00,16952.2999999999,16952.2999999999
2026-02-04 18:17:00,16952.2999999999,16952.2999999999
2026-02-04 19:17:00,16952.2999999999,16952.2999999999
2026-02-04 20:17:00,16952.2999999999,16952.2999999999
2026-02-04 21:17:00,16952.2999999999,16952.2999999999
2026-02-04 22:17:00,16952.2999999999,16952.2999999999
2026-02-04 23:17:00,16952.2999999999,16952.2999999999
2026-02-05 01:18:00,16952.2999999999,16952.2999999999
2026-02-05 02:18:00,16952.2999999999,16952.2999999999
2026-02-05 03:18:00,16952.2999999999,16952.2999999999
2026-02-05 04:18:00,16952.2999999999,16952.2999999999
2026-02-05 05:18:00,16952.2999999999,16952.2999999999
2026-02-05 06:18:00,16952.2999999999,16952.2999999999
2026-02-05 07:18:00,16952.2999999999,16952.2999999999
2026-02-05 08:18:00,16952.2999999999,16952.2999999999
2026-02-05 09:18:00,16952.2999999999,16952.2999999999
2026-02-05 10:18:00,16952.2999999999,16952.2999999999
2026-02-05 11:18:00,16952.2999999999,16952.2999999999
2026-02-05 12:18:00,16952.2999999999,16952.2999999999
2026-02-05 13:18:00,16952.2999999999,16952.2999999999
2026-02-05 14:18:00,16952.2999999999,16952.2999999999
2026-02-05 15:18:00,16952.2999999999,16952.2999999999
2026-02-05 16:18:00,16952.2999999999,16952.2999999999
2026-02-05 17:18:00,16952.2999999999,16952.2999999999
2026-02-05 18:18:00,16952.2999999999,16952.2999999999
2026-02-05 19:18:00,16952.2999999999,16952.2999999999
2026-02-05 20:18:00,16952.2999999999,16952.2999999999
2026-02-05 21:18:00,16952.2999999999,16952.2999999999
2026-02-05 22:18:00,16952.2999999999,16952.2999999999
2026-02-05 23:18:00,16952.2999999999,16952.2999999999
2026-02-06 01:19:00,16952.2999999999,16952.2999999999
2026-02-06 02:19:00,16952.2999999999,16952.2999999999
2026-02-06 03:19:00,16952.2999999999,16952.2999999999
2026-02-06 04:19:00,16952.2999999999,16952.2999999999
2026-02-06 05:19:00,16952.2999999999,16952.2999999999
2026-02-06 06:19:00,16952.2999999999,16952.2999999999
2026-02-06 07:19:00,16952.2999999999,16952.2999999999
2026-02-06 08:19:00,16952.2999999999,16952.2999999999
2026-02-06 09:19:00,16952.2999999999,16952.2999999999
2026-02-06 10:19:00,16952.2999999999,16952.2999999999
2026-02-06 11:19:00,16952.2999999999,16952.2999999999
2026-02-06 12:19:00,16952.2999999999,16952.2999999999
2026-02-06 13:19:00,16952.2999999999,16952.2999999999
2026-02-06 14:19:00,16952.2999999999,16952.2999999999
2026-02-06 15:19:00,16952.2999999999,16952.2999999999
2026-02-06 16:19:00,16952.2999999999,16952.2999999999
2026-02-06 17:19:00,16952.019999999902,16945.5399999999
2026-02-06 18:19:00,16952.019999999902,16959.9799999999
2026-02-06 19:19:00,16973.269999999902,16973.269999999902
2026-02-06 20:19:00,16973.269999999902,16973.269999999902
2026-02-06 21:19:00,16973.269999999902,16973.269999999902
2026-02-06 22:19:00,16973.269999999902,16973.269999999902
2026-02-06 23:19:00,16973.269999999902,16973.269999999902
2026-02-09 01:20:00,16973.269999999902,16973.269999999902
2026-02-09 02:20:00,16973.269999999902,16973.269999999902
2026-02-09 03:20:00,17003.079999999904,17003.079999999904
2026-02-09 04:20:00,17003.079999999904,17003.079999999904
2026-02-09 05:20:00,17003.079999999904,17003.079999999904
2026-02-09 06:20:00,17003.079999999904,17003.079999999904
2026-02-09 07:20:00,17003.079999999904,17003.079999999904
2026-02-09 08:20:00,17003.079999999904,17003.079999999904
2026-02-09 09:20:00,17003.079999999904,17003.079999999904
2026-02-09 10:20:00,17003.079999999904,17003.079999999904
2026-02-09 11:20:00,17003.079999999904,17003.079999999904
2026-02-09 12:20:00,17003.079999999904,17003.079999999904
2026-02-09 13:20:00,17003.079999999904,17003.079999999904
2026-02-09 14:20:00,17003.079999999904,17003.079999999904
2026-02-09 15:20:00,17003.079999999904,17003.079999999904
2026-02-09 16:20:00,17003.079999999904,17003.079999999904
2026-02-09 17:20:00,17003.079999999904,17003.079999999904
2026-02-09 18:20:00,17003.079999999904,17003.079999999904
2026-02-09 19:20:00,17003.079999999904,17003.079999999904
2026-02-09 20:20:00,17020.819999999898,17016.919999999904
2026-02-09 21:20:00,17040.919999999896,17161.159999999894
2026-02-09 22:20:00,17081.119999999897,17252.059999999896
2026-02-09 23:20:00,17081.119999999897,17151.559999999896
2026-02-10 01:21:00,17080.5199999999,17080.5199999999
2026-02-10 02:21:00,17079.889999999898,17113.8199999999
2026-02-10 03:21:00,17143.609999999895,17227.959999999894
2026-02-10 04:21:00,17143.109999999895,17143.109999999895
2026-02-10 05:21:00,17143.109999999895,17143.109999999895
2026-02-10 06:21:00,17143.109999999895,17143.109999999895
2026-02-10 07:21:00,17143.109999999895,17143.109999999895
2026-02-10 08:21:00,17143.109999999895,17143.109999999895
2026-02-10 09:21:00,17143.109999999895,17143.109999999895
2026-02-10 10:21:00,17143.109999999895,17143.109999999895
2026-02-10 11:21:00,17143.109999999895,17143.109999999895
2026-02-10 12:21:00,17143.109999999895,17143.109999999895
2026-02-10 13:21:00,17143.109999999895,17143.109999999895
2026-02-10 14:21:00,17143.109999999895,17143.109999999895
2026-02-10 15:21:00,17143.109999999895,17143.109999999895
2026-02-10 16:21:00,17143.109999999895,17143.109999999895
2026-02-10 17:21:00,17143.109999999895,17143.109999999895
2026-02-10 18:21:00,17143.109999999895,17143.109999999895
2026-02-10 19:21:00,17143.109999999895,17143.109999999895
2026-02-10 20:21:00,17143.109999999895,17143.109999999895
2026-02-10 21:21:00,17143.109999999895,17143.109999999895
2026-02-10 22:21:00,17143.109999999895,17143.109999999895
2026-02-10 23:21:00,17143.109999999895,17143.109999999895
2026-02-11 01:22:00,17143.109999999895,17143.109999999895
2026-02-11 02:22:00,17143.109999999895,17143.109999999895
2026-02-11 03:22:00,17143.109999999895,17143.109999999895
2026-02-11 04:22:00,17143.109999999895,17143.109999999895
2026-02-11 05:22:00,17143.109999999895,17143.109999999895
2026-02-11 06:22:00,17143.109999999895,17143.109999999895
2026-02-11 07:22:00,17143.109999999895,17143.109999999895
2026-02-11 08:22:00,17143.109999999895,17143.109999999895
2026-02-11 09:22:00,17143.109999999895,17143.109999999895
2026-02-11 10:22:00,17143.109999999895,17143.109999999895
2026-02-11 11:22:00,17143.109999999895,17143.109999999895
2026-02-11 12:22:00,17143.109999999895,17143.109999999895
2026-02-11 13:22:00,17143.109999999895,17143.109999999895
2026-02-11 14:22:00,17143.109999999895,17143.109999999895
2026-02-11 15:22:00,17143.109999999895,17143.109999999895
2026-02-11 16:22:00,17143.109999999895,17143.109999999895
2026-02-11 17:22:00,17143.109999999895,17143.109999999895
2026-02-11 18:22:00,17143.109999999895,17143.109999999895
2026-02-11 19:22:00,17143.109999999895,17143.109999999895
2026-02-11 20:22:00,17143.109999999895,17143.109999999895
2026-02-11 21:22:00,17143.109999999895,17143.109999999895
2026-02-11 22:22:00,17143.109999999895,17143.109999999895
2026-02-11 23:22:00,17143.109999999895,17143.109999999895
2026-02-12 01:23:00,17143.109999999895,17143.109999999895
2026-02-12 02:23:00,17143.109999999895,17143.109999999895
2026-02-12 03:23:00,17143.109999999895,17143.109999999895
2026-02-12 04:23:00,17143.109999999895,17143.109999999895
2026-02-12 05:23:00,17143.109999999895,17143.109999999895
2026-02-12 06:23:00,17143.109999999895,17143.109999999895
2026-02-12 07:23:00,17143.109999999895,17143.109999999895
2026-02-12 08:23:00,17143.109999999895,17143.109999999895
2026-02-12 09:23:00,17143.109999999895,17143.109999999895
2026-02-12 10:23:00,17143.109999999895,17143.109999999895
2026-02-12 11:23:00,17143.109999999895,17143.109999999895
2026-02-12 12:23:00,17158.869999999893,17262.78999999989
2026-02-12 13:23:00,17191.809999999896,17290.9299999999
2026-02-12 14:23:00,17191.809999999896,17291.709999999894
2026-02-12 15:23:00,17260.589999999895,17260.589999999895
2026-02-12 16:23:00,17260.589999999895,17260.589999999895
2026-02-12 17:23:00,17260.589999999895,17260.589999999895
2026-02-12 18:23:00,17260.589999999895,17260.589999999895
2026-02-12 19:23:00,17260.589999999895,17260.589999999895
2026-02-12 20:23:00,17260.589999999895,17260.589999999895
2026-02-12 21:23:00,17260.589999999895,17260.589999999895
2026-02-12 22:23:00,17260.589999999895,17260.589999999895
2026-02-12 23:23:00,17260.589999999895,17260.589999999895
2026-02-13 01:24:00,17260.589999999895,17260.589999999895
2026-02-13 02:24:00,17260.589999999895,17260.589999999895
2026-02-13 03:24:00,17260.589999999895,17260.589999999895
2026-02-13 04:24:00,17260.449999999895,17258.489999999892
2026-02-13 05:24:00,17260.449999999895,17273.549999999894
2026-02-13 06:24:00,17260.449999999895,17246.989999999896
2026-02-13 07:24:00,17260.449999999895,17260.469999999892
2026-02-13 08:24:00,17259.959999999894,17266.259999999893
2026-02-13 09:24:00,17272.239999999896,17329.279999999897
2026-02-13 10:24:00,17296.799999999897,17385.6799999999
2026-02-13 11:24:00,17296.799999999897,17385.079999999896
2026-02-13 12:24:00,17333.1499999999,17356.889999999898
2026-02-13 13:24:00,17333.1499999999,17419.1099999999
2026-02-13 14:24:00,17333.1499999999,17355.3299999999
2026-02-13 15:24:00,17333.1499999999,17358.669999999896
2026-02-13 16:24:00,17333.1499999999,17294.9699999999
2026-02-13 17:24:00,17333.1499999999,17293.3299999999
2026-02-13 18:24:00,17344.349999999897,17420.1899999999
2026-02-13 19:24:00,17402.769999999895,17441.729999999898
2026-02-13 20:24:00,17402.769999999895,17470.689999999893
2026-02-13 21:24:00,17287.009999999893,17512.44999999989
2026-02-13 22:24:00,17287.009999999893,17460.929999999895
2026-02-13 23:24:00,17287.009999999893,17462.929999999895
2026-02-16 01:25:00,17887.909999999894,17887.909999999894
2026-02-16 02:25:00,17887.909999999894,17887.909999999894
2026-02-16 03:25:00,17887.909999999894,17887.909999999894
2026-02-16 04:25:00,17887.909999999894,17887.909999999894
2026-02-16 05:25:00,17887.909999999894,17887.909999999894
2026-02-16 06:25:00,17887.909999999894,17887.909999999894
2026-02-16 07:25:00,17887.909999999894,17887.909999999894
2026-02-16 08:25:00,17887.909999999894,17887.909999999894
2026-02-16 09:25:00,17887.909999999894,17887.909999999894
2026-02-16 10:25:00,18017.609999999888,18040.55999999989
2026-02-16 11:25:00,18030.209999999886,18030.209999999886
2026-02-16 12:25:00,18030.209999999886,18030.209999999886
2026-02-16 13:25:00,18030.209999999886,18030.209999999886
2026-02-16 14:25:00,18030.209999999886,18030.209999999886
2026-02-16 15:25:00,18030.209999999886,18030.209999999886
2026-02-16 16:25:00,18030.209999999886,18030.209999999886
2026-02-16 17:25:00,18028.109999999888,18115.70999999986
2026-02-16 18:25:00,18060.089999999884,18060.089999999884
2026-02-16 19:25:00,18060.089999999884,18060.089999999884
2026-02-16 20:25:00,18060.089999999884,18060.089999999884
2026-02-16 21:25:00,18060.089999999884,18060.089999999884
2026-02-17 01:54:00,18060.089999999884,18060.089999999884
2026-02-17 02:54:00,18060.089999999884,18060.089999999884
2026-02-17 03:54:00,18060.089999999884,18060.089999999884
2026-02-17 04:54:00,18060.089999999884,18060.089999999884
2026-02-17 05:54:00,18060.089999999884,18060.089999999884
2026-02-17 06:54:00,18060.089999999884,18060.089999999884
2026-02-17 07:54:00,18060.089999999884,18060.089999999884
2026-02-17 08:54:00,18060.089999999884,18060.089999999884
2026-02-17 09:54:00,18060.089999999884,18060.089999999884
2026-02-17 10:54:00,18060.089999999884,18060.089999999884
2026-02-17 11:54:00,18060.089999999884,18060.089999999884
2026-02-17 12:54:00,18060.089999999884,18060.089999999884
2026-02-17 13:54:00,18060.089999999884,18060.089999999884
2026-02-17 14:54:00,18060.089999999884,18060.089999999884
2026-02-17 15:54:00,18060.089999999884,18060.089999999884
2026-02-17 16:54:00,18060.089999999884,18060.089999999884
2026-02-17 17:54:00,18060.089999999884,18060.089999999884
2026-02-17 18:54:00,18060.089999999884,18060.089999999884
2026-02-17 19:54:00,18060.089999999884,18060.089999999884
2026-02-17 20:54:00,18060.089999999884,18060.089999999884
2026-02-17 21:54:00,18060.089999999884,18060.089999999884
2026-02-17 22:54:00,18060.089999999884,18060.089999999884
2026-02-17 23:54:00,18060.089999999884,18060.089999999884
2026-02-18 01:55:00,18060.089999999884,18060.089999999884
2026-02-18 02:55:00,18060.089999999884,18060.089999999884
2026-02-18 03:55:00,18060.089999999884,18060.089999999884
2026-02-18 04:55:00,18060.089999999884,18060.089999999884
2026-02-18 05:55:00,18060.089999999884,18060.089999999884
2026-02-18 06:55:00,18060.089999999884,18060.089999999884
2026-02-18 07:55:00,18060.089999999884,18060.089999999884
2026-02-18 08:55:00,18060.089999999884,18060.089999999884
2026-02-18 09:55:00,18060.089999999884,18060.089999999884
2026-02-18 10:55:00,18060.089999999884,18060.089999999884
2026-02-18 11:55:00,18060.089999999884,18060.089999999884
2026-02-18 12:55:00,18060.089999999884,18060.089999999884
2026-02-18 13:55:00,18060.089999999884,18060.089999999884
2026-02-18 14:55:00,18060.089999999884,18060.089999999884
2026-02-18 15:55:00,18060.089999999884,18060.089999999884
2026-02-18 16:55:00,18060.089999999884,18060.089999999884
2026-02-18 17:55:00,18060.089999999884,18060.089999999884
2026-02-18 18:55:00,18060.089999999884,18060.089999999884
2026-02-18 19:55:00,18060.089999999884,18060.089999999884
2026-02-18 20:55:00,18060.089999999884,18060.089999999884
2026-02-18 21:55:00,18059.319999999883,18080.659999999887
2026-02-18 22:55:00,18074.539999999884,18095.509999999886
2026-02-18 23:55:00,18073.639999999894,18073.639999999894
2026-02-19 01:56:00,18073.639999999894,18073.639999999894
2026-02-19 02:56:00,18073.639999999894,18073.639999999894
2026-02-19 03:56:00,18073.639999999894,18073.639999999894
2026-02-19 04:56:00,18073.639999999894,18073.639999999894
2026-02-19 05:56:00,18073.639999999894,18073.639999999894
2026-02-19 06:56:00,18073.639999999894,18073.639999999894
2026-02-19 07:56:00,18073.639999999894,18073.639999999894
2026-02-19 08:56:00,18073.639999999894,18073.639999999894
2026-02-19 09:56:00,18071.399999999892,17955.879999999874
2026-02-19 10:56:00,17891.23999999989,17891.23999999989
2026-02-19 11:56:00,17891.23999999989,17891.23999999989
2026-02-19 12:56:00,17891.23999999989,17891.23999999989
2026-02-19 13:56:00,17891.23999999989,17891.23999999989
2026-02-19 14:56:00,17891.23999999989,17891.23999999989
2026-02-19 15:56:00,17891.23999999989,17891.23999999989
2026-02-19 16:56:00,17891.23999999989,17891.23999999989
2026-02-19 17:56:00,17891.23999999989,17891.23999999989
2026-02-19 18:56:00,18195.449999999895,18195.449999999895
2026-02-19 19:56:00,18195.449999999895,18195.449999999895
2026-02-19 20:56:00,18195.449999999895,18195.449999999895
2026-02-19 21:56:00,18195.449999999895,18195.449999999895
2026-02-19 22:56:00,18195.449999999895,18195.449999999895
2026-02-19 23:56:00,18195.449999999895,18195.449999999895
2026-02-20 01:57:00,18195.449999999895,18195.449999999895
2026-02-20 02:57:00,18195.449999999895,18195.449999999895
2026-02-20 03:57:00,18195.449999999895,18195.449999999895
2026-02-20 04:57:00,18195.449999999895,18195.449999999895
2026-02-20 05:57:00,18195.449999999895,18195.449999999895
2026-02-20 06:57:00,18195.449999999895,18195.449999999895
2026-02-20 07:57:00,18195.449999999895,18195.449999999895
2026-02-20 08:57:00,18195.449999999895,18195.449999999895
2026-02-20 09:57:00,18195.449999999895,18195.449999999895
2026-02-20 10:57:00,18195.449999999895,18195.449999999895
2026-02-20 11:57:00,18195.449999999895,18195.449999999895
2026-02-20 12:57:00,18195.449999999895,18195.449999999895
2026-02-20 13:57:00,18195.449999999895,18195.449999999895
2026-02-20 14:57:00,18195.449999999895,18195.449999999895
2026-02-20 15:57:00,18195.449999999895,18195.449999999895
2026-02-20 16:57:00,18195.449999999895,18195.449999999895
2026-02-20 17:57:00,18011.849999999897,18011.849999999897
2026-02-20 18:57:00,18011.849999999897,18011.849999999897
2026-02-20 19:57:00,18011.849999999897,18011.849999999897
2026-02-20 20:57:00,18011.849999999897,18011.849999999897
2026-02-20 21:57:00,18011.849999999897,18011.849999999897
2026-02-20 22:57:00,18011.849999999897,18011.849999999897
2026-02-20 23:57:00,18011.849999999897,18011.849999999897
2026-02-23 01:58:00,18011.849999999897,18011.849999999897
2026-02-23 02:58:00,18011.849999999897,18011.849999999897
2026-02-23 03:58:00,18011.849999999897,18011.849999999897
2026-02-23 04:58:00,18011.849999999897,18011.849999999897
2026-02-23 05:58:00,18011.849999999897,18011.849999999897
2026-02-23 06:58:00,18011.849999999897,18011.849999999897
2026-02-23 07:58:00,18011.849999999897,18011.849999999897
2026-02-23 08:58:00,18011.849999999897,18011.849999999897
2026-02-23 09:58:00,18011.849999999897,18011.849999999897
2026-02-23 10:58:00,18011.849999999897,18011.849999999897
2026-02-23 11:58:00,18011.849999999897,18011.849999999897
2026-02-23 12:58:00,18011.849999999897,18011.849999999897
2026-02-23 13:58:00,18011.849999999897,18011.849999999897
2026-02-23 14:58:00,18011.849999999897,18011.849999999897
2026-02-23 15:58:00,18011.849999999897,18011.849999999897
2026-02-23 16:58:00,18011.849999999897,18011.849999999897
2026-02-23 17:58:00,18011.849999999897,18011.849999999897
2026-02-23 18:58:00,18011.849999999897,18011.849999999897
2026-02-23 19:58:00,18050.669999999896,18251.36999999989
2026-02-23 20:58:00,18050.669999999896,18290.249999999905
2026-02-23 21:58:00,18131.349999999897,18406.169999999896
2026-02-23 22:58:00,18252.389999999898,18661.389999999894
2026-02-23 23:58:00,18365.709999999886,18681.909999999887
2026-02-24 01:59:00,18865.00999999989,18865.00999999989
2026-02-24 02:59:00,18865.00999999989,18865.00999999989
2026-02-24 03:59:00,18643.09999999989,18643.09999999989
2026-02-24 04:59:00,18643.09999999989,18643.09999999989
2026-02-24 05:59:00,18643.09999999989,18643.09999999989
2026-02-24 06:59:00,18643.09999999989,18643.09999999989
2026-02-24 07:59:00,18643.09999999989,18643.09999999989
2026-02-24 08:59:00,18643.09999999989,18643.09999999989
2026-02-24 09:59:00,18664.48999999988,18664.48999999988
2026-02-24 10:59:00,18664.48999999988,18664.48999999988
2026-02-24 11:59:00,18664.48999999988,18664.48999999988
2026-02-24 12:59:00,18664.48999999988,18664.48999999988
2026-02-24 13:59:00,18664.48999999988,18664.48999999988
2026-02-24 14:59:00,18664.48999999988,18664.48999999988
2026-02-24 15:59:00,18664.48999999988,18664.48999999988
2026-02-24 16:59:00,18664.48999999988,18664.48999999988
2026-02-24 17:59:00,18664.48999999988,18664.48999999988
2026-02-24 18:59:00,18664.48999999988,18664.48999999988
2026-02-24 19:59:00,18664.48999999988,18664.48999999988
2026-02-24 20:59:00,18664.48999999988,18664.48999999988
2026-02-24 21:59:00,18682.759999999893,18682.759999999893
2026-02-24 22:59:00,18682.759999999893,18682.759999999893
2026-02-25 01:00:00,18682.759999999893,18682.759999999893
2026-02-25 02:00:00,18493.759999999893,18493.759999999893
2026-02-25 03:00:00,18493.759999999893,18493.759999999893
2026-02-25 04:00:00,18493.759999999893,18493.759999999893
2026-02-25 05:00:00,18519.039999999895,18670.239999999896
2026-02-25 06:00:00,18519.039999999895,18613.0399999999
2026-02-25 07:00:00,18518.0399999999,18518.0399999999
2026-02-25 08:00:00,18518.0399999999,18518.0399999999
2026-02-25 09:00:00,18518.0399999999,18518.0399999999
2026-02-25 10:00:00,18518.0399999999,18518.0399999999
2026-02-25 11:00:00,18518.0399999999,18518.0399999999
2026-02-25 12:00:00,18518.0399999999,18518.0399999999
2026-02-25 13:00:00,18518.0399999999,18518.0399999999
2026-02-25 14:00:00,18518.0399999999,18518.0399999999
2026-02-25 15:00:00,18518.0399999999,18518.0399999999
2026-02-25 16:00:00,18518.0399999999,18518.0399999999
2026-02-25 17:00:00,18518.0399999999,18518.0399999999
2026-02-25 18:00:00,18518.0399999999,18518.0399999999
2026-02-25 19:00:00,18518.0399999999,18518.0399999999
2026-02-25 20:00:00,18581.269999999902,18662.519999999902
2026-02-25 21:00:00,18646.249999999905,18723.739999999903
2026-02-25 22:00:00,18772.599999999908,18772.599999999908
2026-02-25 23:00:00,18772.599999999908,18772.599999999908
2026-02-26 01:01:00,18772.599999999908,18772.599999999908
2026-02-26 02:01:00,18772.599999999908,18772.599999999908
2026-02-26 03:01:00,18772.599999999908,18772.599999999908
2026-02-26 04:01:00,18788.849999999908,18920.249999999913
2026-02-26 05:01:00,18787.949999999913,18787.949999999913
2026-02-26 06:01:00,18787.949999999913,18787.949999999913
2026-02-26 07:01:00,18787.949999999913,18787.949999999913
2026-02-26 08:01:00,18787.949999999913,18787.949999999913
2026-02-26 09:01:00,18787.949999999913,18787.949999999913
2026-02-26 10:01:00,18787.949999999913,18787.949999999913
2026-02-26 11:01:00,18787.949999999913,18787.949999999913
2026-02-26 12:01:00,18787.949999999913,18787.949999999913
2026-02-26 13:01:00,18787.949999999913,18787.949999999913
2026-02-26 14:01:00,18787.949999999913,18787.949999999913
2026-02-26 15:01:00,18787.949999999913,18787.949999999913
2026-02-26 16:01:00,18787.949999999913,18787.949999999913
2026-02-26 17:01:00,18787.949999999913,18787.949999999913
2026-02-26 18:01:00,18787.949999999913,18787.949999999913
2026-02-26 19:01:00,18787.949999999913,18787.949999999913
2026-02-26 20:01:00,18787.529999999915,18766.70999999991
2026-02-26 21:01:00,18787.529999999915,18854.369999999915
2026-02-26 22:01:00,18803.059999999914,18886.609999999913
2026-02-26 23:01:00,18803.059999999914,18927.259999999915
2026-02-27 01:02:00,18800.559999999914,18832.509999999915
2026-02-27 02:02:00,18800.559999999914,18846.809999999914
2026-02-27 03:02:00,18800.059999999918,18800.059999999918
2026-02-27 04:02:00,18816.199999999917,18816.199999999917
2026-02-27 05:02:00,18816.199999999917,18816.199999999917
2026-02-27 06:02:00,18816.199999999917,18816.199999999917
2026-02-27 07:02:00,18816.199999999917,18816.199999999917
2026-02-27 08:02:00,18816.199999999917,18816.199999999917
2026-02-27 09:02:00,18816.199999999917,18816.199999999917
2026-02-27 10:02:00,18816.199999999917,18816.199999999917
2026-02-27 11:02:00,18816.199999999917,18816.199999999917
2026-02-27 12:02:00,18816.199999999917,18816.199999999917
2026-02-27 13:02:00,18816.199999999917,18816.199999999917
2026-02-27 14:02:00,18816.199999999917,18816.199999999917
2026-02-27 15:02:00,18816.199999999917,18816.199999999917
2026-02-27 16:02:00,18816.199999999917,18816.199999999917
2026-02-27 17:02:00,18816.199999999917,18816.199999999917
2026-02-27 18:02:00,18816.199999999917,18816.199999999917
2026-02-27 19:02:00,18816.199999999917,18816.199999999917
2026-02-27 20:02:00,18816.199999999917,18816.199999999917
2026-02-27 21:02:00,18816.199999999917,18816.199999999917
2026-02-27 22:02:00,18816.199999999917,18816.199999999917
2026-02-27 23:02:00,18816.199999999917,18816.199999999917
2026-03-02 01:03:00,18816.199999999917,18816.199999999917
2026-03-02 02:03:00,18816.199999999917,18816.199999999917
2026-03-02 03:03:00,18815.77999999992,18664.669999999922
2026-03-02 04:03:00,18815.77999999992,18708.88999999992
2026-03-02 05:03:00,18815.77999999992,18882.949999999917
2026-03-02 06:03:00,18815.77999999992,18944.14999999992
2026-03-02 07:03:00,18815.77999999992,18874.489999999918
2026-03-02 08:03:00,18815.77999999992,18948.82999999992
2026-03-02 09:03:00,18815.77999999992,19093.78999999992
2026-03-02 10:03:00,18938.68999999992,19182.829999999918
2026-03-02 11:03:00,18938.68999999992,19154.26999999992
2026-03-02 12:03:00,18938.68999999992,19106.989999999918
2026-03-02 13:03:00,18938.68999999992,19125.74999999992
2026-03-02 14:03:00,18938.68999999992,19109.94999999992
2026-03-02 15:03:00,18938.68999999992,19166.42999999992
2026-03-02 16:03:00,18938.68999999992,19109.50999999992
2026-03-02 17:03:00,19012.02999999992,19012.02999999992
2026-03-02 18:03:00,19012.02999999992,19012.02999999992
2026-03-02 19:03:00,19012.02999999992,19012.02999999992
2026-03-02 20:03:00,19012.02999999992,19012.02999999992
2026-03-02 21:03:00,19012.02999999992,19012.02999999992
2026-03-02 22:03:00,19012.02999999992,19012.02999999992
2026-03-02 23:03:00,19012.02999999992,19012.02999999992
2026-03-03 01:04:00,19012.02999999992,19012.02999999992
2026-03-03 02:04:00,19012.02999999992,19012.02999999992
2026-03-03 03:04:00,19011.67999999992,18973.82999999992
2026-03-03 04:04:00,19028.47999999992,19059.11999999992
2026-03-03 05:04:00,19028.079999999918,19028.079999999918
2026-03-03 06:04:00,19028.079999999918,19028.079999999918
2026-03-03 07:04:00,19028.079999999918,19028.079999999918
2026-03-03 08:04:00,19028.079999999918,19028.079999999918
2026-03-03 09:04:00,19028.079999999918,19028.079999999918
2026-03-03 10:04:00,19028.079999999918,19028.079999999918
2026-03-03 11:04:00,19028.079999999918,19028.079999999918
2026-03-03 12:04:00,19028.079999999918,19028.079999999918
2026-03-03 13:04:00,19028.079999999918,19028.079999999918
2026-03-03 14:04:00,19028.079999999918,19028.079999999918
2026-03-03 15:04:00,19027.519999999917,19005.91999999992
2026-03-03 16:04:00,18842.639999999912,18842.639999999912
2026-03-03 17:04:00,18842.639999999912,18842.639999999912
2026-03-03 18:04:00,18867.36999999991,18867.36999999991
2026-03-03 19:04:00,18867.36999999991,18867.36999999991
2026-03-03 20:04:00,18867.36999999991,18867.36999999991
2026-03-03 21:04:00,18867.36999999991,18867.36999999991
2026-03-03 22:04:00,18867.36999999991,18867.36999999991
2026-03-03 23:04:00,18867.36999999991,18867.36999999991
2026-03-04 01:05:00,18867.36999999991,18867.36999999991
2026-03-04 02:05:00,18867.36999999991,18867.36999999991
2026-03-04 03:05:00,18867.36999999991,18867.36999999991
2026-03-04 04:05:00,18867.36999999991,18867.36999999991
2026-03-04 05:05:00,18867.36999999991,18867.36999999991
2026-03-04 06:05:00,18867.36999999991,18867.36999999991
2026-03-04 07:05:00,18867.36999999991,18867.36999999991
2026-03-04 08:05:00,18867.36999999991,18867.36999999991
2026-03-04 09:05:00,18867.36999999991,18867.36999999991
2026-03-04 10:05:00,18867.36999999991,18867.36999999991
2026-03-04 11:05:00,18867.36999999991,18867.36999999991
2026-03-04 12:05:00,18867.36999999991,18867.36999999991
2026-03-04 13:05:00,18867.36999999991,18867.36999999991
2026-03-04 14:05:00,18867.36999999991,18867.36999999991
2026-03-04 15:05:00,18867.36999999991,18867.36999999991
2026-03-04 16:05:00,18944.99999999991,19055.329999999907
2026-03-04 17:05:00,18943.899999999903,18943.899999999903
2026-03-04 18:05:00,19000.669999999904,19065.139999999905
2026-03-04 19:05:00,19000.669999999904,19102.0299999999
2026-03-04 20:05:00,19077.369999999904,19226.419999999904
2026-03-04 21:05:00,19077.369999999904,19241.369999999904
2026-03-04 22:05:00,19077.369999999904,19220.369999999908
2026-03-04 23:05:00,19077.369999999904,19195.119999999904
2026-03-05 01:06:00,19078.119999999904,19132.169999999907
2026-03-05 02:06:00,19077.619999999908,19077.619999999908
2026-03-05 03:06:00,19077.619999999908,19077.619999999908
2026-03-05 04:06:00,19077.619999999908,19077.619999999908
2026-03-05 05:06:00,19077.619999999908,19077.619999999908
2026-03-05 06:06:00,19077.619999999908,19077.619999999908
2026-03-05 07:06:00,19077.619999999908,19077.619999999908
2026-03-05 08:06:00,19077.619999999908,19077.619999999908
2026-03-05 09:06:00,19077.619999999908,19077.619999999908
2026-03-05 10:06:00,19077.619999999908,19077.619999999908
2026-03-05 11:06:00,19077.619999999908,19077.619999999908
2026-03-05 12:06:00,19077.619999999908,19077.619999999908
2026-03-05 13:06:00,19077.619999999908,19077.619999999908
2026-03-05 14:06:00,19077.619999999908,19077.619999999908
2026-03-05 15:06:00,19100.979999999898,19100.979999999898
2026-03-05 16:06:00,19100.979999999898,19100.979999999898
2026-03-05 17:06:00,19100.979999999898,19100.979999999898
2026-03-05 18:06:00,19100.979999999898,19100.979999999898
2026-03-05 19:06:00,19100.979999999898,19100.979999999898
2026-03-05 20:06:00,19100.979999999898,19100.979999999898
2026-03-05 21:06:00,19100.979999999898,19100.979999999898
2026-03-05 22:06:00,19100.979999999898,19100.979999999898
2026-03-05 23:06:00,19100.979999999898,19100.979999999898
2026-03-06 01:07:00,19100.979999999898,19100.979999999898
2026-03-06 02:07:00,19100.979999999898,19100.979999999898
2026-03-06 03:07:00,19100.979999999898,19100.979999999898
2026-03-06 04:07:00,19100.979999999898,19100.979999999898
2026-03-06 05:07:00,19100.979999999898,19100.979999999898
2026-03-06 06:07:00,19100.979999999898,19100.979999999898
2026-03-06 07:07:00,19100.979999999898,19100.979999999898
2026-03-06 08:07:00,18916.019999999902,18916.019999999902
2026-03-06 09:07:00,18916.019999999902,18916.019999999902
2026-03-06 10:07:00,19043.77999999992,19144.579999999925
2026-03-06 11:07:00,19042.87999999992,19042.87999999992
2026-03-06 12:07:00,19042.87999999992,19042.87999999992
2026-03-06 13:07:00,19042.87999999992,19042.87999999992
2026-03-06 14:07:00,19042.87999999992,19042.87999999992
2026-03-06 15:07:00,19042.87999999992,19042.87999999992
2026-03-06 16:07:00,19042.87999999992,19042.87999999992
2026-03-06 17:07:00,19042.87999999992,19042.87999999992
2026-03-06 18:07:00,19042.87999999992,19042.87999999992
2026-03-06 19:07:00,19059.379999999925,19071.879999999925
2026-03-06 20:07:00,19059.379999999925,19139.679999999928
2026-03-06 21:07:00,19093.219999999925,19248.339999999927
2026-03-06 22:07:00,19093.219999999925,19225.659999999927
2026-03-06 23:07:00,19093.219999999925,19246.099999999926
2026-03-09 00:08:00,19159.099999999926,19159.099999999926
2026-03-09 01:08:00,19159.099999999926,19159.099999999926
2026-03-09 02:08:00,19159.099999999926,19159.099999999926
2026-03-09 03:08:00,19159.099999999926,19159.099999999926
2026-03-09 04:08:00,19159.099999999926,19159.099999999926
2026-03-09 05:08:00,19159.099999999926,19159.099999999926
2026-03-09 06:08:00,19159.099999999926,19159.099999999926
2026-03-09 07:08:00,19159.099999999926,19159.099999999926
2026-03-09 08:08:00,19159.099999999926,19159.099999999926
2026-03-09 09:08:00,19159.099999999926,19159.099999999926
2026-03-09 10:08:00,19159.099999999926,19159.099999999926
2026-03-09 11:08:00,19159.099999999926,19159.099999999926
2026-03-09 12:08:00,19159.099999999926,19159.099999999926
2026-03-09 13:08:00,19159.099999999926,19159.099999999926
2026-03-09 14:08:00,19159.099999999926,19159.099999999926
2026-03-09 15:08:00,19159.099999999926,19159.099999999926
2026-03-09 16:08:00,19159.099999999926,19159.099999999926
2026-03-09 17:08:00,19159.099999999926,19159.099999999926
2026-03-09 18:08:00,19159.099999999926,19159.099999999926
2026-03-09 19:08:00,19159.099999999926,19159.099999999926
2026-03-09 20:08:00,19159.099999999926,19159.099999999926
2026-03-09 21:08:00,19159.099999999926,19159.099999999926
2026-03-09 22:08:00,19159.099999999926,19159.099999999926
2026-03-10 00:09:00,19159.099999999926,19159.099999999926
2026-03-10 01:09:00,19159.099999999926,19159.099999999926
2026-03-10 02:09:00,19159.099999999926,19159.099999999926
2026-03-10 03:09:00,19159.099999999926,19159.099999999926
2026-03-10 04:09:00,19159.099999999926,19159.099999999926
2026-03-10 05:09:00,19159.099999999926,19159.099999999926
2026-03-10 06:09:00,19156.369999999926,19139.599999999915
2026-03-10 07:09:00,19341.229999999916,19454.629999999914
2026-03-10 08:09:00,19341.229999999916,19552.549999999912
2026-03-10 09:09:00,19341.229999999916,19517.629999999914
2026-03-10 10:09:00,19622.869999999908,19622.869999999908
2026-03-10 11:09:00,19622.869999999908,19622.869999999908
2026-03-10 12:09:00,19622.869999999908,19622.869999999908
2026-03-10 13:09:00,19622.869999999908,19622.869999999908
2026-03-10 14:09:00,19622.869999999908,19622.869999999908
2026-03-10 15:09:00,19622.869999999908,19622.869999999908
2026-03-10 16:09:00,19622.869999999908,19622.869999999908
2026-03-10 17:09:00,19622.869999999908,19622.869999999908
2026-03-10 18:09:00,19622.869999999908,19622.869999999908
2026-03-10 19:09:00,19622.869999999908,19622.869999999908
2026-03-10 20:09:00,19622.869999999908,19622.869999999908
2026-03-10 21:09:00,19622.869999999908,19622.869999999908
2026-03-10 22:09:00,19622.869999999908,19622.869999999908
2026-03-11 00:10:00,19622.869999999908,19622.869999999908
2026-03-11 01:10:00,19622.869999999908,19622.869999999908
2026-03-11 02:10:00,19622.869999999908,19622.869999999908
2026-03-11 03:10:00,19622.869999999908,19622.869999999908
2026-03-11 04:10:00,19621.399999999907,19535.929999999913
2026-03-11 05:10:00,19642.949999999917,19642.949999999917
2026-03-11 06:10:00,19642.949999999917,19642.949999999917
2026-03-11 07:10:00,19642.949999999917,19642.949999999917
2026-03-11 08:10:00,19642.949999999917,19642.949999999917
2026-03-11 09:10:00,19642.949999999917,19642.949999999917
2026-03-11 10:10:00,19642.949999999917,19642.949999999917
2026-03-11 11:10:00,19642.949999999917,19642.949999999917
2026-03-11 12:10:00,19642.949999999917,19642.949999999917
2026-03-11 13:10:00,19642.949999999917,19642.949999999917
2026-03-11 14:10:00,19642.949999999917,19642.949999999917
2026-03-11 15:10:00,19642.949999999917,19642.949999999917
2026-03-11 16:10:00,19642.949999999917,19642.949999999917
2026-03-11 17:10:00,19642.949999999917,19642.949999999917
2026-03-11 18:10:00,19642.949999999917,19642.949999999917
2026-03-11 19:10:00,19642.949999999917,19642.949999999917
2026-03-11 20:10:00,19771.469999999917,20011.33999999992
2026-03-11 21:10:00,19833.269999999917,20040.05999999992
2026-03-11 22:10:00,19902.50999999992,20115.17999999992
2026-03-12 00:11:00,19896.50999999992,20040.059999999918
2026-03-12 01:11:00,19934.23999999992,19934.23999999992
2026-03-12 02:11:00,19934.23999999992,19934.23999999992
2026-03-12 03:11:00,19934.23999999992,19934.23999999992
2026-03-12 04:11:00,19934.23999999992,19934.23999999992
2026-03-12 05:11:00,19934.23999999992,19934.23999999992
2026-03-12 06:11:00,19934.23999999992,19934.23999999992
2026-03-12 07:11:00,19934.23999999992,19934.23999999992
2026-03-12 08:11:00,19934.23999999992,19934.23999999992
2026-03-12 09:11:00,19934.23999999992,19934.23999999992
2026-03-12 10:11:00,19934.23999999992,19934.23999999992
2026-03-12 11:11:00,19934.23999999992,19934.23999999992
2026-03-12 12:11:00,19934.23999999992,19934.23999999992
2026-03-12 13:11:00,19934.23999999992,19934.23999999992
2026-03-12 14:11:00,19934.23999999992,19934.23999999992
2026-03-12 15:11:00,19934.23999999992,19934.23999999992
2026-03-12 16:11:00,19934.23999999992,19934.23999999992
2026-03-12 17:11:00,19934.23999999992,19934.23999999992
2026-03-12 18:11:00,19934.23999999992,19934.23999999992
2026-03-12 19:11:00,19934.23999999992,19934.23999999992
2026-03-12 20:11:00,19934.23999999992,19934.23999999992
2026-03-12 21:11:00,19934.23999999992,19934.23999999992
2026-03-12 22:11:00,19934.23999999992,19934.23999999992
2026-03-13 00:12:00,19934.23999999992,19934.23999999992
2026-03-13 01:12:00,19934.23999999992,19934.23999999992
2026-03-13 02:12:00,19934.23999999992,19934.23999999992
2026-03-13 03:12:00,19934.23999999992,19934.23999999992
2026-03-13 04:12:00,19934.23999999992,19934.23999999992
2026-03-13 05:12:00,19739.149999999932,19739.149999999932
2026-03-13 06:12:00,19739.149999999932,19739.149999999932
2026-03-13 07:12:00,19739.149999999932,19739.149999999932
2026-03-13 08:12:00,19739.149999999932,19739.149999999932
2026-03-13 09:12:00,19739.149999999932,19739.149999999932
2026-03-13 10:12:00,19739.149999999932,19739.149999999932
2026-03-13 11:12:00,19739.149999999932,19739.149999999932
2026-03-13 12:12:00,19739.149999999932,19739.149999999932
2026-03-13 13:12:00,19739.149999999932,19739.149999999932
2026-03-13 14:12:00,19739.149999999932,19739.149999999932
2026-03-13 15:12:00,19739.149999999932,19739.149999999932
2026-03-13 16:12:00,19739.149999999932,19739.149999999932
2026-03-13 17:12:00,19772.989999999932,19979.08999999993
2026-03-13 18:12:00,19771.989999999932,19771.989999999932
2026-03-13 19:12:00,19771.989999999932,19771.989999999932
2026-03-13 20:12:00,19771.989999999932,19771.989999999932
2026-03-13 21:12:00,19771.989999999932,19771.989999999932
2026-03-13 22:12:00,19771.989999999932,19771.989999999932
2026-03-16 00:13:00,19771.989999999932,19771.989999999932
2026-03-16 01:13:00,19771.989999999932,19771.989999999932
2026-03-16 02:13:00,19771.989999999932,19771.989999999932
2026-03-16 03:13:00,19771.989999999932,19771.989999999932
2026-03-16 04:13:00,19771.989999999932,19771.989999999932
2026-03-16 05:13:00,19771.989999999932,19771.989999999932
2026-03-16 06:13:00,19771.989999999932,19771.989999999932
2026-03-16 07:13:00,19771.989999999932,19771.989999999932
2026-03-16 08:13:00,19771.989999999932,19771.989999999932
2026-03-16 09:13:00,19770.379999999932,19767.38999999993
2026-03-16 10:13:00,19576.949999999935,19576.949999999935
2026-03-16 11:13:00,19576.949999999935,19576.949999999935
2026-03-16 12:13:00,19576.949999999935,19576.949999999935
2026-03-16 13:13:00,19576.949999999935,19576.949999999935
2026-03-16 14:13:00,19576.949999999935,19576.949999999935
2026-03-16 15:13:00,19576.949999999935,19576.949999999935
2026-03-16 16:13:00,19576.949999999935,19576.949999999935
2026-03-16 17:13:00,19576.949999999935,19576.949999999935
2026-03-16 18:13:00,19576.949999999935,19576.949999999935
2026-03-16 19:13:00,19576.949999999935,19576.949999999935
2026-03-16 20:13:00,19576.949999999935,19576.949999999935
2026-03-16 21:13:00,19576.949999999935,19576.949999999935
2026-03-16 22:13:00,19576.949999999935,19576.949999999935
2026-03-17 00:14:00,19576.949999999935,19576.949999999935
2026-03-17 01:14:00,19576.949999999935,19576.949999999935
2026-03-17 02:14:00,19576.949999999935,19576.949999999935
2026-03-17 03:14:00,19576.949999999935,19576.949999999935
2026-03-17 04:14:00,19576.949999999935,19576.949999999935
2026-03-17 05:14:00,19576.949999999935,19576.949999999935
2026-03-17 06:14:00,19576.949999999935,19576.949999999935
2026-03-17 07:14:00,19576.949999999935,19576.949999999935
2026-03-17 08:14:00,19913.19999999995,19913.19999999995
2026-03-17 09:14:00,19913.19999999995,19913.19999999995
2026-03-17 10:14:00,19913.19999999995,19913.19999999995
2026-03-17 11:14:00,19913.19999999995,19913.19999999995
2026-03-17 12:14:00,19913.19999999995,19913.19999999995
2026-03-17 13:14:00,19913.19999999995,19913.19999999995
2026-03-17 14:14:00,19913.19999999995,19913.19999999995
2026-03-17 15:14:00,19913.19999999995,19913.19999999995
2026-03-17 16:14:00,19913.19999999995,19913.19999999995
2026-03-17 17:14:00,19913.19999999995,19913.19999999995
2026-03-17 18:14:00,19913.19999999995,19913.19999999995
2026-03-17 19:14:00,19913.19999999995,19913.19999999995
2026-03-17 20:14:00,19913.19999999995,19913.19999999995
2026-03-17 21:14:00,19913.19999999995,19913.19999999995
2026-03-17 22:14:00,19913.19999999995,19913.19999999995
2026-03-18 00:15:00,19913.19999999995,19913.19999999995
2026-03-18 01:15:00,19913.19999999995,19913.19999999995
2026-03-18 02:15:00,19913.19999999995,19913.19999999995
2026-03-18 03:15:00,19913.19999999995,19913.19999999995
2026-03-18 04:15:00,19913.19999999995,19913.19999999995
2026-03-18 05:15:00,19913.19999999995,19913.19999999995
2026-03-18 06:15:00,19913.19999999995,19913.19999999995
2026-03-18 07:15:00,19913.19999999995,19913.19999999995
2026-03-18 08:15:00,19913.19999999995,19913.19999999995
2026-03-18 09:15:00,19913.19999999995,19913.19999999995
2026-03-18 10:15:00,19913.19999999995,19913.19999999995
2026-03-18 11:15:00,19913.19999999995,19913.19999999995
2026-03-18 12:15:00,20012.859999999957,20012.859999999957
2026-03-18 13:15:00,20012.859999999957,20012.859999999957
2026-03-18 14:15:00,20012.859999999957,20012.859999999957
2026-03-18 15:15:00,20012.859999999957,20012.859999999957
2026-03-18 16:15:00,20012.859999999957,20012.859999999957
2026-03-18 17:15:00,20012.859999999957,20012.859999999957
2026-03-18 18:15:00,20012.859999999957,20012.859999999957
2026-03-18 19:15:00,20012.859999999957,20012.859999999957
2026-03-18 20:15:00,20012.859999999957,20012.859999999957
2026-03-18 21:15:00,20012.859999999957,20012.859999999957
2026-03-18 22:15:00,20012.859999999957,20012.859999999957
2026-03-19 00:16:00,20012.859999999957,20012.859999999957
2026-03-19 01:16:00,20012.859999999957,20012.859999999957
2026-03-19 02:16:00,20012.859999999957,20012.859999999957
2026-03-19 03:16:00,20012.859999999957,20012.859999999957
2026-03-19 04:16:00,20012.859999999957,20012.859999999957
2026-03-19 05:16:00,20012.859999999957,20012.859999999957
2026-03-19 06:16:00,20012.859999999957,20012.859999999957
2026-03-19 07:16:00,20012.859999999957,20012.859999999957
2026-03-19 08:16:00,20012.859999999957,20012.859999999957
2026-03-19 09:16:00,20012.859999999957,20012.859999999957
2026-03-19 10:16:00,20012.859999999957,20012.859999999957
2026-03-19 11:16:00,20012.859999999957,20012.859999999957
2026-03-19 12:16:00,20012.859999999957,20012.859999999957
2026-03-19 13:16:00,20012.859999999957,20012.859999999957
2026-03-19 14:16:00,20012.859999999957,20012.859999999957
2026-03-19 15:16:00,20012.859999999957,20012.859999999957
2026-03-19 16:16:00,20012.859999999957,20012.859999999957
2026-03-19 17:16:00,20012.859999999957,20012.859999999957
2026-03-19 18:16:00,20012.859999999957,20012.859999999957
2026-03-19 19:16:00,20012.859999999957,20012.859999999957
2026-03-19 20:16:00,20012.859999999957,20012.859999999957
2026-03-19 21:16:00,20012.859999999957,20012.859999999957
2026-03-19 22:16:00,20012.859999999957,20012.859999999957
2026-03-20 00:17:00,20012.859999999957,20012.859999999957
2026-03-20 01:17:00,20012.859999999957,20012.859999999957
2026-03-20 02:17:00,20012.089999999956,19896.25999999996
2026-03-20 03:17:00,20032.089999999953,20032.089999999953
2026-03-20 04:17:00,20032.089999999953,20032.089999999953
2026-03-20 05:17:00,20032.089999999953,20032.089999999953
2026-03-20 06:17:00,20032.089999999953,20032.089999999953
2026-03-20 07:17:00,20083.849999999955,20257.00999999997
2026-03-20 08:17:00,20140.729999999967,20140.729999999967
2026-03-20 09:17:00,20140.729999999967,20140.729999999967
2026-03-20 10:17:00,20140.729999999967,20140.729999999967
2026-03-20 11:17:00,20140.729999999967,20140.729999999967
2026-03-20 12:17:00,20140.729999999967,20140.729999999967
2026-03-20 13:17:00,20140.729999999967,20140.729999999967
2026-03-20 14:17:00,20140.729999999967,20140.729999999967
2026-03-20 15:17:00,20140.729999999967,20140.729999999967
2026-03-20 16:17:00,20140.729999999967,20140.729999999967
2026-03-20 17:17:00,20140.729999999967,20140.729999999967
2026-03-20 18:17:00,20140.729999999967,20140.729999999967
2026-03-20 19:17:00,20140.729999999967,20140.729999999967
2026-03-20 20:17:00,20140.729999999967,20140.729999999967
2026-03-20 21:17:00,20140.729999999967,20140.729999999967
2026-03-20 22:17:00,20140.729999999967,20140.729999999967
2026-03-23 00:18:00,20140.729999999967,20140.729999999967
2026-03-23 01:18:00,20140.729999999967,20140.729999999967
2026-03-23 02:18:00,20140.729999999967,20140.729999999967
2026-03-23 03:18:00,20140.729999999967,20140.729999999967
2026-03-23 04:18:00,20140.729999999967,20140.729999999967
2026-03-23 05:18:00,20140.729999999967,20140.729999999967
2026-03-23 06:18:00,20140.729999999967,20140.729999999967
2026-03-23 07:18:00,20140.729999999967,20140.729999999967
2026-03-23 08:18:00,20140.729999999967,20140.729999999967
2026-03-23 09:18:00,20140.729999999967,20140.729999999967
2026-03-23 10:18:00,20140.729999999967,20140.729999999967
2026-03-23 11:18:00,20140.169999999966,20149.68999999997
2026-03-23 12:18:00,20344.549999999967,20368.569999999967
2026-03-23 13:18:00,20344.34999999997,20344.34999999997
2026-03-23 14:18:00,20344.34999999997,20344.34999999997
2026-03-23 15:18:00,20344.34999999997,20344.34999999997
2026-03-23 16:18:00,20344.34999999997,20344.34999999997
2026-03-23 17:18:00,20344.34999999997,20344.34999999997
2026-03-23 18:18:00,20344.34999999997,20344.34999999997
2026-03-23 19:18:00,20344.34999999997,20344.34999999997
2026-03-23 20:18:00,20344.34999999997,20344.34999999997
2026-03-23 21:18:00,20344.34999999997,20344.34999999997
2026-03-23 22:18:00,20344.34999999997,20344.34999999997
2026-03-24 00:19:00,20344.34999999997,20344.34999999997
2026-03-24 01:19:00,20344.34999999997,20344.34999999997
2026-03-24 02:19:00,20344.34999999997,20344.34999999997
2026-03-24 03:19:00,20344.34999999997,20344.34999999997
2026-03-24 04:19:00,20344.34999999997,20344.34999999997
2026-03-24 05:19:00,20344.34999999997,20344.34999999997
2026-03-24 06:19:00,20343.71999999997,20318.33999999997
2026-03-24 07:19:00,20367.459999999974,20367.459999999974
2026-03-24 08:19:00,20367.459999999974,20367.459999999974
2026-03-24 09:19:00,20367.459999999974,20367.459999999974
2026-03-24 10:19:00,20367.459999999974,20367.459999999974
2026-03-24 11:19:00,20367.459999999974,20367.459999999974
2026-03-24 12:19:00,20367.459999999974,20367.459999999974
2026-03-24 13:19:00,20367.459999999974,20367.459999999974
2026-03-24 14:19:00,20367.459999999974,20367.459999999974
2026-03-24 15:19:00,20367.459999999974,20367.459999999974
2026-03-24 16:19:00,20367.459999999974,20367.459999999974
2026-03-24 17:19:00,20367.459999999974,20367.459999999974
2026-03-24 18:19:00,20367.459999999974,20367.459999999974
2026-03-24 19:19:00,20367.459999999974,20367.459999999974
2026-03-24 20:19:00,20455.629999999972,20744.599999999966
2026-03-24 21:19:00,20593.12999999997,20882.30999999996
2026-03-24 22:19:00,20593.12999999997,20898.23999999997
2026-03-25 00:20:00,21114.24999999997,21324.34999999997
2026-03-25 01:20:00,21332.06999999997,21332.06999999997
2026-03-25 02:20:00,21332.06999999997,21332.06999999997
2026-03-25 03:20:00,21538.42999999998,21757.759999999977
2026-03-25 04:20:00,21844.699999999983,21844.699999999983
2026-03-25 05:20:00,21844.699999999983,21844.699999999983
2026-03-25 06:20:00,21844.699999999983,21844.699999999983
2026-03-25 07:20:00,21844.699999999983,21844.699999999983
2026-03-25 08:20:00,21623.69999999999,21623.69999999999
2026-03-25 09:20:00,21623.69999999999,21623.69999999999
2026-03-25 10:20:00,21623.69999999999,21623.69999999999
2026-03-25 11:20:00,21623.69999999999,21623.69999999999
2026-03-25 12:20:00,21739.55999999999,21882.53999999999
2026-03-25 13:20:00,21739.55999999999,21959.09999999999
2026-03-25 14:20:00,21895.139999999992,21997.559999999994
2026-03-25 15:20:00,21619.079999999994,21619.079999999994
2026-03-25 16:20:00,21619.079999999994,21619.079999999994
2026-03-25 17:20:00,21619.079999999994,21619.079999999994
2026-03-25 18:20:00,21619.079999999994,21619.079999999994
2026-03-25 19:20:00,21619.079999999994,21619.079999999994
2026-03-25 20:20:00,21619.079999999994,21619.079999999994
2026-03-25 21:20:00,21619.079999999994,21619.079999999994
2026-03-25 22:20:00,21619.079999999994,21619.079999999994
2026-03-26 00:21:00,21619.079999999994,21619.079999999994
2026-03-26 01:21:00,21619.079999999994,21619.079999999994
2026-03-26 02:21:00,21619.079999999994,21619.079999999994
2026-03-26 03:21:00,21619.079999999994,21619.079999999994
2026-03-26 04:21:00,21619.079999999994,21619.079999999994
2026-03-26 05:21:00,21619.079999999994,21619.079999999994
2026-03-26 06:21:00,21619.079999999994,21619.079999999994
2026-03-26 07:21:00,21619.079999999994,21619.079999999994
2026-03-26 08:21:00,21618.659999999996,21521.219999999994
2026-03-26 09:21:00,21618.659999999996,21606.299999999996
2026-03-26 10:21:00,21618.659999999996,21597.479999999992
2026-03-26 11:21:00,21618.659999999996,21528.959999999992
2026-03-26 12:21:00,21618.659999999996,21557.579999999994
2026-03-26 13:21:00,21618.659999999996,21624.719999999994
2026-03-26 14:21:00,21618.659999999996,21558.179999999997
2026-03-26 15:21:00,21618.659999999996,21597.359999999993
2026-03-26 16:21:00,21618.659999999996,21650.579999999994
2026-03-26 17:21:00,21642.469999999998,21642.469999999998
2026-03-26 18:21:00,21642.469999999998,21642.469999999998
2026-03-26 19:21:00,21642.469999999998,21642.469999999998
2026-03-26 20:21:00,21642.469999999998,21642.469999999998
2026-03-26 21:21:00,21642.469999999998,21642.469999999998
2026-03-26 22:21:00,21642.469999999998,21642.469999999998
2026-03-27 00:22:00,21642.469999999998,21642.469999999998
2026-03-27 01:22:00,21642.469999999998,21642.469999999998
2026-03-27 02:22:00,21642.469999999998,21642.469999999998
2026-03-27 03:22:00,21642.469999999998,21642.469999999998
2026-03-27 04:22:00,21642.469999999998,21642.469999999998
2026-03-27 05:22:00,21642.469999999998,21642.469999999998
2026-03-27 06:22:00,21642.469999999998,21642.469999999998
2026-03-27 07:22:00,21642.469999999998,21642.469999999998
2026-03-27 08:22:00,21642.469999999998,21642.469999999998
2026-03-27 09:22:00,21642.469999999998,21642.469999999998
2026-03-27 10:22:00,21642.469999999998,21642.469999999998
2026-03-27 11:22:00,21642.469999999998,21642.469999999998
2026-03-27 12:22:00,21642.469999999998,21642.469999999998
2026-03-27 13:22:00,21642.469999999998,21642.469999999998
2026-03-27 14:22:00,21642.469999999998,21642.469999999998
2026-03-27 15:22:00,21642.469999999998,21642.469999999998
2026-03-27 16:22:00,21642.469999999998,21642.469999999998
2026-03-27 17:22:00,21642.469999999998,21642.469999999998
2026-03-27 18:22:00,21642.469999999998,21642.469999999998
2026-03-27 19:22:00,21641.559999999998,21582.280000000006
2026-03-27 20:22:00,21641.559999999998,21712.929999999993
2026-03-27 21:22:00,21695.1,21897.499999999996
2026-03-27 22:22:00,21694.100000000013,21694.100000000013
2026-03-30 01:23:00,21694.100000000013,21694.100000000013
2026-03-30 02:23:00,21694.100000000013,21694.100000000013
2026-03-30 03:23:00,21692.840000000015,21719.120000000017
2026-03-30 04:23:00,21894.360000000022,21894.360000000022
2026-03-30 05:23:00,21894.360000000022,21894.360000000022
2026-03-30 06:23:00,21894.360000000022,21894.360000000022
2026-03-30 07:23:00,21894.360000000022,21894.360000000022
2026-03-30 08:23:00,21894.360000000022,21894.360000000022
2026-03-30 09:23:00,21894.360000000022,21894.360000000022
2026-03-30 10:23:00,21894.360000000022,21894.360000000022
2026-03-30 11:23:00,21894.360000000022,21894.360000000022
2026-03-30 12:23:00,21894.360000000022,21894.360000000022
2026-03-30 13:23:00,21894.360000000022,21894.360000000022
2026-03-30 14:23:00,21894.360000000022,21894.360000000022
2026-03-30 15:23:00,21894.360000000022,21894.360000000022
2026-03-30 16:23:00,21894.360000000022,21894.360000000022
2026-03-30 17:23:00,21894.360000000022,21894.360000000022
2026-03-30 18:23:00,21894.360000000022,21894.360000000022
2026-03-30 19:23:00,21894.360000000022,21894.360000000022
2026-03-30 20:23:00,21894.360000000022,21894.360000000022
2026-03-30 21:23:00,21894.360000000022,21894.360000000022
2026-03-30 22:23:00,21894.360000000022,21894.360000000022
2026-03-30 23:23:00,21894.360000000022,21894.360000000022
2026-03-31 01:24:00,21894.360000000022,21894.360000000022
2026-03-31 02:24:00,21894.360000000022,21894.360000000022
2026-03-31 03:24:00,21894.360000000022,21894.360000000022
2026-03-31 04:24:00,21894.360000000022,21894.360000000022
2026-03-31 05:24:00,21894.360000000022,21894.360000000022
2026-03-31 06:24:00,21893.03000000002,21646.560000000023
2026-03-31 07:24:00,21674.630000000012,21611.82000000001
2026-03-31 08:24:00,21674.630000000012,21657.58000000002
2026-03-31 09:24:00,21693.33000000002,21693.33000000002
2026-03-31 10:24:00,21724.45000000002,21806.05000000001
2026-03-31 11:24:00,22057.730000000018,22057.730000000018
2026-03-31 12:24:00,22057.730000000018,22057.730000000018
2026-03-31 13:24:00,22057.730000000018,22057.730000000018
2026-03-31 14:24:00,22057.730000000018,22057.730000000018
2026-03-31 15:24:00,22057.730000000018,22057.730000000018
2026-03-31 16:24:00,22057.730000000018,22057.730000000018
2026-03-31 17:24:00,22057.730000000018,22057.730000000018
2026-03-31 18:24:00,22057.730000000018,22057.730000000018
2026-03-31 19:24:00,22057.730000000018,22057.730000000018
2026-03-31 20:24:00,22057.730000000018,22057.730000000018
2026-03-31 21:24:00,22057.730000000018,22057.730000000018
2026-03-31 22:24:00,22057.730000000018,22057.730000000018
2026-03-31 23:24:00,22057.730000000018,22057.730000000018
2026-04-01 01:25:00,22057.730000000018,22057.730000000018
2026-04-01 02:25:00,22057.730000000018,22057.730000000018
2026-04-01 03:25:00,22057.730000000018,22057.730000000018
2026-04-01 04:25:00,22057.730000000018,22057.730000000018
2026-04-01 05:25:00,22057.730000000018,22057.730000000018
2026-04-01 06:25:00,22057.730000000018,22057.730000000018
2026-04-01 07:25:00,22057.730000000018,22057.730000000018
2026-04-01 08:25:00,22057.730000000018,22057.730000000018
2026-04-01 09:25:00,22057.730000000018,22057.730000000018
2026-04-01 10:25:00,22086.970000000012,22086.970000000012
2026-04-01 11:25:00,22086.970000000012,22086.970000000012
2026-04-01 12:25:00,22086.970000000012,22086.970000000012
2026-04-01 13:25:00,22086.970000000012,22086.970000000012
2026-04-01 14:25:00,22086.970000000012,22086.970000000012
2026-04-01 15:25:00,22086.970000000012,22086.970000000012
2026-04-01 16:25:00,22086.970000000012,22086.970000000012
2026-04-01 17:25:00,22086.970000000012,22086.970000000012
2026-04-01 18:25:00,22086.970000000012,22086.970000000012
2026-04-01 19:25:00,22086.620000000014,22117.72000000001
2026-04-01 20:25:00,22086.620000000014,22072.32000000001
2026-04-01 21:25:00,22112.190000000013,22217.23000000001
2026-04-01 22:25:00,22112.190000000013,22194.630000000012
2026-04-01 23:25:00,22112.190000000013,22189.870000000014
2026-04-02 01:26:00,22112.79000000001,22162.91000000001
2026-04-02 02:26:00,22112.39000000001,22112.39000000001
2026-04-02 03:26:00,21893.640000000003,21893.640000000003
2026-04-02 04:26:00,21893.640000000003,21893.640000000003
2026-04-02 05:26:00,21893.640000000003,21893.640000000003
2026-04-02 06:26:00,21893.640000000003,21893.640000000003
2026-04-02 07:26:00,21893.640000000003,21893.640000000003
2026-04-02 08:26:00,21893.640000000003,21893.640000000003
2026-04-02 09:26:00,21893.640000000003,21893.640000000003
2026-04-02 10:26:00,21893.640000000003,21893.640000000003
2026-04-02 11:26:00,21893.640000000003,21893.640000000003
2026-04-02 12:26:00,21893.640000000003,21893.640000000003
2026-04-02 13:26:00,21893.640000000003,21893.640000000003
2026-04-02 14:26:00,21893.640000000003,21893.640000000003
2026-04-02 15:26:00,21893.640000000003,21893.640000000003
2026-04-02 16:26:00,21893.640000000003,21893.640000000003
2026-04-02 17:26:00,21893.640000000003,21893.640000000003
2026-04-02 18:26:00,21893.640000000003,21893.640000000003
2026-04-02 19:26:00,21893.640000000003,21893.640000000003
2026-04-02 20:26:00,21893.640000000003,21893.640000000003
2026-04-02 21:26:00,21893.640000000003,21893.640000000003
2026-04-02 22:26:00,21893.640000000003,21893.640000000003
2026-04-02 23:26:00,21893.640000000003,21893.640000000003
2026-04-06 01:27:00,21893.15,21960.07
2026-04-06 02:27:00,22004.690000000002,22004.690000000002
2026-04-06 03:27:00,22004.690000000002,22004.690000000002
2026-04-06 04:27:00,22004.690000000002,22004.690000000002
2026-04-06 05:27:00,22004.690000000002,22004.690000000002
2026-04-06 06:27:00,22004.690000000002,22004.690000000002
2026-04-06 07:27:00,22004.690000000002,22004.690000000002
2026-04-06 08:27:00,22004.690000000002,22004.690000000002
2026-04-06 09:27:00,22004.690000000002,22004.690000000002
2026-04-06 10:27:00,22085.179999999993,22085.179999999993
2026-04-06 11:27:00,22085.179999999993,22085.179999999993
2026-04-06 12:27:00,22085.179999999993,22085.179999999993
2026-04-06 13:27:00,22084.969999999994,22133.689999999995
2026-04-06 14:27:00,22084.969999999994,22128.799999999992
2026-04-06 15:27:00,22084.969999999994,22198.639999999992
2026-04-06 16:27:00,22084.969999999994,22180.09999999999
2026-04-06 17:27:00,22084.969999999994,22140.229999999992
2026-04-06 18:27:00,22084.969999999994,22196.08999999999
2026-04-06 19:27:00,22084.969999999994,22194.979999999992
2026-04-06 20:27:00,22084.969999999994,22219.12999999999
2026-04-06 21:27:00,22084.969999999994,22205.68999999999
2026-04-06 22:27:00,22084.969999999994,22249.129999999994
2026-04-06 23:27:00,22084.969999999994,22225.339999999993
2026-04-07 01:28:00,22085.419999999995,22214.50999999999
2026-04-07 02:28:00,22085.419999999995,22230.379999999994
2026-04-07 03:28:00,22085.419999999995,22221.619999999995
2026-04-07 04:28:00,22156.789999999994,22259.049999999992
2026-04-07 05:28:00,22156.789999999994,22297.76999999999
2026-04-07 06:28:00,22156.789999999994,22277.52999999999
2026-04-07 07:28:00,22156.789999999994,22264.649999999994
2026-04-07 08:28:00,22156.789999999994,22299.80999999999
2026-04-07 09:28:00,22156.789999999994,22281.149999999994
2026-04-07 10:28:00,22156.789999999994,22281.889999999992
2026-04-07 11:28:00,22199.409999999993,22199.409999999993
2026-04-07 12:28:00,22199.409999999993,22199.409999999993
2026-04-07 13:28:00,22199.409999999993,22199.409999999993
2026-04-07 14:28:00,22199.409999999993,22199.409999999993
2026-04-07 15:28:00,22199.409999999993,22199.409999999993
2026-04-07 16:28:00,22199.409999999993,22199.409999999993
2026-04-07 17:28:00,22199.409999999993,22199.409999999993
2026-04-07 18:28:00,22199.409999999993,22199.409999999993
2026-04-07 19:28:00,22199.409999999993,22199.409999999993
2026-04-07 20:28:00,22199.409999999993,22199.409999999993
2026-04-07 21:28:00,22199.409999999993,22199.409999999993
2026-04-07 22:28:00,22199.409999999993,22199.409999999993
2026-04-07 23:28:00,22199.199999999993,22198.599999999995
2026-04-08 01:29:00,22200.549999999992,22129.299999999992
2026-04-08 02:29:00,21771.569999999992,21771.569999999992
2026-04-08 03:29:00,21771.569999999992,21771.569999999992
2026-04-08 04:29:00,21770.659999999993,21683.82
2026-04-08 05:29:00,21864.37999999999,21939.979999999992
2026-04-08 06:29:00,21907.429999999993,21907.429999999993
2026-04-08 07:29:00,21907.429999999993,21907.429999999993
2026-04-08 08:29:00,21907.429999999993,21907.429999999993
2026-04-08 09:29:00,21907.429999999993,21907.429999999993
2026-04-08 10:29:00,21907.429999999993,21907.429999999993
2026-04-08 11:29:00,21907.429999999993,21907.429999999993
2026-04-08 12:29:00,21907.429999999993,21907.429999999993
2026-04-08 13:29:00,21907.429999999993,21907.429999999993
2026-04-08 14:29:00,21907.429999999993,21907.429999999993
2026-04-08 15:29:00,21907.429999999993,21907.429999999993
2026-04-08 16:29:00,21907.429999999993,21907.429999999993
2026-04-08 17:29:00,21907.429999999993,21907.429999999993
2026-04-08 18:29:00,21813.96,21813.96
2026-04-08 19:29:00,21813.96,21813.96
2026-04-08 20:29:00,21813.96,21813.96
2026-04-08 21:29:00,21813.96,21813.96
2026-04-08 22:29:00,21813.96,21813.96
2026-04-08 23:29:00,21813.96,21813.96
2026-04-09 01:30:00,21813.96,21813.96
2026-04-09 02:30:00,21813.96,21813.96
2026-04-09 03:30:00,21813.96,21813.96
2026-04-09 04:30:00,21813.96,21813.96
2026-04-09 05:30:00,21813.96,21813.96
2026-04-09 06:30:00,21813.96,21813.96
2026-04-09 07:30:00,21813.96,21813.96
2026-04-09 08:30:00,21813.96,21813.96
2026-04-09 09:30:00,21813.96,21813.96
2026-04-09 10:30:00,21813.96,21813.96
2026-04-09 11:30:00,21813.96,21813.96
2026-04-09 12:30:00,21813.96,21813.96
2026-04-09 13:30:00,21811.93,21614.729999999996
2026-04-09 14:30:00,21545.13000000001,21545.13000000001
2026-04-09 15:30:00,21545.13000000001,21545.13000000001
2026-04-09 16:30:00,21545.13000000001,21545.13000000001
2026-04-09 17:30:00,21545.13000000001,21545.13000000001
2026-04-09 18:30:00,21545.13000000001,21545.13000000001
2026-04-09 19:30:00,21545.13000000001,21545.13000000001
2026-04-09 20:30:00,21545.13000000001,21545.13000000001
2026-04-09 21:30:00,21545.13000000001,21545.13000000001
2026-04-09 22:30:00,21545.13000000001,21545.13000000001
2026-04-09 23:30:00,21545.13000000001,21545.13000000001
2026-04-10 01:31:00,21545.13000000001,21545.13000000001
2026-04-10 02:31:00,21545.13000000001,21545.13000000001
2026-04-10 03:31:00,21545.13000000001,21545.13000000001
2026-04-10 04:31:00,21545.13000000001,21545.13000000001
2026-04-10 05:31:00,21545.13000000001,21545.13000000001
2026-04-10 06:31:00,21545.13000000001,21545.13000000001
2026-04-10 07:31:00,21545.13000000001,21545.13000000001
2026-04-10 08:31:00,21545.13000000001,21545.13000000001
2026-04-10 09:31:00,21569.009999999984,21569.009999999984
2026-04-10 10:31:00,21569.009999999984,21569.009999999984
2026-04-10 11:31:00,21569.009999999984,21569.009999999984
2026-04-10 12:31:00,21569.009999999984,21569.009999999984
2026-04-10 13:31:00,21569.009999999984,21569.009999999984
2026-04-10 14:31:00,21569.009999999984,21569.009999999984
2026-04-10 15:31:00,21569.009999999984,21569.009999999984
2026-04-10 16:31:00,21569.009999999984,21569.009999999984
2026-04-10 17:31:00,21569.009999999984,21569.009999999984
2026-04-10 18:31:00,21569.009999999984,21569.009999999984
2026-04-10 19:31:00,21724.709999999992,21816.689999999995
2026-04-10 20:31:00,21856.559999999998,21856.559999999998
2026-04-10 21:31:00,21856.559999999998,21856.559999999998
2026-04-10 22:31:00,21856.559999999998,21856.559999999998
2026-04-10 23:31:00,21856.559999999998,21856.559999999998
2026-04-13 01:32:00,21856.559999999998,21856.559999999998
2026-04-13 02:32:00,21856.559999999998,21856.559999999998
2026-04-13 03:32:00,21856.559999999998,21856.559999999998
2026-04-13 04:32:00,21856.559999999998,21856.559999999998
2026-04-13 05:32:00,21856.559999999998,21856.559999999998
2026-04-13 06:32:00,21856.559999999998,21856.559999999998
2026-04-13 07:32:00,21856.559999999998,21856.559999999998
2026-04-13 08:32:00,21856.559999999998,21856.559999999998
2026-04-13 09:32:00,21856.559999999998,21856.559999999998
2026-04-13 10:32:00,21856.559999999998,21856.559999999998
2026-04-13 11:32:00,21856.559999999998,21856.559999999998
2026-04-13 12:32:00,21856.559999999998,21856.559999999998
2026-04-13 13:32:00,21856.559999999998,21856.559999999998
2026-04-13 14:32:00,21856.559999999998,21856.559999999998
2026-04-13 15:32:00,21856.559999999998,21856.559999999998
2026-04-13 16:32:00,21856.559999999998,21856.559999999998
2026-04-13 17:32:00,21856.559999999998,21856.559999999998
2026-04-13 18:32:00,21856.559999999998,21856.559999999998
2026-04-13 19:32:00,21855.229999999996,21830.52999999999
2026-04-13 20:32:00,21644.71,21644.71
2026-04-13 21:32:00,21644.71,21644.71
2026-04-13 22:32:00,21644.71,21644.71
2026-04-13 23:32:00,21644.71,21644.71
2026-04-14 01:33:00,21644.71,21644.71
2026-04-14 02:33:00,21644.71,21644.71
2026-04-14 03:33:00,21644.71,21644.71
2026-04-14 04:33:00,21644.71,21644.71
2026-04-14 05:33:00,21644.71,21644.71
2026-04-14 06:33:00,21644.71,21644.71
2026-04-14 07:33:00,21644.71,21644.71
2026-04-14 08:33:00,21644.71,21644.71
2026-04-14 09:33:00,21644.71,21644.71
2026-04-14 10:33:00,21644.71,21644.71
2026-04-14 11:33:00,21644.71,21644.71
2026-04-14 12:33:00,21644.71,21644.71
2026-04-14 13:33:00,21644.71,21644.71
2026-04-14 14:33:00,21644.71,21644.71
2026-04-14 15:33:00,21644.71,21644.71
2026-04-14 16:33:00,21644.71,21644.71
2026-04-14 17:33:00,21644.71,21644.71
2026-04-14 18:33:00,21644.71,21644.71
2026-04-14 19:33:00,21644.71,21644.71
2026-04-14 20:33:00,21644.71,21644.71
2026-04-14 21:33:00,21644.71,21644.71
2026-04-14 22:33:00,21644.71,21644.71
2026-04-14 23:33:00,21644.71,21644.71
2026-04-15 01:34:00,21833.889999999985,21833.889999999985
2026-04-15 02:34:00,21833.889999999985,21833.889999999985
2026-04-15 03:34:00,21833.889999999985,21833.889999999985
2026-04-15 04:34:00,21833.889999999985,21833.889999999985
2026-04-15 05:34:00,21833.889999999985,21833.889999999985
2026-04-15 06:34:00,21833.889999999985,21833.889999999985
2026-04-15 07:34:00,21833.889999999985,21833.889999999985
2026-04-15 08:34:00,21833.889999999985,21833.889999999985
2026-04-15 09:34:00,21853.300000000003,21853.300000000003
2026-04-15 10:34:00,21853.300000000003,21853.300000000003
2026-04-15 11:34:00,21853.300000000003,21853.300000000003
2026-04-15 12:34:00,21853.300000000003,21853.300000000003
2026-04-15 13:34:00,21853.300000000003,21853.300000000003
2026-04-15 14:34:00,21853.300000000003,21853.300000000003
2026-04-15 15:34:00,21876.100000000006,21876.100000000006
2026-04-15 16:34:00,21876.100000000006,21876.100000000006
2026-04-15 17:34:00,21876.100000000006,21876.100000000006
2026-04-15 18:34:00,21876.100000000006,21876.100000000006
2026-04-15 19:34:00,21876.100000000006,21876.100000000006
2026-04-15 20:34:00,21876.100000000006,21876.100000000006
2026-04-15 21:34:00,21876.100000000006,21876.100000000006
2026-04-15 22:34:00,21876.100000000006,21876.100000000006
2026-04-15 23:34:00,21876.100000000006,21876.100000000006
2026-04-16 01:35:00,21876.100000000006,21876.100000000006
2026-04-16 02:35:00,21876.100000000006,21876.100000000006
2026-04-16 03:35:00,21876.100000000006,21876.100000000006
2026-04-16 04:35:00,21876.100000000006,21876.100000000006
2026-04-16 05:35:00,21876.100000000006,21876.100000000006
2026-04-16 06:35:00,21876.100000000006,21876.100000000006
2026-04-16 07:35:00,21876.100000000006,21876.100000000006
2026-04-16 08:35:00,21876.100000000006,21876.100000000006
2026-04-16 09:35:00,21876.100000000006,21876.100000000006
2026-04-16 10:35:00,21876.100000000006,21876.100000000006
2026-04-16 11:35:00,21876.100000000006,21876.100000000006
2026-04-16 12:35:00,21876.100000000006,21876.100000000006
2026-04-16 13:35:00,21876.100000000006,21876.100000000006
2026-04-16 14:35:00,21876.100000000006,21876.100000000006
2026-04-16 15:35:00,21898.339999999993,21898.339999999993
2026-04-16 16:35:00,21898.339999999993,21898.339999999993
2026-04-16 17:35:00,21898.339999999993,21898.339999999993
2026-04-16 18:35:00,21898.339999999993,21898.339999999993
2026-04-16 19:35:00,21898.339999999993,21898.339999999993
2026-04-16 20:35:00,21898.339999999993,21898.339999999993
2026-04-16 21:35:00,21898.339999999993,21898.339999999993
2026-04-16 22:35:00,21898.339999999993,21898.339999999993
2026-04-16 23:35:00,21898.339999999993,21898.339999999993
2026-04-17 01:36:00,21898.339999999993,21898.339999999993
2026-04-17 02:36:00,21898.339999999993,21898.339999999993
2026-04-17 03:36:00,21898.339999999993,21898.339999999993
2026-04-17 04:36:00,21898.339999999993,21898.339999999993
2026-04-17 05:36:00,21898.339999999993,21898.339999999993
2026-04-17 06:36:00,22043.38,22107.879999999997
2026-04-17 07:36:00,22043.38,22159.780000000006
2026-04-17 08:36:00,22218.680000000008,22218.680000000008
2026-04-17 09:36:00,22218.680000000008,22218.680000000008
2026-04-17 10:36:00,22218.680000000008,22218.680000000008
2026-04-17 11:36:00,22218.680000000008,22218.680000000008
2026-04-17 12:36:00,22218.680000000008,22218.680000000008
2026-04-17 13:36:00,22218.680000000008,22218.680000000008
2026-04-17 14:36:00,22218.680000000008,22218.680000000008
2026-04-17 15:36:00,22218.680000000008,22218.680000000008
2026-04-17 16:36:00,22218.680000000008,22218.680000000008
2026-04-17 17:36:00,22218.680000000008,22218.680000000008
2026-04-17 18:36:00,22218.680000000008,22218.680000000008
2026-04-17 19:36:00,22218.680000000008,22218.680000000008
2026-04-17 20:36:00,22218.680000000008,22218.680000000008
2026-04-17 21:36:00,22218.680000000008,22218.680000000008
2026-04-17 22:36:00,22218.680000000008,22218.680000000008
2026-04-17 23:36:00,22218.680000000008,22218.680000000008
2026-04-20 01:37:00,22218.680000000008,22218.680000000008
2026-04-20 02:37:00,22218.680000000008,22218.680000000008
2026-04-20 03:37:00,22218.680000000008,22218.680000000008
2026-04-20 04:37:00,22218.680000000008,22218.680000000008
2026-04-20 05:37:00,22218.680000000008,22218.680000000008
2026-04-20 06:37:00,22218.680000000008,22218.680000000008
2026-04-20 07:37:00,22217.63000000001,22221.980000000007
2026-04-20 08:37:00,22239.320000000007,22319.120000000003
2026-04-20 09:37:00,22386.66000000001,22444.71000000001
2026-04-20 10:37:00,22548.030000000013,22548.030000000013
2026-04-20 11:37:00,22548.030000000013,22548.030000000013
2026-04-20 12:37:00,22548.030000000013,22548.030000000013
2026-04-20 13:37:00,22548.030000000013,22548.030000000013
2026-04-20 14:37:00,22548.030000000013,22548.030000000013
2026-04-20 15:37:00,22568.4,22568.4
2026-04-20 16:37:00,22678.22999999999,22678.22999999999
2026-04-20 17:37:00,22678.22999999999,22678.22999999999
2026-04-20 18:37:00,22678.22999999999,22678.22999999999
2026-04-20 19:37:00,22678.22999999999,22678.22999999999
2026-04-20 20:37:00,22678.22999999999,22678.22999999999
2026-04-20 21:37:00,22676.759999999987,22686.83999999998
2026-04-20 22:37:00,22676.759999999987,22697.54999999998
2026-04-20 23:37:00,22676.759999999987,22621.529999999984
2026-04-21 01:38:00,22451.219999999987,22451.219999999987
2026-04-21 02:38:00,22451.219999999987,22451.219999999987
2026-04-21 03:38:00,22451.219999999987,22451.219999999987
2026-04-21 04:38:00,22451.219999999987,22451.219999999987
2026-04-21 05:38:00,22451.219999999987,22451.219999999987
2026-04-21 06:38:00,22451.219999999987,22451.219999999987
2026-04-21 07:38:00,22451.219999999987,22451.219999999987
2026-04-21 08:38:00,22451.219999999987,22451.219999999987
2026-04-21 09:38:00,22451.219999999987,22451.219999999987
2026-04-21 10:38:00,22451.219999999987,22451.219999999987
2026-04-21 11:38:00,22451.219999999987,22451.219999999987
2026-04-21 12:38:00,22451.219999999987,22451.219999999987
2026-04-21 13:38:00,22451.219999999987,22451.219999999987
2026-04-21 14:38:00,22451.219999999987,22451.219999999987
2026-04-21 15:38:00,22839.920000000002,22839.920000000002
2026-04-21 16:38:00,22839.920000000002,22839.920000000002
2026-04-21 17:38:00,22839.920000000002,22839.920000000002
2026-04-21 18:38:00,22861.800000000003,22904.81
2026-04-21 19:38:00,22860.700000000008,22860.700000000008
2026-04-21 20:38:00,22860.700000000008,22860.700000000008
2026-04-21 21:38:00,22860.700000000008,22860.700000000008
2026-04-21 22:38:00,22860.700000000008,22860.700000000008
2026-04-21 23:38:00,22860.700000000008,22860.700000000008
2026-04-22 01:39:00,22860.700000000008,22860.700000000008
2026-04-22 02:39:00,22860.700000000008,22860.700000000008
2026-04-22 03:39:00,22860.700000000008,22860.700000000008
2026-04-22 04:39:00,22860.700000000008,22860.700000000008
2026-04-22 05:39:00,22860.700000000008,22860.700000000008
2026-04-22 06:39:00,22860.700000000008,22860.700000000008
2026-04-22 07:39:00,22860.700000000008,22860.700000000008
2026-04-22 08:39:00,22860.700000000008,22860.700000000008
2026-04-22 09:39:00,22860.700000000008,22860.700000000008
2026-04-22 10:39:00,22860.700000000008,22860.700000000008
2026-04-22 11:39:00,22860.700000000008,22860.700000000008
2026-04-22 12:39:00,22860.700000000008,22860.700000000008
2026-04-22 13:39:00,22860.700000000008,22860.700000000008
2026-04-22 14:39:00,22860.700000000008,22860.700000000008
2026-04-22 15:39:00,22860.700000000008,22860.700000000008
2026-04-22 16:39:00,22860.700000000008,22860.700000000008
2026-04-22 17:39:00,22860.700000000008,22860.700000000008
2026-04-22 18:39:00,22860.700000000008,22860.700000000008
2026-04-22 19:39:00,22860.700000000008,22860.700000000008
2026-04-22 20:39:00,22860.700000000008,22860.700000000008
2026-04-22 21:39:00,22860.700000000008,22860.700000000008
2026-04-22 22:39:00,22860.700000000008,22860.700000000008
2026-04-22 23:39:00,22860.700000000008,22860.700000000008
2026-04-23 01:40:00,22860.700000000008,22860.700000000008
2026-04-23 02:40:00,22860.700000000008,22860.700000000008
2026-04-23 03:40:00,22912.24000000001,23040.08000000001
2026-04-23 04:40:00,22912.24000000001,22989.72000000001
2026-04-23 05:40:00,22953.40000000001,22953.40000000001
2026-04-23 06:40:00,22953.40000000001,22953.40000000001
2026-04-23 07:40:00,22953.40000000001,22953.40000000001
2026-04-23 08:40:00,22953.40000000001,22953.40000000001
2026-04-23 09:40:00,22953.40000000001,22953.40000000001
2026-04-23 10:40:00,22953.40000000001,22953.40000000001
2026-04-23 11:40:00,22953.40000000001,22953.40000000001
2026-04-23 12:40:00,22953.40000000001,22953.40000000001
2026-04-23 13:40:00,22953.40000000001,22953.40000000001
2026-04-23 14:40:00,22953.40000000001,22953.40000000001
2026-04-23 15:40:00,22717.12000000004,22717.12000000004
2026-04-23 16:40:00,22717.12000000004,22717.12000000004
2026-04-23 17:40:00,22748.47000000003,22748.47000000003
2026-04-23 18:40:00,22748.47000000003,22748.47000000003
2026-04-23 19:40:00,22748.47000000003,22748.47000000003
2026-04-23 20:40:00,22748.47000000003,22748.47000000003
2026-04-23 21:40:00,22748.47000000003,22748.47000000003
2026-04-23 22:40:00,22748.47000000003,22748.47000000003
2026-04-23 23:40:00,22748.47000000003,22748.47000000003
2026-04-24 01:41:00,22748.47000000003,22748.47000000003
2026-04-24 02:41:00,22748.47000000003,22748.47000000003
2026-04-24 03:41:00,22748.47000000003,22748.47000000003
2026-04-24 04:41:00,22748.47000000003,22748.47000000003
2026-04-24 05:41:00,22748.47000000003,22748.47000000003
2026-04-24 06:41:00,22748.47000000003,22748.47000000003
2026-04-24 07:41:00,22748.47000000003,22748.47000000003
2026-04-24 08:41:00,22748.47000000003,22748.47000000003
2026-04-24 09:41:00,22748.47000000003,22748.47000000003
2026-04-24 10:41:00,22748.47000000003,22748.47000000003
2026-04-24 11:41:00,22748.47000000003,22748.47000000003
2026-04-24 12:41:00,22748.47000000003,22748.47000000003
2026-04-24 13:41:00,22748.47000000003,22748.47000000003
2026-04-24 14:41:00,22748.47000000003,22748.47000000003
2026-04-24 15:41:00,22748.47000000003,22748.47000000003
2026-04-24 16:41:00,22857.02000000002,22857.02000000002
2026-04-24 17:41:00,22857.02000000002,22857.02000000002
2026-04-24 18:41:00,22857.02000000002,22857.02000000002
2026-04-24 19:41:00,22857.02000000002,22857.02000000002
2026-04-24 20:41:00,22857.02000000002,22857.02000000002
2026-04-24 21:41:00,22857.02000000002,22857.02000000002
2026-04-24 22:41:00,22857.02000000002,22857.02000000002
2026-04-24 23:41:00,22857.02000000002,22857.02000000002
2026-04-27 01:42:00,22611.920000000035,22611.920000000035
2026-04-27 02:42:00,22611.920000000035,22611.920000000035
2026-04-27 03:42:00,22611.920000000035,22611.920000000035
2026-04-27 04:42:00,22336.22000000004,22336.22000000004
2026-04-27 05:42:00,22336.22000000004,22336.22000000004
2026-04-27 06:42:00,22336.22000000004,22336.22000000004
2026-04-27 07:42:00,22336.22000000004,22336.22000000004
2026-04-27 08:42:00,22336.22000000004,22336.22000000004
2026-04-27 09:42:00,22336.22000000004,22336.22000000004
2026-04-27 10:42:00,22336.22000000004,22336.22000000004
2026-04-27 11:42:00,22336.22000000004,22336.22000000004
2026-04-27 12:42:00,22336.22000000004,22336.22000000004
2026-04-27 13:42:00,22336.22000000004,22336.22000000004
2026-04-27 14:42:00,22336.22000000004,22336.22000000004
2026-04-27 15:42:00,22336.22000000004,22336.22000000004
2026-04-27 16:42:00,22336.22000000004,22336.22000000004
2026-04-27 17:42:00,22336.22000000004,22336.22000000004
2026-04-27 18:42:00,22336.22000000004,22336.22000000004
2026-04-27 19:42:00,22336.22000000004,22336.22000000004
2026-04-27 20:42:00,22336.22000000004,22336.22000000004
2026-04-27 21:42:00,22336.22000000004,22336.22000000004
2026-04-27 22:42:00,22336.22000000004,22336.22000000004
2026-04-27 23:42:00,22336.22000000004,22336.22000000004
2026-04-28 01:43:00,22336.22000000004,22336.22000000004
2026-04-28 02:43:00,22336.22000000004,22336.22000000004
2026-04-28 03:43:00,22336.22000000004,22336.22000000004
2026-04-28 04:43:00,22336.22000000004,22336.22000000004
2026-04-28 05:43:00,22336.22000000004,22336.22000000004
2026-04-28 06:43:00,22336.22000000004,22336.22000000004
2026-04-28 07:43:00,22336.22000000004,22336.22000000004
2026-04-28 08:43:00,22336.22000000004,22336.22000000004
2026-04-28 09:43:00,22336.22000000004,22336.22000000004
2026-04-28 10:43:00,22336.22000000004,22336.22000000004
2026-04-28 11:43:00,22336.22000000004,22336.22000000004
2026-04-28 12:43:00,22336.22000000004,22336.22000000004
2026-04-28 13:43:00,22336.22000000004,22336.22000000004
2026-04-28 14:43:00,22336.22000000004,22336.22000000004
2026-04-28 15:43:00,22336.22000000004,22336.22000000004
2026-04-28 16:43:00,22336.22000000004,22336.22000000004
2026-04-28 17:43:00,22536.950000000048,22665.29000000005
2026-04-28 18:43:00,22558.910000000054,22558.910000000054
2026-04-28 19:43:00,22558.910000000054,22558.910000000054
2026-04-28 20:43:00,22558.910000000054,22558.910000000054
2026-04-28 21:43:00,22558.910000000054,22558.910000000054
2026-04-28 22:43:00,22558.910000000054,22558.910000000054
2026-04-28 23:43:00,22558.910000000054,22558.910000000054
2026-04-29 01:44:00,22558.910000000054,22558.910000000054
2026-04-29 02:44:00,22558.910000000054,22558.910000000054
2026-04-29 03:44:00,22558.910000000054,22558.910000000054
2026-04-29 04:44:00,22558.910000000054,22558.910000000054
2026-04-29 05:44:00,22558.910000000054,22558.910000000054
2026-04-29 06:44:00,22558.910000000054,22558.910000000054
2026-04-29 07:44:00,22558.910000000054,22558.910000000054
2026-04-29 08:44:00,22558.910000000054,22558.910000000054
2026-04-29 09:44:00,22668.910000000054,22668.910000000054
2026-04-29 10:44:00,22668.910000000054,22668.910000000054
2026-04-29 11:44:00,22668.910000000054,22668.910000000054
2026-04-29 12:44:00,22437.990000000063,22437.990000000063
2026-04-29 13:44:00,22468.450000000066,22629.980000000083
2026-04-29 14:44:00,22576.980000000076,22576.980000000076
2026-04-29 15:44:00,22576.980000000076,22576.980000000076
2026-04-29 16:44:00,22576.980000000076,22576.980000000076
2026-04-29 17:44:00,22576.980000000076,22576.980000000076
2026-04-29 18:44:00,22576.980000000076,22576.980000000076
2026-04-29 19:44:00,22576.980000000076,22576.980000000076
2026-04-29 20:44:00,22576.980000000076,22576.980000000076
2026-04-29 21:44:00,22576.980000000076,22576.980000000076
2026-04-29 22:44:00,22576.980000000076,22576.980000000076
2026-04-29 23:44:00,22576.980000000076,22576.980000000076
2026-04-30 01:45:00,22576.980000000076,22576.980000000076
2026-04-30 02:45:00,22576.980000000076,22576.980000000076
2026-04-30 03:45:00,22576.980000000076,22576.980000000076
2026-04-30 04:45:00,22576.980000000076,22576.980000000076
2026-04-30 05:45:00,22576.980000000076,22576.980000000076
2026-04-30 06:45:00,22576.980000000076,22576.980000000076
2026-04-30 07:45:00,22576.980000000076,22576.980000000076
2026-04-30 08:45:00,22576.980000000076,22576.980000000076
2026-04-30 09:45:00,22576.980000000076,22576.980000000076
2026-04-30 10:45:00,22576.980000000076,22576.980000000076
2026-04-30 11:45:00,22576.980000000076,22576.980000000076
2026-04-30 12:45:00,22576.980000000076,22576.980000000076
2026-04-30 13:45:00,22576.980000000076,22576.980000000076
2026-04-30 14:45:00,22576.980000000076,22576.980000000076
2026-04-30 15:45:00,22576.980000000076,22576.980000000076
2026-04-30 16:45:00,22576.980000000076,22576.980000000076
2026-04-30 17:45:00,22576.980000000076,22576.980000000076
2026-04-30 18:45:00,22576.980000000076,22576.980000000076
2026-04-30 19:45:00,22576.980000000076,22576.980000000076
2026-04-30 20:45:00,22576.980000000076,22576.980000000076
2026-04-30 21:45:00,22576.980000000076,22576.980000000076
2026-04-30 22:45:00,22576.980000000076,22576.980000000076
2026-04-30 23:45:00,22576.980000000076,22576.980000000076
2026-05-01 01:46:00,22576.980000000076,22576.980000000076
2026-05-01 02:46:00,22576.980000000076,22576.980000000076
2026-05-01 03:46:00,22576.980000000076,22576.980000000076
2026-05-01 04:46:00,22576.980000000076,22576.980000000076
2026-05-01 05:46:00,22576.980000000076,22576.980000000076
2026-05-01 06:46:00,22576.980000000076,22576.980000000076
2026-05-01 07:46:00,22576.980000000076,22576.980000000076
2026-05-01 08:46:00,22576.980000000076,22576.980000000076
2026-05-01 09:46:00,22576.980000000076,22576.980000000076
2026-05-01 10:46:00,22576.980000000076,22576.980000000076
2026-05-01 11:46:00,22576.980000000076,22576.980000000076
2026-05-01 12:46:00,22576.980000000076,22576.980000000076
2026-05-01 13:46:00,22576.980000000076,22576.980000000076
2026-05-01 14:46:00,22576.980000000076,22576.980000000076
2026-05-01 15:46:00,22576.980000000076,22576.980000000076
2026-05-01 16:46:00,22576.980000000076,22576.980000000076
2026-05-01 17:46:00,22576.980000000076,22576.980000000076
2026-05-01 18:46:00,22576.980000000076,22576.980000000076
2026-05-01 19:46:00,22576.980000000076,22576.980000000076
2026-05-01 20:46:00,22576.980000000076,22576.980000000076
2026-05-01 21:46:00,22684.46000000008,22684.46000000008
2026-05-01 22:46:00,22684.46000000008,22684.46000000008
2026-05-01 23:46:00,22684.46000000008,22684.46000000008
2026-05-04 01:47:00,22684.46000000008,22684.46000000008
2026-05-04 02:47:00,22684.46000000008,22684.46000000008
2026-05-04 03:47:00,22684.46000000008,22684.46000000008
2026-05-04 04:47:00,22684.46000000008,22684.46000000008
2026-05-04 05:47:00,22684.46000000008,22684.46000000008
2026-05-04 06:47:00,22684.46000000008,22684.46000000008
2026-05-04 07:47:00,22684.46000000008,22684.46000000008
2026-05-04 08:47:00,22684.46000000008,22684.46000000008
2026-05-04 09:47:00,22684.46000000008,22684.46000000008
2026-05-04 10:47:00,22684.46000000008,22684.46000000008
2026-05-04 11:47:00,22684.46000000008,22684.46000000008
2026-05-04 12:47:00,22684.46000000008,22684.46000000008
2026-05-04 13:47:00,22684.46000000008,22684.46000000008
2026-05-04 14:47:00,22684.46000000008,22684.46000000008
2026-05-04 15:47:00,22684.46000000008,22684.46000000008
2026-05-04 16:47:00,22684.46000000008,22684.46000000008
2026-05-04 17:47:00,22684.46000000008,22684.46000000008
2026-05-04 18:47:00,22684.46000000008,22684.46000000008
2026-05-04 19:47:00,22684.46000000008,22684.46000000008
2026-05-04 20:47:00,22684.46000000008,22684.46000000008
2026-05-04 21:47:00,22684.46000000008,22684.46000000008
2026-05-04 22:47:00,22684.46000000008,22684.46000000008
2026-05-04 23:47:00,22684.46000000008,22684.46000000008
2026-05-05 01:48:00,22684.46000000008,22684.46000000008
2026-05-05 02:48:00,22684.46000000008,22684.46000000008
2026-05-05 03:48:00,22684.46000000008,22684.46000000008
2026-05-05 04:48:00,22684.46000000008,22684.46000000008
2026-05-05 05:48:00,22684.46000000008,22684.46000000008
2026-05-05 06:48:00,22684.46000000008,22684.46000000008
2026-05-05 07:48:00,22684.46000000008,22684.46000000008
2026-05-05 08:48:00,22684.46000000008,22684.46000000008
2026-05-05 09:48:00,22684.46000000008,22684.46000000008
2026-05-05 10:48:00,22684.46000000008,22684.46000000008
2026-05-05 11:48:00,22684.46000000008,22684.46000000008
2026-05-05 12:48:00,22684.46000000008,22684.46000000008
2026-05-05 13:48:00,22684.46000000008,22684.46000000008
2026-05-05 14:48:00,22902.05000000008,23201.93000000008
2026-05-05 15:48:00,23223.210000000076,23223.210000000076
2026-05-05 16:48:00,23221.250000000076,23247.85000000007
2026-05-05 17:48:00,23321.49000000007,23321.49000000007
2026-05-05 18:48:00,23321.49000000007,23321.49000000007
2026-05-05 19:48:00,23321.49000000007,23321.49000000007
2026-05-05 20:48:00,23321.49000000007,23321.49000000007
2026-05-05 21:48:00,23321.49000000007,23321.49000000007
2026-05-05 22:48:00,23321.49000000007,23321.49000000007
2026-05-05 23:48:00,23321.49000000007,23321.49000000007
2026-05-06 01:49:00,23319.25000000007,23215.25000000007
2026-05-06 02:49:00,23833.330000000056,23833.330000000056
2026-05-06 03:49:00,23833.330000000056,23833.330000000056
2026-05-06 04:49:00,23833.330000000056,23833.330000000056
2026-05-06 05:49:00,23833.330000000056,23833.330000000056
2026-05-06 06:49:00,23833.330000000056,23833.330000000056
2026-05-06 07:49:00,23833.330000000056,23833.330000000056
2026-05-06 08:49:00,23833.330000000056,23833.330000000056
2026-05-06 09:49:00,23833.330000000056,23833.330000000056
2026-05-06 10:49:00,23833.330000000056,23833.330000000056
2026-05-06 11:49:00,23833.330000000056,23833.330000000056
2026-05-06 12:49:00,23833.330000000056,23833.330000000056
2026-05-06 13:49:00,23833.330000000056,23833.330000000056
2026-05-06 14:49:00,23833.330000000056,23833.330000000056
2026-05-06 15:49:00,23860.360000000066,23860.360000000066
2026-05-06 16:49:00,23860.360000000066,23860.360000000066
2026-05-06 17:49:00,23860.360000000066,23860.360000000066
2026-05-06 18:49:00,23860.360000000066,23860.360000000066
2026-05-06 19:49:00,23860.360000000066,23860.360000000066
2026-05-06 20:49:00,23860.360000000066,23860.360000000066
2026-05-06 21:49:00,23860.360000000066,23860.360000000066
2026-05-06 22:49:00,23860.360000000066,23860.360000000066
2026-05-06 23:49:00,23860.360000000066,23860.360000000066
2026-05-07 01:50:00,23860.360000000066,23860.360000000066
2026-05-07 02:50:00,23860.360000000066,23860.360000000066
2026-05-07 03:50:00,23860.360000000066,23860.360000000066
2026-05-07 04:50:00,23860.360000000066,23860.360000000066
2026-05-07 05:50:00,23860.360000000066,23860.360000000066
2026-05-07 06:50:00,23860.360000000066,23860.360000000066
2026-05-07 07:50:00,23860.360000000066,23860.360000000066
2026-05-07 08:50:00,23860.360000000066,23860.360000000066
2026-05-07 09:50:00,23860.360000000066,23860.360000000066
2026-05-07 10:50:00,23860.360000000066,23860.360000000066
2026-05-07 11:50:00,23860.360000000066,23860.360000000066
2026-05-07 12:50:00,23860.360000000066,23860.360000000066
2026-05-07 13:50:00,23891.790000000066,23997.62000000006
2026-05-07 14:50:00,23889.890000000058,23889.890000000058
2026-05-07 15:50:00,23889.890000000058,23889.890000000058
2026-05-07 16:50:00,23889.890000000058,23889.890000000058
2026-05-07 17:50:00,23889.890000000058,23889.890000000058
2026-05-07 18:50:00,23889.890000000058,23889.890000000058
2026-05-07 19:50:00,23889.890000000058,23889.890000000058
2026-05-07 20:50:00,23889.890000000058,23889.890000000058
2026-05-07 21:50:00,23889.890000000058,23889.890000000058
2026-05-07 22:50:00,23889.890000000058,23889.890000000058
2026-05-07 23:50:00,23889.890000000058,23889.890000000058
2026-05-08 01:51:00,23889.890000000058,23889.890000000058
2026-05-08 02:51:00,23889.890000000058,23889.890000000058
2026-05-08 03:51:00,23889.890000000058,23889.890000000058
2026-05-08 04:51:00,23889.890000000058,23889.890000000058
2026-05-08 05:51:00,23647.690000000068,23647.690000000068
2026-05-08 06:51:00,23647.690000000068,23647.690000000068
2026-05-08 07:51:00,23647.690000000068,23647.690000000068
2026-05-08 08:51:00,23647.690000000068,23647.690000000068
2026-05-08 09:51:00,23647.690000000068,23647.690000000068
2026-05-08 10:51:00,23647.690000000068,23647.690000000068
2026-05-08 11:51:00,23647.690000000068,23647.690000000068
2026-05-08 12:51:00,23647.690000000068,23647.690000000068
2026-05-08 13:51:00,23647.690000000068,23647.690000000068
2026-05-08 14:51:00,23647.690000000068,23647.690000000068
2026-05-08 15:51:00,23683.24000000004,23683.24000000004
2026-05-08 16:51:00,23683.24000000004,23683.24000000004
2026-05-08 17:51:00,23810.920000000042,24025.88000000004
2026-05-08 18:51:00,23810.920000000042,24082.680000000037
2026-05-08 19:51:00,23810.920000000042,24066.44000000004
2026-05-08 20:51:00,23810.920000000042,24008.12000000004
2026-05-08 21:51:00,23810.920000000042,23979.960000000043
2026-05-08 22:51:00,23810.920000000042,23966.44000000004
2026-05-08 23:51:00,23810.920000000042,24047.720000000038
2026-05-11 01:52:00,24059.28000000004,24273.12000000004
2026-05-11 02:52:00,24059.28000000004,24253.560000000038
2026-05-11 03:52:00,24059.28000000004,24332.48000000004
2026-05-11 04:52:00,24091.21000000004,24458.40000000003
2026-05-11 05:52:00,24157.45000000004,24555.020000000044
2026-05-11 06:52:00,24157.45000000004,24584.530000000035
2026-05-11 07:52:00,24157.45000000004,24670.20000000004
2026-05-11 08:52:00,24633.41000000004,24865.71000000004
2026-05-11 09:52:00,24633.41000000004,24744.61000000004
2026-05-11 10:52:00,24633.41000000004,24807.16000000004
2026-05-11 11:52:00,24633.41000000004,24786.26000000004
2026-05-11 12:52:00,24633.41000000004,24834.81000000004
2026-05-11 13:52:00,24633.41000000004,24800.860000000037
2026-05-11 14:52:00,24633.41000000004,24777.66000000004
2026-05-11 15:52:00,24633.41000000004,24674.91000000004
2026-05-11 16:52:00,24632.910000000044,24632.910000000044
2026-05-11 17:52:00,24632.910000000044,24632.910000000044
2026-05-11 18:52:00,24632.910000000044,24632.910000000044
2026-05-11 19:52:00,24631.370000000043,24704.410000000054
2026-05-11 20:52:00,24664.620000000046,24853.66000000006
2026-05-11 21:52:00,24731.120000000046,24907.400000000052
2026-05-11 22:52:00,24731.120000000046,24973.400000000052
2026-05-11 23:52:00,24731.120000000046,24991.400000000052
2026-05-12 01:53:00,24860.570000000047,25144.070000000047
2026-05-12 02:53:00,25232.83000000005,25232.83000000005
2026-05-12 03:53:00,25232.83000000005,25232.83000000005
2026-05-12 04:53:00,25232.83000000005,25232.83000000005
2026-05-12 05:53:00,25232.83000000005,25232.83000000005
2026-05-12 06:53:00,25232.83000000005,25232.83000000005
2026-05-12 07:53:00,25232.83000000005,25232.83000000005
2026-05-12 08:53:00,25232.83000000005,25232.83000000005
2026-05-12 09:53:00,25232.83000000005,25232.83000000005
2026-05-12 10:53:00,25232.83000000005,25232.83000000005
2026-05-12 11:53:00,25232.83000000005,25232.83000000005
2026-05-12 12:53:00,25232.83000000005,25232.83000000005
2026-05-12 13:53:00,25232.83000000005,25232.83000000005
2026-05-12 14:53:00,25232.83000000005,25232.83000000005
2026-05-12 15:53:00,25232.83000000005,25232.83000000005
2026-05-12 16:53:00,25232.83000000005,25232.83000000005
2026-05-12 17:53:00,25425.580000000053,25425.580000000053
2026-05-12 18:53:00,25425.580000000053,25425.580000000053
2026-05-12 19:53:00,25425.580000000053,25425.580000000053
2026-05-12 20:53:00,25425.580000000053,25425.580000000053
2026-05-12 21:53:00,25425.580000000053,25425.580000000053
2026-05-12 22:53:00,25425.580000000053,25425.580000000053
2026-05-12 23:53:00,25425.580000000053,25425.580000000053
2026-05-13 01:54:00,25425.580000000053,25425.580000000053
2026-05-13 02:54:00,25425.580000000053,25425.580000000053
2026-05-13 03:54:00,25425.580000000053,25425.580000000053
2026-05-13 04:54:00,25425.580000000053,25425.580000000053
2026-05-13 05:54:00,25425.580000000053,25425.580000000053
2026-05-13 06:54:00,25425.580000000053,25425.580000000053
2026-05-13 07:54:00,25425.580000000053,25425.580000000053
2026-05-13 08:54:00,25425.580000000053,25425.580000000053
2026-05-13 09:54:00,25425.580000000053,25425.580000000053
2026-05-13 10:54:00,25425.580000000053,25425.580000000053
2026-05-13 11:54:00,25425.580000000053,25425.580000000053
2026-05-13 12:54:00,25425.580000000053,25425.580000000053
2026-05-13 13:54:00,25425.580000000053,25425.580000000053
2026-05-13 14:54:00,25425.580000000053,25425.580000000053
2026-05-13 15:54:00,25425.580000000053,25425.580000000053
2026-05-13 16:54:00,25425.580000000053,25425.580000000053
2026-05-13 17:54:00,25425.580000000053,25425.580000000053
2026-05-13 18:54:00,25425.580000000053,25425.580000000053
2026-05-13 19:54:00,25425.580000000053,25425.580000000053
2026-05-13 20:54:00,25425.580000000053,25425.580000000053
2026-05-13 21:54:00,25425.580000000053,25425.580000000053
2026-05-13 22:54:00,25425.580000000053,25425.580000000053
2026-05-13 23:54:00,25425.580000000053,25425.580000000053
2026-05-14 01:55:00,25425.580000000053,25425.580000000053
2026-05-14 02:55:00,25425.580000000053,25425.580000000053
2026-05-14 03:55:00,25425.580000000053,25425.580000000053
2026-05-14 04:55:00,25425.580000000053,25425.580000000053
2026-05-14 05:55:00,25425.580000000053,25425.580000000053
2026-05-14 06:55:00,25425.580000000053,25425.580000000053
2026-05-14 07:55:00,25425.580000000053,25425.580000000053
2026-05-14 08:55:00,25425.580000000053,25425.580000000053
2026-05-14 09:55:00,25662.960000000054,25917.660000000033
2026-05-14 10:55:00,26202.320000000036,26202.320000000036
2026-05-14 11:55:00,26202.320000000036,26202.320000000036
2026-05-14 12:55:00,26202.320000000036,26202.320000000036
2026-05-14 13:55:00,26202.320000000036,26202.320000000036
2026-05-14 14:55:00,26202.320000000036,26202.320000000036
2026-05-14 15:55:00,26202.320000000036,26202.320000000036
2026-05-14 16:55:00,26202.320000000036,26202.320000000036
2026-05-14 17:55:00,26202.320000000036,26202.320000000036
2026-05-14 18:55:00,26202.320000000036,26202.320000000036
2026-05-14 19:55:00,26202.320000000036,26202.320000000036
2026-05-14 20:55:00,26202.320000000036,26202.320000000036
2026-05-14 21:55:00,26202.320000000036,26202.320000000036
2026-05-14 22:55:00,26202.320000000036,26202.320000000036
2026-05-14 23:55:00,26202.320000000036,26202.320000000036
2026-05-15 01:56:00,26202.320000000036,26202.320000000036
2026-05-15 02:56:00,26202.320000000036,26202.320000000036
2026-05-15 03:56:00,26202.320000000036,26202.320000000036
2026-05-15 04:56:00,26228.300000000032,26228.300000000032
2026-05-15 05:56:00,26228.300000000032,26228.300000000032
2026-05-15 06:56:00,26228.300000000032,26228.300000000032
2026-05-15 07:56:00,26228.300000000032,26228.300000000032
2026-05-15 08:56:00,26228.300000000032,26228.300000000032
2026-05-15 09:56:00,26228.300000000032,26228.300000000032
2026-05-15 10:56:00,26228.300000000032,26228.300000000032
2026-05-15 11:56:00,26228.300000000032,26228.300000000032
2026-05-15 12:56:00,26228.300000000032,26228.300000000032
2026-05-15 13:56:00,26228.300000000032,26228.300000000032
2026-05-15 14:56:00,26228.300000000032,26228.300000000032
2026-05-15 15:56:00,26228.300000000032,26228.300000000032
2026-05-15 16:56:00,26228.300000000032,26228.300000000032
2026-05-15 17:56:00,26228.300000000032,26228.300000000032
2026-05-15 18:56:00,26228.300000000032,26228.300000000032
2026-05-15 19:56:00,26228.300000000032,26228.300000000032
2026-05-15 20:56:00,26228.300000000032,26228.300000000032
2026-05-15 21:56:00,26228.300000000032,26228.300000000032
2026-05-15 22:56:00,26228.300000000032,26228.300000000032
2026-05-15 23:56:00,26228.300000000032,26228.300000000032
2026-05-18 01:57:00,26228.300000000032,26228.300000000032
2026-05-18 02:57:00,26228.300000000032,26228.300000000032
2026-05-18 03:57:00,26228.300000000032,26228.300000000032
2026-05-18 04:57:00,26228.300000000032,26228.300000000032
2026-05-18 05:57:00,26228.300000000032,26228.300000000032
2026-05-18 06:57:00,26228.300000000032,26228.300000000032
2026-05-18 07:57:00,26228.300000000032,26228.300000000032
2026-05-18 08:57:00,26228.300000000032,26228.300000000032
2026-05-18 09:57:00,26228.300000000032,26228.300000000032
2026-05-18 10:57:00,26228.300000000032,26228.300000000032
2026-05-18 11:57:00,26228.300000000032,26228.300000000032
2026-05-18 12:57:00,26228.300000000032,26228.300000000032
2026-05-18 13:57:00,26228.300000000032,26228.300000000032
2026-05-18 14:57:00,26228.300000000032,26228.300000000032
2026-05-18 15:57:00,26228.300000000032,26228.300000000032
2026-05-18 16:57:00,26228.300000000032,26228.300000000032
2026-05-18 17:57:00,26262.94000000002,26262.94000000002
2026-05-18 18:57:00,26262.94000000002,26262.94000000002
2026-05-18 19:57:00,26262.94000000002,26262.94000000002
2026-05-18 20:57:00,26262.94000000002,26262.94000000002
2026-05-18 21:57:00,26262.94000000002,26262.94000000002
2026-05-18 22:57:00,26370.92000000002,26408.540000000023
2026-05-18 23:57:00,26369.820000000018,26369.820000000018
2026-05-19 01:58:00,26369.820000000018,26369.820000000018
2026-05-19 02:58:00,26369.820000000018,26369.820000000018
2026-05-19 03:58:00,26369.820000000018,26369.820000000018
2026-05-19 04:58:00,26369.820000000018,26369.820000000018
2026-05-19 05:58:00,26369.820000000018,26369.820000000018
2026-05-19 06:58:00,26369.820000000018,26369.820000000018
2026-05-19 07:58:00,26369.820000000018,26369.820000000018
2026-05-19 08:58:00,26369.820000000018,26369.820000000018
2026-05-19 09:58:00,26369.820000000018,26369.820000000018
2026-05-19 10:58:00,26369.820000000018,26369.820000000018
2026-05-19 11:58:00,26369.820000000018,26369.820000000018
2026-05-19 12:58:00,26369.820000000018,26369.820000000018
2026-05-19 13:58:00,26369.820000000018,26369.820000000018
2026-05-19 14:58:00,26369.820000000018,26369.820000000018
2026-05-19 15:58:00,26369.820000000018,26369.820000000018
2026-05-19 16:58:00,26369.820000000018,26369.820000000018
2026-05-19 17:58:00,26369.820000000018,26369.820000000018
2026-05-19 18:58:00,26369.820000000018,26369.820000000018
2026-05-19 19:58:00,26369.820000000018,26369.820000000018
2026-05-19 20:58:00,26369.820000000018,26369.820000000018
2026-05-19 21:58:00,26369.820000000018,26369.820000000018
2026-05-19 22:58:00,26369.820000000018,26369.820000000018
2026-05-19 23:58:00,26369.820000000018,26369.820000000018
2026-05-20 01:59:00,26369.820000000018,26369.820000000018
2026-05-20 02:59:00,26369.820000000018,26369.820000000018
2026-05-20 03:59:00,26369.820000000018,26369.820000000018
2026-05-20 04:59:00,26369.820000000018,26369.820000000018
2026-05-20 05:59:00,26369.820000000018,26369.820000000018
2026-05-20 06:59:00,26369.820000000018,26369.820000000018
2026-05-20 07:59:00,26369.820000000018,26369.820000000018
2026-05-20 08:59:00,26369.820000000018,26369.820000000018
2026-05-20 09:59:00,26369.820000000018,26369.820000000018
2026-05-20 10:59:00,26369.820000000018,26369.820000000018
2026-05-20 11:59:00,26369.820000000018,26369.820000000018
2026-05-20 12:59:00,26369.820000000018,26369.820000000018
2026-05-20 13:59:00,26369.820000000018,26369.820000000018
2026-05-20 14:59:00,26369.820000000018,26369.820000000018
2026-05-20 15:59:00,26369.820000000018,26369.820000000018
2026-05-20 16:59:00,26369.820000000018,26369.820000000018
2026-05-20 17:59:00,26403.670000000006,26403.670000000006
2026-05-20 18:59:00,26403.670000000006,26403.670000000006
2026-05-20 19:59:00,26403.670000000006,26403.670000000006
2026-05-20 20:59:00,26403.670000000006,26403.670000000006
2026-05-20 21:59:00,26403.670000000006,26403.670000000006
2026-05-20 22:59:00,26403.670000000006,26403.670000000006
2026-05-21 01:00:00,26403.670000000006,26403.670000000006
2026-05-21 02:00:00,26403.670000000006,26403.670000000006
2026-05-21 03:00:00,26403.670000000006,26403.670000000006
2026-05-21 04:00:00,26403.670000000006,26403.670000000006
2026-05-21 05:00:00,26403.670000000006,26403.670000000006
2026-05-21 06:00:00,26403.670000000006,26403.670000000006
2026-05-21 07:00:00,26403.670000000006,26403.670000000006
2026-05-21 08:00:00,26403.670000000006,26403.670000000006
2026-05-21 09:00:00,26403.670000000006,26403.670000000006
2026-05-21 10:00:00,26403.670000000006,26403.670000000006
2026-05-21 11:00:00,26440.150000000005,26569.75000000002
2026-05-21 12:00:00,26672.230000000007,26809.510000000006
2026-05-21 13:00:00,26672.230000000007,26797.35000000001
2026-05-21 14:00:00,26671.43000000001,26671.43000000001
2026-05-21 15:00:00,26702.660000000007,26758.31000000001
2026-05-21 16:00:00,26701.16,26701.16
2026-05-21 17:00:00,26701.16,26701.16
2026-05-21 18:00:00,26701.16,26701.16
2026-05-21 19:00:00,26701.16,26701.16
2026-05-21 20:00:00,26701.16,26701.16
2026-05-21 21:00:00,26701.16,26701.16
2026-05-21 22:00:00,26701.16,26701.16
2026-05-21 23:00:00,26701.16,26701.16
2026-05-22 01:01:00,26701.16,26701.16
2026-05-22 02:01:00,26701.16,26701.16
2026-05-22 03:01:00,26701.16,26701.16
2026-05-22 04:01:00,26810.540000000008,26928.980000000007
2026-05-22 05:01:00,26808.740000000016,26808.740000000016
2026-05-22 06:01:00,26808.740000000016,26808.740000000016
2026-05-22 07:01:00,26808.740000000016,26808.740000000016
2026-05-22 08:01:00,26808.740000000016,26808.740000000016
2026-05-22 09:01:00,26808.740000000016,26808.740000000016
2026-05-22 10:01:00,26808.740000000016,26808.740000000016
2026-05-22 11:01:00,26808.740000000016,26808.740000000016
2026-05-22 12:01:00,26808.740000000016,26808.740000000016
2026-05-22 13:01:00,26808.740000000016,26808.740000000016
2026-05-22 14:01:00,26808.740000000016,26808.740000000016
2026-05-22 15:01:00,26808.740000000016,26808.740000000016
2026-05-22 16:01:00,26808.740000000016,26808.740000000016
2026-05-22 17:01:00,26808.740000000016,26808.740000000016
2026-05-22 18:01:00,26808.740000000016,26808.740000000016
2026-05-22 19:01:00,26808.740000000016,26808.740000000016
2026-05-22 20:01:00,26808.740000000016,26808.740000000016
2026-05-22 21:01:00,26808.740000000016,26808.740000000016
2026-05-22 22:01:00,26808.740000000016,26808.740000000016
2026-05-22 23:01:00,26808.740000000016,26808.740000000016
2026-05-25 01:02:00,26808.740000000016,26808.740000000016
2026-05-25 02:02:00,26808.740000000016,26808.740000000016
2026-05-25 03:02:00,26808.740000000016,26808.740000000016
2026-05-25 04:02:00,26808.740000000016,26808.740000000016
2026-05-25 05:02:00,26808.740000000016,26808.740000000016
2026-05-25 06:02:00,26808.740000000016,26808.740000000016
2026-05-25 07:02:00,26808.740000000016,26808.740000000016
2026-05-25 08:02:00,26808.740000000016,26808.740000000016
2026-05-25 09:02:00,26808.740000000016,26808.740000000016
2026-05-25 10:02:00,26808.740000000016,26808.740000000016
2026-05-25 11:02:00,26808.740000000016,26808.740000000016
2026-05-25 12:02:00,26808.740000000016,26808.740000000016
2026-05-25 13:02:00,26808.740000000016,26808.740000000016
2026-05-25 14:02:00,26808.740000000016,26808.740000000016
2026-05-25 15:02:00,26808.740000000016,26808.740000000016
2026-05-25 16:02:00,26808.740000000016,26808.740000000016
2026-05-25 17:02:00,26808.740000000016,26808.740000000016
2026-05-25 18:02:00,26808.740000000016,26808.740000000016
2026-05-25 19:02:00,26808.740000000016,26808.740000000016
2026-05-25 20:02:00,26808.740000000016,26808.740000000016
2026-05-25 21:02:00,26808.740000000016,26808.740000000016
2026-05-25 22:03:00,26808.740000000016,26808.740000000016
2026-05-26 01:54:00,26808.740000000016,26808.740000000016
2026-05-26 02:54:00,26808.740000000016,26808.740000000016
2026-05-26 03:54:00,26808.320000000018,26768.660000000018
2026-05-26 04:54:00,26808.320000000018,26725.88000000002
2026-05-26 05:54:00,26808.320000000018,26709.320000000018
2026-05-26 06:54:00,26808.320000000018,26771.180000000022
2026-05-26 07:54:00,26808.320000000018,26681.300000000017
2026-05-26 08:54:00,26808.320000000018,26676.92000000002
2026-05-26 09:54:00,26808.320000000018,26704.040000000015
2026-05-26 10:54:00,26808.320000000018,26705.120000000017
2026-05-26 11:54:00,26808.320000000018,26660.480000000018
2026-05-26 12:54:00,26808.320000000018,26629.52000000002
2026-05-26 13:54:00,26808.320000000018,26723.42000000002
2026-05-26 14:54:00,26573.06000000002,26573.06000000002
2026-05-26 15:54:00,26573.06000000002,26573.06000000002
2026-05-26 16:54:00,26573.06000000002,26573.06000000002
2026-05-26 17:54:00,26606.640000000007,26606.640000000007
2026-05-26 18:54:00,26606.640000000007,26606.640000000007
2026-05-26 19:54:00,26606.640000000007,26606.640000000007
2026-05-26 20:54:00,26606.640000000007,26606.640000000007
2026-05-26 21:54:00,26606.640000000007,26606.640000000007
2026-05-26 22:54:00,26606.640000000007,26606.640000000007
2026-05-26 23:54:00,26606.640000000007,26606.640000000007
2026-05-27 01:55:00,26606.640000000007,26606.640000000007
2026-05-27 02:55:00,26606.640000000007,26606.640000000007
2026-05-27 03:55:00,26606.640000000007,26606.640000000007
2026-05-27 04:55:00,26606.640000000007,26606.640000000007
2026-05-27 05:55:00,26606.640000000007,26606.640000000007
2026-05-27 06:55:00,26606.640000000007,26606.640000000007
2026-05-27 07:55:00,26606.640000000007,26606.640000000007
2026-05-27 08:55:00,26606.640000000007,26606.640000000007
2026-05-27 09:55:00,26606.640000000007,26606.640000000007
2026-05-27 10:55:00,26606.640000000007,26606.640000000007
2026-05-27 11:55:00,26606.640000000007,26606.640000000007
2026-05-27 12:55:00,26606.640000000007,26606.640000000007
2026-05-27 13:55:00,26606.640000000007,26606.640000000007
2026-05-27 14:55:00,26606.640000000007,26606.640000000007
2026-05-27 15:55:00,26606.640000000007,26606.640000000007
2026-05-27 16:55:00,26606.640000000007,26606.640000000007
2026-05-27 17:55:00,26606.640000000007,26606.640000000007
2026-05-27 18:55:00,26606.640000000007,26606.640000000007
2026-05-27 19:55:00,26606.640000000007,26606.640000000007
2026-05-27 20:55:00,26606.640000000007,26606.640000000007
2026-05-27 21:55:00,26606.640000000007,26606.640000000007
2026-05-27 22:55:00,26606.640000000007,26606.640000000007
2026-05-27 23:55:00,26606.640000000007,26606.640000000007
2026-05-28 01:56:00,26606.640000000007,26606.640000000007
2026-05-28 02:56:00,26606.640000000007,26606.640000000007
2026-05-28 03:56:00,26606.640000000007,26606.640000000007
2026-05-28 04:56:00,26606.640000000007,26606.640000000007
2026-05-28 05:56:00,26606.640000000007,26606.640000000007
2026-05-28 06:56:00,26606.640000000007,26606.640000000007
2026-05-28 07:56:00,26606.640000000007,26606.640000000007
2026-05-28 08:56:00,26606.640000000007,26606.640000000007
2026-05-28 09:56:00,26606.640000000007,26606.640000000007
2026-05-28 10:56:00,26606.640000000007,26606.640000000007
2026-05-28 11:56:00,26606.640000000007,26606.640000000007
2026-05-28 12:56:00,26606.640000000007,26606.640000000007
2026-05-28 13:56:00,26606.640000000007,26606.640000000007
2026-05-28 14:56:00,26606.640000000007,26606.640000000007
2026-05-28 15:56:00,26606.640000000007,26606.640000000007
2026-05-28 16:56:00,26634.370000000003,26634.370000000003
2026-05-28 17:56:00,26634.370000000003,26634.370000000003
2026-05-28 18:56:00,26634.370000000003,26634.370000000003
2026-05-28 19:56:00,26634.370000000003,26634.370000000003
2026-05-28 20:56:00,26634.370000000003,26634.370000000003
2026-05-28 21:56:00,26634.370000000003,26634.370000000003
2026-05-28 22:56:00,26634.370000000003,26634.370000000003
2026-05-28 23:56:00,26632.83,26593.009999999995
2026-05-29 01:57:00,26619.730000000003,26496.56999999997
2026-05-29 02:57:00,26619.730000000003,26568.32999999998
2026-05-29 03:57:00,26648.22999999999,26578.489999999987
2026-05-29 04:57:00,26675.72999999998,26675.72999999998
2026-05-29 05:57:00,26675.72999999998,26675.72999999998
2026-05-29 06:57:00,26675.72999999998,26675.72999999998
2026-05-29 07:57:00,26675.72999999998,26675.72999999998
2026-05-29 08:57:00,26675.72999999998,26675.72999999998
2026-05-29 09:57:00,26675.72999999998,26675.72999999998
2026-05-29 10:57:00,26675.72999999998,26675.72999999998
2026-05-29 11:57:00,26406.579999999984,26406.579999999984
2026-05-29 12:57:00,26406.579999999984,26406.579999999984
2026-05-29 13:57:00,26406.579999999984,26406.579999999984
2026-05-29 14:57:00,26406.579999999984,26406.579999999984
2026-05-29 15:57:00,26406.579999999984,26406.579999999984
2026-05-29 16:57:00,26406.579999999984,26406.579999999984
2026-05-29 17:57:00,26406.579999999984,26406.579999999984
2026-05-29 18:57:00,26406.579999999984,26406.579999999984
2026-05-29 19:57:00,26406.579999999984,26406.579999999984
2026-05-29 20:57:00,26405.039999999983,26342.339999999993
2026-05-29 21:57:00,26405.039999999983,26392.279999999984
2026-05-29 22:57:00,26405.039999999983,26156.65999999998
2026-05-29 23:57:00,26079.87999999999,26079.87999999999
2026-06-01 01:58:00,26079.87999999999,26079.87999999999
2026-06-01 02:58:00,26079.87999999999,26079.87999999999
2026-06-01 03:58:00,26079.87999999999,26079.87999999999
2026-06-01 04:58:00,26079.87999999999,26079.87999999999
2026-06-01 05:58:00,26079.87999999999,26079.87999999999
2026-06-01 06:58:00,26079.87999999999,26079.87999999999
2026-06-01 07:58:00,26079.87999999999,26079.87999999999
2026-06-01 08:58:00,26079.87999999999,26079.87999999999
2026-06-01 09:58:00,26079.87999999999,26079.87999999999
2026-06-01 10:58:00,26079.87999999999,26079.87999999999
2026-06-01 11:58:00,26079.87999999999,26079.87999999999
2026-06-01 12:58:00,26079.87999999999,26079.87999999999
2026-06-01 13:58:00,26079.87999999999,26079.87999999999
2026-06-01 14:58:00,26079.87999999999,26079.87999999999
2026-06-01 15:58:00,26079.87999999999,26079.87999999999
2026-06-01 16:58:00,26079.24999999999,25918.86999999999
2026-06-01 17:58:00,26079.24999999999,25971.429999999986
2026-06-01 18:58:00,26079.24999999999,26123.61999999999
2026-06-01 19:58:00,26079.24999999999,26174.10999999999
2026-06-01 20:58:00,26108.60999999999,26241.539999999986
2026-06-01 21:58:00,26108.60999999999,26237.61999999999
2026-06-01 22:58:00,26108.60999999999,26191.13999999999
2026-06-01 23:58:00,26108.60999999999,26220.679999999993
2026-06-02 01:59:00,26105.10999999999,26223.47999999999
2026-06-02 02:59:00,26105.10999999999,26215.14999999999
2026-06-02 03:59:00,26105.10999999999,26195.19999999999
2026-06-02 04:59:00,26104.40999999999,26104.40999999999
2026-06-02 05:59:00,26104.40999999999,26104.40999999999
2026-06-02 06:59:00,26104.40999999999,26104.40999999999
2026-06-02 07:59:00,26104.40999999999,26104.40999999999
2026-06-02 08:59:00,26104.40999999999,26104.40999999999
2026-06-02 09:59:00,26104.40999999999,26104.40999999999
2026-06-02 10:59:00,26104.40999999999,26104.40999999999
2026-06-02 11:59:00,26104.40999999999,26104.40999999999
2026-06-02 12:59:00,26104.40999999999,26104.40999999999
2026-06-02 13:59:00,26104.40999999999,26104.40999999999
2026-06-02 14:59:00,26104.40999999999,26104.40999999999
2026-06-02 15:59:00,26103.28999999999,26094.489999999987
2026-06-02 16:59:00,26139.849999999984,26139.849999999984
2026-06-02 17:59:00,26139.849999999984,26139.849999999984
2026-06-02 18:59:00,26139.849999999984,26139.849999999984
2026-06-02 19:59:00,26139.849999999984,26139.849999999984
2026-06-02 20:59:00,26139.849999999984,26139.849999999984
2026-06-02 21:59:00,26139.849999999984,26139.849999999984
2026-06-02 22:59:00,26139.849999999984,26139.849999999984
2026-06-03 01:00:00,26139.849999999984,26139.849999999984
2026-06-03 02:00:00,26139.849999999984,26139.849999999984
2026-06-03 03:00:00,26139.849999999984,26139.849999999984
2026-06-03 04:00:00,26139.849999999984,26139.849999999984
2026-06-03 05:00:00,26139.849999999984,26139.849999999984
2026-06-03 06:00:00,26139.849999999984,26139.849999999984
2026-06-03 07:00:00,26139.849999999984,26139.849999999984
2026-06-03 08:00:00,26139.849999999984,26139.849999999984
2026-06-03 09:00:00,26139.849999999984,26139.849999999984
2026-06-03 10:00:00,26139.849999999984,26139.849999999984
2026-06-03 11:00:00,26139.849999999984,26139.849999999984
2026-06-03 12:00:00,26139.849999999984,26139.849999999984
2026-06-03 13:00:00,26139.849999999984,26139.849999999984
2026-06-03 14:00:00,26139.849999999984,26139.849999999984
2026-06-03 15:00:00,26139.849999999984,26139.849999999984
2026-06-03 16:00:00,26139.849999999984,26139.849999999984
2026-06-03 17:00:00,26139.849999999984,26139.849999999984
2026-06-03 18:00:00,26139.849999999984,26139.849999999984
2026-06-03 19:00:00,26139.849999999984,26139.849999999984
2026-06-03 20:00:00,26139.849999999984,26139.849999999984
2026-06-03 21:00:00,26252.54999999999,26385.269999999982
2026-06-03 22:00:00,26252.54999999999,26326.749999999993
2026-06-03 23:00:00,26251.14999999998,26251.14999999998
2026-06-04 01:01:00,26251.14999999998,26251.14999999998
2026-06-04 02:01:00,26251.14999999998,26251.14999999998
2026-06-04 03:01:00,26251.14999999998,26251.14999999998
2026-06-04 04:01:00,26251.14999999998,26251.14999999998
2026-06-04 05:01:00,26251.14999999998,26251.14999999998
2026-06-04 06:01:00,26251.14999999998,26251.14999999998
2026-06-04 07:01:00,26251.14999999998,26251.14999999998
2026-06-04 08:01:00,26251.14999999998,26251.14999999998
2026-06-04 09:01:00,26251.14999999998,26251.14999999998
2026-06-04 10:01:00,26251.14999999998,26251.14999999998
2026-06-04 11:01:00,26251.14999999998,26251.14999999998
2026-06-04 12:01:00,26251.14999999998,26251.14999999998
2026-06-04 13:01:00,26251.14999999998,26251.14999999998
2026-06-04 14:01:00,26251.14999999998,26251.14999999998
2026-06-04 15:01:00,26251.14999999998,26251.14999999998
2026-06-04 16:01:00,26251.14999999998,26251.14999999998
2026-06-04 17:01:00,26251.14999999998,26251.14999999998
2026-06-04 18:01:00,25984.92999999997,25984.92999999997
2026-06-04 19:01:00,25984.92999999997,25984.92999999997
2026-06-04 20:01:00,25984.92999999997,25984.92999999997
2026-06-04 21:01:00,25984.92999999997,25984.92999999997
2026-06-04 22:01:00,25984.92999999997,25984.92999999997
2026-06-04 23:01:00,25984.92999999997,25984.92999999997
2026-06-05 01:02:00,25984.92999999997,25984.92999999997
2026-06-05 02:02:00,25984.92999999997,25984.92999999997
2026-06-05 03:02:00,25984.92999999997,25984.92999999997
2026-06-05 04:02:00,25984.92999999997,25984.92999999997
2026-06-05 05:02:00,25984.92999999997,25984.92999999997
2026-06-05 06:02:00,25984.92999999997,25984.92999999997
2026-06-05 07:02:00,25984.92999999997,25984.92999999997
2026-06-05 08:02:00,25984.92999999997,25984.92999999997
2026-06-05 09:02:00,25984.92999999997,25984.92999999997
2026-06-05 10:02:00,26421.079999999973,26421.079999999973
2026-06-05 11:02:00,26421.079999999973,26421.079999999973
2026-06-05 12:02:00,26421.079999999973,26421.079999999973
2026-06-05 13:02:00,26421.079999999973,26421.079999999973
2026-06-05 14:02:00,26421.079999999973,26421.079999999973
2026-06-05 15:02:00,26421.079999999973,26421.079999999973
2026-06-05 16:02:00,26448.62999999998,26401.649999999987
2026-06-05 17:02:00,26198.51999999998,26198.51999999998
2026-06-05 18:02:00,26198.51999999998,26198.51999999998
2026-06-05 19:02:00,26198.51999999998,26198.51999999998
2026-06-05 20:02:00,26198.51999999998,26198.51999999998
2026-06-05 21:02:00,26198.51999999998,26198.51999999998
2026-06-05 22:02:00,26198.51999999998,26198.51999999998
2026-06-05 23:02:00,26198.51999999998,26198.51999999998
2026-06-08 01:03:00,26198.51999999998,26198.51999999998
2026-06-08 02:03:00,26198.51999999998,26198.51999999998
2026-06-08 03:03:00,26198.51999999998,26198.51999999998
2026-06-08 04:03:00,26198.51999999998,26198.51999999998
2026-06-08 05:03:00,26198.51999999998,26198.51999999998
2026-06-08 06:03:00,26198.51999999998,26198.51999999998
2026-06-08 07:03:00,26198.51999999998,26198.51999999998
2026-06-08 08:03:00,26198.51999999998,26198.51999999998
2026-06-08 09:03:00,26198.51999999998,26198.51999999998
2026-06-08 10:03:00,26198.51999999998,26198.51999999998
2026-06-08 11:03:00,26198.51999999998,26198.51999999998
2026-06-08 12:03:00,26198.51999999998,26198.51999999998
2026-06-08 13:03:00,26198.51999999998,26198.51999999998
2026-06-08 14:03:00,26198.51999999998,26198.51999999998
2026-06-08 15:03:00,26198.51999999998,26198.51999999998
2026-06-08 16:03:00,26198.51999999998,26198.51999999998
2026-06-08 17:03:00,26198.51999999998,26198.51999999998
2026-06-08 18:03:00,26197.189999999977,26047.849999999966
2026-06-08 19:03:00,25879.88999999998,25879.88999999998
2026-06-08 20:03:00,25879.88999999998,25879.88999999998
2026-06-08 21:03:00,25879.88999999998,25879.88999999998
2026-06-08 22:03:00,25879.88999999998,25879.88999999998
2026-06-08 23:03:00,25879.88999999998,25879.88999999998
2026-06-09 01:04:00,25879.88999999998,25879.88999999998
2026-06-09 02:04:00,25879.88999999998,25879.88999999998
2026-06-09 03:04:00,25879.88999999998,25879.88999999998
2026-06-09 04:04:00,25879.88999999998,25879.88999999998
2026-06-09 05:04:00,25879.88999999998,25879.88999999998
2026-06-09 06:04:00,25879.88999999998,25879.88999999998
2026-06-09 07:04:00,25879.88999999998,25879.88999999998
2026-06-09 08:04:00,25879.88999999998,25879.88999999998
2026-06-09 09:04:00,25879.88999999998,25879.88999999998
2026-06-09 10:04:00,25879.88999999998,25879.88999999998
2026-06-09 11:04:00,25879.88999999998,25879.88999999998
2026-06-09 12:04:00,25879.88999999998,25879.88999999998
2026-06-09 13:04:00,25879.88999999998,25879.88999999998
2026-06-09 14:04:00,25879.88999999998,25879.88999999998
2026-06-09 15:04:00,25879.88999999998,25879.88999999998
2026-06-09 16:04:00,25879.88999999998,25879.88999999998
2026-06-09 17:04:00,25879.88999999998,25879.88999999998
2026-06-09 18:04:00,25879.88999999998,25879.88999999998
2026-06-09 19:04:00,25879.88999999998,25879.88999999998
2026-06-09 20:04:00,25879.88999999998,25879.88999999998
2026-06-09 21:04:00,25879.88999999998,25879.88999999998
2026-06-09 22:04:00,25879.88999999998,25879.88999999998
2026-06-09 23:04:00,25879.88999999998,25879.88999999998
2026-06-10 01:05:00,25879.88999999998,25879.88999999998
2026-06-10 02:05:00,25879.88999999998,25879.88999999998
2026-06-10 03:05:00,25879.88999999998,25879.88999999998
2026-06-10 04:05:00,25879.88999999998,25879.88999999998
2026-06-10 05:05:00,25879.88999999998,25879.88999999998
2026-06-10 06:05:00,25879.88999999998,25879.88999999998
2026-06-10 07:05:00,25879.88999999998,25879.88999999998
2026-06-10 08:05:00,25879.88999999998,25879.88999999998
2026-06-10 09:05:00,25879.88999999998,25879.88999999998
2026-06-10 10:05:00,25879.88999999998,25879.88999999998
2026-06-10 11:05:00,25879.88999999998,25879.88999999998
2026-06-10 12:05:00,25879.88999999998,25879.88999999998
2026-06-10 13:05:00,25879.88999999998,25879.88999999998
2026-06-10 14:05:00,25879.88999999998,25879.88999999998
2026-06-10 15:05:00,25879.88999999998,25879.88999999998
2026-06-10 16:05:00,25879.88999999998,25879.88999999998
2026-06-10 17:05:00,25879.88999999998,25879.88999999998
2026-06-10 18:05:00,25879.88999999998,25879.88999999998
2026-06-10 19:05:00,25879.88999999998,25879.88999999998
2026-06-10 20:05:00,25879.88999999998,25879.88999999998
2026-06-10 21:05:00,25879.88999999998,25879.88999999998
2026-06-10 22:05:00,25879.88999999998,25879.88999999998
2026-06-10 23:05:00,25879.88999999998,25879.88999999998
2026-06-11 01:06:00,25879.88999999998,25879.88999999998
2026-06-11 02:06:00,25879.88999999998,25879.88999999998
2026-06-11 03:06:00,25879.88999999998,25879.88999999998
2026-06-11 04:06:00,25879.88999999998,25879.88999999998
2026-06-11 05:06:00,25879.88999999998,25879.88999999998
2026-06-11 06:06:00,25879.88999999998,25879.88999999998
2026-06-11 07:06:00,25879.88999999998,25879.88999999998
2026-06-11 08:06:00,25879.88999999998,25879.88999999998
2026-06-11 09:06:00,25879.88999999998,25879.88999999998
2026-06-11 10:06:00,25879.88999999998,25879.88999999998
2026-06-11 11:06:00,25879.88999999998,25879.88999999998
2026-06-11 12:06:00,25879.88999999998,25879.88999999998
2026-06-11 13:06:00,25879.88999999998,25879.88999999998
2026-06-11 14:06:00,25879.88999999998,25879.88999999998
2026-06-11 15:06:00,25879.88999999998,25879.88999999998
2026-06-11 16:06:00,25879.88999999998,25879.88999999998
2026-06-11 17:06:00,25879.88999999998,25879.88999999998
2026-06-11 18:06:00,25879.88999999998,25879.88999999998
2026-06-11 19:06:00,25879.88999999998,25879.88999999998
2026-06-11 20:06:00,25879.88999999998,25879.88999999998
2026-06-11 21:06:00,25879.88999999998,25879.88999999998
2026-06-11 22:06:00,25879.88999999998,25879.88999999998
2026-06-11 23:06:00,25879.88999999998,25879.88999999998
2026-06-12 01:07:00,25879.88999999998,25879.88999999998
2026-06-12 02:07:00,25879.88999999998,25879.88999999998
2026-06-12 03:07:00,25879.88999999998,25879.88999999998
2026-06-12 04:07:00,25925.96999999998,26009.729999999974
2026-06-12 05:07:00,25923.569999999992,25923.569999999992
2026-06-12 06:07:00,25923.569999999992,25923.569999999992
2026-06-12 07:07:00,25923.569999999992,25923.569999999992
2026-06-12 08:07:00,25923.569999999992,25923.569999999992
2026-06-12 09:07:00,25923.569999999992,25923.569999999992
2026-06-12 10:07:00,25923.569999999992,25923.569999999992
2026-06-12 11:07:00,25923.569999999992,25923.569999999992
2026-06-12 12:07:00,25923.569999999992,25923.569999999992
2026-06-12 13:07:00,25923.569999999992,25923.569999999992
2026-06-12 14:07:00,25923.569999999992,25923.569999999992
2026-06-12 15:07:00,25923.569999999992,25923.569999999992
2026-06-12 16:07:00,25923.569999999992,25923.569999999992
2026-06-12 17:07:00,25923.569999999992,25923.569999999992
2026-06-12 18:07:00,25923.569999999992,25923.569999999992
2026-06-12 19:07:00,25923.569999999992,25923.569999999992
2026-06-12 20:07:00,25923.569999999992,25923.569999999992
2026-06-12 21:07:00,25923.569999999992,25923.569999999992
2026-06-12 22:07:00,25923.569999999992,25923.569999999992
2026-06-12 23:07:00,25923.569999999992,25923.569999999992
2026-06-15 01:08:00,25923.569999999992,25923.569999999992
2026-06-15 02:08:00,25923.569999999992,25923.569999999992
2026-06-15 03:08:00,25923.569999999992,25923.569999999992
2026-06-15 04:08:00,25923.569999999992,25923.569999999992
2026-06-15 05:08:00,25923.569999999992,25923.569999999992
2026-06-15 06:08:00,25923.569999999992,25923.569999999992
2026-06-15 07:08:00,25923.569999999992,25923.569999999992
2026-06-15 08:08:00,25923.569999999992,25923.569999999992
2026-06-15 09:08:00,25923.569999999992,25923.569999999992
2026-06-15 10:08:00,25923.569999999992,25923.569999999992
2026-06-15 11:08:00,25923.569999999992,25923.569999999992
2026-06-15 12:08:00,25923.569999999992,25923.569999999992
2026-06-15 13:08:00,25923.569999999992,25923.569999999992
2026-06-15 14:08:00,25923.569999999992,25923.569999999992
2026-06-15 15:08:00,25923.569999999992,25923.569999999992
2026-06-15 16:08:00,25923.569999999992,25923.569999999992
2026-06-15 17:08:00,25923.569999999992,25923.569999999992
2026-06-15 18:08:00,25923.569999999992,25923.569999999992
2026-06-15 19:08:00,25923.569999999992,25923.569999999992
2026-06-15 20:08:00,25923.569999999992,25923.569999999992
2026-06-15 21:08:00,25923.569999999992,25923.569999999992
2026-06-15 22:08:00,25923.569999999992,25923.569999999992
2026-06-15 23:08:00,25923.569999999992,25923.569999999992
2026-06-16 01:09:00,25923.569999999992,25923.569999999992
2026-06-16 02:09:00,25923.569999999992,25923.569999999992
2026-06-16 03:09:00,25923.569999999992,25923.569999999992
2026-06-16 04:09:00,25923.569999999992,25923.569999999992
2026-06-16 05:09:00,25923.569999999992,25923.569999999992
2026-06-16 06:09:00,25923.569999999992,25923.569999999992
2026-06-16 07:09:00,25923.569999999992,25923.569999999992
2026-06-16 08:09:00,25923.569999999992,25923.569999999992
2026-06-16 09:09:00,25923.569999999992,25923.569999999992
2026-06-16 10:09:00,25923.569999999992,25923.569999999992
2026-06-16 11:09:00,25923.569999999992,25923.569999999992
2026-06-16 12:09:00,25923.569999999992,25923.569999999992
2026-06-16 13:09:00,25923.569999999992,25923.569999999992
2026-06-16 14:09:00,25923.569999999992,25923.569999999992
2026-06-16 15:09:00,25923.569999999992,25923.569999999992
2026-06-16 16:09:00,25923.569999999992,25923.569999999992
2026-06-16 17:09:00,25923.569999999992,25923.569999999992
2026-06-16 18:09:00,25923.569999999992,25923.569999999992
2026-06-16 19:09:00,25920.48999999999,25955.569999999952
2026-06-16 20:09:00,25920.48999999999,26055.009999999962
2026-06-16 21:09:00,26147.609999999986,26184.929999999982
2026-06-16 22:09:00,26147.609999999986,26177.489999999983
2026-06-16 23:09:00,26147.609999999986,26281.28999999998
2026-06-17 01:10:00,26153.009999999987,26280.449999999986
2026-06-17 02:10:00,26153.009999999987,26244.929999999986
2026-06-17 03:10:00,26153.009999999987,26202.68999999999
2026-06-17 04:10:00,26151.809999999983,26151.809999999983
2026-06-17 05:10:00,26151.809999999983,26151.809999999983
2026-06-17 06:10:00,26151.809999999983,26151.809999999983
2026-06-17 07:10:00,26151.809999999983,26151.809999999983
2026-06-17 08:10:00,26151.809999999983,26151.809999999983
2026-06-17 09:10:00,26151.809999999983,26151.809999999983
2026-06-17 10:10:00,26151.809999999983,26151.809999999983
2026-06-17 11:10:00,26151.809999999983,26151.809999999983
2026-06-17 12:10:00,26151.809999999983,26151.809999999983
2026-06-17 13:10:00,26151.809999999983,26151.809999999983
2026-06-17 14:10:00,26151.809999999983,26151.809999999983
2026-06-17 15:10:00,26151.809999999983,26151.809999999983
2026-06-17 16:10:00,26151.809999999983,26151.809999999983
2026-06-17 17:10:00,26151.809999999983,26151.809999999983
2026-06-17 18:10:00,26151.809999999983,26151.809999999983
2026-06-17 19:10:00,26151.809999999983,26151.809999999983
2026-06-17 20:10:00,26151.809999999983,26151.809999999983
2026-06-17 21:10:00,26633.009999999987,27272.319999999985
2026-06-17 22:10:00,26973.209999999992,27434.04999999999
2026-06-17 23:10:00,27468.019999999993,27430.119999999995
2026-06-18 01:11:00,27465.519999999993,27481.719999999994
2026-06-18 02:11:00,27465.519999999993,27541.41999999999
2026-06-18 03:11:00,27493.819999999992,27626.05999999999
2026-06-18 04:11:00,27550.41999999999,27742.299999999992
2026-06-18 05:11:00,27550.41999999999,27742.23999999999
2026-06-18 06:11:00,27550.41999999999,27696.66999999999
2026-06-18 07:11:00,27548.249999999993,27755.359999999993
2026-06-18 08:11:00,27582.250000000007,27748.180000000008
2026-06-18 09:11:00,27582.250000000007,27694.990000000005
2026-06-18 10:11:00,27582.250000000007,27718.870000000006
2026-06-18 11:11:00,27581.06000000001,27586.67000000002
2026-06-18 12:11:00,27315.39000000001,27315.39000000001
2026-06-18 13:11:00,27315.39000000001,27315.39000000001
2026-06-18 14:11:00,27315.39000000001,27315.39000000001
2026-06-18 15:11:00,27315.39000000001,27315.39000000001
2026-06-18 16:11:00,27315.39000000001,27315.39000000001
2026-06-18 17:11:00,27315.39000000001,27315.39000000001
2026-06-18 18:11:00,27315.39000000001,27315.39000000001
2026-06-18 19:11:00,27315.39000000001,27315.39000000001
2026-06-18 20:11:00,27315.39000000001,27315.39000000001
2026-06-18 21:11:00,27315.39000000001,27315.39000000001
2026-06-18 22:11:00,27315.39000000001,27315.39000000001
2026-06-18 23:11:00,27315.39000000001,27315.39000000001
2026-06-19 01:12:00,27315.39000000001,27315.39000000001
2026-06-19 02:12:00,27315.39000000001,27315.39000000001
2026-06-19 03:12:00,27315.39000000001,27315.39000000001
2026-06-19 04:12:00,27315.39000000001,27315.39000000001
2026-06-19 05:12:00,27315.39000000001,27315.39000000001
2026-06-19 06:12:00,27315.39000000001,27315.39000000001
2026-06-19 07:12:00,27315.39000000001,27315.39000000001
2026-06-19 08:12:00,27314.76000000001,27284.160000000003
2026-06-19 09:12:00,27314.76000000001,27436.530000000006
2026-06-19 10:12:00,27344.26000000001,27514.780000000006
2026-06-19 11:12:00,27403.24000000001,27579.44000000001
2026-06-19 12:12:00,27491.72000000001,27597.170000000006
2026-06-19 13:12:00,27491.72000000001,27562.250000000007
2026-06-19 14:12:00,27491.72000000001,27536.840000000007
2026-06-19 15:12:00,27491.72000000001,27570.800000000007
2026-06-19 16:12:00,27491.72000000001,27612.65000000001
2026-06-19 17:12:00,27491.72000000001,27545.390000000007
2026-06-19 18:12:00,27491.72000000001,27545.960000000006
2026-06-19 19:12:00,27491.72000000001,27532.790000000008
2026-06-22 01:11:00,27517.97000000001,27517.97000000001
2026-06-22 02:11:00,27517.97000000001,27517.97000000001
2026-06-22 03:11:00,27517.97000000001,27517.97000000001
2026-06-22 04:11:00,27517.97000000001,27517.97000000001
2026-06-22 05:11:00,27245.649999999998,27245.649999999998
2026-06-22 06:11:00,27245.649999999998,27245.649999999998
2026-06-22 07:11:00,27245.649999999998,27245.649999999998
2026-06-22 08:11:00,27245.649999999998,27245.649999999998
2026-06-22 09:11:00,27245.649999999998,27245.649999999998
2026-06-22 10:11:00,27245.649999999998,27245.649999999998
2026-06-22 11:11:00,27245.649999999998,27245.649999999998
2026-06-22 12:11:00,27245.649999999998,27245.649999999998
2026-06-22 13:11:00,27245.649999999998,27245.649999999998
2026-06-22 14:11:00,27245.649999999998,27245.649999999998
2026-06-22 15:11:00,27245.649999999998,27245.649999999998
2026-06-22 16:11:00,27245.649999999998,27245.649999999998
2026-06-22 17:11:00,27245.649999999998,27245.649999999998
2026-06-22 18:11:00,27245.649999999998,27245.649999999998
2026-06-22 19:11:00,27245.649999999998,27245.649999999998
2026-06-22 20:11:00,27245.649999999998,27245.649999999998
2026-06-22 21:11:00,27245.649999999998,27245.649999999998
2026-06-22 22:11:00,27245.649999999998,27245.649999999998
2026-06-22 23:11:00,27245.649999999998,27245.649999999998
2026-06-23 01:12:00,27245.649999999998,27245.649999999998
2026-06-23 02:12:00,27245.649999999998,27245.649999999998
2026-06-23 03:12:00,27245.649999999998,27245.649999999998
2026-06-23 04:12:00,27245.649999999998,27245.649999999998
2026-06-23 05:12:00,27245.649999999998,27245.649999999998
2026-06-23 06:12:00,27245.649999999998,27245.649999999998
2026-06-23 07:12:00,27245.649999999998,27245.649999999998
2026-06-23 08:12:00,27245.649999999998,27245.649999999998
2026-06-23 09:12:00,27245.649999999998,27245.649999999998
2026-06-23 10:12:00,27245.649999999998,27245.649999999998
2026-06-23 11:12:00,27245.649999999998,27245.649999999998
2026-06-23 12:12:00,27245.649999999998,27245.649999999998
2026-06-23 13:12:00,27245.649999999998,27245.649999999998
2026-06-23 14:12:00,27245.649999999998,27245.649999999998
2026-06-23 15:12:00,27245.649999999998,27245.649999999998
2026-06-23 16:12:00,27245.649999999998,27245.649999999998
2026-06-23 17:12:00,27245.649999999998,27245.649999999998
2026-06-23 18:12:00,27245.649999999998,27245.649999999998
2026-06-23 19:12:00,27245.649999999998,27245.649999999998
2026-06-23 20:12:00,27245.649999999998,27245.649999999998
2026-06-23 21:12:00,27245.649999999998,27245.649999999998
2026-06-23 22:12:00,27245.649999999998,27245.649999999998
2026-06-23 23:12:00,27245.649999999998,27245.649999999998
2026-06-24 01:13:00,27245.649999999998,27245.649999999998
2026-06-24 02:13:00,27245.649999999998,27245.649999999998
2026-06-24 03:13:00,27245.649999999998,27245.649999999998
2026-06-24 04:13:00,27245.649999999998,27245.649999999998
2026-06-24 05:13:00,27245.649999999998,27245.649999999998
2026-06-24 06:13:00,27245.649999999998,27245.649999999998
2026-06-24 07:13:00,27245.649999999998,27245.649999999998
2026-06-24 08:13:00,27245.649999999998,27245.649999999998
2026-06-24 09:13:00,27245.649999999998,27245.649999999998
2026-06-24 10:13:00,27245.649999999998,27245.649999999998
2026-06-24 11:13:00,27245.649999999998,27245.649999999998
2026-06-24 12:13:00,27245.649999999998,27245.649999999998
2026-06-24 13:13:00,27245.649999999998,27245.649999999998
2026-06-24 14:13:00,27245.649999999998,27245.649999999998
2026-06-24 15:13:00,27245.649999999998,27245.649999999998
2026-06-24 16:13:00,27245.649999999998,27245.649999999998
2026-06-24 17:13:00,27245.649999999998,27245.649999999998
2026-06-24 18:13:00,27245.649999999998,27245.649999999998
2026-06-24 19:13:00,27245.649999999998,27245.649999999998
2026-06-24 20:13:00,27245.649999999998,27245.649999999998
2026-06-24 21:13:00,27245.649999999998,27245.649999999998
2026-06-24 22:13:00,27245.649999999998,27245.649999999998
2026-06-24 23:13:00,27245.649999999998,27245.649999999998
2026-06-25 01:14:00,27245.649999999998,27245.649999999998
2026-06-25 02:14:00,27245.649999999998,27245.649999999998
2026-06-25 03:14:00,27242.499999999996,27124.14999999999
2026-06-25 04:14:00,26902.749999999985,26902.749999999985
2026-06-25 05:14:00,26939.959999999977,26939.959999999977
2026-06-25 06:14:00,26939.959999999977,26939.959999999977
2026-06-25 07:14:00,26939.959999999977,26939.959999999977
2026-06-25 08:14:00,26939.959999999977,26939.959999999977
2026-06-25 09:14:00,26939.959999999977,26939.959999999977
2026-06-25 10:14:00,26939.959999999977,26939.959999999977
2026-06-25 11:14:00,26939.959999999977,26939.959999999977
2026-06-25 12:14:00,26939.959999999977,26939.959999999977
2026-06-25 13:14:00,26939.959999999977,26939.959999999977
2026-06-25 14:14:00,26939.959999999977,26939.959999999977
2026-06-25 15:14:00,26939.959999999977,26939.959999999977
2026-06-25 16:14:00,26939.959999999977,26939.959999999977
2026-06-25 17:14:00,26939.959999999977,26939.959999999977
2026-06-25 18:14:00,26939.959999999977,26939.959999999977
2026-06-25 19:14:00,26939.959999999977,26939.959999999977
2026-06-25 20:14:00,26939.959999999977,26939.959999999977
2026-06-25 21:14:00,26939.959999999977,26939.959999999977
2026-06-25 22:14:00,26939.959999999977,26939.959999999977
2026-06-25 23:14:00,26939.959999999977,26939.959999999977
2026-06-26 01:15:00,26939.959999999977,26939.959999999977
2026-06-26 02:15:00,26939.959999999977,26939.959999999977
2026-06-26 03:15:00,26937.85999999998,27059.05999999998
2026-06-26 04:15:00,26966.21999999998,26966.21999999998
2026-06-26 05:15:00,26966.21999999998,26966.21999999998
2026-06-26 06:15:00,26966.21999999998,26966.21999999998
2026-06-26 07:15:00,26966.21999999998,26966.21999999998
2026-06-26 08:15:00,26966.21999999998,26966.21999999998
2026-06-26 09:15:00,26966.21999999998,26966.21999999998
2026-06-26 10:15:00,26966.21999999998,26966.21999999998
2026-06-26 11:15:00,26966.21999999998,26966.21999999998
2026-06-26 12:15:00,26966.21999999998,26966.21999999998
2026-06-26 13:15:00,26966.21999999998,26966.21999999998
2026-06-26 14:15:00,26966.21999999998,26966.21999999998
2026-06-26 15:15:00,26966.21999999998,26966.21999999998
2026-06-26 16:15:00,26966.21999999998,26966.21999999998
2026-06-26 17:15:00,26966.21999999998,26966.21999999998
2026-06-26 18:15:00,26966.21999999998,26966.21999999998
2026-06-26 19:15:00,26966.21999999998,26966.21999999998
2026-06-26 20:15:00,26966.21999999998,26966.21999999998
2026-06-26 21:15:00,26966.21999999998,26966.21999999998
2026-06-26 22:15:00,26966.21999999998,26966.21999999998
2026-06-26 23:15:00,26966.21999999998,26966.21999999998
2026-06-29 01:16:00,26966.21999999998,26966.21999999998
2026-06-29 02:16:00,26991.55999999998,26991.55999999998
2026-06-29 03:16:00,26991.55999999998,26991.55999999998
2026-06-29 04:16:00,26991.55999999998,26991.55999999998
2026-06-29 05:16:00,26991.55999999998,26991.55999999998
2026-06-29 06:16:00,26991.55999999998,26991.55999999998
2026-06-29 07:16:00,26991.55999999998,26991.55999999998
2026-06-29 08:16:00,26991.55999999998,26991.55999999998
2026-06-29 09:16:00,26991.55999999998,26991.55999999998
2026-06-29 10:16:00,26991.55999999998,26991.55999999998
2026-06-29 11:16:00,26991.55999999998,26991.55999999998
2026-06-29 12:16:00,26726.309999999987,26726.309999999987
2026-06-29 13:16:00,26726.309999999987,26726.309999999987
2026-06-29 14:16:00,26726.309999999987,26726.309999999987
2026-06-29 15:16:00,26726.309999999987,26726.309999999987
2026-06-29 16:16:00,26726.309999999987,26726.309999999987
2026-06-29 17:16:00,26726.309999999987,26726.309999999987
2026-06-29 18:16:00,26726.309999999987,26726.309999999987
2026-06-29 19:16:00,26726.309999999987,26726.309999999987
2026-06-29 20:16:00,26726.309999999987,26726.309999999987
2026-06-29 21:16:00,26726.309999999987,26726.309999999987
2026-06-29 22:16:00,26726.309999999987,26726.309999999987
2026-06-29 23:16:00,26726.309999999987,26726.309999999987
2026-06-30 01:17:00,26726.309999999987,26726.309999999987
2026-06-30 02:17:00,26726.309999999987,26726.309999999987
2026-06-30 03:17:00,26726.309999999987,26726.309999999987
2026-06-30 04:17:00,26726.309999999987,26726.309999999987
2026-06-30 05:17:00,26726.309999999987,26726.309999999987
2026-06-30 06:17:00,26726.309999999987,26726.309999999987
2026-06-30 07:17:00,26726.309999999987,26726.309999999987
2026-06-30 08:17:00,26726.309999999987,26726.309999999987
2026-06-30 09:17:00,26726.309999999987,26726.309999999987
2026-06-30 10:17:00,26726.309999999987,26726.309999999987
2026-06-30 11:17:00,26726.309999999987,26726.309999999987
2026-06-30 12:17:00,26726.309999999987,26726.309999999987
2026-06-30 13:17:00,26726.309999999987,26726.309999999987
2026-06-30 14:17:00,26723.089999999986,26606.709999999977
2026-06-30 15:17:00,26384.98999999999,26384.98999999999
2026-06-30 16:17:00,26718.749999999985,27340.02999999998
2026-06-30 17:17:00,27688.729999999985,28059.649999999983
2026-06-30 18:17:00,27806.239999999983,27941.839999999982
2026-06-30 19:17:00,27942.40999999998,28079.28999999998
2026-06-30 20:17:00,27942.40999999998,28067.28999999998
2026-06-30 21:17:00,27942.40999999998,28098.88999999998
2026-06-30 22:17:00,27942.40999999998,28046.80999999998
2026-06-30 23:17:00,27998.999999999978,27998.999999999978
2026-07-01 01:18:00,27998.999999999978,27998.999999999978
2026-07-01 02:18:00,27998.999999999978,27998.999999999978
2026-07-01 03:18:00,27998.999999999978,27998.999999999978
2026-07-01 04:18:00,27721.239999999983,27721.239999999983
2026-07-01 05:18:00,27721.239999999983,27721.239999999983
2026-07-01 06:18:00,27721.239999999983,27721.239999999983
2026-07-01 07:18:00,27753.37999999999,27753.37999999999
2026-07-01 08:18:00,27753.37999999999,27753.37999999999
2026-07-01 09:18:00,27753.37999999999,27753.37999999999
2026-07-01 10:18:00,27753.37999999999,27753.37999999999
2026-07-01 11:18:00,27753.37999999999,27753.37999999999
2026-07-01 12:18:00,27753.37999999999,27753.37999999999
2026-07-01 13:18:00,27753.37999999999,27753.37999999999
2026-07-01 14:18:00,27753.37999999999,27753.37999999999
2026-07-01 15:18:00,27753.37999999999,27753.37999999999
2026-07-01 16:18:00,27850.49999999999,27950.099999999988
2026-07-01 17:18:00,28112.459999999992,28112.459999999992
2026-07-01 18:18:00,28112.459999999992,28112.459999999992
2026-07-01 19:18:00,28112.459999999992,28112.459999999992
2026-07-01 20:18:00,28112.459999999992,28112.459999999992
2026-07-01 21:18:00,28112.459999999992,28112.459999999992
2026-07-01 22:18:00,28112.459999999992,28112.459999999992
2026-07-01 23:18:00,28112.459999999992,28112.459999999992
2026-07-02 01:19:00,28110.77999999999,28195.979999999996
2026-07-02 02:19:00,28141.089999999993,28208.30999999999
2026-07-02 03:19:00,28281.729999999996,28281.729999999996
2026-07-02 04:19:00,28281.729999999996,28281.729999999996
2026-07-02 05:19:00,28420.41999999999,28420.41999999999
2026-07-02 06:19:00,28420.41999999999,28420.41999999999
2026-07-02 07:19:00,28420.41999999999,28420.41999999999
2026-07-02 08:19:00,28420.41999999999,28420.41999999999
2026-07-02 09:19:00,28420.41999999999,28420.41999999999
2026-07-02 10:19:00,28420.41999999999,28420.41999999999
2026-07-02 11:19:00,28420.41999999999,28420.41999999999
2026-07-02 12:19:00,28420.41999999999,28420.41999999999
2026-07-02 13:19:00,28420.41999999999,28420.41999999999
2026-07-02 14:19:00,28420.41999999999,28420.41999999999
2026-07-02 15:19:00,28420.41999999999,28420.41999999999
2026-07-02 16:19:00,28420.41999999999,28420.41999999999
2026-07-02 17:19:00,28562.829999999994,28562.829999999994
2026-07-02 18:19:00,28562.829999999994,28562.829999999994
2026-07-02 19:19:00,28562.829999999994,28562.829999999994
2026-07-02 20:19:00,28562.829999999994,28562.829999999994
2026-07-02 21:19:00,28562.829999999994,28562.829999999994
2026-07-02 22:19:00,28562.829999999994,28562.829999999994
2026-07-02 23:19:00,28562.829999999994,28562.829999999994
2026-07-03 01:20:00,28562.829999999994,28562.829999999994
2026-07-03 02:20:00,28562.829999999994,28562.829999999994
2026-07-03 03:20:00,28562.829999999994,28562.829999999994
2026-07-03 04:20:00,28562.829999999994,28562.829999999994
2026-07-03 05:20:00,28562.829999999994,28562.829999999994
2026-07-03 06:20:00,28562.829999999994,28562.829999999994
2026-07-03 07:20:00,28562.829999999994,28562.829999999994
2026-07-03 08:20:00,28562.829999999994,28562.829999999994
2026-07-03 09:20:00,28590.19999999997,28564.359999999964
2026-07-03 10:23:00,28623.47999999997,28682.759999999966
2026-07-03 11:23:00,28689.999999999967,28833.909999999967
2026-07-03 12:23:00,28689.999999999967,28744.359999999968
2026-07-03 13:23:00,28734.009999999962,28734.009999999962
2026-07-03 14:23:00,28734.009999999962,28734.009999999962
2026-07-03 15:23:00,28734.009999999962,28734.009999999962
2026-07-03 16:23:00,28734.009999999962,28734.009999999962
2026-07-03 17:23:00,28764.90999999996,28888.149999999954
2026-07-03 18:23:00,28931.309999999954,29039.809999999958
2026-07-03 19:23:00,28931.309999999954,28999.709999999955
2026-07-06 01:22:00,29139.309999999954,29139.309999999954
2026-07-06 02:22:00,29139.309999999954,29139.309999999954
2026-07-06 03:22:00,29139.309999999954,29139.309999999954
2026-07-06 04:22:00,29279.659999999953,29279.659999999953
2026-07-06 05:22:00,29279.659999999953,29279.659999999953
2026-07-06 06:22:00,29279.659999999953,29279.659999999953
2026-07-06 07:22:00,29279.659999999953,29279.659999999953
2026-07-06 08:22:00,29279.659999999953,29279.659999999953
2026-07-06 09:22:00,29279.659999999953,29279.659999999953
2026-07-06 10:22:00,29279.659999999953,29279.659999999953
2026-07-06 11:22:00,29279.659999999953,29279.659999999953
2026-07-06 12:22:00,29279.659999999953,29279.659999999953
2026-07-06 13:22:00,29279.659999999953,29279.659999999953
2026-07-06 14:22:00,29279.659999999953,29279.659999999953
2026-07-06 15:22:00,29279.659999999953,29279.659999999953
2026-07-06 16:22:00,29279.659999999953,29279.659999999953
2026-07-06 17:22:00,29279.659999999953,29279.659999999953
2026-07-06 18:22:00,29279.659999999953,29279.659999999953
2026-07-06 19:22:00,29279.659999999953,29279.659999999953
2026-07-06 20:22:00,29279.659999999953,29279.659999999953
2026-07-06 21:22:00,29279.659999999953,29279.659999999953
2026-07-06 22:22:00,29279.659999999953,29279.659999999953
2026-07-06 23:22:00,29279.659999999953,29279.659999999953
2026-07-07 01:23:00,29279.659999999953,29279.659999999953
2026-07-07 02:23:00,29279.659999999953,29279.659999999953
2026-07-07 03:23:00,29279.659999999953,29279.659999999953
2026-07-07 04:23:00,29279.659999999953,29279.659999999953
2026-07-07 05:23:00,29279.659999999953,29279.659999999953
2026-07-07 06:23:00,29279.659999999953,29279.659999999953
2026-07-07 07:23:00,29279.659999999953,29279.659999999953
2026-07-07 08:23:00,29279.659999999953,29279.659999999953
2026-07-07 09:23:00,29279.659999999953,29279.659999999953
2026-07-07 10:23:00,29279.659999999953,29279.659999999953
2026-07-07 11:23:00,29279.659999999953,29279.659999999953
2026-07-07 12:23:00,29279.659999999953,29279.659999999953
2026-07-07 13:23:00,29279.659999999953,29279.659999999953
2026-07-07 14:23:00,29279.659999999953,29279.659999999953
2026-07-07 15:23:00,29279.659999999953,29279.659999999953
2026-07-07 16:23:00,29279.659999999953,29279.659999999953
2026-07-07 17:23:00,29279.659999999953,29279.659999999953
2026-07-07 18:23:00,29279.659999999953,29279.659999999953
2026-07-07 19:23:00,29279.659999999953,29279.659999999953
2026-07-07 20:23:00,29279.659999999953,29279.659999999953
2026-07-07 21:23:00,29279.659999999953,29279.659999999953
2026-07-07 22:23:00,29279.659999999953,29279.659999999953
2026-07-07 23:23:00,29279.659999999953,29279.659999999953
2026-07-08 01:24:00,29279.659999999953,29279.659999999953
2026-07-08 02:24:00,29279.659999999953,29279.659999999953
2026-07-08 03:24:00,29279.659999999953,29279.659999999953
2026-07-08 04:24:00,29279.659999999953,29279.659999999953
2026-07-08 05:24:00,29279.659999999953,29279.659999999953
2026-07-08 06:24:00,29279.659999999953,29279.659999999953
2026-07-08 07:24:00,29279.659999999953,29279.659999999953
2026-07-08 08:24:00,29279.659999999953,29279.659999999953
2026-07-08 09:24:00,29279.659999999953,29279.659999999953
2026-07-08 10:24:00,29279.659999999953,29279.659999999953
2026-07-08 11:24:00,29279.659999999953,29279.659999999953
2026-07-08 12:24:00,29279.659999999953,29279.659999999953
2026-07-08 13:24:00,29279.659999999953,29279.659999999953
2026-07-08 14:24:00,29279.659999999953,29279.659999999953
2026-07-08 15:24:00,29279.659999999953,29279.659999999953
2026-07-08 16:24:00,29279.659999999953,29279.659999999953
2026-07-08 17:24:00,29279.659999999953,29279.659999999953
2026-07-08 18:24:00,29279.659999999953,29279.659999999953
2026-07-08 19:24:00,29279.659999999953,29279.659999999953
2026-07-08 20:24:00,29279.659999999953,29279.659999999953
2026-07-08 21:24:00,29279.659999999953,29279.659999999953
2026-07-08 22:24:00,29279.659999999953,29279.659999999953
2026-07-08 23:24:00,29279.659999999953,29279.659999999953
2026-07-09 01:25:00,29279.659999999953,29279.659999999953
2026-07-09 02:25:00,29279.659999999953,29279.659999999953
2026-07-09 03:25:00,29279.659999999953,29279.659999999953
2026-07-09 04:25:00,29279.659999999953,29279.659999999953
2026-07-09 05:25:00,29279.659999999953,29279.659999999953
2026-07-09 06:25:00,29277.769999999953,29332.84999999995
2026-07-09 07:25:00,29307.289999999957,29307.289999999957
2026-07-09 08:25:00,29338.21999999996,29448.019999999957
2026-07-09 09:25:00,29384.949999999975,29175.509999999966
2026-07-09 10:25:00,29384.949999999975,29047.469999999972
2026-07-09 11:25:00,29114.459999999974,28862.449999999975
2026-07-09 12:25:00,29114.459999999974,28930.429999999968
2026-07-09 13:25:00,29114.459999999974,28971.23999999997
2026-07-09 14:25:00,29153.869999999977,29163.409999999974
2026-07-09 15:25:00,29072.349999999973,29161.269999999975
2026-07-09 16:25:00,29339.019999999975,29339.019999999975
2026-07-09 17:25:00,29339.019999999975,29339.019999999975
2026-07-09 18:25:00,29339.019999999975,29339.019999999975
2026-07-09 19:25:00,29366.14999999995,29366.14999999995
2026-07-09 20:25:00,29366.14999999995,29366.14999999995
2026-07-09 21:25:00,29366.14999999995,29366.14999999995
2026-07-09 22:25:00,29366.14999999995,29366.14999999995
2026-07-09 23:25:00,29366.14999999995,29366.14999999995
2026-07-10 01:26:00,29366.14999999995,29366.14999999995
2026-07-10 02:26:00,29366.14999999995,29366.14999999995
2026-07-10 03:26:00,29366.14999999995,29366.14999999995
2026-07-10 04:26:00,29366.14999999995,29366.14999999995
2026-07-10 05:26:00,29366.14999999995,29366.14999999995
2026-07-10 06:26:00,29366.14999999995,29366.14999999995
2026-07-10 07:26:00,29366.14999999995,29366.14999999995
2026-07-10 08:26:00,29366.14999999995,29366.14999999995
2026-07-10 09:26:00,29366.14999999995,29366.14999999995
2026-07-10 10:26:00,29366.14999999995,29366.14999999995
2026-07-10 11:26:00,29366.14999999995,29366.14999999995
2026-07-10 12:26:00,29366.14999999995,29366.14999999995
2026-07-10 13:26:00,29366.14999999995,29366.14999999995
2026-07-10 14:26:00,29366.14999999995,29366.14999999995
2026-07-10 15:26:00,29366.14999999995,29366.14999999995
2026-07-10 16:26:00,29366.14999999995,29366.14999999995
2026-07-10 17:26:00,29366.14999999995,29366.14999999995
2026-07-10 18:26:00,29366.14999999995,29366.14999999995
2026-07-10 19:26:00,29366.14999999995,29366.14999999995
2026-07-10 20:26:00,29366.14999999995,29366.14999999995
2026-07-10 21:26:00,29366.14999999995,29366.14999999995
2026-07-10 22:26:00,29366.14999999995,29366.14999999995
2026-07-10 23:26:00,29366.14999999995,29366.14999999995
2026-07-13 01:27:00,29304.51,29304.51
2026-07-13 02:27:00,29304.51,29304.51
2026-07-13 03:27:00,29304.51,29304.51
2026-07-13 04:27:00,29304.51,29304.51
2026-07-13 05:27:00,29304.51,29304.51
2026-07-13 06:27:00,29304.51,29304.51
2026-07-13 07:27:00,29304.51,29304.51
2026-07-13 08:27:00,29347.189999999995,29531.659999999985
2026-07-13 09:27:00,29602.389999999992,29602.389999999992
2026-07-13 10:27:00,29602.389999999992,29602.389999999992
2026-07-13 11:27:00,29602.389999999992,29602.389999999992
2026-07-13 12:27:00,29602.389999999992,29602.389999999992
2026-07-13 13:27:00,29602.389999999992,29602.389999999992
2026-07-13 14:27:00,29602.389999999992,29602.389999999992
2026-07-13 15:27:00,29602.389999999992,29602.389999999992
2026-07-13 16:27:00,29602.389999999992,29602.389999999992
2026-07-13 17:27:00,29602.389999999992,29602.389999999992
2026-07-13 18:27:00,29602.389999999992,29602.389999999992
2026-07-13 19:27:00,29602.389999999992,29602.389999999992
2026-07-13 20:27:00,29602.389999999992,29602.389999999992
2026-07-13 21:27:00,29602.389999999992,29602.389999999992
2026-07-13 22:27:00,29602.389999999992,29602.389999999992
2026-07-13 23:27:00,29602.389999999992,29602.389999999992
2026-07-14 01:28:00,29602.389999999992,29602.389999999992
2026-07-14 02:28:00,29602.389999999992,29602.389999999992
2026-07-14 03:28:00,29602.389999999992,29602.389999999992
2026-07-14 04:28:00,29602.389999999992,29602.389999999992
2026-07-14 05:28:00,29602.389999999992,29602.389999999992
2026-07-14 06:28:00,29602.389999999992,29602.389999999992
2026-07-14 07:28:00,29602.389999999992,29602.389999999992
2026-07-14 08:28:00,29602.389999999992,29602.389999999992
2026-07-14 09:28:00,29602.389999999992,29602.389999999992
2026-07-14 10:28:00,29602.389999999992,29602.389999999992
2026-07-14 11:28:00,29602.389999999992,29602.389999999992
2026-07-14 12:28:00,29602.389999999992,29602.389999999992
2026-07-14 13:28:00,29602.389999999992,29602.389999999992
2026-07-14 14:28:00,29602.389999999992,29602.389999999992
2026-07-14 15:28:00,29602.389999999992,29602.389999999992
2026-07-14 16:28:00,29814.949999999997,29882.75
2026-07-14 17:28:00,29814.949999999997,29914.71
2026-07-14 18:28:00,29835.909999999996,29835.909999999996
2026-07-14 19:28:00,29835.419999999995,29774.519999999997
2026-07-14 20:28:00,29835.419999999995,29792.999999999996
2026-07-14 21:28:00,29835.419999999995,29758.769999999997
2026-07-14 22:28:00,29835.419999999995,29715.159999999996
2026-07-14 23:28:00,29835.419999999995,29724.959999999992
2026-07-15 01:29:00,29824.919999999995,29703.399999999994
2026-07-15 02:29:00,29824.919999999995,29719.499999999996
2026-07-15 03:29:00,29824.919999999995,29748.829999999994
2026-07-15 04:29:00,29824.919999999995,29722.789999999994
2026-07-15 05:29:00,29557.309999999998,29557.309999999998
2026-07-15 06:29:00,29557.309999999998,29557.309999999998
2026-07-15 07:29:00,29557.309999999998,29557.309999999998
2026-07-15 08:29:00,29557.309999999998,29557.309999999998
2026-07-15 09:29:00,29557.309999999998,29557.309999999998
2026-07-15 10:29:00,29557.309999999998,29557.309999999998
2026-07-15 11:29:00,29557.309999999998,29557.309999999998
2026-07-15 12:29:00,29557.309999999998,29557.309999999998
2026-07-15 13:29:00,29557.309999999998,29557.309999999998
2026-07-15 14:29:00,29557.309999999998,29557.309999999998
2026-07-15 15:29:00,29557.309999999998,29557.309999999998
2026-07-15 16:29:00,29557.309999999998,29557.309999999998
2026-07-15 17:29:00,29557.309999999998,29557.309999999998
2026-07-15 18:29:00,29594.360000000004,29594.360000000004
2026-07-15 19:29:00,29594.360000000004,29594.360000000004
2026-07-15 20:29:00,29594.360000000004,29594.360000000004
2026-07-15 21:29:00,29594.360000000004,29594.360000000004
2026-07-15 22:29:00,29848.790000000005,29984.750000000004
2026-07-15 23:29:00,29848.790000000005,29953.130000000005
2026-07-16 01:30:00,29886.76999999999,29990.08999999999
2026-07-16 02:30:00,29886.76999999999,30011.689999999988
2026-07-16 03:30:00,29886.76999999999,29997.94999999999
2026-07-16 04:30:00,29842.06999999999,29842.06999999999
2026-07-16 05:30:00,29842.06999999999,29842.06999999999
2026-07-16 06:30:00,29842.06999999999,29842.06999999999
2026-07-16 07:30:00,29842.06999999999,29842.06999999999
2026-07-16 08:30:00,29842.06999999999,29842.06999999999
2026-07-16 09:30:00,29842.06999999999,29842.06999999999
2026-07-16 10:30:00,29842.06999999999,29842.06999999999
2026-07-16 11:30:00,29842.06999999999,29842.06999999999
2026-07-16 12:30:00,29842.06999999999,29842.06999999999
2026-07-16 13:30:00,29842.06999999999,29842.06999999999
2026-07-16 14:30:00,29842.06999999999,29842.06999999999
2026-07-16 15:30:00,29842.06999999999,29842.06999999999
2026-07-16 16:30:00,29842.06999999999,29842.06999999999
2026-07-16 17:30:00,29842.06999999999,29842.06999999999
2026-07-16 18:30:00,29842.06999999999,29842.06999999999
2026-07-16 19:30:00,29539.03999999998,29539.03999999998
2026-07-16 20:30:00,29539.03999999998,29539.03999999998
2026-07-16 21:30:00,29539.03999999998,29539.03999999998
2026-07-16 22:30:00,29539.03999999998,29539.03999999998
2026-07-16 23:30:00,29539.03999999998,29539.03999999998
2026-07-17 01:31:00,29539.03999999998,29539.03999999998
2026-07-17 02:31:00,29539.03999999998,29539.03999999998
2026-07-17 03:31:00,29539.03999999998,29539.03999999998
2026-07-17 04:31:00,29539.03999999998,29539.03999999998
2026-07-17 05:31:00,29539.03999999998,29539.03999999998
2026-07-17 06:31:00,29539.03999999998,29539.03999999998
2026-07-17 07:31:00,29539.03999999998,29539.03999999998
2026-07-17 08:31:00,29539.03999999998,29539.03999999998
2026-07-17 09:31:00,29539.03999999998,29539.03999999998
2026-07-17 10:31:00,29539.03999999998,29539.03999999998
2026-07-17 11:31:00,29539.03999999998,29539.03999999998
2026-07-17 12:31:00,29539.03999999998,29539.03999999998
2026-07-17 13:31:00,29539.03999999998,29539.03999999998
2026-07-17 14:31:00,29539.03999999998,29539.03999999998
2026-07-17 15:31:00,29539.03999999998,29539.03999999998
2026-07-17 16:31:00,29539.03999999998,29539.03999999998
2026-07-17 17:31:00,29539.03999999998,29539.03999999998
2026-07-17 18:31:00,29539.03999999998,29539.03999999998
2026-07-17 19:31:00,29539.03999999998,29539.03999999998
2026-07-17 20:31:00,29539.03999999998,29539.03999999998
2026-07-17 21:31:00,29539.03999999998,29539.03999999998
2026-07-17 22:31:00,29539.03999999998,29539.03999999998
2026-07-17 23:31:00,29539.03999999998,29539.03999999998
2026-07-20 01:32:00,29539.03999999998,29539.03999999998
2026-07-20 02:32:00,29539.03999999998,29539.03999999998
2026-07-20 03:32:00,29534.13999999998,29646.27999999995
2026-07-20 04:32:00,28797.179999999986,28797.179999999986
2026-07-20 05:32:00,28797.179999999986,28797.179999999986
2026-07-20 06:32:00,28795.359999999986,28909.49999999998
2026-07-20 07:32:00,28795.359999999986,28821.879999999986
2026-07-20 08:32:00,28922.079999999984,29087.699999999983
2026-07-20 09:32:00,29048.79999999998,29217.039999999983
2026-07-20 10:32:00,29048.79999999998,29166.879999999983
2026-07-20 11:32:00,29081.75999999998,29081.75999999998
2026-07-20 12:32:00,29081.75999999998,29081.75999999998
2026-07-20 13:32:00,29081.75999999998,29081.75999999998
2026-07-20 14:32:00,29081.75999999998,29081.75999999998
2026-07-20 15:32:00,29081.75999999998,29081.75999999998
2026-07-20 16:32:00,29081.75999999998,29081.75999999998
2026-07-20 17:32:00,29081.75999999998,29081.75999999998
2026-07-20 18:32:00,29112.32999999998,29188.229999999985
2026-07-20 19:32:00,29109.329999999987,29109.329999999987
2026-07-20 20:32:00,29109.329999999987,29109.329999999987
2026-07-20 21:32:00,29109.329999999987,29109.329999999987
2026-07-20 22:32:00,29109.329999999987,29109.329999999987
2026-07-20 23:32:00,29109.329999999987,29109.329999999987
2026-07-21 01:33:00,29109.329999999987,29109.329999999987
2026-07-21 02:33:00,29109.329999999987,29109.329999999987
2026-07-21 03:33:00,29109.329999999987,29109.329999999987
2026-07-21 04:33:00,29109.329999999987,29109.329999999987
2026-07-21 05:33:00,29136.159999999967,29136.159999999967
2026-07-21 06:33:00,29136.159999999967,29136.159999999967
2026-07-21 07:33:00,29136.159999999967,29136.159999999967
2026-07-21 08:33:00,29136.159999999967,29136.159999999967
2026-07-21 09:33:00,29136.159999999967,29136.159999999967
2026-07-21 10:33:00,29136.159999999967,29136.159999999967
2026-07-21 11:33:00,29136.159999999967,29136.159999999967
2026-07-21 12:33:00,29136.159999999967,29136.159999999967
2026-07-21 13:33:00,29136.159999999967,29136.159999999967
2026-07-21 14:33:00,29136.159999999967,29136.159999999967
2026-07-21 15:33:00,29136.159999999967,29136.159999999967
2026-07-21 16:33:00,29136.159999999967,29136.159999999967
2026-07-21 17:33:00,29136.159999999967,29136.159999999967
2026-07-21 18:33:00,29136.159999999967,29136.159999999967
2026-07-21 19:33:00,29136.159999999967,29136.159999999967
2026-07-21 20:33:00,29136.159999999967,29136.159999999967
2026-07-21 21:33:00,29136.159999999967,29136.159999999967
2026-07-21 22:33:00,29136.159999999967,29136.159999999967
2026-07-21 23:33:00,29136.159999999967,29136.159999999967
2026-07-22 01:34:00,29136.159999999967,29136.159999999967
2026-07-22 02:34:00,29136.159999999967,29136.159999999967
2026-07-22 03:34:00,29136.159999999967,29136.159999999967
2026-07-22 04:34:00,29136.159999999967,29136.159999999967
2026-07-22 05:34:00,29136.159999999967,29136.159999999967
2026-07-22 06:34:00,29136.159999999967,29136.159999999967
2026-07-22 07:34:00,29136.159999999967,29136.159999999967
2026-07-22 08:34:00,29136.159999999967,29136.159999999967
2026-07-22 09:34:00,29136.159999999967,29136.159999999967
2026-07-22 10:34:00,29136.159999999967,29136.159999999967
2026-07-22 11:34:00,29165.149999999972,29279.269999999975
2026-07-22 12:34:00,29165.149999999972,29269.549999999974
2026-07-22 13:34:00,29165.149999999972,29296.189999999984
2026-07-22 14:34:00,29165.149999999972,29315.08999999999
2026-07-22 15:34:00,29318.249999999978,29447.36999999998
2026-07-22 16:34:00,29346.809999999983,29346.809999999983
2026-07-22 17:34:00,29346.809999999983,29346.809999999983
2026-07-22 18:34:00,29346.809999999983,29346.809999999983
2026-07-22 19:34:00,29346.809999999983,29346.809999999983
2026-07-22 20:34:00,29346.809999999983,29346.809999999983
2026-07-22 21:34:00,29346.809999999983,29346.809999999983
2026-07-22 22:34:00,29346.809999999983,29346.809999999983
2026-07-22 23:34:00,29346.809999999983,29346.809999999983
2026-07-23 01:35:00,29346.809999999983,29346.809999999983
2026-07-23 02:35:00,29346.809999999983,29346.809999999983
2026-07-23 03:35:00,29346.809999999983,29346.809999999983
2026-07-23 04:35:00,29346.809999999983,29346.809999999983
2026-07-23 05:35:00,29346.809999999983,29346.809999999983
2026-07-23 06:35:00,29346.809999999983,29346.809999999983
2026-07-23 07:35:00,29346.809999999983,29346.809999999983
2026-07-23 08:35:00,29346.809999999983,29346.809999999983
2026-07-23 09:35:00,29346.809999999983,29346.809999999983
2026-07-23 10:35:00,29346.809999999983,29346.809999999983
2026-07-23 11:35:00,29346.809999999983,29346.809999999983
2026-07-23 12:35:00,29346.809999999983,29346.809999999983
2026-07-23 13:35:00,29346.809999999983,29346.809999999983
2026-07-23 14:35:00,29346.809999999983,29346.809999999983
2026-07-23 15:35:00,29346.809999999983,29346.809999999983
2026-07-23 16:35:00,29346.809999999983,29346.809999999983
2026-07-23 17:35:00,29346.809999999983,29346.809999999983
2026-07-23 18:35:00,29346.809999999983,29346.809999999983
2026-07-23 19:35:00,29346.809999999983,29346.809999999983
2026-07-23 20:35:00,29346.809999999983,29346.809999999983
2026-07-23 21:35:00,29346.809999999983,29346.809999999983
2026-07-23 22:35:00,29346.809999999983,29346.809999999983
2026-07-23 23:35:00,29346.809999999983,29346.809999999983
2026-07-24 01:36:00,29346.809999999983,29346.809999999983
2026-07-24 02:36:00,29346.809999999983,29346.809999999983
2026-07-24 03:36:00,29346.809999999983,29346.809999999983
2026-07-24 04:36:00,29346.809999999983,29346.809999999983
2026-07-24 05:36:00,29346.809999999983,29346.809999999983
2026-07-24 06:36:00,29346.809999999983,29346.809999999983
2026-07-24 07:36:00,29346.809999999983,29346.809999999983
2026-07-24 08:36:00,29346.809999999983,29346.809999999983
2026-07-24 09:36:00,29346.809999999983,29346.809999999983
2026-07-24 10:36:00,29346.809999999983,29346.809999999983
2026-07-24 11:36:00,29346.809999999983,29346.809999999983
2026-07-24 12:36:00,29346.809999999983,29346.809999999983
2026-07-24 13:36:00,29346.809999999983,29346.809999999983
2026-07-24 14:36:00,29346.809999999983,29346.809999999983
2026-07-24 15:36:00,29346.809999999983,29346.809999999983
2026-07-24 16:36:00,29346.809999999983,29346.809999999983
2026-07-24 17:36:00,29346.809999999983,29346.809999999983
2026-07-24 18:36:00,29346.809999999983,29346.809999999983
2026-07-24 19:36:00,29377.309999999983,29377.309999999983
2026-07-24 20:36:00,29377.309999999983,29377.309999999983
2026-07-24 21:36:00,29377.309999999983,29377.309999999983
2026-07-24 22:36:00,29377.309999999983,29377.309999999983
2026-07-24 23:36:00,29377.309999999983,29377.309999999983
2026-07-27 01:37:00,29377.309999999983,29377.309999999983
2026-07-27 02:37:00,29377.309999999983,29377.309999999983
2026-07-27 03:37:00,29377.309999999983,29377.309999999983
2026-07-27 04:37:00,29377.309999999983,29377.309999999983
2026-07-27 05:37:00,29377.309999999983,29377.309999999983
2026-07-27 06:37:00,29377.309999999983,29377.309999999983
2026-07-27 07:37:00,29377.309999999983,29377.309999999983
2026-07-27 08:37:00,29377.309999999983,29377.309999999983
2026-07-27 09:37:00,29377.309999999983,29377.309999999983
2026-07-27 10:37:00,29377.309999999983,29377.309999999983
2026-07-27 11:37:00,29377.309999999983,29377.309999999983
2026-07-27 12:37:00,29377.309999999983,29377.309999999983
2026-07-27 13:37:00,29377.309999999983,29377.309999999983
2026-07-27 14:37:00,29377.309999999983,29377.309999999983
2026-07-27 15:37:00,29377.309999999983,29377.309999999983
2026-07-27 16:37:00,29377.309999999983,29377.309999999983
2026-07-27 17:37:00,29377.309999999983,29377.309999999983
2026-07-27 18:37:00,29377.309999999983,29377.309999999983
2026-07-27 19:37:00,29377.309999999983,29377.309999999983
2026-07-27 20:37:00,29377.309999999983,29377.309999999983
2026-07-27 21:37:00,29377.309999999983,29377.309999999983
2026-07-27 22:37:00,29377.309999999983,29377.309999999983
2026-07-27 23:37:00,29377.309999999983,29377.309999999983
2026-07-28 01:38:00,29377.309999999983,29377.309999999983
2026-07-28 02:38:00,29377.309999999983,29377.309999999983
2026-07-28 03:38:00,29377.309999999983,29377.309999999983
2026-07-28 04:38:00,29377.309999999983,29377.309999999983
2026-07-28 05:38:00,29377.309999999983,29377.309999999983
2026-07-28 06:38:00,29377.309999999983,29377.309999999983
2026-07-28 07:38:00,29377.309999999983,29377.309999999983
2026-07-28 08:38:00,29377.309999999983,29377.309999999983
2026-07-28 09:38:00,29377.309999999983,29377.309999999983
2026-07-28 10:38:00,29377.309999999983,29377.309999999983
2026-07-28 11:38:00,29377.309999999983,29377.309999999983
2026-07-28 12:38:00,29377.309999999983,29377.309999999983
2026-07-28 13:38:00,29377.309999999983,29377.309999999983
2026-07-28 14:38:00,29377.309999999983,29377.309999999983
2026-07-28 15:38:00,29377.309999999983,29377.309999999983
2026-07-28 16:38:00,29377.309999999983,29377.309999999983
2026-07-28 17:38:00,29377.309999999983,29377.309999999983
2026-07-28 18:38:00,29377.309999999983,29377.309999999983
2026-07-28 19:38:00,29377.309999999983,29377.309999999983
2026-07-28 20:38:00,29377.309999999983,29377.309999999983
2026-07-28 21:38:00,29377.309999999983,29377.309999999983
2026-07-28 22:38:00,29377.309999999983,29377.309999999983
2026-07-28 23:38:00,29377.309999999983,29377.309999999983
2026-07-29 01:39:00,29377.309999999983,29377.309999999983
2026-07-29 02:39:00,29377.309999999983,29377.309999999983
2026-07-29 03:39:00,29377.309999999983,29377.309999999983
2026-07-29 04:39:00,29377.309999999983,29377.309999999983
2026-07-29 05:39:00,29377.309999999983,29377.309999999983
2026-07-29 06:39:00,29377.309999999983,29377.309999999983
2026-07-29 07:39:00,29377.309999999983,29377.309999999983
2026-07-29 08:39:00,29377.309999999983,29377.309999999983
2026-07-29 09:39:00,29377.309999999983,29377.309999999983
2026-07-29 10:39:00,29377.309999999983,29377.309999999983
2026-07-29 11:39:00,29377.309999999983,29377.309999999983
2026-07-29 12:39:00,29377.309999999983,29377.309999999983
2026-07-29 13:39:00,29377.309999999983,29377.309999999983
2026-07-29 14:39:00,29377.309999999983,29377.309999999983
2026-07-29 15:39:00,29377.309999999983,29377.309999999983
2026-07-29 16:39:00,29377.309999999983,29377.309999999983
2026-07-29 17:39:00,29377.309999999983,29377.309999999983
2026-07-29 18:39:00,29377.309999999983,29377.309999999983
2026-07-29 19:39:00,29377.309999999983,29377.309999999983
2026-07-29 20:39:00,29377.309999999983,29377.309999999983
2026-07-29 21:39:00,29377.309999999983,29377.309999999983
2026-07-29 22:39:00,29377.309999999983,29377.309999999983
2026-07-29 23:39:00,29377.309999999983,29377.309999999983
2026-07-30 01:40:00,29377.309999999983,29377.309999999983
2026-07-30 02:40:00,29377.309999999983,29377.309999999983
2026-07-30 03:40:00,29377.309999999983,29377.309999999983
2026-07-30 04:40:00,29377.309999999983,29377.309999999983
2026-07-30 05:40:00,29377.309999999983,29377.309999999983
2026-07-30 06:40:00,29377.309999999983,29377.309999999983
2026-07-30 07:40:00,29377.309999999983,29377.309999999983
2026-07-30 08:40:00,29376.609999999982,29405.309999999983
2026-07-30 09:40:00,29376.609999999982,29407.40999999998
2026-07-30 10:40:00,29104.489999999998,29177.37
2026-07-30 11:40:00,29160.269999999997,29353.589999999997
2026-07-30 12:40:00,29160.269999999997,29351.849999999995
2026-07-30 13:40:00,29243.949999999997,29435.67
2026-07-30 14:40:00,29243.949999999997,29424.429999999997
2026-07-30 15:40:00,29243.949999999997,29409.469999999998
2026-07-30 16:40:00,29243.949999999997,29473.789999999997
2026-07-30 17:40:00,29522.829999999998,29522.829999999998
2026-07-30 18:40:00,29522.829999999998,29522.829999999998
2026-07-30 19:40:00,29522.829999999998,29522.829999999998
2026-07-30 20:40:00,29522.829999999998,29522.829999999998
2026-07-30 21:40:00,29522.829999999998,29522.829999999998
2026-07-30 22:40:00,29522.829999999998,29522.829999999998
2026-07-30 23:40:00,29522.829999999998,29522.829999999998
2026-07-31 01:41:00,29221.49,29221.49
2026-07-31 02:41:00,29221.49,29221.49
2026-07-31 03:41:00,29221.49,29221.49
2026-07-31 04:41:00,29221.49,29221.49
2026-07-31 05:41:00,29221.49,29221.49
2026-07-31 06:41:00,29221.49,29221.49
2026-07-31 07:41:00,29221.49,29221.49
2026-07-31 08:41:00,29221.49,29221.49
2026-07-31 09:41:00,29221.49,29221.49
2026-07-31 10:41:00,29221.49,29221.49
2026-07-31 11:41:00,29221.49,29221.49
2026-07-31 12:41:00,29221.49,29221.49
2026-07-31 13:41:00,29221.49,29221.49
2026-07-31 14:41:00,29221.49,29221.49
2026-07-31 15:41:00,29221.49,29221.49
2026-07-31 16:41:00,29221.49,29221.49
2026-07-31 17:41:00,29221.49,29221.49
2026-07-31 18:41:00,29221.49,29221.49
2026-07-31 19:41:00,29221.49,29221.49
2026-07-31 20:41:00,29221.49,29221.49
2026-07-31 21:41:00,29221.49,29221.49
2026-07-31 22:41:00,29221.49,29221.49
2026-07-31 23:41:00,29221.49,29221.49
2026-08-03 01:42:00,29221.49,29221.49
2026-08-03 02:42:00,29221.49,29221.49
2026-08-03 03:42:00,29221.49,29221.49
2026-08-03 04:42:00,29221.49,29221.49
2026-08-03 05:42:00,29221.49,29221.49
2026-08-03 06:42:00,29221.49,29221.49
2026-08-03 07:42:00,29221.49,29221.49
2026-08-03 08:42:00,29221.49,29221.49
2026-08-03 09:42:00,29221.49,29221.49
2026-08-03 10:42:00,29221.49,29221.49
2026-08-03 11:42:00,29221.49,29221.49
2026-08-03 12:42:00,29221.49,29221.49
2026-08-03 13:42:00,29221.49,29221.49
2026-08-03 14:42:00,29221.49,29221.49
2026-08-03 15:42:00,29221.49,29221.49
2026-08-03 16:42:00,29221.49,29221.49
2026-08-03 17:42:00,29221.49,29221.49
2026-08-03 18:42:00,29221.49,29221.49
2026-08-03 19:42:00,29221.49,29221.49
2026-08-03 20:42:00,29221.49,29221.49
2026-08-03 21:42:00,29221.49,29221.49
2026-08-03 22:42:00,29221.49,29221.49
2026-08-03 23:42:00,29221.49,29221.49
2026-08-04 01:43:00,29221.49,29221.49
2026-08-04 02:43:00,29221.49,29221.49
2026-08-04 03:43:00,29221.49,29221.49
2026-08-04 04:43:00,29221.49,29221.49
2026-08-04 05:43:00,29221.49,29221.49
2026-08-04 06:43:00,29221.49,29221.49
2026-08-04 07:43:00,29221.49,29221.49
2026-08-04 08:43:00,29221.49,29221.49
2026-08-04 09:43:00,29221.49,29221.49
2026-08-04 10:43:00,29221.49,29221.49
2026-08-04 11:43:00,29221.49,29221.49
2026-08-04 12:43:00,29221.49,29221.49
2026-08-04 13:43:00,29221.49,29221.49
2026-08-04 14:43:00,29221.49,29221.49
2026-08-04 15:43:00,29221.49,29221.49
2026-08-04 16:43:00,29221.49,29221.49
2026-08-04 17:43:00,29221.49,29221.49
2026-08-04 18:43:00,29221.49,29221.49
2026-08-04 19:43:00,29221.49,29221.49
2026-08-04 20:43:00,29221.49,29221.49
2026-08-04 21:43:00,29221.49,29221.49
2026-08-04 22:43:00,29221.49,29221.49
2026-08-04 23:43:00,29221.49,29221.49
2026-08-05 01:44:00,29221.49,29221.49
2026-08-05 02:44:00,29221.49,29221.49
2026-08-05 03:44:00,29221.49,29221.49
2026-08-05 04:44:00,29221.49,29221.49
2026-08-05 05:44:00,29221.49,29221.49
2026-08-05 06:44:00,29221.49,29221.49
2026-08-05 07:44:00,29221.49,29221.49
2026-08-05 08:44:00,29221.49,29221.49
2026-08-05 09:44:00,29221.49,29221.49
2026-08-05 10:44:00,29221.49,29221.49
2026-08-05 11:44:00,29221.49,29221.49
2026-08-05 12:44:00,29219.81,29241.890000000003
2026-08-05 13:44:00,29219.81,29170.609999999997
2026-08-05 14:44:00,29382.709999999992,29714.749999999993
2026-08-05 15:44:00,29599.849999999988,29824.90999999998
2026-08-05 16:44:00,29599.849999999988,29842.669999999984
2026-08-05 17:44:00,30034.129999999983,30034.129999999983
2026-08-05 18:44:00,30034.129999999983,30034.129999999983
2026-08-05 19:44:00,30201.02999999998,30614.189999999973
2026-08-05 20:44:00,30269.72999999998,30696.469999999983
2026-08-05 21:44:00,30449.72999999998,30918.72999999998
2026-08-05 22:44:00,30449.72999999998,30831.509999999987
2026-08-05 23:44:00,30449.72999999998,30723.429999999986
2026-08-06 01:45:00,30546.71999999997,30999.359999999957
2026-08-06 02:45:00,31280.729999999956,31854.599999999955
2026-08-06 03:45:00,31280.729999999956,31999.02999999996
2026-08-06 04:45:00,31640.729999999956,32010.569999999956
2026-08-06 05:45:00,31640.729999999956,31978.709999999955
2026-08-06 06:45:00,31640.729999999956,31852.589999999956
2026-08-06 07:45:00,31640.729999999956,31839.929999999957
2026-08-06 08:45:00,31640.729999999956,31878.749999999956
2026-08-06 09:45:00,31640.729999999956,31828.649999999954
2026-08-06 10:45:00,31640.729999999956,31806.509999999955
2026-08-06 11:45:00,31640.729999999956,31927.109999999953
2026-08-06 12:45:00,31640.729999999956,31934.669999999955
2026-08-06 13:45:00,31640.729999999956,31877.069999999956
2026-08-06 14:45:00,31640.729999999956,31829.969999999954
2026-08-06 15:45:00,31640.729999999956,31884.569999999956
2026-08-06 16:45:00,31325.469999999947,31582.509999999947
2026-08-06 17:45:00,31325.469999999947,31615.989999999947
2026-08-06 18:45:00,30530.75999999997,30677.639999999967
2026-08-06 19:45:00,30530.159999999967,30530.159999999967
2026-08-06 20:45:00,30530.159999999967,30530.159999999967
2026-08-06 21:45:00,30530.159999999967,30530.159999999967
2026-08-06 22:45:00,30530.159999999967,30530.159999999967
2026-08-06 23:45:00,30530.159999999967,30530.159999999967
2026-08-07 01:46:00,30530.159999999967,30530.159999999967
2026-08-07 02:46:00,30530.159999999967,30530.159999999967
2026-08-07 03:46:00,30530.159999999967,30530.159999999967
2026-08-07 04:46:00,30530.159999999967,30530.159999999967
2026-08-07 05:46:00,30530.159999999967,30530.159999999967
2026-08-07 06:46:00,30530.159999999967,30530.159999999967
2026-08-07 07:46:00,30530.159999999967,30530.159999999967
2026-08-07 08:46:00,30530.159999999967,30530.159999999967
2026-08-07 09:46:00,30530.159999999967,30530.159999999967
2026-08-07 10:46:00,30530.159999999967,30530.159999999967
2026-08-07 11:46:00,30530.159999999967,30530.159999999967
2026-08-07 12:46:00,30530.159999999967,30530.159999999967
2026-08-07 13:46:00,30530.159999999967,30530.159999999967
2026-08-07 14:46:00,30530.159999999967,30530.159999999967
2026-08-07 15:46:00,30530.159999999967,30530.159999999967
2026-08-07 16:46:00,30530.159999999967,30530.159999999967
2026-08-07 17:46:00,30530.159999999967,30530.159999999967
2026-08-07 18:46:00,30530.159999999967,30530.159999999967
2026-08-07 19:46:00,30530.159999999967,30530.159999999967
2026-08-07 20:46:00,30530.159999999967,30530.159999999967
2026-08-07 21:46:00,30530.159999999967,30530.159999999967
2026-08-07 22:46:00,30530.159999999967,30530.159999999967
2026-08-07 23:46:00,30530.159999999967,30530.159999999967
2026-08-10 01:47:00,30530.159999999967,30530.159999999967
2026-08-10 02:47:00,30530.159999999967,30530.159999999967
2026-08-10 03:47:00,30530.159999999967,30530.159999999967
2026-08-10 04:47:00,30526.029999999962,30076.269999999997
2026-08-10 05:47:00,30565.409999999963,30702.029999999962
2026-08-10 06:47:00,30648.929999999968,30850.06999999999
2026-08-10 07:47:00,30766.579999999976,31239.739999999965
2026-08-10 08:47:00,31005.529999999977,31672.01999999998
2026-08-10 09:47:00,31005.529999999977,32059.109999999993
2026-08-10 10:47:00,31179.42999999998,32155.709999999977
2026-08-10 11:47:00,31179.42999999998,31833.989999999983
2026-08-10 12:47:00,31179.42999999998,31718.909999999993
2026-08-10 13:47:00,31179.42999999998,31550.069999999974
2026-08-10 14:47:00,31179.42999999998,31495.189999999973
2026-08-10 15:47:00,31177.22999999999,31223.189999999988
2026-08-10 16:47:00,31177.22999999999,31209.509999999987
2026-08-10 17:47:00,31176.62999999999,31176.62999999999
2026-08-10 18:47:00,31176.62999999999,31176.62999999999
2026-08-10 19:47:00,31176.62999999999,31176.62999999999
2026-08-10 20:47:00,31176.62999999999,31176.62999999999
2026-08-10 21:47:00,31176.62999999999,31176.62999999999
2026-08-10 22:47:00,31176.62999999999,31176.62999999999
2026-08-10 23:47:00,31176.62999999999,31176.62999999999
2026-08-11 01:48:00,31176.62999999999,31176.62999999999
2026-08-11 02:48:00,31176.62999999999,31176.62999999999
2026-08-11 03:48:00,31176.62999999999,31176.62999999999
2026-08-11 04:48:00,30858.90999999999,30858.90999999999
2026-08-11 05:48:00,30858.90999999999,30858.90999999999
2026-08-11 06:48:00,30913.569999999992,31022.65
2026-08-11 07:48:00,30911.769999999997,30911.769999999997
2026-08-11 08:48:00,30911.769999999997,30911.769999999997
2026-08-11 09:48:00,30911.769999999997,30911.769999999997
2026-08-11 10:48:00,30911.769999999997,30911.769999999997
2026-08-11 11:48:00,30911.769999999997,30911.769999999997
2026-08-11 12:48:00,30911.769999999997,30911.769999999997
2026-08-11 13:48:00,30911.769999999997,30911.769999999997
2026-08-11 14:48:00,30911.769999999997,30911.769999999997
2026-08-11 15:48:00,30911.769999999997,30911.769999999997
2026-08-11 16:48:00,30911.769999999997,30911.769999999997
2026-08-11 17:48:00,30911.769999999997,30911.769999999997
2026-08-11 18:48:00,30911.769999999997,30911.769999999997
2026-08-11 19:48:00,30911.769999999997,30911.769999999997
2026-08-11 20:48:00,30911.769999999997,30911.769999999997
2026-08-11 21:48:00,30911.769999999997,30911.769999999997
2026-08-11 22:48:00,30911.769999999997,30911.769999999997
2026-08-11 23:48:00,30911.769999999997,30911.769999999997
2026-08-12 01:49:00,30911.769999999997,30911.769999999997
2026-08-12 02:49:00,30911.769999999997,30911.769999999997
2026-08-12 03:49:00,30911.769999999997,30911.769999999997
2026-08-12 04:49:00,30911.769999999997,30911.769999999997
2026-08-12 05:49:00,30911.769999999997,30911.769999999997
2026-08-12 06:49:00,30911.769999999997,30911.769999999997
2026-08-12 07:49:00,30911.769999999997,30911.769999999997
2026-08-12 08:49:00,31038.249999999978,31038.249999999978
2026-08-12 09:49:00,31038.249999999978,31038.249999999978
2026-08-12 10:49:00,31038.249999999978,31038.249999999978
2026-08-12 11:49:00,31038.249999999978,31038.249999999978
2026-08-12 12:49:00,31038.249999999978,31038.249999999978
2026-08-12 13:49:00,31038.249999999978,31038.249999999978
2026-08-12 14:49:00,31038.249999999978,31038.249999999978
2026-08-12 15:49:00,31338.039999999994,31338.039999999994
2026-08-12 16:49:00,31338.039999999994,31338.039999999994
2026-08-12 17:49:00,31338.039999999994,31338.039999999994
2026-08-12 18:49:00,31338.039999999994,31338.039999999994
2026-08-12 19:49:00,31338.039999999994,31338.039999999994
2026-08-12 20:49:00,31338.039999999994,31338.039999999994
2026-08-12 21:49:00,31338.039999999994,31338.039999999994
2026-08-12 22:49:00,31338.039999999994,31338.039999999994
2026-08-12 23:49:00,31338.039999999994,31338.039999999994
2026-08-13 01:50:00,31338.039999999994,31338.039999999994
2026-08-13 02:50:00,31338.039999999994,31338.039999999994
2026-08-13 03:50:00,31338.039999999994,31338.039999999994
2026-08-13 04:50:00,31338.039999999994,31338.039999999994
2026-08-13 05:50:00,31338.039999999994,31338.039999999994
2026-08-13 06:50:00,31338.039999999994,31338.039999999994
2026-08-13 07:50:00,31338.039999999994,31338.039999999994
2026-08-13 08:50:00,31338.039999999994,31338.039999999994
2026-08-13 09:50:00,31338.039999999994,31338.039999999994
2026-08-13 10:50:00,31338.039999999994,31338.039999999994
2026-08-13 11:50:00,31338.039999999994,31338.039999999994
2026-08-13 12:50:00,31338.039999999994,31338.039999999994
2026-08-13 13:50:00,31338.039999999994,31338.039999999994
2026-08-13 14:50:00,31338.039999999994,31338.039999999994
2026-08-13 15:50:00,31472.680000000004,31472.680000000004
2026-08-13 16:50:00,31472.680000000004,31472.680000000004
2026-08-13 17:50:00,31472.680000000004,31472.680000000004
2026-08-13 18:50:00,31472.680000000004,31472.680000000004
2026-08-13 19:50:00,31472.680000000004,31472.680000000004
2026-08-13 20:50:00,31472.680000000004,31472.680000000004
2026-08-13 21:50:00,31472.680000000004,31472.680000000004
2026-08-13 22:50:00,31472.680000000004,31472.680000000004
2026-08-13 23:50:00,31472.680000000004,31472.680000000004
2026-08-14 01:51:00,31472.680000000004,31472.680000000004
2026-08-14 02:51:00,31472.680000000004,31472.680000000004
2026-08-14 03:51:00,31472.680000000004,31472.680000000004
2026-08-14 04:51:00,31472.680000000004,31472.680000000004
2026-08-14 05:51:00,31472.680000000004,31472.680000000004
2026-08-14 06:51:00,31472.680000000004,31472.680000000004
2026-08-14 07:51:00,31472.680000000004,31472.680000000004
2026-08-14 08:51:00,31472.680000000004,31472.680000000004
2026-08-14 09:51:00,31472.680000000004,31472.680000000004
2026-08-14 10:51:00,31472.680000000004,31472.680000000004
2026-08-14 11:51:00,31472.680000000004,31472.680000000004
2026-08-14 12:51:00,31472.680000000004,31472.680000000004
2026-08-14 13:51:00,31472.680000000004,31472.680000000004
2026-08-14 14:51:00,31472.680000000004,31472.680000000004
2026-08-14 15:51:00,31472.680000000004,31472.680000000004
2026-08-14 16:51:00,31470.790000000005,31530.72999999999
2026-08-14 17:51:00,31510.630000000012,31510.630000000012
2026-08-14 18:51:00,31510.630000000012,31510.630000000012
2026-08-14 19:51:00,31510.630000000012,31510.630000000012
2026-08-14 20:51:00,31510.630000000012,31510.630000000012
2026-08-14 21:51:00,31510.630000000012,31510.630000000012
2026-08-14 22:51:00,31510.630000000012,31510.630000000012
2026-08-14 23:51:00,31510.630000000012,31510.630000000012
2026-08-17 01:52:00,31510.630000000012,31510.630000000012
2026-08-17 02:52:00,31510.630000000012,31510.630000000012
2026-08-17 03:52:00,31510.630000000012,31510.630000000012
2026-08-17 04:52:00,31510.630000000012,31510.630000000012
2026-08-17 05:52:00,31510.630000000012,31510.630000000012
2026-08-17 06:52:00,31510.630000000012,31510.630000000012
2026-08-17 07:52:00,31510.630000000012,31510.630000000012
2026-08-17 08:52:00,31510.630000000012,31510.630000000012
2026-08-17 09:52:00,31510.630000000012,31510.630000000012
2026-08-17 10:52:00,31510.630000000012,31510.630000000012
2026-08-17 11:52:00,31510.630000000012,31510.630000000012
2026-08-17 12:52:00,31510.630000000012,31510.630000000012
2026-08-17 13:52:00,31510.630000000012,31510.630000000012
2026-08-17 14:52:00,31510.630000000012,31510.630000000012
2026-08-17 15:52:00,31695.78999999997,31668.249999999975
2026-08-17 16:52:00,31801.949999999968,31954.409999999963
2026-08-17 17:52:00,31908.109999999968,32072.759999999966
2026-08-17 18:52:00,31908.109999999968,32098.75999999997
2026-08-17 19:52:00,31908.109999999968,32092.50999999997
2026-08-17 20:52:00,31908.109999999968,32067.309999999965
2026-08-17 21:52:00,31908.109999999968,32012.859999999968
2026-08-17 22:52:00,31908.109999999968,32066.80999999997
2026-08-17 23:52:00,31908.109999999968,32055.259999999966
2026-08-18 01:53:00,31905.609999999968,32044.909999999967
2026-08-18 02:53:00,31905.609999999968,32091.759999999966
2026-08-18 03:53:00,32126.759999999966,32126.759999999966
2026-08-18 04:53:00,32126.759999999966,32126.759999999966
2026-08-18 05:53:00,32126.759999999966,32126.759999999966
2026-08-18 06:53:00,32126.759999999966,32126.759999999966
2026-08-18 07:53:00,32126.759999999966,32126.759999999966
2026-08-18 08:53:00,32126.759999999966,32126.759999999966
2026-08-18 09:53:00,32126.759999999966,32126.759999999966
2026-08-18 10:53:00,32126.759999999966,32126.759999999966
2026-08-18 11:53:00,32126.759999999966,32126.759999999966
2026-08-18 12:53:00,32126.759999999966,32126.759999999966
2026-08-18 13:53:00,32126.759999999966,32126.759999999966
2026-08-18 14:53:00,32126.759999999966,32126.759999999966
2026-08-18 15:53:00,32126.759999999966,32126.759999999966
2026-08-18 16:53:00,32126.759999999966,32126.759999999966
2026-08-18 17:53:00,32194.939999999973,32194.939999999973
2026-08-18 18:53:00,32194.939999999973,32194.939999999973
2026-08-18 19:53:00,32194.939999999973,32194.939999999973
2026-08-18 20:53:00,32194.939999999973,32194.939999999973
2026-08-18 21:53:00,32194.939999999973,32194.939999999973
2026-08-18 22:53:00,32194.939999999973,32194.939999999973
2026-08-18 23:53:00,32194.939999999973,32194.939999999973
2026-08-19 01:54:00,32194.939999999973,32194.939999999973
2026-08-19 02:54:00,32194.939999999973,32194.939999999973
2026-08-19 03:54:00,32194.939999999973,32194.939999999973
2026-08-19 04:54:00,32228.06999999996,32228.06999999996
2026-08-19 05:54:00,32228.06999999996,32228.06999999996
2026-08-19 06:54:00,32228.06999999996,32228.06999999996
2026-08-19 07:54:00,32228.06999999996,32228.06999999996
2026-08-19 08:54:00,32228.06999999996,32228.06999999996
2026-08-19 09:54:00,32228.06999999996,32228.06999999996
2026-08-19 10:54:00,32228.06999999996,32228.06999999996
2026-08-19 11:54:00,32228.06999999996,32228.06999999996
2026-08-19 12:54:00,32228.06999999996,32228.06999999996
2026-08-19 13:54:00,32228.06999999996,32228.06999999996
2026-08-19 14:54:00,32228.06999999996,32228.06999999996
2026-08-19 15:54:00,31591.099999999944,31591.099999999944
2026-08-19 16:54:00,31591.099999999944,31591.099999999944
2026-08-19 17:54:00,31591.099999999944,31591.099999999944
2026-08-19 18:54:00,31591.099999999944,31591.099999999944
2026-08-19 19:54:00,31591.099999999944,31591.099999999944
2026-08-19 20:54:00,31591.099999999944,31591.099999999944
2026-08-19 21:54:00,31591.099999999944,31591.099999999944
2026-08-19 22:54:00,31591.099999999944,31591.099999999944
2026-08-19 23:54:00,31591.099999999944,31591.099999999944
2026-08-20 01:55:00,31591.099999999944,31591.099999999944
2026-08-20 02:55:00,31641.019999999982,31641.019999999982
2026-08-20 03:55:00,31641.019999999982,31641.019999999982
2026-08-20 04:55:00,31637.65999999998,31555.889999999985
2026-08-20 05:55:00,31721.67999999997,31806.039999999964
2026-08-20 06:55:00,31721.67999999997,31959.17999999997
2026-08-20 07:55:00,31719.779999999962,31719.779999999962
2026-08-20 08:55:00,31719.779999999962,31719.779999999962
2026-08-20 09:55:00,31719.779999999962,31719.779999999962
2026-08-20 10:55:00,31719.779999999962,31719.779999999962
2026-08-20 11:55:00,31719.779999999962,31719.779999999962
2026-08-20 12:55:00,31719.779999999962,31719.779999999962
2026-08-20 13:55:00,31719.779999999962,31719.779999999962
2026-08-20 14:55:00,31719.779999999962,31719.779999999962
2026-08-20 15:55:00,31719.779999999962,31719.779999999962
2026-08-20 16:55:00,31719.779999999962,31719.779999999962
2026-08-20 17:55:00,31719.779999999962,31719.779999999962
2026-08-20 18:55:00,31719.779999999962,31719.779999999962
2026-08-20 19:55:00,31719.779999999962,31719.779999999962
2026-08-20 20:55:00,31719.779999999962,31719.779999999962
2026-08-20 21:55:00,31719.779999999962,31719.779999999962
2026-08-20 22:55:00,31719.779999999962,31719.779999999962
2026-08-20 23:55:00,31719.779999999962,31719.779999999962
2026-08-21 01:56:00,31719.779999999962,31719.779999999962
2026-08-21 02:56:00,31719.779999999962,31719.779999999962
2026-08-21 03:56:00,31719.779999999962,31719.779999999962
2026-08-21 04:56:00,31719.779999999962,31719.779999999962
2026-08-21 05:56:00,31719.779999999962,31719.779999999962
2026-08-21 06:56:00,31717.39999999996,31772.819999999934
2026-08-21 07:56:00,31847.959999999952,32028.85999999994
2026-08-21 08:56:00,31846.159999999945,31846.159999999945
2026-08-21 09:56:00,31846.159999999945,31846.159999999945
2026-08-21 10:56:00,31846.159999999945,31846.159999999945
2026-08-21 11:56:00,31846.159999999945,31846.159999999945
2026-08-21 12:56:00,31846.159999999945,31846.159999999945
2026-08-21 13:56:00,31846.159999999945,31846.159999999945
2026-08-21 14:56:00,31846.159999999945,31846.159999999945
2026-08-21 15:56:00,31884.23999999991,31884.23999999991
2026-08-21 16:56:00,31884.23999999991,31884.23999999991
2026-08-21 17:56:00,31884.23999999991,31884.23999999991
2026-08-21 18:56:00,31884.23999999991,31884.23999999991
2026-08-21 19:56:00,31884.23999999991,31884.23999999991
2026-08-21 20:56:00,31884.23999999991,31884.23999999991
2026-08-21 21:56:00,31884.23999999991,31884.23999999991
2026-08-21 22:56:00,31884.23999999991,31884.23999999991
2026-08-21 23:56:00,31884.23999999991,31884.23999999991
2026-08-24 01:57:00,31884.23999999991,31884.23999999991
2026-08-24 02:57:00,31884.23999999991,31884.23999999991
2026-08-24 03:57:00,31882.83999999991,31791.439999999915
2026-08-24 04:57:00,31565.639999999912,31565.639999999912
2026-08-24 05:57:00,31565.639999999912,31565.639999999912
2026-08-24 06:57:00,31565.639999999912,31565.639999999912
2026-08-24 07:57:00,31565.639999999912,31565.639999999912
2026-08-24 08:57:00,31565.639999999912,31565.639999999912
2026-08-24 09:57:00,31565.639999999912,31565.639999999912
2026-08-24 10:57:00,31565.639999999912,31565.639999999912
2026-08-24 11:57:00,31565.639999999912,31565.639999999912
2026-08-24 12:57:00,31565.639999999912,31565.639999999912
2026-08-24 13:57:00,31565.639999999912,31565.639999999912
2026-08-24 14:57:00,31565.639999999912,31565.639999999912
2026-08-24 15:57:00,31565.639999999912,31565.639999999912
2026-08-24 16:57:00,31565.639999999912,31565.639999999912
2026-08-24 17:57:00,31565.639999999912,31565.639999999912
2026-08-24 18:57:00,31565.639999999912,31565.639999999912
2026-08-24 19:57:00,31565.639999999912,31565.639999999912
2026-08-24 20:57:00,31565.639999999912,31565.639999999912
2026-08-24 21:57:00,31724.249999999924,31724.249999999924
2026-08-24 22:57:00,31724.249999999924,31724.249999999924
2026-08-24 23:57:00,31724.249999999924,31724.249999999924
2026-08-25 01:58:00,31724.249999999924,31724.249999999924
2026-08-25 02:58:00,31724.249999999924,31724.249999999924
2026-08-25 03:58:00,31724.249999999924,31724.249999999924
2026-08-25 04:58:00,31724.249999999924,31724.249999999924
2026-08-25 05:58:00,31724.249999999924,31724.249999999924
2026-08-25 06:58:00,31724.249999999924,31724.249999999924
2026-08-25 07:58:00,31724.249999999924,31724.249999999924
2026-08-25 08:58:00,31724.249999999924,31724.249999999924
2026-08-25 09:58:00,31724.249999999924,31724.249999999924
2026-08-25 10:58:00,31724.249999999924,31724.249999999924
2026-08-25 11:58:00,31724.249999999924,31724.249999999924
2026-08-25 12:58:00,31724.249999999924,31724.249999999924
2026-08-25 13:58:00,31724.249999999924,31724.249999999924
2026-08-25 14:58:00,31724.249999999924,31724.249999999924
2026-08-25 15:58:00,31724.249999999924,31724.249999999924
2026-08-25 16:58:00,31724.249999999924,31724.249999999924
2026-08-25 17:58:00,31724.249999999924,31724.249999999924
2026-08-25 18:58:00,31723.549999999923,31752.949999999917
2026-08-25 19:58:00,31723.549999999923,31849.549999999927
2026-08-25 20:58:00,31759.549999999923,31808.269999999924
2026-08-25 21:58:00,31758.74999999993,31758.74999999993
2026-08-25 22:58:00,31758.74999999993,31758.74999999993
2026-08-25 23:58:00,31758.74999999993,31758.74999999993
2026-08-26 01:59:00,31758.74999999993,31758.74999999993
2026-08-26 02:59:00,31758.74999999993,31758.74999999993
2026-08-26 03:59:00,31758.74999999993,31758.74999999993
2026-08-26 04:59:00,31758.74999999993,31758.74999999993
2026-08-26 05:59:00,31758.74999999993,31758.74999999993
2026-08-26 06:59:00,31758.74999999993,31758.74999999993
2026-08-26 07:59:00,31758.74999999993,31758.74999999993
2026-08-26 08:59:00,31758.74999999993,31758.74999999993
2026-08-26 09:59:00,31758.74999999993,31758.74999999993
2026-08-26 10:59:00,31758.74999999993,31758.74999999993
2026-08-26 11:59:00,31801.23999999993,31905.079999999914
2026-08-26 12:59:00,31799.039999999917,31799.039999999917
2026-08-26 13:59:00,31799.039999999917,31799.039999999917
2026-08-26 14:59:00,31799.039999999917,31799.039999999917
2026-08-26 15:59:00,31799.039999999917,31799.039999999917
2026-08-26 16:59:00,31799.039999999917,31799.039999999917
2026-08-26 17:59:00,31799.039999999917,31799.039999999917
2026-08-26 18:59:00,31799.039999999917,31799.039999999917
2026-08-26 19:59:00,31799.039999999917,31799.039999999917
2026-08-26 20:59:00,31799.039999999917,31799.039999999917
2026-08-26 21:59:00,31799.039999999917,31799.039999999917
2026-08-26 22:59:00,31799.039999999917,31799.039999999917
2026-08-27 01:00:00,31799.039999999917,31799.039999999917
2026-08-27 02:00:00,31797.989999999918,31810.439999999915
2026-08-27 03:00:00,31797.989999999918,31592.939999999915
2026-08-27 04:00:00,31797.989999999918,31879.28999999992
2026-08-27 05:00:00,31492.139999999912,31492.139999999912
2026-08-27 06:00:00,31492.139999999912,31492.139999999912
2026-08-27 07:00:00,31492.139999999912,31492.139999999912
2026-08-27 08:00:00,31492.139999999912,31492.139999999912
2026-08-27 09:00:00,31093.709999999905,31093.709999999905
2026-08-27 10:00:00,31093.709999999905,31093.709999999905
2026-08-27 11:00:00,31093.709999999905,31093.709999999905
2026-08-27 12:00:00,31093.709999999905,31093.709999999905
2026-08-27 13:00:00,31093.709999999905,31093.709999999905
2026-08-27 14:00:00,31093.709999999905,31093.709999999905
2026-08-27 15:00:00,31093.709999999905,31093.709999999905
2026-08-27 16:00:00,31093.709999999905,31093.709999999905
2026-08-27 17:00:00,31131.15999999993,31131.15999999993
2026-08-27 18:00:00,31131.15999999993,31131.15999999993
2026-08-27 19:00:00,31131.15999999993,31131.15999999993
2026-08-27 20:00:00,31131.15999999993,31131.15999999993
2026-08-27 21:00:00,31131.15999999993,31131.15999999993
2026-08-27 22:00:00,31131.15999999993,31131.15999999993
2026-08-27 23:00:00,31131.15999999993,31131.15999999993
2026-08-28 01:01:00,31131.15999999993,31131.15999999993
2026-08-28 02:01:00,31131.15999999993,31131.15999999993
2026-08-28 03:01:00,31127.93999999993,31130.699999999946
2026-08-28 04:01:00,31161.509999999947,31161.509999999947
2026-08-28 05:01:00,31161.509999999947,31161.509999999947
2026-08-28 06:01:00,31161.509999999947,31161.509999999947
2026-08-28 07:01:00,31161.509999999947,31161.509999999947
2026-08-28 08:01:00,31161.509999999947,31161.509999999947
2026-08-28 09:01:00,31161.509999999947,31161.509999999947
2026-08-28 10:01:00,31161.509999999947,31161.509999999947
2026-08-28 11:01:00,31161.509999999947,31161.509999999947
2026-08-28 12:01:00,31161.509999999947,31161.509999999947
2026-08-28 13:01:00,31161.509999999947,31161.509999999947
2026-08-28 14:01:00,31161.509999999947,31161.509999999947
2026-08-28 15:01:00,31225.15999999993,31225.15999999993
2026-08-28 16:01:00,31225.15999999993,31225.15999999993
2026-08-28 17:01:00,31225.15999999993,31225.15999999993
2026-08-28 18:01:00,31225.15999999993,31225.15999999993
2026-08-28 19:01:00,31225.15999999993,31225.15999999993
2026-08-28 20:01:00,31225.15999999993,31225.15999999993
2026-08-28 21:01:00,31225.15999999993,31225.15999999993
2026-08-28 22:01:00,31225.15999999993,31225.15999999993
2026-08-28 23:01:00,31225.15999999993,31225.15999999993
2026-08-31 01:02:00,31225.15999999993,31225.15999999993
2026-08-31 02:02:00,31225.15999999993,31225.15999999993
2026-08-31 03:02:00,31225.15999999993,31225.15999999993
2026-08-31 04:02:00,31225.15999999993,31225.15999999993
2026-08-31 05:02:00,31225.15999999993,31225.15999999993
2026-08-31 06:02:00,31223.759999999933,31360.759999999933
2026-08-31 07:02:00,31269.19999999993,31275.859999999928
2026-08-31 08:02:00,31311.689999999926,31644.949999999906
2026-08-31 09:02:00,31580.40999999992,32034.18999999991
2026-08-31 10:02:00,31580.40999999992,32119.239999999903
2026-08-31 11:02:00,31605.44999999992,32399.299999999923
2026-08-31 12:02:00,31630.75999999992,32130.389999999912
2026-08-31 13:02:00,31630.75999999992,32323.889999999905
2026-08-31 14:02:00,31630.75999999992,32566.639999999905
2026-08-31 15:02:00,32124.659999999916,32637.519999999913
2026-08-31 16:02:00,32124.659999999916,32365.639999999912
2026-08-31 17:02:00,32123.65999999992,32161.69999999992
2026-08-31 18:02:00,32123.65999999992,32195.81999999992
2026-08-31 19:02:00,32123.65999999992,32205.61999999992
2026-08-31 20:02:00,32123.65999999992,32211.899999999918
2026-08-31 21:02:00,32123.65999999992,32208.45999999992
2026-08-31 22:02:00,32123.65999999992,32204.21999999992
2026-08-31 23:02:00,32123.65999999992,32295.739999999918
2026-09-01 01:03:00,32121.65999999992,32284.41999999992
2026-09-01 02:03:00,32121.65999999992,32263.579999999918
2026-09-01 03:03:00,32121.65999999992,32283.21999999992
2026-09-01 04:03:00,32121.65999999992,32272.65999999992
2026-09-01 05:03:00,32121.65999999992,32256.29999999992
2026-09-01 06:03:00,32121.65999999992,32235.17999999992
2026-09-01 07:03:00,32121.65999999992,32222.53999999992
2026-09-01 08:03:00,32121.65999999992,32193.25999999992
2026-09-01 09:03:00,32121.65999999992,32222.17999999992
2026-09-01 10:03:00,32121.65999999992,32204.49999999992
2026-09-01 11:03:00,32121.65999999992,32128.13999999992
2026-09-01 12:03:00,32121.25999999992,32121.25999999992
2026-09-01 13:03:00,32121.25999999992,32121.25999999992
2026-09-01 14:03:00,32121.25999999992,32121.25999999992
2026-09-01 15:03:00,32121.25999999992,32121.25999999992
2026-09-01 16:03:00,32121.25999999992,32121.25999999992
2026-09-01 17:03:00,32121.25999999992,32121.25999999992
2026-09-01 18:03:00,32121.25999999992,32121.25999999992
2026-09-01 19:03:00,32121.25999999992,32121.25999999992
2026-09-01 20:03:00,32121.25999999992,32121.25999999992
2026-09-01 21:03:00,32121.25999999992,32121.25999999992
2026-09-01 22:03:00,32121.25999999992,32121.25999999992
2026-09-01 23:03:00,32121.25999999992,32121.25999999992
2026-09-02 01:04:00,32121.25999999992,32121.25999999992
2026-09-02 02:04:00,32121.25999999992,32121.25999999992
2026-09-02 03:04:00,32121.25999999992,32121.25999999992
2026-09-02 04:04:00,32121.25999999992,32121.25999999992
2026-09-02 05:04:00,32121.25999999992,32121.25999999992
2026-09-02 06:04:00,32121.25999999992,32121.25999999992
2026-09-02 07:04:00,32121.25999999992,32121.25999999992
2026-09-02 08:04:00,32121.25999999992,32121.25999999992
2026-09-02 09:04:00,32121.25999999992,32121.25999999992
2026-09-02 10:04:00,32121.25999999992,32121.25999999992
2026-09-02 11:04:00,32121.25999999992,32121.25999999992
2026-09-02 12:04:00,32121.25999999992,32121.25999999992
2026-09-02 13:04:00,32121.25999999992,32121.25999999992
2026-09-02 14:04:00,32121.25999999992,32121.25999999992
2026-09-02 15:04:00,32121.25999999992,32121.25999999992
2026-09-02 16:04:00,32121.25999999992,32121.25999999992
2026-09-02 17:04:00,32121.25999999992,32121.25999999992
2026-09-02 18:04:00,31797.859999999924,31797.859999999924
2026-09-02 19:04:00,31797.859999999924,31797.859999999924
2026-09-02 20:04:00,31797.859999999924,31797.859999999924
2026-09-02 21:04:00,31797.859999999924,31797.859999999924
2026-09-02 22:04:00,31797.859999999924,31797.859999999924
2026-09-02 23:04:00,31797.859999999924,31797.859999999924
2026-09-03 01:05:00,31797.859999999924,31797.859999999924
2026-09-03 02:05:00,31797.859999999924,31797.859999999924
2026-09-03 03:05:00,31797.859999999924,31797.859999999924
2026-09-03 04:05:00,31797.859999999924,31797.859999999924
2026-09-03 05:05:00,31797.859999999924,31797.859999999924
2026-09-03 06:05:00,31797.859999999924,31797.859999999924
2026-09-03 07:05:00,31797.859999999924,31797.859999999924
2026-09-03 08:05:00,31797.859999999924,31797.859999999924
2026-09-03 09:05:00,31797.859999999924,31797.859999999924
2026-09-03 10:05:00,31797.859999999924,31797.859999999924
2026-09-03 11:05:00,31797.859999999924,31797.859999999924
2026-09-03 12:05:00,31797.859999999924,31797.859999999924
2026-09-03 13:05:00,31797.859999999924,31797.859999999924
2026-09-03 14:05:00,31797.859999999924,31797.859999999924
2026-09-03 15:05:00,31797.859999999924,31797.859999999924
2026-09-03 16:05:00,31797.159999999923,31755.25999999993
2026-09-03 17:05:00,31841.239999999925,32003.799999999923
2026-09-03 18:05:00,31840.439999999933,31840.439999999933
2026-09-03 19:05:00,31888.26999999993,32097.669999999933
2026-09-03 20:05:00,31888.26999999993,32119.119999999937
2026-09-03 21:05:00,31888.26999999993,32167.119999999933
2026-09-03 22:05:00,31986.58999999993,32295.579999999933
2026-09-03 23:05:00,31986.58999999993,32327.699999999935
2026-09-04 01:06:00,31988.239999999932,32285.899999999936
2026-09-04 02:06:00,31988.239999999932,32329.01999999994
2026-09-04 03:06:00,31988.239999999932,32225.289999999935
2026-09-04 04:06:00,31988.239999999932,32279.409999999934
2026-09-04 05:06:00,31988.239999999932,32254.43999999993
2026-09-04 06:06:00,31988.239999999932,32319.669999999933
2026-09-04 07:06:00,31988.239999999932,32381.159999999934
2026-09-04 08:06:00,31988.239999999932,32370.709999999937
2026-09-04 09:06:00,31988.239999999932,32348.049999999934
2026-09-04 10:06:00,31988.239999999932,32405.579999999936
2026-09-04 11:06:00,31988.239999999932,32210.329999999936
2026-09-04 12:06:00,31988.239999999932,32311.859999999935
2026-09-04 13:06:00,31988.239999999932,32366.74999999993
2026-09-04 14:06:00,31988.239999999932,32353.219999999936
2026-09-04 15:06:00,31988.239999999932,32365.42999999993
2026-09-04 16:06:00,32548.659999999923,32548.659999999923
2026-09-04 17:06:00,32548.659999999923,32548.659999999923
2026-09-04 18:06:00,32548.659999999923,32548.659999999923
2026-09-04 19:06:00,32548.659999999923,32548.659999999923
2026-09-04 20:06:00,32548.659999999923,32548.659999999923
2026-09-04 21:06:00,32548.659999999923,32548.659999999923
2026-09-04 22:06:00,32548.659999999923,32548.659999999923
2026-09-04 23:06:00,32548.659999999923,32548.659999999923
2026-09-04 23:58:00,32548.659999999923,32548.659999999923
