time,balance,equity
2025-09-01 01:00:00,10000.0,10000.0
2025-09-01 02:00:00,10000.0,10000.0
2025-09-01 03:00:00,10000.0,10000.0
2025-09-01 04:00:00,10000.0,10000.0
2025-09-01 05:00:00,10000.0,10000.0
2025-09-01 06:00:00,10000.0,10000.0
2025-09-01 07:00:00,10000.0,10000.0
2025-09-01 08:00:00,10000.0,10000.0
2025-09-01 09:00:00,10000.0,10000.0
2025-09-01 10:00:00,10000.0,10000.0
2025-09-01 11:00:00,10000.0,10000.0
2025-09-01 12:00:00,10000.0,10000.0
2025-09-01 13:00:00,10000.0,10000.0
2025-09-01 14:00:00,10000.0,10000.0
2025-09-01 15:00:00,10000.0,10000.0
2025-09-01 16:00:00,10000.0,10000.0
2025-09-01 17:00:00,10000.0,10000.0
2025-09-01 18:00:00,10039.78,10090.930000000002
2025-09-01 19:00:00,10039.78,10114.359999999997
2025-09-01 20:00:00,10039.78,10077.73
2025-09-01 21:00:00,10039.78,10069.149999999996
2025-09-02 01:29:00,10041.43,10062.11
2025-09-02 02:29:00,10040.330000000002,10040.330000000002
2025-09-02 03:29:00,10040.330000000002,10040.330000000002
2025-09-02 04:29:00,10040.330000000002,10040.330000000002
2025-09-02 05:29:00,10040.330000000002,10040.330000000002
2025-09-02 06:29:00,10040.330000000002,10040.330000000002
2025-09-02 07:29:00,10040.330000000002,10040.330000000002
2025-09-02 08:29:00,10040.330000000002,10040.330000000002
2025-09-02 09:29:00,10040.330000000002,10040.330000000002
2025-09-02 10:29:00,10040.330000000002,10040.330000000002
2025-09-02 11:29:00,10040.330000000002,10040.330000000002
2025-09-02 12:29:00,10040.330000000002,10040.330000000002
2025-09-02 13:29:00,10040.330000000002,10040.330000000002
2025-09-02 14:29:00,10040.330000000002,10040.330000000002
2025-09-02 15:29:00,10040.330000000002,10040.330000000002
2025-09-02 16:29:00,10040.330000000002,10040.330000000002
2025-09-02 17:29:00,10040.330000000002,10040.330000000002
2025-09-02 18:29:00,10040.330000000002,10040.330000000002
2025-09-02 19:29:00,10040.330000000002,10040.330000000002
2025-09-02 20:29:00,10040.330000000002,10040.330000000002
2025-09-02 21:29:00,10040.330000000002,10040.330000000002
2025-09-02 22:29:00,10040.330000000002,10040.330000000002
2025-09-02 23:29:00,10040.330000000002,10040.330000000002
2025-09-03 01:30:00,10040.330000000002,10040.330000000002
2025-09-03 02:30:00,10039.070000000002,9977.689999999995
2025-09-03 03:30:00,10128.269999999999,10154.729999999998
2025-09-03 04:30:00,10128.269999999999,10177.049999999996
2025-09-03 05:30:00,10128.269999999999,10183.049999999996
2025-09-03 06:30:00,10127.669999999996,10127.669999999996
2025-09-03 07:30:00,10127.669999999996,10127.669999999996
2025-09-03 08:30:00,10127.669999999996,10127.669999999996
2025-09-03 09:30:00,10127.669999999996,10127.669999999996
2025-09-03 10:30:00,10127.669999999996,10127.669999999996
2025-09-03 11:30:00,10127.669999999996,10127.669999999996
2025-09-03 12:30:00,10127.669999999996,10127.669999999996
2025-09-03 13:30:00,10127.669999999996,10127.669999999996
2025-09-03 14:30:00,10127.669999999996,10127.669999999996
2025-09-03 15:30:00,10127.669999999996,10127.669999999996
2025-09-03 16:30:00,10127.669999999996,10127.669999999996
2025-09-03 17:30:00,10127.669999999996,10127.669999999996
2025-09-03 18:30:00,10127.669999999996,10127.669999999996
2025-09-03 19:30:00,10127.669999999996,10127.669999999996
2025-09-03 20:30:00,10127.669999999996,10127.669999999996
2025-09-03 21:30:00,10127.669999999996,10127.669999999996
2025-09-03 22:30:00,10127.669999999996,10127.669999999996
2025-09-03 23:30:00,10127.669999999996,10127.669999999996
2025-09-04 01:31:00,10127.669999999996,10127.669999999996
2025-09-04 02:31:00,10127.669999999996,10127.669999999996
2025-09-04 03:31:00,10127.669999999996,10127.669999999996
2025-09-04 04:31:00,10127.669999999996,10127.669999999996
2025-09-04 05:31:00,10127.669999999996,10127.669999999996
2025-09-04 06:31:00,10127.669999999996,10127.669999999996
2025-09-04 07:31:00,10127.669999999996,10127.669999999996
2025-09-04 08:31:00,10127.669999999996,10127.669999999996
2025-09-04 09:31:00,10127.669999999996,10127.669999999996
2025-09-04 10:31:00,10127.669999999996,10127.669999999996
2025-09-04 11:31:00,10127.669999999996,10127.669999999996
2025-09-04 12:31:00,10127.669999999996,10127.669999999996
2025-09-04 13:31:00,10127.669999999996,10127.669999999996
2025-09-04 14:31:00,10127.669999999996,10127.669999999996
2025-09-04 15:31:00,10127.669999999996,10127.669999999996
2025-09-04 16:31:00,10127.669999999996,10127.669999999996
2025-09-04 17:31:00,10127.669999999996,10127.669999999996
2025-09-04 18:31:00,10127.669999999996,10127.669999999996
2025-09-04 19:31:00,10127.669999999996,10127.669999999996
2025-09-04 20:31:00,10127.669999999996,10127.669999999996
2025-09-04 21:31:00,10127.669999999996,10127.669999999996
2025-09-04 22:31:00,10127.669999999996,10127.669999999996
2025-09-04 23:31:00,10127.669999999996,10127.669999999996
2025-09-05 01:32:00,10127.669999999996,10127.669999999996
2025-09-05 02:32:00,10127.669999999996,10127.669999999996
2025-09-05 03:32:00,10127.669999999996,10127.669999999996
2025-09-05 04:32:00,10127.669999999996,10127.669999999996
2025-09-05 05:32:00,10127.669999999996,10127.669999999996
2025-09-05 06:32:00,10127.669999999996,10127.669999999996
2025-09-05 07:32:00,10127.669999999996,10127.669999999996
2025-09-05 08:32:00,10127.669999999996,10127.669999999996
2025-09-05 09:32:00,10127.669999999996,10127.669999999996
2025-09-05 10:32:00,10127.669999999996,10127.669999999996
2025-09-05 11:32:00,10127.669999999996,10127.669999999996
2025-09-05 12:32:00,10127.669999999996,10127.669999999996
2025-09-05 13:32:00,10127.669999999996,10127.669999999996
2025-09-05 14:32:00,10127.669999999996,10127.669999999996
2025-09-05 15:32:00,10127.669999999996,10127.669999999996
2025-09-05 16:32:00,10127.669999999996,10127.669999999996
2025-09-05 17:32:00,10127.669999999996,10127.669999999996
2025-09-05 18:32:00,10127.669999999996,10127.669999999996
2025-09-05 19:32:00,10127.669999999996,10127.669999999996
2025-09-05 20:32:00,10127.669999999996,10127.669999999996
2025-09-05 21:32:00,10127.669999999996,10127.669999999996
2025-09-05 22:32:00,10127.669999999996,10127.669999999996
2025-09-05 23:32:00,10127.669999999996,10127.669999999996
2025-09-08 01:33:00,10127.669999999996,10127.669999999996
2025-09-08 02:33:00,10127.669999999996,10127.669999999996
2025-09-08 03:33:00,10127.669999999996,10127.669999999996
2025-09-08 04:33:00,10127.669999999996,10127.669999999996
2025-09-08 05:33:00,10127.669999999996,10127.669999999996
2025-09-08 06:33:00,10127.669999999996,10127.669999999996
2025-09-08 07:33:00,10127.669999999996,10127.669999999996
2025-09-08 08:33:00,10127.669999999996,10127.669999999996
2025-09-08 09:33:00,10127.669999999996,10127.669999999996
2025-09-08 10:33:00,10127.669999999996,10127.669999999996
2025-09-08 11:33:00,10127.669999999996,10127.669999999996
2025-09-08 12:33:00,10127.669999999996,10127.669999999996
2025-09-08 13:33:00,10127.669999999996,10127.669999999996
2025-09-08 14:33:00,10127.669999999996,10127.669999999996
2025-09-08 15:33:00,10127.669999999996,10127.669999999996
2025-09-08 16:33:00,10127.669999999996,10127.669999999996
2025-09-08 17:33:00,10127.669999999996,10127.669999999996
2025-09-08 18:33:00,10127.669999999996,10127.669999999996
2025-09-08 19:33:00,10127.669999999996,10127.669999999996
2025-09-08 20:33:00,10127.669999999996,10127.669999999996
2025-09-08 21:33:00,10127.669999999996,10127.669999999996
2025-09-08 22:33:00,10127.669999999996,10127.669999999996
2025-09-08 23:33:00,10127.669999999996,10127.669999999996
2025-09-09 01:34:00,10127.669999999996,10127.669999999996
2025-09-09 02:34:00,10127.669999999996,10127.669999999996
2025-09-09 03:34:00,10127.669999999996,10127.669999999996
2025-09-09 04:34:00,10127.669999999996,10127.669999999996
2025-09-09 05:34:00,10127.669999999996,10127.669999999996
2025-09-09 06:34:00,10127.669999999996,10127.669999999996
2025-09-09 07:34:00,10127.669999999996,10127.669999999996
2025-09-09 08:34:00,10127.669999999996,10127.669999999996
2025-09-09 09:34:00,10127.669999999996,10127.669999999996
2025-09-09 10:34:00,10127.669999999996,10127.669999999996
2025-09-09 11:34:00,10127.669999999996,10127.669999999996
2025-09-09 12:34:00,10127.669999999996,10127.669999999996
2025-09-09 13:34:00,10127.669999999996,10127.669999999996
2025-09-09 14:34:00,10127.669999999996,10127.669999999996
2025-09-09 15:34:00,10127.669999999996,10127.669999999996
2025-09-09 16:34:00,10127.669999999996,10127.669999999996
2025-09-09 17:34:00,10127.669999999996,10127.669999999996
2025-09-09 18:34:00,10127.669999999996,10127.669999999996
2025-09-09 19:34:00,10127.669999999996,10127.669999999996
2025-09-09 20:34:00,10127.669999999996,10127.669999999996
2025-09-09 21:34:00,10127.669999999996,10127.669999999996
2025-09-09 22:34:00,10127.669999999996,10127.669999999996
2025-09-09 23:34:00,10127.669999999996,10127.669999999996
2025-09-10 01:35:00,10127.669999999996,10127.669999999996
2025-09-10 02:35:00,10127.669999999996,10127.669999999996
2025-09-10 03:35:00,10127.669999999996,10127.669999999996
2025-09-10 04:35:00,10127.669999999996,10127.669999999996
2025-09-10 05:35:00,10127.669999999996,10127.669999999996
2025-09-10 06:35:00,10127.669999999996,10127.669999999996
2025-09-10 07:35:00,10127.669999999996,10127.669999999996
2025-09-10 08:35:00,10127.669999999996,10127.669999999996
2025-09-10 09:35:00,10127.669999999996,10127.669999999996
2025-09-10 10:35:00,10127.669999999996,10127.669999999996
2025-09-10 11:35:00,10127.669999999996,10127.669999999996
2025-09-10 12:35:00,10127.669999999996,10127.669999999996
2025-09-10 13:35:00,10127.669999999996,10127.669999999996
2025-09-10 14:35:00,10138.709999999997,10193.909999999996
2025-09-10 15:35:00,10162.889999999998,10225.169999999998
2025-09-10 16:35:00,10211.279999999999,10246.499999999998
2025-09-10 17:35:00,10211.279999999999,10224.3
2025-09-10 18:35:00,10211.279999999999,10281.539999999999
2025-09-10 19:35:00,10211.279999999999,10311.84
2025-09-10 20:35:00,10211.279999999999,10280.82
2025-09-10 21:35:00,10211.279999999999,10269.06
2025-09-10 22:35:00,10211.279999999999,10333.919999999998
2025-09-10 23:35:00,10211.279999999999,10316.58
2025-09-11 01:36:00,10212.179999999998,10311.36
2025-09-11 02:36:00,10212.179999999998,10298.759999999998
2025-09-11 03:36:00,10212.179999999998,10290.599999999997
2025-09-11 04:36:00,10212.179999999998,10294.139999999998
2025-09-11 05:36:00,10212.179999999998,10328.279999999999
2025-09-11 06:36:00,10212.179999999998,10362.239999999998
2025-09-11 07:36:00,10212.179999999998,10362.599999999997
2025-09-11 08:36:00,10212.179999999998,10366.139999999998
2025-09-11 09:36:00,10405.74,10405.74
2025-09-11 10:36:00,10405.74,10405.74
2025-09-11 11:36:00,10405.74,10405.74
2025-09-11 12:36:00,10405.74,10405.74
2025-09-11 13:36:00,10405.74,10405.74
2025-09-11 14:36:00,10405.74,10405.74
2025-09-11 15:36:00,10405.74,10405.74
2025-09-11 16:36:00,10405.74,10405.74
2025-09-11 17:36:00,10405.74,10405.74
2025-09-11 18:36:00,10405.74,10405.74
2025-09-11 19:36:00,10405.74,10405.74
2025-09-11 20:36:00,10405.74,10405.74
2025-09-11 21:36:00,10405.74,10405.74
2025-09-11 22:36:00,10405.74,10405.74
2025-09-11 23:36:00,10405.74,10405.74
2025-09-12 01:37:00,10405.74,10405.74
2025-09-12 02:37:00,10405.74,10405.74
2025-09-12 03:37:00,10405.74,10405.74
2025-09-12 04:37:00,10405.74,10405.74
2025-09-12 05:37:00,10405.74,10405.74
2025-09-12 06:37:00,10405.74,10405.74
2025-09-12 07:37:00,10405.74,10405.74
2025-09-12 08:37:00,10405.74,10405.74
2025-09-12 09:37:00,10405.74,10405.74
2025-09-12 10:37:00,10405.74,10405.74
2025-09-12 11:37:00,10405.74,10405.74
2025-09-12 12:37:00,10405.74,10405.74
2025-09-12 13:37:00,10405.74,10405.74
2025-09-12 14:37:00,10405.74,10405.74
2025-09-12 15:37:00,10405.74,10405.74
2025-09-12 16:37:00,10405.74,10405.74
2025-09-12 17:37:00,10405.74,10405.74
2025-09-12 18:37:00,10404.83,10412.760000000002
2025-09-12 19:37:00,10404.83,10416.010000000002
2025-09-12 20:37:00,10404.83,10454.490000000002
2025-09-12 21:37:00,10404.83,10434.470000000003
2025-09-12 22:37:00,10404.83,10387.02
2025-09-12 23:37:00,10404.83,10353.349999999999
2025-09-15 01:38:00,10398.33,10337.230000000003
2025-09-15 02:38:00,10297.320000000002,10297.320000000002
2025-09-15 03:38:00,10297.320000000002,10297.320000000002
2025-09-15 04:38:00,10297.320000000002,10297.320000000002
2025-09-15 05:38:00,10297.320000000002,10297.320000000002
2025-09-15 06:38:00,10297.320000000002,10297.320000000002
2025-09-15 07:38:00,10297.320000000002,10297.320000000002
2025-09-15 08:38:00,10297.320000000002,10297.320000000002
2025-09-15 09:38:00,10297.320000000002,10297.320000000002
2025-09-15 10:38:00,10295.430000000002,10332.96000000001
2025-09-15 11:38:00,10322.730000000003,10371.870000000006
2025-09-15 12:38:00,10320.630000000006,10320.630000000006
2025-09-15 13:38:00,10320.630000000006,10320.630000000006
2025-09-15 14:38:00,10320.630000000006,10320.630000000006
2025-09-15 15:38:00,10320.630000000006,10320.630000000006
2025-09-15 16:38:00,10320.630000000006,10320.630000000006
2025-09-15 17:38:00,10320.630000000006,10320.630000000006
2025-09-15 18:38:00,10320.630000000006,10320.630000000006
2025-09-15 19:38:00,10320.630000000006,10320.630000000006
2025-09-15 20:38:00,10320.630000000006,10320.630000000006
2025-09-15 21:38:00,10320.630000000006,10320.630000000006
2025-09-15 22:38:00,10320.630000000006,10320.630000000006
2025-09-15 23:38:00,10320.630000000006,10320.630000000006
2025-09-16 01:39:00,10367.910000000005,10455.170000000004
2025-09-16 02:39:00,10367.910000000005,10449.900000000005
2025-09-16 03:39:00,10428.860000000006,10530.090000000007
2025-09-16 04:39:00,10455.000000000005,10512.150000000001
2025-09-16 05:39:00,10465.219999999996,10520.369999999995
2025-09-16 06:39:00,10464.719999999996,10514.619999999995
2025-09-16 07:39:00,10464.719999999996,10503.019999999995
2025-09-16 08:39:00,10464.719999999996,10514.919999999996
2025-09-16 09:39:00,10464.719999999996,10539.069999999996
2025-09-16 10:39:00,10464.719999999996,10542.319999999996
2025-09-16 11:39:00,10464.719999999996,10569.069999999996
2025-09-16 12:39:00,10586.619999999997,10586.619999999997
2025-09-16 13:39:00,10586.619999999997,10586.619999999997
2025-09-16 14:39:00,10586.619999999997,10586.619999999997
2025-09-16 15:39:00,10586.619999999997,10586.619999999997
2025-09-16 16:39:00,10586.619999999997,10586.619999999997
2025-09-16 17:39:00,10586.619999999997,10586.619999999997
2025-09-16 18:39:00,10586.619999999997,10586.619999999997
2025-09-16 19:39:00,10586.619999999997,10586.619999999997
2025-09-16 20:39:00,10586.619999999997,10586.619999999997
2025-09-16 21:39:00,10586.619999999997,10586.619999999997
2025-09-16 22:39:00,10586.619999999997,10586.619999999997
2025-09-16 23:39:00,10586.619999999997,10586.619999999997
2025-09-17 01:40:00,10586.619999999997,10586.619999999997
2025-09-17 02:40:00,10586.619999999997,10586.619999999997
2025-09-17 03:40:00,10586.619999999997,10586.619999999997
2025-09-17 04:40:00,10586.619999999997,10586.619999999997
2025-09-17 05:40:00,10586.619999999997,10586.619999999997
2025-09-17 06:40:00,10596.849999999986,10596.849999999986
2025-09-17 07:40:00,10596.849999999986,10596.849999999986
2025-09-17 08:40:00,10596.849999999986,10596.849999999986
2025-09-17 09:40:00,10596.849999999986,10596.849999999986
2025-09-17 10:40:00,10596.849999999986,10596.849999999986
2025-09-17 11:40:00,10596.849999999986,10596.849999999986
2025-09-17 12:40:00,10596.849999999986,10596.849999999986
2025-09-17 13:40:00,10596.849999999986,10596.849999999986
2025-09-17 14:40:00,10596.849999999986,10596.849999999986
2025-09-17 15:40:00,10596.849999999986,10596.849999999986
2025-09-17 16:40:00,10596.849999999986,10596.849999999986
2025-09-17 17:40:00,10596.849999999986,10596.849999999986
2025-09-17 18:40:00,10596.849999999986,10596.849999999986
2025-09-17 19:40:00,10596.849999999986,10596.849999999986
2025-09-17 20:40:00,10596.849999999986,10596.849999999986
2025-09-17 21:40:00,10596.849999999986,10596.849999999986
2025-09-17 22:40:00,10596.849999999986,10596.849999999986
2025-09-17 23:40:00,10596.849999999986,10596.849999999986
2025-09-18 01:41:00,10596.849999999986,10596.849999999986
2025-09-18 02:41:00,10596.849999999986,10596.849999999986
2025-09-18 03:41:00,10596.849999999986,10596.849999999986
2025-09-18 04:41:00,10596.849999999986,10596.849999999986
2025-09-18 05:41:00,10596.849999999986,10596.849999999986
2025-09-18 06:41:00,10596.849999999986,10596.849999999986
2025-09-18 07:41:00,10596.849999999986,10596.849999999986
2025-09-18 08:41:00,10596.849999999986,10596.849999999986
2025-09-18 09:41:00,10596.849999999986,10596.849999999986
2025-09-18 10:41:00,10489.609999999984,10489.609999999984
2025-09-18 11:41:00,10489.609999999984,10489.609999999984
2025-09-18 12:41:00,10489.609999999984,10489.609999999984
2025-09-18 13:41:00,10489.609999999984,10489.609999999984
2025-09-18 14:41:00,10489.609999999984,10489.609999999984
2025-09-18 15:41:00,10489.609999999984,10489.609999999984
2025-09-18 16:41:00,10489.609999999984,10489.609999999984
2025-09-18 17:41:00,10489.609999999984,10489.609999999984
2025-09-18 18:41:00,10489.609999999984,10489.609999999984
2025-09-18 19:41:00,10489.609999999984,10489.609999999984
2025-09-18 20:41:00,10489.609999999984,10489.609999999984
2025-09-18 21:41:00,10489.609999999984,10489.609999999984
2025-09-18 22:41:00,10489.609999999984,10489.609999999984
2025-09-18 23:41:00,10489.609999999984,10489.609999999984
2025-09-19 01:42:00,10489.609999999984,10489.609999999984
2025-09-19 02:42:00,10489.609999999984,10489.609999999984
2025-09-19 03:42:00,10489.609999999984,10489.609999999984
2025-09-19 04:42:00,10489.609999999984,10489.609999999984
2025-09-19 05:42:00,10489.609999999984,10489.609999999984
2025-09-19 06:42:00,10489.609999999984,10489.609999999984
2025-09-19 07:42:00,10489.609999999984,10489.609999999984
2025-09-19 08:42:00,10489.609999999984,10489.609999999984
2025-09-19 09:42:00,10489.609999999984,10489.609999999984
2025-09-19 10:42:00,10489.609999999984,10489.609999999984
2025-09-19 11:42:00,10489.609999999984,10489.609999999984
2025-09-19 12:42:00,10489.609999999984,10489.609999999984
2025-09-19 13:42:00,10489.609999999984,10489.609999999984
2025-09-19 14:42:00,10489.609999999984,10489.609999999984
2025-09-19 15:42:00,10489.609999999984,10489.609999999984
2025-09-19 16:42:00,10489.609999999984,10489.609999999984
2025-09-19 17:42:00,10489.609999999984,10489.609999999984
2025-09-19 18:42:00,10489.609999999984,10489.609999999984
2025-09-19 19:42:00,10489.609999999984,10489.609999999984
2025-09-19 20:42:00,10489.609999999984,10489.609999999984
2025-09-19 21:42:00,10489.609999999984,10489.609999999984
2025-09-19 22:42:00,10489.609999999984,10489.609999999984
2025-09-19 23:42:00,10489.609999999984,10489.609999999984
2025-09-22 01:43:00,10489.609999999984,10489.609999999984
2025-09-22 02:43:00,10489.609999999984,10489.609999999984
2025-09-22 03:43:00,10489.609999999984,10489.609999999984
2025-09-22 04:43:00,10489.609999999984,10489.609999999984
2025-09-22 05:43:00,10489.609999999984,10489.609999999984
2025-09-22 06:43:00,10489.609999999984,10489.609999999984
2025-09-22 07:43:00,10489.609999999984,10489.609999999984
2025-09-22 08:43:00,10489.609999999984,10489.609999999984
2025-09-22 09:43:00,10489.609999999984,10489.609999999984
2025-09-22 10:43:00,10489.609999999984,10489.609999999984
2025-09-22 11:43:00,10489.609999999984,10489.609999999984
2025-09-22 12:43:00,10489.609999999984,10489.609999999984
2025-09-22 13:43:00,10489.609999999984,10489.609999999984
2025-09-22 14:43:00,10489.609999999984,10489.609999999984
2025-09-22 15:43:00,10489.609999999984,10489.609999999984
2025-09-22 16:43:00,10489.609999999984,10489.609999999984
2025-09-22 17:43:00,10489.609999999984,10489.609999999984
2025-09-22 18:43:00,10489.609999999984,10489.609999999984
2025-09-22 19:43:00,10489.609999999984,10489.609999999984
2025-09-22 20:43:00,10489.609999999984,10489.609999999984
2025-09-22 21:43:00,10489.609999999984,10489.609999999984
2025-09-22 22:43:00,10541.809999999983,10686.52999999995
2025-09-22 23:43:00,10666.729999999974,10903.609999999971
2025-09-23 01:44:00,10452.889999999956,10452.889999999956
2025-09-23 02:44:00,10452.889999999956,10452.889999999956
2025-09-23 03:44:00,10452.889999999956,10452.889999999956
2025-09-23 04:44:00,10452.889999999956,10452.889999999956
2025-09-23 05:44:00,10452.889999999956,10452.889999999956
2025-09-23 06:44:00,10452.889999999956,10452.889999999956
2025-09-23 07:44:00,10452.889999999956,10452.889999999956
2025-09-23 08:44:00,10452.889999999956,10452.889999999956
2025-09-23 09:44:00,10452.889999999956,10452.889999999956
2025-09-23 10:44:00,10452.889999999956,10452.889999999956
2025-09-23 11:44:00,10452.889999999956,10452.889999999956
2025-09-23 12:44:00,10452.889999999956,10452.889999999956
2025-09-23 13:44:00,10452.889999999956,10452.889999999956
2025-09-23 14:44:00,10452.889999999956,10452.889999999956
2025-09-23 15:44:00,10452.889999999956,10452.889999999956
2025-09-23 16:44:00,10452.889999999956,10452.889999999956
2025-09-23 17:44:00,10452.889999999956,10452.889999999956
2025-09-23 18:44:00,10452.889999999956,10452.889999999956
2025-09-23 19:44:00,10480.749999999955,10636.509999999953
2025-09-23 20:44:00,10659.879999999956,10750.759999999957
2025-09-23 21:44:00,10659.879999999956,10769.719999999956
2025-09-23 22:44:00,10446.679999999957,10446.679999999957
2025-09-23 23:44:00,10446.679999999957,10446.679999999957
2025-09-24 01:45:00,10446.679999999957,10446.679999999957
2025-09-24 02:45:00,10446.679999999957,10446.679999999957
2025-09-24 03:45:00,10446.679999999957,10446.679999999957
2025-09-24 04:45:00,10446.679999999957,10446.679999999957
2025-09-24 05:45:00,10446.679999999957,10446.679999999957
2025-09-24 06:45:00,10446.679999999957,10446.679999999957
2025-09-24 07:45:00,10446.679999999957,10446.679999999957
2025-09-24 08:45:00,10446.679999999957,10446.679999999957
2025-09-24 09:45:00,10446.679999999957,10446.679999999957
2025-09-24 10:45:00,10446.679999999957,10446.679999999957
2025-09-24 11:45:00,10446.679999999957,10446.679999999957
2025-09-24 12:45:00,10446.679999999957,10446.679999999957
2025-09-24 13:45:00,10446.679999999957,10446.679999999957
2025-09-24 14:45:00,10446.679999999957,10446.679999999957
2025-09-24 15:45:00,10446.679999999957,10446.679999999957
2025-09-24 16:45:00,10446.679999999957,10446.679999999957
2025-09-24 17:45:00,10446.679999999957,10446.679999999957
2025-09-24 18:45:00,10446.679999999957,10446.679999999957
2025-09-24 19:45:00,10446.679999999957,10446.679999999957
2025-09-24 20:45:00,10446.679999999957,10446.679999999957
2025-09-24 21:45:00,10446.679999999957,10446.679999999957
2025-09-24 22:45:00,10446.679999999957,10446.679999999957
2025-09-24 23:45:00,10446.679999999957,10446.679999999957
2025-09-25 01:46:00,10446.679999999957,10446.679999999957
2025-09-25 02:46:00,10446.679999999957,10446.679999999957
2025-09-25 03:46:00,10446.679999999957,10446.679999999957
2025-09-25 04:46:00,10446.679999999957,10446.679999999957
2025-09-25 05:46:00,10446.679999999957,10446.679999999957
2025-09-25 06:46:00,10446.679999999957,10446.679999999957
2025-09-25 07:46:00,10446.679999999957,10446.679999999957
2025-09-25 08:46:00,10446.679999999957,10446.679999999957
2025-09-25 09:46:00,10446.679999999957,10446.679999999957
2025-09-25 10:46:00,10446.679999999957,10446.679999999957
2025-09-25 11:46:00,10446.679999999957,10446.679999999957
2025-09-25 12:46:00,10446.679999999957,10446.679999999957
2025-09-25 13:46:00,10446.679999999957,10446.679999999957
2025-09-25 14:46:00,10446.679999999957,10446.679999999957
2025-09-25 15:46:00,10446.679999999957,10446.679999999957
2025-09-25 16:46:00,10446.679999999957,10446.679999999957
2025-09-25 17:46:00,10459.239999999958,10493.989999999958
2025-09-25 18:46:00,10458.739999999958,10458.739999999958
2025-09-25 19:46:00,10458.739999999958,10458.739999999958
2025-09-25 20:46:00,10458.739999999958,10458.739999999958
2025-09-25 21:46:00,10409.509999999962,10409.509999999962
2025-09-25 22:46:00,10409.509999999962,10409.509999999962
2025-09-25 23:46:00,10409.509999999962,10409.509999999962
2025-09-26 01:47:00,10409.509999999962,10409.509999999962
2025-09-26 02:47:00,10409.509999999962,10409.509999999962
2025-09-26 03:47:00,10409.509999999962,10409.509999999962
2025-09-26 04:47:00,10409.509999999962,10409.509999999962
2025-09-26 05:47:00,10409.509999999962,10409.509999999962
2025-09-26 06:47:00,10409.509999999962,10409.509999999962
2025-09-26 07:47:00,10409.509999999962,10409.509999999962
2025-09-26 08:47:00,10415.649999999961,10438.249999999964
2025-09-26 09:47:00,10429.049999999963,10429.049999999963
2025-09-26 10:47:00,10429.049999999963,10429.049999999963
2025-09-26 11:47:00,10429.049999999963,10429.049999999963
2025-09-26 12:47:00,10429.049999999963,10429.049999999963
2025-09-26 13:47:00,10429.049999999963,10429.049999999963
2025-09-26 14:47:00,10429.049999999963,10429.049999999963
2025-09-26 15:47:00,10429.049999999963,10429.049999999963
2025-09-26 16:47:00,10429.049999999963,10429.049999999963
2025-09-26 17:47:00,10429.049999999963,10429.049999999963
2025-09-26 18:47:00,10429.049999999963,10429.049999999963
2025-09-26 19:47:00,10429.049999999963,10429.049999999963
2025-09-26 20:47:00,10429.049999999963,10429.049999999963
2025-09-26 21:47:00,10429.049999999963,10429.049999999963
2025-09-26 22:47:00,10429.049999999963,10429.049999999963
2025-09-26 23:47:00,10429.049999999963,10429.049999999963
2025-09-29 01:48:00,10429.049999999963,10429.049999999963
2025-09-29 02:48:00,10429.049999999963,10429.049999999963
2025-09-29 03:48:00,10429.049999999963,10429.049999999963
2025-09-29 04:48:00,10429.049999999963,10429.049999999963
2025-09-29 05:48:00,10429.049999999963,10429.049999999963
2025-09-29 06:48:00,10429.049999999963,10429.049999999963
2025-09-29 07:48:00,10429.049999999963,10429.049999999963
2025-09-29 08:48:00,10429.049999999963,10429.049999999963
2025-09-29 09:48:00,10429.049999999963,10429.049999999963
2025-09-29 10:48:00,10429.049999999963,10429.049999999963
2025-09-29 11:48:00,10429.049999999963,10429.049999999963
2025-09-29 12:48:00,10429.049999999963,10429.049999999963
2025-09-29 13:48:00,10429.049999999963,10429.049999999963
2025-09-29 14:48:00,10429.049999999963,10429.049999999963
2025-09-29 15:48:00,10429.049999999963,10429.049999999963
2025-09-29 16:48:00,10429.049999999963,10429.049999999963
2025-09-29 17:48:00,10429.049999999963,10429.049999999963
2025-09-29 18:48:00,10429.049999999963,10429.049999999963
2025-09-29 19:48:00,10429.049999999963,10429.049999999963
2025-09-29 20:48:00,10429.049999999963,10429.049999999963
2025-09-29 21:48:00,10429.049999999963,10429.049999999963
2025-09-29 22:48:00,10429.049999999963,10429.049999999963
2025-09-29 23:48:00,10429.049999999963,10429.049999999963
2025-09-30 01:49:00,10429.049999999963,10429.049999999963
2025-09-30 02:49:00,10429.049999999963,10429.049999999963
2025-09-30 03:49:00,10429.049999999963,10429.049999999963
2025-09-30 04:49:00,10429.049999999963,10429.049999999963
2025-09-30 05:49:00,10429.049999999963,10429.049999999963
2025-09-30 06:49:00,10429.049999999963,10429.049999999963
2025-09-30 07:49:00,10429.049999999963,10429.049999999963
2025-09-30 08:49:00,10429.049999999963,10429.049999999963
2025-09-30 09:49:00,10429.049999999963,10429.049999999963
2025-09-30 10:49:00,10429.049999999963,10429.049999999963
2025-09-30 11:49:00,10429.049999999963,10429.049999999963
2025-09-30 12:49:00,10429.049999999963,10429.049999999963
2025-09-30 13:49:00,10429.049999999963,10429.049999999963
2025-09-30 14:49:00,10429.049999999963,10429.049999999963
2025-09-30 15:49:00,10429.049999999963,10429.049999999963
2025-09-30 16:49:00,10428.629999999963,10394.969999999965
2025-09-30 17:49:00,10334.789999999964,10334.789999999964
2025-09-30 18:49:00,10358.939999999966,10367.339999999966
2025-09-30 19:49:00,10364.709999999966,10404.069999999965
2025-09-30 20:49:00,10364.709999999966,10385.069999999965
2025-09-30 21:49:00,10364.709999999966,10404.069999999965
2025-09-30 22:49:00,10376.239999999965,10428.259999999964
2025-09-30 23:49:00,10376.239999999965,10437.859999999964
2025-10-01 01:50:00,10394.799999999965,10440.759999999966
2025-10-01 02:50:00,10394.799999999965,10443.839999999964
2025-10-01 03:50:00,10394.799999999965,10446.379999999965
2025-10-01 04:50:00,10394.799999999965,10456.079999999965
2025-10-01 05:50:00,10394.799999999965,10452.179999999964
2025-10-01 06:50:00,10394.799999999965,10444.459999999965
2025-10-01 07:50:00,10394.799999999965,10442.279999999964
2025-10-01 08:50:00,10394.799999999965,10446.179999999966
2025-10-01 09:50:00,10394.799999999965,10444.959999999965
2025-10-01 10:50:00,10394.799999999965,10468.459999999965
2025-10-01 11:50:00,10487.059999999965,10487.059999999965
2025-10-01 12:50:00,10487.059999999965,10487.059999999965
2025-10-01 13:50:00,10487.059999999965,10487.059999999965
2025-10-01 14:50:00,10487.059999999965,10487.059999999965
2025-10-01 15:50:00,10487.059999999965,10487.059999999965
2025-10-01 16:50:00,10487.059999999965,10487.059999999965
2025-10-01 17:50:00,10487.059999999965,10487.059999999965
2025-10-01 18:50:00,10487.059999999965,10487.059999999965
2025-10-01 19:50:00,10487.059999999965,10487.059999999965
2025-10-01 20:50:00,10487.059999999965,10487.059999999965
2025-10-01 21:50:00,10487.059999999965,10487.059999999965
2025-10-01 22:50:00,10487.059999999965,10487.059999999965
2025-10-01 23:50:00,10487.059999999965,10487.059999999965
2025-10-02 01:51:00,10487.059999999965,10487.059999999965
2025-10-02 02:51:00,10487.059999999965,10487.059999999965
2025-10-02 03:51:00,10487.059999999965,10487.059999999965
2025-10-02 04:51:00,10487.059999999965,10487.059999999965
2025-10-02 05:51:00,10487.059999999965,10487.059999999965
2025-10-02 06:51:00,10487.059999999965,10487.059999999965
2025-10-02 07:51:00,10487.059999999965,10487.059999999965
2025-10-02 08:51:00,10487.059999999965,10487.059999999965
2025-10-02 09:51:00,10487.059999999965,10487.059999999965
2025-10-02 10:51:00,10487.059999999965,10487.059999999965
2025-10-02 11:51:00,10487.059999999965,10487.059999999965
2025-10-02 12:51:00,10487.059999999965,10487.059999999965
2025-10-02 13:51:00,10509.01999999997,10509.01999999997
2025-10-02 14:51:00,10509.01999999997,10509.01999999997
2025-10-02 15:51:00,10509.01999999997,10509.01999999997
2025-10-02 16:51:00,10509.01999999997,10509.01999999997
2025-10-02 17:51:00,10509.01999999997,10509.01999999997
2025-10-02 18:51:00,10509.01999999997,10509.01999999997
2025-10-02 19:51:00,10509.01999999997,10509.01999999997
2025-10-02 20:51:00,10509.01999999997,10509.01999999997
2025-10-02 21:51:00,10509.01999999997,10509.01999999997
2025-10-02 22:51:00,10509.01999999997,10509.01999999997
2025-10-02 23:51:00,10509.01999999997,10509.01999999997
2025-10-03 01:52:00,10509.01999999997,10509.01999999997
2025-10-03 02:52:00,10509.01999999997,10509.01999999997
2025-10-03 03:52:00,10509.01999999997,10509.01999999997
2025-10-03 04:52:00,10509.01999999997,10509.01999999997
2025-10-03 05:52:00,10509.01999999997,10509.01999999997
2025-10-03 06:52:00,10509.01999999997,10509.01999999997
2025-10-03 07:52:00,10509.01999999997,10509.01999999997
2025-10-03 08:52:00,10509.01999999997,10509.01999999997
2025-10-03 09:52:00,10509.01999999997,10509.01999999997
2025-10-03 10:52:00,10508.739999999969,10509.979999999969
2025-10-03 11:52:00,10508.739999999969,10518.819999999969
2025-10-03 12:52:00,10508.739999999969,10517.41999999997
2025-10-03 13:52:00,10508.739999999969,10496.219999999968
2025-10-03 14:52:00,10508.739999999969,10511.33999999997
2025-10-03 15:52:00,10508.739999999969,10484.53999999997
2025-10-03 16:52:00,10419.659999999967,10419.659999999967
2025-10-03 17:52:00,10419.659999999967,10419.659999999967
2025-10-03 18:52:00,10419.659999999967,10419.659999999967
2025-10-03 19:52:00,10419.659999999967,10419.659999999967
2025-10-03 20:52:00,10419.659999999967,10419.659999999967
2025-10-03 21:52:00,10419.659999999967,10419.659999999967
2025-10-03 22:52:00,10419.659999999967,10419.659999999967
2025-10-03 23:52:00,10419.659999999967,10419.659999999967
2025-10-06 01:53:00,10419.659999999967,10419.659999999967
2025-10-06 02:53:00,10419.659999999967,10419.659999999967
2025-10-06 03:53:00,10419.659999999967,10419.659999999967
2025-10-06 04:53:00,10419.659999999967,10419.659999999967
2025-10-06 05:53:00,10419.659999999967,10419.659999999967
2025-10-06 06:53:00,10419.659999999967,10419.659999999967
2025-10-06 07:53:00,10419.659999999967,10419.659999999967
2025-10-06 08:53:00,10419.659999999967,10419.659999999967
2025-10-06 09:53:00,10419.659999999967,10419.659999999967
2025-10-06 10:53:00,10419.659999999967,10419.659999999967
2025-10-06 11:53:00,10419.659999999967,10419.659999999967
2025-10-06 12:53:00,10419.659999999967,10419.659999999967
2025-10-06 13:53:00,10419.659999999967,10419.659999999967
2025-10-06 14:53:00,10419.659999999967,10419.659999999967
2025-10-06 15:53:00,10419.659999999967,10419.659999999967
2025-10-06 16:53:00,10419.659999999967,10419.659999999967
2025-10-06 17:53:00,10419.659999999967,10419.659999999967
2025-10-06 18:53:00,10419.659999999967,10419.659999999967
2025-10-06 19:53:00,10419.659999999967,10419.659999999967
2025-10-06 20:53:00,10419.659999999967,10419.659999999967
2025-10-06 21:53:00,10419.659999999967,10419.659999999967
2025-10-06 22:53:00,10419.659999999967,10419.659999999967
2025-10-06 23:53:00,10419.659999999967,10419.659999999967
2025-10-07 01:54:00,10419.659999999967,10419.659999999967
2025-10-07 02:54:00,10419.659999999967,10419.659999999967
2025-10-07 03:54:00,10419.659999999967,10419.659999999967
2025-10-07 04:54:00,10419.659999999967,10419.659999999967
2025-10-07 05:54:00,10419.659999999967,10419.659999999967
2025-10-07 06:54:00,10419.659999999967,10419.659999999967
2025-10-07 07:54:00,10419.659999999967,10419.659999999967
2025-10-07 08:54:00,10419.659999999967,10419.659999999967
2025-10-07 09:54:00,10419.659999999967,10419.659999999967
2025-10-07 10:54:00,10419.659999999967,10419.659999999967
2025-10-07 11:54:00,10419.659999999967,10419.659999999967
2025-10-07 12:54:00,10419.659999999967,10419.659999999967
2025-10-07 13:54:00,10419.659999999967,10419.659999999967
2025-10-07 14:54:00,10419.659999999967,10419.659999999967
2025-10-07 15:54:00,10419.659999999967,10419.659999999967
2025-10-07 16:54:00,10419.659999999967,10419.659999999967
2025-10-07 17:54:00,10419.659999999967,10419.659999999967
2025-10-07 18:54:00,10419.659999999967,10419.659999999967
2025-10-07 19:54:00,10419.659999999967,10419.659999999967
2025-10-07 20:54:00,10419.659999999967,10419.659999999967
2025-10-07 21:54:00,10419.659999999967,10419.659999999967
2025-10-07 22:54:00,10419.659999999967,10419.659999999967
2025-10-07 23:54:00,10419.659999999967,10419.659999999967
2025-10-08 01:55:00,10419.659999999967,10419.659999999967
2025-10-08 02:55:00,10419.659999999967,10419.659999999967
2025-10-08 03:55:00,10419.659999999967,10419.659999999967
2025-10-08 04:55:00,10419.659999999967,10419.659999999967
2025-10-08 05:55:00,10419.659999999967,10419.659999999967
2025-10-08 06:55:00,10419.659999999967,10419.659999999967
2025-10-08 07:55:00,10419.659999999967,10419.659999999967
2025-10-08 08:55:00,10419.659999999967,10419.659999999967
2025-10-08 09:55:00,10419.659999999967,10419.659999999967
2025-10-08 10:55:00,10419.659999999967,10419.659999999967
2025-10-08 11:55:00,10419.659999999967,10419.659999999967
2025-10-08 12:55:00,10419.659999999967,10419.659999999967
2025-10-08 13:55:00,10419.659999999967,10419.659999999967
2025-10-08 14:55:00,10419.659999999967,10419.659999999967
2025-10-08 15:55:00,10419.659999999967,10419.659999999967
2025-10-08 16:55:00,10419.659999999967,10419.659999999967
2025-10-08 17:55:00,10419.659999999967,10419.659999999967
2025-10-08 18:55:00,10419.659999999967,10419.659999999967
2025-10-08 19:55:00,10419.659999999967,10419.659999999967
2025-10-08 20:55:00,10206.67999999997,10206.67999999997
2025-10-08 21:55:00,10206.67999999997,10206.67999999997
2025-10-08 22:55:00,10206.67999999997,10206.67999999997
2025-10-08 23:55:00,10206.67999999997,10206.67999999997
2025-10-09 01:56:00,10206.67999999997,10206.67999999997
2025-10-09 02:56:00,10206.67999999997,10206.67999999997
2025-10-09 03:56:00,10206.67999999997,10206.67999999997
2025-10-09 04:56:00,10337.409999999967,10399.799999999961
2025-10-09 05:56:00,10335.709999999961,10335.709999999961
2025-10-09 06:56:00,10335.709999999961,10335.709999999961
2025-10-09 07:56:00,10335.709999999961,10335.709999999961
2025-10-09 08:56:00,10335.709999999961,10335.709999999961
2025-10-09 09:56:00,10335.709999999961,10335.709999999961
2025-10-09 10:56:00,10335.709999999961,10335.709999999961
2025-10-09 11:56:00,10335.709999999961,10335.709999999961
2025-10-09 12:56:00,10335.709999999961,10335.709999999961
2025-10-09 13:56:00,10335.709999999961,10335.709999999961
2025-10-09 14:56:00,10335.709999999961,10335.709999999961
2025-10-09 15:56:00,10334.379999999961,10303.789999999968
2025-10-09 16:56:00,10231.969999999963,10231.969999999963
2025-10-09 17:56:00,10231.969999999963,10231.969999999963
2025-10-09 18:56:00,10231.969999999963,10231.969999999963
2025-10-09 19:56:00,10231.969999999963,10231.969999999963
2025-10-09 20:56:00,10231.969999999963,10231.969999999963
2025-10-09 21:56:00,10231.969999999963,10231.969999999963
2025-10-09 22:56:00,10231.899999999963,10230.239999999963
2025-10-09 23:56:00,10231.899999999963,10230.299999999963
2025-10-10 01:57:00,10256.199999999964,10354.97999999997
2025-10-10 02:57:00,10306.599999999966,10519.809999999967
2025-10-10 03:57:00,10408.559999999967,10534.83999999997
2025-10-10 04:57:00,10423.469999999967,10552.549999999968
2025-10-10 05:57:00,10423.469999999967,10552.549999999968
2025-10-10 06:57:00,10442.639999999968,10561.999999999969
2025-10-10 07:57:00,10589.829999999969,10619.84999999997
2025-10-10 08:57:00,10589.829999999969,10605.229999999969
2025-10-10 09:57:00,10589.829999999969,10612.76999999997
2025-10-10 10:57:00,10589.829999999969,10598.08999999997
2025-10-10 11:57:00,10589.729999999969,10571.09999999997
2025-10-10 12:57:00,10589.729999999969,10566.809999999969
2025-10-10 13:57:00,10589.729999999969,10568.879999999968
2025-10-10 14:57:00,10630.999999999967,10648.959999999966
2025-10-10 15:57:00,10630.299999999968,10618.909999999969
2025-10-10 16:57:00,10630.299999999968,10627.659999999969
2025-10-10 17:57:00,10641.38999999997,10630.27999999997
2025-10-10 18:57:00,10605.75999999997,10605.75999999997
2025-10-10 19:57:00,10605.75999999997,10605.75999999997
2025-10-10 20:57:00,10605.75999999997,10605.75999999997
2025-10-10 21:57:00,10605.75999999997,10605.75999999997
2025-10-10 22:57:00,10605.75999999997,10605.75999999997
2025-10-10 23:57:00,10605.75999999997,10605.75999999997
2025-10-13 01:58:00,10605.61999999997,10581.59999999997
2025-10-13 02:58:00,10566.45999999997,10566.45999999997
2025-10-13 03:58:00,10566.45999999997,10566.45999999997
2025-10-13 04:58:00,10566.45999999997,10566.45999999997
2025-10-13 05:58:00,10566.45999999997,10566.45999999997
2025-10-13 06:58:00,10566.45999999997,10566.45999999997
2025-10-13 07:58:00,10566.45999999997,10566.45999999997
2025-10-13 08:58:00,10566.45999999997,10566.45999999997
2025-10-13 09:58:00,10566.45999999997,10566.45999999997
2025-10-13 10:58:00,10566.45999999997,10566.45999999997
2025-10-13 11:58:00,10566.45999999997,10566.45999999997
2025-10-13 12:58:00,10566.45999999997,10566.45999999997
2025-10-13 13:58:00,10566.45999999997,10566.45999999997
2025-10-13 14:58:00,10566.45999999997,10566.45999999997
2025-10-13 15:58:00,10566.45999999997,10566.45999999997
2025-10-13 16:58:00,10566.45999999997,10566.45999999997
2025-10-13 17:58:00,10566.45999999997,10566.45999999997
2025-10-13 18:58:00,10566.45999999997,10566.45999999997
2025-10-13 19:58:00,10566.45999999997,10566.45999999997
2025-10-13 20:58:00,10566.45999999997,10566.45999999997
2025-10-13 21:58:00,10566.45999999997,10566.45999999997
2025-10-13 22:58:00,10566.45999999997,10566.45999999997
2025-10-13 23:58:00,10566.45999999997,10566.45999999997
2025-10-14 01:59:00,10566.45999999997,10566.45999999997
2025-10-14 02:59:00,10566.45999999997,10566.45999999997
2025-10-14 03:59:00,10566.45999999997,10566.45999999997
2025-10-14 04:59:00,10515.989999999974,10515.989999999974
2025-10-14 05:59:00,10515.989999999974,10515.989999999974
2025-10-14 06:59:00,10515.989999999974,10515.989999999974
2025-10-14 07:59:00,10515.989999999974,10515.989999999974
2025-10-14 08:59:00,10515.989999999974,10515.989999999974
2025-10-14 09:59:00,10515.989999999974,10515.989999999974
2025-10-14 10:59:00,10515.989999999974,10515.989999999974
2025-10-14 11:59:00,10515.849999999975,10501.649999999974
2025-10-14 12:59:00,10515.849999999975,10535.149999999976
2025-10-14 13:59:00,10515.849999999975,10526.469999999976
2025-10-14 14:59:00,10515.849999999975,10528.869999999974
2025-10-14 15:59:00,10515.849999999975,10576.749999999975
2025-10-14 16:59:00,10549.369999999974,10651.469999999972
2025-10-14 17:59:00,10665.709999999972,10681.20999999997
2025-10-14 18:59:00,10665.709999999972,10663.68999999997
2025-10-14 19:59:00,10665.709999999972,10659.089999999971
2025-10-14 20:59:00,10665.709999999972,10643.329999999973
2025-10-14 21:59:00,10665.709999999972,10643.24999999997
2025-10-14 22:59:00,10665.709999999972,10656.769999999971
2025-10-15 01:00:00,10666.609999999973,10652.969999999972
2025-10-15 02:00:00,10666.259999999973,10633.879999999977
2025-10-15 03:00:00,10666.259999999973,10620.929999999975
2025-10-15 04:00:00,10666.259999999973,10567.519999999975
2025-10-15 05:00:00,10486.139999999976,10486.139999999976
2025-10-15 06:00:00,10485.859999999975,10501.419999999973
2025-10-15 07:00:00,10505.599999999975,10530.879999999974
2025-10-15 08:00:00,10505.399999999974,10505.399999999974
2025-10-15 09:00:00,10505.399999999974,10505.399999999974
2025-10-15 10:00:00,10505.399999999974,10505.399999999974
2025-10-15 11:00:00,10505.399999999974,10505.399999999974
2025-10-15 12:00:00,10505.399999999974,10505.399999999974
2025-10-15 13:00:00,10505.399999999974,10505.399999999974
2025-10-15 14:00:00,10505.399999999974,10505.399999999974
2025-10-15 15:00:00,10505.399999999974,10505.399999999974
2025-10-15 16:00:00,10505.399999999974,10505.399999999974
2025-10-15 17:00:00,10505.399999999974,10505.399999999974
2025-10-15 18:00:00,10505.399999999974,10505.399999999974
2025-10-15 19:00:00,10604.529999999973,10664.409999999976
2025-10-15 20:00:00,10604.529999999973,10696.629999999976
2025-10-15 21:00:00,10604.529999999973,10711.089999999975
2025-10-15 22:00:00,10742.469999999978,10742.469999999978
2025-10-15 23:00:00,10742.469999999978,10742.469999999978
2025-10-16 01:01:00,10742.469999999978,10742.469999999978
2025-10-16 02:01:00,10742.469999999978,10742.469999999978
2025-10-16 03:01:00,10742.469999999978,10742.469999999978
2025-10-16 04:01:00,10742.469999999978,10742.469999999978
2025-10-16 05:01:00,10742.469999999978,10742.469999999978
2025-10-16 06:01:00,10742.469999999978,10742.469999999978
2025-10-16 07:01:00,10742.469999999978,10742.469999999978
2025-10-16 08:01:00,10742.469999999978,10742.469999999978
2025-10-16 09:01:00,10742.469999999978,10742.469999999978
2025-10-16 10:01:00,10742.469999999978,10742.469999999978
2025-10-16 11:01:00,10742.469999999978,10742.469999999978
2025-10-16 12:01:00,10742.469999999978,10742.469999999978
2025-10-16 13:01:00,10742.469999999978,10742.469999999978
2025-10-16 14:01:00,10742.469999999978,10742.469999999978
2025-10-16 15:01:00,10742.469999999978,10742.469999999978
2025-10-16 16:01:00,10753.419999999976,10852.779999999977
2025-10-16 17:01:00,10823.679999999977,10936.829999999976
2025-10-16 18:01:00,10838.379999999976,11048.81999999998
2025-10-16 19:01:00,10869.459999999974,11194.71999999997
2025-10-16 20:01:00,11207.649999999961,11293.509999999962
2025-10-16 21:01:00,11331.909999999962,11331.909999999962
2025-10-16 22:01:00,11331.909999999962,11331.909999999962
2025-10-16 23:01:00,11331.909999999962,11331.909999999962
2025-10-17 01:02:00,11331.909999999962,11331.909999999962
2025-10-17 02:02:00,11331.909999999962,11331.909999999962
2025-10-17 03:02:00,11331.909999999962,11331.909999999962
2025-10-17 04:02:00,11331.909999999962,11331.909999999962
2025-10-17 05:02:00,11331.909999999962,11331.909999999962
2025-10-17 06:02:00,11331.909999999962,11331.909999999962
2025-10-17 07:02:00,11331.909999999962,11331.909999999962
2025-10-17 08:02:00,11331.909999999962,11331.909999999962
2025-10-17 09:02:00,11331.909999999962,11331.909999999962
2025-10-17 10:02:00,11331.909999999962,11331.909999999962
2025-10-17 11:02:00,11331.909999999962,11331.909999999962
2025-10-17 12:02:00,11331.909999999962,11331.909999999962
2025-10-17 13:02:00,11331.909999999962,11331.909999999962
2025-10-17 14:02:00,11331.909999999962,11331.909999999962
2025-10-17 15:02:00,11331.909999999962,11331.909999999962
2025-10-17 16:02:00,11331.909999999962,11331.909999999962
2025-10-17 17:02:00,11331.909999999962,11331.909999999962
2025-10-17 18:02:00,11331.909999999962,11331.909999999962
2025-10-17 19:02:00,11331.909999999962,11331.909999999962
2025-10-17 20:02:00,11331.909999999962,11331.909999999962
2025-10-17 21:02:00,11331.909999999962,11331.909999999962
2025-10-17 22:02:00,11331.909999999962,11331.909999999962
2025-10-17 23:02:00,11331.909999999962,11331.909999999962
2025-10-20 01:03:00,11331.909999999962,11331.909999999962
2025-10-20 02:03:00,11331.909999999962,11331.909999999962
2025-10-20 03:03:00,11331.909999999962,11331.909999999962
2025-10-20 04:03:00,11331.909999999962,11331.909999999962
2025-10-20 05:03:00,11331.909999999962,11331.909999999962
2025-10-20 06:03:00,11331.909999999962,11331.909999999962
2025-10-20 07:03:00,11331.909999999962,11331.909999999962
2025-10-20 08:03:00,11331.909999999962,11331.909999999962
2025-10-20 09:03:00,11331.909999999962,11331.909999999962
2025-10-20 10:03:00,11331.909999999962,11331.909999999962
2025-10-20 11:03:00,11331.909999999962,11331.909999999962
2025-10-20 12:03:00,11331.909999999962,11331.909999999962
2025-10-20 13:03:00,11331.909999999962,11331.909999999962
2025-10-20 14:03:00,11409.929999999958,11513.579999999956
2025-10-20 15:03:00,11516.309999999956,11820.409999999954
2025-10-20 16:03:00,11951.659999999949,11951.659999999949
2025-10-20 17:03:00,11951.659999999949,11951.659999999949
2025-10-20 18:03:00,11951.659999999949,11951.659999999949
2025-10-20 19:03:00,11951.659999999949,11951.659999999949
2025-10-20 20:03:00,11951.659999999949,11951.659999999949
2025-10-20 21:03:00,11951.659999999949,11951.659999999949
2025-10-20 22:03:00,11951.659999999949,11951.659999999949
2025-10-20 23:03:00,11951.659999999949,11951.659999999949
2025-10-21 01:04:00,11829.449999999952,11828.649999999952
2025-10-21 02:04:00,11836.07999999995,11836.07999999995
2025-10-21 03:04:00,11836.07999999995,11836.07999999995
2025-10-21 04:04:00,11836.07999999995,11836.07999999995
2025-10-21 05:04:00,11836.07999999995,11836.07999999995
2025-10-21 06:04:00,11836.07999999995,11836.07999999995
2025-10-21 07:04:00,11836.07999999995,11836.07999999995
2025-10-21 08:04:00,11836.07999999995,11836.07999999995
2025-10-21 09:04:00,11836.07999999995,11836.07999999995
2025-10-21 10:04:00,11836.07999999995,11836.07999999995
2025-10-21 11:04:00,11736.12999999995,11736.12999999995
2025-10-21 12:04:00,11736.12999999995,11736.12999999995
2025-10-21 13:04:00,11736.12999999995,11736.12999999995
2025-10-21 14:04:00,11736.12999999995,11736.12999999995
2025-10-21 15:04:00,11736.12999999995,11736.12999999995
2025-10-21 16:04:00,11736.12999999995,11736.12999999995
2025-10-21 17:04:00,11736.12999999995,11736.12999999995
2025-10-21 18:04:00,11736.12999999995,11736.12999999995
2025-10-21 19:04:00,11736.12999999995,11736.12999999995
2025-10-21 20:04:00,11736.12999999995,11736.12999999995
2025-10-21 21:04:00,11736.12999999995,11736.12999999995
2025-10-21 22:04:00,11736.12999999995,11736.12999999995
2025-10-21 23:04:00,11736.12999999995,11736.12999999995
2025-10-22 01:05:00,11736.12999999995,11736.12999999995
2025-10-22 02:05:00,11736.12999999995,11736.12999999995
2025-10-22 03:05:00,11736.12999999995,11736.12999999995
2025-10-22 04:05:00,11736.12999999995,11736.12999999995
2025-10-22 05:05:00,11736.12999999995,11736.12999999995
2025-10-22 06:05:00,11736.12999999995,11736.12999999995
2025-10-22 07:05:00,11736.12999999995,11736.12999999995
2025-10-22 08:05:00,11736.12999999995,11736.12999999995
2025-10-22 09:05:00,11736.12999999995,11736.12999999995
2025-10-22 10:05:00,11736.12999999995,11736.12999999995
2025-10-22 11:05:00,11736.12999999995,11736.12999999995
2025-10-22 12:05:00,11736.12999999995,11736.12999999995
2025-10-22 13:05:00,11736.12999999995,11736.12999999995
2025-10-22 14:05:00,11736.12999999995,11736.12999999995
2025-10-22 15:05:00,11736.12999999995,11736.12999999995
2025-10-22 16:05:00,11736.12999999995,11736.12999999995
2025-10-22 17:05:00,11687.169999999951,11687.169999999951
2025-10-22 18:05:00,11687.169999999951,11687.169999999951
2025-10-22 19:05:00,11687.169999999951,11687.169999999951
2025-10-22 20:05:00,11687.169999999951,11687.169999999951
2025-10-22 21:05:00,11687.169999999951,11687.169999999951
2025-10-22 22:05:00,11687.169999999951,11687.169999999951
2025-10-22 23:05:00,11687.169999999951,11687.169999999951
2025-10-23 01:06:00,11687.169999999951,11687.169999999951
2025-10-23 02:06:00,11687.169999999951,11687.169999999951
2025-10-23 03:06:00,11687.169999999951,11687.169999999951
2025-10-23 04:06:00,11687.169999999951,11687.169999999951
2025-10-23 05:06:00,11636.979999999947,11636.979999999947
2025-10-23 06:06:00,11636.979999999947,11636.979999999947
2025-10-23 07:06:00,11636.979999999947,11636.979999999947
2025-10-23 08:06:00,11636.979999999947,11636.979999999947
2025-10-23 09:06:00,11636.629999999946,11610.079999999944
2025-10-23 10:06:00,11578.639999999948,11612.299999999947
2025-10-23 11:06:00,11604.019999999948,11625.889999999947
2025-10-23 12:06:00,11604.019999999948,11623.359999999946
2025-10-23 13:06:00,11604.019999999948,11617.519999999948
2025-10-23 14:06:00,11626.599999999951,11644.33999999995
2025-10-23 15:06:00,11626.599999999951,11647.58999999995
2025-10-23 16:06:00,11626.49999999995,11626.49999999995
2025-10-23 17:06:00,11626.49999999995,11626.49999999995
2025-10-23 18:06:00,11626.49999999995,11626.49999999995
2025-10-23 19:06:00,11626.49999999995,11626.49999999995
2025-10-23 20:06:00,11626.49999999995,11626.49999999995
2025-10-23 21:06:00,11626.49999999995,11626.49999999995
2025-10-23 22:06:00,11626.49999999995,11626.49999999995
2025-10-23 23:06:00,11626.49999999995,11626.49999999995
2025-10-24 01:07:00,11626.49999999995,11626.49999999995
2025-10-24 02:07:00,11626.49999999995,11626.49999999995
2025-10-24 03:07:00,11626.49999999995,11626.49999999995
2025-10-24 04:07:00,11626.49999999995,11626.49999999995
2025-10-24 05:07:00,11626.49999999995,11626.49999999995
2025-10-24 06:07:00,11626.49999999995,11626.49999999995
2025-10-24 07:07:00,11626.49999999995,11626.49999999995
2025-10-24 08:07:00,11626.49999999995,11626.49999999995
2025-10-24 09:07:00,11626.49999999995,11626.49999999995
2025-10-24 10:07:00,11626.49999999995,11626.49999999995
2025-10-24 11:07:00,11626.49999999995,11626.49999999995
2025-10-24 12:07:00,11626.49999999995,11626.49999999995
2025-10-24 13:07:00,11626.49999999995,11626.49999999995
2025-10-24 14:07:00,11626.49999999995,11626.49999999995
2025-10-24 15:07:00,11626.49999999995,11626.49999999995
2025-10-24 16:07:00,11626.49999999995,11626.49999999995
2025-10-24 17:07:00,11634.74999999995,11682.44999999995
2025-10-24 18:07:00,11652.22999999995,11722.779999999948
2025-10-24 19:07:00,11652.22999999995,11788.929999999951
2025-10-24 20:07:00,11652.22999999995,11770.229999999952
2025-10-24 21:07:00,11651.729999999949,11651.729999999949
2025-10-24 22:07:00,11651.729999999949,11651.729999999949
2025-10-24 23:07:00,11651.729999999949,11651.729999999949
2025-10-27 00:08:00,11651.729999999949,11651.729999999949
2025-10-27 01:08:00,11542.829999999947,11542.829999999947
2025-10-27 02:08:00,11542.829999999947,11542.829999999947
2025-10-27 03:08:00,11542.829999999947,11542.829999999947
2025-10-27 04:08:00,11542.829999999947,11542.829999999947
2025-10-27 05:08:00,11542.829999999947,11542.829999999947
2025-10-27 06:08:00,11542.829999999947,11542.829999999947
2025-10-27 07:08:00,11542.829999999947,11542.829999999947
2025-10-27 08:08:00,11542.829999999947,11542.829999999947
2025-10-27 09:08:00,11542.829999999947,11542.829999999947
2025-10-27 10:08:00,11542.829999999947,11542.829999999947
2025-10-27 11:08:00,11542.829999999947,11542.829999999947
2025-10-27 12:08:00,11542.829999999947,11542.829999999947
2025-10-27 13:08:00,11542.829999999947,11542.829999999947
2025-10-27 14:08:00,11542.829999999947,11542.829999999947
2025-10-27 15:08:00,11542.829999999947,11542.829999999947
2025-10-27 16:08:00,11542.829999999947,11542.829999999947
2025-10-27 17:08:00,11542.829999999947,11542.829999999947
2025-10-27 18:08:00,11542.829999999947,11542.829999999947
2025-10-27 19:08:00,11542.829999999947,11542.829999999947
2025-10-27 20:08:00,11542.829999999947,11542.829999999947
2025-10-27 21:08:00,11542.829999999947,11542.829999999947
2025-10-27 22:08:00,11542.829999999947,11542.829999999947
2025-10-28 00:09:00,11542.829999999947,11542.829999999947
2025-10-28 01:09:00,11542.829999999947,11542.829999999947
2025-10-28 02:09:00,11542.829999999947,11542.829999999947
2025-10-28 03:09:00,11542.829999999947,11542.829999999947
2025-10-28 04:09:00,11542.829999999947,11542.829999999947
2025-10-28 05:09:00,11542.829999999947,11542.829999999947
2025-10-28 06:09:00,11542.829999999947,11542.829999999947
2025-10-28 07:09:00,11542.829999999947,11542.829999999947
2025-10-28 08:09:00,11542.829999999947,11542.829999999947
2025-10-28 09:09:00,11542.829999999947,11542.829999999947
2025-10-28 10:09:00,11542.829999999947,11542.829999999947
2025-10-28 11:09:00,11542.829999999947,11542.829999999947
2025-10-28 12:09:00,11542.829999999947,11542.829999999947
2025-10-28 13:09:00,11542.829999999947,11542.829999999947
2025-10-28 14:09:00,11542.829999999947,11542.829999999947
2025-10-28 15:09:00,11542.829999999947,11542.829999999947
2025-10-28 16:09:00,11542.829999999947,11542.829999999947
2025-10-28 17:09:00,11542.829999999947,11542.829999999947
2025-10-28 18:09:00,11542.829999999947,11542.829999999947
2025-10-28 19:09:00,11542.829999999947,11542.829999999947
2025-10-28 20:09:00,11542.829999999947,11542.829999999947
2025-10-28 21:09:00,11542.829999999947,11542.829999999947
2025-10-28 22:09:00,11542.829999999947,11542.829999999947
2025-10-29 00:10:00,11633.599999999946,11947.639999999947
2025-10-29 01:10:00,11789.53999999995,11934.99999999995
2025-10-29 02:10:00,11789.53999999995,12032.92999999995
2025-10-29 03:10:00,12137.299999999952,12137.299999999952
2025-10-29 04:10:00,12137.299999999952,12137.299999999952
2025-10-29 05:10:00,12137.299999999952,12137.299999999952
2025-10-29 06:10:00,12137.299999999952,12137.299999999952
2025-10-29 07:10:00,12137.299999999952,12137.299999999952
2025-10-29 08:10:00,12137.299999999952,12137.299999999952
2025-10-29 09:10:00,12137.299999999952,12137.299999999952
2025-10-29 10:10:00,12137.299999999952,12137.299999999952
2025-10-29 11:10:00,12137.299999999952,12137.299999999952
2025-10-29 12:10:00,12137.299999999952,12137.299999999952
2025-10-29 13:10:00,12137.299999999952,12137.299999999952
2025-10-29 14:10:00,12137.299999999952,12137.299999999952
2025-10-29 15:10:00,12137.299999999952,12137.299999999952
2025-10-29 16:10:00,12137.299999999952,12137.299999999952
2025-10-29 17:10:00,12137.299999999952,12137.299999999952
2025-10-29 18:10:00,12015.709999999946,12015.709999999946
2025-10-29 19:10:00,12015.709999999946,12015.709999999946
2025-10-29 20:10:00,12015.709999999946,12015.709999999946
2025-10-29 21:10:00,12015.709999999946,12015.709999999946
2025-10-29 22:10:00,12015.709999999946,12015.709999999946
2025-10-30 00:11:00,12015.709999999946,12015.709999999946
2025-10-30 01:11:00,12015.709999999946,12015.709999999946
2025-10-30 02:11:00,12015.709999999946,12015.709999999946
2025-10-30 03:11:00,12015.709999999946,12015.709999999946
2025-10-30 04:11:00,12015.709999999946,12015.709999999946
2025-10-30 05:11:00,12015.709999999946,12015.709999999946
2025-10-30 06:11:00,12015.709999999946,12015.709999999946
2025-10-30 07:11:00,12015.709999999946,12015.709999999946
2025-10-30 08:11:00,12015.709999999946,12015.709999999946
2025-10-30 09:11:00,12015.709999999946,12015.709999999946
2025-10-30 10:11:00,12015.709999999946,12015.709999999946
2025-10-30 11:11:00,12015.709999999946,12015.709999999946
2025-10-30 12:11:00,12015.709999999946,12015.709999999946
2025-10-30 13:11:00,11966.269999999942,11966.269999999942
2025-10-30 14:11:00,11966.269999999942,11966.269999999942
2025-10-30 15:11:00,11966.269999999942,11966.269999999942
2025-10-30 16:11:00,11966.269999999942,11966.269999999942
2025-10-30 17:11:00,11966.269999999942,11966.269999999942
2025-10-30 18:11:00,11966.269999999942,11966.269999999942
2025-10-30 19:11:00,11966.269999999942,11966.269999999942
2025-10-30 20:11:00,11966.269999999942,11966.269999999942
2025-10-30 21:11:00,11966.269999999942,11966.269999999942
2025-10-30 22:11:00,11966.269999999942,11966.269999999942
2025-10-31 00:12:00,11966.269999999942,11966.269999999942
2025-10-31 01:12:00,11966.269999999942,11966.269999999942
2025-10-31 02:12:00,11979.579999999944,12018.579999999942
2025-10-31 03:12:00,11997.589999999944,11997.589999999944
2025-10-31 04:12:00,11997.589999999944,11997.589999999944
2025-10-31 05:12:00,11997.589999999944,11997.589999999944
2025-10-31 06:12:00,11997.589999999944,11997.589999999944
2025-10-31 07:12:00,11997.589999999944,11997.589999999944
2025-10-31 08:12:00,11997.589999999944,11997.589999999944
2025-10-31 09:12:00,11997.589999999944,11997.589999999944
2025-10-31 10:12:00,11997.589999999944,11997.589999999944
2025-10-31 11:12:00,11997.589999999944,11997.589999999944
2025-10-31 12:12:00,11997.589999999944,11997.589999999944
2025-10-31 13:12:00,11997.589999999944,11997.589999999944
2025-10-31 14:12:00,11997.589999999944,11997.589999999944
2025-10-31 15:12:00,11997.589999999944,11997.589999999944
2025-10-31 16:12:00,11997.589999999944,11997.589999999944
2025-10-31 17:12:00,11997.589999999944,11997.589999999944
2025-10-31 18:12:00,11997.589999999944,11997.589999999944
2025-10-31 19:12:00,11997.589999999944,11997.589999999944
2025-10-31 20:12:00,11878.209999999948,11824.83999999995
2025-10-31 21:12:00,11878.209999999948,11837.529999999948
2025-10-31 22:12:00,11892.609999999948,11892.609999999948
2025-11-03 01:13:00,11892.609999999948,11892.609999999948
2025-11-03 02:13:00,11892.609999999948,11892.609999999948
2025-11-03 03:13:00,11892.609999999948,11892.609999999948
2025-11-03 04:13:00,11892.609999999948,11892.609999999948
2025-11-03 05:13:00,11892.609999999948,11892.609999999948
2025-11-03 06:13:00,11892.609999999948,11892.609999999948
2025-11-03 07:13:00,11892.609999999948,11892.609999999948
2025-11-03 08:13:00,11892.609999999948,11892.609999999948
2025-11-03 09:13:00,11892.609999999948,11892.609999999948
2025-11-03 10:13:00,11892.609999999948,11892.609999999948
2025-11-03 11:13:00,11892.609999999948,11892.609999999948
2025-11-03 12:13:00,11892.609999999948,11892.609999999948
2025-11-03 13:13:00,11892.609999999948,11892.609999999948
2025-11-03 14:13:00,11891.349999999948,11887.389999999943
2025-11-03 15:13:00,11902.829999999942,11902.829999999942
2025-11-03 16:13:00,11902.829999999942,11902.829999999942
2025-11-03 17:13:00,11902.829999999942,11902.829999999942
2025-11-03 18:13:00,11902.829999999942,11902.829999999942
2025-11-03 19:13:00,11902.829999999942,11902.829999999942
2025-11-03 20:13:00,11902.829999999942,11902.829999999942
2025-11-03 21:13:00,11902.829999999942,11902.829999999942
2025-11-03 22:13:00,11902.829999999942,11902.829999999942
2025-11-03 23:13:00,11902.829999999942,11902.829999999942
2025-11-04 01:14:00,11902.829999999942,11902.829999999942
2025-11-04 02:14:00,11902.829999999942,11902.829999999942
2025-11-04 03:14:00,11939.019999999944,12001.339999999944
2025-11-04 04:14:00,11958.059999999943,11958.059999999943
2025-11-04 05:14:00,11958.059999999943,11958.059999999943
2025-11-04 06:14:00,11958.059999999943,11958.059999999943
2025-11-04 07:14:00,11958.059999999943,11958.059999999943
2025-11-04 08:14:00,11958.059999999943,11958.059999999943
2025-11-04 09:14:00,11958.059999999943,11958.059999999943
2025-11-04 10:14:00,11958.059999999943,11958.059999999943
2025-11-04 11:14:00,11958.059999999943,11958.059999999943
2025-11-04 12:14:00,11958.059999999943,11958.059999999943
2025-11-04 13:14:00,11958.059999999943,11958.059999999943
2025-11-04 14:14:00,11958.059999999943,11958.059999999943
2025-11-04 15:14:00,11958.059999999943,11958.059999999943
2025-11-04 16:14:00,11958.059999999943,11958.059999999943
2025-11-04 17:14:00,11958.059999999943,11958.059999999943
2025-11-04 18:14:00,11958.059999999943,11958.059999999943
2025-11-04 19:14:00,11958.059999999943,11958.059999999943
2025-11-04 20:14:00,11958.059999999943,11958.059999999943
2025-11-04 21:14:00,11958.059999999943,11958.059999999943
2025-11-04 22:14:00,11958.059999999943,11958.059999999943
2025-11-04 23:14:00,11958.059999999943,11958.059999999943
2025-11-05 01:15:00,11958.059999999943,11958.059999999943
2025-11-05 02:15:00,11958.059999999943,11958.059999999943
2025-11-05 03:15:00,11958.059999999943,11958.059999999943
2025-11-05 04:15:00,11958.059999999943,11958.059999999943
2025-11-05 05:15:00,11958.059999999943,11958.059999999943
2025-11-05 06:15:00,11958.059999999943,11958.059999999943
2025-11-05 07:15:00,11958.059999999943,11958.059999999943
2025-11-05 08:15:00,11958.059999999943,11958.059999999943
2025-11-05 09:15:00,11958.059999999943,11958.059999999943
2025-11-05 10:15:00,11958.059999999943,11958.059999999943
2025-11-05 11:15:00,11958.059999999943,11958.059999999943
2025-11-05 12:15:00,11958.059999999943,11958.059999999943
2025-11-05 13:15:00,11958.059999999943,11958.059999999943
2025-11-05 14:15:00,11958.059999999943,11958.059999999943
2025-11-05 15:15:00,11958.059999999943,11958.059999999943
2025-11-05 16:15:00,11958.059999999943,11958.059999999943
2025-11-05 17:15:00,11958.059999999943,11958.059999999943
2025-11-05 18:15:00,11958.059999999943,11958.059999999943
2025-11-05 19:15:00,11958.059999999943,11958.059999999943
2025-11-05 20:15:00,11958.059999999943,11958.059999999943
2025-11-05 21:15:00,11958.059999999943,11958.059999999943
2025-11-05 22:15:00,11958.059999999943,11958.059999999943
2025-11-05 23:15:00,11958.059999999943,11958.059999999943
2025-11-06 01:16:00,11958.059999999943,11958.059999999943
2025-11-06 02:16:00,11837.729999999947,11837.729999999947
2025-11-06 03:16:00,11837.729999999947,11837.729999999947
2025-11-06 04:16:00,11837.729999999947,11837.729999999947
2025-11-06 05:16:00,11837.729999999947,11837.729999999947
2025-11-06 06:16:00,11837.729999999947,11837.729999999947
2025-11-06 07:16:00,11837.729999999947,11837.729999999947
2025-11-06 08:16:00,11837.729999999947,11837.729999999947
2025-11-06 09:16:00,11837.729999999947,11837.729999999947
2025-11-06 10:16:00,11837.729999999947,11837.729999999947
2025-11-06 11:16:00,11837.729999999947,11837.729999999947
2025-11-06 12:16:00,11837.729999999947,11837.729999999947
2025-11-06 13:16:00,11837.729999999947,11837.729999999947
2025-11-06 14:16:00,11837.729999999947,11837.729999999947
2025-11-06 15:16:00,11863.709999999946,11976.509999999942
2025-11-06 16:16:00,11953.649999999941,11953.649999999941
2025-11-06 17:16:00,11953.649999999941,11953.649999999941
2025-11-06 18:16:00,11953.649999999941,11953.649999999941
2025-11-06 19:16:00,11953.649999999941,11953.649999999941
2025-11-06 20:16:00,11953.649999999941,11953.649999999941
2025-11-06 21:16:00,11953.649999999941,11953.649999999941
2025-11-06 22:16:00,11953.649999999941,11953.649999999941
2025-11-06 23:16:00,11953.649999999941,11953.649999999941
2025-11-07 01:17:00,11953.649999999941,11953.649999999941
2025-11-07 02:17:00,11953.649999999941,11953.649999999941
2025-11-07 03:17:00,11953.649999999941,11953.649999999941
2025-11-07 04:17:00,11953.649999999941,11953.649999999941
2025-11-07 05:17:00,11953.649999999941,11953.649999999941
2025-11-07 06:17:00,11953.649999999941,11953.649999999941
2025-11-07 07:17:00,11953.649999999941,11953.649999999941
2025-11-07 08:17:00,11953.649999999941,11953.649999999941
2025-11-07 09:17:00,11953.649999999941,11953.649999999941
2025-11-07 10:17:00,11953.649999999941,11953.649999999941
2025-11-07 11:17:00,11953.649999999941,11953.649999999941
2025-11-07 12:17:00,11953.649999999941,11953.649999999941
2025-11-07 13:17:00,11953.649999999941,11953.649999999941
2025-11-07 14:17:00,11953.649999999941,11953.649999999941
2025-11-07 15:17:00,11953.649999999941,11953.649999999941
2025-11-07 16:17:00,11953.649999999941,11953.649999999941
2025-11-07 17:17:00,11953.649999999941,11953.649999999941
2025-11-07 18:17:00,11953.649999999941,11953.649999999941
2025-11-07 19:17:00,11953.649999999941,11953.649999999941
2025-11-07 20:17:00,11953.649999999941,11953.649999999941
2025-11-07 21:17:00,11953.649999999941,11953.649999999941
2025-11-07 22:17:00,11953.649999999941,11953.649999999941
2025-11-07 23:17:00,11953.649999999941,11953.649999999941
2025-11-10 01:18:00,11953.649999999941,11953.649999999941
2025-11-10 02:18:00,11953.649999999941,11953.649999999941
2025-11-10 03:18:00,11953.649999999941,11953.649999999941
2025-11-10 04:18:00,11952.739999999942,12006.169999999944
2025-11-10 05:18:00,11965.84999999994,11992.749999999942
2025-11-10 06:18:00,11992.069999999942,12065.779999999942
2025-11-10 07:18:00,11992.069999999942,12058.149999999941
2025-11-10 08:18:00,12118.799999999941,12118.799999999941
2025-11-10 09:18:00,12118.799999999941,12118.799999999941
2025-11-10 10:18:00,12118.799999999941,12118.799999999941
2025-11-10 11:18:00,12118.799999999941,12118.799999999941
2025-11-10 12:18:00,12118.799999999941,12118.799999999941
2025-11-10 13:18:00,12118.799999999941,12118.799999999941
2025-11-10 14:18:00,12118.799999999941,12118.799999999941
2025-11-10 15:18:00,12118.799999999941,12118.799999999941
2025-11-10 16:18:00,12118.799999999941,12118.799999999941
2025-11-10 17:18:00,12118.799999999941,12118.799999999941
2025-11-10 18:18:00,12118.799999999941,12118.799999999941
2025-11-10 19:18:00,12118.799999999941,12118.799999999941
2025-11-10 20:18:00,12118.799999999941,12118.799999999941
2025-11-10 21:18:00,12118.799999999941,12118.799999999941
2025-11-10 22:18:00,12118.799999999941,12118.799999999941
2025-11-10 23:18:00,12118.799999999941,12118.799999999941
2025-11-11 01:19:00,12118.799999999941,12118.799999999941
2025-11-11 02:19:00,12118.799999999941,12118.799999999941
2025-11-11 03:19:00,12118.799999999941,12118.799999999941
2025-11-11 04:19:00,12118.799999999941,12118.799999999941
2025-11-11 05:19:00,12118.799999999941,12118.799999999941
2025-11-11 06:19:00,12118.799999999941,12118.799999999941
2025-11-11 07:19:00,12118.799999999941,12118.799999999941
2025-11-11 08:19:00,12118.799999999941,12118.799999999941
2025-11-11 09:19:00,12118.799999999941,12118.799999999941
2025-11-11 10:19:00,12118.799999999941,12118.799999999941
2025-11-11 11:19:00,12118.799999999941,12118.799999999941
2025-11-11 12:19:00,12118.799999999941,12118.799999999941
2025-11-11 13:19:00,12118.799999999941,12118.799999999941
2025-11-11 14:19:00,12118.799999999941,12118.799999999941
2025-11-11 15:19:00,12118.799999999941,12118.799999999941
2025-11-11 16:19:00,12118.799999999941,12118.799999999941
2025-11-11 17:19:00,12118.799999999941,12118.799999999941
2025-11-11 18:19:00,12118.799999999941,12118.799999999941
2025-11-11 19:19:00,12118.799999999941,12118.799999999941
2025-11-11 20:19:00,12118.799999999941,12118.799999999941
2025-11-11 21:19:00,12118.799999999941,12118.799999999941
2025-11-11 22:19:00,12118.799999999941,12118.799999999941
2025-11-11 23:19:00,12118.799999999941,12118.799999999941
2025-11-12 01:20:00,12118.799999999941,12118.799999999941
2025-11-12 02:20:00,12118.799999999941,12118.799999999941
2025-11-12 03:20:00,12118.799999999941,12118.799999999941
2025-11-12 04:20:00,12118.799999999941,12118.799999999941
2025-11-12 05:20:00,12118.799999999941,12118.799999999941
2025-11-12 06:20:00,12118.799999999941,12118.799999999941
2025-11-12 07:20:00,12118.799999999941,12118.799999999941
2025-11-12 08:20:00,12118.799999999941,12118.799999999941
2025-11-12 09:20:00,12118.799999999941,12118.799999999941
2025-11-12 10:20:00,12118.799999999941,12118.799999999941
2025-11-12 11:20:00,12118.799999999941,12118.799999999941
2025-11-12 12:20:00,12118.799999999941,12118.799999999941
2025-11-12 13:20:00,12118.799999999941,12118.799999999941
2025-11-12 14:20:00,12118.799999999941,12118.799999999941
2025-11-12 15:20:00,12118.799999999941,12118.799999999941
2025-11-12 16:20:00,12118.799999999941,12118.799999999941
2025-11-12 17:20:00,12118.799999999941,12118.799999999941
2025-11-12 18:20:00,12118.799999999941,12118.799999999941
2025-11-12 19:20:00,12118.799999999941,12118.799999999941
2025-11-12 20:20:00,12118.799999999941,12118.799999999941
2025-11-12 21:20:00,12118.799999999941,12118.799999999941
2025-11-12 22:20:00,12118.799999999941,12118.799999999941
2025-11-12 23:20:00,12118.799999999941,12118.799999999941
2025-11-13 01:21:00,12118.799999999941,12118.799999999941
2025-11-13 02:21:00,12118.799999999941,12118.799999999941
2025-11-13 03:21:00,12118.799999999941,12118.799999999941
2025-11-13 04:21:00,12118.799999999941,12118.799999999941
2025-11-13 05:21:00,12118.799999999941,12118.799999999941
2025-11-13 06:21:00,12118.799999999941,12118.799999999941
2025-11-13 07:21:00,12118.799999999941,12118.799999999941
2025-11-13 08:21:00,12118.799999999941,12118.799999999941
2025-11-13 09:21:00,12118.799999999941,12118.799999999941
2025-11-13 10:21:00,12118.799999999941,12118.799999999941
2025-11-13 11:21:00,12118.799999999941,12118.799999999941
2025-11-13 12:21:00,12118.799999999941,12118.799999999941
2025-11-13 13:21:00,12118.799999999941,12118.799999999941
2025-11-13 14:21:00,12118.799999999941,12118.799999999941
2025-11-13 15:21:00,12130.159999999938,12130.159999999938
2025-11-13 16:21:00,12130.159999999938,12130.159999999938
2025-11-13 17:21:00,12130.159999999938,12130.159999999938
2025-11-13 18:21:00,12130.159999999938,12130.159999999938
2025-11-13 19:21:00,12130.159999999938,12130.159999999938
2025-11-13 20:21:00,12130.159999999938,12130.159999999938
2025-11-13 21:21:00,12128.969999999937,12047.639999999934
2025-11-13 22:21:00,12146.489999999938,12165.129999999943
2025-11-13 23:21:00,12194.609999999937,12372.349999999944
2025-11-14 01:22:00,12188.609999999937,12417.589999999938
2025-11-14 02:22:00,12241.169999999936,12507.62999999994
2025-11-14 03:22:00,12241.169999999936,12430.629999999932
2025-11-14 04:22:00,12267.329999999936,12578.249999999938
2025-11-14 05:22:00,12608.569999999938,12649.309999999938
2025-11-14 06:22:00,12608.569999999938,12642.429999999938
2025-11-14 07:22:00,12608.569999999938,12629.46999999994
2025-11-14 08:22:00,12608.569999999938,12624.489999999938
2025-11-14 09:22:00,12616.319999999938,12616.319999999938
2025-11-14 10:22:00,12616.319999999938,12616.319999999938
2025-11-14 11:22:00,12616.319999999938,12616.319999999938
2025-11-14 12:22:00,12616.319999999938,12616.319999999938
2025-11-14 13:22:00,12616.319999999938,12616.319999999938
2025-11-14 14:22:00,12616.319999999938,12616.319999999938
2025-11-14 15:22:00,12616.319999999938,12616.319999999938
2025-11-14 16:22:00,12616.319999999938,12616.319999999938
2025-11-14 17:22:00,12616.319999999938,12616.319999999938
2025-11-14 18:22:00,12628.529999999935,12628.529999999935
2025-11-14 19:22:00,12628.529999999935,12628.529999999935
2025-11-14 20:22:00,12628.529999999935,12628.529999999935
2025-11-14 21:22:00,12628.529999999935,12628.529999999935
2025-11-14 22:22:00,12628.529999999935,12628.529999999935
2025-11-14 23:22:00,12628.529999999935,12628.529999999935
2025-11-17 01:23:00,12628.529999999935,12628.529999999935
2025-11-17 02:23:00,12628.529999999935,12628.529999999935
2025-11-17 03:23:00,12628.529999999935,12628.529999999935
2025-11-17 04:23:00,12628.529999999935,12628.529999999935
2025-11-17 05:23:00,12628.529999999935,12628.529999999935
2025-11-17 06:23:00,12628.529999999935,12628.529999999935
2025-11-17 07:23:00,12628.529999999935,12628.529999999935
2025-11-17 08:23:00,12628.179999999935,12648.179999999935
2025-11-17 09:23:00,12642.509999999935,12723.629999999934
2025-11-17 10:23:00,12671.169999999935,12755.559999999934
2025-11-17 11:23:00,12671.169999999935,12756.699999999933
2025-11-17 12:23:00,12671.169999999935,12764.379999999934
2025-11-17 13:23:00,12671.169999999935,12713.379999999934
2025-11-17 14:23:00,12671.169999999935,12740.619999999933
2025-11-17 15:23:00,12671.169999999935,12748.659999999934
2025-11-17 16:23:00,12671.169999999935,12703.509999999933
2025-11-17 17:23:00,12671.169999999935,12717.699999999933
2025-11-17 18:23:00,12670.869999999933,12670.869999999933
2025-11-17 19:23:00,12670.869999999933,12670.869999999933
2025-11-17 20:23:00,12670.869999999933,12670.869999999933
2025-11-17 21:23:00,12670.869999999933,12670.869999999933
2025-11-17 22:23:00,12670.869999999933,12670.869999999933
2025-11-17 23:23:00,12670.869999999933,12670.869999999933
2025-11-18 01:24:00,12670.869999999933,12670.869999999933
2025-11-18 02:24:00,12670.869999999933,12670.869999999933
2025-11-18 03:24:00,12670.869999999933,12670.869999999933
2025-11-18 04:24:00,12670.869999999933,12670.869999999933
2025-11-18 05:24:00,12670.869999999933,12670.869999999933
2025-11-18 06:24:00,12670.869999999933,12670.869999999933
2025-11-18 07:24:00,12670.869999999933,12670.869999999933
2025-11-18 08:24:00,12670.869999999933,12670.869999999933
2025-11-18 09:24:00,12670.869999999933,12670.869999999933
2025-11-18 10:24:00,12670.869999999933,12670.869999999933
2025-11-18 11:24:00,12545.279999999933,12545.279999999933
2025-11-18 12:24:00,12545.279999999933,12545.279999999933
2025-11-18 13:24:00,12545.279999999933,12545.279999999933
2025-11-18 14:24:00,12545.279999999933,12545.279999999933
2025-11-18 15:24:00,12545.279999999933,12545.279999999933
2025-11-18 16:24:00,12545.279999999933,12545.279999999933
2025-11-18 17:24:00,12545.279999999933,12545.279999999933
2025-11-18 18:24:00,12545.279999999933,12545.279999999933
2025-11-18 19:24:00,12545.279999999933,12545.279999999933
2025-11-18 20:24:00,12545.279999999933,12545.279999999933
2025-11-18 21:24:00,12545.279999999933,12545.279999999933
2025-11-18 22:24:00,12545.279999999933,12545.279999999933
2025-11-18 23:24:00,12545.279999999933,12545.279999999933
2025-11-19 01:25:00,12545.279999999933,12545.279999999933
2025-11-19 02:25:00,12545.279999999933,12545.279999999933
2025-11-19 03:25:00,12545.279999999933,12545.279999999933
2025-11-19 04:25:00,12545.279999999933,12545.279999999933
2025-11-19 05:25:00,12545.279999999933,12545.279999999933
2025-11-19 06:25:00,12545.279999999933,12545.279999999933
2025-11-19 07:25:00,12545.279999999933,12545.279999999933
2025-11-19 08:25:00,12545.279999999933,12545.279999999933
2025-11-19 09:25:00,12551.099999999933,12686.75999999994
2025-11-19 10:25:00,12676.73999999994,12676.73999999994
2025-11-19 11:25:00,12676.73999999994,12676.73999999994
2025-11-19 12:25:00,12676.73999999994,12676.73999999994
2025-11-19 13:25:00,12676.73999999994,12676.73999999994
2025-11-19 14:25:00,12676.73999999994,12676.73999999994
2025-11-19 15:25:00,12694.859999999942,12725.729999999945
2025-11-19 16:25:00,12732.779999999944,12771.599999999946
2025-11-19 17:25:00,12732.179999999946,12732.179999999946
2025-11-19 18:25:00,12602.599999999955,12602.599999999955
2025-11-19 19:25:00,12602.599999999955,12602.599999999955
2025-11-19 20:25:00,12602.599999999955,12602.599999999955
2025-11-19 21:25:00,12602.599999999955,12602.599999999955
2025-11-19 22:25:00,12602.599999999955,12602.599999999955
2025-11-19 23:25:00,12602.599999999955,12602.599999999955
2025-11-20 01:26:00,12602.599999999955,12602.599999999955
2025-11-20 02:26:00,12602.249999999956,12572.949999999955
2025-11-20 03:26:00,12602.249999999956,12626.24999999996
2025-11-20 04:26:00,12650.559999999956,12789.119999999955
2025-11-20 05:26:00,12650.559999999956,12730.679999999955
2025-11-20 06:26:00,12650.559999999956,12717.419999999955
2025-11-20 07:26:00,12650.559999999956,12740.399999999956
2025-11-20 08:26:00,12650.559999999956,12768.599999999955
2025-11-20 09:26:00,12650.559999999956,12767.549999999956
2025-11-20 10:26:00,12329.359999999955,12506.139999999956
2025-11-20 11:26:00,12329.359999999955,12442.749999999955
2025-11-20 12:26:00,12329.359999999955,12442.659999999956
2025-11-20 13:26:00,12329.359999999955,12473.229999999954
2025-11-20 14:26:00,12329.359999999955,12412.959999999955
2025-11-20 15:26:00,12329.359999999955,12363.039999999955
2025-11-20 16:26:00,12329.359999999955,12381.729999999956
2025-11-20 17:26:00,12329.059999999954,12329.059999999954
2025-11-20 18:26:00,12329.059999999954,12329.059999999954
2025-11-20 19:26:00,12355.559999999954,12389.159999999953
2025-11-20 20:26:00,12355.159999999953,12355.159999999953
2025-11-20 21:26:00,12355.159999999953,12355.159999999953
2025-11-20 22:26:00,12355.159999999953,12355.159999999953
2025-11-20 23:26:00,12355.159999999953,12355.159999999953
2025-11-21 01:27:00,12355.159999999953,12355.159999999953
2025-11-21 02:27:00,12354.179999999953,12398.839999999953
2025-11-21 03:27:00,12368.25999999995,12368.25999999995
2025-11-21 04:27:00,12368.25999999995,12368.25999999995
2025-11-21 05:27:00,12368.25999999995,12368.25999999995
2025-11-21 06:27:00,12368.25999999995,12368.25999999995
2025-11-21 07:27:00,12368.25999999995,12368.25999999995
2025-11-21 08:27:00,12368.25999999995,12368.25999999995
2025-11-21 09:27:00,12368.25999999995,12368.25999999995
2025-11-21 10:27:00,12367.489999999949,12342.409999999953
2025-11-21 11:27:00,12379.949999999948,12379.949999999948
2025-11-21 12:27:00,12379.949999999948,12379.949999999948
2025-11-21 13:27:00,12379.949999999948,12379.949999999948
2025-11-21 14:27:00,12379.949999999948,12379.949999999948
2025-11-21 15:27:00,12379.949999999948,12379.949999999948
2025-11-21 16:27:00,12379.949999999948,12379.949999999948
2025-11-21 17:27:00,12379.949999999948,12379.949999999948
2025-11-21 18:27:00,12433.999999999942,12538.219999999941
2025-11-21 19:27:00,12712.63999999994,12712.63999999994
2025-11-21 20:27:00,12712.63999999994,12712.63999999994
2025-11-21 21:27:00,12712.63999999994,12712.63999999994
2025-11-21 22:27:00,12712.63999999994,12712.63999999994
2025-11-21 23:27:00,12727.98999999994,12727.98999999994
2025-11-24 01:28:00,12727.98999999994,12727.98999999994
2025-11-24 02:28:00,12727.98999999994,12727.98999999994
2025-11-24 03:28:00,12727.98999999994,12727.98999999994
2025-11-24 04:28:00,12727.98999999994,12727.98999999994
2025-11-24 05:28:00,12727.98999999994,12727.98999999994
2025-11-24 06:28:00,12727.98999999994,12727.98999999994
2025-11-24 07:28:00,12727.98999999994,12727.98999999994
2025-11-24 08:28:00,12727.98999999994,12727.98999999994
2025-11-24 09:28:00,12727.98999999994,12727.98999999994
2025-11-24 10:28:00,12727.98999999994,12727.98999999994
2025-11-24 11:28:00,12727.98999999994,12727.98999999994
2025-11-24 12:28:00,12727.98999999994,12727.98999999994
2025-11-24 13:28:00,12727.98999999994,12727.98999999994
2025-11-24 14:28:00,12727.98999999994,12727.98999999994
2025-11-24 15:28:00,12727.98999999994,12727.98999999994
2025-11-24 16:28:00,12727.98999999994,12727.98999999994
2025-11-24 17:28:00,12727.98999999994,12727.98999999994
2025-11-24 18:28:00,12727.98999999994,12727.98999999994
2025-11-24 19:28:00,12727.98999999994,12727.98999999994
2025-11-24 20:28:00,12727.98999999994,12727.98999999994
2025-11-24 21:28:00,12727.98999999994,12727.98999999994
2025-11-24 22:28:00,12727.98999999994,12727.98999999994
2025-11-24 23:28:00,12727.98999999994,12727.98999999994
2025-11-25 01:29:00,12727.98999999994,12727.98999999994
2025-11-25 02:29:00,12727.98999999994,12727.98999999994
2025-11-25 03:29:00,12727.98999999994,12727.98999999994
2025-11-25 04:29:00,12727.98999999994,12727.98999999994
2025-11-25 05:29:00,12727.98999999994,12727.98999999994
2025-11-25 06:29:00,12727.98999999994,12727.98999999994
2025-11-25 07:29:00,12727.98999999994,12727.98999999994
2025-11-25 08:29:00,12727.98999999994,12727.98999999994
2025-11-25 09:29:00,12727.98999999994,12727.98999999994
2025-11-25 10:29:00,12727.98999999994,12727.98999999994
2025-11-25 11:29:00,12814.029999999944,12929.869999999948
2025-11-25 12:29:00,12901.189999999944,12984.309999999947
2025-11-25 13:29:00,12901.189999999944,12990.309999999947
2025-11-25 14:29:00,12901.189999999944,12991.309999999947
2025-11-25 15:29:00,12947.149999999947,13122.829999999947
2025-11-25 16:29:00,13110.309999999947,13110.309999999947
2025-11-25 17:29:00,13110.309999999947,13110.309999999947
2025-11-25 18:29:00,13110.309999999947,13110.309999999947
2025-11-25 19:29:00,13110.309999999947,13110.309999999947
2025-11-25 20:29:00,13110.309999999947,13110.309999999947
2025-11-25 21:29:00,13110.309999999947,13110.309999999947
2025-11-25 22:29:00,13110.309999999947,13110.309999999947
2025-11-25 23:29:00,13110.309999999947,13110.309999999947
2025-11-26 01:30:00,13110.309999999947,13110.309999999947
2025-11-26 02:30:00,13110.309999999947,13110.309999999947
2025-11-26 03:30:00,13110.309999999947,13110.309999999947
2025-11-26 04:30:00,13110.309999999947,13110.309999999947
2025-11-26 05:30:00,13110.309999999947,13110.309999999947
2025-11-26 06:30:00,13110.309999999947,13110.309999999947
2025-11-26 07:30:00,13110.309999999947,13110.309999999947
2025-11-26 08:30:00,13110.309999999947,13110.309999999947
2025-11-26 09:30:00,13110.309999999947,13110.309999999947
2025-11-26 10:30:00,13110.309999999947,13110.309999999947
2025-11-26 11:30:00,13110.309999999947,13110.309999999947
2025-11-26 12:30:00,13110.309999999947,13110.309999999947
2025-11-26 13:30:00,13110.309999999947,13110.309999999947
2025-11-26 14:30:00,13110.309999999947,13110.309999999947
2025-11-26 15:30:00,13110.309999999947,13110.309999999947
2025-11-26 16:30:00,13110.309999999947,13110.309999999947
2025-11-26 17:30:00,13110.309999999947,13110.309999999947
2025-11-26 18:30:00,13110.309999999947,13110.309999999947
2025-11-26 19:30:00,13110.309999999947,13110.309999999947
2025-11-26 20:30:00,13110.309999999947,13110.309999999947
2025-11-26 21:30:00,13110.309999999947,13110.309999999947
2025-11-26 22:30:00,13110.309999999947,13110.309999999947
2025-11-26 23:30:00,13110.309999999947,13110.309999999947
2025-11-27 01:31:00,13110.309999999947,13110.309999999947
2025-11-27 02:31:00,13110.309999999947,13110.309999999947
2025-11-27 03:31:00,13110.309999999947,13110.309999999947
2025-11-27 04:31:00,13110.309999999947,13110.309999999947
2025-11-27 05:31:00,13110.309999999947,13110.309999999947
2025-11-27 06:31:00,13110.309999999947,13110.309999999947
2025-11-27 07:31:00,13110.309999999947,13110.309999999947
2025-11-27 08:31:00,13110.309999999947,13110.309999999947
2025-11-27 09:31:00,13110.309999999947,13110.309999999947
2025-11-27 10:31:00,13110.309999999947,13110.309999999947
2025-11-27 11:31:00,13110.309999999947,13110.309999999947
2025-11-27 12:31:00,13110.309999999947,13110.309999999947
2025-11-27 13:31:00,13110.309999999947,13110.309999999947
2025-11-27 14:31:00,13110.309999999947,13110.309999999947
2025-11-27 15:31:00,13110.309999999947,13110.309999999947
2025-11-27 16:31:00,13110.309999999947,13110.309999999947
2025-11-27 17:31:00,13110.309999999947,13110.309999999947
2025-11-27 18:31:00,13110.309999999947,13110.309999999947
2025-11-27 19:31:00,13110.309999999947,13110.309999999947
2025-11-27 20:31:00,13110.309999999947,13110.309999999947
2025-11-28 01:00:00,13110.309999999947,13110.309999999947
2025-11-28 02:00:00,13110.309999999947,13110.309999999947
2025-11-28 03:00:00,13110.309999999947,13110.309999999947
2025-11-28 04:00:00,13110.309999999947,13110.309999999947
2025-11-28 05:00:00,13110.309999999947,13110.309999999947
2025-11-28 06:00:00,13110.309999999947,13110.309999999947
2025-11-28 07:00:00,13110.309999999947,13110.309999999947
2025-11-28 08:00:00,13205.949999999948,13205.949999999948
2025-11-28 09:00:00,13205.949999999948,13205.949999999948
2025-11-28 10:00:00,13205.949999999948,13205.949999999948
2025-11-28 11:00:00,13205.949999999948,13205.949999999948
2025-11-28 12:00:00,13205.949999999948,13205.949999999948
2025-11-28 13:00:00,13205.949999999948,13205.949999999948
2025-11-28 14:00:00,13204.199999999948,13221.449999999939
2025-11-28 15:00:00,13298.159999999942,13353.73999999994
2025-11-28 16:00:00,13308.449999999937,13308.449999999937
2025-11-28 17:00:00,13308.449999999937,13308.449999999937
2025-11-28 18:00:00,13306.909999999936,13280.94999999993
2025-11-28 19:00:00,13319.95999999993,13319.95999999993
2025-11-28 20:00:00,13319.95999999993,13319.95999999993
2025-11-28 21:00:00,13319.95999999993,13319.95999999993
2025-12-01 01:14:00,13319.95999999993,13319.95999999993
2025-12-01 02:14:00,13319.95999999993,13319.95999999993
2025-12-01 03:14:00,13319.95999999993,13319.95999999993
2025-12-01 04:14:00,13319.95999999993,13319.95999999993
2025-12-01 05:14:00,13319.95999999993,13319.95999999993
2025-12-01 06:14:00,13319.95999999993,13319.95999999993
2025-12-01 07:14:00,13319.95999999993,13319.95999999993
2025-12-01 08:14:00,13318.41999999993,13325.679999999928
2025-12-01 09:14:00,13383.719999999927,13383.719999999927
2025-12-01 10:14:00,13383.719999999927,13383.719999999927
2025-12-01 11:14:00,13383.719999999927,13383.719999999927
2025-12-01 12:14:00,13383.719999999927,13383.719999999927
2025-12-01 13:14:00,13383.719999999927,13383.719999999927
2025-12-01 14:14:00,13383.719999999927,13383.719999999927
2025-12-01 15:14:00,13383.719999999927,13383.719999999927
2025-12-01 16:14:00,13383.719999999927,13383.719999999927
2025-12-01 17:14:00,13383.719999999927,13383.719999999927
2025-12-01 18:14:00,13383.719999999927,13383.719999999927
2025-12-01 19:14:00,13383.719999999927,13383.719999999927
2025-12-01 20:14:00,13383.719999999927,13383.719999999927
2025-12-01 21:14:00,13383.719999999927,13383.719999999927
2025-12-01 22:14:00,13383.719999999927,13383.719999999927
2025-12-01 23:14:00,13383.719999999927,13383.719999999927
2025-12-02 01:15:00,13383.719999999927,13383.719999999927
2025-12-02 02:15:00,13383.719999999927,13383.719999999927
2025-12-02 03:15:00,13383.719999999927,13383.719999999927
2025-12-02 04:15:00,13383.719999999927,13383.719999999927
2025-12-02 05:15:00,13383.719999999927,13383.719999999927
2025-12-02 06:15:00,13383.719999999927,13383.719999999927
2025-12-02 07:15:00,13383.719999999927,13383.719999999927
2025-12-02 08:15:00,13383.719999999927,13383.719999999927
2025-12-02 09:15:00,13383.719999999927,13383.719999999927
2025-12-02 10:15:00,13383.719999999927,13383.719999999927
2025-12-02 11:15:00,13383.719999999927,13383.719999999927
2025-12-02 12:15:00,13470.14999999994,13499.759999999938
2025-12-02 13:15:00,13482.479999999947,13482.479999999947
2025-12-02 14:15:00,13348.859999999946,13348.859999999946
2025-12-02 15:15:00,13348.859999999946,13348.859999999946
2025-12-02 16:15:00,13348.859999999946,13348.859999999946
2025-12-02 17:15:00,13348.859999999946,13348.859999999946
2025-12-02 18:15:00,13348.859999999946,13348.859999999946
2025-12-02 19:15:00,13348.859999999946,13348.859999999946
2025-12-02 20:15:00,13348.859999999946,13348.859999999946
2025-12-02 21:15:00,13348.859999999946,13348.859999999946
2025-12-02 22:15:00,13348.439999999946,13349.699999999946
2025-12-02 23:15:00,13289.719999999945,13299.419999999947
2025-12-03 01:16:00,13324.099999999942,13324.099999999942
2025-12-03 02:16:00,13324.099999999942,13324.099999999942
2025-12-03 03:16:00,13324.099999999942,13324.099999999942
2025-12-03 04:16:00,13324.099999999942,13324.099999999942
2025-12-03 05:16:00,13324.099999999942,13324.099999999942
2025-12-03 06:16:00,13324.099999999942,13324.099999999942
2025-12-03 07:16:00,13324.099999999942,13324.099999999942
2025-12-03 08:16:00,13324.099999999942,13324.099999999942
2025-12-03 09:16:00,13324.099999999942,13324.099999999942
2025-12-03 10:16:00,13324.099999999942,13324.099999999942
2025-12-03 11:16:00,13324.099999999942,13324.099999999942
2025-12-03 12:16:00,13324.099999999942,13324.099999999942
2025-12-03 13:16:00,13324.099999999942,13324.099999999942
2025-12-03 14:16:00,13324.099999999942,13324.099999999942
2025-12-03 15:16:00,13324.099999999942,13324.099999999942
2025-12-03 16:16:00,13324.099999999942,13324.099999999942
2025-12-03 17:16:00,13324.099999999942,13324.099999999942
2025-12-03 18:16:00,13324.099999999942,13324.099999999942
2025-12-03 19:16:00,13192.639999999932,13192.639999999932
2025-12-03 20:16:00,13192.639999999932,13192.639999999932
2025-12-03 21:16:00,13192.639999999932,13192.639999999932
2025-12-03 22:16:00,13192.639999999932,13192.639999999932
2025-12-03 23:16:00,13192.639999999932,13192.639999999932
2025-12-04 01:17:00,13192.639999999932,13192.639999999932
2025-12-04 02:17:00,13192.639999999932,13192.639999999932
2025-12-04 03:17:00,13192.639999999932,13192.639999999932
2025-12-04 04:17:00,13192.639999999932,13192.639999999932
2025-12-04 05:17:00,13192.639999999932,13192.639999999932
2025-12-04 06:17:00,13192.639999999932,13192.639999999932
2025-12-04 07:17:00,13192.639999999932,13192.639999999932
2025-12-04 08:17:00,13192.639999999932,13192.639999999932
2025-12-04 09:17:00,13192.639999999932,13192.639999999932
2025-12-04 10:17:00,13192.639999999932,13192.639999999932
2025-12-04 11:17:00,13192.639999999932,13192.639999999932
2025-12-04 12:17:00,13192.639999999932,13192.639999999932
2025-12-04 13:17:00,13192.639999999932,13192.639999999932
2025-12-04 14:17:00,13192.639999999932,13192.639999999932
2025-12-04 15:17:00,13192.639999999932,13192.639999999932
2025-12-04 16:17:00,13192.639999999932,13192.639999999932
2025-12-04 17:17:00,13192.639999999932,13192.639999999932
2025-12-04 18:17:00,13192.639999999932,13192.639999999932
2025-12-04 19:17:00,13192.639999999932,13192.639999999932
2025-12-04 20:17:00,13192.639999999932,13192.639999999932
2025-12-04 21:17:00,13192.639999999932,13192.639999999932
2025-12-04 22:17:00,13192.639999999932,13192.639999999932
2025-12-04 23:17:00,13192.639999999932,13192.639999999932
2025-12-05 01:18:00,13192.639999999932,13192.639999999932
2025-12-05 02:18:00,13192.639999999932,13192.639999999932
2025-12-05 03:18:00,13192.639999999932,13192.639999999932
2025-12-05 04:18:00,13192.639999999932,13192.639999999932
2025-12-05 05:18:00,13192.639999999932,13192.639999999932
2025-12-05 06:18:00,13192.639999999932,13192.639999999932
2025-12-05 07:18:00,13192.639999999932,13192.639999999932
2025-12-05 08:18:00,13192.639999999932,13192.639999999932
2025-12-05 09:18:00,13192.639999999932,13192.639999999932
2025-12-05 10:18:00,13192.639999999932,13192.639999999932
2025-12-05 11:18:00,13192.639999999932,13192.639999999932
2025-12-05 12:18:00,13192.639999999932,13192.639999999932
2025-12-05 13:18:00,13192.639999999932,13192.639999999932
2025-12-05 14:18:00,13192.639999999932,13192.639999999932
2025-12-05 15:18:00,13192.639999999932,13192.639999999932
2025-12-05 16:18:00,13192.639999999932,13192.639999999932
2025-12-05 17:18:00,13192.639999999932,13192.639999999932
2025-12-05 18:18:00,13309.929999999935,13309.929999999935
2025-12-05 19:18:00,13309.929999999935,13309.929999999935
2025-12-05 20:18:00,13309.929999999935,13309.929999999935
2025-12-05 21:18:00,13309.929999999935,13309.929999999935
2025-12-05 22:18:00,13309.929999999935,13309.929999999935
2025-12-05 23:18:00,13309.929999999935,13309.929999999935
2025-12-08 01:19:00,13309.929999999935,13309.929999999935
2025-12-08 02:19:00,13309.929999999935,13309.929999999935
2025-12-08 03:19:00,13309.929999999935,13309.929999999935
2025-12-08 04:19:00,13309.929999999935,13309.929999999935
2025-12-08 05:19:00,13309.929999999935,13309.929999999935
2025-12-08 06:19:00,13309.929999999935,13309.929999999935
2025-12-08 07:19:00,13309.929999999935,13309.929999999935
2025-12-08 08:19:00,13309.929999999935,13309.929999999935
2025-12-08 09:19:00,13309.929999999935,13309.929999999935
2025-12-08 10:19:00,13309.929999999935,13309.929999999935
2025-12-08 11:19:00,13309.929999999935,13309.929999999935
2025-12-08 12:19:00,13309.929999999935,13309.929999999935
2025-12-08 13:19:00,13309.929999999935,13309.929999999935
2025-12-08 14:19:00,13309.929999999935,13309.929999999935
2025-12-08 15:19:00,13309.929999999935,13309.929999999935
2025-12-08 16:19:00,13309.929999999935,13309.929999999935
2025-12-08 17:19:00,13309.929999999935,13309.929999999935
2025-12-08 18:19:00,13309.929999999935,13309.929999999935
2025-12-08 19:19:00,13309.929999999935,13309.929999999935
2025-12-08 20:19:00,13309.929999999935,13309.929999999935
2025-12-08 21:19:00,13309.929999999935,13309.929999999935
2025-12-08 22:19:00,13309.929999999935,13309.929999999935
2025-12-08 23:19:00,13309.929999999935,13309.929999999935
2025-12-09 01:20:00,13309.929999999935,13309.929999999935
2025-12-09 02:20:00,13309.929999999935,13309.929999999935
2025-12-09 03:20:00,13309.929999999935,13309.929999999935
2025-12-09 04:20:00,13309.929999999935,13309.929999999935
2025-12-09 05:20:00,13309.929999999935,13309.929999999935
2025-12-09 06:20:00,13309.929999999935,13309.929999999935
2025-12-09 07:20:00,13309.929999999935,13309.929999999935
2025-12-09 08:20:00,13309.929999999935,13309.929999999935
2025-12-09 09:20:00,13309.929999999935,13309.929999999935
2025-12-09 10:20:00,13309.929999999935,13309.929999999935
2025-12-09 11:20:00,13056.249999999927,13056.249999999927
2025-12-09 12:20:00,13056.249999999927,13056.249999999927
2025-12-09 13:20:00,13056.249999999927,13056.249999999927
2025-12-09 14:20:00,13053.169999999927,12990.249999999915
2025-12-09 15:20:00,13101.679999999926,13164.379999999914
2025-12-09 16:20:00,13098.379999999914,13098.379999999914
2025-12-09 17:20:00,13098.379999999914,13098.379999999914
2025-12-09 18:20:00,13098.379999999914,13098.379999999914
2025-12-09 19:20:00,13098.379999999914,13098.379999999914
2025-12-09 20:20:00,13098.379999999914,13098.379999999914
2025-12-09 21:20:00,13098.379999999914,13098.379999999914
2025-12-09 22:20:00,13098.379999999914,13098.379999999914
2025-12-09 23:20:00,13098.379999999914,13098.379999999914
2025-12-10 01:21:00,13098.379999999914,13098.379999999914
2025-12-10 02:21:00,13098.379999999914,13098.379999999914
2025-12-10 03:21:00,13098.379999999914,13098.379999999914
2025-12-10 04:21:00,13098.379999999914,13098.379999999914
2025-12-10 05:21:00,13098.379999999914,13098.379999999914
2025-12-10 06:21:00,13098.379999999914,13098.379999999914
2025-12-10 07:21:00,13098.379999999914,13098.379999999914
2025-12-10 08:21:00,12964.069999999914,12964.069999999914
2025-12-10 09:21:00,12964.069999999914,12964.069999999914
2025-12-10 10:21:00,12964.069999999914,12964.069999999914
2025-12-10 11:21:00,12964.069999999914,12964.069999999914
2025-12-10 12:21:00,12964.069999999914,12964.069999999914
2025-12-10 13:21:00,12964.069999999914,12964.069999999914
2025-12-10 14:21:00,12964.069999999914,12964.069999999914
2025-12-10 15:21:00,12964.069999999914,12964.069999999914
2025-12-10 16:21:00,12964.069999999914,12964.069999999914
2025-12-10 17:21:00,12964.069999999914,12964.069999999914
2025-12-10 18:21:00,12964.069999999914,12964.069999999914
2025-12-10 19:21:00,12964.069999999914,12964.069999999914
2025-12-10 20:21:00,12964.069999999914,12964.069999999914
2025-12-10 21:21:00,12964.069999999914,12964.069999999914
2025-12-10 22:21:00,12963.579999999914,12933.199999999913
2025-12-10 23:21:00,12971.889999999914,13012.089999999913
2025-12-11 01:22:00,12972.789999999914,13004.169999999911
2025-12-11 02:22:00,12971.90999999991,12957.149999999912
2025-12-11 03:22:00,12971.90999999991,12975.38999999991
2025-12-11 04:22:00,12979.029999999912,12995.829999999913
2025-12-11 05:22:00,13013.889999999912,13044.779999999915
2025-12-11 06:22:00,13013.889999999912,13054.979999999916
2025-12-11 07:22:00,13013.889999999912,13038.219999999914
2025-12-11 08:22:00,13048.959999999912,13041.859999999911
2025-12-11 09:22:00,13048.959999999912,13051.459999999912
2025-12-11 10:22:00,13048.959999999912,13067.359999999913
2025-12-11 11:22:00,13048.959999999912,13061.809999999914
2025-12-11 12:22:00,13061.329999999913,13080.249999999915
2025-12-11 13:22:00,13060.929999999915,13060.929999999915
2025-12-11 14:22:00,13060.929999999915,13060.929999999915
2025-12-11 15:22:00,13060.929999999915,13060.929999999915
2025-12-11 16:22:00,13060.929999999915,13060.929999999915
2025-12-11 17:22:00,13060.929999999915,13060.929999999915
2025-12-11 18:22:00,13060.929999999915,13060.929999999915
2025-12-11 19:22:00,13060.929999999915,13060.929999999915
2025-12-11 20:22:00,13060.929999999915,13060.929999999915
2025-12-11 21:22:00,13059.039999999915,13102.339999999927
2025-12-11 22:22:00,13085.649999999914,13085.649999999914
2025-12-11 23:22:00,13085.649999999914,13085.649999999914
2025-12-12 01:23:00,13085.649999999914,13085.649999999914
2025-12-12 02:23:00,13085.649999999914,13085.649999999914
2025-12-12 03:23:00,13085.649999999914,13085.649999999914
2025-12-12 04:23:00,13085.649999999914,13085.649999999914
2025-12-12 05:23:00,13085.649999999914,13085.649999999914
2025-12-12 06:23:00,13085.649999999914,13085.649999999914
2025-12-12 07:23:00,13085.649999999914,13085.649999999914
2025-12-12 08:23:00,13085.649999999914,13085.649999999914
2025-12-12 09:23:00,13085.649999999914,13085.649999999914
2025-12-12 10:23:00,13085.649999999914,13085.649999999914
2025-12-12 11:23:00,13085.649999999914,13085.649999999914
2025-12-12 12:23:00,13085.649999999914,13085.649999999914
2025-12-12 13:23:00,13085.649999999914,13085.649999999914
2025-12-12 14:23:00,13085.649999999914,13085.649999999914
2025-12-12 15:23:00,13085.649999999914,13085.649999999914
2025-12-12 16:23:00,13085.649999999914,13085.649999999914
2025-12-12 17:23:00,13085.649999999914,13085.649999999914
2025-12-12 18:23:00,13085.649999999914,13085.649999999914
2025-12-12 19:23:00,13085.649999999914,13085.649999999914
2025-12-12 20:23:00,13085.649999999914,13085.649999999914
2025-12-12 21:23:00,13085.649999999914,13085.649999999914
2025-12-12 22:23:00,13085.649999999914,13085.649999999914
2025-12-12 23:23:00,13085.649999999914,13085.649999999914
2025-12-15 01:24:00,13085.649999999914,13085.649999999914
2025-12-15 02:24:00,13085.649999999914,13085.649999999914
2025-12-15 03:24:00,13085.649999999914,13085.649999999914
2025-12-15 04:24:00,13085.649999999914,13085.649999999914
2025-12-15 05:24:00,13112.669999999913,13174.969999999897
2025-12-15 06:24:00,13111.269999999908,13111.269999999908
2025-12-15 07:24:00,13111.269999999908,13111.269999999908
2025-12-15 08:24:00,13111.269999999908,13111.269999999908
2025-12-15 09:24:00,13111.269999999908,13111.269999999908
2025-12-15 10:24:00,13283.009999999906,13390.24999999991
2025-12-15 11:24:00,13476.899999999901,13476.899999999901
2025-12-15 12:24:00,13476.899999999901,13476.899999999901
2025-12-15 13:24:00,13476.899999999901,13476.899999999901
2025-12-15 14:24:00,13476.899999999901,13476.899999999901
2025-12-15 15:24:00,13476.899999999901,13476.899999999901
2025-12-15 16:24:00,13476.899999999901,13476.899999999901
2025-12-15 17:24:00,13476.899999999901,13476.899999999901
2025-12-15 18:24:00,13476.899999999901,13476.899999999901
2025-12-15 19:24:00,13476.899999999901,13476.899999999901
2025-12-15 20:24:00,13476.899999999901,13476.899999999901
2025-12-15 21:24:00,13476.899999999901,13476.899999999901
2025-12-15 22:24:00,13476.899999999901,13476.899999999901
2025-12-15 23:24:00,13476.899999999901,13476.899999999901
2025-12-16 01:25:00,13476.899999999901,13476.899999999901
2025-12-16 02:25:00,13476.899999999901,13476.899999999901
2025-12-16 03:25:00,13476.899999999901,13476.899999999901
2025-12-16 04:25:00,13476.899999999901,13476.899999999901
2025-12-16 05:25:00,13476.899999999901,13476.899999999901
2025-12-16 06:25:00,13476.899999999901,13476.899999999901
2025-12-16 07:25:00,13476.899999999901,13476.899999999901
2025-12-16 08:25:00,13476.899999999901,13476.899999999901
2025-12-16 09:25:00,13476.899999999901,13476.899999999901
2025-12-16 10:25:00,13476.899999999901,13476.899999999901
2025-12-16 11:25:00,13476.899999999901,13476.899999999901
2025-12-16 12:25:00,13476.899999999901,13476.899999999901
2025-12-16 13:25:00,13476.899999999901,13476.899999999901
2025-12-16 14:25:00,13476.899999999901,13476.899999999901
2025-12-16 15:25:00,13475.989999999902,13390.579999999893
2025-12-16 16:25:00,13212.409999999905,13212.409999999905
2025-12-16 17:25:00,13212.409999999905,13212.409999999905
2025-12-16 18:25:00,13212.409999999905,13212.409999999905
2025-12-16 19:25:00,13212.409999999905,13212.409999999905
2025-12-16 20:25:00,13212.409999999905,13212.409999999905
2025-12-16 21:25:00,13212.409999999905,13212.409999999905
2025-12-16 22:25:00,13212.409999999905,13212.409999999905
2025-12-16 23:25:00,13212.409999999905,13212.409999999905
2025-12-17 01:26:00,13212.409999999905,13212.409999999905
2025-12-17 02:26:00,13212.409999999905,13212.409999999905
2025-12-17 03:26:00,13212.409999999905,13212.409999999905
2025-12-17 04:26:00,13212.409999999905,13212.409999999905
2025-12-17 05:26:00,13212.409999999905,13212.409999999905
2025-12-17 06:26:00,13212.409999999905,13212.409999999905
2025-12-17 07:26:00,13212.409999999905,13212.409999999905
2025-12-17 08:26:00,13212.409999999905,13212.409999999905
2025-12-17 09:26:00,13212.409999999905,13212.409999999905
2025-12-17 10:26:00,13212.409999999905,13212.409999999905
2025-12-17 11:26:00,13212.409999999905,13212.409999999905
2025-12-17 12:26:00,13212.409999999905,13212.409999999905
2025-12-17 13:26:00,13212.409999999905,13212.409999999905
2025-12-17 14:26:00,13212.409999999905,13212.409999999905
2025-12-17 15:26:00,13212.409999999905,13212.409999999905
2025-12-17 16:26:00,13212.409999999905,13212.409999999905
2025-12-17 17:26:00,13212.409999999905,13212.409999999905
2025-12-17 18:26:00,13212.409999999905,13212.409999999905
2025-12-17 19:26:00,13212.409999999905,13212.409999999905
2025-12-17 20:26:00,13212.409999999905,13212.409999999905
2025-12-17 21:26:00,13212.409999999905,13212.409999999905
2025-12-17 22:26:00,13212.409999999905,13212.409999999905
2025-12-17 23:26:00,13212.409999999905,13212.409999999905
2025-12-18 01:27:00,13212.409999999905,13212.409999999905
2025-12-18 02:27:00,13212.409999999905,13212.409999999905
2025-12-18 03:27:00,13212.409999999905,13212.409999999905
2025-12-18 04:27:00,13212.409999999905,13212.409999999905
2025-12-18 05:27:00,13212.409999999905,13212.409999999905
2025-12-18 06:27:00,13212.409999999905,13212.409999999905
2025-12-18 07:27:00,13212.409999999905,13212.409999999905
2025-12-18 08:27:00,13212.409999999905,13212.409999999905
2025-12-18 09:27:00,13212.409999999905,13212.409999999905
2025-12-18 10:27:00,13212.409999999905,13212.409999999905
2025-12-18 11:27:00,13212.409999999905,13212.409999999905
2025-12-18 12:27:00,13212.409999999905,13212.409999999905
2025-12-18 13:27:00,13212.409999999905,13212.409999999905
2025-12-18 14:27:00,13212.409999999905,13212.409999999905
2025-12-18 15:27:00,13212.409999999905,13212.409999999905
2025-12-18 16:27:00,13212.409999999905,13212.409999999905
2025-12-18 17:27:00,13261.099999999922,13261.099999999922
2025-12-18 18:27:00,13261.099999999922,13261.099999999922
2025-12-18 19:27:00,13261.099999999922,13261.099999999922
2025-12-18 20:27:00,13261.099999999922,13261.099999999922
2025-12-18 21:27:00,13261.099999999922,13261.099999999922
2025-12-18 22:27:00,13261.099999999922,13261.099999999922
2025-12-18 23:27:00,13261.099999999922,13261.099999999922
2025-12-19 01:28:00,13261.099999999922,13261.099999999922
2025-12-19 02:28:00,13261.099999999922,13261.099999999922
2025-12-19 03:28:00,13261.099999999922,13261.099999999922
2025-12-19 04:28:00,13261.099999999922,13261.099999999922
2025-12-19 05:28:00,13261.099999999922,13261.099999999922
2025-12-19 06:28:00,13261.099999999922,13261.099999999922
2025-12-19 07:28:00,13261.099999999922,13261.099999999922
2025-12-19 08:28:00,13261.099999999922,13261.099999999922
2025-12-19 09:28:00,13261.099999999922,13261.099999999922
2025-12-19 10:28:00,13261.099999999922,13261.099999999922
2025-12-19 11:28:00,13261.099999999922,13261.099999999922
2025-12-19 12:28:00,13261.099999999922,13261.099999999922
2025-12-19 13:28:00,13261.099999999922,13261.099999999922
2025-12-19 14:28:00,13261.099999999922,13261.099999999922
2025-12-19 15:28:00,13261.099999999922,13261.099999999922
2025-12-19 16:28:00,13261.099999999922,13261.099999999922
2025-12-19 17:28:00,13260.469999999923,13292.59999999992
2025-12-19 18:28:00,13260.469999999923,13217.719999999923
2025-12-19 19:28:00,13260.469999999923,13168.309999999925
2025-12-19 20:28:00,13129.789999999919,13129.789999999919
2025-12-19 21:28:00,13129.789999999919,13129.789999999919
2025-12-19 22:28:00,13129.789999999919,13129.789999999919
2025-12-19 23:28:00,13129.789999999919,13129.789999999919
2025-12-22 01:29:00,13129.789999999919,13129.789999999919
2025-12-22 02:29:00,13129.789999999919,13129.789999999919
2025-12-22 03:29:00,13129.789999999919,13129.789999999919
2025-12-22 04:29:00,13129.789999999919,13129.789999999919
2025-12-22 05:29:00,13129.789999999919,13129.789999999919
2025-12-22 06:29:00,13129.789999999919,13129.789999999919
2025-12-22 07:29:00,13129.789999999919,13129.789999999919
2025-12-22 08:29:00,13129.789999999919,13129.789999999919
2025-12-22 09:29:00,13129.789999999919,13129.789999999919
2025-12-22 10:29:00,13129.789999999919,13129.789999999919
2025-12-22 11:29:00,13129.789999999919,13129.789999999919
2025-12-22 12:29:00,13129.789999999919,13129.789999999919
2025-12-22 13:29:00,13129.789999999919,13129.789999999919
2025-12-22 14:29:00,13129.789999999919,13129.789999999919
2025-12-22 15:29:00,13129.789999999919,13129.789999999919
2025-12-22 16:29:00,13129.789999999919,13129.789999999919
2025-12-22 17:29:00,13129.789999999919,13129.789999999919
2025-12-22 18:29:00,13129.789999999919,13129.789999999919
2025-12-22 19:29:00,13129.789999999919,13129.789999999919
2025-12-22 20:29:00,13129.789999999919,13129.789999999919
2025-12-22 21:29:00,13129.789999999919,13129.789999999919
2025-12-22 22:29:00,13129.789999999919,13129.789999999919
2025-12-22 23:29:00,13129.789999999919,13129.789999999919
2025-12-23 01:30:00,13129.789999999919,13129.789999999919
2025-12-23 02:30:00,13129.789999999919,13129.789999999919
2025-12-23 03:30:00,13129.789999999919,13129.789999999919
2025-12-23 04:30:00,13129.789999999919,13129.789999999919
2025-12-23 05:30:00,13129.789999999919,13129.789999999919
2025-12-23 06:30:00,13129.789999999919,13129.789999999919
2025-12-23 07:30:00,13129.789999999919,13129.789999999919
2025-12-23 08:30:00,13129.789999999919,13129.789999999919
2025-12-23 09:30:00,13129.789999999919,13129.789999999919
2025-12-23 10:30:00,13129.789999999919,13129.789999999919
2025-12-23 11:30:00,13129.789999999919,13129.789999999919
2025-12-23 12:30:00,13129.789999999919,13129.789999999919
2025-12-23 13:30:00,13129.789999999919,13129.789999999919
2025-12-23 14:30:00,13129.789999999919,13129.789999999919
2025-12-23 15:30:00,13129.789999999919,13129.789999999919
2025-12-23 16:30:00,13129.789999999919,13129.789999999919
2025-12-23 17:30:00,13129.789999999919,13129.789999999919
2025-12-23 18:30:00,13129.789999999919,13129.789999999919
2025-12-23 19:30:00,13129.789999999919,13129.789999999919
2025-12-23 20:30:00,13129.789999999919,13129.789999999919
2025-12-23 21:30:00,13129.789999999919,13129.789999999919
2025-12-23 22:30:00,13129.789999999919,13129.789999999919
2025-12-23 23:30:00,13129.789999999919,13129.789999999919
2025-12-24 01:31:00,13192.819999999921,13412.379999999932
2025-12-24 02:31:00,13655.369999999933,13655.369999999933
2025-12-24 03:31:00,13655.369999999933,13655.369999999933
2025-12-24 04:31:00,13655.369999999933,13655.369999999933
2025-12-24 05:31:00,13655.369999999933,13655.369999999933
2025-12-24 06:31:00,13655.369999999933,13655.369999999933
2025-12-24 07:31:00,13655.369999999933,13655.369999999933
2025-12-24 08:31:00,13655.369999999933,13655.369999999933
2025-12-24 09:31:00,13655.369999999933,13655.369999999933
2025-12-24 10:31:00,13655.369999999933,13655.369999999933
2025-12-24 11:31:00,13655.369999999933,13655.369999999933
2025-12-24 12:31:00,13655.369999999933,13655.369999999933
2025-12-24 13:31:00,13655.369999999933,13655.369999999933
2025-12-24 14:31:00,13655.369999999933,13655.369999999933
2025-12-24 15:31:00,13655.369999999933,13655.369999999933
2025-12-24 16:31:00,13655.369999999933,13655.369999999933
2025-12-24 17:31:00,13655.369999999933,13655.369999999933
2025-12-24 18:31:00,13655.369999999933,13655.369999999933
2025-12-24 19:31:00,13655.369999999933,13655.369999999933
2025-12-24 20:31:00,13655.369999999933,13655.369999999933
2025-12-26 01:45:00,13655.369999999933,13655.369999999933
2025-12-26 02:45:00,13655.369999999933,13655.369999999933
2025-12-26 03:45:00,13655.369999999933,13655.369999999933
2025-12-26 04:45:00,13655.369999999933,13655.369999999933
2025-12-26 05:45:00,13655.369999999933,13655.369999999933
2025-12-26 06:45:00,13655.369999999933,13655.369999999933
2025-12-26 07:45:00,13655.369999999933,13655.369999999933
2025-12-26 08:45:00,13655.369999999933,13655.369999999933
2025-12-26 09:45:00,13655.369999999933,13655.369999999933
2025-12-26 10:45:00,13655.369999999933,13655.369999999933
2025-12-26 11:45:00,13655.369999999933,13655.369999999933
2025-12-26 12:45:00,13655.369999999933,13655.369999999933
2025-12-26 13:45:00,13655.369999999933,13655.369999999933
2025-12-26 14:45:00,13655.369999999933,13655.369999999933
2025-12-26 15:45:00,13655.369999999933,13655.369999999933
2025-12-26 16:45:00,13655.369999999933,13655.369999999933
2025-12-26 17:45:00,13655.369999999933,13655.369999999933
2025-12-26 18:45:00,13655.369999999933,13655.369999999933
2025-12-26 19:45:00,13655.369999999933,13655.369999999933
2025-12-26 20:45:00,13655.369999999933,13655.369999999933
2025-12-26 21:45:00,13655.369999999933,13655.369999999933
2025-12-26 22:45:00,13655.369999999933,13655.369999999933
2025-12-26 23:45:00,13655.369999999933,13655.369999999933
2025-12-29 01:46:00,13655.369999999933,13655.369999999933
2025-12-29 02:46:00,13655.369999999933,13655.369999999933
2025-12-29 03:46:00,13655.369999999933,13655.369999999933
2025-12-29 04:46:00,13655.369999999933,13655.369999999933
2025-12-29 05:46:00,13655.369999999933,13655.369999999933
2025-12-29 06:46:00,13655.369999999933,13655.369999999933
2025-12-29 07:46:00,13655.369999999933,13655.369999999933
2025-12-29 08:46:00,13655.369999999933,13655.369999999933
2025-12-29 09:46:00,13655.369999999933,13655.369999999933
2025-12-29 10:46:00,13655.369999999933,13655.369999999933
2025-12-29 11:46:00,13655.369999999933,13655.369999999933
2025-12-29 12:46:00,13655.369999999933,13655.369999999933
2025-12-29 13:46:00,13655.369999999933,13655.369999999933
2025-12-29 14:46:00,13655.369999999933,13655.369999999933
2025-12-29 15:46:00,13655.369999999933,13655.369999999933
2025-12-29 16:46:00,13655.369999999933,13655.369999999933
2025-12-29 17:46:00,13655.369999999933,13655.369999999933
2025-12-29 18:46:00,13655.369999999933,13655.369999999933
2025-12-29 19:46:00,13759.169999999931,13965.569999999927
2025-12-29 20:46:00,13759.169999999931,13885.969999999936
2025-12-29 21:46:00,13759.169999999931,13866.669999999933
2025-12-29 22:46:00,13758.76999999993,13831.729999999929
2025-12-29 23:46:00,13758.76999999993,13844.209999999928
2025-12-30 01:47:00,13759.069999999927,13759.069999999927
2025-12-30 02:47:00,13759.069999999927,13759.069999999927
2025-12-30 03:47:00,13759.069999999927,13759.069999999927
2025-12-30 04:47:00,13759.069999999927,13759.069999999927
2025-12-30 05:47:00,13759.069999999927,13759.069999999927
2025-12-30 06:47:00,13759.069999999927,13759.069999999927
2025-12-30 07:47:00,13759.069999999927,13759.069999999927
2025-12-30 08:47:00,13759.069999999927,13759.069999999927
2025-12-30 09:47:00,13759.069999999927,13759.069999999927
2025-12-30 10:47:00,13759.069999999927,13759.069999999927
2025-12-30 11:47:00,13759.069999999927,13759.069999999927
2025-12-30 12:47:00,13758.509999999927,13825.62999999993
2025-12-30 13:47:00,13778.269999999931,13778.269999999931
2025-12-30 14:47:00,13778.269999999931,13778.269999999931
2025-12-30 15:47:00,13778.269999999931,13778.269999999931
2025-12-30 16:47:00,13778.269999999931,13778.269999999931
2025-12-30 17:47:00,13778.269999999931,13778.269999999931
2025-12-30 18:47:00,13778.269999999931,13778.269999999931
2025-12-30 19:47:00,13778.269999999931,13778.269999999931
2025-12-30 20:47:00,13778.269999999931,13778.269999999931
2025-12-30 21:47:00,13778.269999999931,13778.269999999931
2025-12-30 22:47:00,13778.269999999931,13778.269999999931
2025-12-30 23:47:00,13778.269999999931,13778.269999999931
2025-12-31 01:48:00,13778.269999999931,13778.269999999931
2025-12-31 02:48:00,13778.269999999931,13778.269999999931
2025-12-31 03:48:00,13778.269999999931,13778.269999999931
2025-12-31 04:48:00,13778.269999999931,13778.269999999931
2025-12-31 05:48:00,13778.269999999931,13778.269999999931
2025-12-31 06:48:00,13778.269999999931,13778.269999999931
2025-12-31 07:48:00,13778.269999999931,13778.269999999931
2025-12-31 08:48:00,13778.269999999931,13778.269999999931
2025-12-31 09:48:00,13778.269999999931,13778.269999999931
2025-12-31 10:48:00,13778.269999999931,13778.269999999931
2025-12-31 11:48:00,13778.269999999931,13778.269999999931
2025-12-31 12:48:00,13778.269999999931,13778.269999999931
2025-12-31 13:48:00,13777.009999999931,13766.029999999937
2025-12-31 14:48:00,13828.689999999924,13828.689999999924
2025-12-31 15:48:00,13828.689999999924,13828.689999999924
2025-12-31 16:48:00,13828.689999999924,13828.689999999924
2025-12-31 17:48:00,13828.689999999924,13828.689999999924
2025-12-31 18:48:00,13844.56999999992,13844.56999999992
2025-12-31 19:48:00,13844.56999999992,13844.56999999992
2025-12-31 20:48:00,13844.56999999992,13844.56999999992
2025-12-31 21:48:00,13844.56999999992,13844.56999999992
2025-12-31 22:48:00,13844.56999999992,13844.56999999992
2025-12-31 23:48:00,13844.56999999992,13844.56999999992
2026-01-02 01:49:00,13844.56999999992,13844.56999999992
2026-01-02 02:49:00,13844.56999999992,13844.56999999992
2026-01-02 03:49:00,13844.56999999992,13844.56999999992
2026-01-02 04:49:00,13844.56999999992,13844.56999999992
2026-01-02 05:49:00,13844.56999999992,13844.56999999992
2026-01-02 06:49:00,13844.56999999992,13844.56999999992
2026-01-02 07:49:00,13844.56999999992,13844.56999999992
2026-01-02 08:49:00,13844.56999999992,13844.56999999992
2026-01-02 09:49:00,13844.56999999992,13844.56999999992
2026-01-02 10:49:00,13844.56999999992,13844.56999999992
2026-01-02 11:49:00,13844.56999999992,13844.56999999992
2026-01-02 12:49:00,13844.56999999992,13844.56999999992
2026-01-02 13:49:00,13844.56999999992,13844.56999999992
2026-01-02 14:49:00,13844.56999999992,13844.56999999992
2026-01-02 15:49:00,13844.56999999992,13844.56999999992
2026-01-02 16:49:00,13915.74999999991,13915.74999999991
2026-01-02 17:49:00,13915.74999999991,13915.74999999991
2026-01-02 18:49:00,13640.75999999991,13640.75999999991
2026-01-02 19:49:00,13640.75999999991,13640.75999999991
2026-01-02 20:49:00,13640.75999999991,13640.75999999991
2026-01-02 21:49:00,13640.75999999991,13640.75999999991
2026-01-02 22:49:00,13640.75999999991,13640.75999999991
2026-01-02 23:49:00,13640.75999999991,13640.75999999991
2026-01-05 01:50:00,13640.75999999991,13640.75999999991
2026-01-05 02:50:00,13640.75999999991,13640.75999999991
2026-01-05 03:50:00,13640.75999999991,13640.75999999991
2026-01-05 04:50:00,13640.75999999991,13640.75999999991
2026-01-05 05:50:00,13640.75999999991,13640.75999999991
2026-01-05 06:50:00,13640.75999999991,13640.75999999991
2026-01-05 07:50:00,13640.75999999991,13640.75999999991
2026-01-05 08:50:00,13640.47999999991,13649.519999999911
2026-01-05 09:50:00,13640.47999999991,13642.919999999913
2026-01-05 10:50:00,13640.19999999991,13582.559999999914
2026-01-05 11:50:00,13640.19999999991,13562.639999999908
2026-01-05 12:50:00,13640.19999999991,13548.559999999914
2026-01-05 13:50:00,13649.659999999909,13645.61999999991
2026-01-05 14:50:00,13668.569999999909,13773.529999999908
2026-01-05 15:50:00,13668.569999999909,13725.109999999904
2026-01-05 16:50:00,13668.369999999908,13616.209999999905
2026-01-05 17:50:00,13572.049999999908,13572.049999999908
2026-01-05 18:50:00,13572.049999999908,13572.049999999908
2026-01-05 19:50:00,13572.049999999908,13572.049999999908
2026-01-05 20:50:00,13572.049999999908,13572.049999999908
2026-01-05 21:50:00,13572.049999999908,13572.049999999908
2026-01-05 22:50:00,13572.049999999908,13572.049999999908
2026-01-05 23:50:00,13572.049999999908,13572.049999999908
2026-01-06 01:51:00,13572.049999999908,13572.049999999908
2026-01-06 02:51:00,13572.049999999908,13572.049999999908
2026-01-06 03:51:00,13572.049999999908,13572.049999999908
2026-01-06 04:51:00,13572.049999999908,13572.049999999908
2026-01-06 05:51:00,13572.049999999908,13572.049999999908
2026-01-06 06:51:00,13572.049999999908,13572.049999999908
2026-01-06 07:51:00,13572.049999999908,13572.049999999908
2026-01-06 08:51:00,13572.049999999908,13572.049999999908
2026-01-06 09:51:00,13572.049999999908,13572.049999999908
2026-01-06 10:51:00,13572.049999999908,13572.049999999908
2026-01-06 11:51:00,13572.049999999908,13572.049999999908
2026-01-06 12:51:00,13572.049999999908,13572.049999999908
2026-01-06 13:51:00,13572.049999999908,13572.049999999908
2026-01-06 14:51:00,13572.049999999908,13572.049999999908
2026-01-06 15:51:00,13572.049999999908,13572.049999999908
2026-01-06 16:51:00,13572.049999999908,13572.049999999908
2026-01-06 17:51:00,13504.489999999914,13504.489999999914
2026-01-06 18:51:00,13504.489999999914,13504.489999999914
2026-01-06 19:51:00,13504.489999999914,13504.489999999914
2026-01-06 20:51:00,13504.489999999914,13504.489999999914
2026-01-06 21:51:00,13504.489999999914,13504.489999999914
2026-01-06 22:51:00,13504.489999999914,13504.489999999914
2026-01-06 23:51:00,13504.489999999914,13504.489999999914
2026-01-07 01:52:00,13504.489999999914,13504.489999999914
2026-01-07 02:52:00,13504.489999999914,13504.489999999914
2026-01-07 03:52:00,13504.489999999914,13504.489999999914
2026-01-07 04:52:00,13504.489999999914,13504.489999999914
2026-01-07 05:52:00,13504.489999999914,13504.489999999914
2026-01-07 06:52:00,13504.489999999914,13504.489999999914
2026-01-07 07:52:00,13504.489999999914,13504.489999999914
2026-01-07 08:52:00,13504.489999999914,13504.489999999914
2026-01-07 09:52:00,13504.489999999914,13504.489999999914
2026-01-07 10:52:00,13504.489999999914,13504.489999999914
2026-01-07 11:52:00,13504.489999999914,13504.489999999914
2026-01-07 12:52:00,13504.489999999914,13504.489999999914
2026-01-07 13:52:00,13504.489999999914,13504.489999999914
2026-01-07 14:52:00,13504.489999999914,13504.489999999914
2026-01-07 15:52:00,13504.489999999914,13504.489999999914
2026-01-07 16:52:00,13504.489999999914,13504.489999999914
2026-01-07 17:52:00,13504.489999999914,13504.489999999914
2026-01-07 18:52:00,13504.489999999914,13504.489999999914
2026-01-07 19:52:00,13504.489999999914,13504.489999999914
2026-01-07 20:52:00,13504.489999999914,13504.489999999914
2026-01-07 21:52:00,13504.489999999914,13504.489999999914
2026-01-07 22:52:00,13504.489999999914,13504.489999999914
2026-01-07 23:52:00,13504.489999999914,13504.489999999914
2026-01-08 01:53:00,13504.489999999914,13504.489999999914
2026-01-08 02:53:00,13504.489999999914,13504.489999999914
2026-01-08 03:53:00,13504.489999999914,13504.489999999914
2026-01-08 04:53:00,13504.489999999914,13504.489999999914
2026-01-08 05:53:00,13504.489999999914,13504.489999999914
2026-01-08 06:53:00,13504.489999999914,13504.489999999914
2026-01-08 07:53:00,13503.089999999915,13484.689999999913
2026-01-08 08:53:00,13562.389999999912,13777.039999999917
2026-01-08 09:53:00,13562.389999999912,13744.639999999907
2026-01-08 10:53:00,13562.389999999912,13692.139999999907
2026-01-08 11:53:00,13562.389999999912,13735.789999999919
2026-01-08 12:53:00,13562.389999999912,13736.689999999911
2026-01-08 13:53:00,13562.389999999912,13633.939999999904
2026-01-08 14:53:00,13560.889999999907,13560.889999999907
2026-01-08 15:53:00,13560.889999999907,13560.889999999907
2026-01-08 16:53:00,13560.889999999907,13560.889999999907
2026-01-08 17:53:00,13560.889999999907,13560.889999999907
2026-01-08 18:53:00,13560.889999999907,13560.889999999907
2026-01-08 19:53:00,13560.889999999907,13560.889999999907
2026-01-08 20:53:00,13560.889999999907,13560.889999999907
2026-01-08 21:53:00,13560.889999999907,13560.889999999907
2026-01-08 22:53:00,13560.889999999907,13560.889999999907
2026-01-08 23:53:00,13560.889999999907,13560.889999999907
2026-01-09 01:54:00,13560.889999999907,13560.889999999907
2026-01-09 02:54:00,13560.889999999907,13560.889999999907
2026-01-09 03:54:00,13560.889999999907,13560.889999999907
2026-01-09 04:54:00,13560.889999999907,13560.889999999907
2026-01-09 05:54:00,13560.889999999907,13560.889999999907
2026-01-09 06:54:00,13560.889999999907,13560.889999999907
2026-01-09 07:54:00,13560.889999999907,13560.889999999907
2026-01-09 08:54:00,13560.889999999907,13560.889999999907
2026-01-09 09:54:00,13560.889999999907,13560.889999999907
2026-01-09 10:54:00,13560.889999999907,13560.889999999907
2026-01-09 11:54:00,13560.889999999907,13560.889999999907
2026-01-09 12:54:00,13560.889999999907,13560.889999999907
2026-01-09 13:54:00,13560.889999999907,13560.889999999907
2026-01-09 14:54:00,13560.889999999907,13560.889999999907
2026-01-09 15:54:00,13574.539999999899,13574.539999999899
2026-01-09 16:54:00,13574.539999999899,13574.539999999899
2026-01-09 17:54:00,13574.539999999899,13574.539999999899
2026-01-09 18:54:00,13574.539999999899,13574.539999999899
2026-01-09 19:54:00,13573.419999999898,13562.8599999999
2026-01-09 20:54:00,13671.699999999897,13706.659999999896
2026-01-09 21:54:00,13671.699999999897,13722.579999999898
2026-01-09 22:54:00,13753.579999999898,13753.579999999898
2026-01-09 23:54:00,13753.579999999898,13753.579999999898
2026-01-12 01:55:00,13753.579999999898,13753.579999999898
2026-01-12 02:55:00,13753.579999999898,13753.579999999898
2026-01-12 03:55:00,13753.579999999898,13753.579999999898
2026-01-12 04:55:00,13753.579999999898,13753.579999999898
2026-01-12 05:55:00,13753.579999999898,13753.579999999898
2026-01-12 06:55:00,13753.579999999898,13753.579999999898
2026-01-12 07:55:00,13753.579999999898,13753.579999999898
2026-01-12 08:55:00,13753.579999999898,13753.579999999898
2026-01-12 09:55:00,13753.579999999898,13753.579999999898
2026-01-12 10:55:00,13753.579999999898,13753.579999999898
2026-01-12 11:55:00,13753.579999999898,13753.579999999898
2026-01-12 12:55:00,13753.579999999898,13753.579999999898
2026-01-12 13:55:00,13753.579999999898,13753.579999999898
2026-01-12 14:55:00,13753.579999999898,13753.579999999898
2026-01-12 15:55:00,13753.579999999898,13753.579999999898
2026-01-12 16:55:00,13764.709999999912,13764.709999999912
2026-01-12 17:55:00,13764.709999999912,13764.709999999912
2026-01-12 18:55:00,13764.709999999912,13764.709999999912
2026-01-12 19:55:00,13777.319999999923,13777.319999999923
2026-01-12 20:55:00,13777.319999999923,13777.319999999923
2026-01-12 21:55:00,13777.319999999923,13777.319999999923
2026-01-12 22:55:00,13777.319999999923,13777.319999999923
2026-01-12 23:55:00,13777.319999999923,13777.319999999923
2026-01-13 01:56:00,13777.319999999923,13777.319999999923
2026-01-13 02:56:00,13824.899999999918,13863.659999999918
2026-01-13 03:56:00,13843.679999999913,13843.679999999913
2026-01-13 04:56:00,13843.679999999913,13843.679999999913
2026-01-13 05:56:00,13843.679999999913,13843.679999999913
2026-01-13 06:56:00,13843.679999999913,13843.679999999913
2026-01-13 07:56:00,13843.679999999913,13843.679999999913
2026-01-13 08:56:00,13843.679999999913,13843.679999999913
2026-01-13 09:56:00,13843.679999999913,13843.679999999913
2026-01-13 10:56:00,13843.679999999913,13843.679999999913
2026-01-13 11:56:00,13843.679999999913,13843.679999999913
2026-01-13 12:56:00,13843.679999999913,13843.679999999913
2026-01-13 13:56:00,13843.679999999913,13843.679999999913
2026-01-13 14:56:00,13843.679999999913,13843.679999999913
2026-01-13 15:56:00,13843.679999999913,13843.679999999913
2026-01-13 16:56:00,13843.679999999913,13843.679999999913
2026-01-13 17:56:00,13843.679999999913,13843.679999999913
2026-01-13 18:56:00,13843.679999999913,13843.679999999913
2026-01-13 19:56:00,13843.679999999913,13843.679999999913
2026-01-13 20:56:00,13843.679999999913,13843.679999999913
2026-01-13 21:56:00,13843.679999999913,13843.679999999913
2026-01-13 22:56:00,13843.679999999913,13843.679999999913
2026-01-13 23:56:00,13843.679999999913,13843.679999999913
2026-01-14 01:57:00,13843.679999999913,13843.679999999913
2026-01-14 02:57:00,13843.679999999913,13843.679999999913
2026-01-14 03:57:00,13843.679999999913,13843.679999999913
2026-01-14 04:57:00,13843.679999999913,13843.679999999913
2026-01-14 05:57:00,13843.679999999913,13843.679999999913
2026-01-14 06:57:00,13843.679999999913,13843.679999999913
2026-01-14 07:57:00,13841.999999999913,13791.119999999915
2026-01-14 08:57:00,13857.299999999908,13857.299999999908
2026-01-14 09:57:00,13857.299999999908,13857.299999999908
2026-01-14 10:57:00,13857.299999999908,13857.299999999908
2026-01-14 11:57:00,13857.299999999908,13857.299999999908
2026-01-14 12:57:00,13855.199999999908,13918.499999999925
2026-01-14 13:57:00,13868.99999999992,13868.99999999992
2026-01-14 14:57:00,13868.99999999992,13868.99999999992
2026-01-14 15:57:00,13868.99999999992,13868.99999999992
2026-01-14 16:57:00,13868.99999999992,13868.99999999992
2026-01-14 17:57:00,13868.99999999992,13868.99999999992
2026-01-14 18:57:00,13868.99999999992,13868.99999999992
2026-01-14 19:57:00,13868.99999999992,13868.99999999992
2026-01-14 20:57:00,13868.99999999992,13868.99999999992
2026-01-14 21:57:00,13868.99999999992,13868.99999999992
2026-01-14 22:57:00,13868.99999999992,13868.99999999992
2026-01-14 23:57:00,13868.99999999992,13868.99999999992
2026-01-15 01:58:00,13732.999999999915,13732.999999999915
2026-01-15 02:58:00,13732.999999999915,13732.999999999915
2026-01-15 03:58:00,13732.999999999915,13732.999999999915
2026-01-15 04:58:00,13732.999999999915,13732.999999999915
2026-01-15 05:58:00,13732.999999999915,13732.999999999915
2026-01-15 06:58:00,13732.999999999915,13732.999999999915
2026-01-15 07:58:00,13732.999999999915,13732.999999999915
2026-01-15 08:58:00,13732.999999999915,13732.999999999915
2026-01-15 09:58:00,13732.999999999915,13732.999999999915
2026-01-15 10:58:00,13732.999999999915,13732.999999999915
2026-01-15 11:58:00,13732.999999999915,13732.999999999915
2026-01-15 12:58:00,13732.999999999915,13732.999999999915
2026-01-15 13:58:00,13732.999999999915,13732.999999999915
2026-01-15 14:58:00,13732.999999999915,13732.999999999915
2026-01-15 15:58:00,13732.999999999915,13732.999999999915
2026-01-15 16:58:00,13732.999999999915,13732.999999999915
2026-01-15 17:58:00,13732.999999999915,13732.999999999915
2026-01-15 18:58:00,13732.999999999915,13732.999999999915
2026-01-15 19:58:00,13732.999999999915,13732.999999999915
2026-01-15 20:58:00,13732.999999999915,13732.999999999915
2026-01-15 21:58:00,13732.999999999915,13732.999999999915
2026-01-15 22:58:00,13732.999999999915,13732.999999999915
2026-01-15 23:58:00,13732.999999999915,13732.999999999915
2026-01-16 01:59:00,13732.999999999915,13732.999999999915
2026-01-16 02:59:00,13732.999999999915,13732.999999999915
2026-01-16 03:59:00,13732.999999999915,13732.999999999915
2026-01-16 04:59:00,13732.999999999915,13732.999999999915
2026-01-16 05:59:00,13732.999999999915,13732.999999999915
2026-01-16 06:59:00,13732.999999999915,13732.999999999915
2026-01-16 07:59:00,13732.999999999915,13732.999999999915
2026-01-16 08:59:00,13732.999999999915,13732.999999999915
2026-01-16 09:59:00,13732.999999999915,13732.999999999915
2026-01-16 10:59:00,13732.999999999915,13732.999999999915
2026-01-16 11:59:00,13732.999999999915,13732.999999999915
2026-01-16 12:59:00,13732.999999999915,13732.999999999915
2026-01-16 13:59:00,13732.999999999915,13732.999999999915
2026-01-16 14:59:00,13732.999999999915,13732.999999999915
2026-01-16 15:59:00,13732.999999999915,13732.999999999915
2026-01-16 16:59:00,13732.999999999915,13732.999999999915
2026-01-16 17:59:00,13732.999999999915,13732.999999999915
2026-01-16 18:59:00,13732.999999999915,13732.999999999915
2026-01-16 19:59:00,13732.999999999915,13732.999999999915
2026-01-16 20:59:00,13732.999999999915,13732.999999999915
2026-01-16 21:59:00,13732.999999999915,13732.999999999915
2026-01-16 22:59:00,13732.999999999915,13732.999999999915
2026-01-19 01:00:00,13732.999999999915,13732.999999999915
2026-01-19 02:00:00,13732.999999999915,13732.999999999915
2026-01-19 03:00:00,13732.999999999915,13732.999999999915
2026-01-19 04:00:00,13732.999999999915,13732.999999999915
2026-01-19 05:00:00,13732.439999999913,13826.439999999913
2026-01-19 06:00:00,13732.439999999913,13771.399999999912
2026-01-19 07:00:00,13732.439999999913,13819.479999999914
2026-01-19 08:00:00,13732.439999999913,13862.59999999991
2026-01-19 09:00:00,13732.439999999913,13905.479999999914
2026-01-19 10:00:00,13732.439999999913,13839.559999999909
2026-01-19 11:00:00,13732.439999999913,13808.359999999911
2026-01-19 12:00:00,13732.439999999913,13850.679999999911
2026-01-19 13:00:00,13732.439999999913,13815.239999999909
2026-01-19 14:00:00,13732.439999999913,13800.759999999913
2026-01-19 15:00:00,13732.439999999913,13885.399999999912
2026-01-19 16:00:00,13732.439999999913,13840.519999999915
2026-01-19 17:00:00,13732.439999999913,13846.359999999911
2026-01-19 18:00:00,13732.439999999913,13905.799999999914
2026-01-19 19:00:00,13732.439999999913,13885.239999999909
2026-01-19 20:00:00,13732.439999999913,13907.63999999991
2026-01-19 21:00:00,13732.439999999913,13909.479999999914
2026-01-20 01:06:00,13728.439999999913,13850.679999999911
2026-01-20 02:06:00,13728.439999999913,13827.479999999914
2026-01-20 03:06:00,13728.439999999913,13859.719999999912
2026-01-20 04:06:00,13728.439999999913,13866.759999999913
2026-01-20 05:06:00,13728.439999999913,13837.799999999914
2026-01-20 06:06:00,13785.059999999912,13953.95999999991
2026-01-20 07:06:00,13785.059999999912,14067.41999999991
2026-01-20 08:06:00,13898.299999999912,14150.979999999912
2026-01-20 09:06:00,13898.299999999912,14138.37999999991
2026-01-20 10:06:00,13898.299999999912,14162.21999999991
2026-01-20 11:06:00,13898.299999999912,14208.499999999913
2026-01-20 12:06:00,13898.299999999912,14211.819999999912
2026-01-20 13:06:00,13897.599999999911,14118.399999999909
2026-01-20 14:06:00,13829.999999999918,14145.839999999918
2026-01-20 15:06:00,13829.999999999918,14116.119999999917
2026-01-20 16:06:00,13999.859999999917,14162.939999999917
2026-01-20 17:06:00,13999.859999999917,14181.359999999917
2026-01-20 18:06:00,14041.979999999898,14199.879999999897
2026-01-20 19:06:00,14041.979999999898,14233.099999999897
2026-01-20 20:06:00,14041.979999999898,14258.599999999897
2026-01-20 21:06:00,14041.979999999898,14253.619999999897
2026-01-20 22:06:00,14041.979999999898,14248.179999999897
2026-01-20 23:06:00,14041.979999999898,14254.239999999898
2026-01-21 01:07:00,14038.979999999898,14255.099999999897
2026-01-21 02:07:00,14038.979999999898,14281.219999999897
2026-01-21 03:07:00,14322.079999999896,14322.079999999896
2026-01-21 04:07:00,14322.079999999896,14322.079999999896
2026-01-21 05:07:00,14322.079999999896,14322.079999999896
2026-01-21 06:07:00,14322.079999999896,14322.079999999896
2026-01-21 07:07:00,14322.079999999896,14322.079999999896
2026-01-21 08:07:00,14322.079999999896,14322.079999999896
2026-01-21 09:07:00,14174.239999999892,14174.239999999892
2026-01-21 10:07:00,14174.239999999892,14174.239999999892
2026-01-21 11:07:00,14174.239999999892,14174.239999999892
2026-01-21 12:07:00,14174.239999999892,14174.239999999892
2026-01-21 13:07:00,14174.239999999892,14174.239999999892
2026-01-21 14:07:00,14174.239999999892,14174.239999999892
2026-01-21 15:07:00,14174.239999999892,14174.239999999892
2026-01-21 16:07:00,14174.239999999892,14174.239999999892
2026-01-21 17:07:00,14174.239999999892,14174.239999999892
2026-01-21 18:07:00,14344.74999999989,14766.749999999894
2026-01-21 19:07:00,14437.799999999894,14437.799999999894
2026-01-21 20:07:00,14574.099999999904,14742.739999999903
2026-01-21 21:07:00,14854.299999999905,14854.299999999905
2026-01-21 22:07:00,14854.299999999905,14854.299999999905
2026-01-21 23:07:00,14854.299999999905,14854.299999999905
2026-01-22 01:08:00,14854.299999999905,14854.299999999905
2026-01-22 02:08:00,14854.299999999905,14854.299999999905
2026-01-22 03:08:00,14854.299999999905,14854.299999999905
2026-01-22 04:08:00,14854.299999999905,14854.299999999905
2026-01-22 05:08:00,14854.299999999905,14854.299999999905
2026-01-22 06:08:00,14854.299999999905,14854.299999999905
2026-01-22 07:08:00,14854.299999999905,14854.299999999905
2026-01-22 08:08:00,14853.739999999905,14824.1399999999
2026-01-22 09:08:00,14853.739999999905,14742.1399999999
2026-01-22 10:08:00,14709.099999999906,14709.099999999906
2026-01-22 11:08:00,14709.099999999906,14709.099999999906
2026-01-22 12:08:00,14794.939999999906,14976.539999999908
2026-01-22 13:08:00,14927.459999999906,15243.839999999906
2026-01-22 14:08:00,15061.369999999908,15212.32999999991
2026-01-22 15:08:00,15262.459999999905,15307.959999999897
2026-01-22 16:08:00,15284.159999999894,15284.159999999894
2026-01-22 17:08:00,15284.159999999894,15284.159999999894
2026-01-22 18:08:00,15284.159999999894,15284.159999999894
2026-01-22 19:08:00,15284.159999999894,15284.159999999894
2026-01-22 20:08:00,15284.159999999894,15284.159999999894
2026-01-22 21:08:00,15284.159999999894,15284.159999999894
2026-01-22 22:08:00,15284.159999999894,15284.159999999894
2026-01-22 23:08:00,15298.589999999893,15379.73999999989
2026-01-23 01:09:00,15515.289999999892,15515.289999999892
2026-01-23 02:09:00,15515.289999999892,15515.289999999892
2026-01-23 03:09:00,15514.169999999891,15533.529999999892
2026-01-23 04:09:00,15536.209999999899,15536.209999999899
2026-01-23 05:09:00,15536.209999999899,15536.209999999899
2026-01-23 06:09:00,15536.209999999899,15536.209999999899
2026-01-23 07:09:00,15536.209999999899,15536.209999999899
2026-01-23 08:09:00,15536.209999999899,15536.209999999899
2026-01-23 09:09:00,15536.209999999899,15536.209999999899
2026-01-23 10:09:00,15536.209999999899,15536.209999999899
2026-01-23 11:09:00,15536.209999999899,15536.209999999899
2026-01-23 12:09:00,15536.209999999899,15536.209999999899
2026-01-23 13:09:00,15536.209999999899,15536.209999999899
2026-01-23 14:09:00,15536.209999999899,15536.209999999899
2026-01-23 15:09:00,15536.209999999899,15536.209999999899
2026-01-23 16:09:00,15536.209999999899,15536.209999999899
2026-01-23 17:09:00,15536.209999999899,15536.209999999899
2026-01-23 18:09:00,15536.209999999899,15536.209999999899
2026-01-23 19:09:00,15536.209999999899,15536.209999999899
2026-01-23 20:09:00,15556.779999999897,15635.429999999898
2026-01-23 21:09:00,15599.399999999894,15599.399999999894
2026-01-23 22:09:00,15599.399999999894,15599.399999999894
2026-01-23 23:09:00,15599.399999999894,15599.399999999894
2026-01-26 01:10:00,15599.399999999894,15599.399999999894
2026-01-26 02:10:00,15599.399999999894,15599.399999999894
2026-01-26 03:10:00,15599.399999999894,15599.399999999894
2026-01-26 04:10:00,15599.399999999894,15599.399999999894
2026-01-26 05:10:00,15599.399999999894,15599.399999999894
2026-01-26 06:10:00,15599.399999999894,15599.399999999894
2026-01-26 07:10:00,15619.85999999989,15619.85999999989
2026-01-26 08:10:00,15619.85999999989,15619.85999999989
2026-01-26 09:10:00,15619.85999999989,15619.85999999989
2026-01-26 10:10:00,15619.85999999989,15619.85999999989
2026-01-26 11:10:00,15619.85999999989,15619.85999999989
2026-01-26 12:10:00,15619.85999999989,15619.85999999989
2026-01-26 13:10:00,15618.45999999989,15619.25999999989
2026-01-26 14:10:00,15686.759999999884,15686.759999999884
2026-01-26 15:10:00,15686.759999999884,15686.759999999884
2026-01-26 16:10:00,15686.759999999884,15686.759999999884
2026-01-26 17:10:00,15686.759999999884,15686.759999999884
2026-01-26 18:10:00,15686.759999999884,15686.759999999884
2026-01-26 19:10:00,15686.759999999884,15686.759999999884
2026-01-26 20:10:00,15686.759999999884,15686.759999999884
2026-01-26 21:10:00,15821.519999999882,16014.479999999881
2026-01-26 22:10:00,15820.319999999878,15820.319999999878
2026-01-26 23:10:00,15820.319999999878,15820.319999999878
2026-01-27 01:11:00,15820.319999999878,15820.319999999878
2026-01-27 02:11:00,15820.319999999878,15820.319999999878
2026-01-27 03:11:00,15666.97999999988,15666.97999999988
2026-01-27 04:11:00,15666.209999999879,15829.339999999878
2026-01-27 05:11:00,15699.46999999988,15843.46999999988
2026-01-27 06:11:00,15699.46999999988,15892.159999999878
2026-01-27 07:11:00,15699.46999999988,15769.129999999877
2026-01-27 08:11:00,15765.98999999988,15957.999999999882
2026-01-27 09:11:00,15765.98999999988,16045.359999999879
2026-01-27 10:11:00,15765.98999999988,15983.199999999879
2026-01-27 11:11:00,15765.98999999988,15995.099999999877
2026-01-27 12:11:00,15765.98999999988,16048.509999999878
2026-01-27 13:11:00,15765.98999999988,16009.86999999988
2026-01-27 14:11:00,15904.149999999881,16365.029999999872
2026-01-27 15:11:00,16092.359999999877,16514.49999999987
2026-01-27 16:11:00,16091.259999999873,16179.17999999987
2026-01-27 17:11:00,16090.55999999987,16090.55999999987
2026-01-27 18:11:00,16090.55999999987,16090.55999999987
2026-01-27 19:11:00,16090.55999999987,16090.55999999987
2026-01-27 20:11:00,16090.55999999987,16090.55999999987
2026-01-27 21:11:00,16090.55999999987,16090.55999999987
2026-01-27 22:11:00,16090.55999999987,16090.55999999987
2026-01-27 23:11:00,16090.55999999987,16090.55999999987
2026-01-28 01:12:00,16090.55999999987,16090.55999999987
2026-01-28 02:12:00,16090.55999999987,16090.55999999987
2026-01-28 03:12:00,16090.55999999987,16090.55999999987
2026-01-28 04:12:00,16090.55999999987,16090.55999999987
2026-01-28 05:12:00,16090.55999999987,16090.55999999987
2026-01-28 06:12:00,16090.55999999987,16090.55999999987
2026-01-28 07:12:00,16090.55999999987,16090.55999999987
2026-01-28 08:12:00,16090.55999999987,16090.55999999987
2026-01-28 09:12:00,16090.55999999987,16090.55999999987
2026-01-28 10:12:00,16090.55999999987,16090.55999999987
2026-01-28 11:12:00,16090.55999999987,16090.55999999987
2026-01-28 12:12:00,16090.55999999987,16090.55999999987
2026-01-28 13:12:00,16090.55999999987,16090.55999999987
2026-01-28 14:12:00,16090.55999999987,16090.55999999987
2026-01-28 15:12:00,16090.55999999987,16090.55999999987
2026-01-28 16:12:00,16090.55999999987,16090.55999999987
2026-01-28 17:12:00,15932.629999999866,15932.629999999866
2026-01-28 18:12:00,15932.629999999866,15932.629999999866
2026-01-28 19:12:00,15932.629999999866,15932.629999999866
2026-01-28 20:12:00,15932.629999999866,15932.629999999866
2026-01-28 21:12:00,15932.629999999866,15932.629999999866
2026-01-28 22:12:00,15932.629999999866,15932.629999999866
2026-01-28 23:12:00,15932.629999999866,15932.629999999866
2026-01-29 01:13:00,15932.629999999866,15932.629999999866
2026-01-29 02:13:00,15932.629999999866,15932.629999999866
2026-01-29 03:13:00,15932.629999999866,15932.629999999866
2026-01-29 04:13:00,15932.629999999866,15932.629999999866
2026-01-29 05:13:00,15932.629999999866,15932.629999999866
2026-01-29 06:13:00,15932.629999999866,15932.629999999866
2026-01-29 07:13:00,15932.629999999866,15932.629999999866
2026-01-29 08:13:00,15932.629999999866,15932.629999999866
2026-01-29 09:13:00,15932.629999999866,15932.629999999866
2026-01-29 10:13:00,15932.629999999866,15932.629999999866
2026-01-29 11:13:00,15852.649999999865,15852.649999999865
2026-01-29 12:13:00,15852.649999999865,15852.649999999865
2026-01-29 13:13:00,15852.649999999865,15852.649999999865
2026-01-29 14:13:00,15852.649999999865,15852.649999999865
2026-01-29 15:13:00,15852.649999999865,15852.649999999865
2026-01-29 16:13:00,15852.649999999865,15852.649999999865
2026-01-29 17:13:00,15852.649999999865,15852.649999999865
2026-01-29 18:13:00,15852.649999999865,15852.649999999865
2026-01-29 19:13:00,15852.649999999865,15852.649999999865
2026-01-29 20:13:00,15773.609999999866,15773.609999999866
2026-01-29 21:13:00,15773.609999999866,15773.609999999866
2026-01-29 22:13:00,15773.609999999866,15773.609999999866
2026-01-29 23:13:00,15773.609999999866,15773.609999999866
2026-01-30 01:14:00,16195.029999999862,16549.84999999986
2026-01-30 02:14:00,16195.029999999862,16690.59999999986
2026-01-30 03:14:00,16194.32999999986,16312.62999999986
2026-01-30 04:14:00,16194.32999999986,16409.13999999986
2026-01-30 05:14:00,16194.18999999986,16504.34999999986
2026-01-30 06:14:00,16194.18999999986,16406.159999999858
2026-01-30 07:14:00,16194.18999999986,16375.82999999986
2026-01-30 08:14:00,16194.18999999986,16475.33999999986
2026-01-30 09:14:00,16262.48999999986,16557.459999999857
2026-01-30 10:14:00,16262.48999999986,16611.999999999858
2026-01-30 11:14:00,16580.00999999986,16764.51999999986
2026-01-30 12:14:00,16580.00999999986,16754.55999999986
2026-01-30 13:14:00,16580.00999999986,16673.09999999986
2026-01-30 14:14:00,16580.00999999986,16664.41999999986
2026-01-30 15:14:00,16580.00999999986,16717.34999999986
2026-01-30 16:14:00,16580.00999999986,16740.05999999986
2026-01-30 17:14:00,16580.00999999986,16765.39999999986
2026-01-30 18:14:00,16580.00999999986,16762.73999999986
2026-01-30 19:14:00,16853.229999999858,16853.229999999858
2026-01-30 20:14:00,16853.229999999858,16853.229999999858
2026-01-30 21:14:00,16853.229999999858,16853.229999999858
2026-01-30 22:14:00,16853.229999999858,16853.229999999858
2026-01-30 23:14:00,16853.229999999858,16853.229999999858
2026-02-02 01:15:00,16853.08999999986,16819.009999999857
2026-02-02 02:15:00,16920.55999999986,16846.189999999857
2026-02-02 03:15:00,17116.87999999986,17396.73999999986
2026-02-02 04:15:00,17116.87999999986,17268.579999999856
2026-02-02 05:15:00,17116.87999999986,17389.51999999986
2026-02-02 06:15:00,17116.87999999986,17393.23999999986
2026-02-02 07:15:00,17116.87999999986,17420.55999999986
2026-02-02 08:15:00,17116.87999999986,17649.37999999986
2026-02-02 09:15:00,17902.539999999863,17902.539999999863
2026-02-02 10:15:00,17902.539999999863,17902.539999999863
2026-02-02 11:15:00,17902.539999999863,17902.539999999863
2026-02-02 12:15:00,17902.539999999863,17902.539999999863
2026-02-02 13:15:00,17902.539999999863,17902.539999999863
2026-02-02 14:15:00,17902.539999999863,17902.539999999863
2026-02-02 15:15:00,17902.539999999863,17902.539999999863
2026-02-02 16:15:00,17902.539999999863,17902.539999999863
2026-02-02 17:15:00,17902.539999999863,17902.539999999863
2026-02-02 18:15:00,17902.539999999863,17902.539999999863
2026-02-02 19:15:00,17902.539999999863,17902.539999999863
2026-02-02 20:15:00,17902.539999999863,17902.539999999863
2026-02-02 21:15:00,17902.539999999863,17902.539999999863
2026-02-02 22:15:00,17902.539999999863,17902.539999999863
2026-02-02 23:15:00,17902.539999999863,17902.539999999863
2026-02-03 01:16:00,17902.539999999863,17902.539999999863
2026-02-03 02:16:00,17902.539999999863,17902.539999999863
2026-02-03 03:16:00,17902.539999999863,17902.539999999863
2026-02-03 04:16:00,17902.539999999863,17902.539999999863
2026-02-03 05:16:00,17902.539999999863,17902.539999999863
2026-02-03 06:16:00,17902.539999999863,17902.539999999863
2026-02-03 07:16:00,17902.539999999863,17902.539999999863
2026-02-03 08:16:00,17902.539999999863,17902.539999999863
2026-02-03 09:16:00,17902.539999999863,17902.539999999863
2026-02-03 10:16:00,17902.539999999863,17902.539999999863
2026-02-03 11:16:00,17902.539999999863,17902.539999999863
2026-02-03 12:16:00,17902.539999999863,17902.539999999863
2026-02-03 13:16:00,17902.539999999863,17902.539999999863
2026-02-03 14:16:00,17902.539999999863,17902.539999999863
2026-02-03 15:16:00,17902.539999999863,17902.539999999863
2026-02-03 16:16:00,17902.539999999863,17902.539999999863
2026-02-03 17:16:00,17902.539999999863,17902.539999999863
2026-02-03 18:16:00,17902.539999999863,17902.539999999863
2026-02-03 19:16:00,17902.539999999863,17902.539999999863
2026-02-03 20:16:00,17902.539999999863,17902.539999999863
2026-02-03 21:16:00,17902.539999999863,17902.539999999863
2026-02-03 22:16:00,17902.539999999863,17902.539999999863
2026-02-03 23:16:00,17902.539999999863,17902.539999999863
2026-02-04 01:17:00,17902.539999999863,17902.539999999863
2026-02-04 02:17:00,17902.539999999863,17902.539999999863
2026-02-04 03:17:00,17902.539999999863,17902.539999999863
2026-02-04 04:17:00,17902.539999999863,17902.539999999863
2026-02-04 05:17:00,17902.539999999863,17902.539999999863
2026-02-04 06:17:00,17902.539999999863,17902.539999999863
2026-02-04 07:17:00,17902.539999999863,17902.539999999863
2026-02-04 08:17:00,17902.539999999863,17902.539999999863
2026-02-04 09:17:00,17902.539999999863,17902.539999999863
2026-02-04 10:17:00,17902.539999999863,17902.539999999863
2026-02-04 11:17:00,17902.539999999863,17902.539999999863
2026-02-04 12:17:00,17902.539999999863,17902.539999999863
2026-02-04 13:17:00,17902.539999999863,17902.539999999863
2026-02-04 14:17:00,17902.539999999863,17902.539999999863
2026-02-04 15:17:00,17902.539999999863,17902.539999999863
2026-02-04 16:17:00,17902.539999999863,17902.539999999863
2026-02-04 17:17:00,17902.539999999863,17902.539999999863
2026-02-04 18:17:00,17902.539999999863,17902.539999999863
2026-02-04 19:17:00,17902.539999999863,17902.539999999863
2026-02-04 20:17:00,17902.539999999863,17902.539999999863
2026-02-04 21:17:00,17902.539999999863,17902.539999999863
2026-02-04 22:17:00,17902.539999999863,17902.539999999863
2026-02-04 23:17:00,17902.539999999863,17902.539999999863
2026-02-05 01:18:00,17902.539999999863,17902.539999999863
2026-02-05 02:18:00,17902.539999999863,17902.539999999863
2026-02-05 03:18:00,17902.539999999863,17902.539999999863
2026-02-05 04:18:00,17902.539999999863,17902.539999999863
2026-02-05 05:18:00,17902.539999999863,17902.539999999863
2026-02-05 06:18:00,17902.539999999863,17902.539999999863
2026-02-05 07:18:00,17902.539999999863,17902.539999999863
2026-02-05 08:18:00,17902.539999999863,17902.539999999863
2026-02-05 09:18:00,17902.539999999863,17902.539999999863
2026-02-05 10:18:00,17902.539999999863,17902.539999999863
2026-02-05 11:18:00,17902.539999999863,17902.539999999863
2026-02-05 12:18:00,17902.539999999863,17902.539999999863
2026-02-05 13:18:00,17902.539999999863,17902.539999999863
2026-02-05 14:18:00,17902.539999999863,17902.539999999863
2026-02-05 15:18:00,17902.539999999863,17902.539999999863
2026-02-05 16:18:00,17902.539999999863,17902.539999999863
2026-02-05 17:18:00,17902.539999999863,17902.539999999863
2026-02-05 18:18:00,17902.539999999863,17902.539999999863
2026-02-05 19:18:00,17902.539999999863,17902.539999999863
2026-02-05 20:18:00,17902.539999999863,17902.539999999863
2026-02-05 21:18:00,17902.539999999863,17902.539999999863
2026-02-05 22:18:00,17902.539999999863,17902.539999999863
2026-02-05 23:18:00,17902.539999999863,17902.539999999863
2026-02-06 01:19:00,17902.539999999863,17902.539999999863
2026-02-06 02:19:00,17902.539999999863,17902.539999999863
2026-02-06 03:19:00,17902.539999999863,17902.539999999863
2026-02-06 04:19:00,17902.539999999863,17902.539999999863
2026-02-06 05:19:00,17902.539999999863,17902.539999999863
2026-02-06 06:19:00,17902.539999999863,17902.539999999863
2026-02-06 07:19:00,17902.539999999863,17902.539999999863
2026-02-06 08:19:00,17902.539999999863,17902.539999999863
2026-02-06 09:19:00,17902.539999999863,17902.539999999863
2026-02-06 10:19:00,17902.539999999863,17902.539999999863
2026-02-06 11:19:00,17902.539999999863,17902.539999999863
2026-02-06 12:19:00,17902.539999999863,17902.539999999863
2026-02-06 13:19:00,17902.539999999863,17902.539999999863
2026-02-06 14:19:00,17902.539999999863,17902.539999999863
2026-02-06 15:19:00,17902.539999999863,17902.539999999863
2026-02-06 16:19:00,17902.539999999863,17902.539999999863
2026-02-06 17:19:00,17902.259999999864,17895.77999999986
2026-02-06 18:19:00,17902.259999999864,17910.219999999863
2026-02-06 19:19:00,17923.509999999864,17923.509999999864
2026-02-06 20:19:00,17923.509999999864,17923.509999999864
2026-02-06 21:19:00,17923.509999999864,17923.509999999864
2026-02-06 22:19:00,17923.509999999864,17923.509999999864
2026-02-06 23:19:00,17923.509999999864,17923.509999999864
2026-02-09 01:20:00,17923.509999999864,17923.509999999864
2026-02-09 02:20:00,17923.509999999864,17923.509999999864
2026-02-09 03:20:00,17953.319999999865,17953.319999999865
2026-02-09 04:20:00,17953.319999999865,17953.319999999865
2026-02-09 05:20:00,17953.319999999865,17953.319999999865
2026-02-09 06:20:00,17953.319999999865,17953.319999999865
2026-02-09 07:20:00,17953.319999999865,17953.319999999865
2026-02-09 08:20:00,17953.319999999865,17953.319999999865
2026-02-09 09:20:00,17953.319999999865,17953.319999999865
2026-02-09 10:20:00,17953.319999999865,17953.319999999865
2026-02-09 11:20:00,17953.319999999865,17953.319999999865
2026-02-09 12:20:00,17953.319999999865,17953.319999999865
2026-02-09 13:20:00,17953.319999999865,17953.319999999865
2026-02-09 14:20:00,17953.319999999865,17953.319999999865
2026-02-09 15:20:00,17953.319999999865,17953.319999999865
2026-02-09 16:20:00,17953.319999999865,17953.319999999865
2026-02-09 17:20:00,17953.319999999865,17953.319999999865
2026-02-09 18:20:00,17953.319999999865,17953.319999999865
2026-02-09 19:20:00,17953.319999999865,17953.319999999865
2026-02-09 20:20:00,17970.88999999986,17966.989999999867
2026-02-09 21:20:00,17990.98999999986,18111.229999999858
2026-02-09 22:20:00,18031.18999999986,18202.12999999986
2026-02-09 23:20:00,18031.18999999986,18101.62999999986
2026-02-10 01:21:00,18030.589999999862,18030.589999999862
2026-02-10 02:21:00,18029.88999999986,18067.589999999866
2026-02-10 03:21:00,18093.60999999986,18194.829999999856
2026-02-10 04:21:00,18093.009999999857,18093.009999999857
2026-02-10 05:21:00,18093.009999999857,18093.009999999857
2026-02-10 06:21:00,18093.009999999857,18093.009999999857
2026-02-10 07:21:00,18093.009999999857,18093.009999999857
2026-02-10 08:21:00,18093.009999999857,18093.009999999857
2026-02-10 09:21:00,18093.009999999857,18093.009999999857
2026-02-10 10:21:00,18093.009999999857,18093.009999999857
2026-02-10 11:21:00,18093.009999999857,18093.009999999857
2026-02-10 12:21:00,18093.009999999857,18093.009999999857
2026-02-10 13:21:00,18093.009999999857,18093.009999999857
2026-02-10 14:21:00,18093.009999999857,18093.009999999857
2026-02-10 15:21:00,18093.009999999857,18093.009999999857
2026-02-10 16:21:00,18093.009999999857,18093.009999999857
2026-02-10 17:21:00,18093.009999999857,18093.009999999857
2026-02-10 18:21:00,18093.009999999857,18093.009999999857
2026-02-10 19:21:00,18093.009999999857,18093.009999999857
2026-02-10 20:21:00,18093.009999999857,18093.009999999857
2026-02-10 21:21:00,18093.009999999857,18093.009999999857
2026-02-10 22:21:00,18093.009999999857,18093.009999999857
2026-02-10 23:21:00,18093.009999999857,18093.009999999857
2026-02-11 01:22:00,18093.009999999857,18093.009999999857
2026-02-11 02:22:00,18093.009999999857,18093.009999999857
2026-02-11 03:22:00,18093.009999999857,18093.009999999857
2026-02-11 04:22:00,18093.009999999857,18093.009999999857
2026-02-11 05:22:00,18093.009999999857,18093.009999999857
2026-02-11 06:22:00,18093.009999999857,18093.009999999857
2026-02-11 07:22:00,18093.009999999857,18093.009999999857
2026-02-11 08:22:00,18093.009999999857,18093.009999999857
2026-02-11 09:22:00,18093.009999999857,18093.009999999857
2026-02-11 10:22:00,18093.009999999857,18093.009999999857
2026-02-11 11:22:00,18093.009999999857,18093.009999999857
2026-02-11 12:22:00,18093.009999999857,18093.009999999857
2026-02-11 13:22:00,18093.009999999857,18093.009999999857
2026-02-11 14:22:00,18093.009999999857,18093.009999999857
2026-02-11 15:22:00,18093.009999999857,18093.009999999857
2026-02-11 16:22:00,18093.009999999857,18093.009999999857
2026-02-11 17:22:00,18093.009999999857,18093.009999999857
2026-02-11 18:22:00,18093.009999999857,18093.009999999857
2026-02-11 19:22:00,18093.009999999857,18093.009999999857
2026-02-11 20:22:00,18093.009999999857,18093.009999999857
2026-02-11 21:22:00,18093.009999999857,18093.009999999857
2026-02-11 22:22:00,18093.009999999857,18093.009999999857
2026-02-11 23:22:00,18093.009999999857,18093.009999999857
2026-02-12 01:23:00,18093.009999999857,18093.009999999857
2026-02-12 02:23:00,18093.009999999857,18093.009999999857
2026-02-12 03:23:00,18093.009999999857,18093.009999999857
2026-02-12 04:23:00,18093.009999999857,18093.009999999857
2026-02-12 05:23:00,18093.009999999857,18093.009999999857
2026-02-12 06:23:00,18093.009999999857,18093.009999999857
2026-02-12 07:23:00,18093.009999999857,18093.009999999857
2026-02-12 08:23:00,18093.009999999857,18093.009999999857
2026-02-12 09:23:00,18093.009999999857,18093.009999999857
2026-02-12 10:23:00,18093.009999999857,18093.009999999857
2026-02-12 11:23:00,18093.009999999857,18093.009999999857
2026-02-12 12:23:00,18108.76999999986,18212.689999999857
2026-02-12 13:23:00,18141.70999999986,18240.829999999864
2026-02-12 14:23:00,18141.70999999986,18241.60999999986
2026-02-12 15:23:00,18210.48999999986,18210.48999999986
2026-02-12 16:23:00,18210.48999999986,18210.48999999986
2026-02-12 17:23:00,18210.48999999986,18210.48999999986
2026-02-12 18:23:00,18210.48999999986,18210.48999999986
2026-02-12 19:23:00,18210.48999999986,18210.48999999986
2026-02-12 20:23:00,18210.48999999986,18210.48999999986
2026-02-12 21:23:00,18210.48999999986,18210.48999999986
2026-02-12 22:23:00,18210.48999999986,18210.48999999986
2026-02-12 23:23:00,18210.48999999986,18210.48999999986
2026-02-13 01:24:00,18210.48999999986,18210.48999999986
2026-02-13 02:24:00,18210.48999999986,18210.48999999986
2026-02-13 03:24:00,18210.48999999986,18210.48999999986
2026-02-13 04:24:00,18210.27999999986,18207.33999999986
2026-02-13 05:24:00,18210.27999999986,18229.92999999986
2026-02-13 06:24:00,18210.27999999986,18190.08999999986
2026-02-13 07:24:00,18210.27999999986,18210.30999999986
2026-02-13 08:24:00,18209.78999999986,18243.10999999986
2026-02-13 09:24:00,18222.06999999986,18295.14999999986
2026-02-13 10:24:00,18246.629999999863,18339.54999999986
2026-02-13 11:24:00,18246.629999999863,18339.149999999863
2026-02-13 12:24:00,18282.979999999865,18318.589999999866
2026-02-13 13:24:00,18282.979999999865,18411.919999999864
2026-02-13 14:24:00,18282.979999999865,18316.24999999986
2026-02-13 15:24:00,18282.979999999865,18321.259999999864
2026-02-13 16:24:00,18282.979999999865,18225.709999999865
2026-02-13 17:24:00,18282.979999999865,18223.24999999986
2026-02-13 18:24:00,18294.179999999862,18342.389999999865
2026-02-13 19:24:00,18352.59999999986,18360.519999999862
2026-02-13 20:24:00,18352.59999999986,18375.01999999986
2026-02-13 21:24:00,18178.95999999986,18404.39999999986
2026-02-13 22:24:00,18178.95999999986,18352.879999999863
2026-02-13 23:24:00,18178.95999999986,18354.879999999863
2026-02-16 01:25:00,19000.319999999865,19000.319999999865
2026-02-16 02:25:00,19000.319999999865,19000.319999999865
2026-02-16 03:25:00,19000.319999999865,19000.319999999865
2026-02-16 04:25:00,19000.319999999865,19000.319999999865
2026-02-16 05:25:00,19000.319999999865,19000.319999999865
2026-02-16 06:25:00,19000.319999999865,19000.319999999865
2026-02-16 07:25:00,19000.319999999865,19000.319999999865
2026-02-16 08:25:00,19000.319999999865,19000.319999999865
2026-02-16 09:25:00,19000.319999999865,19000.319999999865
2026-02-16 10:25:00,19129.949999999862,19157.489999999863
2026-02-16 11:25:00,19145.069999999858,19145.069999999858
2026-02-16 12:25:00,19145.069999999858,19145.069999999858
2026-02-16 13:25:00,19145.069999999858,19145.069999999858
2026-02-16 14:25:00,19145.069999999858,19145.069999999858
2026-02-16 15:25:00,19145.069999999858,19145.069999999858
2026-02-16 16:25:00,19145.069999999858,19145.069999999858
2026-02-16 17:25:00,19142.82999999986,19236.269999999833
2026-02-16 18:25:00,19186.269999999848,19186.269999999848
2026-02-16 19:25:00,19186.269999999848,19186.269999999848
2026-02-16 20:25:00,19186.269999999848,19186.269999999848
2026-02-16 21:25:00,19186.269999999848,19186.269999999848
2026-02-17 01:54:00,19186.269999999848,19186.269999999848
2026-02-17 02:54:00,19186.269999999848,19186.269999999848
2026-02-17 03:54:00,19186.269999999848,19186.269999999848
2026-02-17 04:54:00,19186.269999999848,19186.269999999848
2026-02-17 05:54:00,19186.269999999848,19186.269999999848
2026-02-17 06:54:00,19186.269999999848,19186.269999999848
2026-02-17 07:54:00,19186.269999999848,19186.269999999848
2026-02-17 08:54:00,19186.269999999848,19186.269999999848
2026-02-17 09:54:00,19186.269999999848,19186.269999999848
2026-02-17 10:54:00,19186.269999999848,19186.269999999848
2026-02-17 11:54:00,19186.269999999848,19186.269999999848
2026-02-17 12:54:00,19186.269999999848,19186.269999999848
2026-02-17 13:54:00,19186.269999999848,19186.269999999848
2026-02-17 14:54:00,19186.269999999848,19186.269999999848
2026-02-17 15:54:00,19186.269999999848,19186.269999999848
2026-02-17 16:54:00,19186.269999999848,19186.269999999848
2026-02-17 17:54:00,19186.269999999848,19186.269999999848
2026-02-17 18:54:00,19186.269999999848,19186.269999999848
2026-02-17 19:54:00,19186.269999999848,19186.269999999848
2026-02-17 20:54:00,19186.269999999848,19186.269999999848
2026-02-17 21:54:00,19186.269999999848,19186.269999999848
2026-02-17 22:54:00,19186.269999999848,19186.269999999848
2026-02-17 23:54:00,19186.269999999848,19186.269999999848
2026-02-18 01:55:00,19186.269999999848,19186.269999999848
2026-02-18 02:55:00,19186.269999999848,19186.269999999848
2026-02-18 03:55:00,19186.269999999848,19186.269999999848
2026-02-18 04:55:00,19186.269999999848,19186.269999999848
2026-02-18 05:55:00,19186.269999999848,19186.269999999848
2026-02-18 06:55:00,19186.269999999848,19186.269999999848
2026-02-18 07:55:00,19186.269999999848,19186.269999999848
2026-02-18 08:55:00,19186.269999999848,19186.269999999848
2026-02-18 09:55:00,19186.269999999848,19186.269999999848
2026-02-18 10:55:00,19186.269999999848,19186.269999999848
2026-02-18 11:55:00,19186.269999999848,19186.269999999848
2026-02-18 12:55:00,19186.269999999848,19186.269999999848
2026-02-18 13:55:00,19186.269999999848,19186.269999999848
2026-02-18 14:55:00,19186.269999999848,19186.269999999848
2026-02-18 15:55:00,19186.269999999848,19186.269999999848
2026-02-18 16:55:00,19186.269999999848,19186.269999999848
2026-02-18 17:55:00,19186.269999999848,19186.269999999848
2026-02-18 18:55:00,19186.269999999848,19186.269999999848
2026-02-18 19:55:00,19186.269999999848,19186.269999999848
2026-02-18 20:55:00,19186.269999999848,19186.269999999848
2026-02-18 21:55:00,19185.429999999847,19208.709999999854
2026-02-18 22:55:00,19208.25999999985,19229.229999999847
2026-02-18 23:55:00,19207.35999999985,19207.35999999985
2026-02-19 01:56:00,19207.35999999985,19207.35999999985
2026-02-19 02:56:00,19207.35999999985,19207.35999999985
2026-02-19 03:56:00,19207.35999999985,19207.35999999985
2026-02-19 04:56:00,19207.35999999985,19207.35999999985
2026-02-19 05:56:00,19207.35999999985,19207.35999999985
2026-02-19 06:56:00,19207.35999999985,19207.35999999985
2026-02-19 07:56:00,19207.35999999985,19207.35999999985
2026-02-19 08:56:00,19207.35999999985,19207.35999999985
2026-02-19 09:56:00,19204.97999999985,19082.23999999983
2026-02-19 10:56:00,19013.559999999845,19013.559999999845
2026-02-19 11:56:00,19013.559999999845,19013.559999999845
2026-02-19 12:56:00,19013.559999999845,19013.559999999845
2026-02-19 13:56:00,19013.559999999845,19013.559999999845
2026-02-19 14:56:00,19013.559999999845,19013.559999999845
2026-02-19 15:56:00,19013.559999999845,19013.559999999845
2026-02-19 16:56:00,19013.559999999845,19013.559999999845
2026-02-19 17:56:00,19013.559999999845,19013.559999999845
2026-02-19 18:56:00,19142.23999999985,19142.23999999985
2026-02-19 19:56:00,19142.23999999985,19142.23999999985
2026-02-19 20:56:00,19142.23999999985,19142.23999999985
2026-02-19 21:56:00,19142.23999999985,19142.23999999985
2026-02-19 22:56:00,19142.23999999985,19142.23999999985
2026-02-19 23:56:00,19142.23999999985,19142.23999999985
2026-02-20 01:57:00,19142.23999999985,19142.23999999985
2026-02-20 02:57:00,19142.23999999985,19142.23999999985
2026-02-20 03:57:00,19142.23999999985,19142.23999999985
2026-02-20 04:57:00,19142.23999999985,19142.23999999985
2026-02-20 05:57:00,19142.23999999985,19142.23999999985
2026-02-20 06:57:00,19142.23999999985,19142.23999999985
2026-02-20 07:57:00,19142.23999999985,19142.23999999985
2026-02-20 08:57:00,19142.23999999985,19142.23999999985
2026-02-20 09:57:00,19142.23999999985,19142.23999999985
2026-02-20 10:57:00,19142.23999999985,19142.23999999985
2026-02-20 11:57:00,19142.23999999985,19142.23999999985
2026-02-20 12:57:00,19142.23999999985,19142.23999999985
2026-02-20 13:57:00,19142.23999999985,19142.23999999985
2026-02-20 14:57:00,19142.23999999985,19142.23999999985
2026-02-20 15:57:00,19142.23999999985,19142.23999999985
2026-02-20 16:57:00,19142.23999999985,19142.23999999985
2026-02-20 17:57:00,18950.98999999985,18950.98999999985
2026-02-20 18:57:00,18950.98999999985,18950.98999999985
2026-02-20 19:57:00,18950.98999999985,18950.98999999985
2026-02-20 20:57:00,18950.98999999985,18950.98999999985
2026-02-20 21:57:00,18950.98999999985,18950.98999999985
2026-02-20 22:57:00,18950.98999999985,18950.98999999985
2026-02-20 23:57:00,18950.98999999985,18950.98999999985
2026-02-23 01:58:00,18950.98999999985,18950.98999999985
2026-02-23 02:58:00,18950.98999999985,18950.98999999985
2026-02-23 03:58:00,18950.98999999985,18950.98999999985
2026-02-23 04:58:00,18950.98999999985,18950.98999999985
2026-02-23 05:58:00,18950.98999999985,18950.98999999985
2026-02-23 06:58:00,18950.98999999985,18950.98999999985
2026-02-23 07:58:00,18950.98999999985,18950.98999999985
2026-02-23 08:58:00,18950.98999999985,18950.98999999985
2026-02-23 09:58:00,18950.98999999985,18950.98999999985
2026-02-23 10:58:00,18950.98999999985,18950.98999999985
2026-02-23 11:58:00,18950.98999999985,18950.98999999985
2026-02-23 12:58:00,18950.98999999985,18950.98999999985
2026-02-23 13:58:00,18950.98999999985,18950.98999999985
2026-02-23 14:58:00,18950.98999999985,18950.98999999985
2026-02-23 15:58:00,18950.98999999985,18950.98999999985
2026-02-23 16:58:00,18950.98999999985,18950.98999999985
2026-02-23 17:58:00,18950.98999999985,18950.98999999985
2026-02-23 18:58:00,18950.98999999985,18950.98999999985
2026-02-23 19:58:00,19029.189999999853,19341.389999999843
2026-02-23 20:58:00,19029.189999999853,19401.869999999864
2026-02-23 21:58:00,19190.549999999854,19583.149999999856
2026-02-23 22:58:00,19432.629999999855,19923.42999999985
2026-02-23 23:58:00,19627.36999999985,20006.80999999985
2026-02-24 01:59:00,20226.529999999853,20226.529999999853
2026-02-24 02:59:00,20226.529999999853,20226.529999999853
2026-02-24 03:59:00,19850.989999999852,19850.989999999852
2026-02-24 04:59:00,19850.989999999852,19850.989999999852
2026-02-24 05:59:00,19850.989999999852,19850.989999999852
2026-02-24 06:59:00,19850.989999999852,19850.989999999852
2026-02-24 07:59:00,19850.989999999852,19850.989999999852
2026-02-24 08:59:00,19850.989999999852,19850.989999999852
2026-02-24 09:59:00,19859.40999999985,19859.40999999985
2026-02-24 10:59:00,19859.40999999985,19859.40999999985
2026-02-24 11:59:00,19859.40999999985,19859.40999999985
2026-02-24 12:59:00,19859.40999999985,19859.40999999985
2026-02-24 13:59:00,19859.40999999985,19859.40999999985
2026-02-24 14:59:00,19859.40999999985,19859.40999999985
2026-02-24 15:59:00,19859.40999999985,19859.40999999985
2026-02-24 16:59:00,19859.40999999985,19859.40999999985
2026-02-24 17:59:00,19859.40999999985,19859.40999999985
2026-02-24 18:59:00,19859.40999999985,19859.40999999985
2026-02-24 19:59:00,19859.40999999985,19859.40999999985
2026-02-24 20:59:00,19859.40999999985,19859.40999999985
2026-02-24 21:59:00,19877.33999999986,19877.33999999986
2026-02-24 22:59:00,19877.33999999986,19877.33999999986
2026-02-25 01:00:00,19877.33999999986,19877.33999999986
2026-02-25 02:00:00,19672.139999999865,19672.139999999865
2026-02-25 03:00:00,19672.139999999865,19672.139999999865
2026-02-25 04:00:00,19672.139999999865,19672.139999999865
2026-02-25 05:00:00,19714.249999999865,19971.289999999863
2026-02-25 06:00:00,19714.249999999865,19874.049999999876
2026-02-25 07:00:00,19712.549999999876,19712.549999999876
2026-02-25 08:00:00,19712.549999999876,19712.549999999876
2026-02-25 09:00:00,19712.549999999876,19712.549999999876
2026-02-25 10:00:00,19712.549999999876,19712.549999999876
2026-02-25 11:00:00,19712.549999999876,19712.549999999876
2026-02-25 12:00:00,19712.549999999876,19712.549999999876
2026-02-25 13:00:00,19712.549999999876,19712.549999999876
2026-02-25 14:00:00,19712.549999999876,19712.549999999876
2026-02-25 15:00:00,19712.549999999876,19712.549999999876
2026-02-25 16:00:00,19712.549999999876,19712.549999999876
2026-02-25 17:00:00,19712.549999999876,19712.549999999876
2026-02-25 18:00:00,19712.549999999876,19712.549999999876
2026-02-25 19:00:00,19712.549999999876,19712.549999999876
2026-02-25 20:00:00,19775.63999999988,19869.38999999988
2026-02-25 21:00:00,19840.619999999886,19940.249999999884
2026-02-25 22:00:00,20003.069999999887,20003.069999999887
2026-02-25 23:00:00,20003.069999999887,20003.069999999887
2026-02-26 01:01:00,20003.069999999887,20003.069999999887
2026-02-26 02:01:00,20003.069999999887,20003.069999999887
2026-02-26 03:01:00,20003.069999999887,20003.069999999887
2026-02-26 04:01:00,20019.319999999887,20150.719999999892
2026-02-26 05:01:00,20018.419999999893,20018.419999999893
2026-02-26 06:01:00,20018.419999999893,20018.419999999893
2026-02-26 07:01:00,20018.419999999893,20018.419999999893
2026-02-26 08:01:00,20018.419999999893,20018.419999999893
2026-02-26 09:01:00,20018.419999999893,20018.419999999893
2026-02-26 10:01:00,20018.419999999893,20018.419999999893
2026-02-26 11:01:00,20018.419999999893,20018.419999999893
2026-02-26 12:01:00,20018.419999999893,20018.419999999893
2026-02-26 13:01:00,20018.419999999893,20018.419999999893
2026-02-26 14:01:00,20018.419999999893,20018.419999999893
2026-02-26 15:01:00,20018.419999999893,20018.419999999893
2026-02-26 16:01:00,20018.419999999893,20018.419999999893
2026-02-26 17:01:00,20018.419999999893,20018.419999999893
2026-02-26 18:01:00,20018.419999999893,20018.419999999893
2026-02-26 19:01:00,20018.419999999893,20018.419999999893
2026-02-26 20:01:00,20017.999999999894,19997.17999999989
2026-02-26 21:01:00,20017.999999999894,20084.839999999895
2026-02-26 22:01:00,20033.529999999893,20117.079999999893
2026-02-26 23:01:00,20033.529999999893,20157.729999999894
2026-02-27 01:02:00,20031.029999999893,20062.979999999894
2026-02-27 02:02:00,20031.029999999893,20077.279999999893
2026-02-27 03:02:00,20030.529999999897,20030.529999999897
2026-02-27 04:02:00,20052.729999999894,20052.729999999894
2026-02-27 05:02:00,20052.729999999894,20052.729999999894
2026-02-27 06:02:00,20052.729999999894,20052.729999999894
2026-02-27 07:02:00,20052.729999999894,20052.729999999894
2026-02-27 08:02:00,20052.729999999894,20052.729999999894
2026-02-27 09:02:00,20052.729999999894,20052.729999999894
2026-02-27 10:02:00,20052.729999999894,20052.729999999894
2026-02-27 11:02:00,20052.729999999894,20052.729999999894
2026-02-27 12:02:00,20052.729999999894,20052.729999999894
2026-02-27 13:02:00,20052.729999999894,20052.729999999894
2026-02-27 14:02:00,20052.729999999894,20052.729999999894
2026-02-27 15:02:00,20052.729999999894,20052.729999999894
2026-02-27 16:02:00,20052.729999999894,20052.729999999894
2026-02-27 17:02:00,20052.729999999894,20052.729999999894
2026-02-27 18:02:00,20052.729999999894,20052.729999999894
2026-02-27 19:02:00,20052.729999999894,20052.729999999894
2026-02-27 20:02:00,20052.729999999894,20052.729999999894
2026-02-27 21:02:00,20052.729999999894,20052.729999999894
2026-02-27 22:02:00,20052.729999999894,20052.729999999894
2026-02-27 23:02:00,20052.729999999894,20052.729999999894
2026-03-02 01:03:00,20052.729999999894,20052.729999999894
2026-03-02 02:03:00,20052.729999999894,20052.729999999894
2026-03-02 03:03:00,20052.309999999896,19901.1999999999
2026-03-02 04:03:00,20052.309999999896,19945.419999999896
2026-03-02 05:03:00,20052.309999999896,20119.479999999894
2026-03-02 06:03:00,20052.309999999896,20180.6799999999
2026-03-02 07:03:00,20052.309999999896,20111.019999999895
2026-03-02 08:03:00,20052.309999999896,20185.3599999999
2026-03-02 09:03:00,20052.309999999896,20330.319999999898
2026-03-02 10:03:00,20175.219999999896,20419.359999999895
2026-03-02 11:03:00,20175.219999999896,20390.799999999897
2026-03-02 12:03:00,20175.219999999896,20343.519999999895
2026-03-02 13:03:00,20175.219999999896,20362.279999999897
2026-03-02 14:03:00,20175.219999999896,20346.479999999898
2026-03-02 15:03:00,20175.219999999896,20402.959999999897
2026-03-02 16:03:00,20175.219999999896,20346.039999999895
2026-03-02 17:03:00,20248.559999999896,20248.559999999896
2026-03-02 18:03:00,20248.559999999896,20248.559999999896
2026-03-02 19:03:00,20248.559999999896,20248.559999999896
2026-03-02 20:03:00,20248.559999999896,20248.559999999896
2026-03-02 21:03:00,20248.559999999896,20248.559999999896
2026-03-02 22:03:00,20248.559999999896,20248.559999999896
2026-03-02 23:03:00,20248.559999999896,20248.559999999896
2026-03-03 01:04:00,20248.559999999896,20248.559999999896
2026-03-03 02:04:00,20248.559999999896,20248.559999999896
2026-03-03 03:04:00,20248.139999999898,20202.7199999999
2026-03-03 04:04:00,20264.939999999897,20303.239999999896
2026-03-03 05:04:00,20264.439999999897,20264.439999999897
2026-03-03 06:04:00,20264.439999999897,20264.439999999897
2026-03-03 07:04:00,20264.439999999897,20264.439999999897
2026-03-03 08:04:00,20264.439999999897,20264.439999999897
2026-03-03 09:04:00,20264.439999999897,20264.439999999897
2026-03-03 10:04:00,20264.439999999897,20264.439999999897
2026-03-03 11:04:00,20264.439999999897,20264.439999999897
2026-03-03 12:04:00,20264.439999999897,20264.439999999897
2026-03-03 13:04:00,20264.439999999897,20264.439999999897
2026-03-03 14:04:00,20264.439999999897,20264.439999999897
2026-03-03 15:04:00,20263.879999999896,20242.279999999897
2026-03-03 16:04:00,20078.99999999989,20078.99999999989
2026-03-03 17:04:00,20078.99999999989,20078.99999999989
2026-03-03 18:04:00,20000.279999999893,20000.279999999893
2026-03-03 19:04:00,20000.279999999893,20000.279999999893
2026-03-03 20:04:00,20000.279999999893,20000.279999999893
2026-03-03 21:04:00,20000.279999999893,20000.279999999893
2026-03-03 22:04:00,20000.279999999893,20000.279999999893
2026-03-03 23:04:00,20000.279999999893,20000.279999999893
2026-03-04 01:05:00,20000.279999999893,20000.279999999893
2026-03-04 02:05:00,20000.279999999893,20000.279999999893
2026-03-04 03:05:00,20000.279999999893,20000.279999999893
2026-03-04 04:05:00,20000.279999999893,20000.279999999893
2026-03-04 05:05:00,20000.279999999893,20000.279999999893
2026-03-04 06:05:00,20000.279999999893,20000.279999999893
2026-03-04 07:05:00,20000.279999999893,20000.279999999893
2026-03-04 08:05:00,20000.279999999893,20000.279999999893
2026-03-04 09:05:00,20000.279999999893,20000.279999999893
2026-03-04 10:05:00,20000.279999999893,20000.279999999893
2026-03-04 11:05:00,20000.279999999893,20000.279999999893
2026-03-04 12:05:00,20000.279999999893,20000.279999999893
2026-03-04 13:05:00,20000.279999999893,20000.279999999893
2026-03-04 14:05:00,20000.279999999893,20000.279999999893
2026-03-04 15:05:00,20000.279999999893,20000.279999999893
2026-03-04 16:05:00,20031.149999999892,20101.35999999989
2026-03-04 17:05:00,20030.449999999888,20030.449999999888
2026-03-04 18:05:00,20115.91999999989,20171.17999999989
2026-03-04 19:05:00,20115.91999999989,20202.799999999886
2026-03-04 20:05:00,20230.969999999892,20320.399999999892
2026-03-04 21:05:00,20230.969999999892,20329.369999999893
2026-03-04 22:05:00,20230.969999999892,20316.769999999895
2026-03-04 23:05:00,20230.969999999892,20301.619999999893
2026-03-05 01:06:00,20231.419999999893,20263.849999999893
2026-03-05 02:06:00,20231.119999999893,20231.119999999893
2026-03-05 03:06:00,20231.119999999893,20231.119999999893
2026-03-05 04:06:00,20231.119999999893,20231.119999999893
2026-03-05 05:06:00,20231.119999999893,20231.119999999893
2026-03-05 06:06:00,20231.119999999893,20231.119999999893
2026-03-05 07:06:00,20231.119999999893,20231.119999999893
2026-03-05 08:06:00,20231.119999999893,20231.119999999893
2026-03-05 09:06:00,20231.119999999893,20231.119999999893
2026-03-05 10:06:00,20231.119999999893,20231.119999999893
2026-03-05 11:06:00,20231.119999999893,20231.119999999893
2026-03-05 12:06:00,20231.119999999893,20231.119999999893
2026-03-05 13:06:00,20231.119999999893,20231.119999999893
2026-03-05 14:06:00,20231.119999999893,20231.119999999893
2026-03-05 15:06:00,20254.139999999883,20254.139999999883
2026-03-05 16:06:00,20254.139999999883,20254.139999999883
2026-03-05 17:06:00,20254.139999999883,20254.139999999883
2026-03-05 18:06:00,20254.139999999883,20254.139999999883
2026-03-05 19:06:00,20254.139999999883,20254.139999999883
2026-03-05 20:06:00,20254.139999999883,20254.139999999883
2026-03-05 21:06:00,20254.139999999883,20254.139999999883
2026-03-05 22:06:00,20254.139999999883,20254.139999999883
2026-03-05 23:06:00,20254.139999999883,20254.139999999883
2026-03-06 01:07:00,20254.139999999883,20254.139999999883
2026-03-06 02:07:00,20254.139999999883,20254.139999999883
2026-03-06 03:07:00,20254.139999999883,20254.139999999883
2026-03-06 04:07:00,20254.139999999883,20254.139999999883
2026-03-06 05:07:00,20254.139999999883,20254.139999999883
2026-03-06 06:07:00,20254.139999999883,20254.139999999883
2026-03-06 07:07:00,20254.139999999883,20254.139999999883
2026-03-06 08:07:00,20057.619999999886,20057.619999999886
2026-03-06 09:07:00,20057.619999999886,20057.619999999886
2026-03-06 10:07:00,20145.32999999989,20313.3299999999
2026-03-06 11:07:00,20143.8299999999,20143.8299999999
2026-03-06 12:07:00,20143.8299999999,20143.8299999999
2026-03-06 13:07:00,20143.8299999999,20143.8299999999
2026-03-06 14:07:00,20143.8299999999,20143.8299999999
2026-03-06 15:07:00,20143.8299999999,20143.8299999999
2026-03-06 16:07:00,20143.8299999999,20143.8299999999
2026-03-06 17:07:00,20143.8299999999,20143.8299999999
2026-03-06 18:07:00,20143.8299999999,20143.8299999999
2026-03-06 19:07:00,20160.2599999999,20175.2599999999
2026-03-06 20:07:00,20160.2599999999,20256.6199999999
2026-03-06 21:07:00,20194.0999999999,20387.999999999905
2026-03-06 22:07:00,20194.0999999999,20359.649999999903
2026-03-06 23:07:00,20194.0999999999,20385.199999999903
2026-03-09 00:08:00,20259.379999999903,20259.379999999903
2026-03-09 01:08:00,20259.379999999903,20259.379999999903
2026-03-09 02:08:00,20259.379999999903,20259.379999999903
2026-03-09 03:08:00,20259.379999999903,20259.379999999903
2026-03-09 04:08:00,20259.379999999903,20259.379999999903
2026-03-09 05:08:00,20259.379999999903,20259.379999999903
2026-03-09 06:08:00,20259.379999999903,20259.379999999903
2026-03-09 07:08:00,20259.379999999903,20259.379999999903
2026-03-09 08:08:00,20259.379999999903,20259.379999999903
2026-03-09 09:08:00,20259.379999999903,20259.379999999903
2026-03-09 10:08:00,20259.379999999903,20259.379999999903
2026-03-09 11:08:00,20259.379999999903,20259.379999999903
2026-03-09 12:08:00,20259.379999999903,20259.379999999903
2026-03-09 13:08:00,20259.379999999903,20259.379999999903
2026-03-09 14:08:00,20259.379999999903,20259.379999999903
2026-03-09 15:08:00,20259.379999999903,20259.379999999903
2026-03-09 16:08:00,20259.379999999903,20259.379999999903
2026-03-09 17:08:00,20259.379999999903,20259.379999999903
2026-03-09 18:08:00,20259.379999999903,20259.379999999903
2026-03-09 19:08:00,20259.379999999903,20259.379999999903
2026-03-09 20:08:00,20259.379999999903,20259.379999999903
2026-03-09 21:08:00,20259.379999999903,20259.379999999903
2026-03-09 22:08:00,20259.379999999903,20259.379999999903
2026-03-10 00:09:00,20259.379999999903,20259.379999999903
2026-03-10 01:09:00,20259.379999999903,20259.379999999903
2026-03-10 02:09:00,20259.379999999903,20259.379999999903
2026-03-10 03:09:00,20259.379999999903,20259.379999999903
2026-03-10 04:09:00,20259.379999999903,20259.379999999903
2026-03-10 05:09:00,20259.379999999903,20259.379999999903
2026-03-10 06:09:00,20256.509999999904,20238.879999999892
2026-03-10 07:09:00,20461.90999999989,20565.859999999888
2026-03-10 08:09:00,20461.90999999989,20655.619999999886
2026-03-10 09:09:00,20461.90999999989,20623.609999999888
2026-03-10 10:09:00,20720.079999999885,20720.079999999885
2026-03-10 11:09:00,20720.079999999885,20720.079999999885
2026-03-10 12:09:00,20720.079999999885,20720.079999999885
2026-03-10 13:09:00,20720.079999999885,20720.079999999885
2026-03-10 14:09:00,20720.079999999885,20720.079999999885
2026-03-10 15:09:00,20720.079999999885,20720.079999999885
2026-03-10 16:09:00,20720.079999999885,20720.079999999885
2026-03-10 17:09:00,20720.079999999885,20720.079999999885
2026-03-10 18:09:00,20720.079999999885,20720.079999999885
2026-03-10 19:09:00,20720.079999999885,20720.079999999885
2026-03-10 20:09:00,20720.079999999885,20720.079999999885
2026-03-10 21:09:00,20720.079999999885,20720.079999999885
2026-03-10 22:09:00,20720.079999999885,20720.079999999885
2026-03-11 00:10:00,20720.079999999885,20720.079999999885
2026-03-11 01:10:00,20720.079999999885,20720.079999999885
2026-03-11 02:10:00,20720.079999999885,20720.079999999885
2026-03-11 03:10:00,20720.079999999885,20720.079999999885
2026-03-11 04:10:00,20718.539999999884,20628.99999999989
2026-03-11 05:10:00,20739.989999999896,20739.989999999896
2026-03-11 06:10:00,20739.989999999896,20739.989999999896
2026-03-11 07:10:00,20739.989999999896,20739.989999999896
2026-03-11 08:10:00,20739.989999999896,20739.989999999896
2026-03-11 09:10:00,20739.989999999896,20739.989999999896
2026-03-11 10:10:00,20739.989999999896,20739.989999999896
2026-03-11 11:10:00,20739.989999999896,20739.989999999896
2026-03-11 12:10:00,20739.989999999896,20739.989999999896
2026-03-11 13:10:00,20739.989999999896,20739.989999999896
2026-03-11 14:10:00,20739.989999999896,20739.989999999896
2026-03-11 15:10:00,20739.989999999896,20739.989999999896
2026-03-11 16:10:00,20739.989999999896,20739.989999999896
2026-03-11 17:10:00,20739.989999999896,20739.989999999896
2026-03-11 18:10:00,20739.989999999896,20739.989999999896
2026-03-11 19:10:00,20739.989999999896,20739.989999999896
2026-03-11 20:10:00,20883.889999999894,21110.9699999999
2026-03-11 21:10:00,20961.139999999894,21140.0899999999
2026-03-11 22:10:00,21030.379999999896,21206.1299999999
2026-03-12 00:11:00,21025.379999999896,21143.529999999897
2026-03-12 01:11:00,21057.129999999896,21057.129999999896
2026-03-12 02:11:00,21057.129999999896,21057.129999999896
2026-03-12 03:11:00,21057.129999999896,21057.129999999896
2026-03-12 04:11:00,21057.129999999896,21057.129999999896
2026-03-12 05:11:00,21057.129999999896,21057.129999999896
2026-03-12 06:11:00,21057.129999999896,21057.129999999896
2026-03-12 07:11:00,21057.129999999896,21057.129999999896
2026-03-12 08:11:00,21057.129999999896,21057.129999999896
2026-03-12 09:11:00,21057.129999999896,21057.129999999896
2026-03-12 10:11:00,21057.129999999896,21057.129999999896
2026-03-12 11:11:00,21057.129999999896,21057.129999999896
2026-03-12 12:11:00,21057.129999999896,21057.129999999896
2026-03-12 13:11:00,21057.129999999896,21057.129999999896
2026-03-12 14:11:00,21057.129999999896,21057.129999999896
2026-03-12 15:11:00,21057.129999999896,21057.129999999896
2026-03-12 16:11:00,21057.129999999896,21057.129999999896
2026-03-12 17:11:00,21057.129999999896,21057.129999999896
2026-03-12 18:11:00,21057.129999999896,21057.129999999896
2026-03-12 19:11:00,21057.129999999896,21057.129999999896
2026-03-12 20:11:00,21057.129999999896,21057.129999999896
2026-03-12 21:11:00,21057.129999999896,21057.129999999896
2026-03-12 22:11:00,21057.129999999896,21057.129999999896
2026-03-13 00:12:00,21057.129999999896,21057.129999999896
2026-03-13 01:12:00,21057.129999999896,21057.129999999896
2026-03-13 02:12:00,21057.129999999896,21057.129999999896
2026-03-13 03:12:00,21057.129999999896,21057.129999999896
2026-03-13 04:12:00,21057.129999999896,21057.129999999896
2026-03-13 05:12:00,20843.459999999905,20843.459999999905
2026-03-13 06:12:00,20843.459999999905,20843.459999999905
2026-03-13 07:12:00,20843.459999999905,20843.459999999905
2026-03-13 08:12:00,20843.459999999905,20843.459999999905
2026-03-13 09:12:00,20843.459999999905,20843.459999999905
2026-03-13 10:12:00,20843.459999999905,20843.459999999905
2026-03-13 11:12:00,20843.459999999905,20843.459999999905
2026-03-13 12:12:00,20843.459999999905,20843.459999999905
2026-03-13 13:12:00,20843.459999999905,20843.459999999905
2026-03-13 14:12:00,20843.459999999905,20843.459999999905
2026-03-13 15:12:00,20843.459999999905,20843.459999999905
2026-03-13 16:12:00,20843.459999999905,20843.459999999905
2026-03-13 17:12:00,20911.559999999903,21200.099999999897
2026-03-13 18:12:00,20910.15999999991,20910.15999999991
2026-03-13 19:12:00,20910.15999999991,20910.15999999991
2026-03-13 20:12:00,20910.15999999991,20910.15999999991
2026-03-13 21:12:00,20910.15999999991,20910.15999999991
2026-03-13 22:12:00,20910.15999999991,20910.15999999991
2026-03-16 00:13:00,20910.15999999991,20910.15999999991
2026-03-16 01:13:00,20910.15999999991,20910.15999999991
2026-03-16 02:13:00,20910.15999999991,20910.15999999991
2026-03-16 03:13:00,20910.15999999991,20910.15999999991
2026-03-16 04:13:00,20910.15999999991,20910.15999999991
2026-03-16 05:13:00,20910.15999999991,20910.15999999991
2026-03-16 06:13:00,20910.15999999991,20910.15999999991
2026-03-16 07:13:00,20910.15999999991,20910.15999999991
2026-03-16 08:13:00,20910.15999999991,20910.15999999991
2026-03-16 09:13:00,20908.40999999991,20905.159999999905
2026-03-16 10:13:00,20698.159999999913,20698.159999999913
2026-03-16 11:13:00,20698.159999999913,20698.159999999913
2026-03-16 12:13:00,20698.159999999913,20698.159999999913
2026-03-16 13:13:00,20698.159999999913,20698.159999999913
2026-03-16 14:13:00,20698.159999999913,20698.159999999913
2026-03-16 15:13:00,20698.159999999913,20698.159999999913
2026-03-16 16:13:00,20698.159999999913,20698.159999999913
2026-03-16 17:13:00,20698.159999999913,20698.159999999913
2026-03-16 18:13:00,20698.159999999913,20698.159999999913
2026-03-16 19:13:00,20698.159999999913,20698.159999999913
2026-03-16 20:13:00,20698.159999999913,20698.159999999913
2026-03-16 21:13:00,20698.159999999913,20698.159999999913
2026-03-16 22:13:00,20698.159999999913,20698.159999999913
2026-03-17 00:14:00,20698.159999999913,20698.159999999913
2026-03-17 01:14:00,20698.159999999913,20698.159999999913
2026-03-17 02:14:00,20698.159999999913,20698.159999999913
2026-03-17 03:14:00,20698.159999999913,20698.159999999913
2026-03-17 04:14:00,20698.159999999913,20698.159999999913
2026-03-17 05:14:00,20698.159999999913,20698.159999999913
2026-03-17 06:14:00,20698.159999999913,20698.159999999913
2026-03-17 07:14:00,20698.159999999913,20698.159999999913
2026-03-17 08:14:00,20855.759999999915,20855.759999999915
2026-03-17 09:14:00,20855.759999999915,20855.759999999915
2026-03-17 10:14:00,20855.759999999915,20855.759999999915
2026-03-17 11:14:00,20855.759999999915,20855.759999999915
2026-03-17 12:14:00,20855.759999999915,20855.759999999915
2026-03-17 13:14:00,20855.759999999915,20855.759999999915
2026-03-17 14:14:00,20855.759999999915,20855.759999999915
2026-03-17 15:14:00,20855.759999999915,20855.759999999915
2026-03-17 16:14:00,20855.759999999915,20855.759999999915
2026-03-17 17:14:00,20855.759999999915,20855.759999999915
2026-03-17 18:14:00,20855.759999999915,20855.759999999915
2026-03-17 19:14:00,20855.759999999915,20855.759999999915
2026-03-17 20:14:00,20855.759999999915,20855.759999999915
2026-03-17 21:14:00,20855.759999999915,20855.759999999915
2026-03-17 22:14:00,20855.759999999915,20855.759999999915
2026-03-18 00:15:00,20855.759999999915,20855.759999999915
2026-03-18 01:15:00,20855.759999999915,20855.759999999915
2026-03-18 02:15:00,20855.759999999915,20855.759999999915
2026-03-18 03:15:00,20855.759999999915,20855.759999999915
2026-03-18 04:15:00,20855.759999999915,20855.759999999915
2026-03-18 05:15:00,20855.759999999915,20855.759999999915
2026-03-18 06:15:00,20855.759999999915,20855.759999999915
2026-03-18 07:15:00,20855.759999999915,20855.759999999915
2026-03-18 08:15:00,20855.759999999915,20855.759999999915
2026-03-18 09:15:00,20855.759999999915,20855.759999999915
2026-03-18 10:15:00,20855.759999999915,20855.759999999915
2026-03-18 11:15:00,20855.759999999915,20855.759999999915
2026-03-18 12:15:00,20957.689999999926,20957.689999999926
2026-03-18 13:15:00,20957.689999999926,20957.689999999926
2026-03-18 14:15:00,20957.689999999926,20957.689999999926
2026-03-18 15:15:00,20957.689999999926,20957.689999999926
2026-03-18 16:15:00,20957.689999999926,20957.689999999926
2026-03-18 17:15:00,20957.689999999926,20957.689999999926
2026-03-18 18:15:00,20957.689999999926,20957.689999999926
2026-03-18 19:15:00,20957.689999999926,20957.689999999926
2026-03-18 20:15:00,20957.689999999926,20957.689999999926
2026-03-18 21:15:00,20957.689999999926,20957.689999999926
2026-03-18 22:15:00,20957.689999999926,20957.689999999926
2026-03-19 00:16:00,20957.689999999926,20957.689999999926
2026-03-19 01:16:00,20957.689999999926,20957.689999999926
2026-03-19 02:16:00,20957.689999999926,20957.689999999926
2026-03-19 03:16:00,20957.689999999926,20957.689999999926
2026-03-19 04:16:00,20957.689999999926,20957.689999999926
2026-03-19 05:16:00,20957.689999999926,20957.689999999926
2026-03-19 06:16:00,20957.689999999926,20957.689999999926
2026-03-19 07:16:00,20957.689999999926,20957.689999999926
2026-03-19 08:16:00,20957.689999999926,20957.689999999926
2026-03-19 09:16:00,20957.689999999926,20957.689999999926
2026-03-19 10:16:00,20957.689999999926,20957.689999999926
2026-03-19 11:16:00,20957.689999999926,20957.689999999926
2026-03-19 12:16:00,20957.689999999926,20957.689999999926
2026-03-19 13:16:00,20957.689999999926,20957.689999999926
2026-03-19 14:16:00,20957.689999999926,20957.689999999926
2026-03-19 15:16:00,20957.689999999926,20957.689999999926
2026-03-19 16:16:00,20957.689999999926,20957.689999999926
2026-03-19 17:16:00,20957.689999999926,20957.689999999926
2026-03-19 18:16:00,20957.689999999926,20957.689999999926
2026-03-19 19:16:00,20957.689999999926,20957.689999999926
2026-03-19 20:16:00,20957.689999999926,20957.689999999926
2026-03-19 21:16:00,20957.689999999926,20957.689999999926
2026-03-19 22:16:00,20957.689999999926,20957.689999999926
2026-03-20 00:17:00,20957.689999999926,20957.689999999926
2026-03-20 01:17:00,20957.689999999926,20957.689999999926
2026-03-20 02:17:00,20956.849999999926,20830.48999999993
2026-03-20 03:17:00,20987.299999999927,20987.299999999927
2026-03-20 04:17:00,20987.299999999927,20987.299999999927
2026-03-20 05:17:00,20987.299999999927,20987.299999999927
2026-03-20 06:17:00,20987.299999999927,20987.299999999927
2026-03-20 07:17:00,21045.20999999993,21223.179999999946
2026-03-20 08:17:00,21101.989999999947,21101.989999999947
2026-03-20 09:17:00,21101.989999999947,21101.989999999947
2026-03-20 10:17:00,21101.989999999947,21101.989999999947
2026-03-20 11:17:00,21101.989999999947,21101.989999999947
2026-03-20 12:17:00,21101.989999999947,21101.989999999947
2026-03-20 13:17:00,21101.989999999947,21101.989999999947
2026-03-20 14:17:00,21101.989999999947,21101.989999999947
2026-03-20 15:17:00,21101.989999999947,21101.989999999947
2026-03-20 16:17:00,21101.989999999947,21101.989999999947
2026-03-20 17:17:00,21101.989999999947,21101.989999999947
2026-03-20 18:17:00,21101.989999999947,21101.989999999947
2026-03-20 19:17:00,21101.989999999947,21101.989999999947
2026-03-20 20:17:00,21101.989999999947,21101.989999999947
2026-03-20 21:17:00,21101.989999999947,21101.989999999947
2026-03-20 22:17:00,21101.989999999947,21101.989999999947
2026-03-23 00:18:00,21101.989999999947,21101.989999999947
2026-03-23 01:18:00,21101.989999999947,21101.989999999947
2026-03-23 02:18:00,21101.989999999947,21101.989999999947
2026-03-23 03:18:00,21101.989999999947,21101.989999999947
2026-03-23 04:18:00,21101.989999999947,21101.989999999947
2026-03-23 05:18:00,21101.989999999947,21101.989999999947
2026-03-23 06:18:00,21101.989999999947,21101.989999999947
2026-03-23 07:18:00,21101.989999999947,21101.989999999947
2026-03-23 08:18:00,21101.989999999947,21101.989999999947
2026-03-23 09:18:00,21101.989999999947,21101.989999999947
2026-03-23 10:18:00,21101.989999999947,21101.989999999947
2026-03-23 11:18:00,21101.429999999946,21110.94999999995
2026-03-23 12:18:00,21305.809999999947,21329.829999999947
2026-03-23 13:18:00,21305.60999999995,21305.60999999995
2026-03-23 14:18:00,21305.60999999995,21305.60999999995
2026-03-23 15:18:00,21305.60999999995,21305.60999999995
2026-03-23 16:18:00,21305.60999999995,21305.60999999995
2026-03-23 17:18:00,21305.60999999995,21305.60999999995
2026-03-23 18:18:00,21305.60999999995,21305.60999999995
2026-03-23 19:18:00,21305.60999999995,21305.60999999995
2026-03-23 20:18:00,21305.60999999995,21305.60999999995
2026-03-23 21:18:00,21305.60999999995,21305.60999999995
2026-03-23 22:18:00,21305.60999999995,21305.60999999995
2026-03-24 00:19:00,21305.60999999995,21305.60999999995
2026-03-24 01:19:00,21305.60999999995,21305.60999999995
2026-03-24 02:19:00,21305.60999999995,21305.60999999995
2026-03-24 03:19:00,21305.60999999995,21305.60999999995
2026-03-24 04:19:00,21305.60999999995,21305.60999999995
2026-03-24 05:19:00,21305.60999999995,21305.60999999995
2026-03-24 06:19:00,21304.90999999995,21276.709999999952
2026-03-24 07:19:00,21328.549999999956,21328.549999999956
2026-03-24 08:19:00,21328.549999999956,21328.549999999956
2026-03-24 09:19:00,21328.549999999956,21328.549999999956
2026-03-24 10:19:00,21328.549999999956,21328.549999999956
2026-03-24 11:19:00,21328.549999999956,21328.549999999956
2026-03-24 12:19:00,21328.549999999956,21328.549999999956
2026-03-24 13:19:00,21328.549999999956,21328.549999999956
2026-03-24 14:19:00,21328.549999999956,21328.549999999956
2026-03-24 15:19:00,21328.549999999956,21328.549999999956
2026-03-24 16:19:00,21328.549999999956,21328.549999999956
2026-03-24 17:19:00,21328.549999999956,21328.549999999956
2026-03-24 18:19:00,21328.549999999956,21328.549999999956
2026-03-24 19:19:00,21328.549999999956,21328.549999999956
2026-03-24 20:19:00,21447.71999999995,21730.099999999944
2026-03-24 21:19:00,21626.739999999947,21874.269999999942
2026-03-24 22:19:00,21626.739999999947,21888.429999999946
2026-03-25 00:20:00,21980.279999999948,22295.429999999946
2026-03-25 01:20:00,22307.009999999947,22307.009999999947
2026-03-25 02:20:00,22307.009999999947,22307.009999999947
2026-03-25 03:20:00,22513.299999999956,22756.999999999956
2026-03-25 04:20:00,22853.599999999962,22853.599999999962
2026-03-25 05:20:00,22853.599999999962,22853.599999999962
2026-03-25 06:20:00,22853.599999999962,22853.599999999962
2026-03-25 07:20:00,22853.599999999962,22853.599999999962
2026-03-25 08:20:00,22621.54999999997,22621.54999999997
2026-03-25 09:20:00,22621.54999999997,22621.54999999997
2026-03-25 10:20:00,22621.54999999997,22621.54999999997
2026-03-25 11:20:00,22621.54999999997,22621.54999999997
2026-03-25 12:20:00,22814.649999999972,23052.94999999997
2026-03-25 13:20:00,22814.649999999972,23180.549999999974
2026-03-25 14:20:00,23073.949999999975,23244.649999999976
2026-03-25 15:20:00,22613.84999999998,22613.84999999998
2026-03-25 16:20:00,22613.84999999998,22613.84999999998
2026-03-25 17:20:00,22613.84999999998,22613.84999999998
2026-03-25 18:20:00,22613.84999999998,22613.84999999998
2026-03-25 19:20:00,22613.84999999998,22613.84999999998
2026-03-25 20:20:00,22613.84999999998,22613.84999999998
2026-03-25 21:20:00,22613.84999999998,22613.84999999998
2026-03-25 22:20:00,22613.84999999998,22613.84999999998
2026-03-26 00:21:00,22613.84999999998,22613.84999999998
2026-03-26 01:21:00,22613.84999999998,22613.84999999998
2026-03-26 02:21:00,22613.84999999998,22613.84999999998
2026-03-26 03:21:00,22613.84999999998,22613.84999999998
2026-03-26 04:21:00,22613.84999999998,22613.84999999998
2026-03-26 05:21:00,22613.84999999998,22613.84999999998
2026-03-26 06:21:00,22613.84999999998,22613.84999999998
2026-03-26 07:21:00,22613.84999999998,22613.84999999998
2026-03-26 08:21:00,22613.07999999998,22434.439999999973
2026-03-26 09:21:00,22613.07999999998,22590.419999999976
2026-03-26 10:21:00,22613.07999999998,22574.24999999997
2026-03-26 11:21:00,22613.07999999998,22448.629999999972
2026-03-26 12:21:00,22613.07999999998,22501.099999999977
2026-03-26 13:21:00,22613.07999999998,22624.189999999973
2026-03-26 14:21:00,22613.07999999998,22502.199999999983
2026-03-26 15:21:00,22613.07999999998,22574.029999999977
2026-03-26 16:21:00,22613.07999999998,22671.599999999977
2026-03-26 17:21:00,22660.799999999974,22660.799999999974
2026-03-26 18:21:00,22660.799999999974,22660.799999999974
2026-03-26 19:21:00,22660.799999999974,22660.799999999974
2026-03-26 20:21:00,22660.799999999974,22660.799999999974
2026-03-26 21:21:00,22660.799999999974,22660.799999999974
2026-03-26 22:21:00,22660.799999999974,22660.799999999974
2026-03-27 00:22:00,22660.799999999974,22660.799999999974
2026-03-27 01:22:00,22660.799999999974,22660.799999999974
2026-03-27 02:22:00,22660.799999999974,22660.799999999974
2026-03-27 03:22:00,22660.799999999974,22660.799999999974
2026-03-27 04:22:00,22660.799999999974,22660.799999999974
2026-03-27 05:22:00,22660.799999999974,22660.799999999974
2026-03-27 06:22:00,22660.799999999974,22660.799999999974
2026-03-27 07:22:00,22660.799999999974,22660.799999999974
2026-03-27 08:22:00,22660.799999999974,22660.799999999974
2026-03-27 09:22:00,22660.799999999974,22660.799999999974
2026-03-27 10:22:00,22660.799999999974,22660.799999999974
2026-03-27 11:22:00,22660.799999999974,22660.799999999974
2026-03-27 12:22:00,22660.799999999974,22660.799999999974
2026-03-27 13:22:00,22660.799999999974,22660.799999999974
2026-03-27 14:22:00,22660.799999999974,22660.799999999974
2026-03-27 15:22:00,22660.799999999974,22660.799999999974
2026-03-27 16:22:00,22660.799999999974,22660.799999999974
2026-03-27 17:22:00,22660.799999999974,22660.799999999974
2026-03-27 18:22:00,22660.799999999974,22660.799999999974
2026-03-27 19:22:00,22659.819999999974,22595.97999999998
2026-03-27 20:22:00,22659.819999999974,22736.67999999997
2026-03-27 21:22:00,22713.359999999975,22935.99999999997
2026-03-27 22:22:00,22712.259999999987,22712.259999999987
2026-03-30 01:23:00,22712.259999999987,22712.259999999987
2026-03-30 02:23:00,22712.259999999987,22712.259999999987
2026-03-30 03:23:00,22710.99999999999,22737.27999999999
2026-03-30 04:23:00,22912.519999999997,22912.519999999997
2026-03-30 05:23:00,22912.519999999997,22912.519999999997
2026-03-30 06:23:00,22912.519999999997,22912.519999999997
2026-03-30 07:23:00,22912.519999999997,22912.519999999997
2026-03-30 08:23:00,22912.519999999997,22912.519999999997
2026-03-30 09:23:00,22912.519999999997,22912.519999999997
2026-03-30 10:23:00,22912.519999999997,22912.519999999997
2026-03-30 11:23:00,22912.519999999997,22912.519999999997
2026-03-30 12:23:00,22912.519999999997,22912.519999999997
2026-03-30 13:23:00,22912.519999999997,22912.519999999997
2026-03-30 14:23:00,22912.519999999997,22912.519999999997
2026-03-30 15:23:00,22912.519999999997,22912.519999999997
2026-03-30 16:23:00,22912.519999999997,22912.519999999997
2026-03-30 17:23:00,22912.519999999997,22912.519999999997
2026-03-30 18:23:00,22912.519999999997,22912.519999999997
2026-03-30 19:23:00,22912.519999999997,22912.519999999997
2026-03-30 20:23:00,22912.519999999997,22912.519999999997
2026-03-30 21:23:00,22912.519999999997,22912.519999999997
2026-03-30 22:23:00,22912.519999999997,22912.519999999997
2026-03-30 23:23:00,22912.519999999997,22912.519999999997
2026-03-31 01:24:00,22912.519999999997,22912.519999999997
2026-03-31 02:24:00,22912.519999999997,22912.519999999997
2026-03-31 03:24:00,22912.519999999997,22912.519999999997
2026-03-31 04:24:00,22912.519999999997,22912.519999999997
2026-03-31 05:24:00,22912.519999999997,22912.519999999997
2026-03-31 06:24:00,22911.189999999995,22664.719999999998
2026-03-31 07:24:00,22692.789999999986,22629.979999999985
2026-03-31 08:24:00,22692.789999999986,22675.739999999994
2026-03-31 09:24:00,22711.489999999994,22711.489999999994
2026-03-31 10:24:00,22723.089999999997,22757.089999999993
2026-03-31 11:24:00,22868.899999999994,22868.899999999994
2026-03-31 12:24:00,22868.899999999994,22868.899999999994
2026-03-31 13:24:00,22868.899999999994,22868.899999999994
2026-03-31 14:24:00,22868.899999999994,22868.899999999994
2026-03-31 15:24:00,22868.899999999994,22868.899999999994
2026-03-31 16:24:00,22868.899999999994,22868.899999999994
2026-03-31 17:24:00,22868.899999999994,22868.899999999994
2026-03-31 18:24:00,22868.899999999994,22868.899999999994
2026-03-31 19:24:00,22868.899999999994,22868.899999999994
2026-03-31 20:24:00,22868.899999999994,22868.899999999994
2026-03-31 21:24:00,22868.899999999994,22868.899999999994
2026-03-31 22:24:00,22868.899999999994,22868.899999999994
2026-03-31 23:24:00,22868.899999999994,22868.899999999994
2026-04-01 01:25:00,22868.899999999994,22868.899999999994
2026-04-01 02:25:00,22868.899999999994,22868.899999999994
2026-04-01 03:25:00,22868.899999999994,22868.899999999994
2026-04-01 04:25:00,22868.899999999994,22868.899999999994
2026-04-01 05:25:00,22868.899999999994,22868.899999999994
2026-04-01 06:25:00,22868.899999999994,22868.899999999994
2026-04-01 07:25:00,22868.899999999994,22868.899999999994
2026-04-01 08:25:00,22868.899999999994,22868.899999999994
2026-04-01 09:25:00,22868.899999999994,22868.899999999994
2026-04-01 10:25:00,22897.969999999987,22897.969999999987
2026-04-01 11:25:00,22897.969999999987,22897.969999999987
2026-04-01 12:25:00,22897.969999999987,22897.969999999987
2026-04-01 13:25:00,22897.969999999987,22897.969999999987
2026-04-01 14:25:00,22897.969999999987,22897.969999999987
2026-04-01 15:25:00,22897.969999999987,22897.969999999987
2026-04-01 16:25:00,22897.969999999987,22897.969999999987
2026-04-01 17:25:00,22897.969999999987,22897.969999999987
2026-04-01 18:25:00,22897.969999999987,22897.969999999987
2026-04-01 19:25:00,22897.619999999988,22928.719999999987
2026-04-01 20:25:00,22897.619999999988,22883.319999999985
2026-04-01 21:25:00,22923.189999999988,23028.229999999985
2026-04-01 22:25:00,22923.189999999988,23005.629999999986
2026-04-01 23:25:00,22923.189999999988,23000.869999999988
2026-04-02 01:26:00,22923.789999999986,22973.909999999985
2026-04-02 02:26:00,22923.38999999999,22923.38999999999
2026-04-02 03:26:00,22695.88999999998,22695.88999999998
2026-04-02 04:26:00,22695.88999999998,22695.88999999998
2026-04-02 05:26:00,22695.88999999998,22695.88999999998
2026-04-02 06:26:00,22695.88999999998,22695.88999999998
2026-04-02 07:26:00,22695.88999999998,22695.88999999998
2026-04-02 08:26:00,22695.88999999998,22695.88999999998
2026-04-02 09:26:00,22695.88999999998,22695.88999999998
2026-04-02 10:26:00,22695.88999999998,22695.88999999998
2026-04-02 11:26:00,22695.88999999998,22695.88999999998
2026-04-02 12:26:00,22695.88999999998,22695.88999999998
2026-04-02 13:26:00,22695.88999999998,22695.88999999998
2026-04-02 14:26:00,22695.88999999998,22695.88999999998
2026-04-02 15:26:00,22695.88999999998,22695.88999999998
2026-04-02 16:26:00,22695.88999999998,22695.88999999998
2026-04-02 17:26:00,22695.88999999998,22695.88999999998
2026-04-02 18:26:00,22695.88999999998,22695.88999999998
2026-04-02 19:26:00,22695.88999999998,22695.88999999998
2026-04-02 20:26:00,22695.88999999998,22695.88999999998
2026-04-02 21:26:00,22695.88999999998,22695.88999999998
2026-04-02 22:26:00,22695.88999999998,22695.88999999998
2026-04-02 23:26:00,22695.88999999998,22695.88999999998
2026-04-06 01:27:00,22695.11999999998,22800.279999999977
2026-04-06 02:27:00,22763.179999999975,22763.179999999975
2026-04-06 03:27:00,22763.179999999975,22763.179999999975
2026-04-06 04:27:00,22763.179999999975,22763.179999999975
2026-04-06 05:27:00,22763.179999999975,22763.179999999975
2026-04-06 06:27:00,22763.179999999975,22763.179999999975
2026-04-06 07:27:00,22763.179999999975,22763.179999999975
2026-04-06 08:27:00,22763.179999999975,22763.179999999975
2026-04-06 09:27:00,22763.179999999975,22763.179999999975
2026-04-06 10:27:00,22860.37999999997,22860.37999999997
2026-04-06 11:27:00,22860.37999999997,22860.37999999997
2026-04-06 12:27:00,22860.37999999997,22860.37999999997
2026-04-06 13:27:00,22860.30999999997,22876.549999999967
2026-04-06 14:27:00,22860.30999999997,22874.91999999997
2026-04-06 15:27:00,22860.30999999997,22898.199999999968
2026-04-06 16:27:00,22860.30999999997,22892.019999999968
2026-04-06 17:27:00,22860.30999999997,22878.729999999967
2026-04-06 18:27:00,22860.30999999997,22897.34999999997
2026-04-06 19:27:00,22860.30999999997,22896.979999999967
2026-04-06 20:27:00,22860.30999999997,22905.02999999997
2026-04-06 21:27:00,22860.30999999997,22900.549999999967
2026-04-06 22:27:00,22860.30999999997,22915.02999999997
2026-04-06 23:27:00,22860.30999999997,22907.09999999997
2026-04-07 01:28:00,22860.45999999997,22903.48999999997
2026-04-07 02:28:00,22860.45999999997,22908.77999999997
2026-04-07 03:28:00,22860.45999999997,22905.85999999997
2026-04-07 04:28:00,22860.45999999997,22911.589999999967
2026-04-07 05:28:00,22860.45999999997,22930.949999999968
2026-04-07 06:28:00,22860.45999999997,22920.82999999997
2026-04-07 07:28:00,22860.45999999997,22914.38999999997
2026-04-07 08:28:00,22860.45999999997,22931.96999999997
2026-04-07 09:28:00,22860.45999999997,22922.63999999997
2026-04-07 10:28:00,22860.45999999997,22923.00999999997
2026-04-07 11:28:00,22860.45999999997,22885.04999999997
2026-04-07 12:28:00,22860.45999999997,22875.05999999997
2026-04-07 13:28:00,22860.45999999997,22897.159999999967
2026-04-07 14:28:00,22860.45999999997,22913.34999999997
2026-04-07 15:28:00,22860.45999999997,22898.519999999968
2026-04-07 16:28:00,22860.45999999997,22905.20999999997
2026-04-07 17:28:00,22860.45999999997,22923.39999999997
2026-04-07 18:28:00,22860.45999999997,22914.41999999997
2026-04-07 19:28:00,22860.45999999997,22903.039999999968
2026-04-07 20:28:00,22860.45999999997,22906.60999999997
2026-04-07 21:28:00,22860.45999999997,22884.80999999997
2026-04-07 22:28:00,22860.45999999997,22873.699999999968
2026-04-07 23:28:00,22860.24999999997,22851.629999999972
2026-04-08 01:29:00,22862.04999999997,22759.22999999997
2026-04-08 02:29:00,22361.59999999997,22361.59999999997
2026-04-08 03:29:00,22361.59999999997,22361.59999999997
2026-04-08 04:29:00,22359.359999999968,22145.599999999988
2026-04-08 05:29:00,22609.279999999966,22782.07999999997
2026-04-08 06:29:00,22707.679999999975,22707.679999999975
2026-04-08 07:29:00,22707.679999999975,22707.679999999975
2026-04-08 08:29:00,22707.679999999975,22707.679999999975
2026-04-08 09:29:00,22707.679999999975,22707.679999999975
2026-04-08 10:29:00,22707.679999999975,22707.679999999975
2026-04-08 11:29:00,22707.679999999975,22707.679999999975
2026-04-08 12:29:00,22707.679999999975,22707.679999999975
2026-04-08 13:29:00,22707.679999999975,22707.679999999975
2026-04-08 14:29:00,22707.679999999975,22707.679999999975
2026-04-08 15:29:00,22707.679999999975,22707.679999999975
2026-04-08 16:29:00,22707.679999999975,22707.679999999975
2026-04-08 17:29:00,22707.679999999975,22707.679999999975
2026-04-08 18:29:00,22589.24999999998,22589.24999999998
2026-04-08 19:29:00,22589.24999999998,22589.24999999998
2026-04-08 20:29:00,22589.24999999998,22589.24999999998
2026-04-08 21:29:00,22589.24999999998,22589.24999999998
2026-04-08 22:29:00,22589.24999999998,22589.24999999998
2026-04-08 23:29:00,22589.24999999998,22589.24999999998
2026-04-09 01:30:00,22589.24999999998,22589.24999999998
2026-04-09 02:30:00,22589.24999999998,22589.24999999998
2026-04-09 03:30:00,22589.24999999998,22589.24999999998
2026-04-09 04:30:00,22589.24999999998,22589.24999999998
2026-04-09 05:30:00,22589.24999999998,22589.24999999998
2026-04-09 06:30:00,22589.24999999998,22589.24999999998
2026-04-09 07:30:00,22589.24999999998,22589.24999999998
2026-04-09 08:30:00,22589.24999999998,22589.24999999998
2026-04-09 09:30:00,22589.24999999998,22589.24999999998
2026-04-09 10:30:00,22589.24999999998,22589.24999999998
2026-04-09 11:30:00,22589.24999999998,22589.24999999998
2026-04-09 12:30:00,22589.24999999998,22589.24999999998
2026-04-09 13:30:00,22588.40999999998,22506.80999999998
2026-04-09 14:30:00,22478.009999999987,22478.009999999987
2026-04-09 15:30:00,22478.009999999987,22478.009999999987
2026-04-09 16:30:00,22478.009999999987,22478.009999999987
2026-04-09 17:30:00,22478.009999999987,22478.009999999987
2026-04-09 18:30:00,22478.009999999987,22478.009999999987
2026-04-09 19:30:00,22478.009999999987,22478.009999999987
2026-04-09 20:30:00,22478.009999999987,22478.009999999987
2026-04-09 21:30:00,22478.009999999987,22478.009999999987
2026-04-09 22:30:00,22478.009999999987,22478.009999999987
2026-04-09 23:30:00,22478.009999999987,22478.009999999987
2026-04-10 01:31:00,22478.009999999987,22478.009999999987
2026-04-10 02:31:00,22478.009999999987,22478.009999999987
2026-04-10 03:31:00,22478.009999999987,22478.009999999987
2026-04-10 04:31:00,22478.009999999987,22478.009999999987
2026-04-10 05:31:00,22478.009999999987,22478.009999999987
2026-04-10 06:31:00,22478.009999999987,22478.009999999987
2026-04-10 07:31:00,22478.009999999987,22478.009999999987
2026-04-10 08:31:00,22478.009999999987,22478.009999999987
2026-04-10 09:31:00,22488.389999999978,22488.389999999978
2026-04-10 10:31:00,22488.389999999978,22488.389999999978
2026-04-10 11:31:00,22488.389999999978,22488.389999999978
2026-04-10 12:31:00,22488.389999999978,22488.389999999978
2026-04-10 13:31:00,22488.389999999978,22488.389999999978
2026-04-10 14:31:00,22488.389999999978,22488.389999999978
2026-04-10 15:31:00,22488.389999999978,22488.389999999978
2026-04-10 16:31:00,22488.389999999978,22488.389999999978
2026-04-10 17:31:00,22488.389999999978,22488.389999999978
2026-04-10 18:31:00,22488.389999999978,22488.389999999978
2026-04-10 19:31:00,22643.949999999986,22756.369999999988
2026-04-10 20:31:00,22805.09999999999,22805.09999999999
2026-04-10 21:31:00,22805.09999999999,22805.09999999999
2026-04-10 22:31:00,22805.09999999999,22805.09999999999
2026-04-10 23:31:00,22805.09999999999,22805.09999999999
2026-04-13 01:32:00,22805.09999999999,22805.09999999999
2026-04-13 02:32:00,22805.09999999999,22805.09999999999
2026-04-13 03:32:00,22805.09999999999,22805.09999999999
2026-04-13 04:32:00,22805.09999999999,22805.09999999999
2026-04-13 05:32:00,22805.09999999999,22805.09999999999
2026-04-13 06:32:00,22805.09999999999,22805.09999999999
2026-04-13 07:32:00,22805.09999999999,22805.09999999999
2026-04-13 08:32:00,22805.09999999999,22805.09999999999
2026-04-13 09:32:00,22805.09999999999,22805.09999999999
2026-04-13 10:32:00,22805.09999999999,22805.09999999999
2026-04-13 11:32:00,22805.09999999999,22805.09999999999
2026-04-13 12:32:00,22805.09999999999,22805.09999999999
2026-04-13 13:32:00,22805.09999999999,22805.09999999999
2026-04-13 14:32:00,22805.09999999999,22805.09999999999
2026-04-13 15:32:00,22805.09999999999,22805.09999999999
2026-04-13 16:32:00,22805.09999999999,22805.09999999999
2026-04-13 17:32:00,22805.09999999999,22805.09999999999
2026-04-13 18:32:00,22805.09999999999,22805.09999999999
2026-04-13 19:32:00,22803.69999999999,22777.699999999986
2026-04-13 20:32:00,22582.099999999984,22582.099999999984
2026-04-13 21:32:00,22582.099999999984,22582.099999999984
2026-04-13 22:32:00,22582.099999999984,22582.099999999984
2026-04-13 23:32:00,22582.099999999984,22582.099999999984
2026-04-14 01:33:00,22582.099999999984,22582.099999999984
2026-04-14 02:33:00,22582.099999999984,22582.099999999984
2026-04-14 03:33:00,22582.099999999984,22582.099999999984
2026-04-14 04:33:00,22582.099999999984,22582.099999999984
2026-04-14 05:33:00,22582.099999999984,22582.099999999984
2026-04-14 06:33:00,22582.099999999984,22582.099999999984
2026-04-14 07:33:00,22582.099999999984,22582.099999999984
2026-04-14 08:33:00,22582.099999999984,22582.099999999984
2026-04-14 09:33:00,22582.099999999984,22582.099999999984
2026-04-14 10:33:00,22582.099999999984,22582.099999999984
2026-04-14 11:33:00,22582.099999999984,22582.099999999984
2026-04-14 12:33:00,22582.099999999984,22582.099999999984
2026-04-14 13:33:00,22582.099999999984,22582.099999999984
2026-04-14 14:33:00,22582.099999999984,22582.099999999984
2026-04-14 15:33:00,22582.099999999984,22582.099999999984
2026-04-14 16:33:00,22582.099999999984,22582.099999999984
2026-04-14 17:33:00,22582.099999999984,22582.099999999984
2026-04-14 18:33:00,22582.099999999984,22582.099999999984
2026-04-14 19:33:00,22582.099999999984,22582.099999999984
2026-04-14 20:33:00,22582.099999999984,22582.099999999984
2026-04-14 21:33:00,22582.099999999984,22582.099999999984
2026-04-14 22:33:00,22582.099999999984,22582.099999999984
2026-04-14 23:33:00,22582.099999999984,22582.099999999984
2026-04-15 01:34:00,22902.049999999967,22902.049999999967
2026-04-15 02:34:00,22902.049999999967,22902.049999999967
2026-04-15 03:34:00,22902.049999999967,22902.049999999967
2026-04-15 04:34:00,22902.049999999967,22902.049999999967
2026-04-15 05:34:00,22902.049999999967,22902.049999999967
2026-04-15 06:34:00,22902.049999999967,22902.049999999967
2026-04-15 07:34:00,22902.049999999967,22902.049999999967
2026-04-15 08:34:00,22902.049999999967,22902.049999999967
2026-04-15 09:34:00,22924.289999999986,22924.289999999986
2026-04-15 10:34:00,22924.289999999986,22924.289999999986
2026-04-15 11:34:00,22924.289999999986,22924.289999999986
2026-04-15 12:34:00,22924.289999999986,22924.289999999986
2026-04-15 13:34:00,22924.289999999986,22924.289999999986
2026-04-15 14:34:00,22924.289999999986,22924.289999999986
2026-04-15 15:34:00,22946.749999999993,22946.749999999993
2026-04-15 16:34:00,22946.749999999993,22946.749999999993
2026-04-15 17:34:00,22946.749999999993,22946.749999999993
2026-04-15 18:34:00,22946.749999999993,22946.749999999993
2026-04-15 19:34:00,22946.749999999993,22946.749999999993
2026-04-15 20:34:00,22946.749999999993,22946.749999999993
2026-04-15 21:34:00,22946.749999999993,22946.749999999993
2026-04-15 22:34:00,22946.749999999993,22946.749999999993
2026-04-15 23:34:00,22946.749999999993,22946.749999999993
2026-04-16 01:35:00,22946.749999999993,22946.749999999993
2026-04-16 02:35:00,22946.749999999993,22946.749999999993
2026-04-16 03:35:00,22946.749999999993,22946.749999999993
2026-04-16 04:35:00,22946.749999999993,22946.749999999993
2026-04-16 05:35:00,22946.749999999993,22946.749999999993
2026-04-16 06:35:00,22946.749999999993,22946.749999999993
2026-04-16 07:35:00,22946.749999999993,22946.749999999993
2026-04-16 08:35:00,22946.749999999993,22946.749999999993
2026-04-16 09:35:00,22946.749999999993,22946.749999999993
2026-04-16 10:35:00,22946.749999999993,22946.749999999993
2026-04-16 11:35:00,22946.749999999993,22946.749999999993
2026-04-16 12:35:00,22946.749999999993,22946.749999999993
2026-04-16 13:35:00,22946.749999999993,22946.749999999993
2026-04-16 14:35:00,22946.749999999993,22946.749999999993
2026-04-16 15:35:00,22968.64999999998,22968.64999999998
2026-04-16 16:35:00,22968.64999999998,22968.64999999998
2026-04-16 17:35:00,22968.64999999998,22968.64999999998
2026-04-16 18:35:00,22968.64999999998,22968.64999999998
2026-04-16 19:35:00,22968.64999999998,22968.64999999998
2026-04-16 20:35:00,22968.64999999998,22968.64999999998
2026-04-16 21:35:00,22968.64999999998,22968.64999999998
2026-04-16 22:35:00,22968.64999999998,22968.64999999998
2026-04-16 23:35:00,22968.64999999998,22968.64999999998
2026-04-17 01:36:00,22968.64999999998,22968.64999999998
2026-04-17 02:36:00,22968.64999999998,22968.64999999998
2026-04-17 03:36:00,22968.64999999998,22968.64999999998
2026-04-17 04:36:00,22968.64999999998,22968.64999999998
2026-04-17 05:36:00,22968.64999999998,22968.64999999998
2026-04-17 06:36:00,23134.649999999983,23186.24999999998
2026-04-17 07:36:00,23134.649999999983,23227.769999999986
2026-04-17 08:36:00,23274.88999999999,23274.88999999999
2026-04-17 09:36:00,23274.88999999999,23274.88999999999
2026-04-17 10:36:00,23274.88999999999,23274.88999999999
2026-04-17 11:36:00,23274.88999999999,23274.88999999999
2026-04-17 12:36:00,23274.88999999999,23274.88999999999
2026-04-17 13:36:00,23274.88999999999,23274.88999999999
2026-04-17 14:36:00,23274.88999999999,23274.88999999999
2026-04-17 15:36:00,23274.88999999999,23274.88999999999
2026-04-17 16:36:00,23274.88999999999,23274.88999999999
2026-04-17 17:36:00,23274.88999999999,23274.88999999999
2026-04-17 18:36:00,23274.88999999999,23274.88999999999
2026-04-17 19:36:00,23274.88999999999,23274.88999999999
2026-04-17 20:36:00,23274.88999999999,23274.88999999999
2026-04-17 21:36:00,23274.88999999999,23274.88999999999
2026-04-17 22:36:00,23274.88999999999,23274.88999999999
2026-04-17 23:36:00,23274.88999999999,23274.88999999999
2026-04-20 01:37:00,23274.88999999999,23274.88999999999
2026-04-20 02:37:00,23274.88999999999,23274.88999999999
2026-04-20 03:37:00,23274.88999999999,23274.88999999999
2026-04-20 04:37:00,23274.88999999999,23274.88999999999
2026-04-20 05:37:00,23274.88999999999,23274.88999999999
2026-04-20 06:37:00,23274.88999999999,23274.88999999999
2026-04-20 07:37:00,23273.76999999999,23278.40999999999
2026-04-20 08:37:00,23302.689999999988,23382.489999999983
2026-04-20 09:37:00,23471.409999999985,23523.009999999984
2026-04-20 10:37:00,23614.849999999988,23614.849999999988
2026-04-20 11:37:00,23614.849999999988,23614.849999999988
2026-04-20 12:37:00,23614.849999999988,23614.849999999988
2026-04-20 13:37:00,23614.849999999988,23614.849999999988
2026-04-20 14:37:00,23614.849999999988,23614.849999999988
2026-04-20 15:37:00,23638.169999999973,23638.169999999973
2026-04-20 16:37:00,23751.65999999996,23751.65999999996
2026-04-20 17:37:00,23751.65999999996,23751.65999999996
2026-04-20 18:37:00,23751.65999999996,23751.65999999996
2026-04-20 19:37:00,23751.65999999996,23751.65999999996
2026-04-20 20:37:00,23751.65999999996,23751.65999999996
2026-04-20 21:37:00,23750.11999999996,23760.67999999995
2026-04-20 22:37:00,23750.11999999996,23771.899999999954
2026-04-20 23:37:00,23750.11999999996,23692.259999999955
2026-04-21 01:38:00,23513.839999999956,23513.839999999956
2026-04-21 02:38:00,23513.839999999956,23513.839999999956
2026-04-21 03:38:00,23513.839999999956,23513.839999999956
2026-04-21 04:38:00,23513.839999999956,23513.839999999956
2026-04-21 05:38:00,23513.839999999956,23513.839999999956
2026-04-21 06:38:00,23513.839999999956,23513.839999999956
2026-04-21 07:38:00,23513.839999999956,23513.839999999956
2026-04-21 08:38:00,23513.839999999956,23513.839999999956
2026-04-21 09:38:00,23513.839999999956,23513.839999999956
2026-04-21 10:38:00,23513.839999999956,23513.839999999956
2026-04-21 11:38:00,23513.839999999956,23513.839999999956
2026-04-21 12:38:00,23513.839999999956,23513.839999999956
2026-04-21 13:38:00,23513.839999999956,23513.839999999956
2026-04-21 14:38:00,23513.839999999956,23513.839999999956
2026-04-21 15:38:00,23688.819999999963,23688.819999999963
2026-04-21 16:38:00,23688.819999999963,23688.819999999963
2026-04-21 17:38:00,23688.819999999963,23688.819999999963
2026-04-21 18:38:00,23710.629999999965,23757.549999999963
2026-04-21 19:38:00,23709.42999999997,23709.42999999997
2026-04-21 20:38:00,23709.42999999997,23709.42999999997
2026-04-21 21:38:00,23709.42999999997,23709.42999999997
2026-04-21 22:38:00,23709.42999999997,23709.42999999997
2026-04-21 23:38:00,23709.42999999997,23709.42999999997
2026-04-22 01:39:00,23709.42999999997,23709.42999999997
2026-04-22 02:39:00,23709.42999999997,23709.42999999997
2026-04-22 03:39:00,23709.42999999997,23709.42999999997
2026-04-22 04:39:00,23709.42999999997,23709.42999999997
2026-04-22 05:39:00,23709.42999999997,23709.42999999997
2026-04-22 06:39:00,23709.42999999997,23709.42999999997
2026-04-22 07:39:00,23709.42999999997,23709.42999999997
2026-04-22 08:39:00,23709.42999999997,23709.42999999997
2026-04-22 09:39:00,23709.42999999997,23709.42999999997
2026-04-22 10:39:00,23709.42999999997,23709.42999999997
2026-04-22 11:39:00,23709.42999999997,23709.42999999997
2026-04-22 12:39:00,23709.42999999997,23709.42999999997
2026-04-22 13:39:00,23709.42999999997,23709.42999999997
2026-04-22 14:39:00,23709.42999999997,23709.42999999997
2026-04-22 15:39:00,23709.42999999997,23709.42999999997
2026-04-22 16:39:00,23709.42999999997,23709.42999999997
2026-04-22 17:39:00,23709.42999999997,23709.42999999997
2026-04-22 18:39:00,23709.42999999997,23709.42999999997
2026-04-22 19:39:00,23709.42999999997,23709.42999999997
2026-04-22 20:39:00,23709.42999999997,23709.42999999997
2026-04-22 21:39:00,23709.42999999997,23709.42999999997
2026-04-22 22:39:00,23709.42999999997,23709.42999999997
2026-04-22 23:39:00,23709.42999999997,23709.42999999997
2026-04-23 01:40:00,23709.42999999997,23709.42999999997
2026-04-23 02:40:00,23709.42999999997,23709.42999999997
2026-04-23 03:40:00,23760.969999999972,23888.809999999972
2026-04-23 04:40:00,23760.969999999972,23838.44999999997
2026-04-23 05:40:00,23802.129999999972,23802.129999999972
2026-04-23 06:40:00,23802.129999999972,23802.129999999972
2026-04-23 07:40:00,23802.129999999972,23802.129999999972
2026-04-23 08:40:00,23802.129999999972,23802.129999999972
2026-04-23 09:40:00,23802.129999999972,23802.129999999972
2026-04-23 10:40:00,23802.129999999972,23802.129999999972
2026-04-23 11:40:00,23802.129999999972,23802.129999999972
2026-04-23 12:40:00,23802.129999999972,23802.129999999972
2026-04-23 13:40:00,23802.129999999972,23802.129999999972
2026-04-23 14:40:00,23802.129999999972,23802.129999999972
2026-04-23 15:40:00,23560.480000000003,23560.480000000003
2026-04-23 16:40:00,23560.480000000003,23560.480000000003
2026-04-23 17:40:00,23610.29999999999,23610.29999999999
2026-04-23 18:40:00,23610.29999999999,23610.29999999999
2026-04-23 19:40:00,23610.29999999999,23610.29999999999
2026-04-23 20:40:00,23610.29999999999,23610.29999999999
2026-04-23 21:40:00,23610.29999999999,23610.29999999999
2026-04-23 22:40:00,23610.29999999999,23610.29999999999
2026-04-23 23:40:00,23610.29999999999,23610.29999999999
2026-04-24 01:41:00,23610.29999999999,23610.29999999999
2026-04-24 02:41:00,23610.29999999999,23610.29999999999
2026-04-24 03:41:00,23610.29999999999,23610.29999999999
2026-04-24 04:41:00,23610.29999999999,23610.29999999999
2026-04-24 05:41:00,23610.29999999999,23610.29999999999
2026-04-24 06:41:00,23610.29999999999,23610.29999999999
2026-04-24 07:41:00,23610.29999999999,23610.29999999999
2026-04-24 08:41:00,23610.29999999999,23610.29999999999
2026-04-24 09:41:00,23610.29999999999,23610.29999999999
2026-04-24 10:41:00,23610.29999999999,23610.29999999999
2026-04-24 11:41:00,23610.29999999999,23610.29999999999
2026-04-24 12:41:00,23610.29999999999,23610.29999999999
2026-04-24 13:41:00,23610.29999999999,23610.29999999999
2026-04-24 14:41:00,23610.29999999999,23610.29999999999
2026-04-24 15:41:00,23610.29999999999,23610.29999999999
2026-04-24 16:41:00,23718.849999999977,23718.849999999977
2026-04-24 17:41:00,23718.849999999977,23718.849999999977
2026-04-24 18:41:00,23718.849999999977,23718.849999999977
2026-04-24 19:41:00,23718.849999999977,23718.849999999977
2026-04-24 20:41:00,23718.849999999977,23718.849999999977
2026-04-24 21:41:00,23718.849999999977,23718.849999999977
2026-04-24 22:41:00,23718.849999999977,23718.849999999977
2026-04-24 23:41:00,23718.849999999977,23718.849999999977
2026-04-27 01:42:00,23465.579999999994,23465.579999999994
2026-04-27 02:42:00,23465.579999999994,23465.579999999994
2026-04-27 03:42:00,23465.579999999994,23465.579999999994
2026-04-27 04:42:00,23355.300000000003,23355.300000000003
2026-04-27 05:42:00,23355.300000000003,23355.300000000003
2026-04-27 06:42:00,23355.300000000003,23355.300000000003
2026-04-27 07:42:00,23355.300000000003,23355.300000000003
2026-04-27 08:42:00,23355.300000000003,23355.300000000003
2026-04-27 09:42:00,23355.300000000003,23355.300000000003
2026-04-27 10:42:00,23355.300000000003,23355.300000000003
2026-04-27 11:42:00,23355.300000000003,23355.300000000003
2026-04-27 12:42:00,23355.300000000003,23355.300000000003
2026-04-27 13:42:00,23355.300000000003,23355.300000000003
2026-04-27 14:42:00,23355.300000000003,23355.300000000003
2026-04-27 15:42:00,23355.300000000003,23355.300000000003
2026-04-27 16:42:00,23355.300000000003,23355.300000000003
2026-04-27 17:42:00,23355.300000000003,23355.300000000003
2026-04-27 18:42:00,23355.300000000003,23355.300000000003
2026-04-27 19:42:00,23355.300000000003,23355.300000000003
2026-04-27 20:42:00,23355.300000000003,23355.300000000003
2026-04-27 21:42:00,23355.300000000003,23355.300000000003
2026-04-27 22:42:00,23355.300000000003,23355.300000000003
2026-04-27 23:42:00,23355.300000000003,23355.300000000003
2026-04-28 01:43:00,23355.300000000003,23355.300000000003
2026-04-28 02:43:00,23355.300000000003,23355.300000000003
2026-04-28 03:43:00,23355.300000000003,23355.300000000003
2026-04-28 04:43:00,23355.300000000003,23355.300000000003
2026-04-28 05:43:00,23355.300000000003,23355.300000000003
2026-04-28 06:43:00,23355.300000000003,23355.300000000003
2026-04-28 07:43:00,23355.300000000003,23355.300000000003
2026-04-28 08:43:00,23355.300000000003,23355.300000000003
2026-04-28 09:43:00,23355.300000000003,23355.300000000003
2026-04-28 10:43:00,23355.300000000003,23355.300000000003
2026-04-28 11:43:00,23355.300000000003,23355.300000000003
2026-04-28 12:43:00,23355.300000000003,23355.300000000003
2026-04-28 13:43:00,23355.300000000003,23355.300000000003
2026-04-28 14:43:00,23355.300000000003,23355.300000000003
2026-04-28 15:43:00,23355.300000000003,23355.300000000003
2026-04-28 16:43:00,23355.300000000003,23355.300000000003
2026-04-28 17:43:00,23430.530000000006,23487.570000000007
2026-04-28 18:43:00,23440.290000000008,23440.290000000008
2026-04-28 19:43:00,23440.290000000008,23440.290000000008
2026-04-28 20:43:00,23440.290000000008,23440.290000000008
2026-04-28 21:43:00,23440.290000000008,23440.290000000008
2026-04-28 22:43:00,23440.290000000008,23440.290000000008
2026-04-28 23:43:00,23440.290000000008,23440.290000000008
2026-04-29 01:44:00,23440.290000000008,23440.290000000008
2026-04-29 02:44:00,23440.290000000008,23440.290000000008
2026-04-29 03:44:00,23440.290000000008,23440.290000000008
2026-04-29 04:44:00,23440.290000000008,23440.290000000008
2026-04-29 05:44:00,23440.290000000008,23440.290000000008
2026-04-29 06:44:00,23440.290000000008,23440.290000000008
2026-04-29 07:44:00,23440.290000000008,23440.290000000008
2026-04-29 08:44:00,23440.290000000008,23440.290000000008
2026-04-29 09:44:00,23552.090000000007,23552.090000000007
2026-04-29 10:44:00,23552.090000000007,23552.090000000007
2026-04-29 11:44:00,23552.090000000007,23552.090000000007
2026-04-29 12:44:00,23311.130000000016,23311.130000000016
2026-04-29 13:44:00,23321.120000000017,23387.960000000025
2026-04-29 14:44:00,23362.220000000023,23362.220000000023
2026-04-29 15:44:00,23362.220000000023,23362.220000000023
2026-04-29 16:44:00,23362.220000000023,23362.220000000023
2026-04-29 17:44:00,23362.220000000023,23362.220000000023
2026-04-29 18:44:00,23362.220000000023,23362.220000000023
2026-04-29 19:44:00,23362.220000000023,23362.220000000023
2026-04-29 20:44:00,23362.220000000023,23362.220000000023
2026-04-29 21:44:00,23362.220000000023,23362.220000000023
2026-04-29 22:44:00,23362.220000000023,23362.220000000023
2026-04-29 23:44:00,23362.220000000023,23362.220000000023
2026-04-30 01:45:00,23362.220000000023,23362.220000000023
2026-04-30 02:45:00,23362.220000000023,23362.220000000023
2026-04-30 03:45:00,23362.220000000023,23362.220000000023
2026-04-30 04:45:00,23362.220000000023,23362.220000000023
2026-04-30 05:45:00,23362.220000000023,23362.220000000023
2026-04-30 06:45:00,23362.220000000023,23362.220000000023
2026-04-30 07:45:00,23362.220000000023,23362.220000000023
2026-04-30 08:45:00,23362.220000000023,23362.220000000023
2026-04-30 09:45:00,23362.220000000023,23362.220000000023
2026-04-30 10:45:00,23362.220000000023,23362.220000000023
2026-04-30 11:45:00,23362.220000000023,23362.220000000023
2026-04-30 12:45:00,23362.220000000023,23362.220000000023
2026-04-30 13:45:00,23362.220000000023,23362.220000000023
2026-04-30 14:45:00,23362.220000000023,23362.220000000023
2026-04-30 15:45:00,23362.220000000023,23362.220000000023
2026-04-30 16:45:00,23362.220000000023,23362.220000000023
2026-04-30 17:45:00,23362.220000000023,23362.220000000023
2026-04-30 18:45:00,23362.220000000023,23362.220000000023
2026-04-30 19:45:00,23362.220000000023,23362.220000000023
2026-04-30 20:45:00,23362.220000000023,23362.220000000023
2026-04-30 21:45:00,23362.220000000023,23362.220000000023
2026-04-30 22:45:00,23362.220000000023,23362.220000000023
2026-04-30 23:45:00,23362.220000000023,23362.220000000023
2026-05-01 01:46:00,23362.220000000023,23362.220000000023
2026-05-01 02:46:00,23362.220000000023,23362.220000000023
2026-05-01 03:46:00,23362.220000000023,23362.220000000023
2026-05-01 04:46:00,23362.220000000023,23362.220000000023
2026-05-01 05:46:00,23362.220000000023,23362.220000000023
2026-05-01 06:46:00,23362.220000000023,23362.220000000023
2026-05-01 07:46:00,23362.220000000023,23362.220000000023
2026-05-01 08:46:00,23362.220000000023,23362.220000000023
2026-05-01 09:46:00,23362.220000000023,23362.220000000023
2026-05-01 10:46:00,23362.220000000023,23362.220000000023
2026-05-01 11:46:00,23362.220000000023,23362.220000000023
2026-05-01 12:46:00,23362.220000000023,23362.220000000023
2026-05-01 13:46:00,23362.220000000023,23362.220000000023
2026-05-01 14:46:00,23362.220000000023,23362.220000000023
2026-05-01 15:46:00,23362.220000000023,23362.220000000023
2026-05-01 16:46:00,23362.220000000023,23362.220000000023
2026-05-01 17:46:00,23362.220000000023,23362.220000000023
2026-05-01 18:46:00,23362.220000000023,23362.220000000023
2026-05-01 19:46:00,23362.220000000023,23362.220000000023
2026-05-01 20:46:00,23362.220000000023,23362.220000000023
2026-05-01 21:46:00,23478.30000000002,23478.30000000002
2026-05-01 22:46:00,23478.30000000002,23478.30000000002
2026-05-01 23:46:00,23478.30000000002,23478.30000000002
2026-05-04 01:47:00,23478.30000000002,23478.30000000002
2026-05-04 02:47:00,23478.30000000002,23478.30000000002
2026-05-04 03:47:00,23478.30000000002,23478.30000000002
2026-05-04 04:47:00,23478.30000000002,23478.30000000002
2026-05-04 05:47:00,23478.30000000002,23478.30000000002
2026-05-04 06:47:00,23478.30000000002,23478.30000000002
2026-05-04 07:47:00,23478.30000000002,23478.30000000002
2026-05-04 08:47:00,23478.30000000002,23478.30000000002
2026-05-04 09:47:00,23478.30000000002,23478.30000000002
2026-05-04 10:47:00,23478.30000000002,23478.30000000002
2026-05-04 11:47:00,23478.30000000002,23478.30000000002
2026-05-04 12:47:00,23478.30000000002,23478.30000000002
2026-05-04 13:47:00,23478.30000000002,23478.30000000002
2026-05-04 14:47:00,23478.30000000002,23478.30000000002
2026-05-04 15:47:00,23478.30000000002,23478.30000000002
2026-05-04 16:47:00,23478.30000000002,23478.30000000002
2026-05-04 17:47:00,23478.30000000002,23478.30000000002
2026-05-04 18:47:00,23478.30000000002,23478.30000000002
2026-05-04 19:47:00,23478.30000000002,23478.30000000002
2026-05-04 20:47:00,23478.30000000002,23478.30000000002
2026-05-04 21:47:00,23478.30000000002,23478.30000000002
2026-05-04 22:47:00,23478.30000000002,23478.30000000002
2026-05-04 23:47:00,23478.30000000002,23478.30000000002
2026-05-05 01:48:00,23478.30000000002,23478.30000000002
2026-05-05 02:48:00,23478.30000000002,23478.30000000002
2026-05-05 03:48:00,23478.30000000002,23478.30000000002
2026-05-05 04:48:00,23478.30000000002,23478.30000000002
2026-05-05 05:48:00,23478.30000000002,23478.30000000002
2026-05-05 06:48:00,23478.30000000002,23478.30000000002
2026-05-05 07:48:00,23478.30000000002,23478.30000000002
2026-05-05 08:48:00,23478.30000000002,23478.30000000002
2026-05-05 09:48:00,23478.30000000002,23478.30000000002
2026-05-05 10:48:00,23478.30000000002,23478.30000000002
2026-05-05 11:48:00,23478.30000000002,23478.30000000002
2026-05-05 12:48:00,23478.30000000002,23478.30000000002
2026-05-05 13:48:00,23478.30000000002,23478.30000000002
2026-05-05 14:48:00,23715.83000000002,23994.290000000023
2026-05-05 15:48:00,24014.050000000014,24014.050000000014
2026-05-05 16:48:00,24012.020000000015,24039.57000000001
2026-05-05 17:48:00,24112.16000000001,24112.16000000001
2026-05-05 18:48:00,24112.16000000001,24112.16000000001
2026-05-05 19:48:00,24112.16000000001,24112.16000000001
2026-05-05 20:48:00,24112.16000000001,24112.16000000001
2026-05-05 21:48:00,24112.16000000001,24112.16000000001
2026-05-05 22:48:00,24112.16000000001,24112.16000000001
2026-05-05 23:48:00,24112.16000000001,24112.16000000001
2026-05-06 01:49:00,24109.85000000001,24002.60000000001
2026-05-06 02:49:00,24658.199999999997,24658.199999999997
2026-05-06 03:49:00,24658.199999999997,24658.199999999997
2026-05-06 04:49:00,24658.199999999997,24658.199999999997
2026-05-06 05:49:00,24658.199999999997,24658.199999999997
2026-05-06 06:49:00,24658.199999999997,24658.199999999997
2026-05-06 07:49:00,24658.199999999997,24658.199999999997
2026-05-06 08:49:00,24658.199999999997,24658.199999999997
2026-05-06 09:49:00,24658.199999999997,24658.199999999997
2026-05-06 10:49:00,24658.199999999997,24658.199999999997
2026-05-06 11:49:00,24658.199999999997,24658.199999999997
2026-05-06 12:49:00,24658.199999999997,24658.199999999997
2026-05-06 13:49:00,24658.199999999997,24658.199999999997
2026-05-06 14:49:00,24658.199999999997,24658.199999999997
2026-05-06 15:49:00,24690.33000000001,24690.33000000001
2026-05-06 16:49:00,24690.33000000001,24690.33000000001
2026-05-06 17:49:00,24690.33000000001,24690.33000000001
2026-05-06 18:49:00,24690.33000000001,24690.33000000001
2026-05-06 19:49:00,24690.33000000001,24690.33000000001
2026-05-06 20:49:00,24690.33000000001,24690.33000000001
2026-05-06 21:49:00,24690.33000000001,24690.33000000001
2026-05-06 22:49:00,24690.33000000001,24690.33000000001
2026-05-06 23:49:00,24690.33000000001,24690.33000000001
2026-05-07 01:50:00,24690.33000000001,24690.33000000001
2026-05-07 02:50:00,24690.33000000001,24690.33000000001
2026-05-07 03:50:00,24690.33000000001,24690.33000000001
2026-05-07 04:50:00,24690.33000000001,24690.33000000001
2026-05-07 05:50:00,24690.33000000001,24690.33000000001
2026-05-07 06:50:00,24690.33000000001,24690.33000000001
2026-05-07 07:50:00,24690.33000000001,24690.33000000001
2026-05-07 08:50:00,24690.33000000001,24690.33000000001
2026-05-07 09:50:00,24690.33000000001,24690.33000000001
2026-05-07 10:50:00,24690.33000000001,24690.33000000001
2026-05-07 11:50:00,24690.33000000001,24690.33000000001
2026-05-07 12:50:00,24690.33000000001,24690.33000000001
2026-05-07 13:50:00,24721.69000000001,24833.090000000004
2026-05-07 14:50:00,24719.690000000002,24719.690000000002
2026-05-07 15:50:00,24719.690000000002,24719.690000000002
2026-05-07 16:50:00,24719.690000000002,24719.690000000002
2026-05-07 17:50:00,24719.690000000002,24719.690000000002
2026-05-07 18:50:00,24719.690000000002,24719.690000000002
2026-05-07 19:50:00,24719.690000000002,24719.690000000002
2026-05-07 20:50:00,24719.690000000002,24719.690000000002
2026-05-07 21:50:00,24719.690000000002,24719.690000000002
2026-05-07 22:50:00,24719.690000000002,24719.690000000002
2026-05-07 23:50:00,24719.690000000002,24719.690000000002
2026-05-08 01:51:00,24719.690000000002,24719.690000000002
2026-05-08 02:51:00,24719.690000000002,24719.690000000002
2026-05-08 03:51:00,24719.690000000002,24719.690000000002
2026-05-08 04:51:00,24719.690000000002,24719.690000000002
2026-05-08 05:51:00,24468.84000000001,24468.84000000001
2026-05-08 06:51:00,24468.84000000001,24468.84000000001
2026-05-08 07:51:00,24468.84000000001,24468.84000000001
2026-05-08 08:51:00,24468.84000000001,24468.84000000001
2026-05-08 09:51:00,24468.84000000001,24468.84000000001
2026-05-08 10:51:00,24468.84000000001,24468.84000000001
2026-05-08 11:51:00,24468.84000000001,24468.84000000001
2026-05-08 12:51:00,24468.84000000001,24468.84000000001
2026-05-08 13:51:00,24468.84000000001,24468.84000000001
2026-05-08 14:51:00,24468.84000000001,24468.84000000001
2026-05-08 15:51:00,24483.06,24483.06
2026-05-08 16:51:00,24483.06,24483.06
2026-05-08 17:51:00,24514.840000000004,24622.320000000003
2026-05-08 18:51:00,24514.840000000004,24650.72
2026-05-08 19:51:00,24514.840000000004,24642.600000000002
2026-05-08 20:51:00,24514.840000000004,24613.440000000002
2026-05-08 21:51:00,24514.840000000004,24599.360000000004
2026-05-08 22:51:00,24514.840000000004,24592.600000000002
2026-05-08 23:51:00,24514.840000000004,24633.24
2026-05-11 01:52:00,24577.230000000003,24737.610000000004
2026-05-11 02:52:00,24577.230000000003,24722.940000000002
2026-05-11 03:52:00,24577.230000000003,24782.130000000005
2026-05-11 04:52:00,24609.160000000003,24920.92
2026-05-11 05:52:00,24675.400000000005,25011.76000000001
2026-05-11 06:52:00,24675.400000000005,25039.0
2026-05-11 07:52:00,24675.400000000005,25118.08
2026-05-11 08:52:00,25065.490000000005,25297.790000000005
2026-05-11 09:52:00,25065.490000000005,25176.690000000006
2026-05-11 10:52:00,25065.490000000005,25239.240000000005
2026-05-11 11:52:00,25065.490000000005,25218.340000000004
2026-05-11 12:52:00,25065.490000000005,25266.890000000007
2026-05-11 13:52:00,25065.490000000005,25232.940000000002
2026-05-11 14:52:00,25065.490000000005,25209.740000000005
2026-05-11 15:52:00,25065.490000000005,25106.990000000005
2026-05-11 16:52:00,25064.99000000001,25064.99000000001
2026-05-11 17:52:00,25064.99000000001,25064.99000000001
2026-05-11 18:52:00,25064.99000000001,25064.99000000001
2026-05-11 19:52:00,25063.450000000008,25136.49000000002
2026-05-11 20:52:00,25096.70000000001,25285.740000000027
2026-05-11 21:52:00,25163.20000000001,25339.480000000018
2026-05-11 22:52:00,25163.20000000001,25405.480000000018
2026-05-11 23:52:00,25163.20000000001,25423.480000000018
2026-05-12 01:53:00,25292.650000000012,25576.150000000012
2026-05-12 02:53:00,25664.910000000014,25664.910000000014
2026-05-12 03:53:00,25664.910000000014,25664.910000000014
2026-05-12 04:53:00,25664.910000000014,25664.910000000014
2026-05-12 05:53:00,25664.910000000014,25664.910000000014
2026-05-12 06:53:00,25664.910000000014,25664.910000000014
2026-05-12 07:53:00,25664.910000000014,25664.910000000014
2026-05-12 08:53:00,25664.910000000014,25664.910000000014
2026-05-12 09:53:00,25664.910000000014,25664.910000000014
2026-05-12 10:53:00,25664.910000000014,25664.910000000014
2026-05-12 11:53:00,25664.910000000014,25664.910000000014
2026-05-12 12:53:00,25664.910000000014,25664.910000000014
2026-05-12 13:53:00,25664.910000000014,25664.910000000014
2026-05-12 14:53:00,25664.910000000014,25664.910000000014
2026-05-12 15:53:00,25664.910000000014,25664.910000000014
2026-05-12 16:53:00,25664.910000000014,25664.910000000014
2026-05-12 17:53:00,25857.660000000018,25857.660000000018
2026-05-12 18:53:00,25857.660000000018,25857.660000000018
2026-05-12 19:53:00,25857.660000000018,25857.660000000018
2026-05-12 20:53:00,25857.660000000018,25857.660000000018
2026-05-12 21:53:00,25857.660000000018,25857.660000000018
2026-05-12 22:53:00,25857.660000000018,25857.660000000018
2026-05-12 23:53:00,25857.660000000018,25857.660000000018
2026-05-13 01:54:00,25857.660000000018,25857.660000000018
2026-05-13 02:54:00,25857.660000000018,25857.660000000018
2026-05-13 03:54:00,25857.660000000018,25857.660000000018
2026-05-13 04:54:00,25857.660000000018,25857.660000000018
2026-05-13 05:54:00,25857.660000000018,25857.660000000018
2026-05-13 06:54:00,25857.660000000018,25857.660000000018
2026-05-13 07:54:00,25857.660000000018,25857.660000000018
2026-05-13 08:54:00,25857.660000000018,25857.660000000018
2026-05-13 09:54:00,25857.660000000018,25857.660000000018
2026-05-13 10:54:00,25857.660000000018,25857.660000000018
2026-05-13 11:54:00,25857.660000000018,25857.660000000018
2026-05-13 12:54:00,25857.660000000018,25857.660000000018
2026-05-13 13:54:00,25857.660000000018,25857.660000000018
2026-05-13 14:54:00,25857.660000000018,25857.660000000018
2026-05-13 15:54:00,25857.660000000018,25857.660000000018
2026-05-13 16:54:00,25857.660000000018,25857.660000000018
2026-05-13 17:54:00,25857.660000000018,25857.660000000018
2026-05-13 18:54:00,25857.660000000018,25857.660000000018
2026-05-13 19:54:00,25857.660000000018,25857.660000000018
2026-05-13 20:54:00,25857.660000000018,25857.660000000018
2026-05-13 21:54:00,25857.660000000018,25857.660000000018
2026-05-13 22:54:00,25857.660000000018,25857.660000000018
2026-05-13 23:54:00,25857.660000000018,25857.660000000018
2026-05-14 01:55:00,25857.660000000018,25857.660000000018
2026-05-14 02:55:00,25857.660000000018,25857.660000000018
2026-05-14 03:55:00,25857.660000000018,25857.660000000018
2026-05-14 04:55:00,25857.660000000018,25857.660000000018
2026-05-14 05:55:00,25857.660000000018,25857.660000000018
2026-05-14 06:55:00,25857.660000000018,25857.660000000018
2026-05-14 07:55:00,25857.660000000018,25857.660000000018
2026-05-14 08:55:00,25857.660000000018,25857.660000000018
2026-05-14 09:55:00,26095.04000000002,26349.739999999998
2026-05-14 10:55:00,26634.4,26634.4
2026-05-14 11:55:00,26634.4,26634.4
2026-05-14 12:55:00,26634.4,26634.4
2026-05-14 13:55:00,26634.4,26634.4
2026-05-14 14:55:00,26634.4,26634.4
2026-05-14 15:55:00,26634.4,26634.4
2026-05-14 16:55:00,26634.4,26634.4
2026-05-14 17:55:00,26634.4,26634.4
2026-05-14 18:55:00,26634.4,26634.4
2026-05-14 19:55:00,26634.4,26634.4
2026-05-14 20:55:00,26634.4,26634.4
2026-05-14 21:55:00,26634.4,26634.4
2026-05-14 22:55:00,26634.4,26634.4
2026-05-14 23:55:00,26634.4,26634.4
2026-05-15 01:56:00,26634.4,26634.4
2026-05-15 02:56:00,26634.4,26634.4
2026-05-15 03:56:00,26634.4,26634.4
2026-05-15 04:56:00,26660.379999999997,26660.379999999997
2026-05-15 05:56:00,26660.379999999997,26660.379999999997
2026-05-15 06:56:00,26660.379999999997,26660.379999999997
2026-05-15 07:56:00,26660.379999999997,26660.379999999997
2026-05-15 08:56:00,26660.379999999997,26660.379999999997
2026-05-15 09:56:00,26660.379999999997,26660.379999999997
2026-05-15 10:56:00,26660.379999999997,26660.379999999997
2026-05-15 11:56:00,26660.379999999997,26660.379999999997
2026-05-15 12:56:00,26660.379999999997,26660.379999999997
2026-05-15 13:56:00,26660.379999999997,26660.379999999997
2026-05-15 14:56:00,26660.379999999997,26660.379999999997
2026-05-15 15:56:00,26660.379999999997,26660.379999999997
2026-05-15 16:56:00,26660.379999999997,26660.379999999997
2026-05-15 17:56:00,26660.379999999997,26660.379999999997
2026-05-15 18:56:00,26660.379999999997,26660.379999999997
2026-05-15 19:56:00,26660.379999999997,26660.379999999997
2026-05-15 20:56:00,26660.379999999997,26660.379999999997
2026-05-15 21:56:00,26660.379999999997,26660.379999999997
2026-05-15 22:56:00,26660.379999999997,26660.379999999997
2026-05-15 23:56:00,26660.379999999997,26660.379999999997
2026-05-18 01:57:00,26660.379999999997,26660.379999999997
2026-05-18 02:57:00,26660.379999999997,26660.379999999997
2026-05-18 03:57:00,26660.379999999997,26660.379999999997
2026-05-18 04:57:00,26660.379999999997,26660.379999999997
2026-05-18 05:57:00,26660.379999999997,26660.379999999997
2026-05-18 06:57:00,26660.379999999997,26660.379999999997
2026-05-18 07:57:00,26660.379999999997,26660.379999999997
2026-05-18 08:57:00,26660.379999999997,26660.379999999997
2026-05-18 09:57:00,26660.379999999997,26660.379999999997
2026-05-18 10:57:00,26660.379999999997,26660.379999999997
2026-05-18 11:57:00,26660.379999999997,26660.379999999997
2026-05-18 12:57:00,26660.379999999997,26660.379999999997
2026-05-18 13:57:00,26660.379999999997,26660.379999999997
2026-05-18 14:57:00,26660.379999999997,26660.379999999997
2026-05-18 15:57:00,26660.379999999997,26660.379999999997
2026-05-18 16:57:00,26660.379999999997,26660.379999999997
2026-05-18 17:57:00,26695.019999999986,26695.019999999986
2026-05-18 18:57:00,26695.019999999986,26695.019999999986
2026-05-18 19:57:00,26695.019999999986,26695.019999999986
2026-05-18 20:57:00,26695.019999999986,26695.019999999986
2026-05-18 21:57:00,26695.019999999986,26695.019999999986
2026-05-18 22:57:00,26802.999999999985,26840.619999999988
2026-05-18 23:57:00,26801.899999999983,26801.899999999983
2026-05-19 01:58:00,26801.899999999983,26801.899999999983
2026-05-19 02:58:00,26801.899999999983,26801.899999999983
2026-05-19 03:58:00,26801.899999999983,26801.899999999983
2026-05-19 04:58:00,26801.899999999983,26801.899999999983
2026-05-19 05:58:00,26801.899999999983,26801.899999999983
2026-05-19 06:58:00,26801.899999999983,26801.899999999983
2026-05-19 07:58:00,26801.899999999983,26801.899999999983
2026-05-19 08:58:00,26801.899999999983,26801.899999999983
2026-05-19 09:58:00,26801.899999999983,26801.899999999983
2026-05-19 10:58:00,26801.899999999983,26801.899999999983
2026-05-19 11:58:00,26801.899999999983,26801.899999999983
2026-05-19 12:58:00,26801.899999999983,26801.899999999983
2026-05-19 13:58:00,26801.899999999983,26801.899999999983
2026-05-19 14:58:00,26801.899999999983,26801.899999999983
2026-05-19 15:58:00,26801.899999999983,26801.899999999983
2026-05-19 16:58:00,26801.899999999983,26801.899999999983
2026-05-19 17:58:00,26801.899999999983,26801.899999999983
2026-05-19 18:58:00,26801.899999999983,26801.899999999983
2026-05-19 19:58:00,26801.899999999983,26801.899999999983
2026-05-19 20:58:00,26801.899999999983,26801.899999999983
2026-05-19 21:58:00,26801.899999999983,26801.899999999983
2026-05-19 22:58:00,26801.899999999983,26801.899999999983
2026-05-19 23:58:00,26801.899999999983,26801.899999999983
2026-05-20 01:59:00,26801.899999999983,26801.899999999983
2026-05-20 02:59:00,26801.899999999983,26801.899999999983
2026-05-20 03:59:00,26801.899999999983,26801.899999999983
2026-05-20 04:59:00,26801.899999999983,26801.899999999983
2026-05-20 05:59:00,26801.899999999983,26801.899999999983
2026-05-20 06:59:00,26801.899999999983,26801.899999999983
2026-05-20 07:59:00,26801.899999999983,26801.899999999983
2026-05-20 08:59:00,26801.899999999983,26801.899999999983
2026-05-20 09:59:00,26801.899999999983,26801.899999999983
2026-05-20 10:59:00,26801.899999999983,26801.899999999983
2026-05-20 11:59:00,26801.899999999983,26801.899999999983
2026-05-20 12:59:00,26801.899999999983,26801.899999999983
2026-05-20 13:59:00,26801.899999999983,26801.899999999983
2026-05-20 14:59:00,26801.899999999983,26801.899999999983
2026-05-20 15:59:00,26801.899999999983,26801.899999999983
2026-05-20 16:59:00,26801.899999999983,26801.899999999983
2026-05-20 17:59:00,26835.74999999997,26835.74999999997
2026-05-20 18:59:00,26835.74999999997,26835.74999999997
2026-05-20 19:59:00,26835.74999999997,26835.74999999997
2026-05-20 20:59:00,26835.74999999997,26835.74999999997
2026-05-20 21:59:00,26835.74999999997,26835.74999999997
2026-05-20 22:59:00,26835.74999999997,26835.74999999997
2026-05-21 01:00:00,26835.74999999997,26835.74999999997
2026-05-21 02:00:00,26835.74999999997,26835.74999999997
2026-05-21 03:00:00,26835.74999999997,26835.74999999997
2026-05-21 04:00:00,26835.74999999997,26835.74999999997
2026-05-21 05:00:00,26835.74999999997,26835.74999999997
2026-05-21 06:00:00,26835.74999999997,26835.74999999997
2026-05-21 07:00:00,26835.74999999997,26835.74999999997
2026-05-21 08:00:00,26835.74999999997,26835.74999999997
2026-05-21 09:00:00,26835.74999999997,26835.74999999997
2026-05-21 10:00:00,26835.74999999997,26835.74999999997
2026-05-21 11:00:00,26872.15999999997,27007.159999999985
2026-05-21 12:00:00,27104.239999999972,27258.67999999997
2026-05-21 13:00:00,27104.239999999972,27244.999999999975
2026-05-21 14:00:00,27103.33999999998,27103.33999999998
2026-05-21 15:00:00,27134.569999999974,27190.219999999976
2026-05-21 16:00:00,27133.069999999967,27133.069999999967
2026-05-21 17:00:00,27133.069999999967,27133.069999999967
2026-05-21 18:00:00,27133.069999999967,27133.069999999967
2026-05-21 19:00:00,27133.069999999967,27133.069999999967
2026-05-21 20:00:00,27133.069999999967,27133.069999999967
2026-05-21 21:00:00,27133.069999999967,27133.069999999967
2026-05-21 22:00:00,27133.069999999967,27133.069999999967
2026-05-21 23:00:00,27133.069999999967,27133.069999999967
2026-05-22 01:01:00,27133.069999999967,27133.069999999967
2026-05-22 02:01:00,27133.069999999967,27133.069999999967
2026-05-22 03:01:00,27133.069999999967,27133.069999999967
2026-05-22 04:01:00,27242.449999999975,27360.889999999974
2026-05-22 05:01:00,27240.649999999983,27240.649999999983
2026-05-22 06:01:00,27240.649999999983,27240.649999999983
2026-05-22 07:01:00,27240.649999999983,27240.649999999983
2026-05-22 08:01:00,27240.649999999983,27240.649999999983
2026-05-22 09:01:00,27240.649999999983,27240.649999999983
2026-05-22 10:01:00,27240.649999999983,27240.649999999983
2026-05-22 11:01:00,27240.649999999983,27240.649999999983
2026-05-22 12:01:00,27240.649999999983,27240.649999999983
2026-05-22 13:01:00,27240.649999999983,27240.649999999983
2026-05-22 14:01:00,27240.649999999983,27240.649999999983
2026-05-22 15:01:00,27240.649999999983,27240.649999999983
2026-05-22 16:01:00,27240.649999999983,27240.649999999983
2026-05-22 17:01:00,27240.649999999983,27240.649999999983
2026-05-22 18:01:00,27240.649999999983,27240.649999999983
2026-05-22 19:01:00,27240.649999999983,27240.649999999983
2026-05-22 20:01:00,27240.649999999983,27240.649999999983
2026-05-22 21:01:00,27240.649999999983,27240.649999999983
2026-05-22 22:01:00,27240.649999999983,27240.649999999983
2026-05-22 23:01:00,27240.649999999983,27240.649999999983
2026-05-25 01:02:00,27240.649999999983,27240.649999999983
2026-05-25 02:02:00,27240.649999999983,27240.649999999983
2026-05-25 03:02:00,27240.649999999983,27240.649999999983
2026-05-25 04:02:00,27240.649999999983,27240.649999999983
2026-05-25 05:02:00,27240.649999999983,27240.649999999983
2026-05-25 06:02:00,27240.649999999983,27240.649999999983
2026-05-25 07:02:00,27240.649999999983,27240.649999999983
2026-05-25 08:02:00,27240.649999999983,27240.649999999983
2026-05-25 09:02:00,27240.649999999983,27240.649999999983
2026-05-25 10:02:00,27240.649999999983,27240.649999999983
2026-05-25 11:02:00,27240.649999999983,27240.649999999983
2026-05-25 12:02:00,27240.649999999983,27240.649999999983
2026-05-25 13:02:00,27240.649999999983,27240.649999999983
2026-05-25 14:02:00,27240.649999999983,27240.649999999983
2026-05-25 15:02:00,27240.649999999983,27240.649999999983
2026-05-25 16:02:00,27240.649999999983,27240.649999999983
2026-05-25 17:02:00,27240.649999999983,27240.649999999983
2026-05-25 18:02:00,27240.649999999983,27240.649999999983
2026-05-25 19:02:00,27240.649999999983,27240.649999999983
2026-05-25 20:02:00,27240.649999999983,27240.649999999983
2026-05-25 21:02:00,27240.649999999983,27240.649999999983
2026-05-25 22:03:00,27240.649999999983,27240.649999999983
2026-05-26 01:54:00,27240.649999999983,27240.649999999983
2026-05-26 02:54:00,27240.649999999983,27240.649999999983
2026-05-26 03:54:00,27240.229999999985,27200.569999999985
2026-05-26 04:54:00,27240.229999999985,27157.789999999986
2026-05-26 05:54:00,27240.229999999985,27141.229999999985
2026-05-26 06:54:00,27240.229999999985,27203.08999999999
2026-05-26 07:54:00,27240.229999999985,27113.209999999985
2026-05-26 08:54:00,27240.229999999985,27108.829999999987
2026-05-26 09:54:00,27240.229999999985,27135.949999999983
2026-05-26 10:54:00,27240.229999999985,27137.029999999984
2026-05-26 11:54:00,27240.229999999985,27092.389999999985
2026-05-26 12:54:00,27240.229999999985,27061.429999999986
2026-05-26 13:54:00,27240.229999999985,27155.329999999987
2026-05-26 14:54:00,27004.969999999987,27004.969999999987
2026-05-26 15:54:00,27004.969999999987,27004.969999999987
2026-05-26 16:54:00,27004.969999999987,27004.969999999987
2026-05-26 17:54:00,27064.32999999997,27064.32999999997
2026-05-26 18:54:00,27064.32999999997,27064.32999999997
2026-05-26 19:54:00,27064.32999999997,27064.32999999997
2026-05-26 20:54:00,27064.32999999997,27064.32999999997
2026-05-26 21:54:00,27064.32999999997,27064.32999999997
2026-05-26 22:54:00,27064.32999999997,27064.32999999997
2026-05-26 23:54:00,27064.32999999997,27064.32999999997
2026-05-27 01:55:00,27064.32999999997,27064.32999999997
2026-05-27 02:55:00,27064.32999999997,27064.32999999997
2026-05-27 03:55:00,27064.32999999997,27064.32999999997
2026-05-27 04:55:00,27064.32999999997,27064.32999999997
2026-05-27 05:55:00,27064.32999999997,27064.32999999997
2026-05-27 06:55:00,27064.32999999997,27064.32999999997
2026-05-27 07:55:00,27064.32999999997,27064.32999999997
2026-05-27 08:55:00,27064.32999999997,27064.32999999997
2026-05-27 09:55:00,27064.32999999997,27064.32999999997
2026-05-27 10:55:00,27064.32999999997,27064.32999999997
2026-05-27 11:55:00,27064.32999999997,27064.32999999997
2026-05-27 12:55:00,27064.32999999997,27064.32999999997
2026-05-27 13:55:00,27064.32999999997,27064.32999999997
2026-05-27 14:55:00,27064.32999999997,27064.32999999997
2026-05-27 15:55:00,27064.32999999997,27064.32999999997
2026-05-27 16:55:00,27064.32999999997,27064.32999999997
2026-05-27 17:55:00,27064.32999999997,27064.32999999997
2026-05-27 18:55:00,27064.32999999997,27064.32999999997
2026-05-27 19:55:00,27064.32999999997,27064.32999999997
2026-05-27 20:55:00,27064.32999999997,27064.32999999997
2026-05-27 21:55:00,27064.32999999997,27064.32999999997
2026-05-27 22:55:00,27064.32999999997,27064.32999999997
2026-05-27 23:55:00,27064.32999999997,27064.32999999997
2026-05-28 01:56:00,27064.32999999997,27064.32999999997
2026-05-28 02:56:00,27064.32999999997,27064.32999999997
2026-05-28 03:56:00,27064.32999999997,27064.32999999997
2026-05-28 04:56:00,27064.32999999997,27064.32999999997
2026-05-28 05:56:00,27064.32999999997,27064.32999999997
2026-05-28 06:56:00,27064.32999999997,27064.32999999997
2026-05-28 07:56:00,27064.32999999997,27064.32999999997
2026-05-28 08:56:00,27064.32999999997,27064.32999999997
2026-05-28 09:56:00,27064.32999999997,27064.32999999997
2026-05-28 10:56:00,27064.32999999997,27064.32999999997
2026-05-28 11:56:00,27064.32999999997,27064.32999999997
2026-05-28 12:56:00,27064.32999999997,27064.32999999997
2026-05-28 13:56:00,27064.32999999997,27064.32999999997
2026-05-28 14:56:00,27064.32999999997,27064.32999999997
2026-05-28 15:56:00,27064.32999999997,27064.32999999997
2026-05-28 16:56:00,27092.05999999996,27092.05999999996
2026-05-28 17:56:00,27092.05999999996,27092.05999999996
2026-05-28 18:56:00,27092.05999999996,27092.05999999996
2026-05-28 19:56:00,27092.05999999996,27092.05999999996
2026-05-28 20:56:00,27092.05999999996,27092.05999999996
2026-05-28 21:56:00,27092.05999999996,27092.05999999996
2026-05-28 22:56:00,27092.05999999996,27092.05999999996
2026-05-28 23:56:00,27090.44999999996,27048.819999999952
2026-05-29 01:57:00,27076.849999999962,26949.65999999993
2026-05-29 02:57:00,27076.849999999962,27022.799999999937
2026-05-29 03:57:00,27105.349999999948,27032.439999999944
2026-05-29 04:57:00,27132.74999999994,27132.74999999994
2026-05-29 05:57:00,27132.74999999994,27132.74999999994
2026-05-29 06:57:00,27132.74999999994,27132.74999999994
2026-05-29 07:57:00,27132.74999999994,27132.74999999994
2026-05-29 08:57:00,27132.74999999994,27132.74999999994
2026-05-29 09:57:00,27132.74999999994,27132.74999999994
2026-05-29 10:57:00,27132.74999999994,27132.74999999994
2026-05-29 11:57:00,26855.90999999995,26855.90999999995
2026-05-29 12:57:00,26855.90999999995,26855.90999999995
2026-05-29 13:57:00,26855.90999999995,26855.90999999995
2026-05-29 14:57:00,26855.90999999995,26855.90999999995
2026-05-29 15:57:00,26855.90999999995,26855.90999999995
2026-05-29 16:57:00,26855.90999999995,26855.90999999995
2026-05-29 17:57:00,26855.90999999995,26855.90999999995
2026-05-29 18:57:00,26855.90999999995,26855.90999999995
2026-05-29 19:57:00,26855.90999999995,26855.90999999995
2026-05-29 20:57:00,26855.279999999948,26829.629999999954
2026-05-29 21:57:00,26855.279999999948,26850.059999999947
2026-05-29 22:57:00,26855.279999999948,26753.669999999947
2026-05-29 23:57:00,26722.259999999955,26722.259999999955
2026-06-01 01:58:00,26722.259999999955,26722.259999999955
2026-06-01 02:58:00,26722.259999999955,26722.259999999955
2026-06-01 03:58:00,26722.259999999955,26722.259999999955
2026-06-01 04:58:00,26722.259999999955,26722.259999999955
2026-06-01 05:58:00,26722.259999999955,26722.259999999955
2026-06-01 06:58:00,26722.259999999955,26722.259999999955
2026-06-01 07:58:00,26722.259999999955,26722.259999999955
2026-06-01 08:58:00,26722.259999999955,26722.259999999955
2026-06-01 09:58:00,26722.259999999955,26722.259999999955
2026-06-01 10:58:00,26722.259999999955,26722.259999999955
2026-06-01 11:58:00,26722.259999999955,26722.259999999955
2026-06-01 12:58:00,26722.259999999955,26722.259999999955
2026-06-01 13:58:00,26722.259999999955,26722.259999999955
2026-06-01 14:58:00,26722.259999999955,26722.259999999955
2026-06-01 15:58:00,26722.259999999955,26722.259999999955
2026-06-01 16:58:00,26721.629999999954,26561.249999999956
2026-06-01 17:58:00,26721.629999999954,26613.80999999995
2026-06-01 18:58:00,26721.629999999954,26765.999999999956
2026-06-01 19:58:00,26721.629999999954,26816.489999999954
2026-06-01 20:58:00,26750.989999999954,26883.919999999955
2026-06-01 21:58:00,26750.989999999954,26879.999999999956
2026-06-01 22:58:00,26750.989999999954,26833.519999999953
2026-06-01 23:58:00,26750.989999999954,26863.059999999954
2026-06-02 01:59:00,26747.489999999954,26865.859999999953
2026-06-02 02:59:00,26747.489999999954,26857.529999999955
2026-06-02 03:59:00,26747.489999999954,26837.579999999954
2026-06-02 04:59:00,26746.789999999954,26746.789999999954
2026-06-02 05:59:00,26746.789999999954,26746.789999999954
2026-06-02 06:59:00,26746.789999999954,26746.789999999954
2026-06-02 07:59:00,26746.789999999954,26746.789999999954
2026-06-02 08:59:00,26746.789999999954,26746.789999999954
2026-06-02 09:59:00,26746.789999999954,26746.789999999954
2026-06-02 10:59:00,26746.789999999954,26746.789999999954
2026-06-02 11:59:00,26746.789999999954,26746.789999999954
2026-06-02 12:59:00,26746.789999999954,26746.789999999954
2026-06-02 13:59:00,26746.789999999954,26746.789999999954
2026-06-02 14:59:00,26746.789999999954,26746.789999999954
2026-06-02 15:59:00,26745.599999999955,26736.249999999953
2026-06-02 16:59:00,26782.059999999947,26782.059999999947
2026-06-02 17:59:00,26782.059999999947,26782.059999999947
2026-06-02 18:59:00,26782.059999999947,26782.059999999947
2026-06-02 19:59:00,26782.059999999947,26782.059999999947
2026-06-02 20:59:00,26782.059999999947,26782.059999999947
2026-06-02 21:59:00,26782.059999999947,26782.059999999947
2026-06-02 22:59:00,26782.059999999947,26782.059999999947
2026-06-03 01:00:00,26782.059999999947,26782.059999999947
2026-06-03 02:00:00,26782.059999999947,26782.059999999947
2026-06-03 03:00:00,26782.059999999947,26782.059999999947
2026-06-03 04:00:00,26782.059999999947,26782.059999999947
2026-06-03 05:00:00,26782.059999999947,26782.059999999947
2026-06-03 06:00:00,26782.059999999947,26782.059999999947
2026-06-03 07:00:00,26782.059999999947,26782.059999999947
2026-06-03 08:00:00,26782.059999999947,26782.059999999947
2026-06-03 09:00:00,26782.059999999947,26782.059999999947
2026-06-03 10:00:00,26782.059999999947,26782.059999999947
2026-06-03 11:00:00,26782.059999999947,26782.059999999947
2026-06-03 12:00:00,26782.059999999947,26782.059999999947
2026-06-03 13:00:00,26782.059999999947,26782.059999999947
2026-06-03 14:00:00,26782.059999999947,26782.059999999947
2026-06-03 15:00:00,26782.059999999947,26782.059999999947
2026-06-03 16:00:00,26782.059999999947,26782.059999999947
2026-06-03 17:00:00,26782.059999999947,26782.059999999947
2026-06-03 18:00:00,26782.059999999947,26782.059999999947
2026-06-03 19:00:00,26782.059999999947,26782.059999999947
2026-06-03 20:00:00,26782.059999999947,26782.059999999947
2026-06-03 21:00:00,26894.68999999995,27036.889999999945
2026-06-03 22:00:00,26894.68999999995,26974.189999999955
2026-06-03 23:00:00,26893.189999999944,26893.189999999944
2026-06-04 01:01:00,26893.189999999944,26893.189999999944
2026-06-04 02:01:00,26893.189999999944,26893.189999999944
2026-06-04 03:01:00,26893.189999999944,26893.189999999944
2026-06-04 04:01:00,26893.189999999944,26893.189999999944
2026-06-04 05:01:00,26893.189999999944,26893.189999999944
2026-06-04 06:01:00,26893.189999999944,26893.189999999944
2026-06-04 07:01:00,26893.189999999944,26893.189999999944
2026-06-04 08:01:00,26893.189999999944,26893.189999999944
2026-06-04 09:01:00,26893.189999999944,26893.189999999944
2026-06-04 10:01:00,26893.189999999944,26893.189999999944
2026-06-04 11:01:00,26893.189999999944,26893.189999999944
2026-06-04 12:01:00,26893.189999999944,26893.189999999944
2026-06-04 13:01:00,26893.189999999944,26893.189999999944
2026-06-04 14:01:00,26893.189999999944,26893.189999999944
2026-06-04 15:01:00,26893.189999999944,26893.189999999944
2026-06-04 16:01:00,26893.189999999944,26893.189999999944
2026-06-04 17:01:00,26893.189999999944,26893.189999999944
2026-06-04 18:01:00,26619.139999999934,26619.139999999934
2026-06-04 19:01:00,26619.139999999934,26619.139999999934
2026-06-04 20:01:00,26619.139999999934,26619.139999999934
2026-06-04 21:01:00,26619.139999999934,26619.139999999934
2026-06-04 22:01:00,26619.139999999934,26619.139999999934
2026-06-04 23:01:00,26619.139999999934,26619.139999999934
2026-06-05 01:02:00,26619.139999999934,26619.139999999934
2026-06-05 02:02:00,26619.139999999934,26619.139999999934
2026-06-05 03:02:00,26619.139999999934,26619.139999999934
2026-06-05 04:02:00,26619.139999999934,26619.139999999934
2026-06-05 05:02:00,26619.139999999934,26619.139999999934
2026-06-05 06:02:00,26619.139999999934,26619.139999999934
2026-06-05 07:02:00,26619.139999999934,26619.139999999934
2026-06-05 08:02:00,26619.139999999934,26619.139999999934
2026-06-05 09:02:00,26619.139999999934,26619.139999999934
2026-06-05 10:02:00,26813.899999999936,26813.899999999936
2026-06-05 11:02:00,26813.899999999936,26813.899999999936
2026-06-05 12:02:00,26813.899999999936,26813.899999999936
2026-06-05 13:02:00,26813.899999999936,26813.899999999936
2026-06-05 14:02:00,26813.899999999936,26813.899999999936
2026-06-05 15:02:00,26813.899999999936,26813.899999999936
2026-06-05 16:02:00,26841.449999999943,26794.46999999995
2026-06-05 17:02:00,26591.339999999942,26591.339999999942
2026-06-05 18:02:00,26591.339999999942,26591.339999999942
2026-06-05 19:02:00,26591.339999999942,26591.339999999942
2026-06-05 20:02:00,26591.339999999942,26591.339999999942
2026-06-05 21:02:00,26591.339999999942,26591.339999999942
2026-06-05 22:02:00,26591.339999999942,26591.339999999942
2026-06-05 23:02:00,26591.339999999942,26591.339999999942
2026-06-08 01:03:00,26591.339999999942,26591.339999999942
2026-06-08 02:03:00,26591.339999999942,26591.339999999942
2026-06-08 03:03:00,26591.339999999942,26591.339999999942
2026-06-08 04:03:00,26591.339999999942,26591.339999999942
2026-06-08 05:03:00,26591.339999999942,26591.339999999942
2026-06-08 06:03:00,26591.339999999942,26591.339999999942
2026-06-08 07:03:00,26591.339999999942,26591.339999999942
2026-06-08 08:03:00,26591.339999999942,26591.339999999942
2026-06-08 09:03:00,26591.339999999942,26591.339999999942
2026-06-08 10:03:00,26591.339999999942,26591.339999999942
2026-06-08 11:03:00,26591.339999999942,26591.339999999942
2026-06-08 12:03:00,26591.339999999942,26591.339999999942
2026-06-08 13:03:00,26591.339999999942,26591.339999999942
2026-06-08 14:03:00,26591.339999999942,26591.339999999942
2026-06-08 15:03:00,26591.339999999942,26591.339999999942
2026-06-08 16:03:00,26591.339999999942,26591.339999999942
2026-06-08 17:03:00,26591.339999999942,26591.339999999942
2026-06-08 18:03:00,26590.77999999994,26527.899999999936
2026-06-08 19:03:00,26457.179999999935,26457.179999999935
2026-06-08 20:03:00,26457.179999999935,26457.179999999935
2026-06-08 21:03:00,26457.179999999935,26457.179999999935
2026-06-08 22:03:00,26457.179999999935,26457.179999999935
2026-06-08 23:03:00,26457.179999999935,26457.179999999935
2026-06-09 01:04:00,26457.179999999935,26457.179999999935
2026-06-09 02:04:00,26457.179999999935,26457.179999999935
2026-06-09 03:04:00,26457.179999999935,26457.179999999935
2026-06-09 04:04:00,26457.179999999935,26457.179999999935
2026-06-09 05:04:00,26457.179999999935,26457.179999999935
2026-06-09 06:04:00,26457.179999999935,26457.179999999935
2026-06-09 07:04:00,26457.179999999935,26457.179999999935
2026-06-09 08:04:00,26457.179999999935,26457.179999999935
2026-06-09 09:04:00,26457.179999999935,26457.179999999935
2026-06-09 10:04:00,26457.179999999935,26457.179999999935
2026-06-09 11:04:00,26457.179999999935,26457.179999999935
2026-06-09 12:04:00,26457.179999999935,26457.179999999935
2026-06-09 13:04:00,26457.179999999935,26457.179999999935
2026-06-09 14:04:00,26457.179999999935,26457.179999999935
2026-06-09 15:04:00,26457.179999999935,26457.179999999935
2026-06-09 16:04:00,26457.179999999935,26457.179999999935
2026-06-09 17:04:00,26457.179999999935,26457.179999999935
2026-06-09 18:04:00,26457.179999999935,26457.179999999935
2026-06-09 19:04:00,26457.179999999935,26457.179999999935
2026-06-09 20:04:00,26457.179999999935,26457.179999999935
2026-06-09 21:04:00,26457.179999999935,26457.179999999935
2026-06-09 22:04:00,26457.179999999935,26457.179999999935
2026-06-09 23:04:00,26457.179999999935,26457.179999999935
2026-06-10 01:05:00,26457.179999999935,26457.179999999935
2026-06-10 02:05:00,26457.179999999935,26457.179999999935
2026-06-10 03:05:00,26457.179999999935,26457.179999999935
2026-06-10 04:05:00,26457.179999999935,26457.179999999935
2026-06-10 05:05:00,26457.179999999935,26457.179999999935
2026-06-10 06:05:00,26457.179999999935,26457.179999999935
2026-06-10 07:05:00,26457.179999999935,26457.179999999935
2026-06-10 08:05:00,26457.179999999935,26457.179999999935
2026-06-10 09:05:00,26457.179999999935,26457.179999999935
2026-06-10 10:05:00,26457.179999999935,26457.179999999935
2026-06-10 11:05:00,26457.179999999935,26457.179999999935
2026-06-10 12:05:00,26457.179999999935,26457.179999999935
2026-06-10 13:05:00,26457.179999999935,26457.179999999935
2026-06-10 14:05:00,26457.179999999935,26457.179999999935
2026-06-10 15:05:00,26457.179999999935,26457.179999999935
2026-06-10 16:05:00,26457.179999999935,26457.179999999935
2026-06-10 17:05:00,26457.179999999935,26457.179999999935
2026-06-10 18:05:00,26457.179999999935,26457.179999999935
2026-06-10 19:05:00,26457.179999999935,26457.179999999935
2026-06-10 20:05:00,26457.179999999935,26457.179999999935
2026-06-10 21:05:00,26457.179999999935,26457.179999999935
2026-06-10 22:05:00,26457.179999999935,26457.179999999935
2026-06-10 23:05:00,26457.179999999935,26457.179999999935
2026-06-11 01:06:00,26457.179999999935,26457.179999999935
2026-06-11 02:06:00,26457.179999999935,26457.179999999935
2026-06-11 03:06:00,26457.179999999935,26457.179999999935
2026-06-11 04:06:00,26457.179999999935,26457.179999999935
2026-06-11 05:06:00,26457.179999999935,26457.179999999935
2026-06-11 06:06:00,26457.179999999935,26457.179999999935
2026-06-11 07:06:00,26457.179999999935,26457.179999999935
2026-06-11 08:06:00,26457.179999999935,26457.179999999935
2026-06-11 09:06:00,26457.179999999935,26457.179999999935
2026-06-11 10:06:00,26457.179999999935,26457.179999999935
2026-06-11 11:06:00,26457.179999999935,26457.179999999935
2026-06-11 12:06:00,26457.179999999935,26457.179999999935
2026-06-11 13:06:00,26457.179999999935,26457.179999999935
2026-06-11 14:06:00,26457.179999999935,26457.179999999935
2026-06-11 15:06:00,26457.179999999935,26457.179999999935
2026-06-11 16:06:00,26457.179999999935,26457.179999999935
2026-06-11 17:06:00,26457.179999999935,26457.179999999935
2026-06-11 18:06:00,26457.179999999935,26457.179999999935
2026-06-11 19:06:00,26457.179999999935,26457.179999999935
2026-06-11 20:06:00,26457.179999999935,26457.179999999935
2026-06-11 21:06:00,26457.179999999935,26457.179999999935
2026-06-11 22:06:00,26457.179999999935,26457.179999999935
2026-06-11 23:06:00,26457.179999999935,26457.179999999935
2026-06-12 01:07:00,26457.179999999935,26457.179999999935
2026-06-12 02:07:00,26457.179999999935,26457.179999999935
2026-06-12 03:07:00,26457.179999999935,26457.179999999935
2026-06-12 04:07:00,26474.389999999934,26509.28999999993
2026-06-12 05:07:00,26473.389999999938,26473.389999999938
2026-06-12 06:07:00,26473.389999999938,26473.389999999938
2026-06-12 07:07:00,26473.389999999938,26473.389999999938
2026-06-12 08:07:00,26473.389999999938,26473.389999999938
2026-06-12 09:07:00,26473.389999999938,26473.389999999938
2026-06-12 10:07:00,26473.389999999938,26473.389999999938
2026-06-12 11:07:00,26473.389999999938,26473.389999999938
2026-06-12 12:07:00,26473.389999999938,26473.389999999938
2026-06-12 13:07:00,26473.389999999938,26473.389999999938
2026-06-12 14:07:00,26473.389999999938,26473.389999999938
2026-06-12 15:07:00,26473.389999999938,26473.389999999938
2026-06-12 16:07:00,26473.389999999938,26473.389999999938
2026-06-12 17:07:00,26473.389999999938,26473.389999999938
2026-06-12 18:07:00,26473.389999999938,26473.389999999938
2026-06-12 19:07:00,26473.389999999938,26473.389999999938
2026-06-12 20:07:00,26473.389999999938,26473.389999999938
2026-06-12 21:07:00,26473.389999999938,26473.389999999938
2026-06-12 22:07:00,26473.389999999938,26473.389999999938
2026-06-12 23:07:00,26473.389999999938,26473.389999999938
2026-06-15 01:08:00,26473.389999999938,26473.389999999938
2026-06-15 02:08:00,26473.389999999938,26473.389999999938
2026-06-15 03:08:00,26473.389999999938,26473.389999999938
2026-06-15 04:08:00,26473.389999999938,26473.389999999938
2026-06-15 05:08:00,26473.389999999938,26473.389999999938
2026-06-15 06:08:00,26473.389999999938,26473.389999999938
2026-06-15 07:08:00,26473.389999999938,26473.389999999938
2026-06-15 08:08:00,26473.389999999938,26473.389999999938
2026-06-15 09:08:00,26473.389999999938,26473.389999999938
2026-06-15 10:08:00,26473.389999999938,26473.389999999938
2026-06-15 11:08:00,26473.389999999938,26473.389999999938
2026-06-15 12:08:00,26473.389999999938,26473.389999999938
2026-06-15 13:08:00,26473.389999999938,26473.389999999938
2026-06-15 14:08:00,26473.389999999938,26473.389999999938
2026-06-15 15:08:00,26473.389999999938,26473.389999999938
2026-06-15 16:08:00,26473.389999999938,26473.389999999938
2026-06-15 17:08:00,26473.389999999938,26473.389999999938
2026-06-15 18:08:00,26473.389999999938,26473.389999999938
2026-06-15 19:08:00,26473.389999999938,26473.389999999938
2026-06-15 20:08:00,26473.389999999938,26473.389999999938
2026-06-15 21:08:00,26473.389999999938,26473.389999999938
2026-06-15 22:08:00,26473.389999999938,26473.389999999938
2026-06-15 23:08:00,26473.389999999938,26473.389999999938
2026-06-16 01:09:00,26473.389999999938,26473.389999999938
2026-06-16 02:09:00,26473.389999999938,26473.389999999938
2026-06-16 03:09:00,26473.389999999938,26473.389999999938
2026-06-16 04:09:00,26473.389999999938,26473.389999999938
2026-06-16 05:09:00,26473.389999999938,26473.389999999938
2026-06-16 06:09:00,26473.389999999938,26473.389999999938
2026-06-16 07:09:00,26473.389999999938,26473.389999999938
2026-06-16 08:09:00,26473.389999999938,26473.389999999938
2026-06-16 09:09:00,26473.389999999938,26473.389999999938
2026-06-16 10:09:00,26473.389999999938,26473.389999999938
2026-06-16 11:09:00,26473.389999999938,26473.389999999938
2026-06-16 12:09:00,26473.389999999938,26473.389999999938
2026-06-16 13:09:00,26473.389999999938,26473.389999999938
2026-06-16 14:09:00,26473.389999999938,26473.389999999938
2026-06-16 15:09:00,26473.389999999938,26473.389999999938
2026-06-16 16:09:00,26473.389999999938,26473.389999999938
2026-06-16 17:09:00,26473.389999999938,26473.389999999938
2026-06-16 18:09:00,26473.389999999938,26473.389999999938
2026-06-16 19:09:00,26470.239999999936,26505.069999999898
2026-06-16 20:09:00,26470.239999999936,26606.769999999906
2026-06-16 21:09:00,26697.259999999933,26734.57999999993
2026-06-16 22:09:00,26697.259999999933,26727.13999999993
2026-06-16 23:09:00,26697.259999999933,26830.939999999926
2026-06-17 01:10:00,26702.659999999934,26830.099999999933
2026-06-17 02:10:00,26702.659999999934,26794.579999999933
2026-06-17 03:10:00,26702.659999999934,26752.33999999994
2026-06-17 04:10:00,26701.45999999993,26701.45999999993
2026-06-17 05:10:00,26701.45999999993,26701.45999999993
2026-06-17 06:10:00,26701.45999999993,26701.45999999993
2026-06-17 07:10:00,26701.45999999993,26701.45999999993
2026-06-17 08:10:00,26701.45999999993,26701.45999999993
2026-06-17 09:10:00,26701.45999999993,26701.45999999993
2026-06-17 10:10:00,26701.45999999993,26701.45999999993
2026-06-17 11:10:00,26701.45999999993,26701.45999999993
2026-06-17 12:10:00,26701.45999999993,26701.45999999993
2026-06-17 13:10:00,26701.45999999993,26701.45999999993
2026-06-17 14:10:00,26701.45999999993,26701.45999999993
2026-06-17 15:10:00,26701.45999999993,26701.45999999993
2026-06-17 16:10:00,26701.45999999993,26701.45999999993
2026-06-17 17:10:00,26701.45999999993,26701.45999999993
2026-06-17 18:10:00,26701.45999999993,26701.45999999993
2026-06-17 19:10:00,26701.45999999993,26701.45999999993
2026-06-17 20:10:00,26701.45999999993,26701.45999999993
2026-06-17 21:10:00,27182.65999999993,27821.96999999993
2026-06-17 22:10:00,27522.859999999935,27983.69999999993
2026-06-17 23:10:00,28017.669999999936,27979.76999999994
2026-06-18 01:11:00,28015.169999999936,28031.369999999937
2026-06-18 02:11:00,28015.169999999936,28091.069999999934
2026-06-18 03:11:00,28043.469999999936,28175.709999999934
2026-06-18 04:11:00,28100.069999999934,28291.949999999935
2026-06-18 05:11:00,28100.069999999934,28291.889999999934
2026-06-18 06:11:00,28100.069999999934,28246.319999999934
2026-06-18 07:11:00,28097.829999999933,28306.399999999932
2026-06-18 08:11:00,28137.02999999995,28302.95999999995
2026-06-18 09:11:00,28137.02999999995,28249.769999999953
2026-06-18 10:11:00,28137.02999999995,28273.64999999995
2026-06-18 11:11:00,28135.769999999953,28136.789999999968
2026-06-18 12:11:00,27854.489999999958,27854.489999999958
2026-06-18 13:11:00,27854.489999999958,27854.489999999958
2026-06-18 14:11:00,27854.489999999958,27854.489999999958
2026-06-18 15:11:00,27854.489999999958,27854.489999999958
2026-06-18 16:11:00,27854.489999999958,27854.489999999958
2026-06-18 17:11:00,27854.489999999958,27854.489999999958
2026-06-18 18:11:00,27854.489999999958,27854.489999999958
2026-06-18 19:11:00,27854.489999999958,27854.489999999958
2026-06-18 20:11:00,27854.489999999958,27854.489999999958
2026-06-18 21:11:00,27854.489999999958,27854.489999999958
2026-06-18 22:11:00,27854.489999999958,27854.489999999958
2026-06-18 23:11:00,27854.489999999958,27854.489999999958
2026-06-19 01:12:00,27854.489999999958,27854.489999999958
2026-06-19 02:12:00,27854.489999999958,27854.489999999958
2026-06-19 03:12:00,27854.489999999958,27854.489999999958
2026-06-19 04:12:00,27854.489999999958,27854.489999999958
2026-06-19 05:12:00,27854.489999999958,27854.489999999958
2026-06-19 06:12:00,27854.489999999958,27854.489999999958
2026-06-19 07:12:00,27854.489999999958,27854.489999999958
2026-06-19 08:12:00,27853.859999999957,27823.25999999995
2026-06-19 09:12:00,27853.859999999957,27975.629999999954
2026-06-19 10:12:00,27883.359999999957,28053.879999999954
2026-06-19 11:12:00,27942.339999999956,28118.539999999957
2026-06-19 12:12:00,28030.819999999956,28136.269999999953
2026-06-19 13:12:00,28030.819999999956,28101.349999999955
2026-06-19 14:12:00,28030.819999999956,28075.939999999955
2026-06-19 15:12:00,28030.819999999956,28109.899999999954
2026-06-19 16:12:00,28030.819999999956,28151.749999999956
2026-06-19 17:12:00,28030.819999999956,28084.489999999954
2026-06-19 18:12:00,28030.819999999956,28085.059999999954
2026-06-19 19:12:00,28030.819999999956,28071.889999999956
2026-06-22 01:11:00,28057.069999999956,28057.069999999956
2026-06-22 02:11:00,28057.069999999956,28057.069999999956
2026-06-22 03:11:00,28057.069999999956,28057.069999999956
2026-06-22 04:11:00,28057.069999999956,28057.069999999956
2026-06-22 05:11:00,27772.909999999945,27772.909999999945
2026-06-22 06:11:00,27772.909999999945,27772.909999999945
2026-06-22 07:11:00,27772.909999999945,27772.909999999945
2026-06-22 08:11:00,27772.909999999945,27772.909999999945
2026-06-22 09:11:00,27772.909999999945,27772.909999999945
2026-06-22 10:11:00,27772.909999999945,27772.909999999945
2026-06-22 11:11:00,27772.909999999945,27772.909999999945
2026-06-22 12:11:00,27772.909999999945,27772.909999999945
2026-06-22 13:11:00,27772.909999999945,27772.909999999945
2026-06-22 14:11:00,27772.909999999945,27772.909999999945
2026-06-22 15:11:00,27772.909999999945,27772.909999999945
2026-06-22 16:11:00,27772.909999999945,27772.909999999945
2026-06-22 17:11:00,27772.909999999945,27772.909999999945
2026-06-22 18:11:00,27772.909999999945,27772.909999999945
2026-06-22 19:11:00,27772.909999999945,27772.909999999945
2026-06-22 20:11:00,27772.909999999945,27772.909999999945
2026-06-22 21:11:00,27772.909999999945,27772.909999999945
2026-06-22 22:11:00,27772.909999999945,27772.909999999945
2026-06-22 23:11:00,27772.909999999945,27772.909999999945
2026-06-23 01:12:00,27772.909999999945,27772.909999999945
2026-06-23 02:12:00,27772.909999999945,27772.909999999945
2026-06-23 03:12:00,27772.909999999945,27772.909999999945
2026-06-23 04:12:00,27772.909999999945,27772.909999999945
2026-06-23 05:12:00,27772.909999999945,27772.909999999945
2026-06-23 06:12:00,27772.909999999945,27772.909999999945
2026-06-23 07:12:00,27772.909999999945,27772.909999999945
2026-06-23 08:12:00,27772.909999999945,27772.909999999945
2026-06-23 09:12:00,27772.909999999945,27772.909999999945
2026-06-23 10:12:00,27772.909999999945,27772.909999999945
2026-06-23 11:12:00,27772.909999999945,27772.909999999945
2026-06-23 12:12:00,27772.909999999945,27772.909999999945
2026-06-23 13:12:00,27772.909999999945,27772.909999999945
2026-06-23 14:12:00,27772.909999999945,27772.909999999945
2026-06-23 15:12:00,27772.909999999945,27772.909999999945
2026-06-23 16:12:00,27772.909999999945,27772.909999999945
2026-06-23 17:12:00,27772.909999999945,27772.909999999945
2026-06-23 18:12:00,27772.909999999945,27772.909999999945
2026-06-23 19:12:00,27772.909999999945,27772.909999999945
2026-06-23 20:12:00,27772.909999999945,27772.909999999945
2026-06-23 21:12:00,27772.909999999945,27772.909999999945
2026-06-23 22:12:00,27772.909999999945,27772.909999999945
2026-06-23 23:12:00,27772.909999999945,27772.909999999945
2026-06-24 01:13:00,27772.909999999945,27772.909999999945
2026-06-24 02:13:00,27772.909999999945,27772.909999999945
2026-06-24 03:13:00,27772.909999999945,27772.909999999945
2026-06-24 04:13:00,27772.909999999945,27772.909999999945
2026-06-24 05:13:00,27772.909999999945,27772.909999999945
2026-06-24 06:13:00,27772.909999999945,27772.909999999945
2026-06-24 07:13:00,27772.909999999945,27772.909999999945
2026-06-24 08:13:00,27772.909999999945,27772.909999999945
2026-06-24 09:13:00,27772.909999999945,27772.909999999945
2026-06-24 10:13:00,27772.909999999945,27772.909999999945
2026-06-24 11:13:00,27772.909999999945,27772.909999999945
2026-06-24 12:13:00,27772.909999999945,27772.909999999945
2026-06-24 13:13:00,27772.909999999945,27772.909999999945
2026-06-24 14:13:00,27772.909999999945,27772.909999999945
2026-06-24 15:13:00,27772.909999999945,27772.909999999945
2026-06-24 16:13:00,27772.909999999945,27772.909999999945
2026-06-24 17:13:00,27772.909999999945,27772.909999999945
2026-06-24 18:13:00,27772.909999999945,27772.909999999945
2026-06-24 19:13:00,27772.909999999945,27772.909999999945
2026-06-24 20:13:00,27772.909999999945,27772.909999999945
2026-06-24 21:13:00,27772.909999999945,27772.909999999945
2026-06-24 22:13:00,27772.909999999945,27772.909999999945
2026-06-24 23:13:00,27772.909999999945,27772.909999999945
2026-06-25 01:14:00,27772.909999999945,27772.909999999945
2026-06-25 02:14:00,27772.909999999945,27772.909999999945
2026-06-25 03:14:00,27771.649999999947,27724.309999999947
2026-06-25 04:14:00,27635.74999999994,27635.74999999994
2026-06-25 05:14:00,27698.04999999993,27698.04999999993
2026-06-25 06:14:00,27698.04999999993,27698.04999999993
2026-06-25 07:14:00,27698.04999999993,27698.04999999993
2026-06-25 08:14:00,27698.04999999993,27698.04999999993
2026-06-25 09:14:00,27698.04999999993,27698.04999999993
2026-06-25 10:14:00,27698.04999999993,27698.04999999993
2026-06-25 11:14:00,27698.04999999993,27698.04999999993
2026-06-25 12:14:00,27698.04999999993,27698.04999999993
2026-06-25 13:14:00,27698.04999999993,27698.04999999993
2026-06-25 14:14:00,27698.04999999993,27698.04999999993
2026-06-25 15:14:00,27698.04999999993,27698.04999999993
2026-06-25 16:14:00,27698.04999999993,27698.04999999993
2026-06-25 17:14:00,27698.04999999993,27698.04999999993
2026-06-25 18:14:00,27698.04999999993,27698.04999999993
2026-06-25 19:14:00,27698.04999999993,27698.04999999993
2026-06-25 20:14:00,27698.04999999993,27698.04999999993
2026-06-25 21:14:00,27698.04999999993,27698.04999999993
2026-06-25 22:14:00,27698.04999999993,27698.04999999993
2026-06-25 23:14:00,27698.04999999993,27698.04999999993
2026-06-26 01:15:00,27698.04999999993,27698.04999999993
2026-06-26 02:15:00,27698.04999999993,27698.04999999993
2026-06-26 03:15:00,27695.879999999932,27821.11999999993
2026-06-26 04:15:00,27724.13999999993,27724.13999999993
2026-06-26 05:15:00,27724.13999999993,27724.13999999993
2026-06-26 06:15:00,27724.13999999993,27724.13999999993
2026-06-26 07:15:00,27724.13999999993,27724.13999999993
2026-06-26 08:15:00,27724.13999999993,27724.13999999993
2026-06-26 09:15:00,27724.13999999993,27724.13999999993
2026-06-26 10:15:00,27724.13999999993,27724.13999999993
2026-06-26 11:15:00,27724.13999999993,27724.13999999993
2026-06-26 12:15:00,27724.13999999993,27724.13999999993
2026-06-26 13:15:00,27724.13999999993,27724.13999999993
2026-06-26 14:15:00,27724.13999999993,27724.13999999993
2026-06-26 15:15:00,27724.13999999993,27724.13999999993
2026-06-26 16:15:00,27724.13999999993,27724.13999999993
2026-06-26 17:15:00,27724.13999999993,27724.13999999993
2026-06-26 18:15:00,27724.13999999993,27724.13999999993
2026-06-26 19:15:00,27724.13999999993,27724.13999999993
2026-06-26 20:15:00,27724.13999999993,27724.13999999993
2026-06-26 21:15:00,27724.13999999993,27724.13999999993
2026-06-26 22:15:00,27724.13999999993,27724.13999999993
2026-06-26 23:15:00,27724.13999999993,27724.13999999993
2026-06-29 01:16:00,27724.13999999993,27724.13999999993
2026-06-29 02:16:00,27755.159999999934,27755.159999999934
2026-06-29 03:16:00,27755.159999999934,27755.159999999934
2026-06-29 04:16:00,27755.159999999934,27755.159999999934
2026-06-29 05:16:00,27755.159999999934,27755.159999999934
2026-06-29 06:16:00,27755.159999999934,27755.159999999934
2026-06-29 07:16:00,27755.159999999934,27755.159999999934
2026-06-29 08:16:00,27755.159999999934,27755.159999999934
2026-06-29 09:16:00,27755.159999999934,27755.159999999934
2026-06-29 10:16:00,27755.159999999934,27755.159999999934
2026-06-29 11:16:00,27755.159999999934,27755.159999999934
2026-06-29 12:16:00,27479.29999999994,27479.29999999994
2026-06-29 13:16:00,27479.29999999994,27479.29999999994
2026-06-29 14:16:00,27479.29999999994,27479.29999999994
2026-06-29 15:16:00,27479.29999999994,27479.29999999994
2026-06-29 16:16:00,27479.29999999994,27479.29999999994
2026-06-29 17:16:00,27479.29999999994,27479.29999999994
2026-06-29 18:16:00,27479.29999999994,27479.29999999994
2026-06-29 19:16:00,27479.29999999994,27479.29999999994
2026-06-29 20:16:00,27479.29999999994,27479.29999999994
2026-06-29 21:16:00,27479.29999999994,27479.29999999994
2026-06-29 22:16:00,27479.29999999994,27479.29999999994
2026-06-29 23:16:00,27479.29999999994,27479.29999999994
2026-06-30 01:17:00,27479.29999999994,27479.29999999994
2026-06-30 02:17:00,27479.29999999994,27479.29999999994
2026-06-30 03:17:00,27479.29999999994,27479.29999999994
2026-06-30 04:17:00,27479.29999999994,27479.29999999994
2026-06-30 05:17:00,27479.29999999994,27479.29999999994
2026-06-30 06:17:00,27479.29999999994,27479.29999999994
2026-06-30 07:17:00,27479.29999999994,27479.29999999994
2026-06-30 08:17:00,27479.29999999994,27479.29999999994
2026-06-30 09:17:00,27479.29999999994,27479.29999999994
2026-06-30 10:17:00,27479.29999999994,27479.29999999994
2026-06-30 11:17:00,27479.29999999994,27479.29999999994
2026-06-30 12:17:00,27479.29999999994,27479.29999999994
2026-06-30 13:17:00,27479.29999999994,27479.29999999994
2026-06-30 14:17:00,27478.039999999943,27432.499999999938
2026-06-30 15:17:00,27345.73999999994,27345.73999999994
2026-06-30 16:17:00,27631.33999999994,28450.29999999993
2026-06-30 17:17:00,28818.749999999935,29391.989999999932
2026-06-30 18:17:00,29014.599999999933,29217.99999999993
2026-06-30 19:17:00,29163.209999999934,29368.52999999993
2026-06-30 20:17:00,29163.209999999934,29350.52999999993
2026-06-30 21:17:00,29163.209999999934,29397.92999999993
2026-06-30 22:17:00,29163.209999999934,29319.809999999932
2026-06-30 23:17:00,29249.669999999933,29249.669999999933
2026-07-01 01:18:00,29249.669999999933,29249.669999999933
2026-07-01 02:18:00,29249.669999999933,29249.669999999933
2026-07-01 03:18:00,29249.669999999933,29249.669999999933
2026-07-01 04:18:00,28953.989999999936,28953.989999999936
2026-07-01 05:18:00,28953.989999999936,28953.989999999936
2026-07-01 06:18:00,28953.989999999936,28953.989999999936
2026-07-01 07:18:00,28965.65999999994,28965.65999999994
2026-07-01 08:18:00,28965.65999999994,28965.65999999994
2026-07-01 09:18:00,28965.65999999994,28965.65999999994
2026-07-01 10:18:00,28965.65999999994,28965.65999999994
2026-07-01 11:18:00,28965.65999999994,28965.65999999994
2026-07-01 12:18:00,28965.65999999994,28965.65999999994
2026-07-01 13:18:00,28965.65999999994,28965.65999999994
2026-07-01 14:18:00,28965.65999999994,28965.65999999994
2026-07-01 15:18:00,28965.65999999994,28965.65999999994
2026-07-01 16:18:00,29062.70999999994,29174.75999999994
2026-07-01 17:18:00,29365.599999999937,29365.599999999937
2026-07-01 18:18:00,29365.599999999937,29365.599999999937
2026-07-01 19:18:00,29365.599999999937,29365.599999999937
2026-07-01 20:18:00,29365.599999999937,29365.599999999937
2026-07-01 21:18:00,29365.599999999937,29365.599999999937
2026-07-01 22:18:00,29365.599999999937,29365.599999999937
2026-07-01 23:18:00,29365.599999999937,29365.599999999937
2026-07-02 01:19:00,29363.849999999937,29452.59999999994
2026-07-02 02:19:00,29394.08999999994,29464.219999999936
2026-07-02 03:19:00,29537.309999999936,29537.309999999936
2026-07-02 04:19:00,29537.309999999936,29537.309999999936
2026-07-02 05:19:00,29680.139999999934,29680.139999999934
2026-07-02 06:19:00,29680.139999999934,29680.139999999934
2026-07-02 07:19:00,29680.139999999934,29680.139999999934
2026-07-02 08:19:00,29680.139999999934,29680.139999999934
2026-07-02 09:19:00,29680.139999999934,29680.139999999934
2026-07-02 10:19:00,29680.139999999934,29680.139999999934
2026-07-02 11:19:00,29680.139999999934,29680.139999999934
2026-07-02 12:19:00,29680.139999999934,29680.139999999934
2026-07-02 13:19:00,29680.139999999934,29680.139999999934
2026-07-02 14:19:00,29680.139999999934,29680.139999999934
2026-07-02 15:19:00,29680.139999999934,29680.139999999934
2026-07-02 16:19:00,29680.139999999934,29680.139999999934
2026-07-02 17:19:00,29825.759999999937,29825.759999999937
2026-07-02 18:19:00,29825.759999999937,29825.759999999937
2026-07-02 19:19:00,29825.759999999937,29825.759999999937
2026-07-02 20:19:00,29825.759999999937,29825.759999999937
2026-07-02 21:19:00,29825.759999999937,29825.759999999937
2026-07-02 22:19:00,29825.759999999937,29825.759999999937
2026-07-02 23:19:00,29825.759999999937,29825.759999999937
2026-07-03 01:20:00,29825.759999999937,29825.759999999937
2026-07-03 02:20:00,29825.759999999937,29825.759999999937
2026-07-03 03:20:00,29825.759999999937,29825.759999999937
2026-07-03 04:20:00,29825.759999999937,29825.759999999937
2026-07-03 05:20:00,29825.759999999937,29825.759999999937
2026-07-03 06:20:00,29825.759999999937,29825.759999999937
2026-07-03 07:20:00,29825.759999999937,29825.759999999937
2026-07-03 08:20:00,29825.759999999937,29825.759999999937
2026-07-03 09:20:00,29852.789999999914,29826.949999999906
2026-07-03 10:23:00,29886.069999999912,29945.349999999904
2026-07-03 11:23:00,29952.58999999991,30096.499999999905
2026-07-03 12:23:00,29952.58999999991,30006.94999999991
2026-07-03 13:23:00,29996.599999999904,29996.599999999904
2026-07-03 14:23:00,29996.599999999904,29996.599999999904
2026-07-03 15:23:00,29996.599999999904,29996.599999999904
2026-07-03 16:23:00,29996.599999999904,29996.599999999904
2026-07-03 17:23:00,30031.519999999902,30159.499999999898
2026-07-03 18:23:00,30218.719999999896,30316.3699999999
2026-07-03 19:23:00,30218.719999999896,30280.279999999897
2026-07-06 01:22:00,30405.919999999896,30405.919999999896
2026-07-06 02:22:00,30405.919999999896,30405.919999999896
2026-07-06 03:22:00,30405.919999999896,30405.919999999896
2026-07-06 04:22:00,30561.379999999896,30561.379999999896
2026-07-06 05:22:00,30561.379999999896,30561.379999999896
2026-07-06 06:22:00,30561.379999999896,30561.379999999896
2026-07-06 07:22:00,30561.379999999896,30561.379999999896
2026-07-06 08:22:00,30561.379999999896,30561.379999999896
2026-07-06 09:22:00,30561.379999999896,30561.379999999896
2026-07-06 10:22:00,30561.379999999896,30561.379999999896
2026-07-06 11:22:00,30561.379999999896,30561.379999999896
2026-07-06 12:22:00,30561.379999999896,30561.379999999896
2026-07-06 13:22:00,30561.379999999896,30561.379999999896
2026-07-06 14:22:00,30561.379999999896,30561.379999999896
2026-07-06 15:22:00,30561.379999999896,30561.379999999896
2026-07-06 16:22:00,30561.379999999896,30561.379999999896
2026-07-06 17:22:00,30561.379999999896,30561.379999999896
2026-07-06 18:22:00,30561.379999999896,30561.379999999896
2026-07-06 19:22:00,30561.379999999896,30561.379999999896
2026-07-06 20:22:00,30561.379999999896,30561.379999999896
2026-07-06 21:22:00,30561.379999999896,30561.379999999896
2026-07-06 22:22:00,30561.379999999896,30561.379999999896
2026-07-06 23:22:00,30561.379999999896,30561.379999999896
2026-07-07 01:23:00,30561.379999999896,30561.379999999896
2026-07-07 02:23:00,30561.379999999896,30561.379999999896
2026-07-07 03:23:00,30561.379999999896,30561.379999999896
2026-07-07 04:23:00,30561.379999999896,30561.379999999896
2026-07-07 05:23:00,30561.379999999896,30561.379999999896
2026-07-07 06:23:00,30561.379999999896,30561.379999999896
2026-07-07 07:23:00,30561.379999999896,30561.379999999896
2026-07-07 08:23:00,30561.379999999896,30561.379999999896
2026-07-07 09:23:00,30561.379999999896,30561.379999999896
2026-07-07 10:23:00,30561.379999999896,30561.379999999896
2026-07-07 11:23:00,30561.379999999896,30561.379999999896
2026-07-07 12:23:00,30561.379999999896,30561.379999999896
2026-07-07 13:23:00,30561.379999999896,30561.379999999896
2026-07-07 14:23:00,30561.379999999896,30561.379999999896
2026-07-07 15:23:00,30561.379999999896,30561.379999999896
2026-07-07 16:23:00,30561.379999999896,30561.379999999896
2026-07-07 17:23:00,30561.379999999896,30561.379999999896
2026-07-07 18:23:00,30561.379999999896,30561.379999999896
2026-07-07 19:23:00,30561.379999999896,30561.379999999896
2026-07-07 20:23:00,30561.379999999896,30561.379999999896
2026-07-07 21:23:00,30561.379999999896,30561.379999999896
2026-07-07 22:23:00,30561.379999999896,30561.379999999896
2026-07-07 23:23:00,30561.379999999896,30561.379999999896
2026-07-08 01:24:00,30561.379999999896,30561.379999999896
2026-07-08 02:24:00,30561.379999999896,30561.379999999896
2026-07-08 03:24:00,30561.379999999896,30561.379999999896
2026-07-08 04:24:00,30561.379999999896,30561.379999999896
2026-07-08 05:24:00,30561.379999999896,30561.379999999896
2026-07-08 06:24:00,30561.379999999896,30561.379999999896
2026-07-08 07:24:00,30561.379999999896,30561.379999999896
2026-07-08 08:24:00,30561.379999999896,30561.379999999896
2026-07-08 09:24:00,30561.379999999896,30561.379999999896
2026-07-08 10:24:00,30561.379999999896,30561.379999999896
2026-07-08 11:24:00,30561.379999999896,30561.379999999896
2026-07-08 12:24:00,30561.379999999896,30561.379999999896
2026-07-08 13:24:00,30561.379999999896,30561.379999999896
2026-07-08 14:24:00,30561.379999999896,30561.379999999896
2026-07-08 15:24:00,30561.379999999896,30561.379999999896
2026-07-08 16:24:00,30561.379999999896,30561.379999999896
2026-07-08 17:24:00,30561.379999999896,30561.379999999896
2026-07-08 18:24:00,30561.379999999896,30561.379999999896
2026-07-08 19:24:00,30561.379999999896,30561.379999999896
2026-07-08 20:24:00,30561.379999999896,30561.379999999896
2026-07-08 21:24:00,30561.379999999896,30561.379999999896
2026-07-08 22:24:00,30561.379999999896,30561.379999999896
2026-07-08 23:24:00,30561.379999999896,30561.379999999896
2026-07-09 01:25:00,30561.379999999896,30561.379999999896
2026-07-09 02:25:00,30561.379999999896,30561.379999999896
2026-07-09 03:25:00,30561.379999999896,30561.379999999896
2026-07-09 04:25:00,30561.379999999896,30561.379999999896
2026-07-09 05:25:00,30561.379999999896,30561.379999999896
2026-07-09 06:25:00,30559.349999999897,30618.509999999897
2026-07-09 07:25:00,30594.039999999895,30594.039999999895
2026-07-09 08:25:00,30628.639999999898,30738.439999999893
2026-07-09 09:25:00,30693.949999999924,30474.989999999914
2026-07-09 10:25:00,30693.949999999924,30341.12999999992
2026-07-09 11:25:00,30398.869999999923,30146.859999999924
2026-07-09 12:25:00,30398.869999999923,30214.839999999916
2026-07-09 13:25:00,30398.869999999923,30255.649999999918
2026-07-09 14:25:00,30466.459999999926,30551.199999999917
2026-07-09 15:25:00,30533.039999999924,30681.239999999925
2026-07-09 16:25:00,30977.489999999925,30977.489999999925
2026-07-09 17:25:00,30977.489999999925,30977.489999999925
2026-07-09 18:25:00,30977.489999999925,30977.489999999925
2026-07-09 19:25:00,31006.609999999902,31006.609999999902
2026-07-09 20:25:00,31006.609999999902,31006.609999999902
2026-07-09 21:25:00,31006.609999999902,31006.609999999902
2026-07-09 22:25:00,31006.609999999902,31006.609999999902
2026-07-09 23:25:00,31006.609999999902,31006.609999999902
2026-07-10 01:26:00,31006.609999999902,31006.609999999902
2026-07-10 02:26:00,31006.609999999902,31006.609999999902
2026-07-10 03:26:00,31006.609999999902,31006.609999999902
2026-07-10 04:26:00,31006.609999999902,31006.609999999902
2026-07-10 05:26:00,31006.609999999902,31006.609999999902
2026-07-10 06:26:00,31006.609999999902,31006.609999999902
2026-07-10 07:26:00,31006.609999999902,31006.609999999902
2026-07-10 08:26:00,31006.609999999902,31006.609999999902
2026-07-10 09:26:00,31006.609999999902,31006.609999999902
2026-07-10 10:26:00,31006.609999999902,31006.609999999902
2026-07-10 11:26:00,31006.609999999902,31006.609999999902
2026-07-10 12:26:00,31006.609999999902,31006.609999999902
2026-07-10 13:26:00,31006.609999999902,31006.609999999902
2026-07-10 14:26:00,31006.609999999902,31006.609999999902
2026-07-10 15:26:00,31006.609999999902,31006.609999999902
2026-07-10 16:26:00,31006.609999999902,31006.609999999902
2026-07-10 17:26:00,31006.609999999902,31006.609999999902
2026-07-10 18:26:00,31006.609999999902,31006.609999999902
2026-07-10 19:26:00,31006.609999999902,31006.609999999902
2026-07-10 20:26:00,31006.609999999902,31006.609999999902
2026-07-10 21:26:00,31006.609999999902,31006.609999999902
2026-07-10 22:26:00,31006.609999999902,31006.609999999902
2026-07-10 23:26:00,31006.609999999902,31006.609999999902
2026-07-13 01:27:00,30941.619999999955,30941.619999999955
2026-07-13 02:27:00,30941.619999999955,30941.619999999955
2026-07-13 03:27:00,30941.619999999955,30941.619999999955
2026-07-13 04:27:00,30941.619999999955,30941.619999999955
2026-07-13 05:27:00,30941.619999999955,30941.619999999955
2026-07-13 06:27:00,30941.619999999955,30941.619999999955
2026-07-13 07:27:00,30941.619999999955,30941.619999999955
2026-07-13 08:27:00,30956.999999999956,31035.25999999995
2026-07-13 09:27:00,31054.599999999955,31054.599999999955
2026-07-13 10:27:00,31054.599999999955,31054.599999999955
2026-07-13 11:27:00,31054.599999999955,31054.599999999955
2026-07-13 12:27:00,31054.599999999955,31054.599999999955
2026-07-13 13:27:00,31054.599999999955,31054.599999999955
2026-07-13 14:27:00,31054.599999999955,31054.599999999955
2026-07-13 15:27:00,31054.599999999955,31054.599999999955
2026-07-13 16:27:00,31054.599999999955,31054.599999999955
2026-07-13 17:27:00,31054.599999999955,31054.599999999955
2026-07-13 18:27:00,31054.599999999955,31054.599999999955
2026-07-13 19:27:00,31054.599999999955,31054.599999999955
2026-07-13 20:27:00,31054.599999999955,31054.599999999955
2026-07-13 21:27:00,31054.599999999955,31054.599999999955
2026-07-13 22:27:00,31054.599999999955,31054.599999999955
2026-07-13 23:27:00,31054.599999999955,31054.599999999955
2026-07-14 01:28:00,31054.599999999955,31054.599999999955
2026-07-14 02:28:00,31054.599999999955,31054.599999999955
2026-07-14 03:28:00,31054.599999999955,31054.599999999955
2026-07-14 04:28:00,31054.599999999955,31054.599999999955
2026-07-14 05:28:00,31054.599999999955,31054.599999999955
2026-07-14 06:28:00,31054.599999999955,31054.599999999955
2026-07-14 07:28:00,31054.599999999955,31054.599999999955
2026-07-14 08:28:00,31054.599999999955,31054.599999999955
2026-07-14 09:28:00,31054.599999999955,31054.599999999955
2026-07-14 10:28:00,31054.599999999955,31054.599999999955
2026-07-14 11:28:00,31054.599999999955,31054.599999999955
2026-07-14 12:28:00,31054.599999999955,31054.599999999955
2026-07-14 13:28:00,31054.599999999955,31054.599999999955
2026-07-14 14:28:00,31054.599999999955,31054.599999999955
2026-07-14 15:28:00,31054.599999999955,31054.599999999955
2026-07-14 16:28:00,31267.08999999996,31351.83999999996
2026-07-14 17:28:00,31267.08999999996,31391.78999999996
2026-07-14 18:28:00,31293.289999999957,31293.289999999957
2026-07-14 19:28:00,31292.729999999956,31223.129999999957
2026-07-14 20:28:00,31292.729999999956,31244.249999999956
2026-07-14 21:28:00,31292.729999999956,31205.129999999957
2026-07-14 22:28:00,31292.729999999956,31155.289999999957
2026-07-14 23:28:00,31292.729999999956,31166.489999999954
2026-07-15 01:29:00,31280.729999999956,31141.849999999955
2026-07-15 02:29:00,31280.729999999956,31160.249999999956
2026-07-15 03:29:00,31280.729999999956,31193.769999999957
2026-07-15 04:29:00,31280.729999999956,31164.009999999955
2026-07-15 05:29:00,30974.88999999996,30974.88999999996
2026-07-15 06:29:00,30974.88999999996,30974.88999999996
2026-07-15 07:29:00,30974.88999999996,30974.88999999996
2026-07-15 08:29:00,30974.88999999996,30974.88999999996
2026-07-15 09:29:00,30974.88999999996,30974.88999999996
2026-07-15 10:29:00,30974.88999999996,30974.88999999996
2026-07-15 11:29:00,30974.88999999996,30974.88999999996
2026-07-15 12:29:00,30974.88999999996,30974.88999999996
2026-07-15 13:29:00,30974.88999999996,30974.88999999996
2026-07-15 14:29:00,30974.88999999996,30974.88999999996
2026-07-15 15:29:00,30974.88999999996,30974.88999999996
2026-07-15 16:29:00,30974.88999999996,30974.88999999996
2026-07-15 17:29:00,30974.88999999996,30974.88999999996
2026-07-15 18:29:00,30986.899999999958,30986.899999999958
2026-07-15 19:29:00,30986.899999999958,30986.899999999958
2026-07-15 20:29:00,30986.899999999958,30986.899999999958
2026-07-15 21:29:00,30986.899999999958,30986.899999999958
2026-07-15 22:29:00,31088.629999999957,31156.609999999957
2026-07-15 23:29:00,31088.629999999957,31140.79999999996
2026-07-16 01:30:00,31126.11999999994,31177.77999999994
2026-07-16 02:30:00,31126.11999999994,31188.57999999994
2026-07-16 03:30:00,31126.11999999994,31181.70999999994
2026-07-16 04:30:00,30936.76999999994,30936.76999999994
2026-07-16 05:30:00,30936.76999999994,30936.76999999994
2026-07-16 06:30:00,30936.76999999994,30936.76999999994
2026-07-16 07:30:00,30936.76999999994,30936.76999999994
2026-07-16 08:30:00,30936.76999999994,30936.76999999994
2026-07-16 09:30:00,30936.76999999994,30936.76999999994
2026-07-16 10:30:00,30936.76999999994,30936.76999999994
2026-07-16 11:30:00,30936.76999999994,30936.76999999994
2026-07-16 12:30:00,30936.76999999994,30936.76999999994
2026-07-16 13:30:00,30936.76999999994,30936.76999999994
2026-07-16 14:30:00,30936.76999999994,30936.76999999994
2026-07-16 15:30:00,30936.76999999994,30936.76999999994
2026-07-16 16:30:00,30936.76999999994,30936.76999999994
2026-07-16 17:30:00,30936.76999999994,30936.76999999994
2026-07-16 18:30:00,30936.76999999994,30936.76999999994
2026-07-16 19:30:00,30625.54999999993,30625.54999999993
2026-07-16 20:30:00,30625.54999999993,30625.54999999993
2026-07-16 21:30:00,30625.54999999993,30625.54999999993
2026-07-16 22:30:00,30625.54999999993,30625.54999999993
2026-07-16 23:30:00,30625.54999999993,30625.54999999993
2026-07-17 01:31:00,30625.54999999993,30625.54999999993
2026-07-17 02:31:00,30625.54999999993,30625.54999999993
2026-07-17 03:31:00,30625.54999999993,30625.54999999993
2026-07-17 04:31:00,30625.54999999993,30625.54999999993
2026-07-17 05:31:00,30625.54999999993,30625.54999999993
2026-07-17 06:31:00,30625.54999999993,30625.54999999993
2026-07-17 07:31:00,30625.54999999993,30625.54999999993
2026-07-17 08:31:00,30625.54999999993,30625.54999999993
2026-07-17 09:31:00,30625.54999999993,30625.54999999993
2026-07-17 10:31:00,30625.54999999993,30625.54999999993
2026-07-17 11:31:00,30625.54999999993,30625.54999999993
2026-07-17 12:31:00,30625.54999999993,30625.54999999993
2026-07-17 13:31:00,30625.54999999993,30625.54999999993
2026-07-17 14:31:00,30625.54999999993,30625.54999999993
2026-07-17 15:31:00,30625.54999999993,30625.54999999993
2026-07-17 16:31:00,30625.54999999993,30625.54999999993
2026-07-17 17:31:00,30625.54999999993,30625.54999999993
2026-07-17 18:31:00,30625.54999999993,30625.54999999993
2026-07-17 19:31:00,30625.54999999993,30625.54999999993
2026-07-17 20:31:00,30625.54999999993,30625.54999999993
2026-07-17 21:31:00,30625.54999999993,30625.54999999993
2026-07-17 22:31:00,30625.54999999993,30625.54999999993
2026-07-17 23:31:00,30625.54999999993,30625.54999999993
2026-07-20 01:32:00,30625.54999999993,30625.54999999993
2026-07-20 02:32:00,30625.54999999993,30625.54999999993
2026-07-20 03:32:00,30623.58999999993,30668.24999999992
2026-07-20 04:32:00,30329.719999999932,30329.719999999932
2026-07-20 05:32:00,30329.719999999932,30329.719999999932
2026-07-20 06:32:00,30329.01999999993,30372.91999999993
2026-07-20 07:32:00,30329.01999999993,30339.219999999932
2026-07-20 08:32:00,30371.259999999933,30442.239999999932
2026-07-20 09:32:00,30413.499999999935,30497.619999999937
2026-07-20 10:32:00,30413.499999999935,30472.539999999935
2026-07-20 11:32:00,30429.979999999934,30429.979999999934
2026-07-20 12:32:00,30429.979999999934,30429.979999999934
2026-07-20 13:32:00,30429.979999999934,30429.979999999934
2026-07-20 14:32:00,30429.979999999934,30429.979999999934
2026-07-20 15:32:00,30429.979999999934,30429.979999999934
2026-07-20 16:32:00,30429.979999999934,30429.979999999934
2026-07-20 17:32:00,30429.979999999934,30429.979999999934
2026-07-20 18:32:00,30464.109999999935,30542.539999999943
2026-07-20 19:32:00,30461.009999999937,30461.009999999937
2026-07-20 20:32:00,30461.009999999937,30461.009999999937
2026-07-20 21:32:00,30461.009999999937,30461.009999999937
2026-07-20 22:32:00,30461.009999999937,30461.009999999937
2026-07-20 23:32:00,30461.009999999937,30461.009999999937
2026-07-21 01:33:00,30461.009999999937,30461.009999999937
2026-07-21 02:33:00,30461.009999999937,30461.009999999937
2026-07-21 03:33:00,30461.009999999937,30461.009999999937
2026-07-21 04:33:00,30461.009999999937,30461.009999999937
2026-07-21 05:33:00,30490.09999999992,30490.09999999992
2026-07-21 06:33:00,30490.09999999992,30490.09999999992
2026-07-21 07:33:00,30490.09999999992,30490.09999999992
2026-07-21 08:33:00,30490.09999999992,30490.09999999992
2026-07-21 09:33:00,30490.09999999992,30490.09999999992
2026-07-21 10:33:00,30490.09999999992,30490.09999999992
2026-07-21 11:33:00,30490.09999999992,30490.09999999992
2026-07-21 12:33:00,30490.09999999992,30490.09999999992
2026-07-21 13:33:00,30490.09999999992,30490.09999999992
2026-07-21 14:33:00,30490.09999999992,30490.09999999992
2026-07-21 15:33:00,30490.09999999992,30490.09999999992
2026-07-21 16:33:00,30490.09999999992,30490.09999999992
2026-07-21 17:33:00,30490.09999999992,30490.09999999992
2026-07-21 18:33:00,30490.09999999992,30490.09999999992
2026-07-21 19:33:00,30490.09999999992,30490.09999999992
2026-07-21 20:33:00,30490.09999999992,30490.09999999992
2026-07-21 21:33:00,30490.09999999992,30490.09999999992
2026-07-21 22:33:00,30490.09999999992,30490.09999999992
2026-07-21 23:33:00,30490.09999999992,30490.09999999992
2026-07-22 01:34:00,30490.09999999992,30490.09999999992
2026-07-22 02:34:00,30490.09999999992,30490.09999999992
2026-07-22 03:34:00,30490.09999999992,30490.09999999992
2026-07-22 04:34:00,30490.09999999992,30490.09999999992
2026-07-22 05:34:00,30490.09999999992,30490.09999999992
2026-07-22 06:34:00,30490.09999999992,30490.09999999992
2026-07-22 07:34:00,30490.09999999992,30490.09999999992
2026-07-22 08:34:00,30490.09999999992,30490.09999999992
2026-07-22 09:34:00,30490.09999999992,30490.09999999992
2026-07-22 10:34:00,30490.09999999992,30490.09999999992
2026-07-22 11:34:00,30525.139999999923,30639.259999999926
2026-07-22 12:34:00,30525.139999999923,30629.539999999928
2026-07-22 13:34:00,30525.139999999923,30656.179999999935
2026-07-22 14:34:00,30525.139999999923,30675.079999999936
2026-07-22 15:34:00,30708.859999999928,30805.69999999993
2026-07-22 16:34:00,30730.279999999933,30730.279999999933
2026-07-22 17:34:00,30730.279999999933,30730.279999999933
2026-07-22 18:34:00,30730.279999999933,30730.279999999933
2026-07-22 19:34:00,30730.279999999933,30730.279999999933
2026-07-22 20:34:00,30730.279999999933,30730.279999999933
2026-07-22 21:34:00,30730.279999999933,30730.279999999933
2026-07-22 22:34:00,30730.279999999933,30730.279999999933
2026-07-22 23:34:00,30730.279999999933,30730.279999999933
2026-07-23 01:35:00,30730.279999999933,30730.279999999933
2026-07-23 02:35:00,30730.279999999933,30730.279999999933
2026-07-23 03:35:00,30730.279999999933,30730.279999999933
2026-07-23 04:35:00,30730.279999999933,30730.279999999933
2026-07-23 05:35:00,30730.279999999933,30730.279999999933
2026-07-23 06:35:00,30730.279999999933,30730.279999999933
2026-07-23 07:35:00,30730.279999999933,30730.279999999933
2026-07-23 08:35:00,30730.279999999933,30730.279999999933
2026-07-23 09:35:00,30730.279999999933,30730.279999999933
2026-07-23 10:35:00,30730.279999999933,30730.279999999933
2026-07-23 11:35:00,30730.279999999933,30730.279999999933
2026-07-23 12:35:00,30730.279999999933,30730.279999999933
2026-07-23 13:35:00,30730.279999999933,30730.279999999933
2026-07-23 14:35:00,30730.279999999933,30730.279999999933
2026-07-23 15:35:00,30730.279999999933,30730.279999999933
2026-07-23 16:35:00,30730.279999999933,30730.279999999933
2026-07-23 17:35:00,30730.279999999933,30730.279999999933
2026-07-23 18:35:00,30730.279999999933,30730.279999999933
2026-07-23 19:35:00,30730.279999999933,30730.279999999933
2026-07-23 20:35:00,30730.279999999933,30730.279999999933
2026-07-23 21:35:00,30730.279999999933,30730.279999999933
2026-07-23 22:35:00,30730.279999999933,30730.279999999933
2026-07-23 23:35:00,30730.279999999933,30730.279999999933
2026-07-24 01:36:00,30730.279999999933,30730.279999999933
2026-07-24 02:36:00,30730.279999999933,30730.279999999933
2026-07-24 03:36:00,30730.279999999933,30730.279999999933
2026-07-24 04:36:00,30730.279999999933,30730.279999999933
2026-07-24 05:36:00,30730.279999999933,30730.279999999933
2026-07-24 06:36:00,30730.279999999933,30730.279999999933
2026-07-24 07:36:00,30730.279999999933,30730.279999999933
2026-07-24 08:36:00,30730.279999999933,30730.279999999933
2026-07-24 09:36:00,30730.279999999933,30730.279999999933
2026-07-24 10:36:00,30730.279999999933,30730.279999999933
2026-07-24 11:36:00,30730.279999999933,30730.279999999933
2026-07-24 12:36:00,30730.279999999933,30730.279999999933
2026-07-24 13:36:00,30730.279999999933,30730.279999999933
2026-07-24 14:36:00,30730.279999999933,30730.279999999933
2026-07-24 15:36:00,30730.279999999933,30730.279999999933
2026-07-24 16:36:00,30730.279999999933,30730.279999999933
2026-07-24 17:36:00,30730.279999999933,30730.279999999933
2026-07-24 18:36:00,30730.279999999933,30730.279999999933
2026-07-24 19:36:00,30760.439999999937,30760.439999999937
2026-07-24 20:36:00,30760.439999999937,30760.439999999937
2026-07-24 21:36:00,30760.439999999937,30760.439999999937
2026-07-24 22:36:00,30760.439999999937,30760.439999999937
2026-07-24 23:36:00,30760.439999999937,30760.439999999937
2026-07-27 01:37:00,30760.439999999937,30760.439999999937
2026-07-27 02:37:00,30760.439999999937,30760.439999999937
2026-07-27 03:37:00,30760.439999999937,30760.439999999937
2026-07-27 04:37:00,30760.439999999937,30760.439999999937
2026-07-27 05:37:00,30760.439999999937,30760.439999999937
2026-07-27 06:37:00,30760.439999999937,30760.439999999937
2026-07-27 07:37:00,30760.439999999937,30760.439999999937
2026-07-27 08:37:00,30760.439999999937,30760.439999999937
2026-07-27 09:37:00,30760.439999999937,30760.439999999937
2026-07-27 10:37:00,30760.439999999937,30760.439999999937
2026-07-27 11:37:00,30760.439999999937,30760.439999999937
2026-07-27 12:37:00,30760.439999999937,30760.439999999937
2026-07-27 13:37:00,30760.439999999937,30760.439999999937
2026-07-27 14:37:00,30760.439999999937,30760.439999999937
2026-07-27 15:37:00,30760.439999999937,30760.439999999937
2026-07-27 16:37:00,30760.439999999937,30760.439999999937
2026-07-27 17:37:00,30760.439999999937,30760.439999999937
2026-07-27 18:37:00,30760.439999999937,30760.439999999937
2026-07-27 19:37:00,30760.439999999937,30760.439999999937
2026-07-27 20:37:00,30760.439999999937,30760.439999999937
2026-07-27 21:37:00,30760.439999999937,30760.439999999937
2026-07-27 22:37:00,30760.439999999937,30760.439999999937
2026-07-27 23:37:00,30760.439999999937,30760.439999999937
2026-07-28 01:38:00,30760.439999999937,30760.439999999937
2026-07-28 02:38:00,30760.439999999937,30760.439999999937
2026-07-28 03:38:00,30760.439999999937,30760.439999999937
2026-07-28 04:38:00,30760.439999999937,30760.439999999937
2026-07-28 05:38:00,30760.439999999937,30760.439999999937
2026-07-28 06:38:00,30760.439999999937,30760.439999999937
2026-07-28 07:38:00,30760.439999999937,30760.439999999937
2026-07-28 08:38:00,30760.439999999937,30760.439999999937
2026-07-28 09:38:00,30760.439999999937,30760.439999999937
2026-07-28 10:38:00,30760.439999999937,30760.439999999937
2026-07-28 11:38:00,30760.439999999937,30760.439999999937
2026-07-28 12:38:00,30760.439999999937,30760.439999999937
2026-07-28 13:38:00,30760.439999999937,30760.439999999937
2026-07-28 14:38:00,30760.439999999937,30760.439999999937
2026-07-28 15:38:00,30760.439999999937,30760.439999999937
2026-07-28 16:38:00,30760.439999999937,30760.439999999937
2026-07-28 17:38:00,30760.439999999937,30760.439999999937
2026-07-28 18:38:00,30760.439999999937,30760.439999999937
2026-07-28 19:38:00,30760.439999999937,30760.439999999937
2026-07-28 20:38:00,30760.439999999937,30760.439999999937
2026-07-28 21:38:00,30760.439999999937,30760.439999999937
2026-07-28 22:38:00,30760.439999999937,30760.439999999937
2026-07-28 23:38:00,30760.439999999937,30760.439999999937
2026-07-29 01:39:00,30760.439999999937,30760.439999999937
2026-07-29 02:39:00,30760.439999999937,30760.439999999937
2026-07-29 03:39:00,30760.439999999937,30760.439999999937
2026-07-29 04:39:00,30760.439999999937,30760.439999999937
2026-07-29 05:39:00,30760.439999999937,30760.439999999937
2026-07-29 06:39:00,30760.439999999937,30760.439999999937
2026-07-29 07:39:00,30760.439999999937,30760.439999999937
2026-07-29 08:39:00,30760.439999999937,30760.439999999937
2026-07-29 09:39:00,30760.439999999937,30760.439999999937
2026-07-29 10:39:00,30760.439999999937,30760.439999999937
2026-07-29 11:39:00,30760.439999999937,30760.439999999937
2026-07-29 12:39:00,30760.439999999937,30760.439999999937
2026-07-29 13:39:00,30760.439999999937,30760.439999999937
2026-07-29 14:39:00,30760.439999999937,30760.439999999937
2026-07-29 15:39:00,30760.439999999937,30760.439999999937
2026-07-29 16:39:00,30760.439999999937,30760.439999999937
2026-07-29 17:39:00,30760.439999999937,30760.439999999937
2026-07-29 18:39:00,30760.439999999937,30760.439999999937
2026-07-29 19:39:00,30760.439999999937,30760.439999999937
2026-07-29 20:39:00,30760.439999999937,30760.439999999937
2026-07-29 21:39:00,30760.439999999937,30760.439999999937
2026-07-29 22:39:00,30760.439999999937,30760.439999999937
2026-07-29 23:39:00,30760.439999999937,30760.439999999937
2026-07-30 01:40:00,30760.439999999937,30760.439999999937
2026-07-30 02:40:00,30760.439999999937,30760.439999999937
2026-07-30 03:40:00,30760.439999999937,30760.439999999937
2026-07-30 04:40:00,30760.439999999937,30760.439999999937
2026-07-30 05:40:00,30760.439999999937,30760.439999999937
2026-07-30 06:40:00,30760.439999999937,30760.439999999937
2026-07-30 07:40:00,30760.439999999937,30760.439999999937
2026-07-30 08:40:00,30759.669999999936,30791.239999999936
2026-07-30 09:40:00,30759.669999999936,30793.549999999937
2026-07-30 10:40:00,30475.049999999952,30557.039999999954
2026-07-30 11:40:00,30530.82999999995,30756.369999999948
2026-07-30 12:40:00,30530.82999999995,30754.33999999995
2026-07-30 13:40:00,30614.50999999995,30854.15999999995
2026-07-30 14:40:00,30614.50999999995,30840.10999999995
2026-07-30 15:40:00,30614.50999999995,30821.409999999953
2026-07-30 16:40:00,30614.50999999995,30901.80999999995
2026-07-30 17:40:00,30963.109999999953,30963.109999999953
2026-07-30 18:40:00,30963.109999999953,30963.109999999953
2026-07-30 19:40:00,30963.109999999953,30963.109999999953
2026-07-30 20:40:00,30963.109999999953,30963.109999999953
2026-07-30 21:40:00,30963.109999999953,30963.109999999953
2026-07-30 22:40:00,30963.109999999953,30963.109999999953
2026-07-30 23:40:00,30963.109999999953,30963.109999999953
2026-07-31 01:41:00,30646.94999999996,30646.94999999996
2026-07-31 02:41:00,30646.94999999996,30646.94999999996
2026-07-31 03:41:00,30646.94999999996,30646.94999999996
2026-07-31 04:41:00,30646.94999999996,30646.94999999996
2026-07-31 05:41:00,30646.94999999996,30646.94999999996
2026-07-31 06:41:00,30646.94999999996,30646.94999999996
2026-07-31 07:41:00,30646.94999999996,30646.94999999996
2026-07-31 08:41:00,30646.94999999996,30646.94999999996
2026-07-31 09:41:00,30646.94999999996,30646.94999999996
2026-07-31 10:41:00,30646.94999999996,30646.94999999996
2026-07-31 11:41:00,30646.94999999996,30646.94999999996
2026-07-31 12:41:00,30646.94999999996,30646.94999999996
2026-07-31 13:41:00,30646.94999999996,30646.94999999996
2026-07-31 14:41:00,30646.94999999996,30646.94999999996
2026-07-31 15:41:00,30646.94999999996,30646.94999999996
2026-07-31 16:41:00,30646.94999999996,30646.94999999996
2026-07-31 17:41:00,30646.94999999996,30646.94999999996
2026-07-31 18:41:00,30646.94999999996,30646.94999999996
2026-07-31 19:41:00,30646.94999999996,30646.94999999996
2026-07-31 20:41:00,30646.94999999996,30646.94999999996
2026-07-31 21:41:00,30646.94999999996,30646.94999999996
2026-07-31 22:41:00,30646.94999999996,30646.94999999996
2026-07-31 23:41:00,30646.94999999996,30646.94999999996
2026-08-03 01:42:00,30646.94999999996,30646.94999999996
2026-08-03 02:42:00,30646.94999999996,30646.94999999996
2026-08-03 03:42:00,30646.94999999996,30646.94999999996
2026-08-03 04:42:00,30646.94999999996,30646.94999999996
2026-08-03 05:42:00,30646.94999999996,30646.94999999996
2026-08-03 06:42:00,30646.94999999996,30646.94999999996
2026-08-03 07:42:00,30646.94999999996,30646.94999999996
2026-08-03 08:42:00,30646.94999999996,30646.94999999996
2026-08-03 09:42:00,30646.94999999996,30646.94999999996
2026-08-03 10:42:00,30646.94999999996,30646.94999999996
2026-08-03 11:42:00,30646.94999999996,30646.94999999996
2026-08-03 12:42:00,30646.94999999996,30646.94999999996
2026-08-03 13:42:00,30646.94999999996,30646.94999999996
2026-08-03 14:42:00,30646.94999999996,30646.94999999996
2026-08-03 15:42:00,30646.94999999996,30646.94999999996
2026-08-03 16:42:00,30646.94999999996,30646.94999999996
2026-08-03 17:42:00,30646.94999999996,30646.94999999996
2026-08-03 18:42:00,30646.94999999996,30646.94999999996
2026-08-03 19:42:00,30646.94999999996,30646.94999999996
2026-08-03 20:42:00,30646.94999999996,30646.94999999996
2026-08-03 21:42:00,30646.94999999996,30646.94999999996
2026-08-03 22:42:00,30646.94999999996,30646.94999999996
2026-08-03 23:42:00,30646.94999999996,30646.94999999996
2026-08-04 01:43:00,30646.94999999996,30646.94999999996
2026-08-04 02:43:00,30646.94999999996,30646.94999999996
2026-08-04 03:43:00,30646.94999999996,30646.94999999996
2026-08-04 04:43:00,30646.94999999996,30646.94999999996
2026-08-04 05:43:00,30646.94999999996,30646.94999999996
2026-08-04 06:43:00,30646.94999999996,30646.94999999996
2026-08-04 07:43:00,30646.94999999996,30646.94999999996
2026-08-04 08:43:00,30646.94999999996,30646.94999999996
2026-08-04 09:43:00,30646.94999999996,30646.94999999996
2026-08-04 10:43:00,30646.94999999996,30646.94999999996
2026-08-04 11:43:00,30646.94999999996,30646.94999999996
2026-08-04 12:43:00,30646.94999999996,30646.94999999996
2026-08-04 13:43:00,30646.94999999996,30646.94999999996
2026-08-04 14:43:00,30646.94999999996,30646.94999999996
2026-08-04 15:43:00,30646.94999999996,30646.94999999996
2026-08-04 16:43:00,30646.94999999996,30646.94999999996
2026-08-04 17:43:00,30646.94999999996,30646.94999999996
2026-08-04 18:43:00,30646.94999999996,30646.94999999996
2026-08-04 19:43:00,30646.94999999996,30646.94999999996
2026-08-04 20:43:00,30646.94999999996,30646.94999999996
2026-08-04 21:43:00,30646.94999999996,30646.94999999996
2026-08-04 22:43:00,30646.94999999996,30646.94999999996
2026-08-04 23:43:00,30646.94999999996,30646.94999999996
2026-08-05 01:44:00,30646.94999999996,30646.94999999996
2026-08-05 02:44:00,30646.94999999996,30646.94999999996
2026-08-05 03:44:00,30646.94999999996,30646.94999999996
2026-08-05 04:44:00,30646.94999999996,30646.94999999996
2026-08-05 05:44:00,30646.94999999996,30646.94999999996
2026-08-05 06:44:00,30646.94999999996,30646.94999999996
2026-08-05 07:44:00,30646.94999999996,30646.94999999996
2026-08-05 08:44:00,30646.94999999996,30646.94999999996
2026-08-05 09:44:00,30646.94999999996,30646.94999999996
2026-08-05 10:44:00,30646.94999999996,30646.94999999996
2026-08-05 11:44:00,30646.94999999996,30646.94999999996
2026-08-05 12:44:00,30644.14999999996,30680.949999999964
2026-08-05 13:44:00,30644.14999999996,30562.149999999954
2026-08-05 14:44:00,30915.64999999995,31469.049999999952
2026-08-05 15:44:00,31277.549999999945,31652.649999999936
2026-08-05 16:44:00,31277.549999999945,31682.249999999938
2026-08-05 17:44:00,32001.349999999937,32001.349999999937
2026-08-05 18:44:00,32001.349999999937,32001.349999999937
2026-08-05 19:44:00,32179.559999999936,32611.49999999993
2026-08-05 20:44:00,32271.159999999934,32697.899999999936
2026-08-05 21:44:00,32451.159999999934,32920.15999999993
2026-08-05 22:44:00,32451.159999999934,32832.939999999944
2026-08-05 23:44:00,32451.159999999934,32724.859999999935
2026-08-06 01:45:00,32555.699999999917,33017.21999999991
2026-08-06 02:45:00,33372.789999999906,33894.4899999999
2026-08-06 03:45:00,33372.789999999906,34025.789999999906
2026-08-06 04:45:00,33804.789999999906,34051.349999999904
2026-08-06 05:45:00,33804.789999999906,34030.109999999906
2026-08-06 06:45:00,33804.789999999906,33946.02999999991
2026-08-06 07:45:00,33804.789999999906,33937.58999999991
2026-08-06 08:45:00,33804.789999999906,33963.46999999991
2026-08-06 09:45:00,33804.789999999906,33930.069999999905
2026-08-06 10:45:00,33804.789999999906,33915.30999999991
2026-08-06 11:45:00,33804.789999999906,33995.709999999905
2026-08-06 12:45:00,33804.789999999906,34000.749999999905
2026-08-06 13:45:00,33804.789999999906,33962.349999999904
2026-08-06 14:45:00,33804.789999999906,33930.94999999991
2026-08-06 15:45:00,33804.789999999906,33967.349999999904
2026-08-06 16:45:00,33475.199999999895,33646.559999999896
2026-08-06 17:45:00,33475.199999999895,33668.879999999896
2026-08-06 18:45:00,32629.459999999897,32727.379999999896
2026-08-06 19:45:00,32629.059999999896,32629.059999999896
2026-08-06 20:45:00,32629.059999999896,32629.059999999896
2026-08-06 21:45:00,32629.059999999896,32629.059999999896
2026-08-06 22:45:00,32629.059999999896,32629.059999999896
2026-08-06 23:45:00,32629.059999999896,32629.059999999896
2026-08-07 01:46:00,32629.059999999896,32629.059999999896
2026-08-07 02:46:00,32629.059999999896,32629.059999999896
2026-08-07 03:46:00,32629.059999999896,32629.059999999896
2026-08-07 04:46:00,32629.059999999896,32629.059999999896
2026-08-07 05:46:00,32629.059999999896,32629.059999999896
2026-08-07 06:46:00,32629.059999999896,32629.059999999896
2026-08-07 07:46:00,32629.059999999896,32629.059999999896
2026-08-07 08:46:00,32629.059999999896,32629.059999999896
2026-08-07 09:46:00,32629.059999999896,32629.059999999896
2026-08-07 10:46:00,32629.059999999896,32629.059999999896
2026-08-07 11:46:00,32629.059999999896,32629.059999999896
2026-08-07 12:46:00,32629.059999999896,32629.059999999896
2026-08-07 13:46:00,32629.059999999896,32629.059999999896
2026-08-07 14:46:00,32629.059999999896,32629.059999999896
2026-08-07 15:46:00,32629.059999999896,32629.059999999896
2026-08-07 16:46:00,32629.059999999896,32629.059999999896
2026-08-07 17:46:00,32629.059999999896,32629.059999999896
2026-08-07 18:46:00,32629.059999999896,32629.059999999896
2026-08-07 19:46:00,32629.059999999896,32629.059999999896
2026-08-07 20:46:00,32629.059999999896,32629.059999999896
2026-08-07 21:46:00,32629.059999999896,32629.059999999896
2026-08-07 22:46:00,32629.059999999896,32629.059999999896
2026-08-07 23:46:00,32629.059999999896,32629.059999999896
2026-08-10 01:47:00,32629.059999999896,32629.059999999896
2026-08-10 02:47:00,32629.059999999896,32629.059999999896
2026-08-10 03:47:00,32629.059999999896,32629.059999999896
2026-08-10 04:47:00,32624.719999999892,32151.999999999927
2026-08-10 05:47:00,32669.179999999895,32809.879999999896
2026-08-10 06:47:00,32763.139999999898,32969.51999999992
2026-08-10 07:47:00,32899.78999999991,33384.1099999999
2026-08-10 08:47:00,33176.73999999992,33824.81999999992
2026-08-10 09:47:00,33176.73999999992,34200.179999999935
2026-08-10 10:47:00,33350.63999999992,34293.67999999992
2026-08-10 11:47:00,33350.63999999992,33983.449999999924
2026-08-10 12:47:00,33350.63999999992,33872.47999999993
2026-08-10 13:47:00,33350.63999999992,33709.66999999992
2026-08-10 14:47:00,33350.63999999992,33656.74999999991
2026-08-10 15:47:00,33348.63999999992,33402.25999999992
2026-08-10 16:47:00,33348.63999999992,33386.29999999992
2026-08-10 17:47:00,33347.93999999992,33347.93999999992
2026-08-10 18:47:00,33347.93999999992,33347.93999999992
2026-08-10 19:47:00,33347.93999999992,33347.93999999992
2026-08-10 20:47:00,33347.93999999992,33347.93999999992
2026-08-10 21:47:00,33347.93999999992,33347.93999999992
2026-08-10 22:47:00,33347.93999999992,33347.93999999992
2026-08-10 23:47:00,33347.93999999992,33347.93999999992
2026-08-11 01:48:00,33347.93999999992,33347.93999999992
2026-08-11 02:48:00,33347.93999999992,33347.93999999992
2026-08-11 03:48:00,33347.93999999992,33347.93999999992
2026-08-11 04:48:00,33005.77999999993,33005.77999999993
2026-08-11 05:48:00,33005.77999999993,33005.77999999993
2026-08-11 06:48:00,33096.73999999993,33290.659999999945
2026-08-11 07:48:00,33093.53999999995,33093.53999999995
2026-08-11 08:48:00,33093.53999999995,33093.53999999995
2026-08-11 09:48:00,33093.53999999995,33093.53999999995
2026-08-11 10:48:00,33093.53999999995,33093.53999999995
2026-08-11 11:48:00,33093.53999999995,33093.53999999995
2026-08-11 12:48:00,33093.53999999995,33093.53999999995
2026-08-11 13:48:00,33093.53999999995,33093.53999999995
2026-08-11 14:48:00,33093.53999999995,33093.53999999995
2026-08-11 15:48:00,33093.53999999995,33093.53999999995
2026-08-11 16:48:00,33093.53999999995,33093.53999999995
2026-08-11 17:48:00,33093.53999999995,33093.53999999995
2026-08-11 18:48:00,33093.53999999995,33093.53999999995
2026-08-11 19:48:00,33093.53999999995,33093.53999999995
2026-08-11 20:48:00,33093.53999999995,33093.53999999995
2026-08-11 21:48:00,33093.53999999995,33093.53999999995
2026-08-11 22:48:00,33093.53999999995,33093.53999999995
2026-08-11 23:48:00,33093.53999999995,33093.53999999995
2026-08-12 01:49:00,33093.53999999995,33093.53999999995
2026-08-12 02:49:00,33093.53999999995,33093.53999999995
2026-08-12 03:49:00,33093.53999999995,33093.53999999995
2026-08-12 04:49:00,33093.53999999995,33093.53999999995
2026-08-12 05:49:00,33093.53999999995,33093.53999999995
2026-08-12 06:49:00,33093.53999999995,33093.53999999995
2026-08-12 07:49:00,33093.53999999995,33093.53999999995
2026-08-12 08:49:00,33227.309999999925,33227.309999999925
2026-08-12 09:49:00,33227.309999999925,33227.309999999925
2026-08-12 10:49:00,33227.309999999925,33227.309999999925
2026-08-12 11:49:00,33227.309999999925,33227.309999999925
2026-08-12 12:49:00,33227.309999999925,33227.309999999925
2026-08-12 13:49:00,33227.309999999925,33227.309999999925
2026-08-12 14:49:00,33227.309999999925,33227.309999999925
2026-08-12 15:49:00,33550.19999999995,33550.19999999995
2026-08-12 16:49:00,33550.19999999995,33550.19999999995
2026-08-12 17:49:00,33550.19999999995,33550.19999999995
2026-08-12 18:49:00,33550.19999999995,33550.19999999995
2026-08-12 19:49:00,33550.19999999995,33550.19999999995
2026-08-12 20:49:00,33550.19999999995,33550.19999999995
2026-08-12 21:49:00,33550.19999999995,33550.19999999995
2026-08-12 22:49:00,33550.19999999995,33550.19999999995
2026-08-12 23:49:00,33550.19999999995,33550.19999999995
2026-08-13 01:50:00,33550.19999999995,33550.19999999995
2026-08-13 02:50:00,33550.19999999995,33550.19999999995
2026-08-13 03:50:00,33550.19999999995,33550.19999999995
2026-08-13 04:50:00,33550.19999999995,33550.19999999995
2026-08-13 05:50:00,33550.19999999995,33550.19999999995
2026-08-13 06:50:00,33550.19999999995,33550.19999999995
2026-08-13 07:50:00,33550.19999999995,33550.19999999995
2026-08-13 08:50:00,33550.19999999995,33550.19999999995
2026-08-13 09:50:00,33550.19999999995,33550.19999999995
2026-08-13 10:50:00,33550.19999999995,33550.19999999995
2026-08-13 11:50:00,33550.19999999995,33550.19999999995
2026-08-13 12:50:00,33550.19999999995,33550.19999999995
2026-08-13 13:50:00,33550.19999999995,33550.19999999995
2026-08-13 14:50:00,33550.19999999995,33550.19999999995
2026-08-13 15:50:00,33684.49999999997,33684.49999999997
2026-08-13 16:50:00,33684.49999999997,33684.49999999997
2026-08-13 17:50:00,33684.49999999997,33684.49999999997
2026-08-13 18:50:00,33684.49999999997,33684.49999999997
2026-08-13 19:50:00,33684.49999999997,33684.49999999997
2026-08-13 20:50:00,33684.49999999997,33684.49999999997
2026-08-13 21:50:00,33684.49999999997,33684.49999999997
2026-08-13 22:50:00,33684.49999999997,33684.49999999997
2026-08-13 23:50:00,33684.49999999997,33684.49999999997
2026-08-14 01:51:00,33684.49999999997,33684.49999999997
2026-08-14 02:51:00,33684.49999999997,33684.49999999997
2026-08-14 03:51:00,33684.49999999997,33684.49999999997
2026-08-14 04:51:00,33684.49999999997,33684.49999999997
2026-08-14 05:51:00,33684.49999999997,33684.49999999997
2026-08-14 06:51:00,33684.49999999997,33684.49999999997
2026-08-14 07:51:00,33684.49999999997,33684.49999999997
2026-08-14 08:51:00,33684.49999999997,33684.49999999997
2026-08-14 09:51:00,33684.49999999997,33684.49999999997
2026-08-14 10:51:00,33684.49999999997,33684.49999999997
2026-08-14 11:51:00,33684.49999999997,33684.49999999997
2026-08-14 12:51:00,33684.49999999997,33684.49999999997
2026-08-14 13:51:00,33684.49999999997,33684.49999999997
2026-08-14 14:51:00,33684.49999999997,33684.49999999997
2026-08-14 15:51:00,33684.49999999997,33684.49999999997
2026-08-14 16:51:00,33682.53999999997,33744.69999999995
2026-08-14 17:51:00,33729.36999999998,33729.36999999998
2026-08-14 18:51:00,33729.36999999998,33729.36999999998
2026-08-14 19:51:00,33729.36999999998,33729.36999999998
2026-08-14 20:51:00,33729.36999999998,33729.36999999998
2026-08-14 21:51:00,33729.36999999998,33729.36999999998
2026-08-14 22:51:00,33729.36999999998,33729.36999999998
2026-08-14 23:51:00,33729.36999999998,33729.36999999998
2026-08-17 01:52:00,33729.36999999998,33729.36999999998
2026-08-17 02:52:00,33729.36999999998,33729.36999999998
2026-08-17 03:52:00,33729.36999999998,33729.36999999998
2026-08-17 04:52:00,33729.36999999998,33729.36999999998
2026-08-17 05:52:00,33729.36999999998,33729.36999999998
2026-08-17 06:52:00,33729.36999999998,33729.36999999998
2026-08-17 07:52:00,33729.36999999998,33729.36999999998
2026-08-17 08:52:00,33729.36999999998,33729.36999999998
2026-08-17 09:52:00,33729.36999999998,33729.36999999998
2026-08-17 10:52:00,33729.36999999998,33729.36999999998
2026-08-17 11:52:00,33729.36999999998,33729.36999999998
2026-08-17 12:52:00,33729.36999999998,33729.36999999998
2026-08-17 13:52:00,33729.36999999998,33729.36999999998
2026-08-17 14:52:00,33729.36999999998,33729.36999999998
2026-08-17 15:52:00,33927.26999999993,33896.48999999993
2026-08-17 16:52:00,34033.42999999992,34219.76999999992
2026-08-17 17:52:00,34139.589999999924,34370.09999999992
2026-08-17 18:52:00,34139.589999999924,34406.49999999993
2026-08-17 19:52:00,34139.589999999924,34397.74999999993
2026-08-17 20:52:00,34139.589999999924,34362.46999999992
2026-08-17 21:52:00,34139.589999999924,34286.239999999925
2026-08-17 22:52:00,34139.589999999924,34361.769999999924
2026-08-17 23:52:00,34139.589999999924,34345.59999999992
2026-08-18 01:53:00,34136.089999999924,34331.10999999992
2026-08-18 02:53:00,34136.089999999924,34396.699999999924
2026-08-18 03:53:00,34445.699999999924,34445.699999999924
2026-08-18 04:53:00,34445.699999999924,34445.699999999924
2026-08-18 05:53:00,34445.699999999924,34445.699999999924
2026-08-18 06:53:00,34445.699999999924,34445.699999999924
2026-08-18 07:53:00,34445.699999999924,34445.699999999924
2026-08-18 08:53:00,34445.699999999924,34445.699999999924
2026-08-18 09:53:00,34445.699999999924,34445.699999999924
2026-08-18 10:53:00,34445.699999999924,34445.699999999924
2026-08-18 11:53:00,34445.699999999924,34445.699999999924
2026-08-18 12:53:00,34445.699999999924,34445.699999999924
2026-08-18 13:53:00,34445.699999999924,34445.699999999924
2026-08-18 14:53:00,34445.699999999924,34445.699999999924
2026-08-18 15:53:00,34445.699999999924,34445.699999999924
2026-08-18 16:53:00,34445.699999999924,34445.699999999924
2026-08-18 17:53:00,34513.19999999994,34513.19999999994
2026-08-18 18:53:00,34513.19999999994,34513.19999999994
2026-08-18 19:53:00,34513.19999999994,34513.19999999994
2026-08-18 20:53:00,34513.19999999994,34513.19999999994
2026-08-18 21:53:00,34513.19999999994,34513.19999999994
2026-08-18 22:53:00,34513.19999999994,34513.19999999994
2026-08-18 23:53:00,34513.19999999994,34513.19999999994
2026-08-19 01:54:00,34513.19999999994,34513.19999999994
2026-08-19 02:54:00,34513.19999999994,34513.19999999994
2026-08-19 03:54:00,34513.19999999994,34513.19999999994
2026-08-19 04:54:00,34550.199999999924,34550.199999999924
2026-08-19 05:54:00,34550.199999999924,34550.199999999924
2026-08-19 06:54:00,34550.199999999924,34550.199999999924
2026-08-19 07:54:00,34550.199999999924,34550.199999999924
2026-08-19 08:54:00,34550.199999999924,34550.199999999924
2026-08-19 09:54:00,34550.199999999924,34550.199999999924
2026-08-19 10:54:00,34550.199999999924,34550.199999999924
2026-08-19 11:54:00,34550.199999999924,34550.199999999924
2026-08-19 12:54:00,34550.199999999924,34550.199999999924
2026-08-19 13:54:00,34550.199999999924,34550.199999999924
2026-08-19 14:54:00,34550.199999999924,34550.199999999924
2026-08-19 15:54:00,33861.049999999916,33861.049999999916
2026-08-19 16:54:00,33861.049999999916,33861.049999999916
2026-08-19 17:54:00,33861.049999999916,33861.049999999916
2026-08-19 18:54:00,33861.049999999916,33861.049999999916
2026-08-19 19:54:00,33861.049999999916,33861.049999999916
2026-08-19 20:54:00,33861.049999999916,33861.049999999916
2026-08-19 21:54:00,33861.049999999916,33861.049999999916
2026-08-19 22:54:00,33861.049999999916,33861.049999999916
2026-08-19 23:54:00,33861.049999999916,33861.049999999916
2026-08-20 01:55:00,33861.049999999916,33861.049999999916
2026-08-20 02:55:00,33879.25999999993,33879.25999999993
2026-08-20 03:55:00,33879.25999999993,33879.25999999993
2026-08-20 04:55:00,33875.68999999993,33789.25999999994
2026-08-20 05:55:00,33967.84999999993,34061.089999999924
2026-08-20 06:55:00,33967.84999999993,34230.34999999993
2026-08-20 07:55:00,33965.749999999935,33965.749999999935
2026-08-20 08:55:00,33965.749999999935,33965.749999999935
2026-08-20 09:55:00,33965.749999999935,33965.749999999935
2026-08-20 10:55:00,33965.749999999935,33965.749999999935
2026-08-20 11:55:00,33965.749999999935,33965.749999999935
2026-08-20 12:55:00,33965.749999999935,33965.749999999935
2026-08-20 13:55:00,33965.749999999935,33965.749999999935
2026-08-20 14:55:00,33965.749999999935,33965.749999999935
2026-08-20 15:55:00,33965.749999999935,33965.749999999935
2026-08-20 16:55:00,33965.749999999935,33965.749999999935
2026-08-20 17:55:00,33965.749999999935,33965.749999999935
2026-08-20 18:55:00,33965.749999999935,33965.749999999935
2026-08-20 19:55:00,33965.749999999935,33965.749999999935
2026-08-20 20:55:00,33965.749999999935,33965.749999999935
2026-08-20 21:55:00,33965.749999999935,33965.749999999935
2026-08-20 22:55:00,33965.749999999935,33965.749999999935
2026-08-20 23:55:00,33965.749999999935,33965.749999999935
2026-08-21 01:56:00,33965.749999999935,33965.749999999935
2026-08-21 02:56:00,33965.749999999935,33965.749999999935
2026-08-21 03:56:00,33965.749999999935,33965.749999999935
2026-08-21 04:56:00,33965.749999999935,33965.749999999935
2026-08-21 05:56:00,33965.749999999935,33965.749999999935
2026-08-21 06:56:00,33963.15999999994,34023.46999999991
2026-08-21 07:56:00,34110.03999999993,34300.98999999992
2026-08-21 08:56:00,34108.13999999993,34108.13999999993
2026-08-21 09:56:00,34108.13999999993,34108.13999999993
2026-08-21 10:56:00,34108.13999999993,34108.13999999993
2026-08-21 11:56:00,34108.13999999993,34108.13999999993
2026-08-21 12:56:00,34108.13999999993,34108.13999999993
2026-08-21 13:56:00,34108.13999999993,34108.13999999993
2026-08-21 14:56:00,34108.13999999993,34108.13999999993
2026-08-21 15:56:00,34148.769999999895,34148.769999999895
2026-08-21 16:56:00,34148.769999999895,34148.769999999895
2026-08-21 17:56:00,34148.769999999895,34148.769999999895
2026-08-21 18:56:00,34148.769999999895,34148.769999999895
2026-08-21 19:56:00,34148.769999999895,34148.769999999895
2026-08-21 20:56:00,34148.769999999895,34148.769999999895
2026-08-21 21:56:00,34148.769999999895,34148.769999999895
2026-08-21 22:56:00,34148.769999999895,34148.769999999895
2026-08-21 23:56:00,34148.769999999895,34148.769999999895
2026-08-24 01:57:00,34148.769999999895,34148.769999999895
2026-08-24 02:57:00,34148.769999999895,34148.769999999895
2026-08-24 03:57:00,34147.299999999894,34051.3299999999
2026-08-24 04:57:00,33814.23999999991,33814.23999999991
2026-08-24 05:57:00,33814.23999999991,33814.23999999991
2026-08-24 06:57:00,33814.23999999991,33814.23999999991
2026-08-24 07:57:00,33814.23999999991,33814.23999999991
2026-08-24 08:57:00,33814.23999999991,33814.23999999991
2026-08-24 09:57:00,33814.23999999991,33814.23999999991
2026-08-24 10:57:00,33814.23999999991,33814.23999999991
2026-08-24 11:57:00,33814.23999999991,33814.23999999991
2026-08-24 12:57:00,33814.23999999991,33814.23999999991
2026-08-24 13:57:00,33814.23999999991,33814.23999999991
2026-08-24 14:57:00,33814.23999999991,33814.23999999991
2026-08-24 15:57:00,33814.23999999991,33814.23999999991
2026-08-24 16:57:00,33814.23999999991,33814.23999999991
2026-08-24 17:57:00,33814.23999999991,33814.23999999991
2026-08-24 18:57:00,33814.23999999991,33814.23999999991
2026-08-24 19:57:00,33814.23999999991,33814.23999999991
2026-08-24 20:57:00,33814.23999999991,33814.23999999991
2026-08-24 21:57:00,33880.19999999991,33880.19999999991
2026-08-24 22:57:00,33880.19999999991,33880.19999999991
2026-08-24 23:57:00,33880.19999999991,33880.19999999991
2026-08-25 01:58:00,33880.19999999991,33880.19999999991
2026-08-25 02:58:00,33880.19999999991,33880.19999999991
2026-08-25 03:58:00,33880.19999999991,33880.19999999991
2026-08-25 04:58:00,33880.19999999991,33880.19999999991
2026-08-25 05:58:00,33880.19999999991,33880.19999999991
2026-08-25 06:58:00,33880.19999999991,33880.19999999991
2026-08-25 07:58:00,33880.19999999991,33880.19999999991
2026-08-25 08:58:00,33880.19999999991,33880.19999999991
2026-08-25 09:58:00,33880.19999999991,33880.19999999991
2026-08-25 10:58:00,33880.19999999991,33880.19999999991
2026-08-25 11:58:00,33880.19999999991,33880.19999999991
2026-08-25 12:58:00,33880.19999999991,33880.19999999991
2026-08-25 13:58:00,33880.19999999991,33880.19999999991
2026-08-25 14:58:00,33880.19999999991,33880.19999999991
2026-08-25 15:58:00,33880.19999999991,33880.19999999991
2026-08-25 16:58:00,33880.19999999991,33880.19999999991
2026-08-25 17:58:00,33880.19999999991,33880.19999999991
2026-08-25 18:58:00,33879.42999999991,33911.76999999991
2026-08-25 19:58:00,33879.42999999991,34018.02999999992
2026-08-25 20:58:00,33915.42999999991,33970.23999999992
2026-08-25 21:58:00,33914.52999999992,33914.52999999992
2026-08-25 22:58:00,33914.52999999992,33914.52999999992
2026-08-25 23:58:00,33914.52999999992,33914.52999999992
2026-08-26 01:59:00,33914.52999999992,33914.52999999992
2026-08-26 02:59:00,33914.52999999992,33914.52999999992
2026-08-26 03:59:00,33914.52999999992,33914.52999999992
2026-08-26 04:59:00,33914.52999999992,33914.52999999992
2026-08-26 05:59:00,33914.52999999992,33914.52999999992
2026-08-26 06:59:00,33914.52999999992,33914.52999999992
2026-08-26 07:59:00,33914.52999999992,33914.52999999992
2026-08-26 08:59:00,33914.52999999992,33914.52999999992
2026-08-26 09:59:00,33914.52999999992,33914.52999999992
2026-08-26 10:59:00,33914.52999999992,33914.52999999992
2026-08-26 11:59:00,33956.87999999992,34070.1599999999
2026-08-26 12:59:00,33954.47999999991,33954.47999999991
2026-08-26 13:59:00,33954.47999999991,33954.47999999991
2026-08-26 14:59:00,33954.47999999991,33954.47999999991
2026-08-26 15:59:00,33954.47999999991,33954.47999999991
2026-08-26 16:59:00,33954.47999999991,33954.47999999991
2026-08-26 17:59:00,33954.47999999991,33954.47999999991
2026-08-26 18:59:00,33954.47999999991,33954.47999999991
2026-08-26 19:59:00,33954.47999999991,33954.47999999991
2026-08-26 20:59:00,33954.47999999991,33954.47999999991
2026-08-26 21:59:00,33954.47999999991,33954.47999999991
2026-08-26 22:59:00,33954.47999999991,33954.47999999991
2026-08-27 01:00:00,33954.47999999991,33954.47999999991
2026-08-27 02:00:00,33953.359999999906,33966.639999999905
2026-08-27 03:00:00,33953.359999999906,33734.639999999905
2026-08-27 04:00:00,33953.359999999906,34040.07999999991
2026-08-27 05:00:00,33627.11999999991,33627.11999999991
2026-08-27 06:00:00,33627.11999999991,33627.11999999991
2026-08-27 07:00:00,33627.11999999991,33627.11999999991
2026-08-27 08:00:00,33627.11999999991,33627.11999999991
2026-08-27 09:00:00,33459.3599999999,33459.3599999999
2026-08-27 10:00:00,33459.3599999999,33459.3599999999
2026-08-27 11:00:00,33459.3599999999,33459.3599999999
2026-08-27 12:00:00,33459.3599999999,33459.3599999999
2026-08-27 13:00:00,33459.3599999999,33459.3599999999
2026-08-27 14:00:00,33459.3599999999,33459.3599999999
2026-08-27 15:00:00,33459.3599999999,33459.3599999999
2026-08-27 16:00:00,33459.3599999999,33459.3599999999
2026-08-27 17:00:00,33561.04999999996,33561.04999999996
2026-08-27 18:00:00,33561.04999999996,33561.04999999996
2026-08-27 19:00:00,33561.04999999996,33561.04999999996
2026-08-27 20:00:00,33561.04999999996,33561.04999999996
2026-08-27 21:00:00,33561.04999999996,33561.04999999996
2026-08-27 22:00:00,33561.04999999996,33561.04999999996
2026-08-27 23:00:00,33561.04999999996,33561.04999999996
2026-08-28 01:01:00,33561.04999999996,33561.04999999996
2026-08-28 02:01:00,33561.04999999996,33561.04999999996
2026-08-28 03:01:00,33557.61999999996,33560.559999999976
2026-08-28 04:01:00,33594.359999999964,33594.359999999964
2026-08-28 05:01:00,33594.359999999964,33594.359999999964
2026-08-28 06:01:00,33594.359999999964,33594.359999999964
2026-08-28 07:01:00,33594.359999999964,33594.359999999964
2026-08-28 08:01:00,33594.359999999964,33594.359999999964
2026-08-28 09:01:00,33594.359999999964,33594.359999999964
2026-08-28 10:01:00,33594.359999999964,33594.359999999964
2026-08-28 11:01:00,33594.359999999964,33594.359999999964
2026-08-28 12:01:00,33594.359999999964,33594.359999999964
2026-08-28 13:01:00,33594.359999999964,33594.359999999964
2026-08-28 14:01:00,33594.359999999964,33594.359999999964
2026-08-28 15:01:00,33661.12999999994,33661.12999999994
2026-08-28 16:01:00,33661.12999999994,33661.12999999994
2026-08-28 17:01:00,33661.12999999994,33661.12999999994
2026-08-28 18:01:00,33661.12999999994,33661.12999999994
2026-08-28 19:01:00,33661.12999999994,33661.12999999994
2026-08-28 20:01:00,33661.12999999994,33661.12999999994
2026-08-28 21:01:00,33661.12999999994,33661.12999999994
2026-08-28 22:01:00,33661.12999999994,33661.12999999994
2026-08-28 23:01:00,33661.12999999994,33661.12999999994
2026-08-31 01:02:00,33661.12999999994,33661.12999999994
2026-08-31 02:02:00,33661.12999999994,33661.12999999994
2026-08-31 03:02:00,33661.12999999994,33661.12999999994
2026-08-31 04:02:00,33661.12999999994,33661.12999999994
2026-08-31 05:02:00,33661.12999999994,33661.12999999994
2026-08-31 06:02:00,33659.729999999945,33796.729999999945
2026-08-31 07:02:00,33705.16999999995,33711.82999999994
2026-08-31 08:02:00,33753.049999999945,34104.589999999924
2026-08-31 09:02:00,34055.359999999935,34509.13999999993
2026-08-31 10:02:00,34055.359999999935,34594.189999999915
2026-08-31 11:02:00,34080.399999999936,34874.24999999994
2026-08-31 12:02:00,34105.709999999934,34605.339999999924
2026-08-31 13:02:00,34105.709999999934,34798.839999999924
2026-08-31 14:02:00,34105.709999999934,35041.589999999924
2026-08-31 15:02:00,34599.60999999993,35112.46999999993
2026-08-31 16:02:00,34599.60999999993,34840.589999999924
2026-08-31 17:02:00,34598.60999999993,34636.64999999993
2026-08-31 18:02:00,34598.60999999993,34670.76999999993
2026-08-31 19:02:00,34598.60999999993,34680.56999999993
2026-08-31 20:02:00,34598.60999999993,34686.849999999926
2026-08-31 21:02:00,34598.60999999993,34683.40999999993
2026-08-31 22:02:00,34598.60999999993,34679.169999999925
2026-08-31 23:02:00,34598.60999999993,34770.68999999993
2026-09-01 01:03:00,34596.60999999993,34759.36999999992
2026-09-01 02:03:00,34596.60999999993,34738.529999999926
2026-09-01 03:03:00,34596.60999999993,34758.169999999925
2026-09-01 04:03:00,34596.60999999993,34747.60999999993
2026-09-01 05:03:00,34596.60999999993,34731.24999999993
2026-09-01 06:03:00,34596.60999999993,34710.12999999993
2026-09-01 07:03:00,34596.60999999993,34697.48999999993
2026-09-01 08:03:00,34596.60999999993,34668.20999999993
2026-09-01 09:03:00,34596.60999999993,34697.12999999993
2026-09-01 10:03:00,34596.60999999993,34679.449999999924
2026-09-01 11:03:00,34596.60999999993,34603.089999999924
2026-09-01 12:03:00,34596.209999999934,34596.209999999934
2026-09-01 13:03:00,34596.209999999934,34596.209999999934
2026-09-01 14:03:00,34596.209999999934,34596.209999999934
2026-09-01 15:03:00,34596.209999999934,34596.209999999934
2026-09-01 16:03:00,34596.209999999934,34596.209999999934
2026-09-01 17:03:00,34596.209999999934,34596.209999999934
2026-09-01 18:03:00,34596.209999999934,34596.209999999934
2026-09-01 19:03:00,34596.209999999934,34596.209999999934
2026-09-01 20:03:00,34596.209999999934,34596.209999999934
2026-09-01 21:03:00,34596.209999999934,34596.209999999934
2026-09-01 22:03:00,34596.209999999934,34596.209999999934
2026-09-01 23:03:00,34596.209999999934,34596.209999999934
2026-09-02 01:04:00,34596.209999999934,34596.209999999934
2026-09-02 02:04:00,34596.209999999934,34596.209999999934
2026-09-02 03:04:00,34596.209999999934,34596.209999999934
2026-09-02 04:04:00,34596.209999999934,34596.209999999934
2026-09-02 05:04:00,34596.209999999934,34596.209999999934
2026-09-02 06:04:00,34596.209999999934,34596.209999999934
2026-09-02 07:04:00,34596.209999999934,34596.209999999934
2026-09-02 08:04:00,34596.209999999934,34596.209999999934
2026-09-02 09:04:00,34596.209999999934,34596.209999999934
2026-09-02 10:04:00,34596.209999999934,34596.209999999934
2026-09-02 11:04:00,34596.209999999934,34596.209999999934
2026-09-02 12:04:00,34596.209999999934,34596.209999999934
2026-09-02 13:04:00,34596.209999999934,34596.209999999934
2026-09-02 14:04:00,34596.209999999934,34596.209999999934
2026-09-02 15:04:00,34596.209999999934,34596.209999999934
2026-09-02 16:04:00,34596.209999999934,34596.209999999934
2026-09-02 17:04:00,34596.209999999934,34596.209999999934
2026-09-02 18:04:00,34243.40999999993,34243.40999999993
2026-09-02 19:04:00,34243.40999999993,34243.40999999993
2026-09-02 20:04:00,34243.40999999993,34243.40999999993
2026-09-02 21:04:00,34243.40999999993,34243.40999999993
2026-09-02 22:04:00,34243.40999999993,34243.40999999993
2026-09-02 23:04:00,34243.40999999993,34243.40999999993
2026-09-03 01:05:00,34243.40999999993,34243.40999999993
2026-09-03 02:05:00,34243.40999999993,34243.40999999993
2026-09-03 03:05:00,34243.40999999993,34243.40999999993
2026-09-03 04:05:00,34243.40999999993,34243.40999999993
2026-09-03 05:05:00,34243.40999999993,34243.40999999993
2026-09-03 06:05:00,34243.40999999993,34243.40999999993
2026-09-03 07:05:00,34243.40999999993,34243.40999999993
2026-09-03 08:05:00,34243.40999999993,34243.40999999993
2026-09-03 09:05:00,34243.40999999993,34243.40999999993
2026-09-03 10:05:00,34243.40999999993,34243.40999999993
2026-09-03 11:05:00,34243.40999999993,34243.40999999993
2026-09-03 12:05:00,34243.40999999993,34243.40999999993
2026-09-03 13:05:00,34243.40999999993,34243.40999999993
2026-09-03 14:05:00,34243.40999999993,34243.40999999993
2026-09-03 15:05:00,34243.40999999993,34243.40999999993
2026-09-03 16:05:00,34243.12999999993,34226.36999999994
2026-09-03 17:05:00,34265.16999999993,34326.12999999993
2026-09-03 18:05:00,34264.86999999994,34264.86999999994
2026-09-03 19:05:00,34288.88999999994,34372.64999999994
2026-09-03 20:05:00,34288.88999999994,34381.229999999945
2026-09-03 21:05:00,34288.88999999994,34400.42999999994
2026-09-03 22:05:00,34338.049999999945,34450.409999999945
2026-09-03 23:05:00,34338.049999999945,34462.089999999946
2026-09-04 01:06:00,34338.64999999994,34446.88999999994
2026-09-04 02:06:00,34338.64999999994,34462.56999999995
2026-09-04 03:06:00,34338.64999999994,34424.84999999995
2026-09-04 04:06:00,34338.64999999994,34444.52999999994
2026-09-04 05:06:00,34338.64999999994,34435.44999999994
2026-09-04 06:06:00,34338.64999999994,34459.16999999995
2026-09-04 07:06:00,34338.64999999994,34481.52999999994
2026-09-04 08:06:00,34338.64999999994,34477.729999999945
2026-09-04 09:06:00,34338.64999999994,34469.48999999995
2026-09-04 10:06:00,34338.64999999994,34490.409999999945
2026-09-04 11:06:00,34338.64999999994,34419.409999999945
2026-09-04 12:06:00,34338.64999999994,34456.32999999994
2026-09-04 13:06:00,34338.64999999994,34476.28999999994
2026-09-04 14:06:00,34338.64999999994,34471.369999999944
2026-09-04 15:06:00,34338.64999999994,34475.80999999994
2026-09-04 16:06:00,34287.15999999993,34287.15999999993
2026-09-04 17:06:00,34287.15999999993,34287.15999999993
2026-09-04 18:06:00,34287.15999999993,34287.15999999993
2026-09-04 19:06:00,34287.15999999993,34287.15999999993
2026-09-04 20:06:00,34287.15999999993,34287.15999999993
2026-09-04 21:06:00,34287.15999999993,34287.15999999993
2026-09-04 22:06:00,34287.15999999993,34287.15999999993
2026-09-04 23:06:00,34287.15999999993,34287.15999999993
2026-09-04 23:58:00,34287.15999999993,34287.15999999993
