time,balance,equity
2026-03-02 01:00:00,10000.0,10000.0
2026-03-02 02:00:00,10000.0,10000.0
2026-03-02 03:00:00,10000.0,10000.0
2026-03-02 04:00:00,10000.0,10000.0
2026-03-02 05:00:00,10000.0,10000.0
2026-03-02 06:00:00,10000.0,10000.0
2026-03-02 07:00:00,10000.0,10000.0
2026-03-02 08:00:00,10000.0,10000.0
2026-03-02 09:00:00,10000.0,10000.0
2026-03-02 10:00:00,10000.0,10000.0
2026-03-02 11:00:00,10000.0,10000.0
2026-03-02 12:00:00,10000.0,10000.0
2026-03-02 13:00:00,10000.0,10000.0
2026-03-02 14:00:00,10000.0,10000.0
2026-03-02 15:00:00,10000.0,10000.0
2026-03-02 16:00:00,10000.0,10000.0
2026-03-02 17:00:00,10000.0,10000.0
2026-03-02 18:00:00,10000.0,10000.0
2026-03-02 19:00:00,10000.0,10000.0
2026-03-02 20:00:00,10000.0,10000.0
2026-03-02 21:00:00,10000.0,10000.0
2026-03-02 22:00:00,10000.0,10000.0
2026-03-02 23:00:00,10000.0,10000.0
2026-03-03 01:01:00,10000.0,10000.0
2026-03-03 02:01:00,10000.0,10000.0
2026-03-03 03:01:00,10000.0,10000.0
2026-03-03 04:01:00,10000.0,10000.0
2026-03-03 05:01:00,10000.0,10000.0
2026-03-03 06:01:00,10000.0,10000.0
2026-03-03 07:01:00,10000.0,10000.0
2026-03-03 08:01:00,10000.0,10000.0
2026-03-03 09:01:00,10000.0,10000.0
2026-03-03 10:01:00,10000.0,10000.0
2026-03-03 11:01:00,10000.0,10000.0
2026-03-03 12:01:00,10000.0,10000.0
2026-03-03 13:01:00,10000.0,10000.0
2026-03-03 14:01:00,10000.0,10000.0
2026-03-03 15:01:00,10000.0,10000.0
2026-03-03 16:01:00,9907.28,9907.28
2026-03-03 17:01:00,9907.28,9907.28
2026-03-03 18:01:00,9907.070000000002,9845.78
2026-03-03 19:01:00,9828.560000000001,9828.560000000001
2026-03-03 20:01:00,9828.560000000001,9828.560000000001
2026-03-03 21:01:00,9828.560000000001,9828.560000000001
2026-03-03 22:01:00,9828.560000000001,9828.560000000001
2026-03-03 23:01:00,9828.560000000001,9828.560000000001
2026-03-04 01:02:00,9828.560000000001,9828.560000000001
2026-03-04 02:02:00,9828.560000000001,9828.560000000001
2026-03-04 03:02:00,9828.560000000001,9828.560000000001
2026-03-04 04:02:00,9828.560000000001,9828.560000000001
2026-03-04 05:02:00,9828.560000000001,9828.560000000001
2026-03-04 06:02:00,9828.560000000001,9828.560000000001
2026-03-04 07:02:00,9828.560000000001,9828.560000000001
2026-03-04 08:02:00,9828.560000000001,9828.560000000001
2026-03-04 09:02:00,9828.560000000001,9828.560000000001
2026-03-04 10:02:00,9828.560000000001,9828.560000000001
2026-03-04 11:02:00,9828.560000000001,9828.560000000001
2026-03-04 12:02:00,9828.560000000001,9828.560000000001
2026-03-04 13:02:00,9828.560000000001,9828.560000000001
2026-03-04 14:02:00,9828.560000000001,9828.560000000001
2026-03-04 15:02:00,9828.560000000001,9828.560000000001
2026-03-04 16:02:00,9858.57,9914.009999999998
2026-03-04 17:02:00,9857.969999999998,9857.969999999998
2026-03-04 18:02:00,9953.129999999997,9953.129999999997
2026-03-04 19:02:00,9953.129999999997,9953.129999999997
2026-03-04 20:02:00,9953.129999999997,9953.129999999997
2026-03-04 21:02:00,9953.129999999997,9953.129999999997
2026-03-04 22:02:00,9953.129999999997,9953.129999999997
2026-03-04 23:02:00,9953.129999999997,9953.129999999997
2026-03-05 01:03:00,9953.129999999997,9953.129999999997
2026-03-05 02:03:00,9953.129999999997,9953.129999999997
2026-03-05 03:03:00,9953.129999999997,9953.129999999997
2026-03-05 04:03:00,9953.129999999997,9953.129999999997
2026-03-05 05:03:00,9953.129999999997,9953.129999999997
2026-03-05 06:03:00,9953.129999999997,9953.129999999997
2026-03-05 07:03:00,9953.129999999997,9953.129999999997
2026-03-05 08:03:00,9953.129999999997,9953.129999999997
2026-03-05 09:03:00,9953.129999999997,9953.129999999997
2026-03-05 10:03:00,9953.129999999997,9953.129999999997
2026-03-05 11:03:00,9953.129999999997,9953.129999999997
2026-03-05 12:03:00,9953.129999999997,9953.129999999997
2026-03-05 13:03:00,9953.129999999997,9953.129999999997
2026-03-05 14:03:00,9953.129999999997,9953.129999999997
2026-03-05 15:03:00,9966.539999999997,9993.899999999994
2026-03-05 16:03:00,9989.099999999995,9989.099999999995
2026-03-05 17:03:00,9989.099999999995,9989.099999999995
2026-03-05 18:03:00,9989.099999999995,9989.099999999995
2026-03-05 19:03:00,9989.099999999995,9989.099999999995
2026-03-05 20:03:00,9989.099999999995,9989.099999999995
2026-03-05 21:03:00,9989.099999999995,9989.099999999995
2026-03-05 22:03:00,9989.099999999995,9989.099999999995
2026-03-05 23:03:00,9989.099999999995,9989.099999999995
2026-03-06 01:04:00,9989.099999999995,9989.099999999995
2026-03-06 02:04:00,9989.099999999995,9989.099999999995
2026-03-06 03:04:00,9989.099999999995,9989.099999999995
2026-03-06 04:04:00,9989.099999999995,9989.099999999995
2026-03-06 05:04:00,9989.099999999995,9989.099999999995
2026-03-06 06:04:00,9989.099999999995,9989.099999999995
2026-03-06 07:04:00,9989.099999999995,9989.099999999995
2026-03-06 08:04:00,9896.619999999997,9896.619999999997
2026-03-06 09:04:00,9896.619999999997,9896.619999999997
2026-03-06 10:04:00,9926.630000000001,9926.630000000001
2026-03-06 11:04:00,9926.630000000001,9926.630000000001
2026-03-06 12:04:00,9926.630000000001,9926.630000000001
2026-03-06 13:04:00,9926.630000000001,9926.630000000001
2026-03-06 14:04:00,9926.630000000001,9926.630000000001
2026-03-06 15:04:00,9926.630000000001,9926.630000000001
2026-03-06 16:04:00,9926.630000000001,9926.630000000001
2026-03-06 17:04:00,9926.630000000001,9926.630000000001
2026-03-06 18:04:00,9926.630000000001,9926.630000000001
2026-03-06 19:04:00,9926.630000000001,9926.630000000001
2026-03-06 20:04:00,9926.630000000001,9926.630000000001
2026-03-06 21:04:00,9926.630000000001,9926.630000000001
2026-03-06 22:04:00,9926.630000000001,9926.630000000001
2026-03-06 23:04:00,9926.630000000001,9926.630000000001
2026-03-09 00:05:00,9926.630000000001,9926.630000000001
2026-03-09 01:05:00,9926.630000000001,9926.630000000001
2026-03-09 02:05:00,9926.630000000001,9926.630000000001
2026-03-09 03:05:00,9926.630000000001,9926.630000000001
2026-03-09 04:05:00,9926.630000000001,9926.630000000001
2026-03-09 05:05:00,9926.630000000001,9926.630000000001
2026-03-09 06:05:00,9926.630000000001,9926.630000000001
2026-03-09 07:05:00,9926.630000000001,9926.630000000001
2026-03-09 08:05:00,9926.630000000001,9926.630000000001
2026-03-09 09:05:00,9926.630000000001,9926.630000000001
2026-03-09 10:05:00,9926.630000000001,9926.630000000001
2026-03-09 11:05:00,9926.630000000001,9926.630000000001
2026-03-09 12:05:00,9926.630000000001,9926.630000000001
2026-03-09 13:05:00,9926.630000000001,9926.630000000001
2026-03-09 14:05:00,9926.630000000001,9926.630000000001
2026-03-09 15:05:00,9926.630000000001,9926.630000000001
2026-03-09 16:05:00,9926.630000000001,9926.630000000001
2026-03-09 17:05:00,9926.630000000001,9926.630000000001
2026-03-09 18:05:00,9926.630000000001,9926.630000000001
2026-03-09 19:05:00,9926.630000000001,9926.630000000001
2026-03-09 20:05:00,9926.630000000001,9926.630000000001
2026-03-09 21:05:00,9926.630000000001,9926.630000000001
2026-03-09 22:05:00,9926.630000000001,9926.630000000001
2026-03-10 00:06:00,9926.630000000001,9926.630000000001
2026-03-10 01:06:00,9926.630000000001,9926.630000000001
2026-03-10 02:06:00,9926.630000000001,9926.630000000001
2026-03-10 03:06:00,9926.630000000001,9926.630000000001
2026-03-10 04:06:00,9926.630000000001,9926.630000000001
2026-03-10 05:06:00,9926.630000000001,9926.630000000001
2026-03-10 06:06:00,9939.869999999999,9907.669999999996
2026-03-10 07:06:00,10017.629999999996,10017.629999999996
2026-03-10 08:06:00,10017.629999999996,10017.629999999996
2026-03-10 09:06:00,10017.629999999996,10017.629999999996
2026-03-10 10:06:00,10017.629999999996,10017.629999999996
2026-03-10 11:06:00,10017.629999999996,10017.629999999996
2026-03-10 12:06:00,10017.629999999996,10017.629999999996
2026-03-10 13:06:00,10017.629999999996,10017.629999999996
2026-03-10 14:06:00,10017.629999999996,10017.629999999996
2026-03-10 15:06:00,10017.629999999996,10017.629999999996
2026-03-10 16:06:00,10017.629999999996,10017.629999999996
2026-03-10 17:06:00,10017.629999999996,10017.629999999996
2026-03-10 18:06:00,10017.629999999996,10017.629999999996
2026-03-10 19:06:00,10017.629999999996,10017.629999999996
2026-03-10 20:06:00,10017.629999999996,10017.629999999996
2026-03-10 21:06:00,10017.629999999996,10017.629999999996
2026-03-10 22:06:00,10017.629999999996,10017.629999999996
2026-03-11 00:07:00,10017.629999999996,10017.629999999996
2026-03-11 01:07:00,10017.629999999996,10017.629999999996
2026-03-11 02:07:00,10017.629999999996,10017.629999999996
2026-03-11 03:07:00,10017.629999999996,10017.629999999996
2026-03-11 04:07:00,10016.929999999995,10012.429999999997
2026-03-11 05:07:00,10123.219999999998,10123.219999999998
2026-03-11 06:07:00,10123.219999999998,10123.219999999998
2026-03-11 07:07:00,10123.219999999998,10123.219999999998
2026-03-11 08:07:00,10123.219999999998,10123.219999999998
2026-03-11 09:07:00,10123.219999999998,10123.219999999998
2026-03-11 10:07:00,10123.219999999998,10123.219999999998
2026-03-11 11:07:00,10123.219999999998,10123.219999999998
2026-03-11 12:07:00,10123.219999999998,10123.219999999998
2026-03-11 13:07:00,10123.219999999998,10123.219999999998
2026-03-11 14:07:00,10123.219999999998,10123.219999999998
2026-03-11 15:07:00,10123.219999999998,10123.219999999998
2026-03-11 16:07:00,10123.219999999998,10123.219999999998
2026-03-11 17:07:00,10123.219999999998,10123.219999999998
2026-03-11 18:07:00,10123.219999999998,10123.219999999998
2026-03-11 19:07:00,10123.219999999998,10123.219999999998
2026-03-11 20:07:00,10153.489999999998,10222.489999999998
2026-03-11 21:07:00,10209.739999999998,10209.739999999998
2026-03-11 22:07:00,10209.739999999998,10209.739999999998
2026-03-12 00:08:00,10209.739999999998,10209.739999999998
2026-03-12 01:08:00,10209.739999999998,10209.739999999998
2026-03-12 02:08:00,10209.739999999998,10209.739999999998
2026-03-12 03:08:00,10209.739999999998,10209.739999999998
2026-03-12 04:08:00,10209.739999999998,10209.739999999998
2026-03-12 05:08:00,10209.739999999998,10209.739999999998
2026-03-12 06:08:00,10209.739999999998,10209.739999999998
2026-03-12 07:08:00,10209.739999999998,10209.739999999998
2026-03-12 08:08:00,10209.739999999998,10209.739999999998
2026-03-12 09:08:00,10209.739999999998,10209.739999999998
2026-03-12 10:08:00,10209.739999999998,10209.739999999998
2026-03-12 11:08:00,10209.739999999998,10209.739999999998
2026-03-12 12:08:00,10209.739999999998,10209.739999999998
2026-03-12 13:08:00,10209.739999999998,10209.739999999998
2026-03-12 14:08:00,10209.739999999998,10209.739999999998
2026-03-12 15:08:00,10209.739999999998,10209.739999999998
2026-03-12 16:08:00,10209.739999999998,10209.739999999998
2026-03-12 17:08:00,10209.739999999998,10209.739999999998
2026-03-12 18:08:00,10209.739999999998,10209.739999999998
2026-03-12 19:08:00,10209.739999999998,10209.739999999998
2026-03-12 20:08:00,10209.739999999998,10209.739999999998
2026-03-12 21:08:00,10209.739999999998,10209.739999999998
2026-03-12 22:08:00,10209.739999999998,10209.739999999998
2026-03-13 00:09:00,10209.739999999998,10209.739999999998
2026-03-13 01:09:00,10209.739999999998,10209.739999999998
2026-03-13 02:09:00,10209.739999999998,10209.739999999998
2026-03-13 03:09:00,10209.739999999998,10209.739999999998
2026-03-13 04:09:00,10209.739999999998,10209.739999999998
2026-03-13 05:09:00,10107.550000000005,10107.550000000005
2026-03-13 06:09:00,10107.550000000005,10107.550000000005
2026-03-13 07:09:00,10107.550000000005,10107.550000000005
2026-03-13 08:09:00,10107.550000000005,10107.550000000005
2026-03-13 09:09:00,10107.550000000005,10107.550000000005
2026-03-13 10:09:00,10107.550000000005,10107.550000000005
2026-03-13 11:09:00,10107.550000000005,10107.550000000005
2026-03-13 12:09:00,10107.550000000005,10107.550000000005
2026-03-13 13:09:00,10107.550000000005,10107.550000000005
2026-03-13 14:09:00,10107.550000000005,10107.550000000005
2026-03-13 15:09:00,10107.550000000005,10107.550000000005
2026-03-13 16:09:00,10107.550000000005,10107.550000000005
2026-03-13 17:09:00,10107.410000000005,10137.930000000004
2026-03-13 18:09:00,10107.410000000005,10082.850000000004
2026-03-13 19:09:00,10107.410000000005,10107.130000000005
2026-03-13 20:09:00,10107.410000000005,10104.110000000004
2026-03-13 21:09:00,10107.410000000005,10095.690000000004
2026-03-13 22:09:00,10037.870000000004,10037.870000000004
2026-03-16 00:10:00,10037.870000000004,10037.870000000004
2026-03-16 01:10:00,10037.870000000004,10037.870000000004
2026-03-16 02:10:00,10037.870000000004,10037.870000000004
2026-03-16 03:10:00,10037.870000000004,10037.870000000004
2026-03-16 04:10:00,10037.870000000004,10037.870000000004
2026-03-16 05:10:00,10037.870000000004,10037.870000000004
2026-03-16 06:10:00,10037.870000000004,10037.870000000004
2026-03-16 07:10:00,10037.870000000004,10037.870000000004
2026-03-16 08:10:00,10037.870000000004,10037.870000000004
2026-03-16 09:10:00,10037.030000000004,10029.350000000011
2026-03-16 10:10:00,9936.110000000006,9936.110000000006
2026-03-16 11:10:00,9936.110000000006,9936.110000000006
2026-03-16 12:10:00,9936.110000000006,9936.110000000006
2026-03-16 13:10:00,9936.110000000006,9936.110000000006
2026-03-16 14:10:00,9936.110000000006,9936.110000000006
2026-03-16 15:10:00,9936.110000000006,9936.110000000006
2026-03-16 16:10:00,9936.110000000006,9936.110000000006
2026-03-16 17:10:00,9936.110000000006,9936.110000000006
2026-03-16 18:10:00,9936.110000000006,9936.110000000006
2026-03-16 19:10:00,9936.110000000006,9936.110000000006
2026-03-16 20:10:00,9936.110000000006,9936.110000000006
2026-03-16 21:10:00,9936.110000000006,9936.110000000006
2026-03-16 22:10:00,9936.110000000006,9936.110000000006
2026-03-17 00:11:00,9936.110000000006,9936.110000000006
2026-03-17 01:11:00,9936.110000000006,9936.110000000006
2026-03-17 02:11:00,9936.110000000006,9936.110000000006
2026-03-17 03:11:00,9936.110000000006,9936.110000000006
2026-03-17 04:11:00,9936.110000000006,9936.110000000006
2026-03-17 05:11:00,9936.110000000006,9936.110000000006
2026-03-17 06:11:00,9936.110000000006,9936.110000000006
2026-03-17 07:11:00,9936.110000000006,9936.110000000006
2026-03-17 08:11:00,10025.84000000001,10025.84000000001
2026-03-17 09:11:00,10025.84000000001,10025.84000000001
2026-03-17 10:11:00,10025.84000000001,10025.84000000001
2026-03-17 11:11:00,10025.84000000001,10025.84000000001
2026-03-17 12:11:00,10025.84000000001,10025.84000000001
2026-03-17 13:11:00,10025.84000000001,10025.84000000001
2026-03-17 14:11:00,10025.84000000001,10025.84000000001
2026-03-17 15:11:00,10025.84000000001,10025.84000000001
2026-03-17 16:11:00,10025.84000000001,10025.84000000001
2026-03-17 17:11:00,10025.84000000001,10025.84000000001
2026-03-17 18:11:00,10025.84000000001,10025.84000000001
2026-03-17 19:11:00,10025.84000000001,10025.84000000001
2026-03-17 20:11:00,10025.84000000001,10025.84000000001
2026-03-17 21:11:00,10025.84000000001,10025.84000000001
2026-03-17 22:11:00,10025.84000000001,10025.84000000001
2026-03-18 00:12:00,10025.84000000001,10025.84000000001
2026-03-18 01:12:00,10025.84000000001,10025.84000000001
2026-03-18 02:12:00,10025.84000000001,10025.84000000001
2026-03-18 03:12:00,10025.84000000001,10025.84000000001
2026-03-18 04:12:00,10025.84000000001,10025.84000000001
2026-03-18 05:12:00,10025.84000000001,10025.84000000001
2026-03-18 06:12:00,10025.84000000001,10025.84000000001
2026-03-18 07:12:00,10025.84000000001,10025.84000000001
2026-03-18 08:12:00,10025.84000000001,10025.84000000001
2026-03-18 09:12:00,10025.84000000001,10025.84000000001
2026-03-18 10:12:00,10025.84000000001,10025.84000000001
2026-03-18 11:12:00,10025.84000000001,10025.84000000001
2026-03-18 12:12:00,10061.630000000012,10084.430000000013
2026-03-18 13:12:00,10061.030000000013,10061.030000000013
2026-03-18 14:12:00,10061.030000000013,10061.030000000013
2026-03-18 15:12:00,10061.030000000013,10061.030000000013
2026-03-18 16:12:00,10061.030000000013,10061.030000000013
2026-03-18 17:12:00,10061.030000000013,10061.030000000013
2026-03-18 18:12:00,10061.030000000013,10061.030000000013
2026-03-18 19:12:00,10061.030000000013,10061.030000000013
2026-03-18 20:12:00,10061.030000000013,10061.030000000013
2026-03-18 21:12:00,10061.030000000013,10061.030000000013
2026-03-18 22:12:00,10061.030000000013,10061.030000000013
2026-03-19 00:13:00,10061.030000000013,10061.030000000013
2026-03-19 01:13:00,10061.030000000013,10061.030000000013
2026-03-19 02:13:00,10061.030000000013,10061.030000000013
2026-03-19 03:13:00,10061.030000000013,10061.030000000013
2026-03-19 04:13:00,10061.030000000013,10061.030000000013
2026-03-19 05:13:00,10061.030000000013,10061.030000000013
2026-03-19 06:13:00,10061.030000000013,10061.030000000013
2026-03-19 07:13:00,10061.030000000013,10061.030000000013
2026-03-19 08:13:00,10061.030000000013,10061.030000000013
2026-03-19 09:13:00,10061.030000000013,10061.030000000013
2026-03-19 10:13:00,10061.030000000013,10061.030000000013
2026-03-19 11:13:00,10061.030000000013,10061.030000000013
2026-03-19 12:13:00,10061.030000000013,10061.030000000013
2026-03-19 13:13:00,10061.030000000013,10061.030000000013
2026-03-19 14:13:00,10061.030000000013,10061.030000000013
2026-03-19 15:13:00,10061.030000000013,10061.030000000013
2026-03-19 16:13:00,10061.030000000013,10061.030000000013
2026-03-19 17:13:00,10061.030000000013,10061.030000000013
2026-03-19 18:13:00,10061.030000000013,10061.030000000013
2026-03-19 19:13:00,10061.030000000013,10061.030000000013
2026-03-19 20:13:00,10061.030000000013,10061.030000000013
2026-03-19 21:13:00,10061.030000000013,10061.030000000013
2026-03-19 22:13:00,10061.030000000013,10061.030000000013
2026-03-20 00:14:00,10061.030000000013,10061.030000000013
2026-03-20 01:14:00,10061.030000000013,10061.030000000013
2026-03-20 02:14:00,10060.680000000013,10018.780000000013
2026-03-20 03:14:00,9999.350000000013,9999.350000000013
2026-03-20 04:14:00,9999.350000000013,9999.350000000013
2026-03-20 05:14:00,9999.350000000013,9999.350000000013
2026-03-20 06:14:00,9999.350000000013,9999.350000000013
2026-03-20 07:14:00,10012.610000000015,10054.010000000018
2026-03-20 08:14:00,10033.270000000019,10033.270000000019
2026-03-20 09:14:00,10033.270000000019,10033.270000000019
2026-03-20 10:14:00,10033.270000000019,10033.270000000019
2026-03-20 11:14:00,10033.270000000019,10033.270000000019
2026-03-20 12:14:00,10033.270000000019,10033.270000000019
2026-03-20 13:14:00,10033.270000000019,10033.270000000019
2026-03-20 14:14:00,10033.270000000019,10033.270000000019
2026-03-20 15:14:00,10033.270000000019,10033.270000000019
2026-03-20 16:14:00,10033.270000000019,10033.270000000019
2026-03-20 17:14:00,10033.270000000019,10033.270000000019
2026-03-20 18:14:00,10033.270000000019,10033.270000000019
2026-03-20 19:14:00,10033.270000000019,10033.270000000019
2026-03-20 20:14:00,10033.270000000019,10033.270000000019
2026-03-20 21:14:00,10033.270000000019,10033.270000000019
2026-03-20 22:14:00,10033.270000000019,10033.270000000019
2026-03-23 00:15:00,10033.270000000019,10033.270000000019
2026-03-23 01:15:00,10033.270000000019,10033.270000000019
2026-03-23 02:15:00,10033.270000000019,10033.270000000019
2026-03-23 03:15:00,10033.270000000019,10033.270000000019
2026-03-23 04:15:00,10033.270000000019,10033.270000000019
2026-03-23 05:15:00,10033.270000000019,10033.270000000019
2026-03-23 06:15:00,10033.270000000019,10033.270000000019
2026-03-23 07:15:00,10033.270000000019,10033.270000000019
2026-03-23 08:15:00,10033.270000000019,10033.270000000019
2026-03-23 09:15:00,10033.270000000019,10033.270000000019
2026-03-23 10:15:00,10033.270000000019,10033.270000000019
2026-03-23 11:15:00,10033.270000000019,10033.270000000019
2026-03-23 12:15:00,10033.270000000019,10033.270000000019
2026-03-23 13:15:00,10033.270000000019,10033.270000000019
2026-03-23 14:15:00,10033.270000000019,10033.270000000019
2026-03-23 15:15:00,10033.270000000019,10033.270000000019
2026-03-23 16:15:00,10033.270000000019,10033.270000000019
2026-03-23 17:15:00,10033.270000000019,10033.270000000019
2026-03-23 18:15:00,10033.270000000019,10033.270000000019
2026-03-23 19:15:00,10033.270000000019,10033.270000000019
2026-03-23 20:15:00,10033.270000000019,10033.270000000019
2026-03-23 21:15:00,10033.270000000019,10033.270000000019
2026-03-23 22:15:00,10033.270000000019,10033.270000000019
2026-03-24 00:16:00,10033.270000000019,10033.270000000019
2026-03-24 01:16:00,10033.270000000019,10033.270000000019
2026-03-24 02:16:00,10033.270000000019,10033.270000000019
2026-03-24 03:16:00,10033.270000000019,10033.270000000019
2026-03-24 04:16:00,10033.270000000019,10033.270000000019
2026-03-24 05:16:00,10033.270000000019,10033.270000000019
2026-03-24 06:16:00,10033.270000000019,10033.270000000019
2026-03-24 07:16:00,10043.170000000018,10065.700000000019
2026-03-24 08:16:00,10144.97000000002,10144.97000000002
2026-03-24 09:16:00,10144.97000000002,10144.97000000002
2026-03-24 10:16:00,10144.97000000002,10144.97000000002
2026-03-24 11:16:00,10144.97000000002,10144.97000000002
2026-03-24 12:16:00,10144.97000000002,10144.97000000002
2026-03-24 13:16:00,10144.97000000002,10144.97000000002
2026-03-24 14:16:00,10144.97000000002,10144.97000000002
2026-03-24 15:16:00,10144.97000000002,10144.97000000002
2026-03-24 16:16:00,10144.97000000002,10144.97000000002
2026-03-24 17:16:00,10144.97000000002,10144.97000000002
2026-03-24 18:16:00,10144.97000000002,10144.97000000002
2026-03-24 19:16:00,10144.97000000002,10144.97000000002
2026-03-24 20:16:00,10156.040000000019,10190.690000000017
2026-03-24 21:16:00,10178.730000000018,10222.490000000016
2026-03-24 22:16:00,10178.730000000018,10223.150000000018
2026-03-25 00:17:00,10269.490000000016,10269.490000000016
2026-03-25 01:17:00,10269.490000000016,10269.490000000016
2026-03-25 02:17:00,10269.490000000016,10269.490000000016
2026-03-25 03:17:00,10417.370000000019,10417.370000000019
2026-03-25 04:17:00,10417.370000000019,10417.370000000019
2026-03-25 05:17:00,10417.370000000019,10417.370000000019
2026-03-25 06:17:00,10417.370000000019,10417.370000000019
2026-03-25 07:17:00,10417.370000000019,10417.370000000019
2026-03-25 08:17:00,10417.370000000019,10417.370000000019
2026-03-25 09:17:00,10417.370000000019,10417.370000000019
2026-03-25 10:17:00,10417.370000000019,10417.370000000019
2026-03-25 11:17:00,10417.370000000019,10417.370000000019
2026-03-25 12:17:00,10417.370000000019,10417.370000000019
2026-03-25 13:17:00,10417.370000000019,10417.370000000019
2026-03-25 14:17:00,10417.370000000019,10417.370000000019
2026-03-25 15:17:00,10325.450000000019,10325.450000000019
2026-03-25 16:17:00,10325.450000000019,10325.450000000019
2026-03-25 17:17:00,10325.450000000019,10325.450000000019
2026-03-25 18:17:00,10325.450000000019,10325.450000000019
2026-03-25 19:17:00,10325.450000000019,10325.450000000019
2026-03-25 20:17:00,10325.450000000019,10325.450000000019
2026-03-25 21:17:00,10325.450000000019,10325.450000000019
2026-03-25 22:17:00,10325.450000000019,10325.450000000019
2026-03-26 00:18:00,10325.450000000019,10325.450000000019
2026-03-26 01:18:00,10325.450000000019,10325.450000000019
2026-03-26 02:18:00,10325.450000000019,10325.450000000019
2026-03-26 03:18:00,10325.450000000019,10325.450000000019
2026-03-26 04:18:00,10325.450000000019,10325.450000000019
2026-03-26 05:18:00,10325.450000000019,10325.450000000019
2026-03-26 06:18:00,10325.450000000019,10325.450000000019
2026-03-26 07:18:00,10325.450000000019,10325.450000000019
2026-03-26 08:18:00,10325.450000000019,10325.450000000019
2026-03-26 09:18:00,10325.450000000019,10325.450000000019
2026-03-26 10:18:00,10325.450000000019,10325.450000000019
2026-03-26 11:18:00,10325.450000000019,10325.450000000019
2026-03-26 12:18:00,10325.450000000019,10325.450000000019
2026-03-26 13:18:00,10325.450000000019,10325.450000000019
2026-03-26 14:18:00,10325.450000000019,10325.450000000019
2026-03-26 15:18:00,10325.450000000019,10325.450000000019
2026-03-26 16:18:00,10325.450000000019,10325.450000000019
2026-03-26 17:18:00,10325.450000000019,10325.450000000019
2026-03-26 18:18:00,10325.450000000019,10325.450000000019
2026-03-26 19:18:00,10325.450000000019,10325.450000000019
2026-03-26 20:18:00,10325.450000000019,10325.450000000019
2026-03-26 21:18:00,10325.450000000019,10325.450000000019
2026-03-26 22:18:00,10325.450000000019,10325.450000000019
2026-03-27 00:19:00,10325.450000000019,10325.450000000019
2026-03-27 01:19:00,10325.450000000019,10325.450000000019
2026-03-27 02:19:00,10325.450000000019,10325.450000000019
2026-03-27 03:19:00,10325.450000000019,10325.450000000019
2026-03-27 04:19:00,10325.450000000019,10325.450000000019
2026-03-27 05:19:00,10325.450000000019,10325.450000000019
2026-03-27 06:19:00,10325.450000000019,10325.450000000019
2026-03-27 07:19:00,10325.450000000019,10325.450000000019
2026-03-27 08:19:00,10325.450000000019,10325.450000000019
2026-03-27 09:19:00,10325.450000000019,10325.450000000019
2026-03-27 10:19:00,10325.450000000019,10325.450000000019
2026-03-27 11:19:00,10325.450000000019,10325.450000000019
2026-03-27 12:19:00,10325.450000000019,10325.450000000019
2026-03-27 13:19:00,10325.450000000019,10325.450000000019
2026-03-27 14:19:00,10325.450000000019,10325.450000000019
2026-03-27 15:19:00,10325.450000000019,10325.450000000019
2026-03-27 16:19:00,10325.450000000019,10325.450000000019
2026-03-27 17:19:00,10325.450000000019,10325.450000000019
2026-03-27 18:19:00,10325.450000000019,10325.450000000019
2026-03-27 19:19:00,10325.450000000019,10325.450000000019
2026-03-27 20:19:00,10325.450000000019,10325.450000000019
2026-03-27 21:19:00,10325.450000000019,10325.450000000019
2026-03-27 22:19:00,10325.450000000019,10325.450000000019
2026-03-30 01:20:00,10325.450000000019,10325.450000000019
2026-03-30 02:20:00,10325.450000000019,10325.450000000019
2026-03-30 03:20:00,10325.450000000019,10325.450000000019
2026-03-30 04:20:00,10438.950000000023,10438.950000000023
2026-03-30 05:20:00,10438.950000000023,10438.950000000023
2026-03-30 06:20:00,10438.950000000023,10438.950000000023
2026-03-30 07:20:00,10438.950000000023,10438.950000000023
2026-03-30 08:20:00,10438.950000000023,10438.950000000023
2026-03-30 09:20:00,10438.950000000023,10438.950000000023
2026-03-30 10:20:00,10438.950000000023,10438.950000000023
2026-03-30 11:20:00,10438.950000000023,10438.950000000023
2026-03-30 12:20:00,10438.950000000023,10438.950000000023
2026-03-30 13:20:00,10438.950000000023,10438.950000000023
2026-03-30 14:20:00,10438.950000000023,10438.950000000023
2026-03-30 15:20:00,10438.950000000023,10438.950000000023
2026-03-30 16:20:00,10438.950000000023,10438.950000000023
2026-03-30 17:20:00,10438.950000000023,10438.950000000023
2026-03-30 18:20:00,10438.950000000023,10438.950000000023
2026-03-30 19:20:00,10438.950000000023,10438.950000000023
2026-03-30 20:20:00,10438.950000000023,10438.950000000023
2026-03-30 21:20:00,10438.950000000023,10438.950000000023
2026-03-30 22:20:00,10438.950000000023,10438.950000000023
2026-03-30 23:20:00,10438.950000000023,10438.950000000023
2026-03-31 01:21:00,10438.950000000023,10438.950000000023
2026-03-31 02:21:00,10438.950000000023,10438.950000000023
2026-03-31 03:21:00,10438.950000000023,10438.950000000023
2026-03-31 04:21:00,10438.950000000023,10438.950000000023
2026-03-31 05:21:00,10438.950000000023,10438.950000000023
2026-03-31 06:21:00,10438.600000000022,10436.400000000023
2026-03-31 07:21:00,10438.600000000022,10431.850000000024
2026-03-31 08:21:00,10438.600000000022,10427.700000000026
2026-03-31 09:21:00,10448.400000000023,10431.240000000023
2026-03-31 10:21:00,10381.270000000022,10430.950000000019
2026-03-31 11:21:00,10464.18000000002,10464.18000000002
2026-03-31 12:21:00,10464.18000000002,10464.18000000002
2026-03-31 13:21:00,10464.18000000002,10464.18000000002
2026-03-31 14:21:00,10464.18000000002,10464.18000000002
2026-03-31 15:21:00,10464.18000000002,10464.18000000002
2026-03-31 16:21:00,10464.18000000002,10464.18000000002
2026-03-31 17:21:00,10464.18000000002,10464.18000000002
2026-03-31 18:21:00,10464.18000000002,10464.18000000002
2026-03-31 19:21:00,10464.18000000002,10464.18000000002
2026-03-31 20:21:00,10464.18000000002,10464.18000000002
2026-03-31 21:21:00,10464.18000000002,10464.18000000002
2026-03-31 22:21:00,10464.18000000002,10464.18000000002
2026-03-31 23:21:00,10464.18000000002,10464.18000000002
2026-04-01 01:22:00,10464.18000000002,10464.18000000002
2026-04-01 02:22:00,10464.18000000002,10464.18000000002
2026-04-01 03:22:00,10464.18000000002,10464.18000000002
2026-04-01 04:22:00,10464.18000000002,10464.18000000002
2026-04-01 05:22:00,10464.18000000002,10464.18000000002
2026-04-01 06:22:00,10464.18000000002,10464.18000000002
2026-04-01 07:22:00,10464.18000000002,10464.18000000002
2026-04-01 08:22:00,10464.18000000002,10464.18000000002
2026-04-01 09:22:00,10464.18000000002,10464.18000000002
2026-04-01 10:22:00,10410.58000000002,10410.58000000002
2026-04-01 11:22:00,10410.58000000002,10410.58000000002
2026-04-01 12:22:00,10410.58000000002,10410.58000000002
2026-04-01 13:22:00,10410.58000000002,10410.58000000002
2026-04-01 14:22:00,10410.58000000002,10410.58000000002
2026-04-01 15:22:00,10410.58000000002,10410.58000000002
2026-04-01 16:22:00,10410.58000000002,10410.58000000002
2026-04-01 17:22:00,10410.58000000002,10410.58000000002
2026-04-01 18:22:00,10410.58000000002,10410.58000000002
2026-04-01 19:22:00,10410.58000000002,10410.58000000002
2026-04-01 20:22:00,10410.58000000002,10410.58000000002
2026-04-01 21:22:00,10410.58000000002,10410.58000000002
2026-04-01 22:22:00,10410.58000000002,10410.58000000002
2026-04-01 23:22:00,10410.58000000002,10410.58000000002
2026-04-02 01:23:00,10410.58000000002,10410.58000000002
2026-04-02 02:23:00,10410.58000000002,10410.58000000002
2026-04-02 03:23:00,10305.580000000016,10305.580000000016
2026-04-02 04:23:00,10305.580000000016,10305.580000000016
2026-04-02 05:23:00,10305.580000000016,10305.580000000016
2026-04-02 06:23:00,10305.580000000016,10305.580000000016
2026-04-02 07:23:00,10305.580000000016,10305.580000000016
2026-04-02 08:23:00,10305.580000000016,10305.580000000016
2026-04-02 09:23:00,10305.580000000016,10305.580000000016
2026-04-02 10:23:00,10305.580000000016,10305.580000000016
2026-04-02 11:23:00,10305.580000000016,10305.580000000016
2026-04-02 12:23:00,10305.580000000016,10305.580000000016
2026-04-02 13:23:00,10305.580000000016,10305.580000000016
2026-04-02 14:23:00,10305.580000000016,10305.580000000016
2026-04-02 15:23:00,10305.580000000016,10305.580000000016
2026-04-02 16:23:00,10305.580000000016,10305.580000000016
2026-04-02 17:23:00,10305.580000000016,10305.580000000016
2026-04-02 18:23:00,10305.580000000016,10305.580000000016
2026-04-02 19:23:00,10305.580000000016,10305.580000000016
2026-04-02 20:23:00,10305.580000000016,10305.580000000016
2026-04-02 21:23:00,10305.580000000016,10305.580000000016
2026-04-02 22:23:00,10305.580000000016,10305.580000000016
2026-04-02 23:23:00,10305.580000000016,10305.580000000016
2026-04-06 01:24:00,10305.580000000016,10305.580000000016
2026-04-06 02:24:00,10305.580000000016,10305.580000000016
2026-04-06 03:24:00,10305.580000000016,10305.580000000016
2026-04-06 04:24:00,10305.580000000016,10305.580000000016
2026-04-06 05:24:00,10305.580000000016,10305.580000000016
2026-04-06 06:24:00,10305.580000000016,10305.580000000016
2026-04-06 07:24:00,10305.580000000016,10305.580000000016
2026-04-06 08:24:00,10305.580000000016,10305.580000000016
2026-04-06 09:24:00,10305.580000000016,10305.580000000016
2026-04-06 10:24:00,10401.770000000013,10401.770000000013
2026-04-06 11:24:00,10401.770000000013,10401.770000000013
2026-04-06 12:24:00,10401.770000000013,10401.770000000013
2026-04-06 13:24:00,10401.770000000013,10401.770000000013
2026-04-06 14:24:00,10401.770000000013,10401.770000000013
2026-04-06 15:24:00,10401.770000000013,10401.770000000013
2026-04-06 16:24:00,10401.770000000013,10401.770000000013
2026-04-06 17:24:00,10401.770000000013,10401.770000000013
2026-04-06 18:24:00,10401.770000000013,10401.770000000013
2026-04-06 19:24:00,10401.770000000013,10401.770000000013
2026-04-06 20:24:00,10401.770000000013,10401.770000000013
2026-04-06 21:24:00,10401.770000000013,10401.770000000013
2026-04-06 22:24:00,10401.770000000013,10401.770000000013
2026-04-06 23:24:00,10401.770000000013,10401.770000000013
2026-04-07 01:25:00,10401.770000000013,10401.770000000013
2026-04-07 02:25:00,10401.770000000013,10401.770000000013
2026-04-07 03:25:00,10401.770000000013,10401.770000000013
2026-04-07 04:25:00,10401.770000000013,10401.770000000013
2026-04-07 05:25:00,10401.770000000013,10401.770000000013
2026-04-07 06:25:00,10401.770000000013,10401.770000000013
2026-04-07 07:25:00,10401.770000000013,10401.770000000013
2026-04-07 08:25:00,10401.770000000013,10401.770000000013
2026-04-07 09:25:00,10401.770000000013,10401.770000000013
2026-04-07 10:25:00,10401.770000000013,10401.770000000013
2026-04-07 11:25:00,10401.770000000013,10401.770000000013
2026-04-07 12:25:00,10401.770000000013,10401.770000000013
2026-04-07 13:25:00,10401.770000000013,10401.770000000013
2026-04-07 14:25:00,10401.770000000013,10401.770000000013
2026-04-07 15:25:00,10401.770000000013,10401.770000000013
2026-04-07 16:25:00,10401.770000000013,10401.770000000013
2026-04-07 17:25:00,10401.770000000013,10401.770000000013
2026-04-07 18:25:00,10401.770000000013,10401.770000000013
2026-04-07 19:25:00,10401.770000000013,10401.770000000013
2026-04-07 20:25:00,10401.770000000013,10401.770000000013
2026-04-07 21:25:00,10401.770000000013,10401.770000000013
2026-04-07 22:25:00,10401.770000000013,10401.770000000013
2026-04-07 23:25:00,10401.770000000013,10401.770000000013
2026-04-08 01:26:00,10401.770000000013,10401.770000000013
2026-04-08 02:26:00,10401.770000000013,10401.770000000013
2026-04-08 03:26:00,10401.770000000013,10401.770000000013
2026-04-08 04:26:00,10401.770000000013,10401.770000000013
2026-04-08 05:26:00,10401.770000000013,10401.770000000013
2026-04-08 06:26:00,10401.770000000013,10401.770000000013
2026-04-08 07:26:00,10401.770000000013,10401.770000000013
2026-04-08 08:26:00,10401.770000000013,10401.770000000013
2026-04-08 09:26:00,10401.770000000013,10401.770000000013
2026-04-08 10:26:00,10401.770000000013,10401.770000000013
2026-04-08 11:26:00,10401.770000000013,10401.770000000013
2026-04-08 12:26:00,10401.770000000013,10401.770000000013
2026-04-08 13:26:00,10401.770000000013,10401.770000000013
2026-04-08 14:26:00,10401.770000000013,10401.770000000013
2026-04-08 15:26:00,10401.770000000013,10401.770000000013
2026-04-08 16:26:00,10401.770000000013,10401.770000000013
2026-04-08 17:26:00,10401.770000000013,10401.770000000013
2026-04-08 18:26:00,10401.770000000013,10401.770000000013
2026-04-08 19:26:00,10401.770000000013,10401.770000000013
2026-04-08 20:26:00,10401.770000000013,10401.770000000013
2026-04-08 21:26:00,10401.770000000013,10401.770000000013
2026-04-08 22:26:00,10401.770000000013,10401.770000000013
2026-04-08 23:26:00,10401.770000000013,10401.770000000013
2026-04-09 01:27:00,10401.770000000013,10401.770000000013
2026-04-09 02:27:00,10401.770000000013,10401.770000000013
2026-04-09 03:27:00,10401.770000000013,10401.770000000013
2026-04-09 04:27:00,10401.770000000013,10401.770000000013
2026-04-09 05:27:00,10401.770000000013,10401.770000000013
2026-04-09 06:27:00,10401.770000000013,10401.770000000013
2026-04-09 07:27:00,10401.770000000013,10401.770000000013
2026-04-09 08:27:00,10401.770000000013,10401.770000000013
2026-04-09 09:27:00,10401.770000000013,10401.770000000013
2026-04-09 10:27:00,10401.770000000013,10401.770000000013
2026-04-09 11:27:00,10401.770000000013,10401.770000000013
2026-04-09 12:27:00,10401.770000000013,10401.770000000013
2026-04-09 13:27:00,10401.000000000013,10360.190000000013
2026-04-09 14:27:00,10299.800000000014,10299.800000000014
2026-04-09 15:27:00,10299.800000000014,10299.800000000014
2026-04-09 16:27:00,10299.800000000014,10299.800000000014
2026-04-09 17:27:00,10299.800000000014,10299.800000000014
2026-04-09 18:27:00,10299.800000000014,10299.800000000014
2026-04-09 19:27:00,10299.800000000014,10299.800000000014
2026-04-09 20:27:00,10299.800000000014,10299.800000000014
2026-04-09 21:27:00,10299.800000000014,10299.800000000014
2026-04-09 22:27:00,10299.800000000014,10299.800000000014
2026-04-09 23:27:00,10299.800000000014,10299.800000000014
2026-04-10 01:28:00,10299.800000000014,10299.800000000014
2026-04-10 02:28:00,10299.800000000014,10299.800000000014
2026-04-10 03:28:00,10299.800000000014,10299.800000000014
2026-04-10 04:28:00,10299.800000000014,10299.800000000014
2026-04-10 05:28:00,10299.800000000014,10299.800000000014
2026-04-10 06:28:00,10299.800000000014,10299.800000000014
2026-04-10 07:28:00,10299.800000000014,10299.800000000014
2026-04-10 08:28:00,10299.800000000014,10299.800000000014
2026-04-10 09:28:00,10446.100000000004,10446.100000000004
2026-04-10 10:28:00,10446.100000000004,10446.100000000004
2026-04-10 11:28:00,10446.100000000004,10446.100000000004
2026-04-10 12:28:00,10446.100000000004,10446.100000000004
2026-04-10 13:28:00,10446.100000000004,10446.100000000004
2026-04-10 14:28:00,10446.100000000004,10446.100000000004
2026-04-10 15:28:00,10446.100000000004,10446.100000000004
2026-04-10 16:28:00,10446.100000000004,10446.100000000004
2026-04-10 17:28:00,10446.100000000004,10446.100000000004
2026-04-10 18:28:00,10446.100000000004,10446.100000000004
2026-04-10 19:28:00,10558.880000000008,10558.880000000008
2026-04-10 20:28:00,10558.880000000008,10558.880000000008
2026-04-10 21:28:00,10558.880000000008,10558.880000000008
2026-04-10 22:28:00,10558.880000000008,10558.880000000008
2026-04-10 23:28:00,10558.880000000008,10558.880000000008
2026-04-13 01:29:00,10558.880000000008,10558.880000000008
2026-04-13 02:29:00,10558.880000000008,10558.880000000008
2026-04-13 03:29:00,10558.880000000008,10558.880000000008
2026-04-13 04:29:00,10558.880000000008,10558.880000000008
2026-04-13 05:29:00,10558.880000000008,10558.880000000008
2026-04-13 06:29:00,10558.880000000008,10558.880000000008
2026-04-13 07:29:00,10558.880000000008,10558.880000000008
2026-04-13 08:29:00,10558.880000000008,10558.880000000008
2026-04-13 09:29:00,10558.880000000008,10558.880000000008
2026-04-13 10:29:00,10558.880000000008,10558.880000000008
2026-04-13 11:29:00,10558.880000000008,10558.880000000008
2026-04-13 12:29:00,10558.880000000008,10558.880000000008
2026-04-13 13:29:00,10558.880000000008,10558.880000000008
2026-04-13 14:29:00,10558.880000000008,10558.880000000008
2026-04-13 15:29:00,10558.880000000008,10558.880000000008
2026-04-13 16:29:00,10558.880000000008,10558.880000000008
2026-04-13 17:29:00,10558.880000000008,10558.880000000008
2026-04-13 18:29:00,10558.880000000008,10558.880000000008
2026-04-13 19:29:00,10558.25000000001,10531.25
2026-04-13 20:29:00,10458.53000000001,10458.53000000001
2026-04-13 21:29:00,10458.53000000001,10458.53000000001
2026-04-13 22:29:00,10458.53000000001,10458.53000000001
2026-04-13 23:29:00,10458.53000000001,10458.53000000001
2026-04-14 01:30:00,10458.53000000001,10458.53000000001
2026-04-14 02:30:00,10458.53000000001,10458.53000000001
2026-04-14 03:30:00,10458.53000000001,10458.53000000001
2026-04-14 04:30:00,10458.53000000001,10458.53000000001
2026-04-14 05:30:00,10458.53000000001,10458.53000000001
2026-04-14 06:30:00,10458.53000000001,10458.53000000001
2026-04-14 07:30:00,10458.53000000001,10458.53000000001
2026-04-14 08:30:00,10458.53000000001,10458.53000000001
2026-04-14 09:30:00,10458.53000000001,10458.53000000001
2026-04-14 10:30:00,10458.53000000001,10458.53000000001
2026-04-14 11:30:00,10458.53000000001,10458.53000000001
2026-04-14 12:30:00,10458.53000000001,10458.53000000001
2026-04-14 13:30:00,10458.53000000001,10458.53000000001
2026-04-14 14:30:00,10458.53000000001,10458.53000000001
2026-04-14 15:30:00,10458.53000000001,10458.53000000001
2026-04-14 16:30:00,10458.53000000001,10458.53000000001
2026-04-14 17:30:00,10458.53000000001,10458.53000000001
2026-04-14 18:30:00,10458.53000000001,10458.53000000001
2026-04-14 19:30:00,10458.53000000001,10458.53000000001
2026-04-14 20:30:00,10458.53000000001,10458.53000000001
2026-04-14 21:30:00,10458.53000000001,10458.53000000001
2026-04-14 22:30:00,10458.53000000001,10458.53000000001
2026-04-14 23:30:00,10458.53000000001,10458.53000000001
2026-04-15 01:31:00,10458.53000000001,10458.53000000001
2026-04-15 02:31:00,10458.53000000001,10458.53000000001
2026-04-15 03:31:00,10458.53000000001,10458.53000000001
2026-04-15 04:31:00,10458.53000000001,10458.53000000001
2026-04-15 05:31:00,10458.53000000001,10458.53000000001
2026-04-15 06:31:00,10458.53000000001,10458.53000000001
2026-04-15 07:31:00,10458.53000000001,10458.53000000001
2026-04-15 08:31:00,10458.53000000001,10458.53000000001
2026-04-15 09:31:00,10496.49000000002,10496.49000000002
2026-04-15 10:31:00,10496.49000000002,10496.49000000002
2026-04-15 11:31:00,10496.49000000002,10496.49000000002
2026-04-15 12:31:00,10496.49000000002,10496.49000000002
2026-04-15 13:31:00,10496.49000000002,10496.49000000002
2026-04-15 14:31:00,10496.49000000002,10496.49000000002
2026-04-15 15:31:00,10508.860000000019,10482.620000000014
2026-04-15 16:31:00,10437.90000000002,10437.90000000002
2026-04-15 17:31:00,10437.90000000002,10437.90000000002
2026-04-15 18:31:00,10437.90000000002,10437.90000000002
2026-04-15 19:31:00,10437.90000000002,10437.90000000002
2026-04-15 20:31:00,10437.90000000002,10437.90000000002
2026-04-15 21:31:00,10437.90000000002,10437.90000000002
2026-04-15 22:31:00,10437.90000000002,10437.90000000002
2026-04-15 23:31:00,10437.90000000002,10437.90000000002
2026-04-16 01:32:00,10437.90000000002,10437.90000000002
2026-04-16 02:32:00,10437.90000000002,10437.90000000002
2026-04-16 03:32:00,10437.90000000002,10437.90000000002
2026-04-16 04:32:00,10437.90000000002,10437.90000000002
2026-04-16 05:32:00,10437.90000000002,10437.90000000002
2026-04-16 06:32:00,10437.90000000002,10437.90000000002
2026-04-16 07:32:00,10437.90000000002,10437.90000000002
2026-04-16 08:32:00,10437.90000000002,10437.90000000002
2026-04-16 09:32:00,10437.90000000002,10437.90000000002
2026-04-16 10:32:00,10437.90000000002,10437.90000000002
2026-04-16 11:32:00,10437.90000000002,10437.90000000002
2026-04-16 12:32:00,10437.90000000002,10437.90000000002
2026-04-16 13:32:00,10437.90000000002,10437.90000000002
2026-04-16 14:32:00,10437.90000000002,10437.90000000002
2026-04-16 15:32:00,10450.290000000019,10476.140000000023
2026-04-16 16:32:00,10469.650000000016,10469.650000000016
2026-04-16 17:32:00,10469.650000000016,10469.650000000016
2026-04-16 18:32:00,10469.650000000016,10469.650000000016
2026-04-16 19:32:00,10469.650000000016,10469.650000000016
2026-04-16 20:32:00,10469.650000000016,10469.650000000016
2026-04-16 21:32:00,10469.650000000016,10469.650000000016
2026-04-16 22:32:00,10469.650000000016,10469.650000000016
2026-04-16 23:32:00,10469.650000000016,10469.650000000016
2026-04-17 01:33:00,10469.650000000016,10469.650000000016
2026-04-17 02:33:00,10469.650000000016,10469.650000000016
2026-04-17 03:33:00,10469.650000000016,10469.650000000016
2026-04-17 04:33:00,10469.650000000016,10469.650000000016
2026-04-17 05:33:00,10469.650000000016,10469.650000000016
2026-04-17 06:33:00,10559.290000000017,10559.290000000017
2026-04-17 07:33:00,10559.290000000017,10559.290000000017
2026-04-17 08:33:00,10559.290000000017,10559.290000000017
2026-04-17 09:33:00,10559.290000000017,10559.290000000017
2026-04-17 10:33:00,10559.290000000017,10559.290000000017
2026-04-17 11:33:00,10559.290000000017,10559.290000000017
2026-04-17 12:33:00,10559.290000000017,10559.290000000017
2026-04-17 13:33:00,10559.290000000017,10559.290000000017
2026-04-17 14:33:00,10559.290000000017,10559.290000000017
2026-04-17 15:33:00,10559.290000000017,10559.290000000017
2026-04-17 16:33:00,10559.290000000017,10559.290000000017
2026-04-17 17:33:00,10559.290000000017,10559.290000000017
2026-04-17 18:33:00,10559.290000000017,10559.290000000017
2026-04-17 19:33:00,10559.290000000017,10559.290000000017
2026-04-17 20:33:00,10559.290000000017,10559.290000000017
2026-04-17 21:33:00,10559.290000000017,10559.290000000017
2026-04-17 22:33:00,10559.290000000017,10559.290000000017
2026-04-17 23:33:00,10559.290000000017,10559.290000000017
2026-04-20 01:34:00,10559.290000000017,10559.290000000017
2026-04-20 02:34:00,10559.290000000017,10559.290000000017
2026-04-20 03:34:00,10559.290000000017,10559.290000000017
2026-04-20 04:34:00,10559.290000000017,10559.290000000017
2026-04-20 05:34:00,10559.290000000017,10559.290000000017
2026-04-20 06:34:00,10559.290000000017,10559.290000000017
2026-04-20 07:34:00,10559.290000000017,10559.290000000017
2026-04-20 08:34:00,10559.290000000017,10559.290000000017
2026-04-20 09:34:00,10651.050000000017,10651.050000000017
2026-04-20 10:34:00,10651.050000000017,10651.050000000017
2026-04-20 11:34:00,10651.050000000017,10651.050000000017
2026-04-20 12:34:00,10651.050000000017,10651.050000000017
2026-04-20 13:34:00,10651.050000000017,10651.050000000017
2026-04-20 14:34:00,10651.050000000017,10651.050000000017
2026-04-20 15:34:00,10584.930000000011,10584.930000000011
2026-04-20 16:34:00,10616.350000000008,10616.350000000008
2026-04-20 17:34:00,10616.350000000008,10616.350000000008
2026-04-20 18:34:00,10616.350000000008,10616.350000000008
2026-04-20 19:34:00,10616.350000000008,10616.350000000008
2026-04-20 20:34:00,10616.350000000008,10616.350000000008
2026-04-20 21:34:00,10615.720000000008,10594.300000000007
2026-04-20 22:34:00,10615.720000000008,10595.110000000008
2026-04-20 23:34:00,10615.720000000008,10600.960000000006
2026-04-21 01:35:00,10519.06000000001,10519.06000000001
2026-04-21 02:35:00,10519.06000000001,10519.06000000001
2026-04-21 03:35:00,10519.06000000001,10519.06000000001
2026-04-21 04:35:00,10519.06000000001,10519.06000000001
2026-04-21 05:35:00,10519.06000000001,10519.06000000001
2026-04-21 06:35:00,10519.06000000001,10519.06000000001
2026-04-21 07:35:00,10519.06000000001,10519.06000000001
2026-04-21 08:35:00,10519.06000000001,10519.06000000001
2026-04-21 09:35:00,10519.06000000001,10519.06000000001
2026-04-21 10:35:00,10519.06000000001,10519.06000000001
2026-04-21 11:35:00,10519.06000000001,10519.06000000001
2026-04-21 12:35:00,10519.06000000001,10519.06000000001
2026-04-21 13:35:00,10519.06000000001,10519.06000000001
2026-04-21 14:35:00,10519.06000000001,10519.06000000001
2026-04-21 15:35:00,10612.590000000013,10659.900000000014
2026-04-21 16:35:00,10641.660000000014,10641.660000000014
2026-04-21 17:35:00,10641.660000000014,10641.660000000014
2026-04-21 18:35:00,10641.240000000014,10666.980000000014
2026-04-21 19:35:00,10686.960000000017,10743.390000000016
2026-04-21 20:35:00,10778.40000000002,10778.40000000002
2026-04-21 21:35:00,10778.40000000002,10778.40000000002
2026-04-21 22:35:00,10778.40000000002,10778.40000000002
2026-04-21 23:35:00,10778.40000000002,10778.40000000002
2026-04-22 01:36:00,10778.40000000002,10778.40000000002
2026-04-22 02:36:00,10778.40000000002,10778.40000000002
2026-04-22 03:36:00,10778.40000000002,10778.40000000002
2026-04-22 04:36:00,10778.40000000002,10778.40000000002
2026-04-22 05:36:00,10778.40000000002,10778.40000000002
2026-04-22 06:36:00,10778.40000000002,10778.40000000002
2026-04-22 07:36:00,10778.40000000002,10778.40000000002
2026-04-22 08:36:00,10778.40000000002,10778.40000000002
2026-04-22 09:36:00,10778.40000000002,10778.40000000002
2026-04-22 10:36:00,10778.40000000002,10778.40000000002
2026-04-22 11:36:00,10778.40000000002,10778.40000000002
2026-04-22 12:36:00,10778.40000000002,10778.40000000002
2026-04-22 13:36:00,10778.40000000002,10778.40000000002
2026-04-22 14:36:00,10778.40000000002,10778.40000000002
2026-04-22 15:36:00,10778.40000000002,10778.40000000002
2026-04-22 16:36:00,10778.40000000002,10778.40000000002
2026-04-22 17:36:00,10778.40000000002,10778.40000000002
2026-04-22 18:36:00,10778.40000000002,10778.40000000002
2026-04-22 19:36:00,10778.40000000002,10778.40000000002
2026-04-22 20:36:00,10778.40000000002,10778.40000000002
2026-04-22 21:36:00,10778.40000000002,10778.40000000002
2026-04-22 22:36:00,10778.40000000002,10778.40000000002
2026-04-22 23:36:00,10778.40000000002,10778.40000000002
2026-04-23 01:37:00,10778.40000000002,10778.40000000002
2026-04-23 02:37:00,10778.40000000002,10778.40000000002
2026-04-23 03:37:00,10778.40000000002,10778.40000000002
2026-04-23 04:37:00,10778.40000000002,10778.40000000002
2026-04-23 05:37:00,10778.40000000002,10778.40000000002
2026-04-23 06:37:00,10778.40000000002,10778.40000000002
2026-04-23 07:37:00,10778.40000000002,10778.40000000002
2026-04-23 08:37:00,10778.40000000002,10778.40000000002
2026-04-23 09:37:00,10778.40000000002,10778.40000000002
2026-04-23 10:37:00,10778.40000000002,10778.40000000002
2026-04-23 11:37:00,10778.40000000002,10778.40000000002
2026-04-23 12:37:00,10778.40000000002,10778.40000000002
2026-04-23 13:37:00,10778.40000000002,10778.40000000002
2026-04-23 14:37:00,10778.40000000002,10778.40000000002
2026-04-23 15:37:00,10671.000000000035,10671.000000000035
2026-04-23 16:37:00,10671.000000000035,10671.000000000035
2026-04-23 17:37:00,10697.900000000034,10750.500000000033
2026-04-23 18:37:00,10759.210000000036,10759.210000000036
2026-04-23 19:37:00,10759.210000000036,10759.210000000036
2026-04-23 20:37:00,10759.210000000036,10759.210000000036
2026-04-23 21:37:00,10759.210000000036,10759.210000000036
2026-04-23 22:37:00,10759.210000000036,10759.210000000036
2026-04-23 23:37:00,10759.210000000036,10759.210000000036
2026-04-24 01:38:00,10759.210000000036,10759.210000000036
2026-04-24 02:38:00,10759.210000000036,10759.210000000036
2026-04-24 03:38:00,10759.210000000036,10759.210000000036
2026-04-24 04:38:00,10759.210000000036,10759.210000000036
2026-04-24 05:38:00,10759.210000000036,10759.210000000036
2026-04-24 06:38:00,10759.210000000036,10759.210000000036
2026-04-24 07:38:00,10759.210000000036,10759.210000000036
2026-04-24 08:38:00,10759.210000000036,10759.210000000036
2026-04-24 09:38:00,10759.210000000036,10759.210000000036
2026-04-24 10:38:00,10759.210000000036,10759.210000000036
2026-04-24 11:38:00,10759.210000000036,10759.210000000036
2026-04-24 12:38:00,10759.210000000036,10759.210000000036
2026-04-24 13:38:00,10759.210000000036,10759.210000000036
2026-04-24 14:38:00,10759.210000000036,10759.210000000036
2026-04-24 15:38:00,10759.210000000036,10759.210000000036
2026-04-24 16:38:00,10793.880000000032,10793.880000000032
2026-04-24 17:38:00,10793.880000000032,10793.880000000032
2026-04-24 18:38:00,10793.880000000032,10793.880000000032
2026-04-24 19:38:00,10793.880000000032,10793.880000000032
2026-04-24 20:38:00,10793.880000000032,10793.880000000032
2026-04-24 21:38:00,10793.880000000032,10793.880000000032
2026-04-24 22:38:00,10793.880000000032,10793.880000000032
2026-04-24 23:38:00,10793.880000000032,10793.880000000032
2026-04-27 01:39:00,10679.50000000004,10679.50000000004
2026-04-27 02:39:00,10679.50000000004,10679.50000000004
2026-04-27 03:39:00,10679.50000000004,10679.50000000004
2026-04-27 04:39:00,10679.50000000004,10679.50000000004
2026-04-27 05:39:00,10679.50000000004,10679.50000000004
2026-04-27 06:39:00,10679.50000000004,10679.50000000004
2026-04-27 07:39:00,10679.50000000004,10679.50000000004
2026-04-27 08:39:00,10679.50000000004,10679.50000000004
2026-04-27 09:39:00,10679.50000000004,10679.50000000004
2026-04-27 10:39:00,10679.50000000004,10679.50000000004
2026-04-27 11:39:00,10679.50000000004,10679.50000000004
2026-04-27 12:39:00,10679.50000000004,10679.50000000004
2026-04-27 13:39:00,10679.50000000004,10679.50000000004
2026-04-27 14:39:00,10679.50000000004,10679.50000000004
2026-04-27 15:39:00,10679.50000000004,10679.50000000004
2026-04-27 16:39:00,10679.50000000004,10679.50000000004
2026-04-27 17:39:00,10679.50000000004,10679.50000000004
2026-04-27 18:39:00,10679.50000000004,10679.50000000004
2026-04-27 19:39:00,10679.50000000004,10679.50000000004
2026-04-27 20:39:00,10679.50000000004,10679.50000000004
2026-04-27 21:39:00,10679.50000000004,10679.50000000004
2026-04-27 22:39:00,10679.50000000004,10679.50000000004
2026-04-27 23:39:00,10679.50000000004,10679.50000000004
2026-04-28 01:40:00,10679.50000000004,10679.50000000004
2026-04-28 02:40:00,10679.50000000004,10679.50000000004
2026-04-28 03:40:00,10679.50000000004,10679.50000000004
2026-04-28 04:40:00,10679.50000000004,10679.50000000004
2026-04-28 05:40:00,10679.50000000004,10679.50000000004
2026-04-28 06:40:00,10679.50000000004,10679.50000000004
2026-04-28 07:40:00,10679.50000000004,10679.50000000004
2026-04-28 08:40:00,10679.50000000004,10679.50000000004
2026-04-28 09:40:00,10679.50000000004,10679.50000000004
2026-04-28 10:40:00,10679.50000000004,10679.50000000004
2026-04-28 11:40:00,10679.50000000004,10679.50000000004
2026-04-28 12:40:00,10679.50000000004,10679.50000000004
2026-04-28 13:40:00,10679.50000000004,10679.50000000004
2026-04-28 14:40:00,10679.50000000004,10679.50000000004
2026-04-28 15:40:00,10679.50000000004,10679.50000000004
2026-04-28 16:40:00,10679.50000000004,10679.50000000004
2026-04-28 17:40:00,10759.030000000044,10817.770000000044
2026-04-28 18:40:00,10796.800000000045,10796.800000000045
2026-04-28 19:40:00,10796.800000000045,10796.800000000045
2026-04-28 20:40:00,10796.800000000045,10796.800000000045
2026-04-28 21:40:00,10796.800000000045,10796.800000000045
2026-04-28 22:40:00,10796.800000000045,10796.800000000045
2026-04-28 23:40:00,10796.800000000045,10796.800000000045
2026-04-29 01:41:00,10796.800000000045,10796.800000000045
2026-04-29 02:41:00,10796.800000000045,10796.800000000045
2026-04-29 03:41:00,10796.800000000045,10796.800000000045
2026-04-29 04:41:00,10796.800000000045,10796.800000000045
2026-04-29 05:41:00,10796.800000000045,10796.800000000045
2026-04-29 06:41:00,10796.800000000045,10796.800000000045
2026-04-29 07:41:00,10796.800000000045,10796.800000000045
2026-04-29 08:41:00,10796.800000000045,10796.800000000045
2026-04-29 09:41:00,10834.240000000042,10834.240000000042
2026-04-29 10:41:00,10834.240000000042,10834.240000000042
2026-04-29 11:41:00,10834.240000000042,10834.240000000042
2026-04-29 12:41:00,10723.800000000047,10723.800000000047
2026-04-29 13:41:00,10722.820000000047,10748.300000000043
2026-04-29 14:41:00,10758.950000000052,10758.950000000052
2026-04-29 15:41:00,10758.950000000052,10758.950000000052
2026-04-29 16:41:00,10758.950000000052,10758.950000000052
2026-04-29 17:41:00,10758.950000000052,10758.950000000052
2026-04-29 18:41:00,10758.950000000052,10758.950000000052
2026-04-29 19:41:00,10758.950000000052,10758.950000000052
2026-04-29 20:41:00,10758.950000000052,10758.950000000052
2026-04-29 21:41:00,10758.950000000052,10758.950000000052
2026-04-29 22:41:00,10758.950000000052,10758.950000000052
2026-04-29 23:41:00,10758.950000000052,10758.950000000052
2026-04-30 01:42:00,10758.950000000052,10758.950000000052
2026-04-30 02:42:00,10758.950000000052,10758.950000000052
2026-04-30 03:42:00,10758.950000000052,10758.950000000052
2026-04-30 04:42:00,10758.950000000052,10758.950000000052
2026-04-30 05:42:00,10758.950000000052,10758.950000000052
2026-04-30 06:42:00,10758.950000000052,10758.950000000052
2026-04-30 07:42:00,10758.950000000052,10758.950000000052
2026-04-30 08:42:00,10758.950000000052,10758.950000000052
2026-04-30 09:42:00,10758.950000000052,10758.950000000052
2026-04-30 10:42:00,10758.950000000052,10758.950000000052
2026-04-30 11:42:00,10758.950000000052,10758.950000000052
2026-04-30 12:42:00,10758.950000000052,10758.950000000052
2026-04-30 13:42:00,10758.950000000052,10758.950000000052
2026-04-30 14:42:00,10758.950000000052,10758.950000000052
2026-04-30 15:42:00,10758.950000000052,10758.950000000052
2026-04-30 16:42:00,10758.950000000052,10758.950000000052
2026-04-30 17:42:00,10758.950000000052,10758.950000000052
2026-04-30 18:42:00,10758.950000000052,10758.950000000052
2026-04-30 19:42:00,10758.950000000052,10758.950000000052
2026-04-30 20:42:00,10758.950000000052,10758.950000000052
2026-04-30 21:42:00,10758.950000000052,10758.950000000052
2026-04-30 22:42:00,10758.950000000052,10758.950000000052
2026-04-30 23:42:00,10758.950000000052,10758.950000000052
2026-05-01 01:43:00,10758.950000000052,10758.950000000052
2026-05-01 02:43:00,10758.950000000052,10758.950000000052
2026-05-01 03:43:00,10758.950000000052,10758.950000000052
2026-05-01 04:43:00,10758.950000000052,10758.950000000052
2026-05-01 05:43:00,10758.950000000052,10758.950000000052
2026-05-01 06:43:00,10758.950000000052,10758.950000000052
2026-05-01 07:43:00,10758.950000000052,10758.950000000052
2026-05-01 08:43:00,10758.950000000052,10758.950000000052
2026-05-01 09:43:00,10758.950000000052,10758.950000000052
2026-05-01 10:43:00,10758.950000000052,10758.950000000052
2026-05-01 11:43:00,10758.950000000052,10758.950000000052
2026-05-01 12:43:00,10758.950000000052,10758.950000000052
2026-05-01 13:43:00,10758.950000000052,10758.950000000052
2026-05-01 14:43:00,10758.950000000052,10758.950000000052
2026-05-01 15:43:00,10758.950000000052,10758.950000000052
2026-05-01 16:43:00,10758.950000000052,10758.950000000052
2026-05-01 17:43:00,10758.950000000052,10758.950000000052
2026-05-01 18:43:00,10758.950000000052,10758.950000000052
2026-05-01 19:43:00,10758.950000000052,10758.950000000052
2026-05-01 20:43:00,10758.950000000052,10758.950000000052
2026-05-01 21:43:00,10792.80000000005,10792.80000000005
2026-05-01 22:43:00,10792.80000000005,10792.80000000005
2026-05-01 23:43:00,10792.80000000005,10792.80000000005
2026-05-04 01:44:00,10792.80000000005,10792.80000000005
2026-05-04 02:44:00,10792.80000000005,10792.80000000005
2026-05-04 03:44:00,10792.80000000005,10792.80000000005
2026-05-04 04:44:00,10792.80000000005,10792.80000000005
2026-05-04 05:44:00,10792.80000000005,10792.80000000005
2026-05-04 06:44:00,10792.80000000005,10792.80000000005
2026-05-04 07:44:00,10792.80000000005,10792.80000000005
2026-05-04 08:44:00,10792.80000000005,10792.80000000005
2026-05-04 09:44:00,10792.80000000005,10792.80000000005
2026-05-04 10:44:00,10792.80000000005,10792.80000000005
2026-05-04 11:44:00,10792.80000000005,10792.80000000005
2026-05-04 12:44:00,10792.80000000005,10792.80000000005
2026-05-04 13:44:00,10792.80000000005,10792.80000000005
2026-05-04 14:44:00,10792.80000000005,10792.80000000005
2026-05-04 15:44:00,10792.80000000005,10792.80000000005
2026-05-04 16:44:00,10792.80000000005,10792.80000000005
2026-05-04 17:44:00,10792.80000000005,10792.80000000005
2026-05-04 18:44:00,10792.80000000005,10792.80000000005
2026-05-04 19:44:00,10792.80000000005,10792.80000000005
2026-05-04 20:44:00,10792.80000000005,10792.80000000005
2026-05-04 21:44:00,10792.80000000005,10792.80000000005
2026-05-04 22:44:00,10792.80000000005,10792.80000000005
2026-05-04 23:44:00,10792.80000000005,10792.80000000005
2026-05-05 01:45:00,10792.80000000005,10792.80000000005
2026-05-05 02:45:00,10792.80000000005,10792.80000000005
2026-05-05 03:45:00,10792.80000000005,10792.80000000005
2026-05-05 04:45:00,10792.80000000005,10792.80000000005
2026-05-05 05:45:00,10792.80000000005,10792.80000000005
2026-05-05 06:45:00,10792.80000000005,10792.80000000005
2026-05-05 07:45:00,10792.80000000005,10792.80000000005
2026-05-05 08:45:00,10792.80000000005,10792.80000000005
2026-05-05 09:45:00,10792.80000000005,10792.80000000005
2026-05-05 10:45:00,10792.80000000005,10792.80000000005
2026-05-05 11:45:00,10792.80000000005,10792.80000000005
2026-05-05 12:45:00,10792.80000000005,10792.80000000005
2026-05-05 13:45:00,10792.80000000005,10792.80000000005
2026-05-05 14:45:00,10944.220000000052,10944.220000000052
2026-05-05 15:45:00,10944.220000000052,10944.220000000052
2026-05-05 16:45:00,10943.310000000052,10971.130000000056
2026-05-05 17:45:00,10978.910000000049,10978.910000000049
2026-05-05 18:45:00,10978.910000000049,10978.910000000049
2026-05-05 19:45:00,10978.910000000049,10978.910000000049
2026-05-05 20:45:00,10978.910000000049,10978.910000000049
2026-05-05 21:45:00,10978.910000000049,10978.910000000049
2026-05-05 22:45:00,10978.910000000049,10978.910000000049
2026-05-05 23:45:00,10978.910000000049,10978.910000000049
2026-05-06 01:46:00,10977.86000000005,10936.61000000005
2026-05-06 02:46:00,11138.510000000046,11138.510000000046
2026-05-06 03:46:00,11138.510000000046,11138.510000000046
2026-05-06 04:46:00,11138.510000000046,11138.510000000046
2026-05-06 05:46:00,11138.510000000046,11138.510000000046
2026-05-06 06:46:00,11138.510000000046,11138.510000000046
2026-05-06 07:46:00,11138.510000000046,11138.510000000046
2026-05-06 08:46:00,11138.510000000046,11138.510000000046
2026-05-06 09:46:00,11138.510000000046,11138.510000000046
2026-05-06 10:46:00,11138.510000000046,11138.510000000046
2026-05-06 11:46:00,11138.510000000046,11138.510000000046
2026-05-06 12:46:00,11138.510000000046,11138.510000000046
2026-05-06 13:46:00,11138.510000000046,11138.510000000046
2026-05-06 14:46:00,11138.510000000046,11138.510000000046
2026-05-06 15:46:00,11138.510000000046,11138.510000000046
2026-05-06 16:46:00,11138.510000000046,11138.510000000046
2026-05-06 17:46:00,11138.510000000046,11138.510000000046
2026-05-06 18:46:00,11138.510000000046,11138.510000000046
2026-05-06 19:46:00,11138.510000000046,11138.510000000046
2026-05-06 20:46:00,11138.510000000046,11138.510000000046
2026-05-06 21:46:00,11138.510000000046,11138.510000000046
2026-05-06 22:46:00,11138.510000000046,11138.510000000046
2026-05-06 23:46:00,11138.510000000046,11138.510000000046
2026-05-07 01:47:00,11138.510000000046,11138.510000000046
2026-05-07 02:47:00,11138.510000000046,11138.510000000046
2026-05-07 03:47:00,11138.510000000046,11138.510000000046
2026-05-07 04:47:00,11138.510000000046,11138.510000000046
2026-05-07 05:47:00,11138.510000000046,11138.510000000046
2026-05-07 06:47:00,11138.510000000046,11138.510000000046
2026-05-07 07:47:00,11138.510000000046,11138.510000000046
2026-05-07 08:47:00,11138.510000000046,11138.510000000046
2026-05-07 09:47:00,11138.510000000046,11138.510000000046
2026-05-07 10:47:00,11138.510000000046,11138.510000000046
2026-05-07 11:47:00,11138.510000000046,11138.510000000046
2026-05-07 12:47:00,11138.510000000046,11138.510000000046
2026-05-07 13:47:00,11138.510000000046,11138.510000000046
2026-05-07 14:47:00,11138.510000000046,11138.510000000046
2026-05-07 15:47:00,11138.510000000046,11138.510000000046
2026-05-07 16:47:00,11138.510000000046,11138.510000000046
2026-05-07 17:47:00,11138.510000000046,11138.510000000046
2026-05-07 18:47:00,11138.510000000046,11138.510000000046
2026-05-07 19:47:00,11138.510000000046,11138.510000000046
2026-05-07 20:47:00,11138.510000000046,11138.510000000046
2026-05-07 21:47:00,11138.510000000046,11138.510000000046
2026-05-07 22:47:00,11138.510000000046,11138.510000000046
2026-05-07 23:47:00,11138.510000000046,11138.510000000046
2026-05-08 01:48:00,11138.510000000046,11138.510000000046
2026-05-08 02:48:00,11138.510000000046,11138.510000000046
2026-05-08 03:48:00,11138.510000000046,11138.510000000046
2026-05-08 04:48:00,11138.510000000046,11138.510000000046
2026-05-08 05:48:00,11026.060000000047,11026.060000000047
2026-05-08 06:48:00,11026.060000000047,11026.060000000047
2026-05-08 07:48:00,11026.060000000047,11026.060000000047
2026-05-08 08:48:00,11026.060000000047,11026.060000000047
2026-05-08 09:48:00,11026.060000000047,11026.060000000047
2026-05-08 10:48:00,11026.060000000047,11026.060000000047
2026-05-08 11:48:00,11026.060000000047,11026.060000000047
2026-05-08 12:48:00,11026.060000000047,11026.060000000047
2026-05-08 13:48:00,11026.060000000047,11026.060000000047
2026-05-08 14:48:00,11026.060000000047,11026.060000000047
2026-05-08 15:48:00,11126.94000000004,11126.94000000004
2026-05-08 16:48:00,11126.94000000004,11126.94000000004
2026-05-08 17:48:00,11126.94000000004,11126.94000000004
2026-05-08 18:48:00,11126.94000000004,11126.94000000004
2026-05-08 19:48:00,11126.94000000004,11126.94000000004
2026-05-08 20:48:00,11126.94000000004,11126.94000000004
2026-05-08 21:48:00,11126.94000000004,11126.94000000004
2026-05-08 22:48:00,11126.94000000004,11126.94000000004
2026-05-08 23:48:00,11126.94000000004,11126.94000000004
2026-05-11 01:49:00,11126.94000000004,11126.94000000004
2026-05-11 02:49:00,11126.94000000004,11126.94000000004
2026-05-11 03:49:00,11126.94000000004,11126.94000000004
2026-05-11 04:49:00,11140.180000000042,11172.82000000004
2026-05-11 05:49:00,11229.580000000044,11229.580000000044
2026-05-11 06:49:00,11229.580000000044,11229.580000000044
2026-05-11 07:49:00,11229.580000000044,11229.580000000044
2026-05-11 08:49:00,11229.580000000044,11229.580000000044
2026-05-11 09:49:00,11229.580000000044,11229.580000000044
2026-05-11 10:49:00,11229.580000000044,11229.580000000044
2026-05-11 11:49:00,11229.580000000044,11229.580000000044
2026-05-11 12:49:00,11229.580000000044,11229.580000000044
2026-05-11 13:49:00,11229.580000000044,11229.580000000044
2026-05-11 14:49:00,11229.580000000044,11229.580000000044
2026-05-11 15:49:00,11229.580000000044,11229.580000000044
2026-05-11 16:49:00,11229.580000000044,11229.580000000044
2026-05-11 17:49:00,11229.580000000044,11229.580000000044
2026-05-11 18:49:00,11229.580000000044,11229.580000000044
2026-05-11 19:49:00,11229.580000000044,11229.580000000044
2026-05-11 20:49:00,11229.580000000044,11229.580000000044
2026-05-11 21:49:00,11229.580000000044,11229.580000000044
2026-05-11 22:49:00,11229.580000000044,11229.580000000044
2026-05-11 23:49:00,11229.580000000044,11229.580000000044
2026-05-12 01:50:00,11229.580000000044,11229.580000000044
2026-05-12 02:50:00,11229.580000000044,11229.580000000044
2026-05-12 03:50:00,11229.580000000044,11229.580000000044
2026-05-12 04:50:00,11229.580000000044,11229.580000000044
2026-05-12 05:50:00,11229.580000000044,11229.580000000044
2026-05-12 06:50:00,11229.580000000044,11229.580000000044
2026-05-12 07:50:00,11229.580000000044,11229.580000000044
2026-05-12 08:50:00,11229.580000000044,11229.580000000044
2026-05-12 09:50:00,11229.580000000044,11229.580000000044
2026-05-12 10:50:00,11229.580000000044,11229.580000000044
2026-05-12 11:50:00,11229.580000000044,11229.580000000044
2026-05-12 12:50:00,11229.580000000044,11229.580000000044
2026-05-12 13:50:00,11229.580000000044,11229.580000000044
2026-05-12 14:50:00,11229.580000000044,11229.580000000044
2026-05-12 15:50:00,11229.580000000044,11229.580000000044
2026-05-12 16:50:00,11229.580000000044,11229.580000000044
2026-05-12 17:50:00,11330.730000000045,11330.730000000045
2026-05-12 18:50:00,11330.730000000045,11330.730000000045
2026-05-12 19:50:00,11330.730000000045,11330.730000000045
2026-05-12 20:50:00,11330.730000000045,11330.730000000045
2026-05-12 21:50:00,11330.730000000045,11330.730000000045
2026-05-12 22:50:00,11330.730000000045,11330.730000000045
2026-05-12 23:50:00,11330.730000000045,11330.730000000045
2026-05-13 01:51:00,11330.730000000045,11330.730000000045
2026-05-13 02:51:00,11330.730000000045,11330.730000000045
2026-05-13 03:51:00,11330.730000000045,11330.730000000045
2026-05-13 04:51:00,11330.730000000045,11330.730000000045
2026-05-13 05:51:00,11330.730000000045,11330.730000000045
2026-05-13 06:51:00,11330.730000000045,11330.730000000045
2026-05-13 07:51:00,11330.730000000045,11330.730000000045
2026-05-13 08:51:00,11330.730000000045,11330.730000000045
2026-05-13 09:51:00,11330.730000000045,11330.730000000045
2026-05-13 10:51:00,11330.730000000045,11330.730000000045
2026-05-13 11:51:00,11330.730000000045,11330.730000000045
2026-05-13 12:51:00,11330.730000000045,11330.730000000045
2026-05-13 13:51:00,11330.730000000045,11330.730000000045
2026-05-13 14:51:00,11330.730000000045,11330.730000000045
2026-05-13 15:51:00,11330.730000000045,11330.730000000045
2026-05-13 16:51:00,11330.730000000045,11330.730000000045
2026-05-13 17:51:00,11330.730000000045,11330.730000000045
2026-05-13 18:51:00,11330.730000000045,11330.730000000045
2026-05-13 19:51:00,11330.730000000045,11330.730000000045
2026-05-13 20:51:00,11330.730000000045,11330.730000000045
2026-05-13 21:51:00,11330.730000000045,11330.730000000045
2026-05-13 22:51:00,11330.730000000045,11330.730000000045
2026-05-13 23:51:00,11330.730000000045,11330.730000000045
2026-05-14 01:52:00,11330.730000000045,11330.730000000045
2026-05-14 02:52:00,11330.730000000045,11330.730000000045
2026-05-14 03:52:00,11330.730000000045,11330.730000000045
2026-05-14 04:52:00,11330.730000000045,11330.730000000045
2026-05-14 05:52:00,11330.730000000045,11330.730000000045
2026-05-14 06:52:00,11330.730000000045,11330.730000000045
2026-05-14 07:52:00,11330.730000000045,11330.730000000045
2026-05-14 08:52:00,11330.730000000045,11330.730000000045
2026-05-14 09:52:00,11437.120000000046,11437.120000000046
2026-05-14 10:52:00,11437.120000000046,11437.120000000046
2026-05-14 11:52:00,11437.120000000046,11437.120000000046
2026-05-14 12:52:00,11437.120000000046,11437.120000000046
2026-05-14 13:52:00,11437.120000000046,11437.120000000046
2026-05-14 14:52:00,11437.120000000046,11437.120000000046
2026-05-14 15:52:00,11437.120000000046,11437.120000000046
2026-05-14 16:52:00,11437.120000000046,11437.120000000046
2026-05-14 17:52:00,11437.120000000046,11437.120000000046
2026-05-14 18:52:00,11437.120000000046,11437.120000000046
2026-05-14 19:52:00,11437.120000000046,11437.120000000046
2026-05-14 20:52:00,11437.120000000046,11437.120000000046
2026-05-14 21:52:00,11437.120000000046,11437.120000000046
2026-05-14 22:52:00,11437.120000000046,11437.120000000046
2026-05-14 23:52:00,11437.120000000046,11437.120000000046
2026-05-15 01:53:00,11437.120000000046,11437.120000000046
2026-05-15 02:53:00,11437.120000000046,11437.120000000046
2026-05-15 03:53:00,11437.120000000046,11437.120000000046
2026-05-15 04:53:00,11529.360000000046,11529.360000000046
2026-05-15 05:53:00,11529.360000000046,11529.360000000046
2026-05-15 06:53:00,11529.360000000046,11529.360000000046
2026-05-15 07:53:00,11529.360000000046,11529.360000000046
2026-05-15 08:53:00,11529.360000000046,11529.360000000046
2026-05-15 09:53:00,11529.360000000046,11529.360000000046
2026-05-15 10:53:00,11529.360000000046,11529.360000000046
2026-05-15 11:53:00,11529.360000000046,11529.360000000046
2026-05-15 12:53:00,11529.360000000046,11529.360000000046
2026-05-15 13:53:00,11529.360000000046,11529.360000000046
2026-05-15 14:53:00,11529.360000000046,11529.360000000046
2026-05-15 15:53:00,11529.360000000046,11529.360000000046
2026-05-15 16:53:00,11529.360000000046,11529.360000000046
2026-05-15 17:53:00,11529.360000000046,11529.360000000046
2026-05-15 18:53:00,11529.360000000046,11529.360000000046
2026-05-15 19:53:00,11529.360000000046,11529.360000000046
2026-05-15 20:53:00,11529.360000000046,11529.360000000046
2026-05-15 21:53:00,11529.360000000046,11529.360000000046
2026-05-15 22:53:00,11529.360000000046,11529.360000000046
2026-05-15 23:53:00,11529.360000000046,11529.360000000046
2026-05-18 01:54:00,11529.360000000046,11529.360000000046
2026-05-18 02:54:00,11529.360000000046,11529.360000000046
2026-05-18 03:54:00,11529.360000000046,11529.360000000046
2026-05-18 04:54:00,11529.360000000046,11529.360000000046
2026-05-18 05:54:00,11529.360000000046,11529.360000000046
2026-05-18 06:54:00,11529.360000000046,11529.360000000046
2026-05-18 07:54:00,11529.360000000046,11529.360000000046
2026-05-18 08:54:00,11529.360000000046,11529.360000000046
2026-05-18 09:54:00,11529.360000000046,11529.360000000046
2026-05-18 10:54:00,11529.360000000046,11529.360000000046
2026-05-18 11:54:00,11529.360000000046,11529.360000000046
2026-05-18 12:54:00,11529.360000000046,11529.360000000046
2026-05-18 13:54:00,11529.360000000046,11529.360000000046
2026-05-18 14:54:00,11529.360000000046,11529.360000000046
2026-05-18 15:54:00,11529.360000000046,11529.360000000046
2026-05-18 16:54:00,11529.360000000046,11529.360000000046
2026-05-18 17:54:00,11461.94000000005,11461.94000000005
2026-05-18 18:54:00,11461.94000000005,11461.94000000005
2026-05-18 19:54:00,11461.94000000005,11461.94000000005
2026-05-18 20:54:00,11461.94000000005,11461.94000000005
2026-05-18 21:54:00,11461.94000000005,11461.94000000005
2026-05-18 22:54:00,11497.79000000005,11501.790000000052
2026-05-18 23:54:00,11497.290000000048,11497.290000000048
2026-05-19 01:55:00,11497.290000000048,11497.290000000048
2026-05-19 02:55:00,11497.290000000048,11497.290000000048
2026-05-19 03:55:00,11497.290000000048,11497.290000000048
2026-05-19 04:55:00,11497.290000000048,11497.290000000048
2026-05-19 05:55:00,11497.290000000048,11497.290000000048
2026-05-19 06:55:00,11497.290000000048,11497.290000000048
2026-05-19 07:55:00,11497.290000000048,11497.290000000048
2026-05-19 08:55:00,11497.290000000048,11497.290000000048
2026-05-19 09:55:00,11497.290000000048,11497.290000000048
2026-05-19 10:55:00,11497.290000000048,11497.290000000048
2026-05-19 11:55:00,11497.290000000048,11497.290000000048
2026-05-19 12:55:00,11497.290000000048,11497.290000000048
2026-05-19 13:55:00,11497.290000000048,11497.290000000048
2026-05-19 14:55:00,11497.290000000048,11497.290000000048
2026-05-19 15:55:00,11497.290000000048,11497.290000000048
2026-05-19 16:55:00,11497.290000000048,11497.290000000048
2026-05-19 17:55:00,11497.290000000048,11497.290000000048
2026-05-19 18:55:00,11497.290000000048,11497.290000000048
2026-05-19 19:55:00,11497.290000000048,11497.290000000048
2026-05-19 20:55:00,11497.290000000048,11497.290000000048
2026-05-19 21:55:00,11497.290000000048,11497.290000000048
2026-05-19 22:55:00,11497.290000000048,11497.290000000048
2026-05-19 23:55:00,11497.290000000048,11497.290000000048
2026-05-20 01:56:00,11497.290000000048,11497.290000000048
2026-05-20 02:56:00,11497.290000000048,11497.290000000048
2026-05-20 03:56:00,11497.290000000048,11497.290000000048
2026-05-20 04:56:00,11497.290000000048,11497.290000000048
2026-05-20 05:56:00,11497.290000000048,11497.290000000048
2026-05-20 06:56:00,11497.290000000048,11497.290000000048
2026-05-20 07:56:00,11497.290000000048,11497.290000000048
2026-05-20 08:56:00,11497.290000000048,11497.290000000048
2026-05-20 09:56:00,11497.290000000048,11497.290000000048
2026-05-20 10:56:00,11497.290000000048,11497.290000000048
2026-05-20 11:56:00,11497.290000000048,11497.290000000048
2026-05-20 12:56:00,11497.290000000048,11497.290000000048
2026-05-20 13:56:00,11497.290000000048,11497.290000000048
2026-05-20 14:56:00,11497.290000000048,11497.290000000048
2026-05-20 15:56:00,11497.290000000048,11497.290000000048
2026-05-20 16:56:00,11497.290000000048,11497.290000000048
2026-05-20 17:56:00,11427.510000000048,11427.510000000048
2026-05-20 18:56:00,11427.510000000048,11427.510000000048
2026-05-20 19:56:00,11427.510000000048,11427.510000000048
2026-05-20 20:56:00,11427.510000000048,11427.510000000048
2026-05-20 21:56:00,11427.510000000048,11427.510000000048
2026-05-20 22:56:00,11427.510000000048,11427.510000000048
2026-05-20 23:56:00,11427.510000000048,11427.510000000048
2026-05-21 01:57:00,11427.510000000048,11427.510000000048
2026-05-21 02:57:00,11427.510000000048,11427.510000000048
2026-05-21 03:57:00,11427.510000000048,11427.510000000048
2026-05-21 04:57:00,11427.510000000048,11427.510000000048
2026-05-21 05:57:00,11427.510000000048,11427.510000000048
2026-05-21 06:57:00,11427.510000000048,11427.510000000048
2026-05-21 07:57:00,11427.510000000048,11427.510000000048
2026-05-21 08:57:00,11427.510000000048,11427.510000000048
2026-05-21 09:57:00,11427.510000000048,11427.510000000048
2026-05-21 10:57:00,11442.65000000005,11512.65000000005
2026-05-21 11:57:00,11559.220000000052,11559.220000000052
2026-05-21 12:57:00,11559.220000000052,11559.220000000052
2026-05-21 13:57:00,11559.220000000052,11559.220000000052
2026-05-21 14:57:00,11572.220000000052,11611.820000000049
2026-05-21 15:57:00,11599.340000000051,11654.380000000052
2026-05-21 16:57:00,11660.06000000005,11660.06000000005
2026-05-21 17:57:00,11660.06000000005,11660.06000000005
2026-05-21 18:57:00,11660.06000000005,11660.06000000005
2026-05-21 19:57:00,11660.06000000005,11660.06000000005
2026-05-21 20:57:00,11660.06000000005,11660.06000000005
2026-05-21 21:57:00,11660.06000000005,11660.06000000005
2026-05-21 22:57:00,11660.06000000005,11660.06000000005
2026-05-21 23:57:00,11660.06000000005,11660.06000000005
2026-05-22 01:58:00,11660.06000000005,11660.06000000005
2026-05-22 02:58:00,11660.06000000005,11660.06000000005
2026-05-22 03:58:00,11660.06000000005,11660.06000000005
2026-05-22 04:58:00,11697.010000000057,11697.010000000057
2026-05-22 05:58:00,11697.010000000057,11697.010000000057
2026-05-22 06:58:00,11697.010000000057,11697.010000000057
2026-05-22 07:58:00,11697.010000000057,11697.010000000057
2026-05-22 08:58:00,11697.010000000057,11697.010000000057
2026-05-22 09:58:00,11697.010000000057,11697.010000000057
2026-05-22 10:58:00,11697.010000000057,11697.010000000057
2026-05-22 11:58:00,11697.010000000057,11697.010000000057
2026-05-22 12:58:00,11697.010000000057,11697.010000000057
2026-05-22 13:58:00,11697.010000000057,11697.010000000057
2026-05-22 14:58:00,11697.010000000057,11697.010000000057
2026-05-22 15:58:00,11697.010000000057,11697.010000000057
2026-05-22 16:58:00,11697.010000000057,11697.010000000057
2026-05-22 17:58:00,11697.010000000057,11697.010000000057
2026-05-22 18:58:00,11697.010000000057,11697.010000000057
2026-05-22 19:58:00,11697.010000000057,11697.010000000057
2026-05-22 20:58:00,11697.010000000057,11697.010000000057
2026-05-22 21:58:00,11697.010000000057,11697.010000000057
2026-05-22 22:58:00,11697.010000000057,11697.010000000057
2026-05-22 23:58:00,11697.010000000057,11697.010000000057
2026-05-25 01:59:00,11697.010000000057,11697.010000000057
2026-05-25 02:59:00,11697.010000000057,11697.010000000057
2026-05-25 03:59:00,11697.010000000057,11697.010000000057
2026-05-25 04:59:00,11697.010000000057,11697.010000000057
2026-05-25 05:59:00,11697.010000000057,11697.010000000057
2026-05-25 06:59:00,11697.010000000057,11697.010000000057
2026-05-25 07:59:00,11697.010000000057,11697.010000000057
2026-05-25 08:59:00,11697.010000000057,11697.010000000057
2026-05-25 09:59:00,11697.010000000057,11697.010000000057
2026-05-25 10:59:00,11697.010000000057,11697.010000000057
2026-05-25 11:59:00,11697.010000000057,11697.010000000057
2026-05-25 12:59:00,11697.010000000057,11697.010000000057
2026-05-25 13:59:00,11697.010000000057,11697.010000000057
2026-05-25 14:59:00,11697.010000000057,11697.010000000057
2026-05-25 15:59:00,11697.010000000057,11697.010000000057
2026-05-25 16:59:00,11697.010000000057,11697.010000000057
2026-05-25 17:59:00,11697.010000000057,11697.010000000057
2026-05-25 18:59:00,11697.010000000057,11697.010000000057
2026-05-25 19:59:00,11697.010000000057,11697.010000000057
2026-05-25 20:59:00,11697.010000000057,11697.010000000057
2026-05-25 22:00:00,11697.010000000057,11697.010000000057
2026-05-26 01:51:00,11697.010000000057,11697.010000000057
2026-05-26 02:51:00,11697.010000000057,11697.010000000057
2026-05-26 03:51:00,11697.010000000057,11697.010000000057
2026-05-26 04:51:00,11697.010000000057,11697.010000000057
2026-05-26 05:51:00,11697.010000000057,11697.010000000057
2026-05-26 06:51:00,11697.010000000057,11697.010000000057
2026-05-26 07:51:00,11697.010000000057,11697.010000000057
2026-05-26 08:51:00,11697.010000000057,11697.010000000057
2026-05-26 09:51:00,11697.010000000057,11697.010000000057
2026-05-26 10:51:00,11697.010000000057,11697.010000000057
2026-05-26 11:51:00,11697.010000000057,11697.010000000057
2026-05-26 12:51:00,11697.010000000057,11697.010000000057
2026-05-26 13:51:00,11697.010000000057,11697.010000000057
2026-05-26 14:51:00,11697.010000000057,11697.010000000057
2026-05-26 15:51:00,11697.010000000057,11697.010000000057
2026-05-26 16:51:00,11697.010000000057,11697.010000000057
2026-05-26 17:51:00,11697.010000000057,11697.010000000057
2026-05-26 18:51:00,11697.010000000057,11697.010000000057
2026-05-26 19:51:00,11697.010000000057,11697.010000000057
2026-05-26 20:51:00,11697.010000000057,11697.010000000057
2026-05-26 21:51:00,11697.010000000057,11697.010000000057
2026-05-26 22:51:00,11697.010000000057,11697.010000000057
2026-05-26 23:51:00,11697.010000000057,11697.010000000057
2026-05-27 01:52:00,11697.010000000057,11697.010000000057
2026-05-27 02:52:00,11697.010000000057,11697.010000000057
2026-05-27 03:52:00,11697.010000000057,11697.010000000057
2026-05-27 04:52:00,11697.010000000057,11697.010000000057
2026-05-27 05:52:00,11697.010000000057,11697.010000000057
2026-05-27 06:52:00,11697.010000000057,11697.010000000057
2026-05-27 07:52:00,11697.010000000057,11697.010000000057
2026-05-27 08:52:00,11697.010000000057,11697.010000000057
2026-05-27 09:52:00,11697.010000000057,11697.010000000057
2026-05-27 10:52:00,11697.010000000057,11697.010000000057
2026-05-27 11:52:00,11697.010000000057,11697.010000000057
2026-05-27 12:52:00,11697.010000000057,11697.010000000057
2026-05-27 13:52:00,11697.010000000057,11697.010000000057
2026-05-27 14:52:00,11697.010000000057,11697.010000000057
2026-05-27 15:52:00,11697.010000000057,11697.010000000057
2026-05-27 16:52:00,11697.010000000057,11697.010000000057
2026-05-27 17:52:00,11697.010000000057,11697.010000000057
2026-05-27 18:52:00,11697.010000000057,11697.010000000057
2026-05-27 19:52:00,11697.010000000057,11697.010000000057
2026-05-27 20:52:00,11697.010000000057,11697.010000000057
2026-05-27 21:52:00,11697.010000000057,11697.010000000057
2026-05-27 22:52:00,11697.010000000057,11697.010000000057
2026-05-27 23:52:00,11697.010000000057,11697.010000000057
2026-05-28 01:53:00,11697.010000000057,11697.010000000057
2026-05-28 02:53:00,11697.010000000057,11697.010000000057
2026-05-28 03:53:00,11697.010000000057,11697.010000000057
2026-05-28 04:53:00,11697.010000000057,11697.010000000057
2026-05-28 05:53:00,11697.010000000057,11697.010000000057
2026-05-28 06:53:00,11697.010000000057,11697.010000000057
2026-05-28 07:53:00,11697.010000000057,11697.010000000057
2026-05-28 08:53:00,11697.010000000057,11697.010000000057
2026-05-28 09:53:00,11697.010000000057,11697.010000000057
2026-05-28 10:53:00,11697.010000000057,11697.010000000057
2026-05-28 11:53:00,11697.010000000057,11697.010000000057
2026-05-28 12:53:00,11697.010000000057,11697.010000000057
2026-05-28 13:53:00,11697.010000000057,11697.010000000057
2026-05-28 14:53:00,11697.010000000057,11697.010000000057
2026-05-28 15:53:00,11697.010000000057,11697.010000000057
2026-05-28 16:53:00,11732.850000000059,11789.070000000058
2026-05-28 17:53:00,11831.92000000006,11831.92000000006
2026-05-28 18:53:00,11831.92000000006,11831.92000000006
2026-05-28 19:53:00,11831.92000000006,11831.92000000006
2026-05-28 20:53:00,11831.92000000006,11831.92000000006
2026-05-28 21:53:00,11831.92000000006,11831.92000000006
2026-05-28 22:53:00,11831.92000000006,11831.92000000006
2026-05-28 23:53:00,11831.92000000006,11831.92000000006
2026-05-29 01:54:00,11831.01000000006,11818.66000000005
2026-05-29 02:54:00,11831.01000000006,11798.900000000056
2026-05-29 03:54:00,11844.21000000006,11837.810000000056
2026-05-29 04:54:00,11966.840000000057,11966.840000000057
2026-05-29 05:54:00,11966.840000000057,11966.840000000057
2026-05-29 06:54:00,11966.840000000057,11966.840000000057
2026-05-29 07:54:00,11966.840000000057,11966.840000000057
2026-05-29 08:54:00,11966.840000000057,11966.840000000057
2026-05-29 09:54:00,11966.840000000057,11966.840000000057
2026-05-29 10:54:00,11966.840000000057,11966.840000000057
2026-05-29 11:54:00,11851.49000000006,11851.49000000006
2026-05-29 12:54:00,11851.49000000006,11851.49000000006
2026-05-29 13:54:00,11851.49000000006,11851.49000000006
2026-05-29 14:54:00,11851.49000000006,11851.49000000006
2026-05-29 15:54:00,11851.49000000006,11851.49000000006
2026-05-29 16:54:00,11851.49000000006,11851.49000000006
2026-05-29 17:54:00,11851.49000000006,11851.49000000006
2026-05-29 18:54:00,11851.49000000006,11851.49000000006
2026-05-29 19:54:00,11851.49000000006,11851.49000000006
2026-05-29 20:54:00,11850.93000000006,11834.370000000063
2026-05-29 21:54:00,11850.93000000006,11839.89000000006
2026-05-29 22:54:00,11850.93000000006,11777.090000000064
2026-05-29 23:54:00,11732.690000000062,11732.690000000062
2026-06-01 01:55:00,11732.690000000062,11732.690000000062
2026-06-01 02:55:00,11732.690000000062,11732.690000000062
2026-06-01 03:55:00,11732.690000000062,11732.690000000062
2026-06-01 04:55:00,11732.690000000062,11732.690000000062
2026-06-01 05:55:00,11732.690000000062,11732.690000000062
2026-06-01 06:55:00,11732.690000000062,11732.690000000062
2026-06-01 07:55:00,11732.690000000062,11732.690000000062
2026-06-01 08:55:00,11732.690000000062,11732.690000000062
2026-06-01 09:55:00,11732.690000000062,11732.690000000062
2026-06-01 10:55:00,11732.690000000062,11732.690000000062
2026-06-01 11:55:00,11732.690000000062,11732.690000000062
2026-06-01 12:55:00,11732.690000000062,11732.690000000062
2026-06-01 13:55:00,11732.690000000062,11732.690000000062
2026-06-01 14:55:00,11732.690000000062,11732.690000000062
2026-06-01 15:55:00,11732.690000000062,11732.690000000062
2026-06-01 16:55:00,11732.690000000062,11732.690000000062
2026-06-01 17:55:00,11732.690000000062,11732.690000000062
2026-06-01 18:55:00,11732.690000000062,11732.690000000062
2026-06-01 19:55:00,11732.690000000062,11732.690000000062
2026-06-01 20:55:00,11732.690000000062,11732.690000000062
2026-06-01 21:55:00,11732.690000000062,11732.690000000062
2026-06-01 22:55:00,11732.690000000062,11732.690000000062
2026-06-01 23:55:00,11732.690000000062,11732.690000000062
2026-06-02 01:56:00,11732.690000000062,11732.690000000062
2026-06-02 02:56:00,11732.690000000062,11732.690000000062
2026-06-02 03:56:00,11732.690000000062,11732.690000000062
2026-06-02 04:56:00,11732.690000000062,11732.690000000062
2026-06-02 05:56:00,11732.690000000062,11732.690000000062
2026-06-02 06:56:00,11732.690000000062,11732.690000000062
2026-06-02 07:56:00,11732.690000000062,11732.690000000062
2026-06-02 08:56:00,11732.690000000062,11732.690000000062
2026-06-02 09:56:00,11732.690000000062,11732.690000000062
2026-06-02 10:56:00,11732.690000000062,11732.690000000062
2026-06-02 11:56:00,11732.690000000062,11732.690000000062
2026-06-02 12:56:00,11732.690000000062,11732.690000000062
2026-06-02 13:56:00,11732.690000000062,11732.690000000062
2026-06-02 14:56:00,11732.690000000062,11732.690000000062
2026-06-02 15:56:00,11732.200000000063,11739.270000000064
2026-06-02 16:56:00,11747.920000000062,11694.420000000064
2026-06-02 17:56:00,11668.770000000062,11668.770000000062
2026-06-02 18:56:00,11668.770000000062,11668.770000000062
2026-06-02 19:56:00,11668.770000000062,11668.770000000062
2026-06-02 20:56:00,11668.770000000062,11668.770000000062
2026-06-02 21:56:00,11668.770000000062,11668.770000000062
2026-06-02 22:56:00,11668.770000000062,11668.770000000062
2026-06-02 23:56:00,11668.770000000062,11668.770000000062
2026-06-03 01:57:00,11668.770000000062,11668.770000000062
2026-06-03 02:57:00,11668.770000000062,11668.770000000062
2026-06-03 03:57:00,11668.770000000062,11668.770000000062
2026-06-03 04:57:00,11668.770000000062,11668.770000000062
2026-06-03 05:57:00,11668.770000000062,11668.770000000062
2026-06-03 06:57:00,11668.770000000062,11668.770000000062
2026-06-03 07:57:00,11668.770000000062,11668.770000000062
2026-06-03 08:57:00,11668.770000000062,11668.770000000062
2026-06-03 09:57:00,11668.770000000062,11668.770000000062
2026-06-03 10:57:00,11668.770000000062,11668.770000000062
2026-06-03 11:57:00,11668.770000000062,11668.770000000062
2026-06-03 12:57:00,11668.770000000062,11668.770000000062
2026-06-03 13:57:00,11668.770000000062,11668.770000000062
2026-06-03 14:57:00,11668.770000000062,11668.770000000062
2026-06-03 15:57:00,11668.770000000062,11668.770000000062
2026-06-03 16:57:00,11668.770000000062,11668.770000000062
2026-06-03 17:57:00,11668.770000000062,11668.770000000062
2026-06-03 18:57:00,11668.770000000062,11668.770000000062
2026-06-03 19:57:00,11668.770000000062,11668.770000000062
2026-06-03 20:57:00,11668.770000000062,11668.770000000062
2026-06-03 21:57:00,11668.770000000062,11668.770000000062
2026-06-03 22:57:00,11668.770000000062,11668.770000000062
2026-06-03 23:57:00,11668.770000000062,11668.770000000062
2026-06-04 01:58:00,11668.770000000062,11668.770000000062
2026-06-04 02:58:00,11668.770000000062,11668.770000000062
2026-06-04 03:58:00,11668.770000000062,11668.770000000062
2026-06-04 04:58:00,11668.770000000062,11668.770000000062
2026-06-04 05:58:00,11668.770000000062,11668.770000000062
2026-06-04 06:58:00,11668.770000000062,11668.770000000062
2026-06-04 07:58:00,11668.770000000062,11668.770000000062
2026-06-04 08:58:00,11668.770000000062,11668.770000000062
2026-06-04 09:58:00,11668.770000000062,11668.770000000062
2026-06-04 10:58:00,11668.770000000062,11668.770000000062
2026-06-04 11:58:00,11668.770000000062,11668.770000000062
2026-06-04 12:58:00,11668.770000000062,11668.770000000062
2026-06-04 13:58:00,11668.770000000062,11668.770000000062
2026-06-04 14:58:00,11668.770000000062,11668.770000000062
2026-06-04 15:58:00,11668.770000000062,11668.770000000062
2026-06-04 16:58:00,11668.770000000062,11668.770000000062
2026-06-04 17:58:00,11551.32000000006,11551.32000000006
2026-06-04 18:58:00,11551.32000000006,11551.32000000006
2026-06-04 19:58:00,11551.32000000006,11551.32000000006
2026-06-04 20:58:00,11551.32000000006,11551.32000000006
2026-06-04 21:58:00,11551.32000000006,11551.32000000006
2026-06-04 22:58:00,11551.32000000006,11551.32000000006
2026-06-04 23:58:00,11551.32000000006,11551.32000000006
2026-06-05 01:59:00,11551.32000000006,11551.32000000006
2026-06-05 02:59:00,11551.32000000006,11551.32000000006
2026-06-05 03:59:00,11551.32000000006,11551.32000000006
2026-06-05 04:59:00,11551.32000000006,11551.32000000006
2026-06-05 05:59:00,11551.32000000006,11551.32000000006
2026-06-05 06:59:00,11551.32000000006,11551.32000000006
2026-06-05 07:59:00,11551.32000000006,11551.32000000006
2026-06-05 08:59:00,11551.32000000006,11551.32000000006
2026-06-05 09:59:00,11655.040000000063,11655.040000000063
2026-06-05 10:59:00,11655.040000000063,11655.040000000063
2026-06-05 11:59:00,11655.040000000063,11655.040000000063
2026-06-05 12:59:00,11655.040000000063,11655.040000000063
2026-06-05 13:59:00,11655.040000000063,11655.040000000063
2026-06-05 14:59:00,11655.040000000063,11655.040000000063
2026-06-05 15:59:00,11578.710000000068,11578.710000000068
2026-06-05 16:59:00,11578.710000000068,11578.710000000068
2026-06-05 17:59:00,11578.710000000068,11578.710000000068
2026-06-05 18:59:00,11578.710000000068,11578.710000000068
2026-06-05 19:59:00,11578.710000000068,11578.710000000068
2026-06-05 20:59:00,11578.710000000068,11578.710000000068
2026-06-05 21:59:00,11578.710000000068,11578.710000000068
2026-06-05 22:59:00,11578.710000000068,11578.710000000068
2026-06-08 01:00:00,11578.710000000068,11578.710000000068
2026-06-08 02:00:00,11578.710000000068,11578.710000000068
2026-06-08 03:00:00,11578.710000000068,11578.710000000068
2026-06-08 04:00:00,11578.710000000068,11578.710000000068
2026-06-08 05:00:00,11578.710000000068,11578.710000000068
2026-06-08 06:00:00,11578.710000000068,11578.710000000068
2026-06-08 07:00:00,11578.710000000068,11578.710000000068
2026-06-08 08:00:00,11578.710000000068,11578.710000000068
2026-06-08 09:00:00,11578.710000000068,11578.710000000068
2026-06-08 10:00:00,11578.710000000068,11578.710000000068
2026-06-08 11:00:00,11578.710000000068,11578.710000000068
2026-06-08 12:00:00,11578.710000000068,11578.710000000068
2026-06-08 13:00:00,11578.710000000068,11578.710000000068
2026-06-08 14:00:00,11578.710000000068,11578.710000000068
2026-06-08 15:00:00,11578.710000000068,11578.710000000068
2026-06-08 16:00:00,11578.710000000068,11578.710000000068
2026-06-08 17:00:00,11578.710000000068,11578.710000000068
2026-06-08 18:00:00,11578.290000000068,11529.150000000065
2026-06-08 19:00:00,11478.09000000007,11478.09000000007
2026-06-08 20:00:00,11478.09000000007,11478.09000000007
2026-06-08 21:00:00,11478.09000000007,11478.09000000007
2026-06-08 22:00:00,11478.09000000007,11478.09000000007
2026-06-08 23:00:00,11478.09000000007,11478.09000000007
2026-06-09 01:01:00,11478.09000000007,11478.09000000007
2026-06-09 02:01:00,11478.09000000007,11478.09000000007
2026-06-09 03:01:00,11478.09000000007,11478.09000000007
2026-06-09 04:01:00,11478.09000000007,11478.09000000007
2026-06-09 05:01:00,11478.09000000007,11478.09000000007
2026-06-09 06:01:00,11478.09000000007,11478.09000000007
2026-06-09 07:01:00,11478.09000000007,11478.09000000007
2026-06-09 08:01:00,11478.09000000007,11478.09000000007
2026-06-09 09:01:00,11478.09000000007,11478.09000000007
2026-06-09 10:01:00,11478.09000000007,11478.09000000007
2026-06-09 11:01:00,11478.09000000007,11478.09000000007
2026-06-09 12:01:00,11478.09000000007,11478.09000000007
2026-06-09 13:01:00,11478.09000000007,11478.09000000007
2026-06-09 14:01:00,11478.09000000007,11478.09000000007
2026-06-09 15:01:00,11478.09000000007,11478.09000000007
2026-06-09 16:01:00,11478.09000000007,11478.09000000007
2026-06-09 17:01:00,11478.09000000007,11478.09000000007
2026-06-09 18:01:00,11478.09000000007,11478.09000000007
2026-06-09 19:01:00,11478.09000000007,11478.09000000007
2026-06-09 20:01:00,11478.09000000007,11478.09000000007
2026-06-09 21:01:00,11478.09000000007,11478.09000000007
2026-06-09 22:01:00,11478.09000000007,11478.09000000007
2026-06-09 23:01:00,11478.09000000007,11478.09000000007
2026-06-10 01:02:00,11478.09000000007,11478.09000000007
2026-06-10 02:02:00,11478.09000000007,11478.09000000007
2026-06-10 03:02:00,11478.09000000007,11478.09000000007
2026-06-10 04:02:00,11478.09000000007,11478.09000000007
2026-06-10 05:02:00,11478.09000000007,11478.09000000007
2026-06-10 06:02:00,11478.09000000007,11478.09000000007
2026-06-10 07:02:00,11478.09000000007,11478.09000000007
2026-06-10 08:02:00,11478.09000000007,11478.09000000007
2026-06-10 09:02:00,11478.09000000007,11478.09000000007
2026-06-10 10:02:00,11478.09000000007,11478.09000000007
2026-06-10 11:02:00,11478.09000000007,11478.09000000007
2026-06-10 12:02:00,11478.09000000007,11478.09000000007
2026-06-10 13:02:00,11478.09000000007,11478.09000000007
2026-06-10 14:02:00,11478.09000000007,11478.09000000007
2026-06-10 15:02:00,11478.09000000007,11478.09000000007
2026-06-10 16:02:00,11478.09000000007,11478.09000000007
2026-06-10 17:02:00,11478.09000000007,11478.09000000007
2026-06-10 18:02:00,11478.09000000007,11478.09000000007
2026-06-10 19:02:00,11478.09000000007,11478.09000000007
2026-06-10 20:02:00,11478.09000000007,11478.09000000007
2026-06-10 21:02:00,11478.09000000007,11478.09000000007
2026-06-10 22:02:00,11478.09000000007,11478.09000000007
2026-06-10 23:02:00,11478.09000000007,11478.09000000007
2026-06-11 01:03:00,11478.09000000007,11478.09000000007
2026-06-11 02:03:00,11478.09000000007,11478.09000000007
2026-06-11 03:03:00,11478.09000000007,11478.09000000007
2026-06-11 04:03:00,11478.09000000007,11478.09000000007
2026-06-11 05:03:00,11478.09000000007,11478.09000000007
2026-06-11 06:03:00,11478.09000000007,11478.09000000007
2026-06-11 07:03:00,11478.09000000007,11478.09000000007
2026-06-11 08:03:00,11478.09000000007,11478.09000000007
2026-06-11 09:03:00,11478.09000000007,11478.09000000007
2026-06-11 10:03:00,11478.09000000007,11478.09000000007
2026-06-11 11:03:00,11478.09000000007,11478.09000000007
2026-06-11 12:03:00,11478.09000000007,11478.09000000007
2026-06-11 13:03:00,11478.09000000007,11478.09000000007
2026-06-11 14:03:00,11478.09000000007,11478.09000000007
2026-06-11 15:03:00,11478.09000000007,11478.09000000007
2026-06-11 16:03:00,11478.09000000007,11478.09000000007
2026-06-11 17:03:00,11478.09000000007,11478.09000000007
2026-06-11 18:03:00,11478.09000000007,11478.09000000007
2026-06-11 19:03:00,11478.09000000007,11478.09000000007
2026-06-11 20:03:00,11478.09000000007,11478.09000000007
2026-06-11 21:03:00,11478.09000000007,11478.09000000007
2026-06-11 22:03:00,11478.09000000007,11478.09000000007
2026-06-11 23:03:00,11478.09000000007,11478.09000000007
2026-06-12 01:04:00,11478.09000000007,11478.09000000007
2026-06-12 02:04:00,11478.09000000007,11478.09000000007
2026-06-12 03:04:00,11478.09000000007,11478.09000000007
2026-06-12 04:04:00,11477.320000000069,11466.100000000075
2026-06-12 05:04:00,11411.050000000067,11411.050000000067
2026-06-12 06:04:00,11411.050000000067,11411.050000000067
2026-06-12 07:04:00,11411.050000000067,11411.050000000067
2026-06-12 08:04:00,11411.050000000067,11411.050000000067
2026-06-12 09:04:00,11411.050000000067,11411.050000000067
2026-06-12 10:04:00,11411.050000000067,11411.050000000067
2026-06-12 11:04:00,11411.050000000067,11411.050000000067
2026-06-12 12:04:00,11411.050000000067,11411.050000000067
2026-06-12 13:04:00,11411.050000000067,11411.050000000067
2026-06-12 14:04:00,11411.050000000067,11411.050000000067
2026-06-12 15:04:00,11411.050000000067,11411.050000000067
2026-06-12 16:04:00,11411.050000000067,11411.050000000067
2026-06-12 17:04:00,11411.050000000067,11411.050000000067
2026-06-12 18:04:00,11411.050000000067,11411.050000000067
2026-06-12 19:04:00,11411.050000000067,11411.050000000067
2026-06-12 20:04:00,11411.050000000067,11411.050000000067
2026-06-12 21:04:00,11411.050000000067,11411.050000000067
2026-06-12 22:04:00,11411.050000000067,11411.050000000067
2026-06-12 23:04:00,11411.050000000067,11411.050000000067
2026-06-15 01:05:00,11411.050000000067,11411.050000000067
2026-06-15 02:05:00,11411.050000000067,11411.050000000067
2026-06-15 03:05:00,11411.050000000067,11411.050000000067
2026-06-15 04:05:00,11411.050000000067,11411.050000000067
2026-06-15 05:05:00,11411.050000000067,11411.050000000067
2026-06-15 06:05:00,11411.050000000067,11411.050000000067
2026-06-15 07:05:00,11411.050000000067,11411.050000000067
2026-06-15 08:05:00,11411.050000000067,11411.050000000067
2026-06-15 09:05:00,11411.050000000067,11411.050000000067
2026-06-15 10:05:00,11411.050000000067,11411.050000000067
2026-06-15 11:05:00,11411.050000000067,11411.050000000067
2026-06-15 12:05:00,11411.050000000067,11411.050000000067
2026-06-15 13:05:00,11411.050000000067,11411.050000000067
2026-06-15 14:05:00,11411.050000000067,11411.050000000067
2026-06-15 15:05:00,11411.050000000067,11411.050000000067
2026-06-15 16:05:00,11411.050000000067,11411.050000000067
2026-06-15 17:05:00,11411.050000000067,11411.050000000067
2026-06-15 18:05:00,11411.050000000067,11411.050000000067
2026-06-15 19:05:00,11411.050000000067,11411.050000000067
2026-06-15 20:05:00,11411.050000000067,11411.050000000067
2026-06-15 21:05:00,11411.050000000067,11411.050000000067
2026-06-15 22:05:00,11411.050000000067,11411.050000000067
2026-06-15 23:05:00,11411.050000000067,11411.050000000067
2026-06-16 01:06:00,11411.050000000067,11411.050000000067
2026-06-16 02:06:00,11411.050000000067,11411.050000000067
2026-06-16 03:06:00,11411.050000000067,11411.050000000067
2026-06-16 04:06:00,11411.050000000067,11411.050000000067
2026-06-16 05:06:00,11411.050000000067,11411.050000000067
2026-06-16 06:06:00,11411.050000000067,11411.050000000067
2026-06-16 07:06:00,11411.050000000067,11411.050000000067
2026-06-16 08:06:00,11411.050000000067,11411.050000000067
2026-06-16 09:06:00,11411.050000000067,11411.050000000067
2026-06-16 10:06:00,11411.050000000067,11411.050000000067
2026-06-16 11:06:00,11411.050000000067,11411.050000000067
2026-06-16 12:06:00,11411.050000000067,11411.050000000067
2026-06-16 13:06:00,11411.050000000067,11411.050000000067
2026-06-16 14:06:00,11411.050000000067,11411.050000000067
2026-06-16 15:06:00,11411.050000000067,11411.050000000067
2026-06-16 16:06:00,11411.050000000067,11411.050000000067
2026-06-16 17:06:00,11411.050000000067,11411.050000000067
2026-06-16 18:06:00,11411.050000000067,11411.050000000067
2026-06-16 19:06:00,11423.000000000067,11435.390000000065
2026-06-16 20:06:00,11423.000000000067,11433.570000000062
2026-06-16 21:06:00,11447.640000000065,11447.640000000065
2026-06-16 22:06:00,11447.640000000065,11447.640000000065
2026-06-16 23:06:00,11447.640000000065,11447.640000000065
2026-06-17 01:07:00,11447.640000000065,11447.640000000065
2026-06-17 02:07:00,11447.640000000065,11447.640000000065
2026-06-17 03:07:00,11447.640000000065,11447.640000000065
2026-06-17 04:07:00,11447.640000000065,11447.640000000065
2026-06-17 05:07:00,11447.640000000065,11447.640000000065
2026-06-17 06:07:00,11447.640000000065,11447.640000000065
2026-06-17 07:07:00,11447.640000000065,11447.640000000065
2026-06-17 08:07:00,11447.640000000065,11447.640000000065
2026-06-17 09:07:00,11447.640000000065,11447.640000000065
2026-06-17 10:07:00,11447.640000000065,11447.640000000065
2026-06-17 11:07:00,11447.640000000065,11447.640000000065
2026-06-17 12:07:00,11447.640000000065,11447.640000000065
2026-06-17 13:07:00,11447.640000000065,11447.640000000065
2026-06-17 14:07:00,11447.640000000065,11447.640000000065
2026-06-17 15:07:00,11447.640000000065,11447.640000000065
2026-06-17 16:07:00,11447.640000000065,11447.640000000065
2026-06-17 17:07:00,11447.640000000065,11447.640000000065
2026-06-17 18:07:00,11447.640000000065,11447.640000000065
2026-06-17 19:07:00,11447.640000000065,11447.640000000065
2026-06-17 20:07:00,11447.640000000065,11447.640000000065
2026-06-17 21:07:00,11447.640000000065,11447.640000000065
2026-06-17 22:07:00,11447.570000000065,11435.350000000064
2026-06-17 23:07:00,11386.400000000065,11386.400000000065
2026-06-18 01:08:00,11386.400000000065,11386.400000000065
2026-06-18 02:08:00,11386.400000000065,11386.400000000065
2026-06-18 03:08:00,11386.400000000065,11386.400000000065
2026-06-18 04:08:00,11386.400000000065,11386.400000000065
2026-06-18 05:08:00,11386.400000000065,11386.400000000065
2026-06-18 06:08:00,11386.400000000065,11386.400000000065
2026-06-18 07:08:00,11386.400000000065,11386.400000000065
2026-06-18 08:08:00,11386.400000000065,11386.400000000065
2026-06-18 09:08:00,11386.400000000065,11386.400000000065
2026-06-18 10:08:00,11386.400000000065,11386.400000000065
2026-06-18 11:08:00,11386.400000000065,11386.400000000065
2026-06-18 12:08:00,11386.400000000065,11386.400000000065
2026-06-18 13:08:00,11386.400000000065,11386.400000000065
2026-06-18 14:08:00,11386.400000000065,11386.400000000065
2026-06-18 15:08:00,11386.400000000065,11386.400000000065
2026-06-18 16:08:00,11386.400000000065,11386.400000000065
2026-06-18 17:08:00,11386.400000000065,11386.400000000065
2026-06-18 18:08:00,11386.400000000065,11386.400000000065
2026-06-18 19:08:00,11386.400000000065,11386.400000000065
2026-06-18 20:08:00,11386.400000000065,11386.400000000065
2026-06-18 21:08:00,11386.400000000065,11386.400000000065
2026-06-18 22:08:00,11386.400000000065,11386.400000000065
2026-06-18 23:08:00,11386.400000000065,11386.400000000065
2026-06-19 01:09:00,11386.400000000065,11386.400000000065
2026-06-19 02:09:00,11386.400000000065,11386.400000000065
2026-06-19 03:09:00,11386.400000000065,11386.400000000065
2026-06-19 04:09:00,11386.400000000065,11386.400000000065
2026-06-19 05:09:00,11386.400000000065,11386.400000000065
2026-06-19 06:09:00,11386.400000000065,11386.400000000065
2026-06-19 07:09:00,11386.400000000065,11386.400000000065
2026-06-19 08:09:00,11386.190000000066,11365.310000000067
2026-06-19 09:09:00,11386.190000000066,11421.380000000065
2026-06-19 10:09:00,11386.190000000066,11469.020000000066
2026-06-19 11:09:00,11386.190000000066,11483.720000000063
2026-06-19 12:09:00,11386.190000000066,11488.220000000063
2026-06-19 13:09:00,11386.190000000066,11461.280000000064
2026-06-19 14:09:00,11386.190000000066,11434.760000000064
2026-06-19 15:09:00,11386.190000000066,11466.830000000067
2026-06-19 16:09:00,11386.190000000066,11539.220000000063
2026-06-19 17:09:00,11386.190000000066,11441.930000000066
2026-06-19 18:09:00,11386.190000000066,11448.230000000065
2026-06-19 19:09:00,11386.190000000066,11430.080000000065
2026-06-22 01:08:00,11384.690000000066,11454.980000000065
2026-06-22 02:08:00,11384.690000000066,11472.110000000064
2026-06-22 03:08:00,11384.690000000066,11425.910000000065
2026-06-22 04:08:00,11561.630000000065,11561.630000000065
2026-06-22 05:08:00,11455.070000000062,11455.070000000062
2026-06-22 06:08:00,11455.070000000062,11455.070000000062
2026-06-22 07:08:00,11455.070000000062,11455.070000000062
2026-06-22 08:08:00,11455.070000000062,11455.070000000062
2026-06-22 09:08:00,11455.070000000062,11455.070000000062
2026-06-22 10:08:00,11455.070000000062,11455.070000000062
2026-06-22 11:08:00,11455.070000000062,11455.070000000062
2026-06-22 12:08:00,11455.070000000062,11455.070000000062
2026-06-22 13:08:00,11455.070000000062,11455.070000000062
2026-06-22 14:08:00,11455.070000000062,11455.070000000062
2026-06-22 15:08:00,11455.070000000062,11455.070000000062
2026-06-22 16:08:00,11455.070000000062,11455.070000000062
2026-06-22 17:08:00,11455.070000000062,11455.070000000062
2026-06-22 18:08:00,11455.070000000062,11455.070000000062
2026-06-22 19:08:00,11455.070000000062,11455.070000000062
2026-06-22 20:08:00,11455.070000000062,11455.070000000062
2026-06-22 21:08:00,11455.070000000062,11455.070000000062
2026-06-22 22:08:00,11455.070000000062,11455.070000000062
2026-06-22 23:08:00,11455.070000000062,11455.070000000062
2026-06-23 01:09:00,11455.070000000062,11455.070000000062
2026-06-23 02:09:00,11455.070000000062,11455.070000000062
2026-06-23 03:09:00,11455.070000000062,11455.070000000062
2026-06-23 04:09:00,11455.070000000062,11455.070000000062
2026-06-23 05:09:00,11455.070000000062,11455.070000000062
2026-06-23 06:09:00,11455.070000000062,11455.070000000062
2026-06-23 07:09:00,11455.070000000062,11455.070000000062
2026-06-23 08:09:00,11455.070000000062,11455.070000000062
2026-06-23 09:09:00,11455.070000000062,11455.070000000062
2026-06-23 10:09:00,11455.070000000062,11455.070000000062
2026-06-23 11:09:00,11455.070000000062,11455.070000000062
2026-06-23 12:09:00,11455.070000000062,11455.070000000062
2026-06-23 13:09:00,11455.070000000062,11455.070000000062
2026-06-23 14:09:00,11455.070000000062,11455.070000000062
2026-06-23 15:09:00,11455.070000000062,11455.070000000062
2026-06-23 16:09:00,11455.070000000062,11455.070000000062
2026-06-23 17:09:00,11455.070000000062,11455.070000000062
2026-06-23 18:09:00,11455.070000000062,11455.070000000062
2026-06-23 19:09:00,11455.070000000062,11455.070000000062
2026-06-23 20:09:00,11455.070000000062,11455.070000000062
2026-06-23 21:09:00,11455.070000000062,11455.070000000062
2026-06-23 22:09:00,11455.070000000062,11455.070000000062
2026-06-23 23:09:00,11455.070000000062,11455.070000000062
2026-06-24 01:10:00,11455.070000000062,11455.070000000062
2026-06-24 02:10:00,11455.070000000062,11455.070000000062
2026-06-24 03:10:00,11455.070000000062,11455.070000000062
2026-06-24 04:10:00,11455.070000000062,11455.070000000062
2026-06-24 05:10:00,11455.070000000062,11455.070000000062
2026-06-24 06:10:00,11455.070000000062,11455.070000000062
2026-06-24 07:10:00,11455.070000000062,11455.070000000062
2026-06-24 08:10:00,11455.070000000062,11455.070000000062
2026-06-24 09:10:00,11455.070000000062,11455.070000000062
2026-06-24 10:10:00,11455.070000000062,11455.070000000062
2026-06-24 11:10:00,11455.070000000062,11455.070000000062
2026-06-24 12:10:00,11455.070000000062,11455.070000000062
2026-06-24 13:10:00,11455.070000000062,11455.070000000062
2026-06-24 14:10:00,11455.070000000062,11455.070000000062
2026-06-24 15:10:00,11455.070000000062,11455.070000000062
2026-06-24 16:10:00,11455.070000000062,11455.070000000062
2026-06-24 17:10:00,11455.070000000062,11455.070000000062
2026-06-24 18:10:00,11455.070000000062,11455.070000000062
2026-06-24 19:10:00,11455.070000000062,11455.070000000062
2026-06-24 20:10:00,11455.070000000062,11455.070000000062
2026-06-24 21:10:00,11455.070000000062,11455.070000000062
2026-06-24 22:10:00,11455.070000000062,11455.070000000062
2026-06-24 23:10:00,11455.070000000062,11455.070000000062
2026-06-25 01:11:00,11455.070000000062,11455.070000000062
2026-06-25 02:11:00,11455.070000000062,11455.070000000062
2026-06-25 03:11:00,11455.070000000062,11455.070000000062
2026-06-25 04:11:00,11340.770000000059,11340.770000000059
2026-06-25 05:11:00,11340.770000000059,11340.770000000059
2026-06-25 06:11:00,11340.770000000059,11340.770000000059
2026-06-25 07:11:00,11340.770000000059,11340.770000000059
2026-06-25 08:11:00,11340.770000000059,11340.770000000059
2026-06-25 09:11:00,11340.770000000059,11340.770000000059
2026-06-25 10:11:00,11340.770000000059,11340.770000000059
2026-06-25 11:11:00,11340.770000000059,11340.770000000059
2026-06-25 12:11:00,11340.770000000059,11340.770000000059
2026-06-25 13:11:00,11340.770000000059,11340.770000000059
2026-06-25 14:11:00,11340.770000000059,11340.770000000059
2026-06-25 15:11:00,11340.770000000059,11340.770000000059
2026-06-25 16:11:00,11340.770000000059,11340.770000000059
2026-06-25 17:11:00,11340.770000000059,11340.770000000059
2026-06-25 18:11:00,11340.770000000059,11340.770000000059
2026-06-25 19:11:00,11340.770000000059,11340.770000000059
2026-06-25 20:11:00,11340.770000000059,11340.770000000059
2026-06-25 21:11:00,11340.770000000059,11340.770000000059
2026-06-25 22:11:00,11340.770000000059,11340.770000000059
2026-06-25 23:11:00,11340.770000000059,11340.770000000059
2026-06-26 01:12:00,11340.770000000059,11340.770000000059
2026-06-26 02:12:00,11340.770000000059,11340.770000000059
2026-06-26 03:12:00,11339.930000000058,11314.610000000057
2026-06-26 04:12:00,11378.750000000058,11378.750000000058
2026-06-26 05:12:00,11378.750000000058,11378.750000000058
2026-06-26 06:12:00,11378.750000000058,11378.750000000058
2026-06-26 07:12:00,11378.750000000058,11378.750000000058
2026-06-26 08:12:00,11378.750000000058,11378.750000000058
2026-06-26 09:12:00,11378.750000000058,11378.750000000058
2026-06-26 10:12:00,11378.750000000058,11378.750000000058
2026-06-26 11:12:00,11378.750000000058,11378.750000000058
2026-06-26 12:12:00,11378.750000000058,11378.750000000058
2026-06-26 13:12:00,11378.750000000058,11378.750000000058
2026-06-26 14:12:00,11378.750000000058,11378.750000000058
2026-06-26 15:12:00,11378.750000000058,11378.750000000058
2026-06-26 16:12:00,11378.750000000058,11378.750000000058
2026-06-26 17:12:00,11378.750000000058,11378.750000000058
2026-06-26 18:12:00,11378.750000000058,11378.750000000058
2026-06-26 19:12:00,11378.750000000058,11378.750000000058
2026-06-26 20:12:00,11378.750000000058,11378.750000000058
2026-06-26 21:12:00,11378.750000000058,11378.750000000058
2026-06-26 22:12:00,11378.750000000058,11378.750000000058
2026-06-26 23:12:00,11378.750000000058,11378.750000000058
2026-06-29 01:13:00,11378.750000000058,11378.750000000058
2026-06-29 02:13:00,11412.64000000006,11463.340000000062
2026-06-29 03:13:00,11412.14000000006,11412.14000000006
2026-06-29 04:13:00,11412.14000000006,11412.14000000006
2026-06-29 05:13:00,11412.14000000006,11412.14000000006
2026-06-29 06:13:00,11412.14000000006,11412.14000000006
2026-06-29 07:13:00,11412.14000000006,11412.14000000006
2026-06-29 08:13:00,11412.14000000006,11412.14000000006
2026-06-29 09:13:00,11412.14000000006,11412.14000000006
2026-06-29 10:13:00,11412.14000000006,11412.14000000006
2026-06-29 11:13:00,11412.14000000006,11412.14000000006
2026-06-29 12:13:00,11412.14000000006,11412.14000000006
2026-06-29 13:13:00,11412.14000000006,11412.14000000006
2026-06-29 14:13:00,11412.14000000006,11412.14000000006
2026-06-29 15:13:00,11412.14000000006,11412.14000000006
2026-06-29 16:13:00,11412.14000000006,11412.14000000006
2026-06-29 17:13:00,11412.14000000006,11412.14000000006
2026-06-29 18:13:00,11412.14000000006,11412.14000000006
2026-06-29 19:13:00,11412.14000000006,11412.14000000006
2026-06-29 20:13:00,11412.14000000006,11412.14000000006
2026-06-29 21:13:00,11412.14000000006,11412.14000000006
2026-06-29 22:13:00,11412.14000000006,11412.14000000006
2026-06-29 23:13:00,11412.14000000006,11412.14000000006
2026-06-30 01:14:00,11412.14000000006,11412.14000000006
2026-06-30 02:14:00,11412.14000000006,11412.14000000006
2026-06-30 03:14:00,11412.14000000006,11412.14000000006
2026-06-30 04:14:00,11412.14000000006,11412.14000000006
2026-06-30 05:14:00,11412.14000000006,11412.14000000006
2026-06-30 06:14:00,11412.14000000006,11412.14000000006
2026-06-30 07:14:00,11412.14000000006,11412.14000000006
2026-06-30 08:14:00,11412.14000000006,11412.14000000006
2026-06-30 09:14:00,11412.14000000006,11412.14000000006
2026-06-30 10:14:00,11412.14000000006,11412.14000000006
2026-06-30 11:14:00,11412.14000000006,11412.14000000006
2026-06-30 12:14:00,11412.14000000006,11412.14000000006
2026-06-30 13:14:00,11412.14000000006,11412.14000000006
2026-06-30 14:14:00,11411.09000000006,11332.34000000006
2026-06-30 15:14:00,11300.840000000062,11300.840000000062
2026-06-30 16:14:00,11362.260000000062,11424.210000000061
2026-06-30 17:14:00,11531.350000000059,11531.350000000059
2026-06-30 18:14:00,11531.350000000059,11531.350000000059
2026-06-30 19:14:00,11566.770000000059,11603.070000000058
2026-06-30 20:14:00,11566.170000000058,11566.170000000058
2026-06-30 21:14:00,11566.170000000058,11566.170000000058
2026-06-30 22:14:00,11566.170000000058,11566.170000000058
2026-06-30 23:14:00,11566.170000000058,11566.170000000058
2026-07-01 01:15:00,11566.170000000058,11566.170000000058
2026-07-01 02:15:00,11566.170000000058,11566.170000000058
2026-07-01 03:15:00,11566.170000000058,11566.170000000058
2026-07-01 04:15:00,11449.690000000059,11449.690000000059
2026-07-01 05:15:00,11449.690000000059,11449.690000000059
2026-07-01 06:15:00,11449.690000000059,11449.690000000059
2026-07-01 07:15:00,11463.88000000006,11440.930000000057
2026-07-01 08:15:00,11384.23000000006,11384.23000000006
2026-07-01 09:15:00,11384.23000000006,11384.23000000006
2026-07-01 10:15:00,11384.23000000006,11384.23000000006
2026-07-01 11:15:00,11384.23000000006,11384.23000000006
2026-07-01 12:15:00,11384.23000000006,11384.23000000006
2026-07-01 13:15:00,11384.23000000006,11384.23000000006
2026-07-01 14:15:00,11384.23000000006,11384.23000000006
2026-07-01 15:15:00,11384.23000000006,11384.23000000006
2026-07-01 16:15:00,11384.23000000006,11384.23000000006
2026-07-01 17:15:00,11384.23000000006,11384.23000000006
2026-07-01 18:15:00,11384.23000000006,11384.23000000006
2026-07-01 19:15:00,11384.23000000006,11384.23000000006
2026-07-01 20:15:00,11384.23000000006,11384.23000000006
2026-07-01 21:15:00,11384.23000000006,11384.23000000006
2026-07-01 22:15:00,11384.23000000006,11384.23000000006
2026-07-01 23:15:00,11384.23000000006,11384.23000000006
2026-07-02 01:16:00,11383.60000000006,11410.870000000063
2026-07-02 02:16:00,11383.60000000006,11402.95000000006
2026-07-02 03:16:00,11395.18000000006,11357.10000000006
2026-07-02 04:16:00,11313.35000000006,11313.35000000006
2026-07-02 05:16:00,11348.770000000062,11348.770000000062
2026-07-02 06:16:00,11348.770000000062,11348.770000000062
2026-07-02 07:16:00,11348.770000000062,11348.770000000062
2026-07-02 08:16:00,11348.770000000062,11348.770000000062
2026-07-02 09:16:00,11348.770000000062,11348.770000000062
2026-07-02 10:16:00,11348.770000000062,11348.770000000062
2026-07-02 11:16:00,11348.770000000062,11348.770000000062
2026-07-02 12:16:00,11348.770000000062,11348.770000000062
2026-07-02 13:16:00,11348.770000000062,11348.770000000062
2026-07-02 14:16:00,11348.770000000062,11348.770000000062
2026-07-02 15:16:00,11348.770000000062,11348.770000000062
2026-07-02 16:16:00,11348.770000000062,11348.770000000062
2026-07-02 17:16:00,11387.550000000063,11444.400000000063
2026-07-02 18:16:00,11387.050000000061,11387.050000000061
2026-07-02 19:16:00,11387.050000000061,11387.050000000061
2026-07-02 20:16:00,11387.050000000061,11387.050000000061
2026-07-02 21:16:00,11387.050000000061,11387.050000000061
2026-07-02 22:16:00,11387.050000000061,11387.050000000061
2026-07-02 23:16:00,11387.050000000061,11387.050000000061
2026-07-03 01:17:00,11387.050000000061,11387.050000000061
2026-07-03 02:17:00,11387.050000000061,11387.050000000061
2026-07-03 03:17:00,11387.050000000061,11387.050000000061
2026-07-03 04:17:00,11387.050000000061,11387.050000000061
2026-07-03 05:17:00,11387.050000000061,11387.050000000061
2026-07-03 06:17:00,11387.050000000061,11387.050000000061
2026-07-03 07:17:00,11387.050000000061,11387.050000000061
2026-07-03 08:17:00,11387.050000000061,11387.050000000061
2026-07-03 09:17:00,11316.24000000005,11316.24000000005
2026-07-03 10:20:00,11316.24000000005,11316.24000000005
2026-07-03 11:20:00,11316.24000000005,11316.24000000005
2026-07-03 12:20:00,11316.24000000005,11316.24000000005
2026-07-03 13:20:00,11316.24000000005,11316.24000000005
2026-07-03 14:20:00,11316.24000000005,11316.24000000005
2026-07-03 15:20:00,11316.24000000005,11316.24000000005
2026-07-03 16:20:00,11316.24000000005,11316.24000000005
2026-07-03 17:20:00,11327.81000000005,11363.810000000054
2026-07-03 18:20:00,11377.730000000049,11431.53000000005
2026-07-03 19:20:00,11418.830000000049,11418.830000000049
2026-07-06 01:19:00,11418.830000000049,11418.830000000049
2026-07-06 02:19:00,11418.830000000049,11418.830000000049
2026-07-06 03:19:00,11418.830000000049,11418.830000000049
2026-07-06 04:19:00,11455.400000000047,11455.400000000047
2026-07-06 05:19:00,11455.400000000047,11455.400000000047
2026-07-06 06:19:00,11455.400000000047,11455.400000000047
2026-07-06 07:19:00,11455.400000000047,11455.400000000047
2026-07-06 08:19:00,11455.400000000047,11455.400000000047
2026-07-06 09:19:00,11455.400000000047,11455.400000000047
2026-07-06 10:19:00,11455.400000000047,11455.400000000047
2026-07-06 11:19:00,11455.400000000047,11455.400000000047
2026-07-06 12:19:00,11455.400000000047,11455.400000000047
2026-07-06 13:19:00,11455.400000000047,11455.400000000047
2026-07-06 14:19:00,11455.400000000047,11455.400000000047
2026-07-06 15:19:00,11455.400000000047,11455.400000000047
2026-07-06 16:19:00,11455.400000000047,11455.400000000047
2026-07-06 17:19:00,11455.400000000047,11455.400000000047
2026-07-06 18:19:00,11455.400000000047,11455.400000000047
2026-07-06 19:19:00,11455.400000000047,11455.400000000047
2026-07-06 20:19:00,11455.400000000047,11455.400000000047
2026-07-06 21:19:00,11455.400000000047,11455.400000000047
2026-07-06 22:19:00,11455.400000000047,11455.400000000047
2026-07-06 23:19:00,11455.400000000047,11455.400000000047
2026-07-07 01:20:00,11455.400000000047,11455.400000000047
2026-07-07 02:20:00,11455.400000000047,11455.400000000047
2026-07-07 03:20:00,11455.400000000047,11455.400000000047
2026-07-07 04:20:00,11455.400000000047,11455.400000000047
2026-07-07 05:20:00,11455.400000000047,11455.400000000047
2026-07-07 06:20:00,11455.400000000047,11455.400000000047
2026-07-07 07:20:00,11455.400000000047,11455.400000000047
2026-07-07 08:20:00,11455.400000000047,11455.400000000047
2026-07-07 09:20:00,11455.400000000047,11455.400000000047
2026-07-07 10:20:00,11455.400000000047,11455.400000000047
2026-07-07 11:20:00,11455.400000000047,11455.400000000047
2026-07-07 12:20:00,11455.400000000047,11455.400000000047
2026-07-07 13:20:00,11455.400000000047,11455.400000000047
2026-07-07 14:20:00,11455.400000000047,11455.400000000047
2026-07-07 15:20:00,11455.400000000047,11455.400000000047
2026-07-07 16:20:00,11455.400000000047,11455.400000000047
2026-07-07 17:20:00,11455.400000000047,11455.400000000047
2026-07-07 18:20:00,11455.400000000047,11455.400000000047
2026-07-07 19:20:00,11455.400000000047,11455.400000000047
2026-07-07 20:20:00,11455.400000000047,11455.400000000047
2026-07-07 21:20:00,11455.400000000047,11455.400000000047
2026-07-07 22:20:00,11455.400000000047,11455.400000000047
2026-07-07 23:20:00,11455.400000000047,11455.400000000047
2026-07-08 01:21:00,11455.400000000047,11455.400000000047
2026-07-08 02:21:00,11455.400000000047,11455.400000000047
2026-07-08 03:21:00,11455.400000000047,11455.400000000047
2026-07-08 04:21:00,11455.400000000047,11455.400000000047
2026-07-08 05:21:00,11455.400000000047,11455.400000000047
2026-07-08 06:21:00,11455.400000000047,11455.400000000047
2026-07-08 07:21:00,11455.400000000047,11455.400000000047
2026-07-08 08:21:00,11455.400000000047,11455.400000000047
2026-07-08 09:21:00,11455.400000000047,11455.400000000047
2026-07-08 10:21:00,11455.400000000047,11455.400000000047
2026-07-08 11:21:00,11455.400000000047,11455.400000000047
2026-07-08 12:21:00,11455.400000000047,11455.400000000047
2026-07-08 13:21:00,11455.400000000047,11455.400000000047
2026-07-08 14:21:00,11455.400000000047,11455.400000000047
2026-07-08 15:21:00,11455.400000000047,11455.400000000047
2026-07-08 16:21:00,11455.400000000047,11455.400000000047
2026-07-08 17:21:00,11455.400000000047,11455.400000000047
2026-07-08 18:21:00,11455.400000000047,11455.400000000047
2026-07-08 19:21:00,11455.400000000047,11455.400000000047
2026-07-08 20:21:00,11455.400000000047,11455.400000000047
2026-07-08 21:21:00,11455.400000000047,11455.400000000047
2026-07-08 22:21:00,11455.400000000047,11455.400000000047
2026-07-08 23:21:00,11455.400000000047,11455.400000000047
2026-07-09 01:22:00,11455.400000000047,11455.400000000047
2026-07-09 02:22:00,11455.400000000047,11455.400000000047
2026-07-09 03:22:00,11455.400000000047,11455.400000000047
2026-07-09 04:22:00,11455.400000000047,11455.400000000047
2026-07-09 05:22:00,11455.400000000047,11455.400000000047
2026-07-09 06:22:00,11455.400000000047,11455.400000000047
2026-07-09 07:22:00,11455.400000000047,11455.400000000047
2026-07-09 08:22:00,11455.400000000047,11455.400000000047
2026-07-09 09:22:00,11464.430000000048,11453.68000000005
2026-07-09 10:22:00,11464.430000000048,11428.48000000005
2026-07-09 11:22:00,11464.430000000048,11373.53000000005
2026-07-09 12:22:00,11369.380000000046,11369.380000000046
2026-07-09 13:22:00,11369.380000000046,11369.380000000046
2026-07-09 14:22:00,11369.380000000046,11369.380000000046
2026-07-09 15:22:00,11369.380000000046,11369.380000000046
2026-07-09 16:22:00,11369.380000000046,11369.380000000046
2026-07-09 17:22:00,11369.380000000046,11369.380000000046
2026-07-09 18:22:00,11369.380000000046,11369.380000000046
2026-07-09 19:22:00,11404.970000000041,11404.970000000041
2026-07-09 20:22:00,11404.970000000041,11404.970000000041
2026-07-09 21:22:00,11404.970000000041,11404.970000000041
2026-07-09 22:22:00,11404.970000000041,11404.970000000041
2026-07-09 23:22:00,11404.970000000041,11404.970000000041
2026-07-10 01:23:00,11404.970000000041,11404.970000000041
2026-07-10 02:23:00,11404.970000000041,11404.970000000041
2026-07-10 03:23:00,11404.970000000041,11404.970000000041
2026-07-10 04:23:00,11404.970000000041,11404.970000000041
2026-07-10 05:23:00,11404.970000000041,11404.970000000041
2026-07-10 06:23:00,11404.970000000041,11404.970000000041
2026-07-10 07:23:00,11404.970000000041,11404.970000000041
2026-07-10 08:23:00,11404.970000000041,11404.970000000041
2026-07-10 09:23:00,11404.970000000041,11404.970000000041
2026-07-10 10:23:00,11404.970000000041,11404.970000000041
2026-07-10 11:23:00,11404.970000000041,11404.970000000041
2026-07-10 12:23:00,11404.970000000041,11404.970000000041
2026-07-10 13:23:00,11404.970000000041,11404.970000000041
2026-07-10 14:23:00,11404.970000000041,11404.970000000041
2026-07-10 15:23:00,11404.970000000041,11404.970000000041
2026-07-10 16:23:00,11404.970000000041,11404.970000000041
2026-07-10 17:23:00,11404.970000000041,11404.970000000041
2026-07-10 18:23:00,11404.970000000041,11404.970000000041
2026-07-10 19:23:00,11404.970000000041,11404.970000000041
2026-07-10 20:23:00,11404.970000000041,11404.970000000041
2026-07-10 21:23:00,11404.970000000041,11404.970000000041
2026-07-10 22:23:00,11404.970000000041,11404.970000000041
2026-07-10 23:23:00,11404.970000000041,11404.970000000041
2026-07-13 01:24:00,11404.970000000041,11404.970000000041
2026-07-13 02:24:00,11404.970000000041,11404.970000000041
2026-07-13 03:24:00,11404.970000000041,11404.970000000041
2026-07-13 04:24:00,11404.970000000041,11404.970000000041
2026-07-13 05:24:00,11404.970000000041,11404.970000000041
2026-07-13 06:24:00,11404.970000000041,11404.970000000041
2026-07-13 07:24:00,11404.970000000041,11404.970000000041
2026-07-13 08:24:00,11404.970000000041,11404.970000000041
2026-07-13 09:24:00,11404.970000000041,11404.970000000041
2026-07-13 10:24:00,11404.970000000041,11404.970000000041
2026-07-13 11:24:00,11404.970000000041,11404.970000000041
2026-07-13 12:24:00,11404.970000000041,11404.970000000041
2026-07-13 13:24:00,11404.970000000041,11404.970000000041
2026-07-13 14:24:00,11404.970000000041,11404.970000000041
2026-07-13 15:24:00,11404.970000000041,11404.970000000041
2026-07-13 16:24:00,11404.970000000041,11404.970000000041
2026-07-13 17:24:00,11404.970000000041,11404.970000000041
2026-07-13 18:24:00,11404.970000000041,11404.970000000041
2026-07-13 19:24:00,11404.970000000041,11404.970000000041
2026-07-13 20:24:00,11404.970000000041,11404.970000000041
2026-07-13 21:24:00,11404.970000000041,11404.970000000041
2026-07-13 22:24:00,11404.970000000041,11404.970000000041
2026-07-13 23:24:00,11404.970000000041,11404.970000000041
2026-07-14 01:25:00,11404.970000000041,11404.970000000041
2026-07-14 02:25:00,11404.970000000041,11404.970000000041
2026-07-14 03:25:00,11404.970000000041,11404.970000000041
2026-07-14 04:25:00,11404.970000000041,11404.970000000041
2026-07-14 05:25:00,11404.970000000041,11404.970000000041
2026-07-14 06:25:00,11404.970000000041,11404.970000000041
2026-07-14 07:25:00,11404.970000000041,11404.970000000041
2026-07-14 08:25:00,11404.970000000041,11404.970000000041
2026-07-14 09:25:00,11404.970000000041,11404.970000000041
2026-07-14 10:25:00,11404.970000000041,11404.970000000041
2026-07-14 11:25:00,11404.970000000041,11404.970000000041
2026-07-14 12:25:00,11404.970000000041,11404.970000000041
2026-07-14 13:25:00,11404.970000000041,11404.970000000041
2026-07-14 14:25:00,11404.970000000041,11404.970000000041
2026-07-14 15:25:00,11404.970000000041,11404.970000000041
2026-07-14 16:25:00,11404.970000000041,11404.970000000041
2026-07-14 17:25:00,11404.970000000041,11404.970000000041
2026-07-14 18:25:00,11404.970000000041,11404.970000000041
2026-07-14 19:25:00,11404.830000000042,11386.530000000042
2026-07-14 20:25:00,11404.830000000042,11388.010000000042
2026-07-14 21:25:00,11404.830000000042,11381.970000000041
2026-07-14 22:25:00,11404.830000000042,11373.330000000042
2026-07-14 23:25:00,11404.830000000042,11374.490000000042
2026-07-15 01:26:00,11401.830000000042,11363.710000000043
2026-07-15 02:26:00,11401.830000000042,11367.210000000043
2026-07-15 03:26:00,11401.830000000042,11377.350000000042
2026-07-15 04:26:00,11401.830000000042,11375.670000000042
2026-07-15 05:26:00,11325.370000000043,11325.370000000043
2026-07-15 06:26:00,11325.370000000043,11325.370000000043
2026-07-15 07:26:00,11325.370000000043,11325.370000000043
2026-07-15 08:26:00,11325.370000000043,11325.370000000043
2026-07-15 09:26:00,11325.370000000043,11325.370000000043
2026-07-15 10:26:00,11325.370000000043,11325.370000000043
2026-07-15 11:26:00,11325.370000000043,11325.370000000043
2026-07-15 12:26:00,11325.370000000043,11325.370000000043
2026-07-15 13:26:00,11325.370000000043,11325.370000000043
2026-07-15 14:26:00,11325.370000000043,11325.370000000043
2026-07-15 15:26:00,11325.370000000043,11325.370000000043
2026-07-15 16:26:00,11325.370000000043,11325.370000000043
2026-07-15 17:26:00,11325.370000000043,11325.370000000043
2026-07-15 18:26:00,11255.870000000043,11255.870000000043
2026-07-15 19:26:00,11255.870000000043,11255.870000000043
2026-07-15 20:26:00,11255.870000000043,11255.870000000043
2026-07-15 21:26:00,11255.870000000043,11255.870000000043
2026-07-15 22:26:00,11255.870000000043,11255.870000000043
2026-07-15 23:26:00,11255.870000000043,11255.870000000043
2026-07-16 01:27:00,11272.660000000042,11307.630000000043
2026-07-16 02:27:00,11297.26000000004,11350.810000000038
2026-07-16 03:27:00,11361.250000000038,11361.250000000038
2026-07-16 04:27:00,11252.700000000037,11252.700000000037
2026-07-16 05:27:00,11252.700000000037,11252.700000000037
2026-07-16 06:27:00,11252.700000000037,11252.700000000037
2026-07-16 07:27:00,11252.700000000037,11252.700000000037
2026-07-16 08:27:00,11252.700000000037,11252.700000000037
2026-07-16 09:27:00,11252.700000000037,11252.700000000037
2026-07-16 10:27:00,11252.700000000037,11252.700000000037
2026-07-16 11:27:00,11252.700000000037,11252.700000000037
2026-07-16 12:27:00,11252.700000000037,11252.700000000037
2026-07-16 13:27:00,11252.700000000037,11252.700000000037
2026-07-16 14:27:00,11252.700000000037,11252.700000000037
2026-07-16 15:27:00,11252.700000000037,11252.700000000037
2026-07-16 16:27:00,11252.700000000037,11252.700000000037
2026-07-16 17:27:00,11252.700000000037,11252.700000000037
2026-07-16 18:27:00,11252.700000000037,11252.700000000037
2026-07-16 19:27:00,11138.040000000034,11138.040000000034
2026-07-16 20:27:00,11138.040000000034,11138.040000000034
2026-07-16 21:27:00,11138.040000000034,11138.040000000034
2026-07-16 22:27:00,11138.040000000034,11138.040000000034
2026-07-16 23:27:00,11138.040000000034,11138.040000000034
2026-07-17 01:28:00,11138.040000000034,11138.040000000034
2026-07-17 02:28:00,11138.040000000034,11138.040000000034
2026-07-17 03:28:00,11138.040000000034,11138.040000000034
2026-07-17 04:28:00,11138.040000000034,11138.040000000034
2026-07-17 05:28:00,11138.040000000034,11138.040000000034
2026-07-17 06:28:00,11138.040000000034,11138.040000000034
2026-07-17 07:28:00,11138.040000000034,11138.040000000034
2026-07-17 08:28:00,11138.040000000034,11138.040000000034
2026-07-17 09:28:00,11138.040000000034,11138.040000000034
2026-07-17 10:28:00,11138.040000000034,11138.040000000034
2026-07-17 11:28:00,11138.040000000034,11138.040000000034
2026-07-17 12:28:00,11138.040000000034,11138.040000000034
2026-07-17 13:28:00,11138.040000000034,11138.040000000034
2026-07-17 14:28:00,11138.040000000034,11138.040000000034
2026-07-17 15:28:00,11138.040000000034,11138.040000000034
2026-07-17 16:28:00,11138.040000000034,11138.040000000034
2026-07-17 17:28:00,11138.040000000034,11138.040000000034
2026-07-17 18:28:00,11138.040000000034,11138.040000000034
2026-07-17 19:28:00,11138.040000000034,11138.040000000034
2026-07-17 20:28:00,11138.040000000034,11138.040000000034
2026-07-17 21:28:00,11138.040000000034,11138.040000000034
2026-07-17 22:28:00,11138.040000000034,11138.040000000034
2026-07-17 23:28:00,11138.040000000034,11138.040000000034
2026-07-20 01:29:00,11138.040000000034,11138.040000000034
2026-07-20 02:29:00,11138.040000000034,11138.040000000034
2026-07-20 03:29:00,11137.480000000034,11125.080000000033
2026-07-20 04:29:00,11031.320000000032,11031.320000000032
2026-07-20 05:29:00,11031.320000000032,11031.320000000032
2026-07-20 06:29:00,11030.830000000033,11046.020000000033
2026-07-20 07:29:00,11030.830000000033,11023.970000000032
2026-07-20 08:29:00,11058.990000000033,11112.550000000032
2026-07-20 09:29:00,11058.990000000033,11136.750000000033
2026-07-20 10:29:00,11080.110000000033,11132.790000000034
2026-07-20 11:29:00,11122.050000000032,11122.050000000032
2026-07-20 12:29:00,11122.050000000032,11122.050000000032
2026-07-20 13:29:00,11122.050000000032,11122.050000000032
2026-07-20 14:29:00,11122.050000000032,11122.050000000032
2026-07-20 15:29:00,11122.050000000032,11122.050000000032
2026-07-20 16:29:00,11122.050000000032,11122.050000000032
2026-07-20 17:29:00,11122.050000000032,11122.050000000032
2026-07-20 18:29:00,11135.800000000032,11145.040000000034
2026-07-20 19:29:00,11135.800000000032,11187.72000000003
2026-07-20 20:29:00,11254.030000000033,11254.030000000033
2026-07-20 21:29:00,11254.030000000033,11254.030000000033
2026-07-20 22:29:00,11254.030000000033,11254.030000000033
2026-07-20 23:29:00,11254.030000000033,11254.030000000033
2026-07-21 01:30:00,11254.030000000033,11254.030000000033
2026-07-21 02:30:00,11254.030000000033,11254.030000000033
2026-07-21 03:30:00,11254.030000000033,11254.030000000033
2026-07-21 04:30:00,11254.030000000033,11254.030000000033
2026-07-21 05:30:00,11327.230000000034,11377.390000000032
2026-07-21 06:30:00,11407.180000000033,11407.180000000033
2026-07-21 07:30:00,11407.180000000033,11407.180000000033
2026-07-21 08:30:00,11407.180000000033,11407.180000000033
2026-07-21 09:30:00,11407.180000000033,11407.180000000033
2026-07-21 10:30:00,11407.180000000033,11407.180000000033
2026-07-21 11:30:00,11407.180000000033,11407.180000000033
2026-07-21 12:30:00,11407.180000000033,11407.180000000033
2026-07-21 13:30:00,11407.180000000033,11407.180000000033
2026-07-21 14:30:00,11407.180000000033,11407.180000000033
2026-07-21 15:30:00,11407.180000000033,11407.180000000033
2026-07-21 16:30:00,11407.180000000033,11407.180000000033
2026-07-21 17:30:00,11407.180000000033,11407.180000000033
2026-07-21 18:30:00,11407.180000000033,11407.180000000033
2026-07-21 19:30:00,11407.180000000033,11407.180000000033
2026-07-21 20:30:00,11407.180000000033,11407.180000000033
2026-07-21 21:30:00,11407.180000000033,11407.180000000033
2026-07-21 22:30:00,11407.180000000033,11407.180000000033
2026-07-21 23:30:00,11407.180000000033,11407.180000000033
2026-07-22 01:31:00,11407.180000000033,11407.180000000033
2026-07-22 02:31:00,11407.180000000033,11407.180000000033
2026-07-22 03:31:00,11407.180000000033,11407.180000000033
2026-07-22 04:31:00,11407.180000000033,11407.180000000033
2026-07-22 05:31:00,11407.180000000033,11407.180000000033
2026-07-22 06:31:00,11407.180000000033,11407.180000000033
2026-07-22 07:31:00,11407.180000000033,11407.180000000033
2026-07-22 08:31:00,11407.180000000033,11407.180000000033
2026-07-22 09:31:00,11407.180000000033,11407.180000000033
2026-07-22 10:31:00,11407.180000000033,11407.180000000033
2026-07-22 11:31:00,11407.180000000033,11407.180000000033
2026-07-22 12:31:00,11407.180000000033,11407.180000000033
2026-07-22 13:31:00,11407.180000000033,11407.180000000033
2026-07-22 14:31:00,11407.180000000033,11407.180000000033
2026-07-22 15:31:00,11407.180000000033,11407.180000000033
2026-07-22 16:31:00,11407.180000000033,11407.180000000033
2026-07-22 17:31:00,11407.180000000033,11407.180000000033
2026-07-22 18:31:00,11407.180000000033,11407.180000000033
2026-07-22 19:31:00,11407.180000000033,11407.180000000033
2026-07-22 20:31:00,11407.180000000033,11407.180000000033
2026-07-22 21:31:00,11407.180000000033,11407.180000000033
2026-07-22 22:31:00,11407.180000000033,11407.180000000033
2026-07-22 23:31:00,11407.180000000033,11407.180000000033
2026-07-23 01:32:00,11407.180000000033,11407.180000000033
2026-07-23 02:32:00,11407.180000000033,11407.180000000033
2026-07-23 03:32:00,11407.180000000033,11407.180000000033
2026-07-23 04:32:00,11407.180000000033,11407.180000000033
2026-07-23 05:32:00,11407.180000000033,11407.180000000033
2026-07-23 06:32:00,11407.180000000033,11407.180000000033
2026-07-23 07:32:00,11407.180000000033,11407.180000000033
2026-07-23 08:32:00,11407.180000000033,11407.180000000033
2026-07-23 09:32:00,11407.180000000033,11407.180000000033
2026-07-23 10:32:00,11407.180000000033,11407.180000000033
2026-07-23 11:32:00,11407.180000000033,11407.180000000033
2026-07-23 12:32:00,11407.180000000033,11407.180000000033
2026-07-23 13:32:00,11407.180000000033,11407.180000000033
2026-07-23 14:32:00,11407.180000000033,11407.180000000033
2026-07-23 15:32:00,11407.180000000033,11407.180000000033
2026-07-23 16:32:00,11407.180000000033,11407.180000000033
2026-07-23 17:32:00,11407.180000000033,11407.180000000033
2026-07-23 18:32:00,11407.180000000033,11407.180000000033
2026-07-23 19:32:00,11407.180000000033,11407.180000000033
2026-07-23 20:32:00,11407.180000000033,11407.180000000033
2026-07-23 21:32:00,11407.180000000033,11407.180000000033
2026-07-23 22:32:00,11407.180000000033,11407.180000000033
2026-07-23 23:32:00,11407.180000000033,11407.180000000033
2026-07-24 01:33:00,11407.180000000033,11407.180000000033
2026-07-24 02:33:00,11407.180000000033,11407.180000000033
2026-07-24 03:33:00,11407.180000000033,11407.180000000033
2026-07-24 04:33:00,11407.180000000033,11407.180000000033
2026-07-24 05:33:00,11407.180000000033,11407.180000000033
2026-07-24 06:33:00,11407.180000000033,11407.180000000033
2026-07-24 07:33:00,11407.180000000033,11407.180000000033
2026-07-24 08:33:00,11407.180000000033,11407.180000000033
2026-07-24 09:33:00,11407.180000000033,11407.180000000033
2026-07-24 10:33:00,11407.180000000033,11407.180000000033
2026-07-24 11:33:00,11407.180000000033,11407.180000000033
2026-07-24 12:33:00,11407.180000000033,11407.180000000033
2026-07-24 13:33:00,11407.180000000033,11407.180000000033
2026-07-24 14:33:00,11407.180000000033,11407.180000000033
2026-07-24 15:33:00,11407.180000000033,11407.180000000033
2026-07-24 16:33:00,11407.180000000033,11407.180000000033
2026-07-24 17:33:00,11407.180000000033,11407.180000000033
2026-07-24 18:33:00,11407.180000000033,11407.180000000033
2026-07-24 19:33:00,11420.650000000034,11418.890000000036
2026-07-24 20:33:00,11339.580000000034,11339.580000000034
2026-07-24 21:33:00,11339.580000000034,11339.580000000034
2026-07-24 22:33:00,11339.580000000034,11339.580000000034
2026-07-24 23:33:00,11339.580000000034,11339.580000000034
2026-07-27 01:34:00,11339.580000000034,11339.580000000034
2026-07-27 02:34:00,11339.580000000034,11339.580000000034
2026-07-27 03:34:00,11339.580000000034,11339.580000000034
2026-07-27 04:34:00,11339.580000000034,11339.580000000034
2026-07-27 05:34:00,11339.580000000034,11339.580000000034
2026-07-27 06:34:00,11339.580000000034,11339.580000000034
2026-07-27 07:34:00,11339.580000000034,11339.580000000034
2026-07-27 08:34:00,11339.580000000034,11339.580000000034
2026-07-27 09:34:00,11339.580000000034,11339.580000000034
2026-07-27 10:34:00,11339.580000000034,11339.580000000034
2026-07-27 11:34:00,11339.580000000034,11339.580000000034
2026-07-27 12:34:00,11339.580000000034,11339.580000000034
2026-07-27 13:34:00,11339.580000000034,11339.580000000034
2026-07-27 14:34:00,11339.580000000034,11339.580000000034
2026-07-27 15:34:00,11339.580000000034,11339.580000000034
2026-07-27 16:34:00,11339.580000000034,11339.580000000034
2026-07-27 17:34:00,11339.580000000034,11339.580000000034
2026-07-27 18:34:00,11339.580000000034,11339.580000000034
2026-07-27 19:34:00,11339.580000000034,11339.580000000034
2026-07-27 20:34:00,11339.580000000034,11339.580000000034
2026-07-27 21:34:00,11339.580000000034,11339.580000000034
2026-07-27 22:34:00,11339.580000000034,11339.580000000034
2026-07-27 23:34:00,11339.580000000034,11339.580000000034
2026-07-28 01:35:00,11339.580000000034,11339.580000000034
2026-07-28 02:35:00,11339.580000000034,11339.580000000034
2026-07-28 03:35:00,11339.580000000034,11339.580000000034
2026-07-28 04:35:00,11339.580000000034,11339.580000000034
2026-07-28 05:35:00,11339.580000000034,11339.580000000034
2026-07-28 06:35:00,11339.580000000034,11339.580000000034
2026-07-28 07:35:00,11339.580000000034,11339.580000000034
2026-07-28 08:35:00,11339.580000000034,11339.580000000034
2026-07-28 09:35:00,11339.580000000034,11339.580000000034
2026-07-28 10:35:00,11339.580000000034,11339.580000000034
2026-07-28 11:35:00,11339.580000000034,11339.580000000034
2026-07-28 12:35:00,11339.580000000034,11339.580000000034
2026-07-28 13:35:00,11339.580000000034,11339.580000000034
2026-07-28 14:35:00,11339.580000000034,11339.580000000034
2026-07-28 15:35:00,11339.580000000034,11339.580000000034
2026-07-28 16:35:00,11339.580000000034,11339.580000000034
2026-07-28 17:35:00,11339.580000000034,11339.580000000034
2026-07-28 18:35:00,11339.580000000034,11339.580000000034
2026-07-28 19:35:00,11339.580000000034,11339.580000000034
2026-07-28 20:35:00,11339.580000000034,11339.580000000034
2026-07-28 21:35:00,11339.580000000034,11339.580000000034
2026-07-28 22:35:00,11339.580000000034,11339.580000000034
2026-07-28 23:35:00,11339.580000000034,11339.580000000034
2026-07-29 01:36:00,11339.580000000034,11339.580000000034
2026-07-29 02:36:00,11339.580000000034,11339.580000000034
2026-07-29 03:36:00,11339.580000000034,11339.580000000034
2026-07-29 04:36:00,11339.580000000034,11339.580000000034
2026-07-29 05:36:00,11339.580000000034,11339.580000000034
2026-07-29 06:36:00,11339.580000000034,11339.580000000034
2026-07-29 07:36:00,11339.580000000034,11339.580000000034
2026-07-29 08:36:00,11339.580000000034,11339.580000000034
2026-07-29 09:36:00,11339.580000000034,11339.580000000034
2026-07-29 10:36:00,11339.580000000034,11339.580000000034
2026-07-29 11:36:00,11339.580000000034,11339.580000000034
2026-07-29 12:36:00,11339.580000000034,11339.580000000034
2026-07-29 13:36:00,11339.580000000034,11339.580000000034
2026-07-29 14:36:00,11339.580000000034,11339.580000000034
2026-07-29 15:36:00,11339.580000000034,11339.580000000034
2026-07-29 16:36:00,11339.580000000034,11339.580000000034
2026-07-29 17:36:00,11339.580000000034,11339.580000000034
2026-07-29 18:36:00,11339.580000000034,11339.580000000034
2026-07-29 19:36:00,11339.580000000034,11339.580000000034
2026-07-29 20:36:00,11339.580000000034,11339.580000000034
2026-07-29 21:36:00,11339.580000000034,11339.580000000034
2026-07-29 22:36:00,11339.580000000034,11339.580000000034
2026-07-29 23:36:00,11339.580000000034,11339.580000000034
2026-07-30 01:37:00,11339.580000000034,11339.580000000034
2026-07-30 02:37:00,11339.580000000034,11339.580000000034
2026-07-30 03:37:00,11339.580000000034,11339.580000000034
2026-07-30 04:37:00,11339.580000000034,11339.580000000034
2026-07-30 05:37:00,11339.580000000034,11339.580000000034
2026-07-30 06:37:00,11339.580000000034,11339.580000000034
2026-07-30 07:37:00,11339.580000000034,11339.580000000034
2026-07-30 08:37:00,11339.580000000034,11339.580000000034
2026-07-30 09:37:00,11339.580000000034,11339.580000000034
2026-07-30 10:37:00,11227.080000000036,11227.080000000036
2026-07-30 11:37:00,11227.080000000036,11227.080000000036
2026-07-30 12:37:00,11227.080000000036,11227.080000000036
2026-07-30 13:37:00,11227.080000000036,11227.080000000036
2026-07-30 14:37:00,11227.080000000036,11227.080000000036
2026-07-30 15:37:00,11227.080000000036,11227.080000000036
2026-07-30 16:37:00,11227.080000000036,11227.080000000036
2026-07-30 17:37:00,11227.080000000036,11227.080000000036
2026-07-30 18:37:00,11227.080000000036,11227.080000000036
2026-07-30 19:37:00,11227.080000000036,11227.080000000036
2026-07-30 20:37:00,11227.080000000036,11227.080000000036
2026-07-30 21:37:00,11227.080000000036,11227.080000000036
2026-07-30 22:37:00,11227.080000000036,11227.080000000036
2026-07-30 23:37:00,11227.080000000036,11227.080000000036
2026-07-31 01:38:00,11227.080000000036,11227.080000000036
2026-07-31 02:38:00,11227.080000000036,11227.080000000036
2026-07-31 03:38:00,11227.080000000036,11227.080000000036
2026-07-31 04:38:00,11227.080000000036,11227.080000000036
2026-07-31 05:38:00,11227.080000000036,11227.080000000036
2026-07-31 06:38:00,11227.080000000036,11227.080000000036
2026-07-31 07:38:00,11227.080000000036,11227.080000000036
2026-07-31 08:38:00,11227.080000000036,11227.080000000036
2026-07-31 09:38:00,11227.080000000036,11227.080000000036
2026-07-31 10:38:00,11227.080000000036,11227.080000000036
2026-07-31 11:38:00,11227.080000000036,11227.080000000036
2026-07-31 12:38:00,11227.080000000036,11227.080000000036
2026-07-31 13:38:00,11227.080000000036,11227.080000000036
2026-07-31 14:38:00,11227.080000000036,11227.080000000036
2026-07-31 15:38:00,11227.080000000036,11227.080000000036
2026-07-31 16:38:00,11227.080000000036,11227.080000000036
2026-07-31 17:38:00,11227.080000000036,11227.080000000036
2026-07-31 18:38:00,11227.080000000036,11227.080000000036
2026-07-31 19:38:00,11227.080000000036,11227.080000000036
2026-07-31 20:38:00,11227.080000000036,11227.080000000036
2026-07-31 21:38:00,11227.080000000036,11227.080000000036
2026-07-31 22:38:00,11227.080000000036,11227.080000000036
2026-07-31 23:38:00,11227.080000000036,11227.080000000036
2026-08-03 01:39:00,11227.080000000036,11227.080000000036
2026-08-03 02:39:00,11227.080000000036,11227.080000000036
2026-08-03 03:39:00,11227.080000000036,11227.080000000036
2026-08-03 04:39:00,11227.080000000036,11227.080000000036
2026-08-03 05:39:00,11227.080000000036,11227.080000000036
2026-08-03 06:39:00,11227.080000000036,11227.080000000036
2026-08-03 07:39:00,11227.080000000036,11227.080000000036
2026-08-03 08:39:00,11227.080000000036,11227.080000000036
2026-08-03 09:39:00,11227.080000000036,11227.080000000036
2026-08-03 10:39:00,11227.080000000036,11227.080000000036
2026-08-03 11:39:00,11227.080000000036,11227.080000000036
2026-08-03 12:39:00,11227.080000000036,11227.080000000036
2026-08-03 13:39:00,11227.080000000036,11227.080000000036
2026-08-03 14:39:00,11227.080000000036,11227.080000000036
2026-08-03 15:39:00,11227.080000000036,11227.080000000036
2026-08-03 16:39:00,11227.080000000036,11227.080000000036
2026-08-03 17:39:00,11227.080000000036,11227.080000000036
2026-08-03 18:39:00,11227.080000000036,11227.080000000036
2026-08-03 19:39:00,11227.080000000036,11227.080000000036
2026-08-03 20:39:00,11227.080000000036,11227.080000000036
2026-08-03 21:39:00,11227.080000000036,11227.080000000036
2026-08-03 22:39:00,11227.080000000036,11227.080000000036
2026-08-03 23:39:00,11227.080000000036,11227.080000000036
2026-08-04 01:40:00,11227.080000000036,11227.080000000036
2026-08-04 02:40:00,11227.080000000036,11227.080000000036
2026-08-04 03:40:00,11227.080000000036,11227.080000000036
2026-08-04 04:40:00,11227.080000000036,11227.080000000036
2026-08-04 05:40:00,11227.080000000036,11227.080000000036
2026-08-04 06:40:00,11227.080000000036,11227.080000000036
2026-08-04 07:40:00,11227.080000000036,11227.080000000036
2026-08-04 08:40:00,11227.080000000036,11227.080000000036
2026-08-04 09:40:00,11227.080000000036,11227.080000000036
2026-08-04 10:40:00,11227.080000000036,11227.080000000036
2026-08-04 11:40:00,11227.080000000036,11227.080000000036
2026-08-04 12:40:00,11227.080000000036,11227.080000000036
2026-08-04 13:40:00,11227.080000000036,11227.080000000036
2026-08-04 14:40:00,11227.080000000036,11227.080000000036
2026-08-04 15:40:00,11227.080000000036,11227.080000000036
2026-08-04 16:40:00,11227.080000000036,11227.080000000036
2026-08-04 17:40:00,11227.080000000036,11227.080000000036
2026-08-04 18:40:00,11227.080000000036,11227.080000000036
2026-08-04 19:40:00,11227.080000000036,11227.080000000036
2026-08-04 20:40:00,11227.080000000036,11227.080000000036
2026-08-04 21:40:00,11227.080000000036,11227.080000000036
2026-08-04 22:40:00,11227.080000000036,11227.080000000036
2026-08-04 23:40:00,11227.080000000036,11227.080000000036
2026-08-05 01:41:00,11227.080000000036,11227.080000000036
2026-08-05 02:41:00,11227.080000000036,11227.080000000036
2026-08-05 03:41:00,11227.080000000036,11227.080000000036
2026-08-05 04:41:00,11227.080000000036,11227.080000000036
2026-08-05 05:41:00,11227.080000000036,11227.080000000036
2026-08-05 06:41:00,11227.080000000036,11227.080000000036
2026-08-05 07:41:00,11227.080000000036,11227.080000000036
2026-08-05 08:41:00,11227.080000000036,11227.080000000036
2026-08-05 09:41:00,11227.080000000036,11227.080000000036
2026-08-05 10:41:00,11227.080000000036,11227.080000000036
2026-08-05 11:41:00,11227.080000000036,11227.080000000036
2026-08-05 12:41:00,11227.080000000036,11227.080000000036
2026-08-05 13:41:00,11227.080000000036,11227.080000000036
2026-08-05 14:41:00,11227.080000000036,11227.080000000036
2026-08-05 15:41:00,11227.080000000036,11227.080000000036
2026-08-05 16:41:00,11227.080000000036,11227.080000000036
2026-08-05 17:41:00,11227.080000000036,11227.080000000036
2026-08-05 18:41:00,11227.080000000036,11227.080000000036
2026-08-05 19:41:00,11256.590000000037,11335.350000000035
2026-08-05 20:41:00,11279.090000000037,11346.770000000037
2026-08-05 21:41:00,11309.090000000037,11375.050000000036
2026-08-05 22:41:00,11309.090000000037,11361.810000000036
2026-08-05 23:41:00,11353.890000000036,11353.890000000036
2026-08-06 01:42:00,11450.420000000027,11450.420000000027
2026-08-06 02:42:00,11450.420000000027,11450.420000000027
2026-08-06 03:42:00,11450.420000000027,11450.420000000027
2026-08-06 04:42:00,11450.420000000027,11450.420000000027
2026-08-06 05:42:00,11450.420000000027,11450.420000000027
2026-08-06 06:42:00,11450.420000000027,11450.420000000027
2026-08-06 07:42:00,11450.420000000027,11450.420000000027
2026-08-06 08:42:00,11450.420000000027,11450.420000000027
2026-08-06 09:42:00,11450.420000000027,11450.420000000027
2026-08-06 10:42:00,11450.420000000027,11450.420000000027
2026-08-06 11:42:00,11450.420000000027,11450.420000000027
2026-08-06 12:42:00,11450.420000000027,11450.420000000027
2026-08-06 13:42:00,11450.420000000027,11450.420000000027
2026-08-06 14:42:00,11450.420000000027,11450.420000000027
2026-08-06 15:42:00,11450.420000000027,11450.420000000027
2026-08-06 16:42:00,11335.780000000026,11335.780000000026
2026-08-06 17:42:00,11335.780000000026,11335.780000000026
2026-08-06 18:42:00,11225.110000000033,11225.110000000033
2026-08-06 19:42:00,11225.110000000033,11225.110000000033
2026-08-06 20:42:00,11225.110000000033,11225.110000000033
2026-08-06 21:42:00,11225.110000000033,11225.110000000033
2026-08-06 22:42:00,11225.110000000033,11225.110000000033
2026-08-06 23:42:00,11225.110000000033,11225.110000000033
2026-08-07 01:43:00,11225.110000000033,11225.110000000033
2026-08-07 02:43:00,11225.110000000033,11225.110000000033
2026-08-07 03:43:00,11225.110000000033,11225.110000000033
2026-08-07 04:43:00,11225.110000000033,11225.110000000033
2026-08-07 05:43:00,11225.110000000033,11225.110000000033
2026-08-07 06:43:00,11225.110000000033,11225.110000000033
2026-08-07 07:43:00,11225.110000000033,11225.110000000033
2026-08-07 08:43:00,11225.110000000033,11225.110000000033
2026-08-07 09:43:00,11225.110000000033,11225.110000000033
2026-08-07 10:43:00,11225.110000000033,11225.110000000033
2026-08-07 11:43:00,11225.110000000033,11225.110000000033
2026-08-07 12:43:00,11225.110000000033,11225.110000000033
2026-08-07 13:43:00,11225.110000000033,11225.110000000033
2026-08-07 14:43:00,11225.110000000033,11225.110000000033
2026-08-07 15:43:00,11225.110000000033,11225.110000000033
2026-08-07 16:43:00,11225.110000000033,11225.110000000033
2026-08-07 17:43:00,11225.110000000033,11225.110000000033
2026-08-07 18:43:00,11225.110000000033,11225.110000000033
2026-08-07 19:43:00,11225.110000000033,11225.110000000033
2026-08-07 20:43:00,11225.110000000033,11225.110000000033
2026-08-07 21:43:00,11225.110000000033,11225.110000000033
2026-08-07 22:43:00,11225.110000000033,11225.110000000033
2026-08-07 23:43:00,11225.110000000033,11225.110000000033
2026-08-10 01:44:00,11225.110000000033,11225.110000000033
2026-08-10 02:44:00,11225.110000000033,11225.110000000033
2026-08-10 03:44:00,11225.110000000033,11225.110000000033
2026-08-10 04:44:00,11225.110000000033,11225.110000000033
2026-08-10 05:44:00,11263.420000000033,11295.520000000035
2026-08-10 06:44:00,11323.920000000035,11323.920000000035
2026-08-10 07:44:00,11323.920000000035,11323.920000000035
2026-08-10 08:44:00,11323.920000000035,11323.920000000035
2026-08-10 09:44:00,11323.920000000035,11323.920000000035
2026-08-10 10:44:00,11323.920000000035,11323.920000000035
2026-08-10 11:44:00,11323.920000000035,11323.920000000035
2026-08-10 12:44:00,11323.920000000035,11323.920000000035
2026-08-10 13:44:00,11323.920000000035,11323.920000000035
2026-08-10 14:44:00,11323.920000000035,11323.920000000035
2026-08-10 15:44:00,11323.920000000035,11323.920000000035
2026-08-10 16:44:00,11323.920000000035,11323.920000000035
2026-08-10 17:44:00,11323.920000000035,11323.920000000035
2026-08-10 18:44:00,11323.920000000035,11323.920000000035
2026-08-10 19:44:00,11323.920000000035,11323.920000000035
2026-08-10 20:44:00,11323.920000000035,11323.920000000035
2026-08-10 21:44:00,11323.920000000035,11323.920000000035
2026-08-10 22:44:00,11323.920000000035,11323.920000000035
2026-08-10 23:44:00,11323.920000000035,11323.920000000035
2026-08-11 01:45:00,11323.920000000035,11323.920000000035
2026-08-11 02:45:00,11323.920000000035,11323.920000000035
2026-08-11 03:45:00,11323.920000000035,11323.920000000035
2026-08-11 04:45:00,11323.920000000035,11323.920000000035
2026-08-11 05:45:00,11323.920000000035,11323.920000000035
2026-08-11 06:45:00,11323.920000000035,11323.920000000035
2026-08-11 07:45:00,11323.920000000035,11323.920000000035
2026-08-11 08:45:00,11323.920000000035,11323.920000000035
2026-08-11 09:45:00,11323.920000000035,11323.920000000035
2026-08-11 10:45:00,11323.920000000035,11323.920000000035
2026-08-11 11:45:00,11323.920000000035,11323.920000000035
2026-08-11 12:45:00,11323.920000000035,11323.920000000035
2026-08-11 13:45:00,11323.920000000035,11323.920000000035
2026-08-11 14:45:00,11323.920000000035,11323.920000000035
2026-08-11 15:45:00,11323.920000000035,11323.920000000035
2026-08-11 16:45:00,11323.920000000035,11323.920000000035
2026-08-11 17:45:00,11323.920000000035,11323.920000000035
2026-08-11 18:45:00,11323.920000000035,11323.920000000035
2026-08-11 19:45:00,11323.920000000035,11323.920000000035
2026-08-11 20:45:00,11323.920000000035,11323.920000000035
2026-08-11 21:45:00,11323.920000000035,11323.920000000035
2026-08-11 22:45:00,11323.920000000035,11323.920000000035
2026-08-11 23:45:00,11323.920000000035,11323.920000000035
2026-08-12 01:46:00,11323.920000000035,11323.920000000035
2026-08-12 02:46:00,11323.920000000035,11323.920000000035
2026-08-12 03:46:00,11323.920000000035,11323.920000000035
2026-08-12 04:46:00,11323.920000000035,11323.920000000035
2026-08-12 05:46:00,11323.920000000035,11323.920000000035
2026-08-12 06:46:00,11323.920000000035,11323.920000000035
2026-08-12 07:46:00,11323.920000000035,11323.920000000035
2026-08-12 08:46:00,11362.830000000029,11362.830000000029
2026-08-12 09:46:00,11362.830000000029,11362.830000000029
2026-08-12 10:46:00,11362.830000000029,11362.830000000029
2026-08-12 11:46:00,11362.830000000029,11362.830000000029
2026-08-12 12:46:00,11362.830000000029,11362.830000000029
2026-08-12 13:46:00,11362.830000000029,11362.830000000029
2026-08-12 14:46:00,11362.830000000029,11362.830000000029
2026-08-12 15:46:00,11362.830000000029,11362.830000000029
2026-08-12 16:46:00,11362.830000000029,11362.830000000029
2026-08-12 17:46:00,11362.830000000029,11362.830000000029
2026-08-12 18:46:00,11362.830000000029,11362.830000000029
2026-08-12 19:46:00,11362.830000000029,11362.830000000029
2026-08-12 20:46:00,11362.830000000029,11362.830000000029
2026-08-12 21:46:00,11362.830000000029,11362.830000000029
2026-08-12 22:46:00,11362.830000000029,11362.830000000029
2026-08-12 23:46:00,11362.830000000029,11362.830000000029
2026-08-13 01:47:00,11362.830000000029,11362.830000000029
2026-08-13 02:47:00,11362.830000000029,11362.830000000029
2026-08-13 03:47:00,11362.830000000029,11362.830000000029
2026-08-13 04:47:00,11362.830000000029,11362.830000000029
2026-08-13 05:47:00,11362.830000000029,11362.830000000029
2026-08-13 06:47:00,11362.830000000029,11362.830000000029
2026-08-13 07:47:00,11362.830000000029,11362.830000000029
2026-08-13 08:47:00,11362.830000000029,11362.830000000029
2026-08-13 09:47:00,11362.830000000029,11362.830000000029
2026-08-13 10:47:00,11362.830000000029,11362.830000000029
2026-08-13 11:47:00,11362.830000000029,11362.830000000029
2026-08-13 12:47:00,11362.830000000029,11362.830000000029
2026-08-13 13:47:00,11362.830000000029,11362.830000000029
2026-08-13 14:47:00,11362.830000000029,11362.830000000029
2026-08-13 15:47:00,11462.670000000033,11462.670000000033
2026-08-13 16:47:00,11462.670000000033,11462.670000000033
2026-08-13 17:47:00,11462.670000000033,11462.670000000033
2026-08-13 18:47:00,11462.670000000033,11462.670000000033
2026-08-13 19:47:00,11462.670000000033,11462.670000000033
2026-08-13 20:47:00,11462.670000000033,11462.670000000033
2026-08-13 21:47:00,11462.670000000033,11462.670000000033
2026-08-13 22:47:00,11462.670000000033,11462.670000000033
2026-08-13 23:47:00,11462.670000000033,11462.670000000033
2026-08-14 01:48:00,11462.670000000033,11462.670000000033
2026-08-14 02:48:00,11462.670000000033,11462.670000000033
2026-08-14 03:48:00,11462.670000000033,11462.670000000033
2026-08-14 04:48:00,11462.670000000033,11462.670000000033
2026-08-14 05:48:00,11462.670000000033,11462.670000000033
2026-08-14 06:48:00,11462.670000000033,11462.670000000033
2026-08-14 07:48:00,11462.670000000033,11462.670000000033
2026-08-14 08:48:00,11462.670000000033,11462.670000000033
2026-08-14 09:48:00,11462.670000000033,11462.670000000033
2026-08-14 10:48:00,11462.670000000033,11462.670000000033
2026-08-14 11:48:00,11462.670000000033,11462.670000000033
2026-08-14 12:48:00,11462.670000000033,11462.670000000033
2026-08-14 13:48:00,11462.670000000033,11462.670000000033
2026-08-14 14:48:00,11462.670000000033,11462.670000000033
2026-08-14 15:48:00,11462.670000000033,11462.670000000033
2026-08-14 16:48:00,11462.040000000034,11467.89000000003
2026-08-14 17:48:00,11473.680000000033,11529.54000000003
2026-08-14 18:48:00,11473.680000000033,11444.490000000033
2026-08-14 19:48:00,11473.680000000033,11496.920000000038
2026-08-14 20:48:00,11496.980000000034,11561.780000000035
2026-08-14 21:48:00,11514.450000000033,11575.250000000036
2026-08-14 22:48:00,11514.450000000033,11571.250000000033
2026-08-14 23:48:00,11560.650000000034,11560.650000000034
2026-08-17 01:49:00,11560.650000000034,11560.650000000034
2026-08-17 02:49:00,11560.650000000034,11560.650000000034
2026-08-17 03:49:00,11560.650000000034,11560.650000000034
2026-08-17 04:49:00,11560.650000000034,11560.650000000034
2026-08-17 05:49:00,11560.650000000034,11560.650000000034
2026-08-17 06:49:00,11560.650000000034,11560.650000000034
2026-08-17 07:49:00,11560.650000000034,11560.650000000034
2026-08-17 08:49:00,11560.650000000034,11560.650000000034
2026-08-17 09:49:00,11560.650000000034,11560.650000000034
2026-08-17 10:49:00,11560.650000000034,11560.650000000034
2026-08-17 11:49:00,11560.650000000034,11560.650000000034
2026-08-17 12:49:00,11560.650000000034,11560.650000000034
2026-08-17 13:49:00,11560.650000000034,11560.650000000034
2026-08-17 14:49:00,11560.650000000034,11560.650000000034
2026-08-17 15:49:00,11601.020000000026,11601.020000000026
2026-08-17 16:49:00,11601.020000000026,11601.020000000026
2026-08-17 17:49:00,11601.020000000026,11601.020000000026
2026-08-17 18:49:00,11601.020000000026,11601.020000000026
2026-08-17 19:49:00,11601.020000000026,11601.020000000026
2026-08-17 20:49:00,11601.020000000026,11601.020000000026
2026-08-17 21:49:00,11601.020000000026,11601.020000000026
2026-08-17 22:49:00,11601.020000000026,11601.020000000026
2026-08-17 23:49:00,11601.020000000026,11601.020000000026
2026-08-18 01:50:00,11601.020000000026,11601.020000000026
2026-08-18 02:50:00,11601.020000000026,11601.020000000026
2026-08-18 03:50:00,11601.020000000026,11601.020000000026
2026-08-18 04:50:00,11601.020000000026,11601.020000000026
2026-08-18 05:50:00,11601.020000000026,11601.020000000026
2026-08-18 06:50:00,11601.020000000026,11601.020000000026
2026-08-18 07:50:00,11601.020000000026,11601.020000000026
2026-08-18 08:50:00,11601.020000000026,11601.020000000026
2026-08-18 09:50:00,11601.020000000026,11601.020000000026
2026-08-18 10:50:00,11601.020000000026,11601.020000000026
2026-08-18 11:50:00,11601.020000000026,11601.020000000026
2026-08-18 12:50:00,11601.020000000026,11601.020000000026
2026-08-18 13:50:00,11601.020000000026,11601.020000000026
2026-08-18 14:50:00,11601.020000000026,11601.020000000026
2026-08-18 15:50:00,11601.020000000026,11601.020000000026
2026-08-18 16:50:00,11601.020000000026,11601.020000000026
2026-08-18 17:50:00,11612.970000000027,11600.160000000027
2026-08-18 18:50:00,11524.210000000032,11524.210000000032
2026-08-18 19:50:00,11524.210000000032,11524.210000000032
2026-08-18 20:50:00,11524.210000000032,11524.210000000032
2026-08-18 21:50:00,11524.210000000032,11524.210000000032
2026-08-18 22:50:00,11524.210000000032,11524.210000000032
2026-08-18 23:50:00,11524.210000000032,11524.210000000032
2026-08-19 01:51:00,11524.210000000032,11524.210000000032
2026-08-19 02:51:00,11524.210000000032,11524.210000000032
2026-08-19 03:51:00,11524.210000000032,11524.210000000032
2026-08-19 04:51:00,11655.470000000027,11655.470000000027
2026-08-19 05:51:00,11655.470000000027,11655.470000000027
2026-08-19 06:51:00,11655.470000000027,11655.470000000027
2026-08-19 07:51:00,11655.470000000027,11655.470000000027
2026-08-19 08:51:00,11655.470000000027,11655.470000000027
2026-08-19 09:51:00,11655.470000000027,11655.470000000027
2026-08-19 10:51:00,11655.470000000027,11655.470000000027
2026-08-19 11:51:00,11655.470000000027,11655.470000000027
2026-08-19 12:51:00,11655.470000000027,11655.470000000027
2026-08-19 13:51:00,11655.470000000027,11655.470000000027
2026-08-19 14:51:00,11655.470000000027,11655.470000000027
2026-08-19 15:51:00,11430.350000000026,11430.350000000026
2026-08-19 16:51:00,11430.350000000026,11430.350000000026
2026-08-19 17:51:00,11430.350000000026,11430.350000000026
2026-08-19 18:51:00,11430.350000000026,11430.350000000026
2026-08-19 19:51:00,11430.350000000026,11430.350000000026
2026-08-19 20:51:00,11430.350000000026,11430.350000000026
2026-08-19 21:51:00,11430.350000000026,11430.350000000026
2026-08-19 22:51:00,11430.350000000026,11430.350000000026
2026-08-19 23:51:00,11430.350000000026,11430.350000000026
2026-08-20 01:52:00,11430.350000000026,11430.350000000026
2026-08-20 02:52:00,11468.23000000003,11468.23000000003
2026-08-20 03:52:00,11468.23000000003,11468.23000000003
2026-08-20 04:52:00,11468.23000000003,11468.23000000003
2026-08-20 05:52:00,11468.23000000003,11468.23000000003
2026-08-20 06:52:00,11468.23000000003,11468.23000000003
2026-08-20 07:52:00,11468.23000000003,11468.23000000003
2026-08-20 08:52:00,11468.23000000003,11468.23000000003
2026-08-20 09:52:00,11468.23000000003,11468.23000000003
2026-08-20 10:52:00,11468.23000000003,11468.23000000003
2026-08-20 11:52:00,11468.23000000003,11468.23000000003
2026-08-20 12:52:00,11468.23000000003,11468.23000000003
2026-08-20 13:52:00,11468.23000000003,11468.23000000003
2026-08-20 14:52:00,11468.23000000003,11468.23000000003
2026-08-20 15:52:00,11468.23000000003,11468.23000000003
2026-08-20 16:52:00,11468.23000000003,11468.23000000003
2026-08-20 17:52:00,11468.23000000003,11468.23000000003
2026-08-20 18:52:00,11468.23000000003,11468.23000000003
2026-08-20 19:52:00,11468.23000000003,11468.23000000003
2026-08-20 20:52:00,11468.23000000003,11468.23000000003
2026-08-20 21:52:00,11468.23000000003,11468.23000000003
2026-08-20 22:52:00,11468.23000000003,11468.23000000003
2026-08-20 23:52:00,11468.23000000003,11468.23000000003
2026-08-21 01:53:00,11468.23000000003,11468.23000000003
2026-08-21 02:53:00,11468.23000000003,11468.23000000003
2026-08-21 03:53:00,11468.23000000003,11468.23000000003
2026-08-21 04:53:00,11468.23000000003,11468.23000000003
2026-08-21 05:53:00,11468.23000000003,11468.23000000003
2026-08-21 06:53:00,11467.39000000003,11480.830000000029
2026-08-21 07:53:00,11571.320000000027,11571.320000000027
2026-08-21 08:53:00,11571.320000000027,11571.320000000027
2026-08-21 09:53:00,11571.320000000027,11571.320000000027
2026-08-21 10:53:00,11571.320000000027,11571.320000000027
2026-08-21 11:53:00,11571.320000000027,11571.320000000027
2026-08-21 12:53:00,11571.320000000027,11571.320000000027
2026-08-21 13:53:00,11571.320000000027,11571.320000000027
2026-08-21 14:53:00,11571.320000000027,11571.320000000027
2026-08-21 15:53:00,11571.320000000027,11571.320000000027
2026-08-21 16:53:00,11571.320000000027,11571.320000000027
2026-08-21 17:53:00,11571.320000000027,11571.320000000027
2026-08-21 18:53:00,11571.320000000027,11571.320000000027
2026-08-21 19:53:00,11571.320000000027,11571.320000000027
2026-08-21 20:53:00,11571.320000000027,11571.320000000027
2026-08-21 21:53:00,11571.320000000027,11571.320000000027
2026-08-21 22:53:00,11571.320000000027,11571.320000000027
2026-08-21 23:53:00,11571.320000000027,11571.320000000027
2026-08-24 01:54:00,11571.320000000027,11571.320000000027
2026-08-24 02:54:00,11571.320000000027,11571.320000000027
2026-08-24 03:54:00,11570.830000000027,11538.56000000003
2026-08-24 04:54:00,11459.810000000032,11459.810000000032
2026-08-24 05:54:00,11459.810000000032,11459.810000000032
2026-08-24 06:54:00,11459.810000000032,11459.810000000032
2026-08-24 07:54:00,11459.810000000032,11459.810000000032
2026-08-24 08:54:00,11459.810000000032,11459.810000000032
2026-08-24 09:54:00,11459.810000000032,11459.810000000032
2026-08-24 10:54:00,11459.810000000032,11459.810000000032
2026-08-24 11:54:00,11459.810000000032,11459.810000000032
2026-08-24 12:54:00,11459.810000000032,11459.810000000032
2026-08-24 13:54:00,11459.810000000032,11459.810000000032
2026-08-24 14:54:00,11459.810000000032,11459.810000000032
2026-08-24 15:54:00,11459.810000000032,11459.810000000032
2026-08-24 16:54:00,11459.810000000032,11459.810000000032
2026-08-24 17:54:00,11459.810000000032,11459.810000000032
2026-08-24 18:54:00,11459.810000000032,11459.810000000032
2026-08-24 19:54:00,11459.810000000032,11459.810000000032
2026-08-24 20:54:00,11459.810000000032,11459.810000000032
2026-08-24 21:54:00,11595.790000000039,11595.790000000039
2026-08-24 22:54:00,11595.790000000039,11595.790000000039
2026-08-24 23:54:00,11595.790000000039,11595.790000000039
2026-08-25 01:55:00,11595.790000000039,11595.790000000039
2026-08-25 02:55:00,11595.790000000039,11595.790000000039
2026-08-25 03:55:00,11595.790000000039,11595.790000000039
2026-08-25 04:55:00,11595.790000000039,11595.790000000039
2026-08-25 05:55:00,11595.790000000039,11595.790000000039
2026-08-25 06:55:00,11595.790000000039,11595.790000000039
2026-08-25 07:55:00,11595.790000000039,11595.790000000039
2026-08-25 08:55:00,11595.790000000039,11595.790000000039
2026-08-25 09:55:00,11595.790000000039,11595.790000000039
2026-08-25 10:55:00,11595.790000000039,11595.790000000039
2026-08-25 11:55:00,11595.790000000039,11595.790000000039
2026-08-25 12:55:00,11595.790000000039,11595.790000000039
2026-08-25 13:55:00,11595.790000000039,11595.790000000039
2026-08-25 14:55:00,11595.790000000039,11595.790000000039
2026-08-25 15:55:00,11595.790000000039,11595.790000000039
2026-08-25 16:55:00,11595.790000000039,11595.790000000039
2026-08-25 17:55:00,11595.790000000039,11595.790000000039
2026-08-25 18:55:00,11595.790000000039,11595.790000000039
2026-08-25 19:55:00,11595.790000000039,11595.790000000039
2026-08-25 20:55:00,11595.790000000039,11595.790000000039
2026-08-25 21:55:00,11595.790000000039,11595.790000000039
2026-08-25 22:55:00,11595.790000000039,11595.790000000039
2026-08-25 23:55:00,11595.790000000039,11595.790000000039
2026-08-26 01:56:00,11595.790000000039,11595.790000000039
2026-08-26 02:56:00,11595.790000000039,11595.790000000039
2026-08-26 03:56:00,11595.790000000039,11595.790000000039
2026-08-26 04:56:00,11595.790000000039,11595.790000000039
2026-08-26 05:56:00,11595.790000000039,11595.790000000039
2026-08-26 06:56:00,11595.790000000039,11595.790000000039
2026-08-26 07:56:00,11595.790000000039,11595.790000000039
2026-08-26 08:56:00,11595.790000000039,11595.790000000039
2026-08-26 09:56:00,11595.790000000039,11595.790000000039
2026-08-26 10:56:00,11595.790000000039,11595.790000000039
2026-08-26 11:56:00,11610.990000000036,11632.970000000032
2026-08-26 12:56:00,11610.990000000036,11612.320000000032
2026-08-26 13:56:00,11610.990000000036,11591.600000000033
2026-08-26 14:56:00,11610.990000000036,11597.550000000036
2026-08-26 15:56:00,11536.090000000031,11536.090000000031
2026-08-26 16:56:00,11536.090000000031,11536.090000000031
2026-08-26 17:56:00,11536.090000000031,11536.090000000031
2026-08-26 18:56:00,11536.090000000031,11536.090000000031
2026-08-26 19:56:00,11536.090000000031,11536.090000000031
2026-08-26 20:56:00,11536.090000000031,11536.090000000031
2026-08-26 21:56:00,11536.090000000031,11536.090000000031
2026-08-26 22:56:00,11536.090000000031,11536.090000000031
2026-08-26 23:56:00,11536.090000000031,11536.090000000031
2026-08-27 01:57:00,11536.090000000031,11536.090000000031
2026-08-27 02:57:00,11536.090000000031,11536.090000000031
2026-08-27 03:57:00,11536.090000000031,11536.090000000031
2026-08-27 04:57:00,11536.090000000031,11536.090000000031
2026-08-27 05:57:00,11536.090000000031,11536.090000000031
2026-08-27 06:57:00,11536.090000000031,11536.090000000031
2026-08-27 07:57:00,11536.090000000031,11536.090000000031
2026-08-27 08:57:00,11424.25000000003,11424.25000000003
2026-08-27 09:57:00,11424.25000000003,11424.25000000003
2026-08-27 10:57:00,11424.25000000003,11424.25000000003
2026-08-27 11:57:00,11424.25000000003,11424.25000000003
2026-08-27 12:57:00,11424.25000000003,11424.25000000003
2026-08-27 13:57:00,11424.25000000003,11424.25000000003
2026-08-27 14:57:00,11424.25000000003,11424.25000000003
2026-08-27 15:57:00,11424.25000000003,11424.25000000003
2026-08-27 16:57:00,11424.25000000003,11424.25000000003
2026-08-27 17:57:00,11424.25000000003,11424.25000000003
2026-08-27 18:57:00,11424.25000000003,11424.25000000003
2026-08-27 19:57:00,11424.25000000003,11424.25000000003
2026-08-27 20:57:00,11424.25000000003,11424.25000000003
2026-08-27 21:57:00,11424.25000000003,11424.25000000003
2026-08-27 22:57:00,11424.25000000003,11424.25000000003
2026-08-27 23:57:00,11424.25000000003,11424.25000000003
2026-08-28 01:58:00,11424.25000000003,11424.25000000003
2026-08-28 02:58:00,11423.130000000028,11386.810000000036
2026-08-28 03:58:00,11354.410000000036,11354.410000000036
2026-08-28 04:58:00,11354.410000000036,11354.410000000036
2026-08-28 05:58:00,11354.410000000036,11354.410000000036
2026-08-28 06:58:00,11354.410000000036,11354.410000000036
2026-08-28 07:58:00,11354.410000000036,11354.410000000036
2026-08-28 08:58:00,11354.410000000036,11354.410000000036
2026-08-28 09:58:00,11354.410000000036,11354.410000000036
2026-08-28 10:58:00,11354.410000000036,11354.410000000036
2026-08-28 11:58:00,11354.410000000036,11354.410000000036
2026-08-28 12:58:00,11354.410000000036,11354.410000000036
2026-08-28 13:58:00,11354.410000000036,11354.410000000036
2026-08-28 14:58:00,11369.590000000037,11340.890000000038
2026-08-28 15:58:00,11369.590000000037,11425.590000000031
2026-08-28 16:58:00,11393.130000000034,11393.130000000034
2026-08-28 17:58:00,11393.130000000034,11393.130000000034
2026-08-28 18:58:00,11393.130000000034,11393.130000000034
2026-08-28 19:58:00,11393.130000000034,11393.130000000034
2026-08-28 20:58:00,11393.130000000034,11393.130000000034
2026-08-28 21:58:00,11393.130000000034,11393.130000000034
2026-08-28 22:58:00,11393.130000000034,11393.130000000034
2026-08-28 23:58:00,11393.130000000034,11393.130000000034
2026-08-31 01:59:00,11393.130000000034,11393.130000000034
2026-08-31 02:59:00,11393.130000000034,11393.130000000034
2026-08-31 03:59:00,11393.130000000034,11393.130000000034
2026-08-31 04:59:00,11393.130000000034,11393.130000000034
2026-08-31 05:59:00,11392.920000000035,11428.170000000035
2026-08-31 06:59:00,11392.920000000035,11427.300000000036
2026-08-31 07:59:00,11406.090000000031,11520.03000000003
2026-08-31 08:59:00,11480.74000000003,11655.820000000027
2026-08-31 09:59:00,11522.44000000003,11607.04000000003
2026-08-31 10:59:00,11522.44000000003,11618.92000000003
2026-08-31 11:59:00,11522.44000000003,11595.850000000031
2026-08-31 12:59:00,11522.44000000003,11624.71000000003
2026-08-31 13:59:00,11522.44000000003,11650.630000000028
2026-08-31 14:59:00,11522.44000000003,11655.31000000003
2026-08-31 15:59:00,11522.44000000003,11596.42000000003
2026-08-31 16:59:00,11522.44000000003,11544.46000000003
2026-08-31 17:59:00,11522.44000000003,11583.010000000028
2026-08-31 18:59:00,11522.44000000003,11566.81000000003
2026-08-31 19:59:00,11522.44000000003,11587.81000000003
2026-08-31 20:59:00,11522.44000000003,11597.740000000027
2026-08-31 21:59:00,11522.44000000003,11580.790000000028
2026-08-31 22:59:00,11522.44000000003,11648.140000000029
2026-09-01 01:00:00,11520.94000000003,11636.50000000003
2026-09-01 02:00:00,11520.94000000003,11626.42000000003
2026-09-01 03:00:00,11520.94000000003,11627.260000000028
2026-09-01 04:00:00,11520.94000000003,11644.810000000029
2026-09-01 05:00:00,11520.94000000003,11620.81000000003
2026-09-01 06:00:00,11520.94000000003,11615.020000000028
2026-09-01 07:00:00,11520.94000000003,11599.390000000029
2026-09-01 08:00:00,11520.94000000003,11565.910000000029
2026-09-01 09:00:00,11520.94000000003,11607.490000000027
2026-09-01 10:00:00,11520.94000000003,11580.04000000003
2026-09-01 11:00:00,11520.94000000003,11536.510000000028
2026-09-01 12:00:00,11407.03000000003,11407.03000000003
2026-09-01 13:00:00,11407.03000000003,11407.03000000003
2026-09-01 14:00:00,11407.03000000003,11407.03000000003
2026-09-01 15:00:00,11407.03000000003,11407.03000000003
2026-09-01 16:00:00,11407.03000000003,11407.03000000003
2026-09-01 17:00:00,11407.03000000003,11407.03000000003
2026-09-01 18:00:00,11407.03000000003,11407.03000000003
2026-09-01 19:00:00,11407.03000000003,11407.03000000003
2026-09-01 20:00:00,11407.03000000003,11407.03000000003
2026-09-01 21:00:00,11407.03000000003,11407.03000000003
2026-09-01 22:00:00,11407.03000000003,11407.03000000003
2026-09-01 23:00:00,11407.03000000003,11407.03000000003
2026-09-02 01:01:00,11407.03000000003,11407.03000000003
2026-09-02 02:01:00,11407.03000000003,11407.03000000003
2026-09-02 03:01:00,11407.03000000003,11407.03000000003
2026-09-02 04:01:00,11407.03000000003,11407.03000000003
2026-09-02 05:01:00,11407.03000000003,11407.03000000003
2026-09-02 06:01:00,11407.03000000003,11407.03000000003
2026-09-02 07:01:00,11407.03000000003,11407.03000000003
2026-09-02 08:01:00,11407.03000000003,11407.03000000003
2026-09-02 09:01:00,11407.03000000003,11407.03000000003
2026-09-02 10:01:00,11407.03000000003,11407.03000000003
2026-09-02 11:01:00,11407.03000000003,11407.03000000003
2026-09-02 12:01:00,11407.03000000003,11407.03000000003
2026-09-02 13:01:00,11407.03000000003,11407.03000000003
2026-09-02 14:01:00,11407.03000000003,11407.03000000003
2026-09-02 15:01:00,11407.03000000003,11407.03000000003
2026-09-02 16:01:00,11407.03000000003,11407.03000000003
2026-09-02 17:01:00,11407.03000000003,11407.03000000003
2026-09-02 18:01:00,11296.780000000035,11296.780000000035
2026-09-02 19:01:00,11296.780000000035,11296.780000000035
2026-09-02 20:01:00,11296.780000000035,11296.780000000035
2026-09-02 21:01:00,11296.780000000035,11296.780000000035
2026-09-02 22:01:00,11296.780000000035,11296.780000000035
2026-09-02 23:01:00,11296.780000000035,11296.780000000035
2026-09-03 01:02:00,11296.780000000035,11296.780000000035
2026-09-03 02:02:00,11296.780000000035,11296.780000000035
2026-09-03 03:02:00,11296.780000000035,11296.780000000035
2026-09-03 04:02:00,11296.780000000035,11296.780000000035
2026-09-03 05:02:00,11296.780000000035,11296.780000000035
2026-09-03 06:02:00,11296.780000000035,11296.780000000035
2026-09-03 07:02:00,11296.780000000035,11296.780000000035
2026-09-03 08:02:00,11296.780000000035,11296.780000000035
2026-09-03 09:02:00,11296.780000000035,11296.780000000035
2026-09-03 10:02:00,11296.780000000035,11296.780000000035
2026-09-03 11:02:00,11296.780000000035,11296.780000000035
2026-09-03 12:02:00,11296.780000000035,11296.780000000035
2026-09-03 13:02:00,11296.780000000035,11296.780000000035
2026-09-03 14:02:00,11296.780000000035,11296.780000000035
2026-09-03 15:02:00,11296.780000000035,11296.780000000035
2026-09-03 16:02:00,11296.570000000036,11288.800000000036
2026-09-03 17:02:00,11296.570000000036,11358.310000000036
2026-09-03 18:02:00,11296.570000000036,11284.570000000036
2026-09-03 19:02:00,11296.570000000036,11281.570000000036
2026-09-03 20:02:00,11296.570000000036,11307.940000000035
2026-09-03 21:02:00,11296.570000000036,11294.260000000038
2026-09-03 22:02:00,11296.570000000036,11335.240000000038
2026-09-03 23:02:00,11296.570000000036,11342.110000000037
2026-09-04 01:03:00,11297.020000000037,11328.910000000036
2026-09-04 02:03:00,11297.020000000037,11330.200000000037
2026-09-04 03:03:00,11297.020000000037,11321.380000000037
2026-09-04 04:03:00,11297.020000000037,11321.080000000038
2026-09-04 05:03:00,11297.020000000037,11317.750000000036
2026-09-04 06:03:00,11297.020000000037,11330.590000000038
2026-09-04 07:03:00,11297.020000000037,11356.930000000037
2026-09-04 08:03:00,11297.020000000037,11344.330000000038
2026-09-04 09:03:00,11297.020000000037,11349.130000000036
2026-09-04 10:03:00,11297.020000000037,11361.730000000036
2026-09-04 11:03:00,11297.020000000037,11307.220000000036
2026-09-04 12:03:00,11297.020000000037,11324.350000000035
2026-09-04 13:03:00,11297.020000000037,11357.140000000036
2026-09-04 14:03:00,11297.020000000037,11346.670000000038
2026-09-04 15:03:00,11297.020000000037,11357.770000000037
2026-09-04 16:03:00,11517.400000000038,11517.400000000038
2026-09-04 17:03:00,11517.400000000038,11517.400000000038
2026-09-04 18:03:00,11517.400000000038,11517.400000000038
2026-09-04 19:03:00,11517.400000000038,11517.400000000038
2026-09-04 20:03:00,11517.400000000038,11517.400000000038
2026-09-04 21:03:00,11517.400000000038,11517.400000000038
2026-09-04 22:03:00,11517.400000000038,11517.400000000038
2026-09-04 23:03:00,11517.400000000038,11517.400000000038
2026-09-04 23:58:00,11517.400000000038,11517.400000000038
